year,district,li_name_source,li_name_2022,green_candidate_or_rule,blue_candidate_or_rule,green_votes,blue_votes,green_share,blue_share,score,source_file,mapping_status,notes
1994,士林區,三玉里,三玉里,陳水扁,趙少康＋黃大洲,1517,1695,47.229141,52.770859,-5.541719,data/raw/openfun/tw.gov.cec~txn~candidates-votes/1994/陳水扁-village-votes-page-2.json;data/raw/openfun/tw.gov.cec~txn~candidates-votes/1994/黃大洲-village-votes-page-2.json;data/raw/openfun/tw.gov.cec~txn~candidates-votes/1994/趙少康-village-votes-page-2.json,matched,exact-village-id; exact-village-id; exact-village-id
1994,士林區,仁勇里,仁勇里,陳水扁,趙少康＋黃大洲,1700,1452,53.934010,46.065990,7.868020,data/raw/openfun/tw.gov.cec~txn~candidates-votes/1994/陳水扁-village-votes-page-2.json;data/raw/openfun/tw.gov.cec~txn~candidates-votes/1994/黃大洲-village-votes-page-2.json;data/raw/openfun/tw.gov.cec~txn~candidates-votes/1994/趙少康-village-votes-page-2.json,matched,exact-village-id; exact-village-id; exact-village-id
1994,士林區,公館里,公館里,陳水扁,趙少康＋黃大洲,556,310,64.203233,35.796767,28.406467,data/raw/openfun/tw.gov.cec~txn~candidates-votes/1994/陳水扁-village-votes-page-2.json;data/raw/openfun/tw.gov.cec~txn~candidates-votes/1994/黃大洲-village-votes-page-2.json;data/raw/openfun/tw.gov.cec~txn~candidates-votes/1994/趙少康-village-votes-page-2.json,matched,exact-village-id; exact-village-id; exact-village-id
1994,士林區,天山里,天山里,陳水扁,趙少康＋黃大洲,1735,2201,44.080285,55.919715,-11.839431,data/raw/openfun/tw.gov.cec~txn~candidates-votes/1994/陳水扁-village-votes-page-2.json;data/raw/openfun/tw.gov.cec~txn~candidates-votes/1994/黃大洲-village-votes-page-2.json;data/raw/openfun/tw.gov.cec~txn~candidates-votes/1994/趙少康-village-votes-page-2.json,matched,exact-village-id; exact-village-id; exact-village-id
1994,士林區,天母里,天母里,陳水扁,趙少康＋黃大洲,1562,2127,42.342098,57.657902,-15.315804,data/raw/openfun/tw.gov.cec~txn~candidates-votes/1994/陳水扁-village-votes-page-2.json;data/raw/openfun/tw.gov.cec~txn~candidates-votes/1994/黃大洲-village-votes-page-2.json;data/raw/openfun/tw.gov.cec~txn~candidates-votes/1994/趙少康-village-votes-page-2.json,matched,exact-village-id; exact-village-id; exact-village-id
1994,士林區,天玉里,天玉里,陳水扁,趙少康＋黃大洲,1989,2574,43.589744,56.410256,-12.820513,data/raw/openfun/tw.gov.cec~txn~candidates-votes/1994/陳水扁-village-votes-page-2.json;data/raw/openfun/tw.gov.cec~txn~candidates-votes/1994/黃大洲-village-votes-page-2.json;data/raw/openfun/tw.gov.cec~txn~candidates-votes/1994/趙少康-village-votes-page-2.json,matched,exact-village-id; exact-village-id; exact-village-id
1994,士林區,天和里,天和里,陳水扁,趙少康＋黃大洲,1752,2388,42.318841,57.681159,-15.362319,data/raw/openfun/tw.gov.cec~txn~candidates-votes/1994/陳水扁-village-votes-page-2.json;data/raw/openfun/tw.gov.cec~txn~candidates-votes/1994/黃大洲-village-votes-page-2.json;data/raw/openfun/tw.gov.cec~txn~candidates-votes/1994/趙少康-village-votes-page-2.json,matched,exact-village-id; exact-village-id; exact-village-id
1994,士林區,天祿里,天祿里,陳水扁,趙少康＋黃大洲,1420,1496,48.696845,51.303155,-2.606310,data/raw/openfun/tw.gov.cec~txn~candidates-votes/1994/陳水扁-village-votes-page-2.json;data/raw/openfun/tw.gov.cec~txn~candidates-votes/1994/黃大洲-village-votes-page-2.json;data/raw/openfun/tw.gov.cec~txn~candidates-votes/1994/趙少康-village-votes-page-2.json,matched,exact-village-id; exact-village-id; exact-village-id
1994,士林區,天壽里,天壽里,陳水扁,趙少康＋黃大洲,1226,1276,49.000799,50.999201,-1.998401,data/raw/openfun/tw.gov.cec~txn~candidates-votes/1994/陳水扁-village-votes-page-2.json;data/raw/openfun/tw.gov.cec~txn~candidates-votes/1994/黃大洲-village-votes-page-2.json;data/raw/openfun/tw.gov.cec~txn~candidates-votes/1994/趙少康-village-votes-page-2.json,matched,exact-village-id; exact-village-id; exact-village-id
1994,士林區,天福里,天福里,陳水扁,趙少康＋黃大洲,1711,2013,45.945220,54.054780,-8.109560,data/raw/openfun/tw.gov.cec~txn~candidates-votes/1994/陳水扁-village-votes-page-2.json;data/raw/openfun/tw.gov.cec~txn~candidates-votes/1994/黃大洲-village-votes-page-2.json;data/raw/openfun/tw.gov.cec~txn~candidates-votes/1994/趙少康-village-votes-page-2.json,matched,exact-village-id; exact-village-id; exact-village-id
1994,士林區,平等里,平等里,陳水扁,趙少康＋黃大洲,744,230,76.386037,23.613963,52.772074,data/raw/openfun/tw.gov.cec~txn~candidates-votes/1994/陳水扁-village-votes-page-2.json;data/raw/openfun/tw.gov.cec~txn~candidates-votes/1994/黃大洲-village-votes-page-2.json;data/raw/openfun/tw.gov.cec~txn~candidates-votes/1994/趙少康-village-votes-page-2.json,matched,exact-village-id; exact-village-id; exact-village-id
1994,士林區,永倫里,永倫里,陳水扁,趙少康＋黃大洲,2791,1811,60.647545,39.352455,21.295089,data/raw/openfun/tw.gov.cec~txn~candidates-votes/1994/陳水扁-village-votes-page-2.json;data/raw/openfun/tw.gov.cec~txn~candidates-votes/1994/黃大洲-village-votes-page-2.json;data/raw/openfun/tw.gov.cec~txn~candidates-votes/1994/趙少康-village-votes-page-2.json,matched,exact-village-id; exact-village-id; exact-village-id
1994,士林區,永福里,永福里,陳水扁,趙少康＋黃大洲,476,329,59.130435,40.869565,18.260870,data/raw/openfun/tw.gov.cec~txn~candidates-votes/1994/陳水扁-village-votes-page-2.json;data/raw/openfun/tw.gov.cec~txn~candidates-votes/1994/黃大洲-village-votes-page-2.json;data/raw/openfun/tw.gov.cec~txn~candidates-votes/1994/趙少康-village-votes-page-2.json,matched,exact-village-id; exact-village-id; exact-village-id
1994,士林區,名山里,名山里,陳水扁,趙少康＋黃大洲,1718,2162,44.278351,55.721649,-11.443299,data/raw/openfun/tw.gov.cec~txn~candidates-votes/1994/陳水扁-village-votes-page-2.json;data/raw/openfun/tw.gov.cec~txn~candidates-votes/1994/黃大洲-village-votes-page-2.json;data/raw/openfun/tw.gov.cec~txn~candidates-votes/1994/趙少康-village-votes-page-2.json,matched,exact-village-id; exact-village-id; exact-village-id
1994,士林區,百齡里,百齡里,陳水扁,趙少康＋黃大洲,2445,1873,56.623437,43.376563,13.246874,data/raw/openfun/tw.gov.cec~txn~candidates-votes/1994/陳水扁-village-votes-page-2.json;data/raw/openfun/tw.gov.cec~txn~candidates-votes/1994/黃大洲-village-votes-page-2.json;data/raw/openfun/tw.gov.cec~txn~candidates-votes/1994/趙少康-village-votes-page-2.json,matched,exact-village-id; exact-village-id; exact-village-id
1994,士林區,岩山里,岩山里,陳水扁,趙少康＋黃大洲,1036,1587,39.496759,60.503241,-21.006481,data/raw/openfun/tw.gov.cec~txn~candidates-votes/1994/陳水扁-village-votes-page-2.json;data/raw/openfun/tw.gov.cec~txn~candidates-votes/1994/黃大洲-village-votes-page-2.json;data/raw/openfun/tw.gov.cec~txn~candidates-votes/1994/趙少康-village-votes-page-2.json,matched,exact-village-id; exact-village-id; exact-village-id
1994,士林區,忠誠里,忠誠里,陳水扁,趙少康＋黃大洲,1024,2475,29.265504,70.734496,-41.468991,data/raw/openfun/tw.gov.cec~txn~candidates-votes/1994/陳水扁-village-votes-page-2.json;data/raw/openfun/tw.gov.cec~txn~candidates-votes/1994/黃大洲-village-votes-page-2.json;data/raw/openfun/tw.gov.cec~txn~candidates-votes/1994/趙少康-village-votes-page-2.json,matched,exact-village-id; exact-village-id; exact-village-id
1994,士林區,承德里,承德里,陳水扁,趙少康＋黃大洲,1274,1189,51.725538,48.274462,3.451076,data/raw/openfun/tw.gov.cec~txn~candidates-votes/1994/陳水扁-village-votes-page-2.json;data/raw/openfun/tw.gov.cec~txn~candidates-votes/1994/黃大洲-village-votes-page-2.json;data/raw/openfun/tw.gov.cec~txn~candidates-votes/1994/趙少康-village-votes-page-2.json,matched,exact-village-id; exact-village-id; exact-village-id
1994,士林區,明勝里,明勝里,陳水扁,趙少康＋黃大洲,1609,1349,54.394861,45.605139,8.789723,data/raw/openfun/tw.gov.cec~txn~candidates-votes/1994/陳水扁-village-votes-page-2.json;data/raw/openfun/tw.gov.cec~txn~candidates-votes/1994/黃大洲-village-votes-page-2.json;data/raw/openfun/tw.gov.cec~txn~candidates-votes/1994/趙少康-village-votes-page-2.json,matched,exact-village-id; exact-village-id; exact-village-id
1994,士林區,東山里,東山里,陳水扁,趙少康＋黃大洲,1145,1921,37.345075,62.654925,-25.309850,data/raw/openfun/tw.gov.cec~txn~candidates-votes/1994/陳水扁-village-votes-page-2.json;data/raw/openfun/tw.gov.cec~txn~candidates-votes/1994/黃大洲-village-votes-page-2.json;data/raw/openfun/tw.gov.cec~txn~candidates-votes/1994/趙少康-village-votes-page-2.json,matched,exact-village-id; exact-village-id; exact-village-id
1994,士林區,社子里,社子里,陳水扁,趙少康＋黃大洲,2207,1600,57.972157,42.027843,15.944313,data/raw/openfun/tw.gov.cec~txn~candidates-votes/1994/陳水扁-village-votes-page-2.json;data/raw/openfun/tw.gov.cec~txn~candidates-votes/1994/黃大洲-village-votes-page-2.json;data/raw/openfun/tw.gov.cec~txn~candidates-votes/1994/趙少康-village-votes-page-2.json,matched,exact-village-id; exact-village-id; exact-village-id
1994,士林區,社園里,社園里,陳水扁,趙少康＋黃大洲,2478,1665,59.811731,40.188269,19.623461,data/raw/openfun/tw.gov.cec~txn~candidates-votes/1994/陳水扁-village-votes-page-2.json;data/raw/openfun/tw.gov.cec~txn~candidates-votes/1994/黃大洲-village-votes-page-2.json;data/raw/openfun/tw.gov.cec~txn~candidates-votes/1994/趙少康-village-votes-page-2.json,matched,exact-village-id; exact-village-id; exact-village-id
1994,士林區,社新里,社新里,陳水扁,趙少康＋黃大洲,3039,1912,61.381539,38.618461,22.763078,data/raw/openfun/tw.gov.cec~txn~candidates-votes/1994/陳水扁-village-votes-page-2.json;data/raw/openfun/tw.gov.cec~txn~candidates-votes/1994/黃大洲-village-votes-page-2.json;data/raw/openfun/tw.gov.cec~txn~candidates-votes/1994/趙少康-village-votes-page-2.json,matched,exact-village-id; exact-village-id; exact-village-id
1994,士林區,芝山里,芝山里,陳水扁,趙少康＋黃大洲,1720,2045,45.683931,54.316069,-8.632138,data/raw/openfun/tw.gov.cec~txn~candidates-votes/1994/陳水扁-village-votes-page-2.json;data/raw/openfun/tw.gov.cec~txn~candidates-votes/1994/黃大洲-village-votes-page-2.json;data/raw/openfun/tw.gov.cec~txn~candidates-votes/1994/趙少康-village-votes-page-2.json,matched,exact-village-id; exact-village-id; exact-village-id
1994,士林區,前港里,前港里,陳水扁,趙少康＋黃大洲,1384,1024,57.475083,42.524917,14.950166,data/raw/openfun/tw.gov.cec~txn~candidates-votes/1994/陳水扁-village-votes-page-2.json;data/raw/openfun/tw.gov.cec~txn~candidates-votes/1994/黃大洲-village-votes-page-2.json;data/raw/openfun/tw.gov.cec~txn~candidates-votes/1994/趙少康-village-votes-page-2.json,matched,exact-village-id; exact-village-id; exact-village-id
1994,士林區,後港里,後港里,陳水扁,趙少康＋黃大洲,2814,2062,57.711239,42.288761,15.422477,data/raw/openfun/tw.gov.cec~txn~candidates-votes/1994/陳水扁-village-votes-page-2.json;data/raw/openfun/tw.gov.cec~txn~candidates-votes/1994/黃大洲-village-votes-page-2.json;data/raw/openfun/tw.gov.cec~txn~candidates-votes/1994/趙少康-village-votes-page-2.json,matched,exact-village-id; exact-village-id; exact-village-id
1994,士林區,富光里,富光里,陳水扁,趙少康＋黃大洲,2275,1390,62.073670,37.926330,24.147340,data/raw/openfun/tw.gov.cec~txn~candidates-votes/1994/陳水扁-village-votes-page-2.json;data/raw/openfun/tw.gov.cec~txn~candidates-votes/1994/黃大洲-village-votes-page-2.json;data/raw/openfun/tw.gov.cec~txn~candidates-votes/1994/趙少康-village-votes-page-2.json,matched,exact-village-id; exact-village-id; exact-village-id
1994,士林區,富洲里,富洲里,陳水扁,趙少康＋黃大洲,2304,1028,69.147659,30.852341,38.295318,data/raw/openfun/tw.gov.cec~txn~candidates-votes/1994/陳水扁-village-votes-page-2.json;data/raw/openfun/tw.gov.cec~txn~candidates-votes/1994/黃大洲-village-votes-page-2.json;data/raw/openfun/tw.gov.cec~txn~candidates-votes/1994/趙少康-village-votes-page-2.json,matched,exact-village-id; exact-village-id; exact-village-id
1994,士林區,菁山里,菁山里,陳水扁,趙少康＋黃大洲,592,402,59.557344,40.442656,19.114688,data/raw/openfun/tw.gov.cec~txn~candidates-votes/1994/陳水扁-village-votes-page-2.json;data/raw/openfun/tw.gov.cec~txn~candidates-votes/1994/黃大洲-village-votes-page-2.json;data/raw/openfun/tw.gov.cec~txn~candidates-votes/1994/趙少康-village-votes-page-2.json,matched,exact-village-id; exact-village-id; exact-village-id
1994,士林區,陽明里,陽明里,陳水扁,趙少康＋黃大洲,814,1075,43.091583,56.908417,-13.816834,data/raw/openfun/tw.gov.cec~txn~candidates-votes/1994/陳水扁-village-votes-page-2.json;data/raw/openfun/tw.gov.cec~txn~candidates-votes/1994/黃大洲-village-votes-page-2.json;data/raw/openfun/tw.gov.cec~txn~candidates-votes/1994/趙少康-village-votes-page-2.json,matched,exact-village-id; exact-village-id; exact-village-id
1994,士林區,新安里,新安里,陳水扁,趙少康＋黃大洲,746,509,59.442231,40.557769,18.884462,data/raw/openfun/tw.gov.cec~txn~candidates-votes/1994/陳水扁-village-votes-page-2.json;data/raw/openfun/tw.gov.cec~txn~candidates-votes/1994/黃大洲-village-votes-page-2.json;data/raw/openfun/tw.gov.cec~txn~candidates-votes/1994/趙少康-village-votes-page-2.json,matched,exact-village-id; exact-village-id; exact-village-id
1994,士林區,溪山里,溪山里,陳水扁,趙少康＋黃大洲,664,329,66.868077,33.131923,33.736153,data/raw/openfun/tw.gov.cec~txn~candidates-votes/1994/陳水扁-village-votes-page-2.json;data/raw/openfun/tw.gov.cec~txn~candidates-votes/1994/黃大洲-village-votes-page-2.json;data/raw/openfun/tw.gov.cec~txn~candidates-votes/1994/趙少康-village-votes-page-2.json,matched,exact-village-id; exact-village-id; exact-village-id
1994,士林區,義信里,義信里,陳水扁,趙少康＋黃大洲,939,886,51.452055,48.547945,2.904110,data/raw/openfun/tw.gov.cec~txn~candidates-votes/1994/陳水扁-village-votes-page-2.json;data/raw/openfun/tw.gov.cec~txn~candidates-votes/1994/黃大洲-village-votes-page-2.json;data/raw/openfun/tw.gov.cec~txn~candidates-votes/1994/趙少康-village-votes-page-2.json,matched,exact-village-id; exact-village-id; exact-village-id
1994,士林區,聖山里,聖山里,陳水扁,趙少康＋黃大洲,962,2002,32.456140,67.543860,-35.087719,data/raw/openfun/tw.gov.cec~txn~candidates-votes/1994/陳水扁-village-votes-page-2.json;data/raw/openfun/tw.gov.cec~txn~candidates-votes/1994/黃大洲-village-votes-page-2.json;data/raw/openfun/tw.gov.cec~txn~candidates-votes/1994/趙少康-village-votes-page-2.json,matched,exact-village-id; exact-village-id; exact-village-id
1994,士林區,葫東里,葫東里,陳水扁,趙少康＋黃大洲,1613,868,65.014107,34.985893,30.028214,data/raw/openfun/tw.gov.cec~txn~candidates-votes/1994/陳水扁-village-votes-page-2.json;data/raw/openfun/tw.gov.cec~txn~candidates-votes/1994/黃大洲-village-votes-page-2.json;data/raw/openfun/tw.gov.cec~txn~candidates-votes/1994/趙少康-village-votes-page-2.json,matched,exact-village-id; exact-village-id; exact-village-id
1994,士林區,葫蘆里,葫蘆里,陳水扁,趙少康＋黃大洲,2475,2289,51.952141,48.047859,3.904282,data/raw/openfun/tw.gov.cec~txn~candidates-votes/1994/陳水扁-village-votes-page-2.json;data/raw/openfun/tw.gov.cec~txn~candidates-votes/1994/黃大洲-village-votes-page-2.json;data/raw/openfun/tw.gov.cec~txn~candidates-votes/1994/趙少康-village-votes-page-2.json,matched,exact-village-id; exact-village-id; exact-village-id
1994,士林區,福中里,福中里,陳水扁,趙少康＋黃大洲,1960,1349,59.232396,40.767604,18.464793,data/raw/openfun/tw.gov.cec~txn~candidates-votes/1994/陳水扁-village-votes-page-2.json;data/raw/openfun/tw.gov.cec~txn~candidates-votes/1994/黃大洲-village-votes-page-2.json;data/raw/openfun/tw.gov.cec~txn~candidates-votes/1994/趙少康-village-votes-page-2.json,matched,exact-village-id; exact-village-id; exact-village-id
1994,士林區,福安里,福安里,陳水扁,趙少康＋黃大洲,2413,674,78.166505,21.833495,56.333009,data/raw/openfun/tw.gov.cec~txn~candidates-votes/1994/陳水扁-village-votes-page-2.json;data/raw/openfun/tw.gov.cec~txn~candidates-votes/1994/黃大洲-village-votes-page-2.json;data/raw/openfun/tw.gov.cec~txn~candidates-votes/1994/趙少康-village-votes-page-2.json,matched,exact-village-id; exact-village-id; exact-village-id
1994,士林區,福志里,福志里,陳水扁,趙少康＋黃大洲,1975,2846,40.966604,59.033396,-18.066791,data/raw/openfun/tw.gov.cec~txn~candidates-votes/1994/陳水扁-village-votes-page-2.json;data/raw/openfun/tw.gov.cec~txn~candidates-votes/1994/黃大洲-village-votes-page-2.json;data/raw/openfun/tw.gov.cec~txn~candidates-votes/1994/趙少康-village-votes-page-2.json,matched,exact-village-id; exact-village-id; exact-village-id
1994,士林區,福佳里,福佳里,陳水扁,趙少康＋黃大洲,2475,2200,52.941176,47.058824,5.882353,data/raw/openfun/tw.gov.cec~txn~candidates-votes/1994/陳水扁-village-votes-page-2.json;data/raw/openfun/tw.gov.cec~txn~candidates-votes/1994/黃大洲-village-votes-page-2.json;data/raw/openfun/tw.gov.cec~txn~candidates-votes/1994/趙少康-village-votes-page-2.json,matched,exact-village-id; exact-village-id; exact-village-id
1994,士林區,福林里,福林里,陳水扁,趙少康＋黃大洲,1102,1766,38.423989,61.576011,-23.152022,data/raw/openfun/tw.gov.cec~txn~candidates-votes/1994/陳水扁-village-votes-page-2.json;data/raw/openfun/tw.gov.cec~txn~candidates-votes/1994/黃大洲-village-votes-page-2.json;data/raw/openfun/tw.gov.cec~txn~candidates-votes/1994/趙少康-village-votes-page-2.json,matched,exact-village-id; exact-village-id; exact-village-id
1994,士林區,福華里,福華里,陳水扁,趙少康＋黃大洲,2029,2276,47.131243,52.868757,-5.737515,data/raw/openfun/tw.gov.cec~txn~candidates-votes/1994/陳水扁-village-votes-page-2.json;data/raw/openfun/tw.gov.cec~txn~candidates-votes/1994/黃大洲-village-votes-page-2.json;data/raw/openfun/tw.gov.cec~txn~candidates-votes/1994/趙少康-village-votes-page-2.json,matched,exact-village-id; exact-village-id; exact-village-id
1994,士林區,福順里,福順里,陳水扁,趙少康＋黃大洲,2324,1343,63.376057,36.623943,26.752113,data/raw/openfun/tw.gov.cec~txn~candidates-votes/1994/陳水扁-village-votes-page-2.json;data/raw/openfun/tw.gov.cec~txn~candidates-votes/1994/黃大洲-village-votes-page-2.json;data/raw/openfun/tw.gov.cec~txn~candidates-votes/1994/趙少康-village-votes-page-2.json,matched,exact-village-id; exact-village-id; exact-village-id
1994,士林區,福德里,福德里,陳水扁,趙少康＋黃大洲,1253,1380,47.588302,52.411698,-4.823395,data/raw/openfun/tw.gov.cec~txn~candidates-votes/1994/陳水扁-village-votes-page-2.json;data/raw/openfun/tw.gov.cec~txn~candidates-votes/1994/黃大洲-village-votes-page-2.json;data/raw/openfun/tw.gov.cec~txn~candidates-votes/1994/趙少康-village-votes-page-2.json,matched,exact-village-id; exact-village-id; exact-village-id
1994,士林區,翠山里,翠山里,陳水扁,趙少康＋黃大洲,1069,2769,27.853048,72.146952,-44.293903,data/raw/openfun/tw.gov.cec~txn~candidates-votes/1994/陳水扁-village-votes-page-2.json;data/raw/openfun/tw.gov.cec~txn~candidates-votes/1994/黃大洲-village-votes-page-2.json;data/raw/openfun/tw.gov.cec~txn~candidates-votes/1994/趙少康-village-votes-page-2.json,matched,exact-village-id; exact-village-id; exact-village-id
1994,士林區,德行里,德行里,陳水扁,趙少康＋黃大洲,1300,1148,53.104575,46.895425,6.209150,data/raw/openfun/tw.gov.cec~txn~candidates-votes/1994/陳水扁-village-votes-page-2.json;data/raw/openfun/tw.gov.cec~txn~candidates-votes/1994/黃大洲-village-votes-page-2.json;data/raw/openfun/tw.gov.cec~txn~candidates-votes/1994/趙少康-village-votes-page-2.json,matched,exact-village-id; exact-village-id; exact-village-id
1994,士林區,德華里,德華里,陳水扁,趙少康＋黃大洲,1756,1623,51.968038,48.031962,3.936076,data/raw/openfun/tw.gov.cec~txn~candidates-votes/1994/陳水扁-village-votes-page-2.json;data/raw/openfun/tw.gov.cec~txn~candidates-votes/1994/黃大洲-village-votes-page-2.json;data/raw/openfun/tw.gov.cec~txn~candidates-votes/1994/趙少康-village-votes-page-2.json,matched,exact-village-id; exact-village-id; exact-village-id
1994,士林區,舊佳里,舊佳里,陳水扁,趙少康＋黃大洲,2248,2031,52.535639,47.464361,5.071278,data/raw/openfun/tw.gov.cec~txn~candidates-votes/1994/陳水扁-village-votes-page-2.json;data/raw/openfun/tw.gov.cec~txn~candidates-votes/1994/黃大洲-village-votes-page-2.json;data/raw/openfun/tw.gov.cec~txn~candidates-votes/1994/趙少康-village-votes-page-2.json,matched,exact-village-id; exact-village-id; exact-village-id
1994,士林區,蘭雅里,蘭雅里,陳水扁,趙少康＋黃大洲,2402,2489,49.110611,50.889389,-1.778777,data/raw/openfun/tw.gov.cec~txn~candidates-votes/1994/陳水扁-village-votes-page-2.json;data/raw/openfun/tw.gov.cec~txn~candidates-votes/1994/黃大洲-village-votes-page-2.json;data/raw/openfun/tw.gov.cec~txn~candidates-votes/1994/趙少康-village-votes-page-2.json,matched,exact-village-id; exact-village-id; exact-village-id
1994,士林區,蘭興里,蘭興里,陳水扁,趙少康＋黃大洲,1827,1635,52.772964,47.227036,5.545927,data/raw/openfun/tw.gov.cec~txn~candidates-votes/1994/陳水扁-village-votes-page-2.json;data/raw/openfun/tw.gov.cec~txn~candidates-votes/1994/黃大洲-village-votes-page-2.json;data/raw/openfun/tw.gov.cec~txn~candidates-votes/1994/趙少康-village-votes-page-2.json,matched,exact-village-id; exact-village-id; exact-village-id
1994,大同區,大有里,大有里,陳水扁,趙少康＋黃大洲,1914,1244,60.607980,39.392020,21.215959,data/raw/openfun/tw.gov.cec~txn~candidates-votes/1994/陳水扁-village-votes-page-2.json;data/raw/openfun/tw.gov.cec~txn~candidates-votes/1994/黃大洲-village-votes-page-2.json;data/raw/openfun/tw.gov.cec~txn~candidates-votes/1994/趙少康-village-votes-page-2.json,matched,exact-village-id; exact-village-id; exact-village-id
1994,大同區,民權里,民權里,陳水扁,趙少康＋黃大洲,2078,2006,50.881489,49.118511,1.762977,data/raw/openfun/tw.gov.cec~txn~candidates-votes/1994/陳水扁-village-votes-page-2.json;data/raw/openfun/tw.gov.cec~txn~candidates-votes/1994/黃大洲-village-votes-page-2.json;data/raw/openfun/tw.gov.cec~txn~candidates-votes/1994/趙少康-village-votes-page-2.json,matched,exact-village-id; exact-village-id; exact-village-id
1994,大同區,永樂里,永樂里,陳水扁,趙少康＋黃大洲,1868,1324,58.521303,41.478697,17.042607,data/raw/openfun/tw.gov.cec~txn~candidates-votes/1994/陳水扁-village-votes-page-2.json;data/raw/openfun/tw.gov.cec~txn~candidates-votes/1994/黃大洲-village-votes-page-2.json;data/raw/openfun/tw.gov.cec~txn~candidates-votes/1994/趙少康-village-votes-page-2.json,matched,exact-village-id; exact-village-id; exact-village-id
1994,大同區,玉泉里,玉泉里,陳水扁,趙少康＋黃大洲,1128,1278,46.882793,53.117207,-6.234414,data/raw/openfun/tw.gov.cec~txn~candidates-votes/1994/陳水扁-village-votes-page-1.json;data/raw/openfun/tw.gov.cec~txn~candidates-votes/1994/黃大洲-village-votes-page-1.json;data/raw/openfun/tw.gov.cec~txn~candidates-votes/1994/趙少康-village-votes-page-1.json,matched,exact-village-id; exact-village-id; exact-village-id
1994,大同區,光能里,光能里,陳水扁,趙少康＋黃大洲,2146,1320,61.915753,38.084247,23.831506,data/raw/openfun/tw.gov.cec~txn~candidates-votes/1994/陳水扁-village-votes-page-2.json;data/raw/openfun/tw.gov.cec~txn~candidates-votes/1994/黃大洲-village-votes-page-2.json;data/raw/openfun/tw.gov.cec~txn~candidates-votes/1994/趙少康-village-votes-page-2.json,matched,exact-village-id; exact-village-id; exact-village-id
1994,大同區,老師里,老師里,陳水扁,趙少康＋黃大洲,1797,1164,60.688956,39.311044,21.377913,data/raw/openfun/tw.gov.cec~txn~candidates-votes/1994/陳水扁-village-votes-page-2.json;data/raw/openfun/tw.gov.cec~txn~candidates-votes/1994/黃大洲-village-votes-page-2.json;data/raw/openfun/tw.gov.cec~txn~candidates-votes/1994/趙少康-village-votes-page-2.json,matched,exact-village-id; exact-village-id; exact-village-id
1994,大同區,至聖里,至聖里,陳水扁,趙少康＋黃大洲,3010,2121,58.663029,41.336971,17.326057,data/raw/openfun/tw.gov.cec~txn~candidates-votes/1994/陳水扁-village-votes-page-2.json;data/raw/openfun/tw.gov.cec~txn~candidates-votes/1994/黃大洲-village-votes-page-2.json;data/raw/openfun/tw.gov.cec~txn~candidates-votes/1994/趙少康-village-votes-page-2.json,matched,exact-village-id; exact-village-id; exact-village-id
1994,大同區,延平里,延平里,陳水扁,趙少康＋黃大洲,1255,940,57.175399,42.824601,14.350797,data/raw/openfun/tw.gov.cec~txn~candidates-votes/1994/陳水扁-village-votes-page-2.json;data/raw/openfun/tw.gov.cec~txn~candidates-votes/1994/黃大洲-village-votes-page-2.json;data/raw/openfun/tw.gov.cec~txn~candidates-votes/1994/趙少康-village-votes-page-2.json,matched,exact-village-id; exact-village-id; exact-village-id
1994,大同區,保安里,保安里,陳水扁,趙少康＋黃大洲,2289,1561,59.454545,40.545455,18.909091,data/raw/openfun/tw.gov.cec~txn~candidates-votes/1994/陳水扁-village-votes-page-2.json;data/raw/openfun/tw.gov.cec~txn~candidates-votes/1994/黃大洲-village-votes-page-2.json;data/raw/openfun/tw.gov.cec~txn~candidates-votes/1994/趙少康-village-votes-page-2.json,matched,exact-village-id; exact-village-id; exact-village-id
1994,大同區,南芳里,南芳里,陳水扁,趙少康＋黃大洲,1494,1032,59.144893,40.855107,18.289786,data/raw/openfun/tw.gov.cec~txn~candidates-votes/1994/陳水扁-village-votes-page-2.json;data/raw/openfun/tw.gov.cec~txn~candidates-votes/1994/黃大洲-village-votes-page-2.json;data/raw/openfun/tw.gov.cec~txn~candidates-votes/1994/趙少康-village-votes-page-2.json,matched,exact-village-id; exact-village-id; exact-village-id
1994,大同區,建功里,建功里,陳水扁,趙少康＋黃大洲,1474,1063,58.100118,41.899882,16.200236,data/raw/openfun/tw.gov.cec~txn~candidates-votes/1994/陳水扁-village-votes-page-1.json;data/raw/openfun/tw.gov.cec~txn~candidates-votes/1994/黃大洲-village-votes-page-1.json;data/raw/openfun/tw.gov.cec~txn~candidates-votes/1994/趙少康-village-votes-page-1.json,matched,exact-village-id; exact-village-id; exact-village-id
1994,大同區,建明里,建明里,陳水扁,趙少康＋黃大洲,1463,973,60.057471,39.942529,20.114943,data/raw/openfun/tw.gov.cec~txn~candidates-votes/1994/陳水扁-village-votes-page-1.json;data/raw/openfun/tw.gov.cec~txn~candidates-votes/1994/黃大洲-village-votes-page-1.json;data/raw/openfun/tw.gov.cec~txn~candidates-votes/1994/趙少康-village-votes-page-1.json,matched,exact-village-id; exact-village-id; exact-village-id
1994,大同區,建泰里,建泰里,陳水扁,趙少康＋黃大洲,1329,833,61.470860,38.529140,22.941721,data/raw/openfun/tw.gov.cec~txn~candidates-votes/1994/陳水扁-village-votes-page-2.json;data/raw/openfun/tw.gov.cec~txn~candidates-votes/1994/黃大洲-village-votes-page-2.json;data/raw/openfun/tw.gov.cec~txn~candidates-votes/1994/趙少康-village-votes-page-2.json,matched,exact-village-id; exact-village-id; exact-village-id
1994,大同區,星明里,星明里,陳水扁,趙少康＋黃大洲,1623,1016,61.500568,38.499432,23.001137,data/raw/openfun/tw.gov.cec~txn~candidates-votes/1994/陳水扁-village-votes-page-2.json;data/raw/openfun/tw.gov.cec~txn~candidates-votes/1994/黃大洲-village-votes-page-2.json;data/raw/openfun/tw.gov.cec~txn~candidates-votes/1994/趙少康-village-votes-page-2.json,matched,exact-village-id; exact-village-id; exact-village-id
1994,大同區,重慶里,重慶里,陳水扁,趙少康＋黃大洲,1488,1130,56.837280,43.162720,13.674561,data/raw/openfun/tw.gov.cec~txn~candidates-votes/1994/陳水扁-village-votes-page-2.json;data/raw/openfun/tw.gov.cec~txn~candidates-votes/1994/黃大洲-village-votes-page-2.json;data/raw/openfun/tw.gov.cec~txn~candidates-votes/1994/趙少康-village-votes-page-2.json,matched,exact-village-id; exact-village-id; exact-village-id
1994,大同區,國順里,國順里,陳水扁,趙少康＋黃大洲,1906,939,66.994728,33.005272,33.989455,data/raw/openfun/tw.gov.cec~txn~candidates-votes/1994/陳水扁-village-votes-page-2.json;data/raw/openfun/tw.gov.cec~txn~candidates-votes/1994/黃大洲-village-votes-page-2.json;data/raw/openfun/tw.gov.cec~txn~candidates-votes/1994/趙少康-village-votes-page-2.json,matched,exact-village-id; exact-village-id; exact-village-id
1994,大同區,國慶里,國慶里,陳水扁,趙少康＋黃大洲,908,696,56.608479,43.391521,13.216958,data/raw/openfun/tw.gov.cec~txn~candidates-votes/1994/陳水扁-village-votes-page-2.json;data/raw/openfun/tw.gov.cec~txn~candidates-votes/1994/黃大洲-village-votes-page-2.json;data/raw/openfun/tw.gov.cec~txn~candidates-votes/1994/趙少康-village-votes-page-2.json,matched,exact-village-id; exact-village-id; exact-village-id
1994,大同區,揚雅里,揚雅里,陳水扁,趙少康＋黃大洲,1319,792,62.482236,37.517764,24.964472,data/raw/openfun/tw.gov.cec~txn~candidates-votes/1994/陳水扁-village-votes-page-2.json;data/raw/openfun/tw.gov.cec~txn~candidates-votes/1994/黃大洲-village-votes-page-2.json;data/raw/openfun/tw.gov.cec~txn~candidates-votes/1994/趙少康-village-votes-page-2.json,matched,exact-village-id; exact-village-id; exact-village-id
1994,大同區,斯文里,斯文里,陳水扁,趙少康＋黃大洲,1987,1245,61.478960,38.521040,22.957921,data/raw/openfun/tw.gov.cec~txn~candidates-votes/1994/陳水扁-village-votes-page-2.json;data/raw/openfun/tw.gov.cec~txn~candidates-votes/1994/黃大洲-village-votes-page-2.json;data/raw/openfun/tw.gov.cec~txn~candidates-votes/1994/趙少康-village-votes-page-2.json,matched,exact-village-id; exact-village-id; exact-village-id
1994,大同區,景星里,景星里,陳水扁,趙少康＋黃大洲,1292,719,64.246643,35.753357,28.493287,data/raw/openfun/tw.gov.cec~txn~candidates-votes/1994/陳水扁-village-votes-page-2.json;data/raw/openfun/tw.gov.cec~txn~candidates-votes/1994/黃大洲-village-votes-page-2.json;data/raw/openfun/tw.gov.cec~txn~candidates-votes/1994/趙少康-village-votes-page-2.json,matched,exact-village-id; exact-village-id; exact-village-id
1994,大同區,朝陽里,朝陽里,陳水扁,趙少康＋黃大洲,1237,917,57.428041,42.571959,14.856082,data/raw/openfun/tw.gov.cec~txn~candidates-votes/1994/陳水扁-village-votes-page-2.json;data/raw/openfun/tw.gov.cec~txn~candidates-votes/1994/黃大洲-village-votes-page-2.json;data/raw/openfun/tw.gov.cec~txn~candidates-votes/1994/趙少康-village-votes-page-2.json,matched,exact-village-id; exact-village-id; exact-village-id
1994,大同區,隆和里,隆和里,陳水扁,趙少康＋黃大洲,1301,824,61.223529,38.776471,22.447059,data/raw/openfun/tw.gov.cec~txn~candidates-votes/1994/陳水扁-village-votes-page-2.json;data/raw/openfun/tw.gov.cec~txn~candidates-votes/1994/黃大洲-village-votes-page-2.json;data/raw/openfun/tw.gov.cec~txn~candidates-votes/1994/趙少康-village-votes-page-2.json,matched,exact-village-id; exact-village-id; exact-village-id
1994,大同區,蓬萊里,蓬萊里,陳水扁,趙少康＋黃大洲,1809,1194,60.239760,39.760240,20.479520,data/raw/openfun/tw.gov.cec~txn~candidates-votes/1994/陳水扁-village-votes-page-2.json;data/raw/openfun/tw.gov.cec~txn~candidates-votes/1994/黃大洲-village-votes-page-2.json;data/raw/openfun/tw.gov.cec~txn~candidates-votes/1994/趙少康-village-votes-page-2.json,matched,exact-village-id; exact-village-id; exact-village-id
1994,大同區,鄰江里,鄰江里,陳水扁,趙少康＋黃大洲,2646,1490,63.974855,36.025145,27.949710,data/raw/openfun/tw.gov.cec~txn~candidates-votes/1994/陳水扁-village-votes-page-2.json;data/raw/openfun/tw.gov.cec~txn~candidates-votes/1994/黃大洲-village-votes-page-2.json;data/raw/openfun/tw.gov.cec~txn~candidates-votes/1994/趙少康-village-votes-page-2.json,matched,exact-village-id; exact-village-id; exact-village-id
1994,大同區,雙連里,雙連里,陳水扁,趙少康＋黃大洲,3323,2072,61.594069,38.405931,23.188137,data/raw/openfun/tw.gov.cec~txn~candidates-votes/1994/陳水扁-village-votes-page-2.json;data/raw/openfun/tw.gov.cec~txn~candidates-votes/1994/黃大洲-village-votes-page-2.json;data/raw/openfun/tw.gov.cec~txn~candidates-votes/1994/趙少康-village-votes-page-2.json,matched,exact-village-id; exact-village-id; exact-village-id
1994,大安區,大學里,大學里,陳水扁,趙少康＋黃大洲,1766,2952,37.431115,62.568885,-25.137770,data/raw/openfun/tw.gov.cec~txn~candidates-votes/1994/陳水扁-village-votes-page-1.json;data/raw/openfun/tw.gov.cec~txn~candidates-votes/1994/黃大洲-village-votes-page-1.json;data/raw/openfun/tw.gov.cec~txn~candidates-votes/1994/趙少康-village-votes-page-1.json,matched,exact-village-id; exact-village-id; exact-village-id
1994,大安區,仁愛里,仁愛里,陳水扁,趙少康＋黃大洲,1170,1827,39.039039,60.960961,-21.921922,data/raw/openfun/tw.gov.cec~txn~candidates-votes/1994/陳水扁-village-votes-page-1.json;data/raw/openfun/tw.gov.cec~txn~candidates-votes/1994/黃大洲-village-votes-page-1.json;data/raw/openfun/tw.gov.cec~txn~candidates-votes/1994/趙少康-village-votes-page-1.json,matched,exact-village-id; exact-village-id; exact-village-id
1994,大安區,仁慈里,仁慈里,陳水扁,趙少康＋黃大洲,982,1649,37.324211,62.675789,-25.351577,data/raw/openfun/tw.gov.cec~txn~candidates-votes/1994/陳水扁-village-votes-page-1.json;data/raw/openfun/tw.gov.cec~txn~candidates-votes/1994/黃大洲-village-votes-page-1.json;data/raw/openfun/tw.gov.cec~txn~candidates-votes/1994/趙少康-village-votes-page-1.json,matched,exact-village-id; exact-village-id; exact-village-id
1994,大安區,古風里,古風里,陳水扁,趙少康＋黃大洲,966,1392,40.966921,59.033079,-18.066158,data/raw/openfun/tw.gov.cec~txn~candidates-votes/1994/陳水扁-village-votes-page-1.json;data/raw/openfun/tw.gov.cec~txn~candidates-votes/1994/黃大洲-village-votes-page-1.json;data/raw/openfun/tw.gov.cec~txn~candidates-votes/1994/趙少康-village-votes-page-1.json,matched,exact-village-id; exact-village-id; exact-village-id
1994,大安區,古莊里,古莊里,陳水扁,趙少康＋黃大洲,1409,2313,37.855991,62.144009,-24.288017,data/raw/openfun/tw.gov.cec~txn~candidates-votes/1994/陳水扁-village-votes-page-1.json;data/raw/openfun/tw.gov.cec~txn~candidates-votes/1994/黃大洲-village-votes-page-1.json;data/raw/openfun/tw.gov.cec~txn~candidates-votes/1994/趙少康-village-votes-page-1.json,matched,exact-village-id; exact-village-id; exact-village-id
1994,大安區,正聲里,正聲里,陳水扁,趙少康＋黃大洲,902,1809,33.271855,66.728145,-33.456289,data/raw/openfun/tw.gov.cec~txn~candidates-votes/1994/陳水扁-village-votes-page-1.json;data/raw/openfun/tw.gov.cec~txn~candidates-votes/1994/黃大洲-village-votes-page-1.json;data/raw/openfun/tw.gov.cec~txn~candidates-votes/1994/趙少康-village-votes-page-1.json,matched,exact-village-id; exact-village-id; exact-village-id
1994,大安區,民炤里,民炤里,陳水扁,趙少康＋黃大洲,1881,2625,41.744341,58.255659,-16.511318,data/raw/openfun/tw.gov.cec~txn~candidates-votes/1994/陳水扁-village-votes-page-1.json;data/raw/openfun/tw.gov.cec~txn~candidates-votes/1994/黃大洲-village-votes-page-1.json;data/raw/openfun/tw.gov.cec~txn~candidates-votes/1994/趙少康-village-votes-page-1.json,matched,exact-village-id; exact-village-id; exact-village-id
1994,大安區,民輝里,民輝里,陳水扁,趙少康＋黃大洲,1398,1900,42.389327,57.610673,-15.221346,data/raw/openfun/tw.gov.cec~txn~candidates-votes/1994/陳水扁-village-votes-page-1.json;data/raw/openfun/tw.gov.cec~txn~candidates-votes/1994/黃大洲-village-votes-page-1.json;data/raw/openfun/tw.gov.cec~txn~candidates-votes/1994/趙少康-village-votes-page-1.json,matched,exact-village-id; exact-village-id; exact-village-id
1994,大安區,永康里,永康里,陳水扁,趙少康＋黃大洲,706,1200,37.040923,62.959077,-25.918153,data/raw/openfun/tw.gov.cec~txn~candidates-votes/1994/陳水扁-village-votes-page-1.json;data/raw/openfun/tw.gov.cec~txn~candidates-votes/1994/黃大洲-village-votes-page-1.json;data/raw/openfun/tw.gov.cec~txn~candidates-votes/1994/趙少康-village-votes-page-1.json,matched,exact-village-id; exact-village-id; exact-village-id
1994,大安區,光明里,光明里,陳水扁,趙少康＋黃大洲,874,1693,34.047526,65.952474,-31.904947,data/raw/openfun/tw.gov.cec~txn~candidates-votes/1994/陳水扁-village-votes-page-1.json;data/raw/openfun/tw.gov.cec~txn~candidates-votes/1994/黃大洲-village-votes-page-1.json;data/raw/openfun/tw.gov.cec~txn~candidates-votes/1994/趙少康-village-votes-page-1.json,matched,exact-village-id; exact-village-id; exact-village-id
1994,大安區,光武里,光武里,陳水扁,趙少康＋黃大洲,1603,2468,39.376075,60.623925,-21.247851,data/raw/openfun/tw.gov.cec~txn~candidates-votes/1994/陳水扁-village-votes-page-1.json;data/raw/openfun/tw.gov.cec~txn~candidates-votes/1994/黃大洲-village-votes-page-1.json;data/raw/openfun/tw.gov.cec~txn~candidates-votes/1994/趙少康-village-votes-page-1.json,matched,exact-village-id; exact-village-id; exact-village-id
1994,大安區,光信里,光信里,陳水扁,趙少康＋黃大洲,1771,2585,40.656566,59.343434,-18.686869,data/raw/openfun/tw.gov.cec~txn~candidates-votes/1994/陳水扁-village-votes-page-1.json;data/raw/openfun/tw.gov.cec~txn~candidates-votes/1994/黃大洲-village-votes-page-1.json;data/raw/openfun/tw.gov.cec~txn~candidates-votes/1994/趙少康-village-votes-page-1.json,matched,exact-village-id; exact-village-id; exact-village-id
1994,大安區,全安里,全安里,陳水扁,趙少康＋黃大洲,894,1636,35.335968,64.664032,-29.328063,data/raw/openfun/tw.gov.cec~txn~candidates-votes/1994/陳水扁-village-votes-page-1.json;data/raw/openfun/tw.gov.cec~txn~candidates-votes/1994/黃大洲-village-votes-page-1.json;data/raw/openfun/tw.gov.cec~txn~candidates-votes/1994/趙少康-village-votes-page-1.json,matched,exact-village-id; exact-village-id; exact-village-id
1994,大安區,住安里,住安里,陳水扁,趙少康＋黃大洲,1235,2138,36.614290,63.385710,-26.771420,data/raw/openfun/tw.gov.cec~txn~candidates-votes/1994/陳水扁-village-votes-page-1.json;data/raw/openfun/tw.gov.cec~txn~candidates-votes/1994/黃大洲-village-votes-page-1.json;data/raw/openfun/tw.gov.cec~txn~candidates-votes/1994/趙少康-village-votes-page-1.json,matched,exact-village-id; exact-village-id; exact-village-id
1994,大安區,車層里,車層里,陳水扁,趙少康＋黃大洲,1494,2211,40.323887,59.676113,-19.352227,data/raw/openfun/tw.gov.cec~txn~candidates-votes/1994/陳水扁-village-votes-page-1.json;data/raw/openfun/tw.gov.cec~txn~candidates-votes/1994/黃大洲-village-votes-page-1.json;data/raw/openfun/tw.gov.cec~txn~candidates-votes/1994/趙少康-village-votes-page-1.json,matched,exact-village-id; exact-village-id; exact-village-id
1994,大安區,和安里,和安里,陳水扁,趙少康＋黃大洲,1289,2460,34.382502,65.617498,-31.234996,data/raw/openfun/tw.gov.cec~txn~candidates-votes/1994/陳水扁-village-votes-page-1.json;data/raw/openfun/tw.gov.cec~txn~candidates-votes/1994/黃大洲-village-votes-page-1.json;data/raw/openfun/tw.gov.cec~txn~candidates-votes/1994/趙少康-village-votes-page-1.json,matched,exact-village-id; exact-village-id; exact-village-id
1994,大安區,昌隆里,昌隆里,陳水扁,趙少康＋黃大洲,1074,1394,43.517018,56.482982,-12.965964,data/raw/openfun/tw.gov.cec~txn~candidates-votes/1994/陳水扁-village-votes-page-1.json;data/raw/openfun/tw.gov.cec~txn~candidates-votes/1994/黃大洲-village-votes-page-1.json;data/raw/openfun/tw.gov.cec~txn~candidates-votes/1994/趙少康-village-votes-page-1.json,matched,exact-village-id; exact-village-id; exact-village-id
1994,大安區,法治里,法治里,陳水扁,趙少康＋黃大洲,888,1515,36.953808,63.046192,-26.092385,data/raw/openfun/tw.gov.cec~txn~candidates-votes/1994/陳水扁-village-votes-page-1.json;data/raw/openfun/tw.gov.cec~txn~candidates-votes/1994/黃大洲-village-votes-page-1.json;data/raw/openfun/tw.gov.cec~txn~candidates-votes/1994/趙少康-village-votes-page-1.json,matched,exact-village-id; exact-village-id; exact-village-id
1994,大安區,臥龍里,臥龍里,陳水扁,趙少康＋黃大洲,555,1459,27.557100,72.442900,-44.885799,data/raw/openfun/tw.gov.cec~txn~candidates-votes/1994/陳水扁-village-votes-page-1.json;data/raw/openfun/tw.gov.cec~txn~candidates-votes/1994/黃大洲-village-votes-page-1.json;data/raw/openfun/tw.gov.cec~txn~candidates-votes/1994/趙少康-village-votes-page-1.json,matched,exact-village-id; exact-village-id; exact-village-id
1994,大安區,芳和里,芳和里,陳水扁,趙少康＋黃大洲,1422,2671,34.742243,65.257757,-30.515514,data/raw/openfun/tw.gov.cec~txn~candidates-votes/1994/陳水扁-village-votes-page-1.json;data/raw/openfun/tw.gov.cec~txn~candidates-votes/1994/黃大洲-village-votes-page-1.json;data/raw/openfun/tw.gov.cec~txn~candidates-votes/1994/趙少康-village-votes-page-1.json,matched,exact-village-id; exact-village-id; exact-village-id
1994,大安區,虎嘯里,虎嘯里,陳水扁,趙少康＋黃大洲,622,1346,31.605691,68.394309,-36.788618,data/raw/openfun/tw.gov.cec~txn~candidates-votes/1994/陳水扁-village-votes-page-1.json;data/raw/openfun/tw.gov.cec~txn~candidates-votes/1994/黃大洲-village-votes-page-1.json;data/raw/openfun/tw.gov.cec~txn~candidates-votes/1994/趙少康-village-votes-page-1.json,matched,exact-village-id; exact-village-id; exact-village-id
1994,大安區,建安里,建安里,陳水扁,趙少康＋黃大洲,1044,1716,37.826087,62.173913,-24.347826,data/raw/openfun/tw.gov.cec~txn~candidates-votes/1994/陳水扁-village-votes-page-1.json;data/raw/openfun/tw.gov.cec~txn~candidates-votes/1994/黃大洲-village-votes-page-1.json;data/raw/openfun/tw.gov.cec~txn~candidates-votes/1994/趙少康-village-votes-page-1.json,matched,exact-village-id; exact-village-id; exact-village-id
1994,大安區,建倫里,建倫里,陳水扁,趙少康＋黃大洲,1165,1968,37.184807,62.815193,-25.630386,data/raw/openfun/tw.gov.cec~txn~candidates-votes/1994/陳水扁-village-votes-page-1.json;data/raw/openfun/tw.gov.cec~txn~candidates-votes/1994/黃大洲-village-votes-page-1.json;data/raw/openfun/tw.gov.cec~txn~candidates-votes/1994/趙少康-village-votes-page-1.json,matched,exact-village-id; exact-village-id; exact-village-id
1994,大安區,通化里,通化里,陳水扁,趙少康＋黃大洲,1937,2063,48.425000,51.575000,-3.150000,data/raw/openfun/tw.gov.cec~txn~candidates-votes/1994/陳水扁-village-votes-page-1.json;data/raw/openfun/tw.gov.cec~txn~candidates-votes/1994/黃大洲-village-votes-page-1.json;data/raw/openfun/tw.gov.cec~txn~candidates-votes/1994/趙少康-village-votes-page-1.json,matched,exact-village-id; exact-village-id; exact-village-id
1994,大安區,通安里,通安里,陳水扁,趙少康＋黃大洲,1455,2184,39.983512,60.016488,-20.032976,data/raw/openfun/tw.gov.cec~txn~candidates-votes/1994/陳水扁-village-votes-page-1.json;data/raw/openfun/tw.gov.cec~txn~candidates-votes/1994/黃大洲-village-votes-page-1.json;data/raw/openfun/tw.gov.cec~txn~candidates-votes/1994/趙少康-village-votes-page-1.json,matched,exact-village-id; exact-village-id; exact-village-id
1994,大安區,敦安里,敦安里,陳水扁,趙少康＋黃大洲,1472,2025,42.093223,57.906777,-15.813554,data/raw/openfun/tw.gov.cec~txn~candidates-votes/1994/陳水扁-village-votes-page-1.json;data/raw/openfun/tw.gov.cec~txn~candidates-votes/1994/黃大洲-village-votes-page-1.json;data/raw/openfun/tw.gov.cec~txn~candidates-votes/1994/趙少康-village-votes-page-1.json,matched,exact-village-id; exact-village-id; exact-village-id
1994,大安區,敦煌里,敦煌里,陳水扁,趙少康＋黃大洲,1345,2053,39.582107,60.417893,-20.835786,data/raw/openfun/tw.gov.cec~txn~candidates-votes/1994/陳水扁-village-votes-page-1.json;data/raw/openfun/tw.gov.cec~txn~candidates-votes/1994/黃大洲-village-votes-page-1.json;data/raw/openfun/tw.gov.cec~txn~candidates-votes/1994/趙少康-village-votes-page-1.json,matched,exact-village-id; exact-village-id; exact-village-id
1994,大安區,華聲里,華聲里,陳水扁,趙少康＋黃大洲,998,1597,38.458574,61.541426,-23.082852,data/raw/openfun/tw.gov.cec~txn~candidates-votes/1994/陳水扁-village-votes-page-1.json;data/raw/openfun/tw.gov.cec~txn~candidates-votes/1994/黃大洲-village-votes-page-1.json;data/raw/openfun/tw.gov.cec~txn~candidates-votes/1994/趙少康-village-votes-page-1.json,matched,exact-village-id; exact-village-id; exact-village-id
1994,大安區,新龍里,新龍里,陳水扁,趙少康＋黃大洲,884,2845,23.706087,76.293913,-52.587825,data/raw/openfun/tw.gov.cec~txn~candidates-votes/1994/陳水扁-village-votes-page-1.json;data/raw/openfun/tw.gov.cec~txn~candidates-votes/1994/黃大洲-village-votes-page-1.json;data/raw/openfun/tw.gov.cec~txn~candidates-votes/1994/趙少康-village-votes-page-1.json,matched,exact-village-id; exact-village-id; exact-village-id
1994,大安區,群英里,群英里,陳水扁,趙少康＋黃大洲,901,3817,19.097075,80.902925,-61.805850,data/raw/openfun/tw.gov.cec~txn~candidates-votes/1994/陳水扁-village-votes-page-1.json;data/raw/openfun/tw.gov.cec~txn~candidates-votes/1994/黃大洲-village-votes-page-1.json;data/raw/openfun/tw.gov.cec~txn~candidates-votes/1994/趙少康-village-votes-page-1.json,matched,exact-village-id; exact-village-id; exact-village-id
1994,大安區,群賢里,群賢里,陳水扁,趙少康＋黃大洲,1143,2462,31.705964,68.294036,-36.588072,data/raw/openfun/tw.gov.cec~txn~candidates-votes/1994/陳水扁-village-votes-page-1.json;data/raw/openfun/tw.gov.cec~txn~candidates-votes/1994/黃大洲-village-votes-page-1.json;data/raw/openfun/tw.gov.cec~txn~candidates-votes/1994/趙少康-village-votes-page-1.json,matched,exact-village-id; exact-village-id; exact-village-id
1994,大安區,義安里,義安里,陳水扁,趙少康＋黃大洲,1118,2082,34.937500,65.062500,-30.125000,data/raw/openfun/tw.gov.cec~txn~candidates-votes/1994/陳水扁-village-votes-page-1.json;data/raw/openfun/tw.gov.cec~txn~candidates-votes/1994/黃大洲-village-votes-page-1.json;data/raw/openfun/tw.gov.cec~txn~candidates-votes/1994/趙少康-village-votes-page-1.json,matched,exact-village-id; exact-village-id; exact-village-id
1994,大安區,義村里,義村里,陳水扁,趙少康＋黃大洲,932,3357,21.730007,78.269993,-56.539986,data/raw/openfun/tw.gov.cec~txn~candidates-votes/1994/陳水扁-village-votes-page-1.json;data/raw/openfun/tw.gov.cec~txn~candidates-votes/1994/黃大洲-village-votes-page-1.json;data/raw/openfun/tw.gov.cec~txn~candidates-votes/1994/趙少康-village-votes-page-1.json,matched,exact-village-id; exact-village-id; exact-village-id
1994,大安區,誠安里,誠安里,陳水扁,趙少康＋黃大洲,1077,1527,41.359447,58.640553,-17.281106,data/raw/openfun/tw.gov.cec~txn~candidates-votes/1994/陳水扁-village-votes-page-1.json;data/raw/openfun/tw.gov.cec~txn~candidates-votes/1994/黃大洲-village-votes-page-1.json;data/raw/openfun/tw.gov.cec~txn~candidates-votes/1994/趙少康-village-votes-page-1.json,matched,exact-village-id; exact-village-id; exact-village-id
1994,大安區,福住里,福住里,陳水扁,趙少康＋黃大洲,983,1710,36.502042,63.497958,-26.995915,data/raw/openfun/tw.gov.cec~txn~candidates-votes/1994/陳水扁-village-votes-page-1.json;data/raw/openfun/tw.gov.cec~txn~candidates-votes/1994/黃大洲-village-votes-page-1.json;data/raw/openfun/tw.gov.cec~txn~candidates-votes/1994/趙少康-village-votes-page-1.json,matched,exact-village-id; exact-village-id; exact-village-id
1994,大安區,德安里,德安里,陳水扁,趙少康＋黃大洲,1055,1865,36.130137,63.869863,-27.739726,data/raw/openfun/tw.gov.cec~txn~candidates-votes/1994/陳水扁-village-votes-page-1.json;data/raw/openfun/tw.gov.cec~txn~candidates-votes/1994/黃大洲-village-votes-page-1.json;data/raw/openfun/tw.gov.cec~txn~candidates-votes/1994/趙少康-village-votes-page-1.json,matched,exact-village-id; exact-village-id; exact-village-id
1994,大安區,黎元里,黎元里,陳水扁,趙少康＋黃大洲,1429,2077,40.758699,59.241301,-18.482601,data/raw/openfun/tw.gov.cec~txn~candidates-votes/1994/陳水扁-village-votes-page-1.json;data/raw/openfun/tw.gov.cec~txn~candidates-votes/1994/黃大洲-village-votes-page-1.json;data/raw/openfun/tw.gov.cec~txn~candidates-votes/1994/趙少康-village-votes-page-1.json,matched,exact-village-id; exact-village-id; exact-village-id
1994,大安區,黎孝里,黎孝里,陳水扁,趙少康＋黃大洲,1603,2988,34.916140,65.083860,-30.167719,data/raw/openfun/tw.gov.cec~txn~candidates-votes/1994/陳水扁-village-votes-page-1.json;data/raw/openfun/tw.gov.cec~txn~candidates-votes/1994/黃大洲-village-votes-page-1.json;data/raw/openfun/tw.gov.cec~txn~candidates-votes/1994/趙少康-village-votes-page-1.json,matched,exact-village-id; exact-village-id; exact-village-id
1994,大安區,黎和里,黎和里,陳水扁,趙少康＋黃大洲,832,1681,33.107839,66.892161,-33.784322,data/raw/openfun/tw.gov.cec~txn~candidates-votes/1994/陳水扁-village-votes-page-1.json;data/raw/openfun/tw.gov.cec~txn~candidates-votes/1994/黃大洲-village-votes-page-1.json;data/raw/openfun/tw.gov.cec~txn~candidates-votes/1994/趙少康-village-votes-page-1.json,matched,exact-village-id; exact-village-id; exact-village-id
1994,大安區,錦安里,錦安里,陳水扁,趙少康＋黃大洲,1054,1792,37.034434,62.965566,-25.931131,data/raw/openfun/tw.gov.cec~txn~candidates-votes/1994/陳水扁-village-votes-page-1.json;data/raw/openfun/tw.gov.cec~txn~candidates-votes/1994/黃大洲-village-votes-page-1.json;data/raw/openfun/tw.gov.cec~txn~candidates-votes/1994/趙少康-village-votes-page-1.json,matched,exact-village-id; exact-village-id; exact-village-id
1994,大安區,錦泰里,錦泰里,陳水扁,趙少康＋黃大洲,916,2383,27.765990,72.234010,-44.468021,data/raw/openfun/tw.gov.cec~txn~candidates-votes/1994/陳水扁-village-votes-page-1.json;data/raw/openfun/tw.gov.cec~txn~candidates-votes/1994/黃大洲-village-votes-page-1.json;data/raw/openfun/tw.gov.cec~txn~candidates-votes/1994/趙少康-village-votes-page-1.json,matched,exact-village-id; exact-village-id; exact-village-id
1994,大安區,錦華里,錦華里,陳水扁,趙少康＋黃大洲,1188,2024,36.986301,63.013699,-26.027397,data/raw/openfun/tw.gov.cec~txn~candidates-votes/1994/陳水扁-village-votes-page-1.json;data/raw/openfun/tw.gov.cec~txn~candidates-votes/1994/黃大洲-village-votes-page-1.json;data/raw/openfun/tw.gov.cec~txn~candidates-votes/1994/趙少康-village-votes-page-1.json,matched,exact-village-id; exact-village-id; exact-village-id
1994,大安區,龍生里,龍生里,陳水扁,趙少康＋黃大洲,1171,2422,32.591149,67.408851,-34.817701,data/raw/openfun/tw.gov.cec~txn~candidates-votes/1994/陳水扁-village-votes-page-1.json;data/raw/openfun/tw.gov.cec~txn~candidates-votes/1994/黃大洲-village-votes-page-1.json;data/raw/openfun/tw.gov.cec~txn~candidates-votes/1994/趙少康-village-votes-page-1.json,matched,exact-village-id; exact-village-id; exact-village-id
1994,大安區,龍安里,龍安里,陳水扁,趙少康＋黃大洲,1094,1798,37.828492,62.171508,-24.343015,data/raw/openfun/tw.gov.cec~txn~candidates-votes/1994/陳水扁-village-votes-page-1.json;data/raw/openfun/tw.gov.cec~txn~candidates-votes/1994/黃大洲-village-votes-page-1.json;data/raw/openfun/tw.gov.cec~txn~candidates-votes/1994/趙少康-village-votes-page-1.json,matched,exact-village-id; exact-village-id; exact-village-id
1994,大安區,龍坡里,龍坡里,陳水扁,趙少康＋黃大洲,981,2138,31.452389,68.547611,-37.095223,data/raw/openfun/tw.gov.cec~txn~candidates-votes/1994/陳水扁-village-votes-page-1.json;data/raw/openfun/tw.gov.cec~txn~candidates-votes/1994/黃大洲-village-votes-page-1.json;data/raw/openfun/tw.gov.cec~txn~candidates-votes/1994/趙少康-village-votes-page-1.json,matched,exact-village-id; exact-village-id; exact-village-id
1994,大安區,龍門里,龍門里,陳水扁,趙少康＋黃大洲,907,1781,33.742560,66.257440,-32.514881,data/raw/openfun/tw.gov.cec~txn~candidates-votes/1994/陳水扁-village-votes-page-1.json;data/raw/openfun/tw.gov.cec~txn~candidates-votes/1994/黃大洲-village-votes-page-1.json;data/raw/openfun/tw.gov.cec~txn~candidates-votes/1994/趙少康-village-votes-page-1.json,matched,exact-village-id; exact-village-id; exact-village-id
1994,大安區,龍泉里,龍泉里,陳水扁,趙少康＋黃大洲,1003,1546,39.348764,60.651236,-21.302472,data/raw/openfun/tw.gov.cec~txn~candidates-votes/1994/陳水扁-village-votes-page-1.json;data/raw/openfun/tw.gov.cec~txn~candidates-votes/1994/黃大洲-village-votes-page-1.json;data/raw/openfun/tw.gov.cec~txn~candidates-votes/1994/趙少康-village-votes-page-1.json,matched,exact-village-id; exact-village-id; exact-village-id
1994,大安區,龍陣里,龍陣里,陳水扁,趙少康＋黃大洲,793,1454,35.291500,64.708500,-29.417000,data/raw/openfun/tw.gov.cec~txn~candidates-votes/1994/陳水扁-village-votes-page-1.json;data/raw/openfun/tw.gov.cec~txn~candidates-votes/1994/黃大洲-village-votes-page-1.json;data/raw/openfun/tw.gov.cec~txn~candidates-votes/1994/趙少康-village-votes-page-1.json,matched,exact-village-id; exact-village-id; exact-village-id
1994,大安區,龍淵里,龍淵里,陳水扁,趙少康＋黃大洲,1807,3314,35.286077,64.713923,-29.427846,data/raw/openfun/tw.gov.cec~txn~candidates-votes/1994/陳水扁-village-votes-page-1.json;data/raw/openfun/tw.gov.cec~txn~candidates-votes/1994/黃大洲-village-votes-page-1.json;data/raw/openfun/tw.gov.cec~txn~candidates-votes/1994/趙少康-village-votes-page-1.json,matched,exact-village-id; exact-village-id; exact-village-id
1994,大安區,龍雲里,龍雲里,陳水扁,趙少康＋黃大洲,1240,1768,41.223404,58.776596,-17.553191,data/raw/openfun/tw.gov.cec~txn~candidates-votes/1994/陳水扁-village-votes-page-1.json;data/raw/openfun/tw.gov.cec~txn~candidates-votes/1994/黃大洲-village-votes-page-1.json;data/raw/openfun/tw.gov.cec~txn~candidates-votes/1994/趙少康-village-votes-page-1.json,matched,exact-village-id; exact-village-id; exact-village-id
1994,大安區,龍圖里,龍圖里,陳水扁,趙少康＋黃大洲,1331,2445,35.248941,64.751059,-29.502119,data/raw/openfun/tw.gov.cec~txn~candidates-votes/1994/陳水扁-village-votes-page-1.json;data/raw/openfun/tw.gov.cec~txn~candidates-votes/1994/黃大洲-village-votes-page-1.json;data/raw/openfun/tw.gov.cec~txn~candidates-votes/1994/趙少康-village-votes-page-1.json,matched,exact-village-id; exact-village-id; exact-village-id
1994,大安區,臨江里,臨江里,陳水扁,趙少康＋黃大洲,1232,1560,44.126074,55.873926,-11.747851,data/raw/openfun/tw.gov.cec~txn~candidates-votes/1994/陳水扁-village-votes-page-1.json;data/raw/openfun/tw.gov.cec~txn~candidates-votes/1994/黃大洲-village-votes-page-1.json;data/raw/openfun/tw.gov.cec~txn~candidates-votes/1994/趙少康-village-votes-page-1.json,matched,exact-village-id; exact-village-id; exact-village-id
1994,中山區,力行里,力行里,陳水扁,趙少康＋黃大洲,1991,1843,51.930099,48.069901,3.860198,data/raw/openfun/tw.gov.cec~txn~candidates-votes/1994/陳水扁-village-votes-page-1.json;data/raw/openfun/tw.gov.cec~txn~candidates-votes/1994/黃大洲-village-votes-page-1.json;data/raw/openfun/tw.gov.cec~txn~candidates-votes/1994/趙少康-village-votes-page-1.json,matched,exact-village-id; exact-village-id; exact-village-id
1994,中山區,下埤里,下埤里,陳水扁,趙少康＋黃大洲,2264,2018,52.872489,47.127511,5.744979,data/raw/openfun/tw.gov.cec~txn~candidates-votes/1994/陳水扁-village-votes-page-1.json;data/raw/openfun/tw.gov.cec~txn~candidates-votes/1994/黃大洲-village-votes-page-1.json;data/raw/openfun/tw.gov.cec~txn~candidates-votes/1994/趙少康-village-votes-page-1.json,matched,exact-village-id; exact-village-id; exact-village-id
1994,中山區,大佳里,大佳里,陳水扁,趙少康＋黃大洲,430,230,65.151515,34.848485,30.303030,data/raw/openfun/tw.gov.cec~txn~candidates-votes/1994/陳水扁-village-votes-page-1.json;data/raw/openfun/tw.gov.cec~txn~candidates-votes/1994/黃大洲-village-votes-page-1.json;data/raw/openfun/tw.gov.cec~txn~candidates-votes/1994/趙少康-village-votes-page-1.json,matched,exact-village-id; exact-village-id; exact-village-id
1994,中山區,大直里,大直里,陳水扁,趙少康＋黃大洲,2498,3728,40.122069,59.877931,-19.755863,data/raw/openfun/tw.gov.cec~txn~candidates-votes/1994/陳水扁-village-votes-page-1.json;data/raw/openfun/tw.gov.cec~txn~candidates-votes/1994/黃大洲-village-votes-page-1.json;data/raw/openfun/tw.gov.cec~txn~candidates-votes/1994/趙少康-village-votes-page-1.json,matched,exact-village-id; exact-village-id; exact-village-id
1994,中山區,中山里,中山里,陳水扁,趙少康＋黃大洲,1402,1265,52.568429,47.431571,5.136858,data/raw/openfun/tw.gov.cec~txn~candidates-votes/1994/陳水扁-village-votes-page-1.json;data/raw/openfun/tw.gov.cec~txn~candidates-votes/1994/黃大洲-village-votes-page-1.json;data/raw/openfun/tw.gov.cec~txn~candidates-votes/1994/趙少康-village-votes-page-1.json,matched,exact-village-id; exact-village-id; exact-village-id
1994,中山區,中央里,中央里,陳水扁,趙少康＋黃大洲,966,1193,44.742937,55.257063,-10.514127,data/raw/openfun/tw.gov.cec~txn~candidates-votes/1994/陳水扁-village-votes-page-1.json;data/raw/openfun/tw.gov.cec~txn~candidates-votes/1994/黃大洲-village-votes-page-1.json;data/raw/openfun/tw.gov.cec~txn~candidates-votes/1994/趙少康-village-votes-page-1.json,matched,exact-village-id; exact-village-id; exact-village-id
1994,中山區,中吉里,中吉里,陳水扁,趙少康＋黃大洲,1702,1276,57.152451,42.847549,14.304903,data/raw/openfun/tw.gov.cec~txn~candidates-votes/1994/陳水扁-village-votes-page-1.json;data/raw/openfun/tw.gov.cec~txn~candidates-votes/1994/黃大洲-village-votes-page-1.json;data/raw/openfun/tw.gov.cec~txn~candidates-votes/1994/趙少康-village-votes-page-1.json,matched,exact-village-id; exact-village-id; exact-village-id
1994,中山區,中庄里,中庄里,陳水扁,趙少康＋黃大洲,1902,1414,57.358263,42.641737,14.716526,data/raw/openfun/tw.gov.cec~txn~candidates-votes/1994/陳水扁-village-votes-page-1.json;data/raw/openfun/tw.gov.cec~txn~candidates-votes/1994/黃大洲-village-votes-page-1.json;data/raw/openfun/tw.gov.cec~txn~candidates-votes/1994/趙少康-village-votes-page-1.json,matched,exact-village-id; exact-village-id; exact-village-id
1994,中山區,中原里,中原里,陳水扁,趙少康＋黃大洲,1428,1133,55.759469,44.240531,11.518938,data/raw/openfun/tw.gov.cec~txn~candidates-votes/1994/陳水扁-village-votes-page-1.json;data/raw/openfun/tw.gov.cec~txn~candidates-votes/1994/黃大洲-village-votes-page-1.json;data/raw/openfun/tw.gov.cec~txn~candidates-votes/1994/趙少康-village-votes-page-1.json,matched,exact-village-id; exact-village-id; exact-village-id
1994,中山區,正守里,正守里,陳水扁,趙少康＋黃大洲,1140,1153,49.716529,50.283471,-0.566943,data/raw/openfun/tw.gov.cec~txn~candidates-votes/1994/陳水扁-village-votes-page-1.json;data/raw/openfun/tw.gov.cec~txn~candidates-votes/1994/黃大洲-village-votes-page-1.json;data/raw/openfun/tw.gov.cec~txn~candidates-votes/1994/趙少康-village-votes-page-1.json,matched,exact-village-id; exact-village-id; exact-village-id
1994,中山區,正得里,正得里,陳水扁,趙少康＋黃大洲,838,991,45.817387,54.182613,-8.365227,data/raw/openfun/tw.gov.cec~txn~candidates-votes/1994/陳水扁-village-votes-page-1.json;data/raw/openfun/tw.gov.cec~txn~candidates-votes/1994/黃大洲-village-votes-page-1.json;data/raw/openfun/tw.gov.cec~txn~candidates-votes/1994/趙少康-village-votes-page-1.json,matched,exact-village-id; exact-village-id; exact-village-id
1994,中山區,正義里,正義里,陳水扁,趙少康＋黃大洲,1033,1187,46.531532,53.468468,-6.936937,data/raw/openfun/tw.gov.cec~txn~candidates-votes/1994/陳水扁-village-votes-page-1.json;data/raw/openfun/tw.gov.cec~txn~candidates-votes/1994/黃大洲-village-votes-page-1.json;data/raw/openfun/tw.gov.cec~txn~candidates-votes/1994/趙少康-village-votes-page-1.json,matched,exact-village-id; exact-village-id; exact-village-id
1994,中山區,民安里,民安里,陳水扁,趙少康＋黃大洲,1593,1455,52.263780,47.736220,4.527559,data/raw/openfun/tw.gov.cec~txn~candidates-votes/1994/陳水扁-village-votes-page-1.json;data/raw/openfun/tw.gov.cec~txn~candidates-votes/1994/黃大洲-village-votes-page-1.json;data/raw/openfun/tw.gov.cec~txn~candidates-votes/1994/趙少康-village-votes-page-1.json,matched,exact-village-id; exact-village-id; exact-village-id
1994,中山區,永安里,永安里,陳水扁,趙少康＋黃大洲,1082,1397,43.646632,56.353368,-12.706737,data/raw/openfun/tw.gov.cec~txn~candidates-votes/1994/陳水扁-village-votes-page-1.json;data/raw/openfun/tw.gov.cec~txn~candidates-votes/1994/黃大洲-village-votes-page-1.json;data/raw/openfun/tw.gov.cec~txn~candidates-votes/1994/趙少康-village-votes-page-1.json,matched,exact-village-id; exact-village-id; exact-village-id
1994,中山區,成功里,成功里,陳水扁,趙少康＋黃大洲,1140,1818,38.539554,61.460446,-22.920892,data/raw/openfun/tw.gov.cec~txn~candidates-votes/1994/陳水扁-village-votes-page-1.json;data/raw/openfun/tw.gov.cec~txn~candidates-votes/1994/黃大洲-village-votes-page-1.json;data/raw/openfun/tw.gov.cec~txn~candidates-votes/1994/趙少康-village-votes-page-1.json,matched,exact-village-id; exact-village-id; exact-village-id
1994,中山區,朱崙里,朱崙里,陳水扁,趙少康＋黃大洲,1083,968,52.803510,47.196490,5.607021,data/raw/openfun/tw.gov.cec~txn~candidates-votes/1994/陳水扁-village-votes-page-1.json;data/raw/openfun/tw.gov.cec~txn~candidates-votes/1994/黃大洲-village-votes-page-1.json;data/raw/openfun/tw.gov.cec~txn~candidates-votes/1994/趙少康-village-votes-page-1.json,matched,exact-village-id; exact-village-id; exact-village-id
1994,中山區,朱園里,朱園里,陳水扁,趙少康＋黃大洲,1299,1212,51.732378,48.267622,3.464755,data/raw/openfun/tw.gov.cec~txn~candidates-votes/1994/陳水扁-village-votes-page-1.json;data/raw/openfun/tw.gov.cec~txn~candidates-votes/1994/黃大洲-village-votes-page-1.json;data/raw/openfun/tw.gov.cec~txn~candidates-votes/1994/趙少康-village-votes-page-1.json,matched,exact-village-id; exact-village-id; exact-village-id
1994,中山區,朱馥里,朱馥里,陳水扁,趙少康＋黃大洲,1729,2026,46.045273,53.954727,-7.909454,data/raw/openfun/tw.gov.cec~txn~candidates-votes/1994/陳水扁-village-votes-page-1.json;data/raw/openfun/tw.gov.cec~txn~candidates-votes/1994/黃大洲-village-votes-page-1.json;data/raw/openfun/tw.gov.cec~txn~candidates-votes/1994/趙少康-village-votes-page-1.json,matched,exact-village-id; exact-village-id; exact-village-id
1994,中山區,江山里,江山里,陳水扁,趙少康＋黃大洲,2319,2177,51.579181,48.420819,3.158363,data/raw/openfun/tw.gov.cec~txn~candidates-votes/1994/陳水扁-village-votes-page-1.json;data/raw/openfun/tw.gov.cec~txn~candidates-votes/1994/黃大洲-village-votes-page-1.json;data/raw/openfun/tw.gov.cec~txn~candidates-votes/1994/趙少康-village-votes-page-1.json,matched,exact-village-id; exact-village-id; exact-village-id
1994,中山區,江寧里,江寧里,陳水扁,趙少康＋黃大洲,1836,1791,50.620347,49.379653,1.240695,data/raw/openfun/tw.gov.cec~txn~candidates-votes/1994/陳水扁-village-votes-page-1.json;data/raw/openfun/tw.gov.cec~txn~candidates-votes/1994/黃大洲-village-votes-page-1.json;data/raw/openfun/tw.gov.cec~txn~candidates-votes/1994/趙少康-village-votes-page-1.json,matched,exact-village-id; exact-village-id; exact-village-id
1994,中山區,行仁里,行仁里,陳水扁,趙少康＋黃大洲,2712,2137,55.929058,44.070942,11.858115,data/raw/openfun/tw.gov.cec~txn~candidates-votes/1994/陳水扁-village-votes-page-1.json;data/raw/openfun/tw.gov.cec~txn~candidates-votes/1994/黃大洲-village-votes-page-1.json;data/raw/openfun/tw.gov.cec~txn~candidates-votes/1994/趙少康-village-votes-page-1.json,matched,exact-village-id; exact-village-id; exact-village-id
1994,中山區,行孝里,行孝里,陳水扁,趙少康＋黃大洲,1198,1150,51.022147,48.977853,2.044293,data/raw/openfun/tw.gov.cec~txn~candidates-votes/1994/陳水扁-village-votes-page-1.json;data/raw/openfun/tw.gov.cec~txn~candidates-votes/1994/黃大洲-village-votes-page-1.json;data/raw/openfun/tw.gov.cec~txn~candidates-votes/1994/趙少康-village-votes-page-1.json,matched,exact-village-id; exact-village-id; exact-village-id
1994,中山區,行政里,行政里,陳水扁,趙少康＋黃大洲,1631,1389,54.006623,45.993377,8.013245,data/raw/openfun/tw.gov.cec~txn~candidates-votes/1994/陳水扁-village-votes-page-1.json;data/raw/openfun/tw.gov.cec~txn~candidates-votes/1994/黃大洲-village-votes-page-1.json;data/raw/openfun/tw.gov.cec~txn~candidates-votes/1994/趙少康-village-votes-page-1.json,matched,exact-village-id; exact-village-id; exact-village-id
1994,中山區,松江里,松江里,陳水扁,趙少康＋黃大洲,1850,1935,48.877147,51.122853,-2.245707,data/raw/openfun/tw.gov.cec~txn~candidates-votes/1994/陳水扁-village-votes-page-1.json;data/raw/openfun/tw.gov.cec~txn~candidates-votes/1994/黃大洲-village-votes-page-1.json;data/raw/openfun/tw.gov.cec~txn~candidates-votes/1994/趙少康-village-votes-page-1.json,matched,exact-village-id; exact-village-id; exact-village-id
1994,中山區,恆安里,恆安里,陳水扁,趙少康＋黃大洲,891,824,51.953353,48.046647,3.906706,data/raw/openfun/tw.gov.cec~txn~candidates-votes/1994/陳水扁-village-votes-page-1.json;data/raw/openfun/tw.gov.cec~txn~candidates-votes/1994/黃大洲-village-votes-page-1.json;data/raw/openfun/tw.gov.cec~txn~candidates-votes/1994/趙少康-village-votes-page-1.json,matched,exact-village-id; exact-village-id; exact-village-id
1994,中山區,埤頭里,埤頭里,陳水扁,趙少康＋黃大洲,1181,1695,41.063978,58.936022,-17.872045,data/raw/openfun/tw.gov.cec~txn~candidates-votes/1994/陳水扁-village-votes-page-1.json;data/raw/openfun/tw.gov.cec~txn~candidates-votes/1994/黃大洲-village-votes-page-1.json;data/raw/openfun/tw.gov.cec~txn~candidates-votes/1994/趙少康-village-votes-page-1.json,matched,exact-village-id; exact-village-id; exact-village-id
1994,中山區,康樂里,康樂里,陳水扁,趙少康＋黃大洲,1250,1853,40.283597,59.716403,-19.432807,data/raw/openfun/tw.gov.cec~txn~candidates-votes/1994/陳水扁-village-votes-page-1.json;data/raw/openfun/tw.gov.cec~txn~candidates-votes/1994/黃大洲-village-votes-page-1.json;data/raw/openfun/tw.gov.cec~txn~candidates-votes/1994/趙少康-village-votes-page-1.json,matched,exact-village-id; exact-village-id; exact-village-id
1994,中山區,復華里,復華里,陳水扁,趙少康＋黃大洲,875,1415,38.209607,61.790393,-23.580786,data/raw/openfun/tw.gov.cec~txn~candidates-votes/1994/陳水扁-village-votes-page-1.json;data/raw/openfun/tw.gov.cec~txn~candidates-votes/1994/黃大洲-village-votes-page-1.json;data/raw/openfun/tw.gov.cec~txn~candidates-votes/1994/趙少康-village-votes-page-1.json,matched,exact-village-id; exact-village-id; exact-village-id
1994,中山區,晴光里,晴光里,陳水扁,趙少康＋黃大洲,967,1007,48.986829,51.013171,-2.026342,data/raw/openfun/tw.gov.cec~txn~candidates-votes/1994/陳水扁-village-votes-page-1.json;data/raw/openfun/tw.gov.cec~txn~candidates-votes/1994/黃大洲-village-votes-page-1.json;data/raw/openfun/tw.gov.cec~txn~candidates-votes/1994/趙少康-village-votes-page-1.json,matched,exact-village-id; exact-village-id; exact-village-id
1994,中山區,集英里,集英里,陳水扁,趙少康＋黃大洲,1885,1448,56.555656,43.444344,13.111311,data/raw/openfun/tw.gov.cec~txn~candidates-votes/1994/陳水扁-village-votes-page-1.json;data/raw/openfun/tw.gov.cec~txn~candidates-votes/1994/黃大洲-village-votes-page-1.json;data/raw/openfun/tw.gov.cec~txn~candidates-votes/1994/趙少康-village-votes-page-1.json,matched,exact-village-id; exact-village-id; exact-village-id
1994,中山區,圓山里,圓山里,陳水扁,趙少康＋黃大洲,1167,1553,42.904412,57.095588,-14.191176,data/raw/openfun/tw.gov.cec~txn~candidates-votes/1994/陳水扁-village-votes-page-1.json;data/raw/openfun/tw.gov.cec~txn~candidates-votes/1994/黃大洲-village-votes-page-1.json;data/raw/openfun/tw.gov.cec~txn~candidates-votes/1994/趙少康-village-votes-page-1.json,matched,exact-village-id; exact-village-id; exact-village-id
1994,中山區,新生里,新生里,陳水扁,趙少康＋黃大洲,1603,1174,57.724163,42.275837,15.448326,data/raw/openfun/tw.gov.cec~txn~candidates-votes/1994/陳水扁-village-votes-page-1.json;data/raw/openfun/tw.gov.cec~txn~candidates-votes/1994/黃大洲-village-votes-page-1.json;data/raw/openfun/tw.gov.cec~txn~candidates-votes/1994/趙少康-village-votes-page-1.json,matched,exact-village-id; exact-village-id; exact-village-id
1994,中山區,新庄里,新庄里,陳水扁,趙少康＋黃大洲,1634,1350,54.758713,45.241287,9.517426,data/raw/openfun/tw.gov.cec~txn~candidates-votes/1994/陳水扁-village-votes-page-1.json;data/raw/openfun/tw.gov.cec~txn~candidates-votes/1994/黃大洲-village-votes-page-1.json;data/raw/openfun/tw.gov.cec~txn~candidates-votes/1994/趙少康-village-votes-page-1.json,matched,exact-village-id; exact-village-id; exact-village-id
1994,中山區,新喜里,新喜里,陳水扁,趙少康＋黃大洲,1716,1259,57.680672,42.319328,15.361345,data/raw/openfun/tw.gov.cec~txn~candidates-votes/1994/陳水扁-village-votes-page-1.json;data/raw/openfun/tw.gov.cec~txn~candidates-votes/1994/黃大洲-village-votes-page-1.json;data/raw/openfun/tw.gov.cec~txn~candidates-votes/1994/趙少康-village-votes-page-1.json,matched,exact-village-id; exact-village-id; exact-village-id
1994,中山區,新福里,新福里,陳水扁,趙少康＋黃大洲,1779,1222,59.280240,40.719760,18.560480,data/raw/openfun/tw.gov.cec~txn~candidates-votes/1994/陳水扁-village-votes-page-1.json;data/raw/openfun/tw.gov.cec~txn~candidates-votes/1994/黃大洲-village-votes-page-1.json;data/raw/openfun/tw.gov.cec~txn~candidates-votes/1994/趙少康-village-votes-page-1.json,matched,exact-village-id; exact-village-id; exact-village-id
1994,中山區,聚盛里,聚盛里,陳水扁,趙少康＋黃大洲,861,881,49.425947,50.574053,-1.148106,data/raw/openfun/tw.gov.cec~txn~candidates-votes/1994/陳水扁-village-votes-page-1.json;data/raw/openfun/tw.gov.cec~txn~candidates-votes/1994/黃大洲-village-votes-page-1.json;data/raw/openfun/tw.gov.cec~txn~candidates-votes/1994/趙少康-village-votes-page-1.json,matched,exact-village-id; exact-village-id; exact-village-id
1994,中山區,聚葉里,聚葉里,陳水扁,趙少康＋黃大洲,1137,1014,52.859135,47.140865,5.718271,data/raw/openfun/tw.gov.cec~txn~candidates-votes/1994/陳水扁-village-votes-page-1.json;data/raw/openfun/tw.gov.cec~txn~candidates-votes/1994/黃大洲-village-votes-page-1.json;data/raw/openfun/tw.gov.cec~txn~candidates-votes/1994/趙少康-village-votes-page-1.json,matched,exact-village-id; exact-village-id; exact-village-id
1994,中山區,劍潭里,劍潭里,陳水扁,趙少康＋黃大洲,274,1131,19.501779,80.498221,-60.996441,data/raw/openfun/tw.gov.cec~txn~candidates-votes/1994/陳水扁-village-votes-page-1.json;data/raw/openfun/tw.gov.cec~txn~candidates-votes/1994/黃大洲-village-votes-page-1.json;data/raw/openfun/tw.gov.cec~txn~candidates-votes/1994/趙少康-village-votes-page-1.json,matched,exact-village-id; exact-village-id; exact-village-id
1994,中山區,興亞里,興亞里,陳水扁,趙少康＋黃大洲,1545,1412,52.248901,47.751099,4.497802,data/raw/openfun/tw.gov.cec~txn~candidates-votes/1994/陳水扁-village-votes-page-1.json;data/raw/openfun/tw.gov.cec~txn~candidates-votes/1994/黃大洲-village-votes-page-1.json;data/raw/openfun/tw.gov.cec~txn~candidates-votes/1994/趙少康-village-votes-page-1.json,matched,exact-village-id; exact-village-id; exact-village-id
1994,中山區,龍洲里,龍洲里,陳水扁,趙少康＋黃大洲,809,2679,23.193807,76.806193,-53.612385,data/raw/openfun/tw.gov.cec~txn~candidates-votes/1994/陳水扁-village-votes-page-1.json;data/raw/openfun/tw.gov.cec~txn~candidates-votes/1994/黃大洲-village-votes-page-1.json;data/raw/openfun/tw.gov.cec~txn~candidates-votes/1994/趙少康-village-votes-page-1.json,matched,exact-village-id; exact-village-id; exact-village-id
1994,中正區,三愛里,三愛里,陳水扁,趙少康＋黃大洲,1808,2664,40.429338,59.570662,-19.141324,data/raw/openfun/tw.gov.cec~txn~candidates-votes/1994/陳水扁-village-votes-page-1.json;data/raw/openfun/tw.gov.cec~txn~candidates-votes/1994/黃大洲-village-votes-page-1.json;data/raw/openfun/tw.gov.cec~txn~candidates-votes/1994/趙少康-village-votes-page-1.json,matched,exact-village-id; exact-village-id; exact-village-id
1994,中正區,文北里,文北里,陳水扁,趙少康＋黃大洲,1145,1729,39.839944,60.160056,-20.320111,data/raw/openfun/tw.gov.cec~txn~candidates-votes/1994/陳水扁-village-votes-page-1.json;data/raw/openfun/tw.gov.cec~txn~candidates-votes/1994/黃大洲-village-votes-page-1.json;data/raw/openfun/tw.gov.cec~txn~candidates-votes/1994/趙少康-village-votes-page-1.json,matched,exact-village-id; exact-village-id; exact-village-id
1994,中正區,文盛里,文盛里,陳水扁,趙少康＋黃大洲,698,975,41.721458,58.278542,-16.557083,data/raw/openfun/tw.gov.cec~txn~candidates-votes/1994/陳水扁-village-votes-page-1.json;data/raw/openfun/tw.gov.cec~txn~candidates-votes/1994/黃大洲-village-votes-page-1.json;data/raw/openfun/tw.gov.cec~txn~candidates-votes/1994/趙少康-village-votes-page-1.json,matched,exact-village-id; exact-village-id; exact-village-id
1994,中正區,文祥里,文祥里,陳水扁,趙少康＋黃大洲,1660,2386,41.028176,58.971824,-17.943648,data/raw/openfun/tw.gov.cec~txn~candidates-votes/1994/陳水扁-village-votes-page-1.json;data/raw/openfun/tw.gov.cec~txn~candidates-votes/1994/黃大洲-village-votes-page-1.json;data/raw/openfun/tw.gov.cec~txn~candidates-votes/1994/趙少康-village-votes-page-1.json,matched,exact-village-id; exact-village-id; exact-village-id
1994,中正區,水源里,水源里,陳水扁,趙少康＋黃大洲,995,1369,42.089679,57.910321,-15.820643,data/raw/openfun/tw.gov.cec~txn~candidates-votes/1994/陳水扁-village-votes-page-1.json;data/raw/openfun/tw.gov.cec~txn~candidates-votes/1994/黃大洲-village-votes-page-1.json;data/raw/openfun/tw.gov.cec~txn~candidates-votes/1994/趙少康-village-votes-page-1.json,matched,exact-village-id; exact-village-id; exact-village-id
1994,中正區,永功里,永功里,陳水扁,趙少康＋黃大洲,1990,2413,45.196457,54.803543,-9.607086,data/raw/openfun/tw.gov.cec~txn~candidates-votes/1994/陳水扁-village-votes-page-1.json;data/raw/openfun/tw.gov.cec~txn~candidates-votes/1994/黃大洲-village-votes-page-1.json;data/raw/openfun/tw.gov.cec~txn~candidates-votes/1994/趙少康-village-votes-page-1.json,matched,exact-village-id; exact-village-id; exact-village-id
1994,中正區,永昌里,永昌里,陳水扁,趙少康＋黃大洲,1581,1894,45.496403,54.503597,-9.007194,data/raw/openfun/tw.gov.cec~txn~candidates-votes/1994/陳水扁-village-votes-page-1.json;data/raw/openfun/tw.gov.cec~txn~candidates-votes/1994/黃大洲-village-votes-page-1.json;data/raw/openfun/tw.gov.cec~txn~candidates-votes/1994/趙少康-village-votes-page-1.json,matched,exact-village-id; exact-village-id; exact-village-id
1994,中正區,光復里,光復里,陳水扁,趙少康＋黃大洲,1000,1077,48.146365,51.853635,-3.707270,data/raw/openfun/tw.gov.cec~txn~candidates-votes/1994/陳水扁-village-votes-page-1.json;data/raw/openfun/tw.gov.cec~txn~candidates-votes/1994/黃大洲-village-votes-page-1.json;data/raw/openfun/tw.gov.cec~txn~candidates-votes/1994/趙少康-village-votes-page-1.json,matched,exact-village-id; exact-village-id; exact-village-id
1994,中正區,幸市里,幸市里,陳水扁,趙少康＋黃大洲,1154,1399,45.201723,54.798277,-9.596553,data/raw/openfun/tw.gov.cec~txn~candidates-votes/1994/陳水扁-village-votes-page-1.json;data/raw/openfun/tw.gov.cec~txn~candidates-votes/1994/黃大洲-village-votes-page-1.json;data/raw/openfun/tw.gov.cec~txn~candidates-votes/1994/趙少康-village-votes-page-1.json,matched,exact-village-id; exact-village-id; exact-village-id
1994,中正區,幸福里,幸福里,陳水扁,趙少康＋黃大洲,1075,1521,41.409861,58.590139,-17.180277,data/raw/openfun/tw.gov.cec~txn~candidates-votes/1994/陳水扁-village-votes-page-1.json;data/raw/openfun/tw.gov.cec~txn~candidates-votes/1994/黃大洲-village-votes-page-1.json;data/raw/openfun/tw.gov.cec~txn~candidates-votes/1994/趙少康-village-votes-page-1.json,matched,exact-village-id; exact-village-id; exact-village-id
1994,中正區,忠勤里,忠勤里,陳水扁,趙少康＋黃大洲,1720,2920,37.068966,62.931034,-25.862069,data/raw/openfun/tw.gov.cec~txn~candidates-votes/1994/陳水扁-village-votes-page-1.json;data/raw/openfun/tw.gov.cec~txn~candidates-votes/1994/黃大洲-village-votes-page-1.json;data/raw/openfun/tw.gov.cec~txn~candidates-votes/1994/趙少康-village-votes-page-1.json,matched,exact-village-id; exact-village-id; exact-village-id
1994,中正區,東門里,東門里,陳水扁,趙少康＋黃大洲,714,1273,35.933568,64.066432,-28.132864,data/raw/openfun/tw.gov.cec~txn~candidates-votes/1994/陳水扁-village-votes-page-1.json;data/raw/openfun/tw.gov.cec~txn~candidates-votes/1994/黃大洲-village-votes-page-1.json;data/raw/openfun/tw.gov.cec~txn~candidates-votes/1994/趙少康-village-votes-page-1.json,matched,exact-village-id; exact-village-id; exact-village-id
1994,中正區,板溪里,板溪里,陳水扁,趙少康＋黃大洲,936,1245,42.916094,57.083906,-14.167813,data/raw/openfun/tw.gov.cec~txn~candidates-votes/1994/陳水扁-village-votes-page-1.json;data/raw/openfun/tw.gov.cec~txn~candidates-votes/1994/黃大洲-village-votes-page-1.json;data/raw/openfun/tw.gov.cec~txn~candidates-votes/1994/趙少康-village-votes-page-1.json,matched,exact-village-id; exact-village-id; exact-village-id
1994,中正區,林興里,林興里,陳水扁,趙少康＋黃大洲,1043,2045,33.775907,66.224093,-32.448187,data/raw/openfun/tw.gov.cec~txn~candidates-votes/1994/陳水扁-village-votes-page-1.json;data/raw/openfun/tw.gov.cec~txn~candidates-votes/1994/黃大洲-village-votes-page-1.json;data/raw/openfun/tw.gov.cec~txn~candidates-votes/1994/趙少康-village-votes-page-1.json,matched,exact-village-id; exact-village-id; exact-village-id
1994,中正區,河堤里,河堤里,陳水扁,趙少康＋黃大洲,1006,2029,33.146623,66.853377,-33.706755,data/raw/openfun/tw.gov.cec~txn~candidates-votes/1994/陳水扁-village-votes-page-1.json;data/raw/openfun/tw.gov.cec~txn~candidates-votes/1994/黃大洲-village-votes-page-1.json;data/raw/openfun/tw.gov.cec~txn~candidates-votes/1994/趙少康-village-votes-page-1.json,matched,exact-village-id; exact-village-id; exact-village-id
1994,中正區,南門里,南門里,陳水扁,趙少康＋黃大洲,725,1908,27.535131,72.464869,-44.929738,data/raw/openfun/tw.gov.cec~txn~candidates-votes/1994/陳水扁-village-votes-page-1.json;data/raw/openfun/tw.gov.cec~txn~candidates-votes/1994/黃大洲-village-votes-page-1.json;data/raw/openfun/tw.gov.cec~txn~candidates-votes/1994/趙少康-village-votes-page-1.json,matched,exact-village-id; exact-village-id; exact-village-id
1994,中正區,南福里,南福里,陳水扁,趙少康＋黃大洲,1816,2597,41.151144,58.848856,-17.697711,data/raw/openfun/tw.gov.cec~txn~candidates-votes/1994/陳水扁-village-votes-page-1.json;data/raw/openfun/tw.gov.cec~txn~candidates-votes/1994/黃大洲-village-votes-page-1.json;data/raw/openfun/tw.gov.cec~txn~candidates-votes/1994/趙少康-village-votes-page-1.json,matched,exact-village-id; exact-village-id; exact-village-id
1994,中正區,建國里,建國里,陳水扁,趙少康＋黃大洲,222,577,27.784731,72.215269,-44.430538,data/raw/openfun/tw.gov.cec~txn~candidates-votes/1994/陳水扁-village-votes-page-1.json;data/raw/openfun/tw.gov.cec~txn~candidates-votes/1994/黃大洲-village-votes-page-1.json;data/raw/openfun/tw.gov.cec~txn~candidates-votes/1994/趙少康-village-votes-page-1.json,matched,exact-village-id; exact-village-id; exact-village-id
1994,中正區,梅花里,梅花里,陳水扁,趙少康＋黃大洲,959,1285,42.736185,57.263815,-14.527629,data/raw/openfun/tw.gov.cec~txn~candidates-votes/1994/陳水扁-village-votes-page-1.json;data/raw/openfun/tw.gov.cec~txn~candidates-votes/1994/黃大洲-village-votes-page-1.json;data/raw/openfun/tw.gov.cec~txn~candidates-votes/1994/趙少康-village-votes-page-1.json,matched,exact-village-id; exact-village-id; exact-village-id
1994,中正區,頂東里,頂東里,陳水扁,趙少康＋黃大洲,1506,2011,42.820586,57.179414,-14.358829,data/raw/openfun/tw.gov.cec~txn~candidates-votes/1994/陳水扁-village-votes-page-1.json;data/raw/openfun/tw.gov.cec~txn~candidates-votes/1994/黃大洲-village-votes-page-1.json;data/raw/openfun/tw.gov.cec~txn~candidates-votes/1994/趙少康-village-votes-page-1.json,matched,exact-village-id; exact-village-id; exact-village-id
1994,中正區,富水里,富水里,陳水扁,趙少康＋黃大洲,345,1384,19.953730,80.046270,-60.092539,data/raw/openfun/tw.gov.cec~txn~candidates-votes/1994/陳水扁-village-votes-page-1.json;data/raw/openfun/tw.gov.cec~txn~candidates-votes/1994/黃大洲-village-votes-page-1.json;data/raw/openfun/tw.gov.cec~txn~candidates-votes/1994/趙少康-village-votes-page-1.json,matched,exact-village-id; exact-village-id; exact-village-id
1994,中正區,廈安里,廈安里,陳水扁,趙少康＋黃大洲,927,1077,46.257485,53.742515,-7.485030,data/raw/openfun/tw.gov.cec~txn~candidates-votes/1994/陳水扁-village-votes-page-1.json;data/raw/openfun/tw.gov.cec~txn~candidates-votes/1994/黃大洲-village-votes-page-1.json;data/raw/openfun/tw.gov.cec~txn~candidates-votes/1994/趙少康-village-votes-page-1.json,matched,exact-village-id; exact-village-id; exact-village-id
1994,中正區,愛國里,愛國里,陳水扁,趙少康＋黃大洲,926,1247,42.613898,57.386102,-14.772204,data/raw/openfun/tw.gov.cec~txn~candidates-votes/1994/陳水扁-village-votes-page-1.json;data/raw/openfun/tw.gov.cec~txn~candidates-votes/1994/黃大洲-village-votes-page-1.json;data/raw/openfun/tw.gov.cec~txn~candidates-votes/1994/趙少康-village-votes-page-1.json,matched,exact-village-id; exact-village-id; exact-village-id
1994,中正區,新營里,新營里,陳水扁,趙少康＋黃大洲,1714,3297,34.204750,65.795250,-31.590501,data/raw/openfun/tw.gov.cec~txn~candidates-votes/1994/陳水扁-village-votes-page-1.json;data/raw/openfun/tw.gov.cec~txn~candidates-votes/1994/黃大洲-village-votes-page-1.json;data/raw/openfun/tw.gov.cec~txn~candidates-votes/1994/趙少康-village-votes-page-1.json,matched,exact-village-id; exact-village-id; exact-village-id
1994,中正區,網溪里,網溪里,陳水扁,趙少康＋黃大洲,1268,2060,38.100962,61.899038,-23.798077,data/raw/openfun/tw.gov.cec~txn~candidates-votes/1994/陳水扁-village-votes-page-1.json;data/raw/openfun/tw.gov.cec~txn~candidates-votes/1994/黃大洲-village-votes-page-1.json;data/raw/openfun/tw.gov.cec~txn~candidates-votes/1994/趙少康-village-votes-page-1.json,matched,exact-village-id; exact-village-id; exact-village-id
1994,中正區,黎明里,黎明里,陳水扁,趙少康＋黃大洲,552,794,41.010401,58.989599,-17.979198,data/raw/openfun/tw.gov.cec~txn~candidates-votes/1994/陳水扁-village-votes-page-1.json;data/raw/openfun/tw.gov.cec~txn~candidates-votes/1994/黃大洲-village-votes-page-1.json;data/raw/openfun/tw.gov.cec~txn~candidates-votes/1994/趙少康-village-votes-page-1.json,matched,exact-village-id; exact-village-id; exact-village-id
1994,中正區,螢圃里,螢圃里,陳水扁,趙少康＋黃大洲,1264,2048,38.164251,61.835749,-23.671498,data/raw/openfun/tw.gov.cec~txn~candidates-votes/1994/陳水扁-village-votes-page-1.json;data/raw/openfun/tw.gov.cec~txn~candidates-votes/1994/黃大洲-village-votes-page-1.json;data/raw/openfun/tw.gov.cec~txn~candidates-votes/1994/趙少康-village-votes-page-1.json,matched,exact-village-id; exact-village-id; exact-village-id
1994,中正區,螢雪里,螢雪里,陳水扁,趙少康＋黃大洲,1170,1620,41.935484,58.064516,-16.129032,data/raw/openfun/tw.gov.cec~txn~candidates-votes/1994/陳水扁-village-votes-page-1.json;data/raw/openfun/tw.gov.cec~txn~candidates-votes/1994/黃大洲-village-votes-page-1.json;data/raw/openfun/tw.gov.cec~txn~candidates-votes/1994/趙少康-village-votes-page-1.json,matched,exact-village-id; exact-village-id; exact-village-id
1994,中正區,龍光里,龍光里,陳水扁,趙少康＋黃大洲,908,1941,31.870832,68.129168,-36.258336,data/raw/openfun/tw.gov.cec~txn~candidates-votes/1994/陳水扁-village-votes-page-1.json;data/raw/openfun/tw.gov.cec~txn~candidates-votes/1994/黃大洲-village-votes-page-1.json;data/raw/openfun/tw.gov.cec~txn~candidates-votes/1994/趙少康-village-votes-page-1.json,matched,exact-village-id; exact-village-id; exact-village-id
1994,中正區,龍福里,龍福里,陳水扁,趙少康＋黃大洲,1250,2125,37.037037,62.962963,-25.925926,data/raw/openfun/tw.gov.cec~txn~candidates-votes/1994/陳水扁-village-votes-page-1.json;data/raw/openfun/tw.gov.cec~txn~candidates-votes/1994/黃大洲-village-votes-page-1.json;data/raw/openfun/tw.gov.cec~txn~candidates-votes/1994/趙少康-village-votes-page-1.json,matched,exact-village-id; exact-village-id; exact-village-id
1994,中正區,龍興里,龍興里,陳水扁,趙少康＋黃大洲,1273,1743,42.208223,57.791777,-15.583554,data/raw/openfun/tw.gov.cec~txn~candidates-votes/1994/陳水扁-village-votes-page-1.json;data/raw/openfun/tw.gov.cec~txn~candidates-votes/1994/黃大洲-village-votes-page-1.json;data/raw/openfun/tw.gov.cec~txn~candidates-votes/1994/趙少康-village-votes-page-1.json,matched,exact-village-id; exact-village-id; exact-village-id
1994,內湖區,大湖里,大湖里,陳水扁,趙少康＋黃大洲,1805,2842,38.842264,61.157736,-22.315472,data/raw/openfun/tw.gov.cec~txn~candidates-votes/1994/陳水扁-village-votes-page-2.json;data/raw/openfun/tw.gov.cec~txn~candidates-votes/1994/黃大洲-village-votes-page-2.json;data/raw/openfun/tw.gov.cec~txn~candidates-votes/1994/趙少康-village-votes-page-2.json,matched,exact-village-id; exact-village-id; exact-village-id
1994,內湖區,五分里,五分里,陳水扁,趙少康＋黃大洲,2164,2092,50.845865,49.154135,1.691729,data/raw/openfun/tw.gov.cec~txn~candidates-votes/1994/陳水扁-village-votes-page-2.json;data/raw/openfun/tw.gov.cec~txn~candidates-votes/1994/黃大洲-village-votes-page-2.json;data/raw/openfun/tw.gov.cec~txn~candidates-votes/1994/趙少康-village-votes-page-2.json,matched,exact-village-id; exact-village-id; exact-village-id
1994,內湖區,內湖里,內湖里,陳水扁,趙少康＋黃大洲,1009,1491,40.360000,59.640000,-19.280000,data/raw/openfun/tw.gov.cec~txn~candidates-votes/1994/陳水扁-village-votes-page-2.json;data/raw/openfun/tw.gov.cec~txn~candidates-votes/1994/黃大洲-village-votes-page-2.json;data/raw/openfun/tw.gov.cec~txn~candidates-votes/1994/趙少康-village-votes-page-2.json,matched,exact-village-id; exact-village-id; exact-village-id
1994,內湖區,內溝里,內溝里,陳水扁,趙少康＋黃大洲,1761,2262,43.773304,56.226696,-12.453393,data/raw/openfun/tw.gov.cec~txn~candidates-votes/1994/陳水扁-village-votes-page-2.json;data/raw/openfun/tw.gov.cec~txn~candidates-votes/1994/黃大洲-village-votes-page-2.json;data/raw/openfun/tw.gov.cec~txn~candidates-votes/1994/趙少康-village-votes-page-2.json,matched,exact-village-id; exact-village-id; exact-village-id
1994,內湖區,石潭里,石潭里,陳水扁,趙少康＋黃大洲,946,1073,46.854879,53.145121,-6.290243,data/raw/openfun/tw.gov.cec~txn~candidates-votes/1994/陳水扁-village-votes-page-2.json;data/raw/openfun/tw.gov.cec~txn~candidates-votes/1994/黃大洲-village-votes-page-2.json;data/raw/openfun/tw.gov.cec~txn~candidates-votes/1994/趙少康-village-votes-page-2.json,matched,exact-village-id; exact-village-id; exact-village-id
1994,內湖區,行善里,行善里,陳水扁,趙少康＋黃大洲,1116,926,54.652302,45.347698,9.304603,data/raw/openfun/tw.gov.cec~txn~candidates-votes/1994/陳水扁-village-votes-page-2.json;data/raw/openfun/tw.gov.cec~txn~candidates-votes/1994/黃大洲-village-votes-page-2.json;data/raw/openfun/tw.gov.cec~txn~candidates-votes/1994/趙少康-village-votes-page-2.json,matched,exact-village-id; exact-village-id; exact-village-id
1994,內湖區,西安里,西安里,陳水扁,趙少康＋黃大洲,1373,1937,41.480363,58.519637,-17.039275,data/raw/openfun/tw.gov.cec~txn~candidates-votes/1994/陳水扁-village-votes-page-2.json;data/raw/openfun/tw.gov.cec~txn~candidates-votes/1994/黃大洲-village-votes-page-2.json;data/raw/openfun/tw.gov.cec~txn~candidates-votes/1994/趙少康-village-votes-page-2.json,matched,exact-village-id; exact-village-id; exact-village-id
1994,內湖區,西康里,西康里,陳水扁,趙少康＋黃大洲,1548,2595,37.364229,62.635771,-25.271542,data/raw/openfun/tw.gov.cec~txn~candidates-votes/1994/陳水扁-village-votes-page-2.json;data/raw/openfun/tw.gov.cec~txn~candidates-votes/1994/黃大洲-village-votes-page-2.json;data/raw/openfun/tw.gov.cec~txn~candidates-votes/1994/趙少康-village-votes-page-2.json,matched,exact-village-id; exact-village-id; exact-village-id
1994,內湖區,西湖里,西湖里,陳水扁,趙少康＋黃大洲,2187,2567,46.003366,53.996634,-7.993269,data/raw/openfun/tw.gov.cec~txn~candidates-votes/1994/陳水扁-village-votes-page-2.json;data/raw/openfun/tw.gov.cec~txn~candidates-votes/1994/黃大洲-village-votes-page-2.json;data/raw/openfun/tw.gov.cec~txn~candidates-votes/1994/趙少康-village-votes-page-2.json,matched,exact-village-id; exact-village-id; exact-village-id
1994,內湖區,東湖里,東湖里,陳水扁,趙少康＋黃大洲,3247,3998,44.817115,55.182885,-10.365769,data/raw/openfun/tw.gov.cec~txn~candidates-votes/1994/陳水扁-village-votes-page-2.json;data/raw/openfun/tw.gov.cec~txn~candidates-votes/1994/黃大洲-village-votes-page-2.json;data/raw/openfun/tw.gov.cec~txn~candidates-votes/1994/趙少康-village-votes-page-2.json,matched,exact-village-id; exact-village-id; exact-village-id
1994,內湖區,金瑞里,金瑞里,陳水扁,趙少康＋黃大洲,1403,2052,40.607815,59.392185,-18.784370,data/raw/openfun/tw.gov.cec~txn~candidates-votes/1994/陳水扁-village-votes-page-2.json;data/raw/openfun/tw.gov.cec~txn~candidates-votes/1994/黃大洲-village-votes-page-2.json;data/raw/openfun/tw.gov.cec~txn~candidates-votes/1994/趙少康-village-votes-page-2.json,matched,exact-village-id; exact-village-id; exact-village-id
1994,內湖區,金龍里,金龍里,陳水扁,趙少康＋黃大洲,1342,2119,38.774921,61.225079,-22.450159,data/raw/openfun/tw.gov.cec~txn~candidates-votes/1994/陳水扁-village-votes-page-2.json;data/raw/openfun/tw.gov.cec~txn~candidates-votes/1994/黃大洲-village-votes-page-2.json;data/raw/openfun/tw.gov.cec~txn~candidates-votes/1994/趙少康-village-votes-page-2.json,matched,exact-village-id; exact-village-id; exact-village-id
1994,內湖區,清白里,清白里,陳水扁,趙少康＋黃大洲,825,1511,35.316781,64.683219,-29.366438,data/raw/openfun/tw.gov.cec~txn~candidates-votes/1994/陳水扁-village-votes-page-2.json;data/raw/openfun/tw.gov.cec~txn~candidates-votes/1994/黃大洲-village-votes-page-2.json;data/raw/openfun/tw.gov.cec~txn~candidates-votes/1994/趙少康-village-votes-page-2.json,matched,exact-village-id; exact-village-id; exact-village-id
1994,內湖區,港都里,港都里,陳水扁,趙少康＋黃大洲,3001,3239,48.092949,51.907051,-3.814103,data/raw/openfun/tw.gov.cec~txn~candidates-votes/1994/陳水扁-village-votes-page-2.json;data/raw/openfun/tw.gov.cec~txn~candidates-votes/1994/黃大洲-village-votes-page-2.json;data/raw/openfun/tw.gov.cec~txn~candidates-votes/1994/趙少康-village-votes-page-2.json,matched,exact-village-id; exact-village-id; exact-village-id
1994,內湖區,港富里,港富里,陳水扁,趙少康＋黃大洲,2440,2870,45.951036,54.048964,-8.097928,data/raw/openfun/tw.gov.cec~txn~candidates-votes/1994/陳水扁-village-votes-page-2.json;data/raw/openfun/tw.gov.cec~txn~candidates-votes/1994/黃大洲-village-votes-page-2.json;data/raw/openfun/tw.gov.cec~txn~candidates-votes/1994/趙少康-village-votes-page-2.json,matched,exact-village-id; exact-village-id; exact-village-id
1994,內湖區,港華里,港華里,陳水扁,趙少康＋黃大洲,1855,2465,42.939815,57.060185,-14.120370,data/raw/openfun/tw.gov.cec~txn~candidates-votes/1994/陳水扁-village-votes-page-2.json;data/raw/openfun/tw.gov.cec~txn~candidates-votes/1994/黃大洲-village-votes-page-2.json;data/raw/openfun/tw.gov.cec~txn~candidates-votes/1994/趙少康-village-votes-page-2.json,matched,exact-village-id; exact-village-id; exact-village-id
1994,內湖區,港墘里,港墘里,陳水扁,趙少康＋黃大洲,1243,1434,46.432574,53.567426,-7.134852,data/raw/openfun/tw.gov.cec~txn~candidates-votes/1994/陳水扁-village-votes-page-2.json;data/raw/openfun/tw.gov.cec~txn~candidates-votes/1994/黃大洲-village-votes-page-2.json;data/raw/openfun/tw.gov.cec~txn~candidates-votes/1994/趙少康-village-votes-page-2.json,matched,exact-village-id; exact-village-id; exact-village-id
1994,內湖區,湖元里,湖元里,陳水扁,趙少康＋黃大洲,1084,1414,43.394716,56.605284,-13.210568,data/raw/openfun/tw.gov.cec~txn~candidates-votes/1994/陳水扁-village-votes-page-2.json;data/raw/openfun/tw.gov.cec~txn~candidates-votes/1994/黃大洲-village-votes-page-2.json;data/raw/openfun/tw.gov.cec~txn~candidates-votes/1994/趙少康-village-votes-page-2.json,matched,exact-village-id; exact-village-id; exact-village-id
1994,內湖區,湖興里,湖興里,陳水扁,趙少康＋黃大洲,1603,2083,43.488877,56.511123,-13.022246,data/raw/openfun/tw.gov.cec~txn~candidates-votes/1994/陳水扁-village-votes-page-2.json;data/raw/openfun/tw.gov.cec~txn~candidates-votes/1994/黃大洲-village-votes-page-2.json;data/raw/openfun/tw.gov.cec~txn~candidates-votes/1994/趙少康-village-votes-page-2.json,matched,exact-village-id; exact-village-id; exact-village-id
1994,內湖區,湖濱里,湖濱里,陳水扁,趙少康＋黃大洲,1407,2685,34.384164,65.615836,-31.231672,data/raw/openfun/tw.gov.cec~txn~candidates-votes/1994/陳水扁-village-votes-page-2.json;data/raw/openfun/tw.gov.cec~txn~candidates-votes/1994/黃大洲-village-votes-page-2.json;data/raw/openfun/tw.gov.cec~txn~candidates-votes/1994/趙少康-village-votes-page-2.json,matched,exact-village-id; exact-village-id; exact-village-id
1994,內湖區,紫星里,紫星里,陳水扁,趙少康＋黃大洲,1981,2689,42.419700,57.580300,-15.160600,data/raw/openfun/tw.gov.cec~txn~candidates-votes/1994/陳水扁-village-votes-page-2.json;data/raw/openfun/tw.gov.cec~txn~candidates-votes/1994/黃大洲-village-votes-page-2.json;data/raw/openfun/tw.gov.cec~txn~candidates-votes/1994/趙少康-village-votes-page-2.json,matched,exact-village-id; exact-village-id; exact-village-id
1994,內湖區,紫陽里,紫陽里,陳水扁,趙少康＋黃大洲,1448,2301,38.623633,61.376367,-22.752734,data/raw/openfun/tw.gov.cec~txn~candidates-votes/1994/陳水扁-village-votes-page-2.json;data/raw/openfun/tw.gov.cec~txn~candidates-votes/1994/黃大洲-village-votes-page-2.json;data/raw/openfun/tw.gov.cec~txn~candidates-votes/1994/趙少康-village-votes-page-2.json,matched,exact-village-id; exact-village-id; exact-village-id
1994,內湖區,紫雲里,紫雲里,陳水扁,趙少康＋黃大洲,856,2121,28.753779,71.246221,-42.492442,data/raw/openfun/tw.gov.cec~txn~candidates-votes/1994/陳水扁-village-votes-page-2.json;data/raw/openfun/tw.gov.cec~txn~candidates-votes/1994/黃大洲-village-votes-page-2.json;data/raw/openfun/tw.gov.cec~txn~candidates-votes/1994/趙少康-village-votes-page-2.json,matched,exact-village-id; exact-village-id; exact-village-id
1994,內湖區,週美里,週美里,陳水扁,趙少康＋黃大洲,1666,1199,58.150087,41.849913,16.300175,data/raw/openfun/tw.gov.cec~txn~candidates-votes/1994/陳水扁-village-votes-page-2.json;data/raw/openfun/tw.gov.cec~txn~candidates-votes/1994/黃大洲-village-votes-page-2.json;data/raw/openfun/tw.gov.cec~txn~candidates-votes/1994/趙少康-village-votes-page-2.json,matched,exact-village-id; exact-village-id; exact-village-id
1994,內湖區,瑞光里,瑞光里,陳水扁,趙少康＋黃大洲,801,1962,28.990228,71.009772,-42.019544,data/raw/openfun/tw.gov.cec~txn~candidates-votes/1994/陳水扁-village-votes-page-2.json;data/raw/openfun/tw.gov.cec~txn~candidates-votes/1994/黃大洲-village-votes-page-2.json;data/raw/openfun/tw.gov.cec~txn~candidates-votes/1994/趙少康-village-votes-page-2.json,matched,exact-village-id; exact-village-id; exact-village-id
1994,內湖區,瑞陽里,瑞陽里,陳水扁,趙少康＋黃大洲,1086,3307,24.721147,75.278853,-50.557705,data/raw/openfun/tw.gov.cec~txn~candidates-votes/1994/陳水扁-village-votes-page-2.json;data/raw/openfun/tw.gov.cec~txn~candidates-votes/1994/黃大洲-village-votes-page-2.json;data/raw/openfun/tw.gov.cec~txn~candidates-votes/1994/趙少康-village-votes-page-2.json,matched,exact-village-id; exact-village-id; exact-village-id
1994,內湖區,葫洲里,葫洲里,陳水扁,趙少康＋黃大洲,3558,4860,42.266572,57.733428,-15.466857,data/raw/openfun/tw.gov.cec~txn~candidates-votes/1994/陳水扁-village-votes-page-2.json;data/raw/openfun/tw.gov.cec~txn~candidates-votes/1994/黃大洲-village-votes-page-2.json;data/raw/openfun/tw.gov.cec~txn~candidates-votes/1994/趙少康-village-votes-page-2.json,matched,exact-village-id; exact-village-id; exact-village-id
1994,內湖區,碧山里,碧山里,陳水扁,趙少康＋黃大洲,1411,2008,41.269377,58.730623,-17.461246,data/raw/openfun/tw.gov.cec~txn~candidates-votes/1994/陳水扁-village-votes-page-2.json;data/raw/openfun/tw.gov.cec~txn~candidates-votes/1994/黃大洲-village-votes-page-2.json;data/raw/openfun/tw.gov.cec~txn~candidates-votes/1994/趙少康-village-votes-page-2.json,matched,exact-village-id; exact-village-id; exact-village-id
1994,內湖區,樂康里,樂康里,陳水扁,趙少康＋黃大洲,1728,2093,45.223763,54.776237,-9.552473,data/raw/openfun/tw.gov.cec~txn~candidates-votes/1994/陳水扁-village-votes-page-2.json;data/raw/openfun/tw.gov.cec~txn~candidates-votes/1994/黃大洲-village-votes-page-2.json;data/raw/openfun/tw.gov.cec~txn~candidates-votes/1994/趙少康-village-votes-page-2.json,matched,exact-village-id; exact-village-id; exact-village-id
1994,文山區,木柵里,木柵里,陳水扁,趙少康＋黃大洲,1147,2792,29.119066,70.880934,-41.761868,data/raw/openfun/tw.gov.cec~txn~candidates-votes/1994/陳水扁-village-votes-page-2.json;data/raw/openfun/tw.gov.cec~txn~candidates-votes/1994/黃大洲-village-votes-page-2.json;data/raw/openfun/tw.gov.cec~txn~candidates-votes/1994/趙少康-village-votes-page-2.json,matched,exact-village-id; exact-village-id; exact-village-id
1994,文山區,木新里,木新里,陳水扁,趙少康＋黃大洲,1794,2630,40.551537,59.448463,-18.896926,data/raw/openfun/tw.gov.cec~txn~candidates-votes/1994/陳水扁-village-votes-page-2.json;data/raw/openfun/tw.gov.cec~txn~candidates-votes/1994/黃大洲-village-votes-page-2.json;data/raw/openfun/tw.gov.cec~txn~candidates-votes/1994/趙少康-village-votes-page-2.json,matched,exact-village-id; exact-village-id; exact-village-id
1994,文山區,老泉里,老泉里,陳水扁,趙少康＋黃大洲,320,178,64.257028,35.742972,28.514056,data/raw/openfun/tw.gov.cec~txn~candidates-votes/1994/陳水扁-village-votes-page-2.json;data/raw/openfun/tw.gov.cec~txn~candidates-votes/1994/黃大洲-village-votes-page-2.json;data/raw/openfun/tw.gov.cec~txn~candidates-votes/1994/趙少康-village-votes-page-2.json,matched,exact-village-id; exact-village-id; exact-village-id
1994,文山區,明義里,明義里,陳水扁,趙少康＋黃大洲,698,1843,27.469500,72.530500,-45.061000,data/raw/openfun/tw.gov.cec~txn~candidates-votes/1994/陳水扁-village-votes-page-2.json;data/raw/openfun/tw.gov.cec~txn~candidates-votes/1994/黃大洲-village-votes-page-2.json;data/raw/openfun/tw.gov.cec~txn~candidates-votes/1994/趙少康-village-votes-page-2.json,matched,exact-village-id; exact-village-id; exact-village-id
1994,文山區,明興里,明興里,陳水扁,趙少康＋黃大洲,1024,2281,30.983359,69.016641,-38.033283,data/raw/openfun/tw.gov.cec~txn~candidates-votes/1994/陳水扁-village-votes-page-2.json;data/raw/openfun/tw.gov.cec~txn~candidates-votes/1994/黃大洲-village-votes-page-2.json;data/raw/openfun/tw.gov.cec~txn~candidates-votes/1994/趙少康-village-votes-page-2.json,matched,exact-village-id; exact-village-id; exact-village-id
1994,文山區,指南里,指南里,陳水扁,趙少康＋黃大洲,725,716,50.312283,49.687717,0.624566,data/raw/openfun/tw.gov.cec~txn~candidates-votes/1994/陳水扁-village-votes-page-2.json;data/raw/openfun/tw.gov.cec~txn~candidates-votes/1994/黃大洲-village-votes-page-2.json;data/raw/openfun/tw.gov.cec~txn~candidates-votes/1994/趙少康-village-votes-page-2.json,matched,exact-village-id; exact-village-id; exact-village-id
1994,文山區,博嘉里,博嘉里,陳水扁,趙少康＋黃大洲,781,1347,36.701128,63.298872,-26.597744,data/raw/openfun/tw.gov.cec~txn~candidates-votes/1994/陳水扁-village-votes-page-2.json;data/raw/openfun/tw.gov.cec~txn~candidates-votes/1994/黃大洲-village-votes-page-2.json;data/raw/openfun/tw.gov.cec~txn~candidates-votes/1994/趙少康-village-votes-page-2.json,matched,exact-village-id; exact-village-id; exact-village-id
1994,文山區,景仁里,景仁里,陳水扁,趙少康＋黃大洲,942,1482,38.861386,61.138614,-22.277228,data/raw/openfun/tw.gov.cec~txn~candidates-votes/1994/陳水扁-village-votes-page-2.json;data/raw/openfun/tw.gov.cec~txn~candidates-votes/1994/黃大洲-village-votes-page-2.json;data/raw/openfun/tw.gov.cec~txn~candidates-votes/1994/趙少康-village-votes-page-2.json,matched,exact-village-id; exact-village-id; exact-village-id
1994,文山區,景行里,景行里,陳水扁,趙少康＋黃大洲,1646,1374,54.503311,45.496689,9.006623,data/raw/openfun/tw.gov.cec~txn~candidates-votes/1994/陳水扁-village-votes-page-2.json;data/raw/openfun/tw.gov.cec~txn~candidates-votes/1994/黃大洲-village-votes-page-2.json;data/raw/openfun/tw.gov.cec~txn~candidates-votes/1994/趙少康-village-votes-page-2.json,matched,exact-village-id; exact-village-id; exact-village-id
1994,文山區,景東里,景東里,陳水扁,趙少康＋黃大洲,939,2207,29.847425,70.152575,-40.305149,data/raw/openfun/tw.gov.cec~txn~candidates-votes/1994/陳水扁-village-votes-page-2.json;data/raw/openfun/tw.gov.cec~txn~candidates-votes/1994/黃大洲-village-votes-page-2.json;data/raw/openfun/tw.gov.cec~txn~candidates-votes/1994/趙少康-village-votes-page-2.json,matched,exact-village-id; exact-village-id; exact-village-id
1994,文山區,景美里,景美里,陳水扁,趙少康＋黃大洲,946,1630,36.723602,63.276398,-26.552795,data/raw/openfun/tw.gov.cec~txn~candidates-votes/1994/陳水扁-village-votes-page-2.json;data/raw/openfun/tw.gov.cec~txn~candidates-votes/1994/黃大洲-village-votes-page-2.json;data/raw/openfun/tw.gov.cec~txn~candidates-votes/1994/趙少康-village-votes-page-2.json,matched,exact-village-id; exact-village-id; exact-village-id
1994,文山區,景華里,景華里,陳水扁,趙少康＋黃大洲,1237,2189,36.106246,63.893754,-27.787507,data/raw/openfun/tw.gov.cec~txn~candidates-votes/1994/陳水扁-village-votes-page-2.json;data/raw/openfun/tw.gov.cec~txn~candidates-votes/1994/黃大洲-village-votes-page-2.json;data/raw/openfun/tw.gov.cec~txn~candidates-votes/1994/趙少康-village-votes-page-2.json,matched,exact-village-id; exact-village-id; exact-village-id
1994,文山區,景慶里,景慶里,陳水扁,趙少康＋黃大洲,1317,2282,36.593498,63.406502,-26.813004,data/raw/openfun/tw.gov.cec~txn~candidates-votes/1994/陳水扁-village-votes-page-2.json;data/raw/openfun/tw.gov.cec~txn~candidates-votes/1994/黃大洲-village-votes-page-2.json;data/raw/openfun/tw.gov.cec~txn~candidates-votes/1994/趙少康-village-votes-page-2.json,matched,exact-village-id; exact-village-id; exact-village-id
1994,文山區,華興里,華興里,陳水扁,趙少康＋黃大洲,1276,2603,32.895076,67.104924,-34.209848,data/raw/openfun/tw.gov.cec~txn~candidates-votes/1994/陳水扁-village-votes-page-2.json;data/raw/openfun/tw.gov.cec~txn~candidates-votes/1994/黃大洲-village-votes-page-2.json;data/raw/openfun/tw.gov.cec~txn~candidates-votes/1994/趙少康-village-votes-page-2.json,matched,exact-village-id; exact-village-id; exact-village-id
1994,文山區,順興里,順興里,陳水扁,趙少康＋黃大洲,1865,3536,34.530642,65.469358,-30.938715,data/raw/openfun/tw.gov.cec~txn~candidates-votes/1994/陳水扁-village-votes-page-2.json;data/raw/openfun/tw.gov.cec~txn~candidates-votes/1994/黃大洲-village-votes-page-2.json;data/raw/openfun/tw.gov.cec~txn~candidates-votes/1994/趙少康-village-votes-page-2.json,matched,exact-village-id; exact-village-id; exact-village-id
1994,文山區,萬年里,萬年里,陳水扁,趙少康＋黃大洲,1164,2034,36.397749,63.602251,-27.204503,data/raw/openfun/tw.gov.cec~txn~candidates-votes/1994/陳水扁-village-votes-page-2.json;data/raw/openfun/tw.gov.cec~txn~candidates-votes/1994/黃大洲-village-votes-page-2.json;data/raw/openfun/tw.gov.cec~txn~candidates-votes/1994/趙少康-village-votes-page-2.json,matched,exact-village-id; exact-village-id; exact-village-id
1994,文山區,萬有里,萬有里,陳水扁,趙少康＋黃大洲,1007,1776,36.183974,63.816026,-27.632052,data/raw/openfun/tw.gov.cec~txn~candidates-votes/1994/陳水扁-village-votes-page-2.json;data/raw/openfun/tw.gov.cec~txn~candidates-votes/1994/黃大洲-village-votes-page-2.json;data/raw/openfun/tw.gov.cec~txn~candidates-votes/1994/趙少康-village-votes-page-2.json,matched,exact-village-id; exact-village-id; exact-village-id
1994,文山區,萬和里,萬和里,陳水扁,趙少康＋黃大洲,508,1972,20.483871,79.516129,-59.032258,data/raw/openfun/tw.gov.cec~txn~candidates-votes/1994/陳水扁-village-votes-page-2.json;data/raw/openfun/tw.gov.cec~txn~candidates-votes/1994/黃大洲-village-votes-page-2.json;data/raw/openfun/tw.gov.cec~txn~candidates-votes/1994/趙少康-village-votes-page-2.json,matched,exact-village-id; exact-village-id; exact-village-id
1994,文山區,萬芳里,萬芳里,陳水扁,趙少康＋黃大洲,1701,3663,31.711409,68.288591,-36.577181,data/raw/openfun/tw.gov.cec~txn~candidates-votes/1994/陳水扁-village-votes-page-2.json;data/raw/openfun/tw.gov.cec~txn~candidates-votes/1994/黃大洲-village-votes-page-2.json;data/raw/openfun/tw.gov.cec~txn~candidates-votes/1994/趙少康-village-votes-page-2.json,matched,exact-village-id; exact-village-id; exact-village-id
1994,文山區,萬盛里,萬盛里,陳水扁,趙少康＋黃大洲,866,1975,30.482225,69.517775,-39.035551,data/raw/openfun/tw.gov.cec~txn~candidates-votes/1994/陳水扁-village-votes-page-2.json;data/raw/openfun/tw.gov.cec~txn~candidates-votes/1994/黃大洲-village-votes-page-2.json;data/raw/openfun/tw.gov.cec~txn~candidates-votes/1994/趙少康-village-votes-page-2.json,matched,exact-village-id; exact-village-id; exact-village-id
1994,文山區,萬祥里,萬祥里,陳水扁,趙少康＋黃大洲,1106,1893,36.878960,63.121040,-26.242081,data/raw/openfun/tw.gov.cec~txn~candidates-votes/1994/陳水扁-village-votes-page-2.json;data/raw/openfun/tw.gov.cec~txn~candidates-votes/1994/黃大洲-village-votes-page-2.json;data/raw/openfun/tw.gov.cec~txn~candidates-votes/1994/趙少康-village-votes-page-2.json,matched,exact-village-id; exact-village-id; exact-village-id
1994,文山區,萬隆里,萬隆里,陳水扁,趙少康＋黃大洲,1036,2183,32.183908,67.816092,-35.632184,data/raw/openfun/tw.gov.cec~txn~candidates-votes/1994/陳水扁-village-votes-page-2.json;data/raw/openfun/tw.gov.cec~txn~candidates-votes/1994/黃大洲-village-votes-page-2.json;data/raw/openfun/tw.gov.cec~txn~candidates-votes/1994/趙少康-village-votes-page-2.json,matched,exact-village-id; exact-village-id; exact-village-id
1994,文山區,萬興里,萬興里,陳水扁,趙少康＋黃大洲,1453,2235,39.398048,60.601952,-21.203905,data/raw/openfun/tw.gov.cec~txn~candidates-votes/1994/陳水扁-village-votes-page-2.json;data/raw/openfun/tw.gov.cec~txn~candidates-votes/1994/黃大洲-village-votes-page-2.json;data/raw/openfun/tw.gov.cec~txn~candidates-votes/1994/趙少康-village-votes-page-2.json,matched,exact-village-id; exact-village-id; exact-village-id
1994,文山區,試院里,試院里,陳水扁,趙少康＋黃大洲,919,2547,26.514714,73.485286,-46.970571,data/raw/openfun/tw.gov.cec~txn~candidates-votes/1994/陳水扁-village-votes-page-2.json;data/raw/openfun/tw.gov.cec~txn~candidates-votes/1994/黃大洲-village-votes-page-2.json;data/raw/openfun/tw.gov.cec~txn~candidates-votes/1994/趙少康-village-votes-page-2.json,matched,exact-village-id; exact-village-id; exact-village-id
1994,文山區,樟林里,樟林里,陳水扁,趙少康＋黃大洲,1432,3376,29.783694,70.216306,-40.432612,data/raw/openfun/tw.gov.cec~txn~candidates-votes/1994/陳水扁-village-votes-page-2.json;data/raw/openfun/tw.gov.cec~txn~candidates-votes/1994/黃大洲-village-votes-page-2.json;data/raw/openfun/tw.gov.cec~txn~candidates-votes/1994/趙少康-village-votes-page-2.json,matched,exact-village-id; exact-village-id; exact-village-id
1994,文山區,樟新里,樟新里,陳水扁,趙少康＋黃大洲,1954,3457,36.111624,63.888376,-27.776751,data/raw/openfun/tw.gov.cec~txn~candidates-votes/1994/陳水扁-village-votes-page-2.json;data/raw/openfun/tw.gov.cec~txn~candidates-votes/1994/黃大洲-village-votes-page-2.json;data/raw/openfun/tw.gov.cec~txn~candidates-votes/1994/趙少康-village-votes-page-2.json,matched,exact-village-id; exact-village-id; exact-village-id
1994,文山區,樟腳里,樟腳里,陳水扁,趙少康＋黃大洲,1983,3109,38.943441,61.056559,-22.113119,data/raw/openfun/tw.gov.cec~txn~candidates-votes/1994/陳水扁-village-votes-page-2.json;data/raw/openfun/tw.gov.cec~txn~candidates-votes/1994/黃大洲-village-votes-page-2.json;data/raw/openfun/tw.gov.cec~txn~candidates-votes/1994/趙少康-village-votes-page-2.json,matched,exact-village-id; exact-village-id; exact-village-id
1994,文山區,興光里,興光里,陳水扁,趙少康＋黃大洲,863,1587,35.224490,64.775510,-29.551020,data/raw/openfun/tw.gov.cec~txn~candidates-votes/1994/陳水扁-village-votes-page-2.json;data/raw/openfun/tw.gov.cec~txn~candidates-votes/1994/黃大洲-village-votes-page-2.json;data/raw/openfun/tw.gov.cec~txn~candidates-votes/1994/趙少康-village-votes-page-2.json,matched,exact-village-id; exact-village-id; exact-village-id
1994,文山區,興安里,興安里,陳水扁,趙少康＋黃大洲,854,1877,31.270597,68.729403,-37.458806,data/raw/openfun/tw.gov.cec~txn~candidates-votes/1994/陳水扁-village-votes-page-2.json;data/raw/openfun/tw.gov.cec~txn~candidates-votes/1994/黃大洲-village-votes-page-2.json;data/raw/openfun/tw.gov.cec~txn~candidates-votes/1994/趙少康-village-votes-page-2.json,matched,exact-village-id; exact-village-id; exact-village-id
1994,文山區,興旺里,興旺里,陳水扁,趙少康＋黃大洲,888,2049,30.234934,69.765066,-39.530133,data/raw/openfun/tw.gov.cec~txn~candidates-votes/1994/陳水扁-village-votes-page-2.json;data/raw/openfun/tw.gov.cec~txn~candidates-votes/1994/黃大洲-village-votes-page-2.json;data/raw/openfun/tw.gov.cec~txn~candidates-votes/1994/趙少康-village-votes-page-2.json,matched,exact-village-id; exact-village-id; exact-village-id
1994,文山區,興昌里,興昌里,陳水扁,趙少康＋黃大洲,623,1615,27.837355,72.162645,-44.325290,data/raw/openfun/tw.gov.cec~txn~candidates-votes/1994/陳水扁-village-votes-page-2.json;data/raw/openfun/tw.gov.cec~txn~candidates-votes/1994/黃大洲-village-votes-page-2.json;data/raw/openfun/tw.gov.cec~txn~candidates-votes/1994/趙少康-village-votes-page-2.json,matched,exact-village-id; exact-village-id; exact-village-id
1994,文山區,興家里,興家里,陳水扁,趙少康＋黃大洲,954,2389,28.537242,71.462758,-42.925516,data/raw/openfun/tw.gov.cec~txn~candidates-votes/1994/陳水扁-village-votes-page-2.json;data/raw/openfun/tw.gov.cec~txn~candidates-votes/1994/黃大洲-village-votes-page-2.json;data/raw/openfun/tw.gov.cec~txn~candidates-votes/1994/趙少康-village-votes-page-2.json,matched,exact-village-id; exact-village-id; exact-village-id
1994,文山區,興泰里,興泰里,陳水扁,趙少康＋黃大洲,589,1343,30.486542,69.513458,-39.026915,data/raw/openfun/tw.gov.cec~txn~candidates-votes/1994/陳水扁-village-votes-page-2.json;data/raw/openfun/tw.gov.cec~txn~candidates-votes/1994/黃大洲-village-votes-page-2.json;data/raw/openfun/tw.gov.cec~txn~candidates-votes/1994/趙少康-village-votes-page-2.json,matched,exact-village-id; exact-village-id; exact-village-id
1994,文山區,興得里,興得里,陳水扁,趙少康＋黃大洲,1108,2359,31.958466,68.041534,-36.083069,data/raw/openfun/tw.gov.cec~txn~candidates-votes/1994/陳水扁-village-votes-page-2.json;data/raw/openfun/tw.gov.cec~txn~candidates-votes/1994/黃大洲-village-votes-page-2.json;data/raw/openfun/tw.gov.cec~txn~candidates-votes/1994/趙少康-village-votes-page-2.json,matched,exact-village-id; exact-village-id; exact-village-id
1994,文山區,興業里,興業里,陳水扁,趙少康＋黃大洲,868,2281,27.564306,72.435694,-44.871388,data/raw/openfun/tw.gov.cec~txn~candidates-votes/1994/陳水扁-village-votes-page-2.json;data/raw/openfun/tw.gov.cec~txn~candidates-votes/1994/黃大洲-village-votes-page-2.json;data/raw/openfun/tw.gov.cec~txn~candidates-votes/1994/趙少康-village-votes-page-2.json,matched,exact-village-id; exact-village-id; exact-village-id
1994,文山區,興福里,興福里,陳水扁,趙少康＋黃大洲,1304,2129,37.984270,62.015730,-24.031459,data/raw/openfun/tw.gov.cec~txn~candidates-votes/1994/陳水扁-village-votes-page-2.json;data/raw/openfun/tw.gov.cec~txn~candidates-votes/1994/黃大洲-village-votes-page-2.json;data/raw/openfun/tw.gov.cec~txn~candidates-votes/1994/趙少康-village-votes-page-2.json,matched,exact-village-id; exact-village-id; exact-village-id
1994,文山區,興豐里,興豐里,陳水扁,趙少康＋黃大洲,1330,2509,34.644439,65.355561,-30.711123,data/raw/openfun/tw.gov.cec~txn~candidates-votes/1994/陳水扁-village-votes-page-2.json;data/raw/openfun/tw.gov.cec~txn~candidates-votes/1994/黃大洲-village-votes-page-2.json;data/raw/openfun/tw.gov.cec~txn~candidates-votes/1994/趙少康-village-votes-page-2.json,matched,exact-village-id; exact-village-id; exact-village-id
1994,北投區,一德里,一德里,陳水扁,趙少康＋黃大洲,2031,1565,56.479422,43.520578,12.958843,data/raw/openfun/tw.gov.cec~txn~candidates-votes/1994/陳水扁-village-votes-page-3.json;data/raw/openfun/tw.gov.cec~txn~candidates-votes/1994/黃大洲-village-votes-page-3.json;data/raw/openfun/tw.gov.cec~txn~candidates-votes/1994/趙少康-village-votes-page-3.json,matched,exact-village-id; exact-village-id; exact-village-id
1994,北投區,八仙里,八仙里,陳水扁,趙少康＋黃大洲,1424,1073,57.028434,42.971566,14.056868,data/raw/openfun/tw.gov.cec~txn~candidates-votes/1994/陳水扁-village-votes-page-3.json;data/raw/openfun/tw.gov.cec~txn~candidates-votes/1994/黃大洲-village-votes-page-3.json;data/raw/openfun/tw.gov.cec~txn~candidates-votes/1994/趙少康-village-votes-page-3.json,matched,exact-village-id; exact-village-id; exact-village-id
1994,北投區,大同里,大同里,陳水扁,趙少康＋黃大洲,1770,1250,58.609272,41.390728,17.218543,data/raw/openfun/tw.gov.cec~txn~candidates-votes/1994/陳水扁-village-votes-page-3.json;data/raw/openfun/tw.gov.cec~txn~candidates-votes/1994/黃大洲-village-votes-page-3.json;data/raw/openfun/tw.gov.cec~txn~candidates-votes/1994/趙少康-village-votes-page-3.json,matched,exact-village-id; exact-village-id; exact-village-id
1994,北投區,中心里,中心里,陳水扁,趙少康＋黃大洲,1478,1724,46.158651,53.841349,-7.682698,data/raw/openfun/tw.gov.cec~txn~candidates-votes/1994/陳水扁-village-votes-page-3.json;data/raw/openfun/tw.gov.cec~txn~candidates-votes/1994/黃大洲-village-votes-page-3.json;data/raw/openfun/tw.gov.cec~txn~candidates-votes/1994/趙少康-village-votes-page-3.json,matched,exact-village-id; exact-village-id; exact-village-id
1994,北投區,中央里,中央里,陳水扁,趙少康＋黃大洲,2600,2005,56.460369,43.539631,12.920738,data/raw/openfun/tw.gov.cec~txn~candidates-votes/1994/陳水扁-village-votes-page-3.json;data/raw/openfun/tw.gov.cec~txn~candidates-votes/1994/黃大洲-village-votes-page-3.json;data/raw/openfun/tw.gov.cec~txn~candidates-votes/1994/趙少康-village-votes-page-3.json,matched,exact-village-id; exact-village-id; exact-village-id
1994,北投區,中和里,中和里,陳水扁,趙少康＋黃大洲,1484,1705,46.534964,53.465036,-6.930072,data/raw/openfun/tw.gov.cec~txn~candidates-votes/1994/陳水扁-village-votes-page-3.json;data/raw/openfun/tw.gov.cec~txn~candidates-votes/1994/黃大洲-village-votes-page-3.json;data/raw/openfun/tw.gov.cec~txn~candidates-votes/1994/趙少康-village-votes-page-3.json,matched,exact-village-id; exact-village-id; exact-village-id
1994,北投區,中庸里,中庸里,陳水扁,趙少康＋黃大洲,1369,1357,50.220103,49.779897,0.440205,data/raw/openfun/tw.gov.cec~txn~candidates-votes/1994/陳水扁-village-votes-page-3.json;data/raw/openfun/tw.gov.cec~txn~candidates-votes/1994/黃大洲-village-votes-page-3.json;data/raw/openfun/tw.gov.cec~txn~candidates-votes/1994/趙少康-village-votes-page-3.json,matched,exact-village-id; exact-village-id; exact-village-id
1994,北投區,文化里,文化里,陳水扁,趙少康＋黃大洲,505,1582,24.197413,75.802587,-51.605175,data/raw/openfun/tw.gov.cec~txn~candidates-votes/1994/陳水扁-village-votes-page-3.json;data/raw/openfun/tw.gov.cec~txn~candidates-votes/1994/黃大洲-village-votes-page-3.json;data/raw/openfun/tw.gov.cec~txn~candidates-votes/1994/趙少康-village-votes-page-3.json,matched,exact-village-id; exact-village-id; exact-village-id
1994,北投區,文林里,文林里,陳水扁,趙少康＋黃大洲,1396,1163,54.552560,45.447440,9.105119,data/raw/openfun/tw.gov.cec~txn~candidates-votes/1994/陳水扁-village-votes-page-2.json;data/raw/openfun/tw.gov.cec~txn~candidates-votes/1994/黃大洲-village-votes-page-2.json;data/raw/openfun/tw.gov.cec~txn~candidates-votes/1994/趙少康-village-votes-page-2.json,matched,exact-village-id; exact-village-id; exact-village-id
1994,北投區,永和里,永和里,陳水扁,趙少康＋黃大洲,1821,2129,46.101266,53.898734,-7.797468,data/raw/openfun/tw.gov.cec~txn~candidates-votes/1994/陳水扁-village-votes-page-3.json;data/raw/openfun/tw.gov.cec~txn~candidates-votes/1994/黃大洲-village-votes-page-3.json;data/raw/openfun/tw.gov.cec~txn~candidates-votes/1994/趙少康-village-votes-page-3.json,matched,exact-village-id; exact-village-id; exact-village-id
1994,北投區,永明里,永明里,陳水扁,趙少康＋黃大洲,1097,1339,45.032841,54.967159,-9.934319,data/raw/openfun/tw.gov.cec~txn~candidates-votes/1994/陳水扁-village-votes-page-3.json;data/raw/openfun/tw.gov.cec~txn~candidates-votes/1994/黃大洲-village-votes-page-3.json;data/raw/openfun/tw.gov.cec~txn~candidates-votes/1994/趙少康-village-votes-page-3.json,matched,exact-village-id; exact-village-id; exact-village-id
1994,北投區,永欣里,永欣里,陳水扁,趙少康＋黃大洲,1171,2173,35.017943,64.982057,-29.964115,data/raw/openfun/tw.gov.cec~txn~candidates-votes/1994/陳水扁-village-votes-page-3.json;data/raw/openfun/tw.gov.cec~txn~candidates-votes/1994/黃大洲-village-votes-page-3.json;data/raw/openfun/tw.gov.cec~txn~candidates-votes/1994/趙少康-village-votes-page-3.json,matched,exact-village-id; exact-village-id; exact-village-id
1994,北投區,石牌里,石牌里,陳水扁,趙少康＋黃大洲,1759,1590,52.523141,47.476859,5.046282,data/raw/openfun/tw.gov.cec~txn~candidates-votes/1994/陳水扁-village-votes-page-2.json;data/raw/openfun/tw.gov.cec~txn~candidates-votes/1994/黃大洲-village-votes-page-2.json;data/raw/openfun/tw.gov.cec~txn~candidates-votes/1994/趙少康-village-votes-page-2.json,matched,exact-village-id; exact-village-id; exact-village-id
1994,北投區,立農里,立農里,陳水扁,趙少康＋黃大洲,2478,2360,51.219512,48.780488,2.439024,data/raw/openfun/tw.gov.cec~txn~candidates-votes/1994/陳水扁-village-votes-page-3.json;data/raw/openfun/tw.gov.cec~txn~candidates-votes/1994/黃大洲-village-votes-page-3.json;data/raw/openfun/tw.gov.cec~txn~candidates-votes/1994/趙少康-village-votes-page-3.json,matched,exact-village-id; exact-village-id; exact-village-id
1994,北投區,立賢里,立賢里,陳水扁,趙少康＋黃大洲,1511,1526,49.753046,50.246954,-0.493908,data/raw/openfun/tw.gov.cec~txn~candidates-votes/1994/陳水扁-village-votes-page-3.json;data/raw/openfun/tw.gov.cec~txn~candidates-votes/1994/黃大洲-village-votes-page-3.json;data/raw/openfun/tw.gov.cec~txn~candidates-votes/1994/趙少康-village-votes-page-3.json,matched,exact-village-id; exact-village-id; exact-village-id
1994,北投區,吉利里,吉利里,陳水扁,趙少康＋黃大洲,1491,2041,42.214043,57.785957,-15.571914,data/raw/openfun/tw.gov.cec~txn~candidates-votes/1994/陳水扁-village-votes-page-3.json;data/raw/openfun/tw.gov.cec~txn~candidates-votes/1994/黃大洲-village-votes-page-3.json;data/raw/openfun/tw.gov.cec~txn~candidates-votes/1994/趙少康-village-votes-page-3.json,matched,exact-village-id; exact-village-id; exact-village-id
1994,北投區,吉慶里,吉慶里,陳水扁,趙少康＋黃大洲,1558,1416,52.387357,47.612643,4.774714,data/raw/openfun/tw.gov.cec~txn~candidates-votes/1994/陳水扁-village-votes-page-3.json;data/raw/openfun/tw.gov.cec~txn~candidates-votes/1994/黃大洲-village-votes-page-3.json;data/raw/openfun/tw.gov.cec~txn~candidates-votes/1994/趙少康-village-votes-page-3.json,matched,exact-village-id; exact-village-id; exact-village-id
1994,北投區,秀山里,秀山里,陳水扁,趙少康＋黃大洲,1085,1280,45.877378,54.122622,-8.245243,data/raw/openfun/tw.gov.cec~txn~candidates-votes/1994/陳水扁-village-votes-page-3.json;data/raw/openfun/tw.gov.cec~txn~candidates-votes/1994/黃大洲-village-votes-page-3.json;data/raw/openfun/tw.gov.cec~txn~candidates-votes/1994/趙少康-village-votes-page-3.json,matched,exact-village-id; exact-village-id; exact-village-id
1994,北投區,奇岩里,奇岩里,陳水扁,趙少康＋黃大洲,2566,2582,49.844600,50.155400,-0.310800,data/raw/openfun/tw.gov.cec~txn~candidates-votes/1994/陳水扁-village-votes-page-3.json;data/raw/openfun/tw.gov.cec~txn~candidates-votes/1994/黃大洲-village-votes-page-3.json;data/raw/openfun/tw.gov.cec~txn~candidates-votes/1994/趙少康-village-votes-page-3.json,matched,exact-village-id; exact-village-id; exact-village-id
1994,北投區,東華里,東華里,陳水扁,趙少康＋黃大洲,1081,1763,38.009845,61.990155,-23.980309,data/raw/openfun/tw.gov.cec~txn~candidates-votes/1994/陳水扁-village-votes-page-3.json;data/raw/openfun/tw.gov.cec~txn~candidates-votes/1994/黃大洲-village-votes-page-3.json;data/raw/openfun/tw.gov.cec~txn~candidates-votes/1994/趙少康-village-votes-page-3.json,matched,exact-village-id; exact-village-id; exact-village-id
1994,北投區,林泉里,林泉里,陳水扁,趙少康＋黃大洲,738,1366,35.076046,64.923954,-29.847909,data/raw/openfun/tw.gov.cec~txn~candidates-votes/1994/陳水扁-village-votes-page-3.json;data/raw/openfun/tw.gov.cec~txn~candidates-votes/1994/黃大洲-village-votes-page-3.json;data/raw/openfun/tw.gov.cec~txn~candidates-votes/1994/趙少康-village-votes-page-3.json,matched,exact-village-id; exact-village-id; exact-village-id
1994,北投區,長安里,長安里,陳水扁,趙少康＋黃大洲,1561,1652,48.583878,51.416122,-2.832244,data/raw/openfun/tw.gov.cec~txn~candidates-votes/1994/陳水扁-village-votes-page-3.json;data/raw/openfun/tw.gov.cec~txn~candidates-votes/1994/黃大洲-village-votes-page-3.json;data/raw/openfun/tw.gov.cec~txn~candidates-votes/1994/趙少康-village-votes-page-3.json,matched,exact-village-id; exact-village-id; exact-village-id
1994,北投區,建民里,建民里,陳水扁,趙少康＋黃大洲,1499,1403,51.654032,48.345968,3.308063,data/raw/openfun/tw.gov.cec~txn~candidates-votes/1994/陳水扁-village-votes-page-2.json;data/raw/openfun/tw.gov.cec~txn~candidates-votes/1994/黃大洲-village-votes-page-2.json;data/raw/openfun/tw.gov.cec~txn~candidates-votes/1994/趙少康-village-votes-page-2.json,matched,exact-village-id; exact-village-id; exact-village-id
1994,北投區,泉源里,泉源里,陳水扁,趙少康＋黃大洲,771,624,55.268817,44.731183,10.537634,data/raw/openfun/tw.gov.cec~txn~candidates-votes/1994/陳水扁-village-votes-page-3.json;data/raw/openfun/tw.gov.cec~txn~candidates-votes/1994/黃大洲-village-votes-page-3.json;data/raw/openfun/tw.gov.cec~txn~candidates-votes/1994/趙少康-village-votes-page-3.json,matched,exact-village-id; exact-village-id; exact-village-id
1994,北投區,洲美里,洲美里,陳水扁,趙少康＋黃大洲,702,295,70.411234,29.588766,40.822467,data/raw/openfun/tw.gov.cec~txn~candidates-votes/1994/陳水扁-village-votes-page-3.json;data/raw/openfun/tw.gov.cec~txn~candidates-votes/1994/黃大洲-village-votes-page-3.json;data/raw/openfun/tw.gov.cec~txn~candidates-votes/1994/趙少康-village-votes-page-3.json,matched,exact-village-id; exact-village-id; exact-village-id
1994,北投區,振華里,振華里,陳水扁,趙少康＋黃大洲,2117,2654,44.372249,55.627751,-11.255502,data/raw/openfun/tw.gov.cec~txn~candidates-votes/1994/陳水扁-village-votes-page-2.json;data/raw/openfun/tw.gov.cec~txn~candidates-votes/1994/黃大洲-village-votes-page-2.json;data/raw/openfun/tw.gov.cec~txn~candidates-votes/1994/趙少康-village-votes-page-2.json,matched,exact-village-id; exact-village-id; exact-village-id
1994,北投區,桃源里,桃源里,陳水扁,趙少康＋黃大洲,1646,1427,53.563293,46.436707,7.126586,data/raw/openfun/tw.gov.cec~txn~candidates-votes/1994/陳水扁-village-votes-page-3.json;data/raw/openfun/tw.gov.cec~txn~candidates-votes/1994/黃大洲-village-votes-page-3.json;data/raw/openfun/tw.gov.cec~txn~candidates-votes/1994/趙少康-village-votes-page-3.json,matched,exact-village-id; exact-village-id; exact-village-id
1994,北投區,清江里,清江里,陳水扁,趙少康＋黃大洲,2789,2278,55.042431,44.957569,10.084863,data/raw/openfun/tw.gov.cec~txn~candidates-votes/1994/陳水扁-village-votes-page-3.json;data/raw/openfun/tw.gov.cec~txn~candidates-votes/1994/黃大洲-village-votes-page-3.json;data/raw/openfun/tw.gov.cec~txn~candidates-votes/1994/趙少康-village-votes-page-3.json,matched,exact-village-id; exact-village-id; exact-village-id
1994,北投區,尊賢里,尊賢里,陳水扁,趙少康＋黃大洲,1520,1270,54.480287,45.519713,8.960573,data/raw/openfun/tw.gov.cec~txn~candidates-votes/1994/陳水扁-village-votes-page-3.json;data/raw/openfun/tw.gov.cec~txn~candidates-votes/1994/黃大洲-village-votes-page-3.json;data/raw/openfun/tw.gov.cec~txn~candidates-votes/1994/趙少康-village-votes-page-3.json,matched,exact-village-id; exact-village-id; exact-village-id
1994,北投區,智仁里,智仁里,陳水扁,趙少康＋黃大洲,1464,2112,40.939597,59.060403,-18.120805,data/raw/openfun/tw.gov.cec~txn~candidates-votes/1994/陳水扁-village-votes-page-3.json;data/raw/openfun/tw.gov.cec~txn~candidates-votes/1994/黃大洲-village-votes-page-3.json;data/raw/openfun/tw.gov.cec~txn~candidates-votes/1994/趙少康-village-votes-page-3.json,matched,exact-village-id; exact-village-id; exact-village-id
1994,北投區,湖山里,湖山里,陳水扁,趙少康＋黃大洲,853,927,47.921348,52.078652,-4.157303,data/raw/openfun/tw.gov.cec~txn~candidates-votes/1994/陳水扁-village-votes-page-3.json;data/raw/openfun/tw.gov.cec~txn~candidates-votes/1994/黃大洲-village-votes-page-3.json;data/raw/openfun/tw.gov.cec~txn~candidates-votes/1994/趙少康-village-votes-page-3.json,matched,exact-village-id; exact-village-id; exact-village-id
1994,北投區,開明里,開明里,陳水扁,趙少康＋黃大洲,1535,1867,45.120517,54.879483,-9.758965,data/raw/openfun/tw.gov.cec~txn~candidates-votes/1994/陳水扁-village-votes-page-3.json;data/raw/openfun/tw.gov.cec~txn~candidates-votes/1994/黃大洲-village-votes-page-3.json;data/raw/openfun/tw.gov.cec~txn~candidates-votes/1994/趙少康-village-votes-page-3.json,matched,exact-village-id; exact-village-id; exact-village-id
1994,北投區,溫泉里,溫泉里,陳水扁,趙少康＋黃大洲,1767,2010,46.783161,53.216839,-6.433678,data/raw/openfun/tw.gov.cec~txn~candidates-votes/1994/陳水扁-village-votes-page-3.json;data/raw/openfun/tw.gov.cec~txn~candidates-votes/1994/黃大洲-village-votes-page-3.json;data/raw/openfun/tw.gov.cec~txn~candidates-votes/1994/趙少康-village-votes-page-3.json,matched,exact-village-id; exact-village-id; exact-village-id
1994,北投區,裕民里,裕民里,陳水扁,趙少康＋黃大洲,1816,1998,47.614053,52.385947,-4.771893,data/raw/openfun/tw.gov.cec~txn~candidates-votes/1994/陳水扁-village-votes-page-2.json;data/raw/openfun/tw.gov.cec~txn~candidates-votes/1994/黃大洲-village-votes-page-2.json;data/raw/openfun/tw.gov.cec~txn~candidates-votes/1994/趙少康-village-votes-page-2.json,matched,exact-village-id; exact-village-id; exact-village-id
1994,北投區,榮光里,榮光里,陳水扁,趙少康＋黃大洲,2089,2241,48.244804,51.755196,-3.510393,data/raw/openfun/tw.gov.cec~txn~candidates-votes/1994/陳水扁-village-votes-page-2.json;data/raw/openfun/tw.gov.cec~txn~candidates-votes/1994/黃大洲-village-votes-page-2.json;data/raw/openfun/tw.gov.cec~txn~candidates-votes/1994/趙少康-village-votes-page-2.json,matched,exact-village-id; exact-village-id; exact-village-id
1994,北投區,榮華里,榮華里,陳水扁,趙少康＋黃大洲,1859,2222,45.552561,54.447439,-8.894879,data/raw/openfun/tw.gov.cec~txn~candidates-votes/1994/陳水扁-village-votes-page-2.json;data/raw/openfun/tw.gov.cec~txn~candidates-votes/1994/黃大洲-village-votes-page-2.json;data/raw/openfun/tw.gov.cec~txn~candidates-votes/1994/趙少康-village-votes-page-2.json,matched,exact-village-id; exact-village-id; exact-village-id
1994,北投區,福興里,福興里,陳水扁,趙少康＋黃大洲,1883,1995,48.555957,51.444043,-2.888087,data/raw/openfun/tw.gov.cec~txn~candidates-votes/1994/陳水扁-village-votes-page-2.json;data/raw/openfun/tw.gov.cec~txn~candidates-votes/1994/黃大洲-village-votes-page-2.json;data/raw/openfun/tw.gov.cec~txn~candidates-votes/1994/趙少康-village-votes-page-2.json,matched,exact-village-id; exact-village-id; exact-village-id
1994,北投區,稻香里,稻香里,陳水扁,趙少康＋黃大洲,1044,1656,38.666667,61.333333,-22.666667,data/raw/openfun/tw.gov.cec~txn~candidates-votes/1994/陳水扁-village-votes-page-3.json;data/raw/openfun/tw.gov.cec~txn~candidates-votes/1994/黃大洲-village-votes-page-3.json;data/raw/openfun/tw.gov.cec~txn~candidates-votes/1994/趙少康-village-votes-page-3.json,matched,exact-village-id; exact-village-id; exact-village-id
1994,北投區,豐年里,豐年里,陳水扁,趙少康＋黃大洲,1347,1346,50.018567,49.981433,0.037133,data/raw/openfun/tw.gov.cec~txn~candidates-votes/1994/陳水扁-village-votes-page-3.json;data/raw/openfun/tw.gov.cec~txn~candidates-votes/1994/黃大洲-village-votes-page-3.json;data/raw/openfun/tw.gov.cec~txn~candidates-votes/1994/趙少康-village-votes-page-3.json,matched,exact-village-id; exact-village-id; exact-village-id
1994,北投區,關渡里,關渡里,陳水扁,趙少康＋黃大洲,2642,2995,46.868902,53.131098,-6.262196,data/raw/openfun/tw.gov.cec~txn~candidates-votes/1994/陳水扁-village-votes-page-3.json;data/raw/openfun/tw.gov.cec~txn~candidates-votes/1994/黃大洲-village-votes-page-3.json;data/raw/openfun/tw.gov.cec~txn~candidates-votes/1994/趙少康-village-votes-page-3.json,matched,exact-village-id; exact-village-id; exact-village-id
1994,松山區,三民里,三民里,陳水扁,趙少康＋黃大洲,1489,2549,36.874690,63.125310,-26.250619,data/raw/openfun/tw.gov.cec~txn~candidates-votes/1994/陳水扁-village-votes-page-1.json;data/raw/openfun/tw.gov.cec~txn~candidates-votes/1994/黃大洲-village-votes-page-1.json;data/raw/openfun/tw.gov.cec~txn~candidates-votes/1994/趙少康-village-votes-page-1.json,matched,exact-village-id; exact-village-id; exact-village-id
1994,松山區,中正里,中正里,陳水扁,趙少康＋黃大洲,2195,2261,49.259425,50.740575,-1.481149,data/raw/openfun/tw.gov.cec~txn~candidates-votes/1994/陳水扁-village-votes-page-1.json;data/raw/openfun/tw.gov.cec~txn~candidates-votes/1994/黃大洲-village-votes-page-1.json;data/raw/openfun/tw.gov.cec~txn~candidates-votes/1994/趙少康-village-votes-page-1.json,matched,exact-village-id; exact-village-id; exact-village-id
1994,松山區,中崙里,中崙里,陳水扁,趙少康＋黃大洲,1107,1321,45.593081,54.406919,-8.813839,data/raw/openfun/tw.gov.cec~txn~candidates-votes/1994/陳水扁-village-votes-page-1.json;data/raw/openfun/tw.gov.cec~txn~candidates-votes/1994/黃大洲-village-votes-page-1.json;data/raw/openfun/tw.gov.cec~txn~candidates-votes/1994/趙少康-village-votes-page-1.json,matched,exact-village-id; exact-village-id; exact-village-id
1994,松山區,中華里,中華里,陳水扁,趙少康＋黃大洲,904,1770,33.807031,66.192969,-32.385939,data/raw/openfun/tw.gov.cec~txn~candidates-votes/1994/陳水扁-village-votes-page-1.json;data/raw/openfun/tw.gov.cec~txn~candidates-votes/1994/黃大洲-village-votes-page-1.json;data/raw/openfun/tw.gov.cec~txn~candidates-votes/1994/趙少康-village-votes-page-1.json,matched,exact-village-id; exact-village-id; exact-village-id
1994,松山區,介壽里,介壽里,陳水扁,趙少康＋黃大洲,1238,1566,44.151213,55.848787,-11.697575,data/raw/openfun/tw.gov.cec~txn~candidates-votes/1994/陳水扁-village-votes-page-1.json;data/raw/openfun/tw.gov.cec~txn~candidates-votes/1994/黃大洲-village-votes-page-1.json;data/raw/openfun/tw.gov.cec~txn~candidates-votes/1994/趙少康-village-votes-page-1.json,matched,exact-village-id; exact-village-id; exact-village-id
1994,松山區,民有里,民有里,陳水扁,趙少康＋黃大洲,2311,2752,45.644875,54.355125,-8.710251,data/raw/openfun/tw.gov.cec~txn~candidates-votes/1994/陳水扁-village-votes-page-1.json;data/raw/openfun/tw.gov.cec~txn~candidates-votes/1994/黃大洲-village-votes-page-1.json;data/raw/openfun/tw.gov.cec~txn~candidates-votes/1994/趙少康-village-votes-page-1.json,matched,exact-village-id; exact-village-id; exact-village-id
1994,松山區,民福里,民福里,陳水扁,趙少康＋黃大洲,1342,2564,34.357399,65.642601,-31.285202,data/raw/openfun/tw.gov.cec~txn~candidates-votes/1994/陳水扁-village-votes-page-1.json;data/raw/openfun/tw.gov.cec~txn~candidates-votes/1994/黃大洲-village-votes-page-1.json;data/raw/openfun/tw.gov.cec~txn~candidates-votes/1994/趙少康-village-votes-page-1.json,matched,exact-village-id; exact-village-id; exact-village-id
1994,松山區,吉仁里,吉仁里,陳水扁,趙少康＋黃大洲,1013,1290,43.986105,56.013895,-12.027790,data/raw/openfun/tw.gov.cec~txn~candidates-votes/1994/陳水扁-village-votes-page-1.json;data/raw/openfun/tw.gov.cec~txn~candidates-votes/1994/黃大洲-village-votes-page-1.json;data/raw/openfun/tw.gov.cec~txn~candidates-votes/1994/趙少康-village-votes-page-1.json,matched,exact-village-id; exact-village-id; exact-village-id
1994,松山區,吉祥里,吉祥里,陳水扁,趙少康＋黃大洲,1829,2507,42.181734,57.818266,-15.636531,data/raw/openfun/tw.gov.cec~txn~candidates-votes/1994/陳水扁-village-votes-page-1.json;data/raw/openfun/tw.gov.cec~txn~candidates-votes/1994/黃大洲-village-votes-page-1.json;data/raw/openfun/tw.gov.cec~txn~candidates-votes/1994/趙少康-village-votes-page-1.json,matched,exact-village-id; exact-village-id; exact-village-id
1994,松山區,安平里,安平里,陳水扁,趙少康＋黃大洲,2847,2768,50.703473,49.296527,1.406946,data/raw/openfun/tw.gov.cec~txn~candidates-votes/1994/陳水扁-village-votes-page-1.json;data/raw/openfun/tw.gov.cec~txn~candidates-votes/1994/黃大洲-village-votes-page-1.json;data/raw/openfun/tw.gov.cec~txn~candidates-votes/1994/趙少康-village-votes-page-1.json,matched,exact-village-id; exact-village-id; exact-village-id
1994,松山區,自強里,自強里,陳水扁,趙少康＋黃大洲,759,3464,17.973005,82.026995,-64.053990,data/raw/openfun/tw.gov.cec~txn~candidates-votes/1994/陳水扁-village-votes-page-1.json;data/raw/openfun/tw.gov.cec~txn~candidates-votes/1994/黃大洲-village-votes-page-1.json;data/raw/openfun/tw.gov.cec~txn~candidates-votes/1994/趙少康-village-votes-page-1.json,matched,exact-village-id; exact-village-id; exact-village-id
1994,松山區,東光里,東光里,陳水扁,趙少康＋黃大洲,1761,2806,38.559229,61.440771,-22.881541,data/raw/openfun/tw.gov.cec~txn~candidates-votes/1994/陳水扁-village-votes-page-1.json;data/raw/openfun/tw.gov.cec~txn~candidates-votes/1994/黃大洲-village-votes-page-1.json;data/raw/openfun/tw.gov.cec~txn~candidates-votes/1994/趙少康-village-votes-page-1.json,matched,exact-village-id; exact-village-id; exact-village-id
1994,松山區,東昌里,東昌里,陳水扁,趙少康＋黃大洲,1286,1627,44.146928,55.853072,-11.706145,data/raw/openfun/tw.gov.cec~txn~candidates-votes/1994/陳水扁-village-votes-page-1.json;data/raw/openfun/tw.gov.cec~txn~candidates-votes/1994/黃大洲-village-votes-page-1.json;data/raw/openfun/tw.gov.cec~txn~candidates-votes/1994/趙少康-village-votes-page-1.json,matched,exact-village-id; exact-village-id; exact-village-id
1994,松山區,東勢里,東勢里,陳水扁,趙少康＋黃大洲,878,1102,44.343434,55.656566,-11.313131,data/raw/openfun/tw.gov.cec~txn~candidates-votes/1994/陳水扁-village-votes-page-1.json;data/raw/openfun/tw.gov.cec~txn~candidates-votes/1994/黃大洲-village-votes-page-1.json;data/raw/openfun/tw.gov.cec~txn~candidates-votes/1994/趙少康-village-votes-page-1.json,matched,exact-village-id; exact-village-id; exact-village-id
1994,松山區,東榮里,東榮里,陳水扁,趙少康＋黃大洲,1972,3150,38.500586,61.499414,-22.998829,data/raw/openfun/tw.gov.cec~txn~candidates-votes/1994/陳水扁-village-votes-page-1.json;data/raw/openfun/tw.gov.cec~txn~candidates-votes/1994/黃大洲-village-votes-page-1.json;data/raw/openfun/tw.gov.cec~txn~candidates-votes/1994/趙少康-village-votes-page-1.json,matched,exact-village-id; exact-village-id; exact-village-id
1994,松山區,松基里,松基里,陳水扁,趙少康＋黃大洲,1023,1179,46.457766,53.542234,-7.084469,data/raw/openfun/tw.gov.cec~txn~candidates-votes/1994/陳水扁-village-votes-page-1.json;data/raw/openfun/tw.gov.cec~txn~candidates-votes/1994/黃大洲-village-votes-page-1.json;data/raw/openfun/tw.gov.cec~txn~candidates-votes/1994/趙少康-village-votes-page-1.json,matched,exact-village-id; exact-village-id; exact-village-id
1994,松山區,美仁里,美仁里,陳水扁,趙少康＋黃大洲,1059,1106,48.914550,51.085450,-2.170901,data/raw/openfun/tw.gov.cec~txn~candidates-votes/1994/陳水扁-village-votes-page-1.json;data/raw/openfun/tw.gov.cec~txn~candidates-votes/1994/黃大洲-village-votes-page-1.json;data/raw/openfun/tw.gov.cec~txn~candidates-votes/1994/趙少康-village-votes-page-1.json,matched,exact-village-id; exact-village-id; exact-village-id
1994,松山區,莊敬里,莊敬里,陳水扁,趙少康＋黃大洲,1569,2281,40.753247,59.246753,-18.493506,data/raw/openfun/tw.gov.cec~txn~candidates-votes/1994/陳水扁-village-votes-page-1.json;data/raw/openfun/tw.gov.cec~txn~candidates-votes/1994/黃大洲-village-votes-page-1.json;data/raw/openfun/tw.gov.cec~txn~candidates-votes/1994/趙少康-village-votes-page-1.json,matched,exact-village-id; exact-village-id; exact-village-id
1994,松山區,富泰里,富泰里,陳水扁,趙少康＋黃大洲,867,1693,33.867188,66.132813,-32.265625,data/raw/openfun/tw.gov.cec~txn~candidates-votes/1994/陳水扁-village-votes-page-1.json;data/raw/openfun/tw.gov.cec~txn~candidates-votes/1994/黃大洲-village-votes-page-1.json;data/raw/openfun/tw.gov.cec~txn~candidates-votes/1994/趙少康-village-votes-page-1.json,matched,exact-village-id; exact-village-id; exact-village-id
1994,松山區,富錦里,富錦里,陳水扁,趙少康＋黃大洲,1172,2057,36.296067,63.703933,-27.407866,data/raw/openfun/tw.gov.cec~txn~candidates-votes/1994/陳水扁-village-votes-page-1.json;data/raw/openfun/tw.gov.cec~txn~candidates-votes/1994/黃大洲-village-votes-page-1.json;data/raw/openfun/tw.gov.cec~txn~candidates-votes/1994/趙少康-village-votes-page-1.json,matched,exact-village-id; exact-village-id; exact-village-id
1994,松山區,復建里,復建里,陳水扁,趙少康＋黃大洲,754,1115,40.342429,59.657571,-19.315142,data/raw/openfun/tw.gov.cec~txn~candidates-votes/1994/陳水扁-village-votes-page-1.json;data/raw/openfun/tw.gov.cec~txn~candidates-votes/1994/黃大洲-village-votes-page-1.json;data/raw/openfun/tw.gov.cec~txn~candidates-votes/1994/趙少康-village-votes-page-1.json,matched,exact-village-id; exact-village-id; exact-village-id
1994,松山區,復盛里,復盛里,陳水扁,趙少康＋黃大洲,1494,2367,38.694639,61.305361,-22.610723,data/raw/openfun/tw.gov.cec~txn~candidates-votes/1994/陳水扁-village-votes-page-1.json;data/raw/openfun/tw.gov.cec~txn~candidates-votes/1994/黃大洲-village-votes-page-1.json;data/raw/openfun/tw.gov.cec~txn~candidates-votes/1994/趙少康-village-votes-page-1.json,matched,exact-village-id; exact-village-id; exact-village-id
1994,松山區,復勢里,復勢里,陳水扁,趙少康＋黃大洲,1777,1818,49.429764,50.570236,-1.140473,data/raw/openfun/tw.gov.cec~txn~candidates-votes/1994/陳水扁-village-votes-page-1.json;data/raw/openfun/tw.gov.cec~txn~candidates-votes/1994/黃大洲-village-votes-page-1.json;data/raw/openfun/tw.gov.cec~txn~candidates-votes/1994/趙少康-village-votes-page-1.json,matched,exact-village-id; exact-village-id; exact-village-id
1994,松山區,復源里,復源里,陳水扁,趙少康＋黃大洲,802,1203,40.000000,60.000000,-20.000000,data/raw/openfun/tw.gov.cec~txn~candidates-votes/1994/陳水扁-village-votes-page-1.json;data/raw/openfun/tw.gov.cec~txn~candidates-votes/1994/黃大洲-village-votes-page-1.json;data/raw/openfun/tw.gov.cec~txn~candidates-votes/1994/趙少康-village-votes-page-1.json,matched,exact-village-id; exact-village-id; exact-village-id
1994,松山區,敦化里,敦化里,陳水扁,趙少康＋黃大洲,2030,2407,45.751634,54.248366,-8.496732,data/raw/openfun/tw.gov.cec~txn~candidates-votes/1994/陳水扁-village-votes-page-1.json;data/raw/openfun/tw.gov.cec~txn~candidates-votes/1994/黃大洲-village-votes-page-1.json;data/raw/openfun/tw.gov.cec~txn~candidates-votes/1994/趙少康-village-votes-page-1.json,matched,exact-village-id; exact-village-id; exact-village-id
1994,松山區,新東里,新東里,陳水扁,趙少康＋黃大洲,1228,1671,42.359434,57.640566,-15.281131,data/raw/openfun/tw.gov.cec~txn~candidates-votes/1994/陳水扁-village-votes-page-1.json;data/raw/openfun/tw.gov.cec~txn~candidates-votes/1994/黃大洲-village-votes-page-1.json;data/raw/openfun/tw.gov.cec~txn~candidates-votes/1994/趙少康-village-votes-page-1.json,matched,exact-village-id; exact-village-id; exact-village-id
1994,松山區,新益里,新益里,陳水扁,趙少康＋黃大洲,1316,1619,44.838160,55.161840,-10.323680,data/raw/openfun/tw.gov.cec~txn~candidates-votes/1994/陳水扁-village-votes-page-1.json;data/raw/openfun/tw.gov.cec~txn~candidates-votes/1994/黃大洲-village-votes-page-1.json;data/raw/openfun/tw.gov.cec~txn~candidates-votes/1994/趙少康-village-votes-page-1.json,matched,exact-village-id; exact-village-id; exact-village-id
1994,松山區,新聚里,新聚里,陳水扁,趙少康＋黃大洲,1847,2384,43.653983,56.346017,-12.692035,data/raw/openfun/tw.gov.cec~txn~candidates-votes/1994/陳水扁-village-votes-page-1.json;data/raw/openfun/tw.gov.cec~txn~candidates-votes/1994/黃大洲-village-votes-page-1.json;data/raw/openfun/tw.gov.cec~txn~candidates-votes/1994/趙少康-village-votes-page-1.json,matched,exact-village-id; exact-village-id; exact-village-id
1994,松山區,慈祐里,慈祐里,陳水扁,趙少康＋黃大洲,2140,1533,58.263000,41.737000,16.526001,data/raw/openfun/tw.gov.cec~txn~candidates-votes/1994/陳水扁-village-votes-page-1.json;data/raw/openfun/tw.gov.cec~txn~candidates-votes/1994/黃大洲-village-votes-page-1.json;data/raw/openfun/tw.gov.cec~txn~candidates-votes/1994/趙少康-village-votes-page-1.json,matched,exact-village-id; exact-village-id; exact-village-id
1994,松山區,福成里,福成里,陳水扁,趙少康＋黃大洲,738,862,46.125000,53.875000,-7.750000,data/raw/openfun/tw.gov.cec~txn~candidates-votes/1994/陳水扁-village-votes-page-1.json;data/raw/openfun/tw.gov.cec~txn~candidates-votes/1994/黃大洲-village-votes-page-1.json;data/raw/openfun/tw.gov.cec~txn~candidates-votes/1994/趙少康-village-votes-page-1.json,matched,exact-village-id; exact-village-id; exact-village-id
1994,松山區,精忠里,精忠里,陳水扁,趙少康＋黃大洲,995,1664,37.420083,62.579917,-25.159835,data/raw/openfun/tw.gov.cec~txn~candidates-votes/1994/陳水扁-village-votes-page-1.json;data/raw/openfun/tw.gov.cec~txn~candidates-votes/1994/黃大洲-village-votes-page-1.json;data/raw/openfun/tw.gov.cec~txn~candidates-votes/1994/趙少康-village-votes-page-1.json,matched,exact-village-id; exact-village-id; exact-village-id
1994,松山區,龍田里,龍田里,陳水扁,趙少康＋黃大洲,808,1636,33.060556,66.939444,-33.878887,data/raw/openfun/tw.gov.cec~txn~candidates-votes/1994/陳水扁-village-votes-page-1.json;data/raw/openfun/tw.gov.cec~txn~candidates-votes/1994/黃大洲-village-votes-page-1.json;data/raw/openfun/tw.gov.cec~txn~candidates-votes/1994/趙少康-village-votes-page-1.json,matched,exact-village-id; exact-village-id; exact-village-id
1994,松山區,鵬程里,鵬程里,陳水扁,趙少康＋黃大洲,918,2224,29.217059,70.782941,-41.565882,data/raw/openfun/tw.gov.cec~txn~candidates-votes/1994/陳水扁-village-votes-page-1.json;data/raw/openfun/tw.gov.cec~txn~candidates-votes/1994/黃大洲-village-votes-page-1.json;data/raw/openfun/tw.gov.cec~txn~candidates-votes/1994/趙少康-village-votes-page-1.json,matched,exact-village-id; exact-village-id; exact-village-id
1994,信義區,三張里,三張里,陳水扁,趙少康＋黃大洲,2012,3397,37.197264,62.802736,-25.605472,data/raw/openfun/tw.gov.cec~txn~candidates-votes/1994/陳水扁-village-votes-page-1.json;data/raw/openfun/tw.gov.cec~txn~candidates-votes/1994/黃大洲-village-votes-page-1.json;data/raw/openfun/tw.gov.cec~txn~candidates-votes/1994/趙少康-village-votes-page-1.json,matched,exact-village-id; exact-village-id; exact-village-id
1994,信義區,三犁里,三犁里,陳水扁,趙少康＋黃大洲,985,1814,35.191140,64.808860,-29.617721,data/raw/openfun/tw.gov.cec~txn~candidates-votes/1994/陳水扁-village-votes-page-1.json;data/raw/openfun/tw.gov.cec~txn~candidates-votes/1994/黃大洲-village-votes-page-1.json;data/raw/openfun/tw.gov.cec~txn~candidates-votes/1994/趙少康-village-votes-page-1.json,matched,exact-village-id; exact-village-id; exact-village-id
1994,信義區,大仁里,大仁里,陳水扁,趙少康＋黃大洲,1352,2699,33.374475,66.625525,-33.251049,data/raw/openfun/tw.gov.cec~txn~candidates-votes/1994/陳水扁-village-votes-page-1.json;data/raw/openfun/tw.gov.cec~txn~candidates-votes/1994/黃大洲-village-votes-page-1.json;data/raw/openfun/tw.gov.cec~txn~candidates-votes/1994/趙少康-village-votes-page-1.json,matched,exact-village-id; exact-village-id; exact-village-id
1994,信義區,大道里,大道里,陳水扁,趙少康＋黃大洲,1790,2297,43.797406,56.202594,-12.405187,data/raw/openfun/tw.gov.cec~txn~candidates-votes/1994/陳水扁-village-votes-page-1.json;data/raw/openfun/tw.gov.cec~txn~candidates-votes/1994/黃大洲-village-votes-page-1.json;data/raw/openfun/tw.gov.cec~txn~candidates-votes/1994/趙少康-village-votes-page-1.json,matched,exact-village-id; exact-village-id; exact-village-id
1994,信義區,中行里,中行里,陳水扁,趙少康＋黃大洲,2206,2807,44.005585,55.994415,-11.988829,data/raw/openfun/tw.gov.cec~txn~candidates-votes/1994/陳水扁-village-votes-page-1.json;data/raw/openfun/tw.gov.cec~txn~candidates-votes/1994/黃大洲-village-votes-page-1.json;data/raw/openfun/tw.gov.cec~txn~candidates-votes/1994/趙少康-village-votes-page-1.json,matched,exact-village-id; exact-village-id; exact-village-id
1994,信義區,中坡里,中坡里,陳水扁,趙少康＋黃大洲,1276,1726,42.504997,57.495003,-14.990007,data/raw/openfun/tw.gov.cec~txn~candidates-votes/1994/陳水扁-village-votes-page-1.json;data/raw/openfun/tw.gov.cec~txn~candidates-votes/1994/黃大洲-village-votes-page-1.json;data/raw/openfun/tw.gov.cec~txn~candidates-votes/1994/趙少康-village-votes-page-1.json,matched,exact-village-id; exact-village-id; exact-village-id
1994,信義區,中興里,中興里,陳水扁,趙少康＋黃大洲,642,1090,37.066975,62.933025,-25.866051,data/raw/openfun/tw.gov.cec~txn~candidates-votes/1994/陳水扁-village-votes-page-1.json;data/raw/openfun/tw.gov.cec~txn~candidates-votes/1994/黃大洲-village-votes-page-1.json;data/raw/openfun/tw.gov.cec~txn~candidates-votes/1994/趙少康-village-votes-page-1.json,matched,exact-village-id; exact-village-id; exact-village-id
1994,信義區,五全里,五全里,陳水扁,趙少康＋黃大洲,1636,1669,49.500756,50.499244,-0.998487,data/raw/openfun/tw.gov.cec~txn~candidates-votes/1994/陳水扁-village-votes-page-1.json;data/raw/openfun/tw.gov.cec~txn~candidates-votes/1994/黃大洲-village-votes-page-1.json;data/raw/openfun/tw.gov.cec~txn~candidates-votes/1994/趙少康-village-votes-page-1.json,matched,exact-village-id; exact-village-id; exact-village-id
1994,信義區,五常里,五常里,陳水扁,趙少康＋黃大洲,1035,1303,44.268606,55.731394,-11.462789,data/raw/openfun/tw.gov.cec~txn~candidates-votes/1994/陳水扁-village-votes-page-1.json;data/raw/openfun/tw.gov.cec~txn~candidates-votes/1994/黃大洲-village-votes-page-1.json;data/raw/openfun/tw.gov.cec~txn~candidates-votes/1994/趙少康-village-votes-page-1.json,matched,exact-village-id; exact-village-id; exact-village-id
1994,信義區,六合里,六合里,陳水扁,趙少康＋黃大洲,1042,2579,28.776581,71.223419,-42.446838,data/raw/openfun/tw.gov.cec~txn~candidates-votes/1994/陳水扁-village-votes-page-1.json;data/raw/openfun/tw.gov.cec~txn~candidates-votes/1994/黃大洲-village-votes-page-1.json;data/raw/openfun/tw.gov.cec~txn~candidates-votes/1994/趙少康-village-votes-page-1.json,matched,exact-village-id; exact-village-id; exact-village-id
1994,信義區,六藝里,六藝里,陳水扁,趙少康＋黃大洲,1125,1198,48.428756,51.571244,-3.142488,data/raw/openfun/tw.gov.cec~txn~candidates-votes/1994/陳水扁-village-votes-page-1.json;data/raw/openfun/tw.gov.cec~txn~candidates-votes/1994/黃大洲-village-votes-page-1.json;data/raw/openfun/tw.gov.cec~txn~candidates-votes/1994/趙少康-village-votes-page-1.json,matched,exact-village-id; exact-village-id; exact-village-id
1994,信義區,四育里,四育里,陳水扁,趙少康＋黃大洲,1931,1831,51.329080,48.670920,2.658161,data/raw/openfun/tw.gov.cec~txn~candidates-votes/1994/陳水扁-village-votes-page-1.json;data/raw/openfun/tw.gov.cec~txn~candidates-votes/1994/黃大洲-village-votes-page-1.json;data/raw/openfun/tw.gov.cec~txn~candidates-votes/1994/趙少康-village-votes-page-1.json,matched,exact-village-id; exact-village-id; exact-village-id
1994,信義區,四維里,四維里,陳水扁,趙少康＋黃大洲,1409,2224,38.783375,61.216625,-22.433251,data/raw/openfun/tw.gov.cec~txn~candidates-votes/1994/陳水扁-village-votes-page-1.json;data/raw/openfun/tw.gov.cec~txn~candidates-votes/1994/黃大洲-village-votes-page-1.json;data/raw/openfun/tw.gov.cec~txn~candidates-votes/1994/趙少康-village-votes-page-1.json,matched,exact-village-id; exact-village-id; exact-village-id
1994,信義區,正和里,正和里,陳水扁,趙少康＋黃大洲,912,2025,31.052094,68.947906,-37.895812,data/raw/openfun/tw.gov.cec~txn~candidates-votes/1994/陳水扁-village-votes-page-1.json;data/raw/openfun/tw.gov.cec~txn~candidates-votes/1994/黃大洲-village-votes-page-1.json;data/raw/openfun/tw.gov.cec~txn~candidates-votes/1994/趙少康-village-votes-page-1.json,matched,exact-village-id; exact-village-id; exact-village-id
1994,信義區,永吉里,永吉里,陳水扁,趙少康＋黃大洲,1621,1262,56.226153,43.773847,12.452307,data/raw/openfun/tw.gov.cec~txn~candidates-votes/1994/陳水扁-village-votes-page-1.json;data/raw/openfun/tw.gov.cec~txn~candidates-votes/1994/黃大洲-village-votes-page-1.json;data/raw/openfun/tw.gov.cec~txn~candidates-votes/1994/趙少康-village-votes-page-1.json,matched,exact-village-id; exact-village-id; exact-village-id
1994,信義區,永春里,永春里,陳水扁,趙少康＋黃大洲,1799,1811,49.833795,50.166205,-0.332410,data/raw/openfun/tw.gov.cec~txn~candidates-votes/1994/陳水扁-village-votes-page-1.json;data/raw/openfun/tw.gov.cec~txn~candidates-votes/1994/黃大洲-village-votes-page-1.json;data/raw/openfun/tw.gov.cec~txn~candidates-votes/1994/趙少康-village-votes-page-1.json,matched,exact-village-id; exact-village-id; exact-village-id
1994,信義區,安康里,安康里,陳水扁,趙少康＋黃大洲,1330,2256,37.088678,62.911322,-25.822644,data/raw/openfun/tw.gov.cec~txn~candidates-votes/1994/陳水扁-village-votes-page-1.json;data/raw/openfun/tw.gov.cec~txn~candidates-votes/1994/黃大洲-village-votes-page-1.json;data/raw/openfun/tw.gov.cec~txn~candidates-votes/1994/趙少康-village-votes-page-1.json,matched,exact-village-id; exact-village-id; exact-village-id
1994,信義區,西村里,西村里,陳水扁,趙少康＋黃大洲,550,2400,18.644068,81.355932,-62.711864,data/raw/openfun/tw.gov.cec~txn~candidates-votes/1994/陳水扁-village-votes-page-1.json;data/raw/openfun/tw.gov.cec~txn~candidates-votes/1994/黃大洲-village-votes-page-1.json;data/raw/openfun/tw.gov.cec~txn~candidates-votes/1994/趙少康-village-votes-page-1.json,matched,exact-village-id; exact-village-id; exact-village-id
1994,信義區,松友里,松友里,陳水扁,趙少康＋黃大洲,1376,2338,37.049004,62.950996,-25.901992,data/raw/openfun/tw.gov.cec~txn~candidates-votes/1994/陳水扁-village-votes-page-1.json;data/raw/openfun/tw.gov.cec~txn~candidates-votes/1994/黃大洲-village-votes-page-1.json;data/raw/openfun/tw.gov.cec~txn~candidates-votes/1994/趙少康-village-votes-page-1.json,matched,exact-village-id; exact-village-id; exact-village-id
1994,信義區,松光里,松光里,陳水扁,趙少康＋黃大洲,1567,2091,42.837616,57.162384,-14.324768,data/raw/openfun/tw.gov.cec~txn~candidates-votes/1994/陳水扁-village-votes-page-1.json;data/raw/openfun/tw.gov.cec~txn~candidates-votes/1994/黃大洲-village-votes-page-1.json;data/raw/openfun/tw.gov.cec~txn~candidates-votes/1994/趙少康-village-votes-page-1.json,matched,exact-village-id; exact-village-id; exact-village-id
1994,信義區,松隆里,松隆里,陳水扁,趙少康＋黃大洲,684,1002,40.569395,59.430605,-18.861210,data/raw/openfun/tw.gov.cec~txn~candidates-votes/1994/陳水扁-village-votes-page-1.json;data/raw/openfun/tw.gov.cec~txn~candidates-votes/1994/黃大洲-village-votes-page-1.json;data/raw/openfun/tw.gov.cec~txn~candidates-votes/1994/趙少康-village-votes-page-1.json,matched,exact-village-id; exact-village-id; exact-village-id
1994,信義區,長春里,長春里,陳水扁,趙少康＋黃大洲,1410,1599,46.859422,53.140578,-6.281157,data/raw/openfun/tw.gov.cec~txn~candidates-votes/1994/陳水扁-village-votes-page-1.json;data/raw/openfun/tw.gov.cec~txn~candidates-votes/1994/黃大洲-village-votes-page-1.json;data/raw/openfun/tw.gov.cec~txn~candidates-votes/1994/趙少康-village-votes-page-1.json,matched,exact-village-id; exact-village-id; exact-village-id
1994,信義區,泰和里,泰和里,陳水扁,趙少康＋黃大洲,1834,3208,36.374455,63.625545,-27.251091,data/raw/openfun/tw.gov.cec~txn~candidates-votes/1994/陳水扁-village-votes-page-1.json;data/raw/openfun/tw.gov.cec~txn~candidates-votes/1994/黃大洲-village-votes-page-1.json;data/raw/openfun/tw.gov.cec~txn~candidates-votes/1994/趙少康-village-votes-page-1.json,matched,exact-village-id; exact-village-id; exact-village-id
1994,信義區,國業里,國業里,陳水扁,趙少康＋黃大洲,1626,2499,39.418182,60.581818,-21.163636,data/raw/openfun/tw.gov.cec~txn~candidates-votes/1994/陳水扁-village-votes-page-1.json;data/raw/openfun/tw.gov.cec~txn~candidates-votes/1994/黃大洲-village-votes-page-1.json;data/raw/openfun/tw.gov.cec~txn~candidates-votes/1994/趙少康-village-votes-page-1.json,matched,exact-village-id; exact-village-id; exact-village-id
1994,信義區,富台里,富台里,陳水扁,趙少康＋黃大洲,552,1862,22.866611,77.133389,-54.266777,data/raw/openfun/tw.gov.cec~txn~candidates-votes/1994/陳水扁-village-votes-page-1.json;data/raw/openfun/tw.gov.cec~txn~candidates-votes/1994/黃大洲-village-votes-page-1.json;data/raw/openfun/tw.gov.cec~txn~candidates-votes/1994/趙少康-village-votes-page-1.json,matched,exact-village-id; exact-village-id; exact-village-id
1994,信義區,惠安里,惠安里,陳水扁,趙少康＋黃大洲,1493,2996,33.259078,66.740922,-33.481845,data/raw/openfun/tw.gov.cec~txn~candidates-votes/1994/陳水扁-village-votes-page-1.json;data/raw/openfun/tw.gov.cec~txn~candidates-votes/1994/黃大洲-village-votes-page-1.json;data/raw/openfun/tw.gov.cec~txn~candidates-votes/1994/趙少康-village-votes-page-1.json,matched,exact-village-id; exact-village-id; exact-village-id
1994,信義區,敦厚里,敦厚里,陳水扁,趙少康＋黃大洲,1140,1710,40.000000,60.000000,-20.000000,data/raw/openfun/tw.gov.cec~txn~candidates-votes/1994/陳水扁-village-votes-page-1.json;data/raw/openfun/tw.gov.cec~txn~candidates-votes/1994/黃大洲-village-votes-page-1.json;data/raw/openfun/tw.gov.cec~txn~candidates-votes/1994/趙少康-village-votes-page-1.json,matched,exact-village-id; exact-village-id; exact-village-id
1994,信義區,景勤里,景勤里,陳水扁,趙少康＋黃大洲,1014,2056,33.029316,66.970684,-33.941368,data/raw/openfun/tw.gov.cec~txn~candidates-votes/1994/陳水扁-village-votes-page-1.json;data/raw/openfun/tw.gov.cec~txn~candidates-votes/1994/黃大洲-village-votes-page-1.json;data/raw/openfun/tw.gov.cec~txn~candidates-votes/1994/趙少康-village-votes-page-1.json,matched,exact-village-id; exact-village-id; exact-village-id
1994,信義區,景新里,景新里,陳水扁,趙少康＋黃大洲,934,2578,26.594533,73.405467,-46.810934,data/raw/openfun/tw.gov.cec~txn~candidates-votes/1994/陳水扁-village-votes-page-1.json;data/raw/openfun/tw.gov.cec~txn~candidates-votes/1994/黃大洲-village-votes-page-1.json;data/raw/openfun/tw.gov.cec~txn~candidates-votes/1994/趙少康-village-votes-page-1.json,matched,exact-village-id; exact-village-id; exact-village-id
1994,信義區,景聯里,景聯里,陳水扁,趙少康＋黃大洲,1270,1860,40.575080,59.424920,-18.849840,data/raw/openfun/tw.gov.cec~txn~candidates-votes/1994/陳水扁-village-votes-page-1.json;data/raw/openfun/tw.gov.cec~txn~candidates-votes/1994/黃大洲-village-votes-page-1.json;data/raw/openfun/tw.gov.cec~txn~candidates-votes/1994/趙少康-village-votes-page-1.json,matched,exact-village-id; exact-village-id; exact-village-id
1994,信義區,雅祥里,雅祥里,陳水扁,趙少康＋黃大洲,1578,1515,51.018429,48.981571,2.036857,data/raw/openfun/tw.gov.cec~txn~candidates-votes/1994/陳水扁-village-votes-page-1.json;data/raw/openfun/tw.gov.cec~txn~candidates-votes/1994/黃大洲-village-votes-page-1.json;data/raw/openfun/tw.gov.cec~txn~candidates-votes/1994/趙少康-village-votes-page-1.json,matched,exact-village-id; exact-village-id; exact-village-id
1994,信義區,新仁里,新仁里,陳水扁,趙少康＋黃大洲,775,1889,29.091592,70.908408,-41.816817,data/raw/openfun/tw.gov.cec~txn~candidates-votes/1994/陳水扁-village-votes-page-1.json;data/raw/openfun/tw.gov.cec~txn~candidates-votes/1994/黃大洲-village-votes-page-1.json;data/raw/openfun/tw.gov.cec~txn~candidates-votes/1994/趙少康-village-votes-page-1.json,matched,exact-village-id; exact-village-id; exact-village-id
1994,信義區,嘉興里,嘉興里,陳水扁,趙少康＋黃大洲,816,1206,40.356083,59.643917,-19.287834,data/raw/openfun/tw.gov.cec~txn~candidates-votes/1994/陳水扁-village-votes-page-1.json;data/raw/openfun/tw.gov.cec~txn~candidates-votes/1994/黃大洲-village-votes-page-1.json;data/raw/openfun/tw.gov.cec~txn~candidates-votes/1994/趙少康-village-votes-page-1.json,matched,exact-village-id; exact-village-id; exact-village-id
1994,信義區,廣居里,廣居里,陳水扁,趙少康＋黃大洲,1304,2569,33.668990,66.331010,-32.662019,data/raw/openfun/tw.gov.cec~txn~candidates-votes/1994/陳水扁-village-votes-page-1.json;data/raw/openfun/tw.gov.cec~txn~candidates-votes/1994/黃大洲-village-votes-page-1.json;data/raw/openfun/tw.gov.cec~txn~candidates-votes/1994/趙少康-village-votes-page-1.json,matched,exact-village-id; exact-village-id; exact-village-id
1994,信義區,黎平里,黎平里,陳水扁,趙少康＋黃大洲,1591,2606,37.908030,62.091970,-24.183941,data/raw/openfun/tw.gov.cec~txn~candidates-votes/1994/陳水扁-village-votes-page-1.json;data/raw/openfun/tw.gov.cec~txn~candidates-votes/1994/黃大洲-village-votes-page-1.json;data/raw/openfun/tw.gov.cec~txn~candidates-votes/1994/趙少康-village-votes-page-1.json,matched,exact-village-id; exact-village-id; exact-village-id
1994,信義區,黎安里,黎安里,陳水扁,趙少康＋黃大洲,350,1594,18.004115,81.995885,-63.991770,data/raw/openfun/tw.gov.cec~txn~candidates-votes/1994/陳水扁-village-votes-page-1.json;data/raw/openfun/tw.gov.cec~txn~candidates-votes/1994/黃大洲-village-votes-page-1.json;data/raw/openfun/tw.gov.cec~txn~candidates-votes/1994/趙少康-village-votes-page-1.json,matched,exact-village-id; exact-village-id; exact-village-id
1994,信義區,黎忠里,黎忠里,陳水扁,趙少康＋黃大洲,1185,1861,38.903480,61.096520,-22.193040,data/raw/openfun/tw.gov.cec~txn~candidates-votes/1994/陳水扁-village-votes-page-1.json;data/raw/openfun/tw.gov.cec~txn~candidates-votes/1994/黃大洲-village-votes-page-1.json;data/raw/openfun/tw.gov.cec~txn~candidates-votes/1994/趙少康-village-votes-page-1.json,matched,exact-village-id; exact-village-id; exact-village-id
1994,信義區,黎順里,黎順里,陳水扁,趙少康＋黃大洲,1006,1743,36.595126,63.404874,-26.809749,data/raw/openfun/tw.gov.cec~txn~candidates-votes/1994/陳水扁-village-votes-page-1.json;data/raw/openfun/tw.gov.cec~txn~candidates-votes/1994/黃大洲-village-votes-page-1.json;data/raw/openfun/tw.gov.cec~txn~candidates-votes/1994/趙少康-village-votes-page-1.json,matched,exact-village-id; exact-village-id; exact-village-id
1994,信義區,興隆里,興隆里,陳水扁,趙少康＋黃大洲,555,1275,30.327869,69.672131,-39.344262,data/raw/openfun/tw.gov.cec~txn~candidates-votes/1994/陳水扁-village-votes-page-1.json;data/raw/openfun/tw.gov.cec~txn~candidates-votes/1994/黃大洲-village-votes-page-1.json;data/raw/openfun/tw.gov.cec~txn~candidates-votes/1994/趙少康-village-votes-page-1.json,matched,exact-village-id; exact-village-id; exact-village-id
1994,信義區,興雅里,興雅里,陳水扁,趙少康＋黃大洲,1492,2257,39.797279,60.202721,-20.405441,data/raw/openfun/tw.gov.cec~txn~candidates-votes/1994/陳水扁-village-votes-page-1.json;data/raw/openfun/tw.gov.cec~txn~candidates-votes/1994/黃大洲-village-votes-page-1.json;data/raw/openfun/tw.gov.cec~txn~candidates-votes/1994/趙少康-village-votes-page-1.json,matched,exact-village-id; exact-village-id; exact-village-id
1994,信義區,雙和里,雙和里,陳水扁,趙少康＋黃大洲,1382,2679,34.031027,65.968973,-31.937946,data/raw/openfun/tw.gov.cec~txn~candidates-votes/1994/陳水扁-village-votes-page-1.json;data/raw/openfun/tw.gov.cec~txn~candidates-votes/1994/黃大洲-village-votes-page-1.json;data/raw/openfun/tw.gov.cec~txn~candidates-votes/1994/趙少康-village-votes-page-1.json,matched,exact-village-id; exact-village-id; exact-village-id
1994,南港區,九如里,九如里,陳水扁,趙少康＋黃大洲,1342,2577,34.243429,65.756571,-31.513141,data/raw/openfun/tw.gov.cec~txn~candidates-votes/1994/陳水扁-village-votes-page-2.json;data/raw/openfun/tw.gov.cec~txn~candidates-votes/1994/黃大洲-village-votes-page-2.json;data/raw/openfun/tw.gov.cec~txn~candidates-votes/1994/趙少康-village-votes-page-2.json,matched,exact-village-id; exact-village-id; exact-village-id
1994,南港區,三重里,三重里,陳水扁,趙少康＋黃大洲,1020,1099,48.135913,51.864087,-3.728174,data/raw/openfun/tw.gov.cec~txn~candidates-votes/1994/陳水扁-village-votes-page-2.json;data/raw/openfun/tw.gov.cec~txn~candidates-votes/1994/黃大洲-village-votes-page-2.json;data/raw/openfun/tw.gov.cec~txn~candidates-votes/1994/趙少康-village-votes-page-2.json,matched,exact-village-id; exact-village-id; exact-village-id
1994,南港區,中南里,中南里,陳水扁,趙少康＋黃大洲,1334,1389,48.990084,51.009916,-2.019831,data/raw/openfun/tw.gov.cec~txn~candidates-votes/1994/陳水扁-village-votes-page-2.json;data/raw/openfun/tw.gov.cec~txn~candidates-votes/1994/黃大洲-village-votes-page-2.json;data/raw/openfun/tw.gov.cec~txn~candidates-votes/1994/趙少康-village-votes-page-2.json,matched,exact-village-id; exact-village-id; exact-village-id
1994,南港區,中研里,中研里,陳水扁,趙少康＋黃大洲,2293,3205,41.706075,58.293925,-16.587850,data/raw/openfun/tw.gov.cec~txn~candidates-votes/1994/陳水扁-village-votes-page-2.json;data/raw/openfun/tw.gov.cec~txn~candidates-votes/1994/黃大洲-village-votes-page-2.json;data/raw/openfun/tw.gov.cec~txn~candidates-votes/1994/趙少康-village-votes-page-2.json,matched,exact-village-id; exact-village-id; exact-village-id
1994,南港區,玉成里,玉成里,陳水扁,趙少康＋黃大洲,1446,1478,49.452804,50.547196,-1.094391,data/raw/openfun/tw.gov.cec~txn~candidates-votes/1994/陳水扁-village-votes-page-2.json;data/raw/openfun/tw.gov.cec~txn~candidates-votes/1994/黃大洲-village-votes-page-2.json;data/raw/openfun/tw.gov.cec~txn~candidates-votes/1994/趙少康-village-votes-page-2.json,matched,exact-village-id; exact-village-id; exact-village-id
1994,南港區,合成里,合成里,陳水扁,趙少康＋黃大洲,1773,2088,45.920746,54.079254,-8.158508,data/raw/openfun/tw.gov.cec~txn~candidates-votes/1994/陳水扁-village-votes-page-2.json;data/raw/openfun/tw.gov.cec~txn~candidates-votes/1994/黃大洲-village-votes-page-2.json;data/raw/openfun/tw.gov.cec~txn~candidates-votes/1994/趙少康-village-votes-page-2.json,matched,exact-village-id; exact-village-id; exact-village-id
1994,南港區,成福里,成福里,陳水扁,趙少康＋黃大洲,1656,2771,37.406822,62.593178,-25.186356,data/raw/openfun/tw.gov.cec~txn~candidates-votes/1994/陳水扁-village-votes-page-2.json;data/raw/openfun/tw.gov.cec~txn~candidates-votes/1994/黃大洲-village-votes-page-2.json;data/raw/openfun/tw.gov.cec~txn~candidates-votes/1994/趙少康-village-votes-page-2.json,matched,exact-village-id; exact-village-id; exact-village-id
1994,南港區,百福里,百福里,陳水扁,趙少康＋黃大洲,1333,1750,43.237107,56.762893,-13.525787,data/raw/openfun/tw.gov.cec~txn~candidates-votes/1994/陳水扁-village-votes-page-2.json;data/raw/openfun/tw.gov.cec~txn~candidates-votes/1994/黃大洲-village-votes-page-2.json;data/raw/openfun/tw.gov.cec~txn~candidates-votes/1994/趙少康-village-votes-page-2.json,matched,exact-village-id; exact-village-id; exact-village-id
1994,南港區,西新里,西新里,陳水扁,趙少康＋黃大洲,1549,1402,52.490681,47.509319,4.981362,data/raw/openfun/tw.gov.cec~txn~candidates-votes/1994/陳水扁-village-votes-page-2.json;data/raw/openfun/tw.gov.cec~txn~candidates-votes/1994/黃大洲-village-votes-page-2.json;data/raw/openfun/tw.gov.cec~txn~candidates-votes/1994/趙少康-village-votes-page-2.json,matched,exact-village-id; exact-village-id; exact-village-id
1994,南港區,東明里,東明里,陳水扁,趙少康＋黃大洲,1077,1609,40.096798,59.903202,-19.806404,data/raw/openfun/tw.gov.cec~txn~candidates-votes/1994/陳水扁-village-votes-page-2.json;data/raw/openfun/tw.gov.cec~txn~candidates-votes/1994/黃大洲-village-votes-page-2.json;data/raw/openfun/tw.gov.cec~txn~candidates-votes/1994/趙少康-village-votes-page-2.json,matched,exact-village-id; exact-village-id; exact-village-id
1994,南港區,東新里,東新里,陳水扁,趙少康＋黃大洲,1838,2370,43.678707,56.321293,-12.642586,data/raw/openfun/tw.gov.cec~txn~candidates-votes/1994/陳水扁-village-votes-page-2.json;data/raw/openfun/tw.gov.cec~txn~candidates-votes/1994/黃大洲-village-votes-page-2.json;data/raw/openfun/tw.gov.cec~txn~candidates-votes/1994/趙少康-village-votes-page-2.json,matched,exact-village-id; exact-village-id; exact-village-id
1994,南港區,南港里,南港里,陳水扁,趙少康＋黃大洲,1724,1634,51.340083,48.659917,2.680167,data/raw/openfun/tw.gov.cec~txn~candidates-votes/1994/陳水扁-village-votes-page-2.json;data/raw/openfun/tw.gov.cec~txn~candidates-votes/1994/黃大洲-village-votes-page-2.json;data/raw/openfun/tw.gov.cec~txn~candidates-votes/1994/趙少康-village-votes-page-2.json,matched,exact-village-id; exact-village-id; exact-village-id
1994,南港區,新光里,新光里,陳水扁,趙少康＋黃大洲,942,1947,32.606438,67.393562,-34.787124,data/raw/openfun/tw.gov.cec~txn~candidates-votes/1994/陳水扁-village-votes-page-2.json;data/raw/openfun/tw.gov.cec~txn~candidates-votes/1994/黃大洲-village-votes-page-2.json;data/raw/openfun/tw.gov.cec~txn~candidates-votes/1994/趙少康-village-votes-page-2.json,matched,exact-village-id; exact-village-id; exact-village-id
1994,南港區,新富里,新富里,陳水扁,趙少康＋黃大洲,1340,1338,50.037341,49.962659,0.074683,data/raw/openfun/tw.gov.cec~txn~candidates-votes/1994/陳水扁-village-votes-page-2.json;data/raw/openfun/tw.gov.cec~txn~candidates-votes/1994/黃大洲-village-votes-page-2.json;data/raw/openfun/tw.gov.cec~txn~candidates-votes/1994/趙少康-village-votes-page-2.json,matched,exact-village-id; exact-village-id; exact-village-id
1994,南港區,萬福里,萬福里,陳水扁,趙少康＋黃大洲,988,1739,36.230290,63.769710,-27.539421,data/raw/openfun/tw.gov.cec~txn~candidates-votes/1994/陳水扁-village-votes-page-2.json;data/raw/openfun/tw.gov.cec~txn~candidates-votes/1994/黃大洲-village-votes-page-2.json;data/raw/openfun/tw.gov.cec~txn~candidates-votes/1994/趙少康-village-votes-page-2.json,matched,exact-village-id; exact-village-id; exact-village-id
1994,南港區,聯成里,聯成里,陳水扁,趙少康＋黃大洲,1323,1934,40.620203,59.379797,-18.759595,data/raw/openfun/tw.gov.cec~txn~candidates-votes/1994/陳水扁-village-votes-page-2.json;data/raw/openfun/tw.gov.cec~txn~candidates-votes/1994/黃大洲-village-votes-page-2.json;data/raw/openfun/tw.gov.cec~txn~candidates-votes/1994/趙少康-village-votes-page-2.json,matched,exact-village-id; exact-village-id; exact-village-id
1994,南港區,鴻福里,鴻福里,陳水扁,趙少康＋黃大洲,1195,1615,42.526690,57.473310,-14.946619,data/raw/openfun/tw.gov.cec~txn~candidates-votes/1994/陳水扁-village-votes-page-2.json;data/raw/openfun/tw.gov.cec~txn~candidates-votes/1994/黃大洲-village-votes-page-2.json;data/raw/openfun/tw.gov.cec~txn~candidates-votes/1994/趙少康-village-votes-page-2.json,matched,exact-village-id; exact-village-id; exact-village-id
1994,南港區,舊莊里,舊莊里,陳水扁,趙少康＋黃大洲,2430,2399,50.320977,49.679023,0.641955,data/raw/openfun/tw.gov.cec~txn~candidates-votes/1994/陳水扁-village-votes-page-2.json;data/raw/openfun/tw.gov.cec~txn~candidates-votes/1994/黃大洲-village-votes-page-2.json;data/raw/openfun/tw.gov.cec~txn~candidates-votes/1994/趙少康-village-votes-page-2.json,matched,exact-village-id; exact-village-id; exact-village-id
1994,萬華區,仁德里,仁德里,陳水扁,趙少康＋黃大洲,1478,1508,49.497656,50.502344,-1.004689,data/raw/openfun/tw.gov.cec~txn~candidates-votes/1994/陳水扁-village-votes-page-2.json;data/raw/openfun/tw.gov.cec~txn~candidates-votes/1994/黃大洲-village-votes-page-2.json;data/raw/openfun/tw.gov.cec~txn~candidates-votes/1994/趙少康-village-votes-page-2.json,matched,exact-village-id; exact-village-id; exact-village-id
1994,萬華區,日祥里,日祥里,陳水扁,趙少康＋黃大洲,1042,2100,33.163590,66.836410,-33.672820,data/raw/openfun/tw.gov.cec~txn~candidates-votes/1994/陳水扁-village-votes-page-2.json;data/raw/openfun/tw.gov.cec~txn~candidates-votes/1994/黃大洲-village-votes-page-2.json;data/raw/openfun/tw.gov.cec~txn~candidates-votes/1994/趙少康-village-votes-page-2.json,matched,exact-village-id; exact-village-id; exact-village-id
1994,萬華區,日善里,日善里,陳水扁,趙少康＋黃大洲,1290,1135,53.195876,46.804124,6.391753,data/raw/openfun/tw.gov.cec~txn~candidates-votes/1994/陳水扁-village-votes-page-2.json;data/raw/openfun/tw.gov.cec~txn~candidates-votes/1994/黃大洲-village-votes-page-2.json;data/raw/openfun/tw.gov.cec~txn~candidates-votes/1994/趙少康-village-votes-page-2.json,matched,exact-village-id; exact-village-id; exact-village-id
1994,萬華區,全德里,全德里,陳水扁,趙少康＋黃大洲,1382,1264,52.229781,47.770219,4.459562,data/raw/openfun/tw.gov.cec~txn~candidates-votes/1994/陳水扁-village-votes-page-2.json;data/raw/openfun/tw.gov.cec~txn~candidates-votes/1994/黃大洲-village-votes-page-2.json;data/raw/openfun/tw.gov.cec~txn~candidates-votes/1994/趙少康-village-votes-page-2.json,matched,exact-village-id; exact-village-id; exact-village-id
1994,萬華區,西門里,西門里,陳水扁,趙少康＋黃大洲,870,1194,42.151163,57.848837,-15.697674,data/raw/openfun/tw.gov.cec~txn~candidates-votes/1994/陳水扁-village-votes-page-2.json;data/raw/openfun/tw.gov.cec~txn~candidates-votes/1994/黃大洲-village-votes-page-2.json;data/raw/openfun/tw.gov.cec~txn~candidates-votes/1994/趙少康-village-votes-page-2.json,matched,exact-village-id; exact-village-id; exact-village-id
1994,萬華區,孝德里,孝德里,陳水扁,趙少康＋黃大洲,1281,855,59.971910,40.028090,19.943820,data/raw/openfun/tw.gov.cec~txn~candidates-votes/1994/陳水扁-village-votes-page-2.json;data/raw/openfun/tw.gov.cec~txn~candidates-votes/1994/黃大洲-village-votes-page-2.json;data/raw/openfun/tw.gov.cec~txn~candidates-votes/1994/趙少康-village-votes-page-2.json,matched,exact-village-id; exact-village-id; exact-village-id
1994,萬華區,和平里,和平里,陳水扁,趙少康＋黃大洲,2840,1897,59.953557,40.046443,19.907114,data/raw/openfun/tw.gov.cec~txn~candidates-votes/1994/陳水扁-village-votes-page-2.json;data/raw/openfun/tw.gov.cec~txn~candidates-votes/1994/黃大洲-village-votes-page-2.json;data/raw/openfun/tw.gov.cec~txn~candidates-votes/1994/趙少康-village-votes-page-2.json,matched,exact-village-id; exact-village-id; exact-village-id
1994,萬華區,和德里,和德里,陳水扁,趙少康＋黃大洲,2519,2125,54.242033,45.757967,8.484065,data/raw/openfun/tw.gov.cec~txn~candidates-votes/1994/陳水扁-village-votes-page-2.json;data/raw/openfun/tw.gov.cec~txn~candidates-votes/1994/黃大洲-village-votes-page-2.json;data/raw/openfun/tw.gov.cec~txn~candidates-votes/1994/趙少康-village-votes-page-2.json,matched,exact-village-id; exact-village-id; exact-village-id
1994,萬華區,忠貞里,忠貞里,陳水扁,趙少康＋黃大洲,967,2595,27.147670,72.852330,-45.704660,data/raw/openfun/tw.gov.cec~txn~candidates-votes/1994/陳水扁-village-votes-page-2.json;data/raw/openfun/tw.gov.cec~txn~candidates-votes/1994/黃大洲-village-votes-page-2.json;data/raw/openfun/tw.gov.cec~txn~candidates-votes/1994/趙少康-village-votes-page-2.json,matched,exact-village-id; exact-village-id; exact-village-id
1994,萬華區,忠德里,忠德里,陳水扁,趙少康＋黃大洲,1662,1216,57.748436,42.251564,15.496873,data/raw/openfun/tw.gov.cec~txn~candidates-votes/1994/陳水扁-village-votes-page-2.json;data/raw/openfun/tw.gov.cec~txn~candidates-votes/1994/黃大洲-village-votes-page-2.json;data/raw/openfun/tw.gov.cec~txn~candidates-votes/1994/趙少康-village-votes-page-2.json,matched,exact-village-id; exact-village-id; exact-village-id
1994,萬華區,青山里,青山里,陳水扁,趙少康＋黃大洲,1801,1454,55.330261,44.669739,10.660522,data/raw/openfun/tw.gov.cec~txn~candidates-votes/1994/陳水扁-village-votes-page-2.json;data/raw/openfun/tw.gov.cec~txn~candidates-votes/1994/黃大洲-village-votes-page-2.json;data/raw/openfun/tw.gov.cec~txn~candidates-votes/1994/趙少康-village-votes-page-2.json,matched,exact-village-id; exact-village-id; exact-village-id
1994,萬華區,保德里,保德里,陳水扁,趙少康＋黃大洲,1155,911,55.905131,44.094869,11.810261,data/raw/openfun/tw.gov.cec~txn~candidates-votes/1994/陳水扁-village-votes-page-2.json;data/raw/openfun/tw.gov.cec~txn~candidates-votes/1994/黃大洲-village-votes-page-2.json;data/raw/openfun/tw.gov.cec~txn~candidates-votes/1994/趙少康-village-votes-page-2.json,matched,exact-village-id; exact-village-id; exact-village-id
1994,萬華區,柳鄉里,柳鄉里,陳水扁,趙少康＋黃大洲,2090,1497,58.265960,41.734040,16.531921,data/raw/openfun/tw.gov.cec~txn~candidates-votes/1994/陳水扁-village-votes-page-2.json;data/raw/openfun/tw.gov.cec~txn~candidates-votes/1994/黃大洲-village-votes-page-2.json;data/raw/openfun/tw.gov.cec~txn~candidates-votes/1994/趙少康-village-votes-page-2.json,matched,exact-village-id; exact-village-id; exact-village-id
1994,萬華區,凌霄里,凌霄里,陳水扁,趙少康＋黃大洲,846,2003,29.694630,70.305370,-40.610741,data/raw/openfun/tw.gov.cec~txn~candidates-votes/1994/陳水扁-village-votes-page-2.json;data/raw/openfun/tw.gov.cec~txn~candidates-votes/1994/黃大洲-village-votes-page-2.json;data/raw/openfun/tw.gov.cec~txn~candidates-votes/1994/趙少康-village-votes-page-2.json,matched,exact-village-id; exact-village-id; exact-village-id
1994,萬華區,頂碩里,頂碩里,陳水扁,趙少康＋黃大洲,3176,2032,60.983103,39.016897,21.966206,data/raw/openfun/tw.gov.cec~txn~candidates-votes/1994/陳水扁-village-votes-page-2.json;data/raw/openfun/tw.gov.cec~txn~candidates-votes/1994/黃大洲-village-votes-page-2.json;data/raw/openfun/tw.gov.cec~txn~candidates-votes/1994/趙少康-village-votes-page-2.json,matched,exact-village-id; exact-village-id; exact-village-id
1994,萬華區,富民里,富民里,陳水扁,趙少康＋黃大洲,1745,1335,56.655844,43.344156,13.311688,data/raw/openfun/tw.gov.cec~txn~candidates-votes/1994/陳水扁-village-votes-page-2.json;data/raw/openfun/tw.gov.cec~txn~candidates-votes/1994/黃大洲-village-votes-page-2.json;data/raw/openfun/tw.gov.cec~txn~candidates-votes/1994/趙少康-village-votes-page-2.json,matched,exact-village-id; exact-village-id; exact-village-id
1994,萬華區,富福里,富福里,陳水扁,趙少康＋黃大洲,1806,1301,58.126810,41.873190,16.253621,data/raw/openfun/tw.gov.cec~txn~candidates-votes/1994/陳水扁-village-votes-page-2.json;data/raw/openfun/tw.gov.cec~txn~candidates-votes/1994/黃大洲-village-votes-page-2.json;data/raw/openfun/tw.gov.cec~txn~candidates-votes/1994/趙少康-village-votes-page-2.json,matched,exact-village-id; exact-village-id; exact-village-id
1994,萬華區,菜園里,菜園里,陳水扁,趙少康＋黃大洲,1944,1564,55.416192,44.583808,10.832383,data/raw/openfun/tw.gov.cec~txn~candidates-votes/1994/陳水扁-village-votes-page-2.json;data/raw/openfun/tw.gov.cec~txn~candidates-votes/1994/黃大洲-village-votes-page-2.json;data/raw/openfun/tw.gov.cec~txn~candidates-votes/1994/趙少康-village-votes-page-2.json,matched,exact-village-id; exact-village-id; exact-village-id
1994,萬華區,華中里,華中里,陳水扁,趙少康＋黃大洲,2351,1959,54.547564,45.452436,9.095128,data/raw/openfun/tw.gov.cec~txn~candidates-votes/1994/陳水扁-village-votes-page-2.json;data/raw/openfun/tw.gov.cec~txn~candidates-votes/1994/黃大洲-village-votes-page-2.json;data/raw/openfun/tw.gov.cec~txn~candidates-votes/1994/趙少康-village-votes-page-2.json,matched,exact-village-id; exact-village-id; exact-village-id
1994,萬華區,華江里,華江里,陳水扁,趙少康＋黃大洲,2995,2538,54.129767,45.870233,8.259534,data/raw/openfun/tw.gov.cec~txn~candidates-votes/1994/陳水扁-village-votes-page-2.json;data/raw/openfun/tw.gov.cec~txn~candidates-votes/1994/黃大洲-village-votes-page-2.json;data/raw/openfun/tw.gov.cec~txn~candidates-votes/1994/趙少康-village-votes-page-2.json,matched,exact-village-id; exact-village-id; exact-village-id
1994,萬華區,新安里,新安里,陳水扁,趙少康＋黃大洲,1550,2970,34.292035,65.707965,-31.415929,data/raw/openfun/tw.gov.cec~txn~candidates-votes/1994/陳水扁-village-votes-page-2.json;data/raw/openfun/tw.gov.cec~txn~candidates-votes/1994/黃大洲-village-votes-page-2.json;data/raw/openfun/tw.gov.cec~txn~candidates-votes/1994/趙少康-village-votes-page-2.json,matched,exact-village-id; exact-village-id; exact-village-id
1994,萬華區,新和里,新和里,陳水扁,趙少康＋黃大洲,1151,4635,19.892845,80.107155,-60.214310,data/raw/openfun/tw.gov.cec~txn~candidates-votes/1994/陳水扁-village-votes-page-2.json;data/raw/openfun/tw.gov.cec~txn~candidates-votes/1994/黃大洲-village-votes-page-2.json;data/raw/openfun/tw.gov.cec~txn~candidates-votes/1994/趙少康-village-votes-page-2.json,matched,exact-village-id; exact-village-id; exact-village-id
1994,萬華區,新忠里,新忠里,陳水扁,趙少康＋黃大洲,492,2257,17.897417,82.102583,-64.205166,data/raw/openfun/tw.gov.cec~txn~candidates-votes/1994/陳水扁-village-votes-page-2.json;data/raw/openfun/tw.gov.cec~txn~candidates-votes/1994/黃大洲-village-votes-page-2.json;data/raw/openfun/tw.gov.cec~txn~candidates-votes/1994/趙少康-village-votes-page-2.json,matched,exact-village-id; exact-village-id; exact-village-id
1994,萬華區,新起里,新起里,陳水扁,趙少康＋黃大洲,1937,2290,45.824462,54.175538,-8.351076,data/raw/openfun/tw.gov.cec~txn~candidates-votes/1994/陳水扁-village-votes-page-2.json;data/raw/openfun/tw.gov.cec~txn~candidates-votes/1994/黃大洲-village-votes-page-2.json;data/raw/openfun/tw.gov.cec~txn~candidates-votes/1994/趙少康-village-votes-page-2.json,matched,exact-village-id; exact-village-id; exact-village-id
1994,萬華區,萬壽里,萬壽里,陳水扁,趙少康＋黃大洲,859,944,47.642818,52.357182,-4.714365,data/raw/openfun/tw.gov.cec~txn~candidates-votes/1994/陳水扁-village-votes-page-2.json;data/raw/openfun/tw.gov.cec~txn~candidates-votes/1994/黃大洲-village-votes-page-2.json;data/raw/openfun/tw.gov.cec~txn~candidates-votes/1994/趙少康-village-votes-page-2.json,matched,exact-village-id; exact-village-id; exact-village-id
1994,萬華區,壽德里,壽德里,陳水扁,趙少康＋黃大洲,1615,1571,50.690521,49.309479,1.381042,data/raw/openfun/tw.gov.cec~txn~candidates-votes/1994/陳水扁-village-votes-page-2.json;data/raw/openfun/tw.gov.cec~txn~candidates-votes/1994/黃大洲-village-votes-page-2.json;data/raw/openfun/tw.gov.cec~txn~candidates-votes/1994/趙少康-village-votes-page-2.json,matched,exact-village-id; exact-village-id; exact-village-id
1994,萬華區,榮德里,榮德里,陳水扁,趙少康＋黃大洲,1388,1231,52.997327,47.002673,5.994654,data/raw/openfun/tw.gov.cec~txn~candidates-votes/1994/陳水扁-village-votes-page-2.json;data/raw/openfun/tw.gov.cec~txn~candidates-votes/1994/黃大洲-village-votes-page-2.json;data/raw/openfun/tw.gov.cec~txn~candidates-votes/1994/趙少康-village-votes-page-2.json,matched,exact-village-id; exact-village-id; exact-village-id
1994,萬華區,福星里,福星里,陳水扁,趙少康＋黃大洲,1383,1431,49.147122,50.852878,-1.705757,data/raw/openfun/tw.gov.cec~txn~candidates-votes/1994/陳水扁-village-votes-page-2.json;data/raw/openfun/tw.gov.cec~txn~candidates-votes/1994/黃大洲-village-votes-page-2.json;data/raw/openfun/tw.gov.cec~txn~candidates-votes/1994/趙少康-village-votes-page-2.json,matched,exact-village-id; exact-village-id; exact-village-id
1994,萬華區,福音里,福音里,陳水扁,趙少康＋黃大洲,1493,1142,56.660342,43.339658,13.320683,data/raw/openfun/tw.gov.cec~txn~candidates-votes/1994/陳水扁-village-votes-page-2.json;data/raw/openfun/tw.gov.cec~txn~candidates-votes/1994/黃大洲-village-votes-page-2.json;data/raw/openfun/tw.gov.cec~txn~candidates-votes/1994/趙少康-village-votes-page-2.json,matched,exact-village-id; exact-village-id; exact-village-id
1994,萬華區,綠堤里,綠堤里,陳水扁,趙少康＋黃大洲,1943,1822,51.606906,48.393094,3.213811,data/raw/openfun/tw.gov.cec~txn~candidates-votes/1994/陳水扁-village-votes-page-2.json;data/raw/openfun/tw.gov.cec~txn~candidates-votes/1994/黃大洲-village-votes-page-2.json;data/raw/openfun/tw.gov.cec~txn~candidates-votes/1994/趙少康-village-votes-page-2.json,matched,exact-village-id; exact-village-id; exact-village-id
1994,萬華區,銘德里,銘德里,陳水扁,趙少康＋黃大洲,1618,1479,52.244107,47.755893,4.488214,data/raw/openfun/tw.gov.cec~txn~candidates-votes/1994/陳水扁-village-votes-page-2.json;data/raw/openfun/tw.gov.cec~txn~candidates-votes/1994/黃大洲-village-votes-page-2.json;data/raw/openfun/tw.gov.cec~txn~candidates-votes/1994/趙少康-village-votes-page-2.json,matched,exact-village-id; exact-village-id; exact-village-id
1994,萬華區,糖廍里,糖廍里,陳水扁,趙少康＋黃大洲,1517,1259,54.646974,45.353026,9.293948,data/raw/openfun/tw.gov.cec~txn~candidates-votes/1994/陳水扁-village-votes-page-2.json;data/raw/openfun/tw.gov.cec~txn~candidates-votes/1994/黃大洲-village-votes-page-2.json;data/raw/openfun/tw.gov.cec~txn~candidates-votes/1994/趙少康-village-votes-page-2.json,matched,exact-village-id; exact-village-id; exact-village-id
1994,萬華區,興德里,興德里,陳水扁,趙少康＋黃大洲,1559,1438,52.018685,47.981315,4.037371,data/raw/openfun/tw.gov.cec~txn~candidates-votes/1994/陳水扁-village-votes-page-2.json;data/raw/openfun/tw.gov.cec~txn~candidates-votes/1994/黃大洲-village-votes-page-2.json;data/raw/openfun/tw.gov.cec~txn~candidates-votes/1994/趙少康-village-votes-page-2.json,matched,exact-village-id; exact-village-id; exact-village-id
1994,萬華區,錦德里,錦德里,陳水扁,趙少康＋黃大洲,1804,1593,53.105681,46.894319,6.211363,data/raw/openfun/tw.gov.cec~txn~candidates-votes/1994/陳水扁-village-votes-page-2.json;data/raw/openfun/tw.gov.cec~txn~candidates-votes/1994/黃大洲-village-votes-page-2.json;data/raw/openfun/tw.gov.cec~txn~candidates-votes/1994/趙少康-village-votes-page-2.json,matched,exact-village-id; exact-village-id; exact-village-id
1994,萬華區,雙園里,雙園里,陳水扁,趙少康＋黃大洲,1764,1449,54.901961,45.098039,9.803922,data/raw/openfun/tw.gov.cec~txn~candidates-votes/1994/陳水扁-village-votes-page-2.json;data/raw/openfun/tw.gov.cec~txn~candidates-votes/1994/黃大洲-village-votes-page-2.json;data/raw/openfun/tw.gov.cec~txn~candidates-votes/1994/趙少康-village-votes-page-2.json,matched,exact-village-id; exact-village-id; exact-village-id
1994,萬華區,騰雲里,騰雲里,陳水扁,趙少康＋黃大洲,617,1248,33.083110,66.916890,-33.833780,data/raw/openfun/tw.gov.cec~txn~candidates-votes/1994/陳水扁-village-votes-page-2.json;data/raw/openfun/tw.gov.cec~txn~candidates-votes/1994/黃大洲-village-votes-page-2.json;data/raw/openfun/tw.gov.cec~txn~candidates-votes/1994/趙少康-village-votes-page-2.json,matched,exact-village-id; exact-village-id; exact-village-id
1998,士林區,三玉里,三玉里,陳水扁,馬英九,1748,1651,51.426890,48.573110,2.853781,data/raw/openfun/tw.gov.cec~txn~candidates-votes/1998/馬英九-village-votes-page-2.json;data/raw/openfun/tw.gov.cec~txn~candidates-votes/1998/陳水扁-village-votes-page-2.json,matched,exact-village-id; exact-village-id
1998,士林區,仁勇里,仁勇里,陳水扁,馬英九,1691,1316,56.235451,43.764549,12.470901,data/raw/openfun/tw.gov.cec~txn~candidates-votes/1998/馬英九-village-votes-page-2.json;data/raw/openfun/tw.gov.cec~txn~candidates-votes/1998/陳水扁-village-votes-page-2.json,matched,exact-village-id; exact-village-id
1998,士林區,公館里,公館里,陳水扁,馬英九,563,346,61.936194,38.063806,23.872387,data/raw/openfun/tw.gov.cec~txn~candidates-votes/1998/馬英九-village-votes-page-2.json;data/raw/openfun/tw.gov.cec~txn~candidates-votes/1998/陳水扁-village-votes-page-2.json,matched,exact-village-id; exact-village-id
1998,士林區,天山里,天山里,陳水扁,馬英九,1971,2068,48.799208,51.200792,-2.401585,data/raw/openfun/tw.gov.cec~txn~candidates-votes/1998/馬英九-village-votes-page-2.json;data/raw/openfun/tw.gov.cec~txn~candidates-votes/1998/陳水扁-village-votes-page-2.json,matched,exact-village-id; exact-village-id
1998,士林區,天母里,天母里,陳水扁,馬英九,1790,1970,47.606383,52.393617,-4.787234,data/raw/openfun/tw.gov.cec~txn~candidates-votes/1998/馬英九-village-votes-page-2.json;data/raw/openfun/tw.gov.cec~txn~candidates-votes/1998/陳水扁-village-votes-page-2.json,matched,exact-village-id; exact-village-id
1998,士林區,天玉里,天玉里,陳水扁,馬英九,2283,2543,47.306258,52.693742,-5.387484,data/raw/openfun/tw.gov.cec~txn~candidates-votes/1998/馬英九-village-votes-page-2.json;data/raw/openfun/tw.gov.cec~txn~candidates-votes/1998/陳水扁-village-votes-page-2.json,matched,exact-village-id; exact-village-id
1998,士林區,天和里,天和里,陳水扁,馬英九,2086,2304,47.517084,52.482916,-4.965831,data/raw/openfun/tw.gov.cec~txn~candidates-votes/1998/馬英九-village-votes-page-2.json;data/raw/openfun/tw.gov.cec~txn~candidates-votes/1998/陳水扁-village-votes-page-2.json,matched,exact-village-id; exact-village-id
1998,士林區,天祿里,天祿里,陳水扁,馬英九,1595,1509,51.385309,48.614691,2.770619,data/raw/openfun/tw.gov.cec~txn~candidates-votes/1998/馬英九-village-votes-page-2.json;data/raw/openfun/tw.gov.cec~txn~candidates-votes/1998/陳水扁-village-votes-page-2.json,matched,exact-village-id; exact-village-id
1998,士林區,天壽里,天壽里,陳水扁,馬英九,1401,1290,52.062430,47.937570,4.124861,data/raw/openfun/tw.gov.cec~txn~candidates-votes/1998/馬英九-village-votes-page-2.json;data/raw/openfun/tw.gov.cec~txn~candidates-votes/1998/陳水扁-village-votes-page-2.json,matched,exact-village-id; exact-village-id
1998,士林區,天福里,天福里,陳水扁,馬英九,1896,2007,48.578017,51.421983,-2.843966,data/raw/openfun/tw.gov.cec~txn~candidates-votes/1998/馬英九-village-votes-page-2.json;data/raw/openfun/tw.gov.cec~txn~candidates-votes/1998/陳水扁-village-votes-page-2.json,matched,exact-village-id; exact-village-id
1998,士林區,平等里,平等里,陳水扁,馬英九,759,220,77.528090,22.471910,55.056180,data/raw/openfun/tw.gov.cec~txn~candidates-votes/1998/馬英九-village-votes-page-2.json;data/raw/openfun/tw.gov.cec~txn~candidates-votes/1998/陳水扁-village-votes-page-2.json,matched,exact-village-id; exact-village-id
1998,士林區,永倫里,永倫里,陳水扁,馬英九,2904,1733,62.626698,37.373302,25.253397,data/raw/openfun/tw.gov.cec~txn~candidates-votes/1998/馬英九-village-votes-page-2.json;data/raw/openfun/tw.gov.cec~txn~candidates-votes/1998/陳水扁-village-votes-page-2.json,matched,exact-village-id; exact-village-id
1998,士林區,永福里,永福里,陳水扁,馬英九,510,338,60.141509,39.858491,20.283019,data/raw/openfun/tw.gov.cec~txn~candidates-votes/1998/馬英九-village-votes-page-2.json;data/raw/openfun/tw.gov.cec~txn~candidates-votes/1998/陳水扁-village-votes-page-2.json,matched,exact-village-id; exact-village-id
1998,士林區,名山里,名山里,陳水扁,馬英九,1857,2053,47.493606,52.506394,-5.012788,data/raw/openfun/tw.gov.cec~txn~candidates-votes/1998/馬英九-village-votes-page-2.json;data/raw/openfun/tw.gov.cec~txn~candidates-votes/1998/陳水扁-village-votes-page-2.json,matched,exact-village-id; exact-village-id
1998,士林區,百齡里,百齡里,陳水扁,馬英九,2667,1872,58.757436,41.242564,17.514871,data/raw/openfun/tw.gov.cec~txn~candidates-votes/1998/馬英九-village-votes-page-2.json;data/raw/openfun/tw.gov.cec~txn~candidates-votes/1998/陳水扁-village-votes-page-2.json,matched,exact-village-id; exact-village-id
1998,士林區,岩山里,岩山里,陳水扁,馬英九,1136,1517,42.819450,57.180550,-14.361101,data/raw/openfun/tw.gov.cec~txn~candidates-votes/1998/馬英九-village-votes-page-2.json;data/raw/openfun/tw.gov.cec~txn~candidates-votes/1998/陳水扁-village-votes-page-2.json,matched,exact-village-id; exact-village-id
1998,士林區,忠誠里,忠誠里,陳水扁,馬英九,1185,2345,33.569405,66.430595,-32.861190,data/raw/openfun/tw.gov.cec~txn~candidates-votes/1998/馬英九-village-votes-page-2.json;data/raw/openfun/tw.gov.cec~txn~candidates-votes/1998/陳水扁-village-votes-page-2.json,matched,exact-village-id; exact-village-id
1998,士林區,承德里,承德里,陳水扁,馬英九,1694,1433,54.173329,45.826671,8.346658,data/raw/openfun/tw.gov.cec~txn~candidates-votes/1998/馬英九-village-votes-page-2.json;data/raw/openfun/tw.gov.cec~txn~candidates-votes/1998/陳水扁-village-votes-page-2.json,matched,exact-village-id; exact-village-id
1998,士林區,明勝里,明勝里,陳水扁,馬英九,1804,1300,58.118557,41.881443,16.237113,data/raw/openfun/tw.gov.cec~txn~candidates-votes/1998/馬英九-village-votes-page-2.json;data/raw/openfun/tw.gov.cec~txn~candidates-votes/1998/陳水扁-village-votes-page-2.json,matched,exact-village-id; exact-village-id
1998,士林區,東山里,東山里,陳水扁,馬英九,1201,1871,39.095052,60.904948,-21.809896,data/raw/openfun/tw.gov.cec~txn~candidates-votes/1998/馬英九-village-votes-page-2.json;data/raw/openfun/tw.gov.cec~txn~candidates-votes/1998/陳水扁-village-votes-page-2.json,matched,exact-village-id; exact-village-id
1998,士林區,社子里,社子里,陳水扁,馬英九,2455,1636,60.009778,39.990222,20.019555,data/raw/openfun/tw.gov.cec~txn~candidates-votes/1998/馬英九-village-votes-page-2.json;data/raw/openfun/tw.gov.cec~txn~candidates-votes/1998/陳水扁-village-votes-page-2.json,matched,exact-village-id; exact-village-id
1998,士林區,社園里,社園里,陳水扁,馬英九,2608,1652,61.220657,38.779343,22.441315,data/raw/openfun/tw.gov.cec~txn~candidates-votes/1998/馬英九-village-votes-page-2.json;data/raw/openfun/tw.gov.cec~txn~candidates-votes/1998/陳水扁-village-votes-page-2.json,matched,exact-village-id; exact-village-id
1998,士林區,社新里,社新里,陳水扁,馬英九,3249,1970,62.253305,37.746695,24.506610,data/raw/openfun/tw.gov.cec~txn~candidates-votes/1998/馬英九-village-votes-page-2.json;data/raw/openfun/tw.gov.cec~txn~candidates-votes/1998/陳水扁-village-votes-page-2.json,matched,exact-village-id; exact-village-id
1998,士林區,芝山里,芝山里,陳水扁,馬英九,2022,2064,49.486050,50.513950,-1.027900,data/raw/openfun/tw.gov.cec~txn~candidates-votes/1998/馬英九-village-votes-page-2.json;data/raw/openfun/tw.gov.cec~txn~candidates-votes/1998/陳水扁-village-votes-page-2.json,matched,exact-village-id; exact-village-id
1998,士林區,前港里,前港里,陳水扁,馬英九,1589,1053,60.143830,39.856170,20.287661,data/raw/openfun/tw.gov.cec~txn~candidates-votes/1998/馬英九-village-votes-page-2.json;data/raw/openfun/tw.gov.cec~txn~candidates-votes/1998/陳水扁-village-votes-page-2.json,matched,exact-village-id; exact-village-id
1998,士林區,後港里,後港里,陳水扁,馬英九,2934,2064,58.703481,41.296519,17.406963,data/raw/openfun/tw.gov.cec~txn~candidates-votes/1998/馬英九-village-votes-page-2.json;data/raw/openfun/tw.gov.cec~txn~candidates-votes/1998/陳水扁-village-votes-page-2.json,matched,exact-village-id; exact-village-id
1998,士林區,富光里,富光里,陳水扁,馬英九,2320,1485,60.972405,39.027595,21.944809,data/raw/openfun/tw.gov.cec~txn~candidates-votes/1998/馬英九-village-votes-page-2.json;data/raw/openfun/tw.gov.cec~txn~candidates-votes/1998/陳水扁-village-votes-page-2.json,matched,exact-village-id; exact-village-id
1998,士林區,富洲里,富洲里,陳水扁,馬英九,2496,1033,70.728252,29.271748,41.456503,data/raw/openfun/tw.gov.cec~txn~candidates-votes/1998/馬英九-village-votes-page-2.json;data/raw/openfun/tw.gov.cec~txn~candidates-votes/1998/陳水扁-village-votes-page-2.json,matched,exact-village-id; exact-village-id
1998,士林區,菁山里,菁山里,陳水扁,馬英九,597,461,56.427221,43.572779,12.854442,data/raw/openfun/tw.gov.cec~txn~candidates-votes/1998/馬英九-village-votes-page-2.json;data/raw/openfun/tw.gov.cec~txn~candidates-votes/1998/陳水扁-village-votes-page-2.json,matched,exact-village-id; exact-village-id
1998,士林區,陽明里,陽明里,陳水扁,馬英九,949,1013,48.369011,51.630989,-3.261978,data/raw/openfun/tw.gov.cec~txn~candidates-votes/1998/馬英九-village-votes-page-2.json;data/raw/openfun/tw.gov.cec~txn~candidates-votes/1998/陳水扁-village-votes-page-2.json,matched,exact-village-id; exact-village-id
1998,士林區,新安里,新安里,陳水扁,馬英九,779,531,59.465649,40.534351,18.931298,data/raw/openfun/tw.gov.cec~txn~candidates-votes/1998/馬英九-village-votes-page-2.json;data/raw/openfun/tw.gov.cec~txn~candidates-votes/1998/陳水扁-village-votes-page-2.json,matched,exact-village-id; exact-village-id
1998,士林區,溪山里,溪山里,陳水扁,馬英九,541,434,55.487179,44.512821,10.974359,data/raw/openfun/tw.gov.cec~txn~candidates-votes/1998/馬英九-village-votes-page-2.json;data/raw/openfun/tw.gov.cec~txn~candidates-votes/1998/陳水扁-village-votes-page-2.json,matched,exact-village-id; exact-village-id
1998,士林區,義信里,義信里,陳水扁,馬英九,1002,913,52.323760,47.676240,4.647520,data/raw/openfun/tw.gov.cec~txn~candidates-votes/1998/馬英九-village-votes-page-2.json;data/raw/openfun/tw.gov.cec~txn~candidates-votes/1998/陳水扁-village-votes-page-2.json,matched,exact-village-id; exact-village-id
1998,士林區,聖山里,聖山里,陳水扁,馬英九,1145,1920,37.357259,62.642741,-25.285481,data/raw/openfun/tw.gov.cec~txn~candidates-votes/1998/馬英九-village-votes-page-2.json;data/raw/openfun/tw.gov.cec~txn~candidates-votes/1998/陳水扁-village-votes-page-2.json,matched,exact-village-id; exact-village-id
1998,士林區,葫東里,葫東里,陳水扁,馬英九,1583,850,65.063707,34.936293,30.127415,data/raw/openfun/tw.gov.cec~txn~candidates-votes/1998/馬英九-village-votes-page-2.json;data/raw/openfun/tw.gov.cec~txn~candidates-votes/1998/陳水扁-village-votes-page-2.json,matched,exact-village-id; exact-village-id
1998,士林區,葫蘆里,葫蘆里,陳水扁,馬英九,2424,2215,52.252641,47.747359,4.505281,data/raw/openfun/tw.gov.cec~txn~candidates-votes/1998/馬英九-village-votes-page-2.json;data/raw/openfun/tw.gov.cec~txn~candidates-votes/1998/陳水扁-village-votes-page-2.json,matched,exact-village-id; exact-village-id
1998,士林區,福中里,福中里,陳水扁,馬英九,2085,1359,60.540070,39.459930,21.080139,data/raw/openfun/tw.gov.cec~txn~candidates-votes/1998/馬英九-village-votes-page-2.json;data/raw/openfun/tw.gov.cec~txn~candidates-votes/1998/陳水扁-village-votes-page-2.json,matched,exact-village-id; exact-village-id
1998,士林區,福安里,福安里,陳水扁,馬英九,2498,751,76.885195,23.114805,53.770391,data/raw/openfun/tw.gov.cec~txn~candidates-votes/1998/馬英九-village-votes-page-2.json;data/raw/openfun/tw.gov.cec~txn~candidates-votes/1998/陳水扁-village-votes-page-2.json,matched,exact-village-id; exact-village-id
1998,士林區,福志里,福志里,陳水扁,馬英九,2124,2730,43.757726,56.242274,-12.484549,data/raw/openfun/tw.gov.cec~txn~candidates-votes/1998/馬英九-village-votes-page-2.json;data/raw/openfun/tw.gov.cec~txn~candidates-votes/1998/陳水扁-village-votes-page-2.json,matched,exact-village-id; exact-village-id
1998,士林區,福佳里,福佳里,陳水扁,馬英九,2488,2118,54.016500,45.983500,8.033000,data/raw/openfun/tw.gov.cec~txn~candidates-votes/1998/馬英九-village-votes-page-2.json;data/raw/openfun/tw.gov.cec~txn~candidates-votes/1998/陳水扁-village-votes-page-2.json,matched,exact-village-id; exact-village-id
1998,士林區,福林里,福林里,陳水扁,馬英九,1077,1611,40.066964,59.933036,-19.866071,data/raw/openfun/tw.gov.cec~txn~candidates-votes/1998/馬英九-village-votes-page-2.json;data/raw/openfun/tw.gov.cec~txn~candidates-votes/1998/陳水扁-village-votes-page-2.json,matched,exact-village-id; exact-village-id
1998,士林區,福華里,福華里,陳水扁,馬英九,2207,2124,50.958208,49.041792,1.916417,data/raw/openfun/tw.gov.cec~txn~candidates-votes/1998/馬英九-village-votes-page-2.json;data/raw/openfun/tw.gov.cec~txn~candidates-votes/1998/陳水扁-village-votes-page-2.json,matched,exact-village-id; exact-village-id
1998,士林區,福順里,福順里,陳水扁,馬英九,2240,1295,63.366337,36.633663,26.732673,data/raw/openfun/tw.gov.cec~txn~candidates-votes/1998/馬英九-village-votes-page-2.json;data/raw/openfun/tw.gov.cec~txn~candidates-votes/1998/陳水扁-village-votes-page-2.json,matched,exact-village-id; exact-village-id
1998,士林區,福德里,福德里,陳水扁,馬英九,1339,1256,51.599229,48.400771,3.198459,data/raw/openfun/tw.gov.cec~txn~candidates-votes/1998/馬英九-village-votes-page-2.json;data/raw/openfun/tw.gov.cec~txn~candidates-votes/1998/陳水扁-village-votes-page-2.json,matched,exact-village-id; exact-village-id
1998,士林區,翠山里,翠山里,陳水扁,馬英九,1225,2415,33.653846,66.346154,-32.692308,data/raw/openfun/tw.gov.cec~txn~candidates-votes/1998/馬英九-village-votes-page-2.json;data/raw/openfun/tw.gov.cec~txn~candidates-votes/1998/陳水扁-village-votes-page-2.json,matched,exact-village-id; exact-village-id
1998,士林區,德行里,德行里,陳水扁,馬英九,1432,1182,54.781943,45.218057,9.563887,data/raw/openfun/tw.gov.cec~txn~candidates-votes/1998/馬英九-village-votes-page-2.json;data/raw/openfun/tw.gov.cec~txn~candidates-votes/1998/陳水扁-village-votes-page-2.json,matched,exact-village-id; exact-village-id
1998,士林區,德華里,德華里,陳水扁,馬英九,1904,1544,55.220418,44.779582,10.440835,data/raw/openfun/tw.gov.cec~txn~candidates-votes/1998/馬英九-village-votes-page-2.json;data/raw/openfun/tw.gov.cec~txn~candidates-votes/1998/陳水扁-village-votes-page-2.json,matched,exact-village-id; exact-village-id
1998,士林區,舊佳里,舊佳里,陳水扁,馬英九,2370,1928,55.141926,44.858074,10.283853,data/raw/openfun/tw.gov.cec~txn~candidates-votes/1998/馬英九-village-votes-page-2.json;data/raw/openfun/tw.gov.cec~txn~candidates-votes/1998/陳水扁-village-votes-page-2.json,matched,exact-village-id; exact-village-id
1998,士林區,蘭雅里,蘭雅里,陳水扁,馬英九,2673,2510,51.572448,48.427552,3.144897,data/raw/openfun/tw.gov.cec~txn~candidates-votes/1998/馬英九-village-votes-page-2.json;data/raw/openfun/tw.gov.cec~txn~candidates-votes/1998/陳水扁-village-votes-page-2.json,matched,exact-village-id; exact-village-id
1998,士林區,蘭興里,蘭興里,陳水扁,馬英九,1921,1696,53.110312,46.889688,6.220625,data/raw/openfun/tw.gov.cec~txn~candidates-votes/1998/馬英九-village-votes-page-2.json;data/raw/openfun/tw.gov.cec~txn~candidates-votes/1998/陳水扁-village-votes-page-2.json,matched,exact-village-id; exact-village-id
1998,大同區,大有里,大有里,陳水扁,馬英九,1987,1283,60.764526,39.235474,21.529052,data/raw/openfun/tw.gov.cec~txn~candidates-votes/1998/馬英九-village-votes-page-2.json;data/raw/openfun/tw.gov.cec~txn~candidates-votes/1998/陳水扁-village-votes-page-2.json,matched,exact-village-id; exact-village-id
1998,大同區,民權里,民權里,陳水扁,馬英九,2181,1951,52.783156,47.216844,5.566312,data/raw/openfun/tw.gov.cec~txn~candidates-votes/1998/馬英九-village-votes-page-2.json;data/raw/openfun/tw.gov.cec~txn~candidates-votes/1998/陳水扁-village-votes-page-2.json,matched,exact-village-id; exact-village-id
1998,大同區,永樂里,永樂里,陳水扁,馬英九,2018,1218,62.360939,37.639061,24.721879,data/raw/openfun/tw.gov.cec~txn~candidates-votes/1998/馬英九-village-votes-page-2.json;data/raw/openfun/tw.gov.cec~txn~candidates-votes/1998/陳水扁-village-votes-page-2.json,matched,exact-village-id; exact-village-id
1998,大同區,玉泉里,玉泉里,陳水扁,馬英九,1238,1199,50.800164,49.199836,1.600328,data/raw/openfun/tw.gov.cec~txn~candidates-votes/1998/馬英九-village-votes-page-1.json;data/raw/openfun/tw.gov.cec~txn~candidates-votes/1998/陳水扁-village-votes-page-1.json,matched,exact-village-id; exact-village-id
1998,大同區,光能里,光能里,陳水扁,馬英九,2062,1369,60.099096,39.900904,20.198193,data/raw/openfun/tw.gov.cec~txn~candidates-votes/1998/馬英九-village-votes-page-2.json;data/raw/openfun/tw.gov.cec~txn~candidates-votes/1998/陳水扁-village-votes-page-2.json,matched,exact-village-id; exact-village-id
1998,大同區,老師里,老師里,陳水扁,馬英九,1823,1078,62.840400,37.159600,25.680800,data/raw/openfun/tw.gov.cec~txn~candidates-votes/1998/馬英九-village-votes-page-2.json;data/raw/openfun/tw.gov.cec~txn~candidates-votes/1998/陳水扁-village-votes-page-2.json,matched,exact-village-id; exact-village-id
1998,大同區,至聖里,至聖里,陳水扁,馬英九,2999,2159,58.142691,41.857309,16.285382,data/raw/openfun/tw.gov.cec~txn~candidates-votes/1998/馬英九-village-votes-page-2.json;data/raw/openfun/tw.gov.cec~txn~candidates-votes/1998/陳水扁-village-votes-page-2.json,matched,exact-village-id; exact-village-id
1998,大同區,延平里,延平里,陳水扁,馬英九,1318,1087,54.802495,45.197505,9.604990,data/raw/openfun/tw.gov.cec~txn~candidates-votes/1998/馬英九-village-votes-page-2.json;data/raw/openfun/tw.gov.cec~txn~candidates-votes/1998/陳水扁-village-votes-page-2.json,matched,exact-village-id; exact-village-id
1998,大同區,保安里,保安里,陳水扁,馬英九,2459,1425,63.311020,36.688980,26.622039,data/raw/openfun/tw.gov.cec~txn~candidates-votes/1998/馬英九-village-votes-page-2.json;data/raw/openfun/tw.gov.cec~txn~candidates-votes/1998/陳水扁-village-votes-page-2.json,matched,exact-village-id; exact-village-id
1998,大同區,南芳里,南芳里,陳水扁,馬英九,1506,1042,59.105181,40.894819,18.210361,data/raw/openfun/tw.gov.cec~txn~candidates-votes/1998/馬英九-village-votes-page-2.json;data/raw/openfun/tw.gov.cec~txn~candidates-votes/1998/陳水扁-village-votes-page-2.json,matched,exact-village-id; exact-village-id
1998,大同區,建功里,建功里,陳水扁,馬英九,1572,981,61.574618,38.425382,23.149236,data/raw/openfun/tw.gov.cec~txn~candidates-votes/1998/馬英九-village-votes-page-1.json;data/raw/openfun/tw.gov.cec~txn~candidates-votes/1998/陳水扁-village-votes-page-1.json,matched,exact-village-id; exact-village-id
1998,大同區,建明里,建明里,陳水扁,馬英九,1471,899,62.067511,37.932489,24.135021,data/raw/openfun/tw.gov.cec~txn~candidates-votes/1998/馬英九-village-votes-page-1.json;data/raw/openfun/tw.gov.cec~txn~candidates-votes/1998/陳水扁-village-votes-page-1.json,matched,exact-village-id; exact-village-id
1998,大同區,建泰里,建泰里,陳水扁,馬英九,1342,854,61.111111,38.888889,22.222222,data/raw/openfun/tw.gov.cec~txn~candidates-votes/1998/馬英九-village-votes-page-2.json;data/raw/openfun/tw.gov.cec~txn~candidates-votes/1998/陳水扁-village-votes-page-2.json,matched,exact-village-id; exact-village-id
1998,大同區,星明里,星明里,陳水扁,馬英九,1647,1207,57.708479,42.291521,15.416959,data/raw/openfun/tw.gov.cec~txn~candidates-votes/1998/馬英九-village-votes-page-2.json;data/raw/openfun/tw.gov.cec~txn~candidates-votes/1998/陳水扁-village-votes-page-2.json,matched,exact-village-id; exact-village-id
1998,大同區,重慶里,重慶里,陳水扁,馬英九,1549,1069,59.167303,40.832697,18.334607,data/raw/openfun/tw.gov.cec~txn~candidates-votes/1998/馬英九-village-votes-page-2.json;data/raw/openfun/tw.gov.cec~txn~candidates-votes/1998/陳水扁-village-votes-page-2.json,matched,exact-village-id; exact-village-id
1998,大同區,國順里,國順里,陳水扁,馬英九,1837,1053,63.564014,36.435986,27.128028,data/raw/openfun/tw.gov.cec~txn~candidates-votes/1998/馬英九-village-votes-page-2.json;data/raw/openfun/tw.gov.cec~txn~candidates-votes/1998/陳水扁-village-votes-page-2.json,matched,exact-village-id; exact-village-id
1998,大同區,國慶里,國慶里,陳水扁,馬英九,894,673,57.051691,42.948309,14.103382,data/raw/openfun/tw.gov.cec~txn~candidates-votes/1998/馬英九-village-votes-page-2.json;data/raw/openfun/tw.gov.cec~txn~candidates-votes/1998/陳水扁-village-votes-page-2.json,matched,exact-village-id; exact-village-id
1998,大同區,揚雅里,揚雅里,陳水扁,馬英九,1280,739,63.397722,36.602278,26.795443,data/raw/openfun/tw.gov.cec~txn~candidates-votes/1998/馬英九-village-votes-page-2.json;data/raw/openfun/tw.gov.cec~txn~candidates-votes/1998/陳水扁-village-votes-page-2.json,matched,exact-village-id; exact-village-id
1998,大同區,斯文里,斯文里,陳水扁,馬英九,2172,1386,61.045531,38.954469,22.091062,data/raw/openfun/tw.gov.cec~txn~candidates-votes/1998/馬英九-village-votes-page-2.json;data/raw/openfun/tw.gov.cec~txn~candidates-votes/1998/陳水扁-village-votes-page-2.json,matched,exact-village-id; exact-village-id
1998,大同區,景星里,景星里,陳水扁,馬英九,1193,751,61.368313,38.631687,22.736626,data/raw/openfun/tw.gov.cec~txn~candidates-votes/1998/馬英九-village-votes-page-2.json;data/raw/openfun/tw.gov.cec~txn~candidates-votes/1998/陳水扁-village-votes-page-2.json,matched,exact-village-id; exact-village-id
1998,大同區,朝陽里,朝陽里,陳水扁,馬英九,1360,970,58.369099,41.630901,16.738197,data/raw/openfun/tw.gov.cec~txn~candidates-votes/1998/馬英九-village-votes-page-2.json;data/raw/openfun/tw.gov.cec~txn~candidates-votes/1998/陳水扁-village-votes-page-2.json,matched,exact-village-id; exact-village-id
1998,大同區,隆和里,隆和里,陳水扁,馬英九,1373,787,63.564815,36.435185,27.129630,data/raw/openfun/tw.gov.cec~txn~candidates-votes/1998/馬英九-village-votes-page-2.json;data/raw/openfun/tw.gov.cec~txn~candidates-votes/1998/陳水扁-village-votes-page-2.json,matched,exact-village-id; exact-village-id
1998,大同區,蓬萊里,蓬萊里,陳水扁,馬英九,1878,1165,61.715412,38.284588,23.430825,data/raw/openfun/tw.gov.cec~txn~candidates-votes/1998/馬英九-village-votes-page-2.json;data/raw/openfun/tw.gov.cec~txn~candidates-votes/1998/陳水扁-village-votes-page-2.json,matched,exact-village-id; exact-village-id
1998,大同區,鄰江里,鄰江里,陳水扁,馬英九,2613,1590,62.169879,37.830121,24.339757,data/raw/openfun/tw.gov.cec~txn~candidates-votes/1998/馬英九-village-votes-page-2.json;data/raw/openfun/tw.gov.cec~txn~candidates-votes/1998/陳水扁-village-votes-page-2.json,matched,exact-village-id; exact-village-id
1998,大同區,雙連里,雙連里,陳水扁,馬英九,3477,2231,60.914506,39.085494,21.829012,data/raw/openfun/tw.gov.cec~txn~candidates-votes/1998/馬英九-village-votes-page-2.json;data/raw/openfun/tw.gov.cec~txn~candidates-votes/1998/陳水扁-village-votes-page-2.json,matched,exact-village-id; exact-village-id
1998,大安區,大學里,大學里,陳水扁,馬英九,1964,2716,41.965812,58.034188,-16.068376,data/raw/openfun/tw.gov.cec~txn~candidates-votes/1998/馬英九-village-votes-page-1.json;data/raw/openfun/tw.gov.cec~txn~candidates-votes/1998/陳水扁-village-votes-page-1.json,matched,exact-village-id; exact-village-id
1998,大安區,仁愛里,仁愛里,陳水扁,馬英九,1386,1656,45.562130,54.437870,-8.875740,data/raw/openfun/tw.gov.cec~txn~candidates-votes/1998/馬英九-village-votes-page-1.json;data/raw/openfun/tw.gov.cec~txn~candidates-votes/1998/陳水扁-village-votes-page-1.json,matched,exact-village-id; exact-village-id
1998,大安區,仁慈里,仁慈里,陳水扁,馬英九,1179,1484,44.273376,55.726624,-11.453248,data/raw/openfun/tw.gov.cec~txn~candidates-votes/1998/馬英九-village-votes-page-1.json;data/raw/openfun/tw.gov.cec~txn~candidates-votes/1998/陳水扁-village-votes-page-1.json,matched,exact-village-id; exact-village-id
1998,大安區,古風里,古風里,陳水扁,馬英九,1127,1317,46.112930,53.887070,-7.774141,data/raw/openfun/tw.gov.cec~txn~candidates-votes/1998/馬英九-village-votes-page-1.json;data/raw/openfun/tw.gov.cec~txn~candidates-votes/1998/陳水扁-village-votes-page-1.json,matched,exact-village-id; exact-village-id
1998,大安區,古莊里,古莊里,陳水扁,馬英九,1668,2075,44.563185,55.436815,-10.873631,data/raw/openfun/tw.gov.cec~txn~candidates-votes/1998/馬英九-village-votes-page-1.json;data/raw/openfun/tw.gov.cec~txn~candidates-votes/1998/陳水扁-village-votes-page-1.json,matched,exact-village-id; exact-village-id
1998,大安區,正聲里,正聲里,陳水扁,馬英九,1069,1681,38.872727,61.127273,-22.254545,data/raw/openfun/tw.gov.cec~txn~candidates-votes/1998/馬英九-village-votes-page-1.json;data/raw/openfun/tw.gov.cec~txn~candidates-votes/1998/陳水扁-village-votes-page-1.json,matched,exact-village-id; exact-village-id
1998,大安區,民炤里,民炤里,陳水扁,馬英九,2166,2304,48.456376,51.543624,-3.087248,data/raw/openfun/tw.gov.cec~txn~candidates-votes/1998/馬英九-village-votes-page-1.json;data/raw/openfun/tw.gov.cec~txn~candidates-votes/1998/陳水扁-village-votes-page-1.json,matched,exact-village-id; exact-village-id
1998,大安區,民輝里,民輝里,陳水扁,馬英九,1740,1752,49.828179,50.171821,-0.343643,data/raw/openfun/tw.gov.cec~txn~candidates-votes/1998/馬英九-village-votes-page-1.json;data/raw/openfun/tw.gov.cec~txn~candidates-votes/1998/陳水扁-village-votes-page-1.json,matched,exact-village-id; exact-village-id
1998,大安區,永康里,永康里,陳水扁,馬英九,858,1088,44.090442,55.909558,-11.819116,data/raw/openfun/tw.gov.cec~txn~candidates-votes/1998/馬英九-village-votes-page-1.json;data/raw/openfun/tw.gov.cec~txn~candidates-votes/1998/陳水扁-village-votes-page-1.json,matched,exact-village-id; exact-village-id
1998,大安區,光明里,光明里,陳水扁,馬英九,866,1299,40.000000,60.000000,-20.000000,data/raw/openfun/tw.gov.cec~txn~candidates-votes/1998/馬英九-village-votes-page-1.json;data/raw/openfun/tw.gov.cec~txn~candidates-votes/1998/陳水扁-village-votes-page-1.json,matched,exact-village-id; exact-village-id
1998,大安區,光武里,光武里,陳水扁,馬英九,1898,2375,44.418441,55.581559,-11.163117,data/raw/openfun/tw.gov.cec~txn~candidates-votes/1998/馬英九-village-votes-page-1.json;data/raw/openfun/tw.gov.cec~txn~candidates-votes/1998/陳水扁-village-votes-page-1.json,matched,exact-village-id; exact-village-id
1998,大安區,光信里,光信里,陳水扁,馬英九,2017,2467,44.982159,55.017841,-10.035682,data/raw/openfun/tw.gov.cec~txn~candidates-votes/1998/馬英九-village-votes-page-1.json;data/raw/openfun/tw.gov.cec~txn~candidates-votes/1998/陳水扁-village-votes-page-1.json,matched,exact-village-id; exact-village-id
1998,大安區,全安里,全安里,陳水扁,馬英九,1078,1469,42.324303,57.675697,-15.351394,data/raw/openfun/tw.gov.cec~txn~candidates-votes/1998/馬英九-village-votes-page-1.json;data/raw/openfun/tw.gov.cec~txn~candidates-votes/1998/陳水扁-village-votes-page-1.json,matched,exact-village-id; exact-village-id
1998,大安區,住安里,住安里,陳水扁,馬英九,1434,1934,42.577197,57.422803,-14.845606,data/raw/openfun/tw.gov.cec~txn~candidates-votes/1998/馬英九-village-votes-page-1.json;data/raw/openfun/tw.gov.cec~txn~candidates-votes/1998/陳水扁-village-votes-page-1.json,matched,exact-village-id; exact-village-id
1998,大安區,車層里,車層里,陳水扁,馬英九,1736,2028,46.121148,53.878852,-7.757705,data/raw/openfun/tw.gov.cec~txn~candidates-votes/1998/馬英九-village-votes-page-1.json;data/raw/openfun/tw.gov.cec~txn~candidates-votes/1998/陳水扁-village-votes-page-1.json,matched,exact-village-id; exact-village-id
1998,大安區,和安里,和安里,陳水扁,馬英九,1621,2195,42.479036,57.520964,-15.041929,data/raw/openfun/tw.gov.cec~txn~candidates-votes/1998/馬英九-village-votes-page-1.json;data/raw/openfun/tw.gov.cec~txn~candidates-votes/1998/陳水扁-village-votes-page-1.json,matched,exact-village-id; exact-village-id
1998,大安區,昌隆里,昌隆里,陳水扁,馬英九,1079,1305,45.260067,54.739933,-9.479866,data/raw/openfun/tw.gov.cec~txn~candidates-votes/1998/馬英九-village-votes-page-1.json;data/raw/openfun/tw.gov.cec~txn~candidates-votes/1998/陳水扁-village-votes-page-1.json,matched,exact-village-id; exact-village-id
1998,大安區,法治里,法治里,陳水扁,馬英九,1001,1599,38.500000,61.500000,-23.000000,data/raw/openfun/tw.gov.cec~txn~candidates-votes/1998/馬英九-village-votes-page-1.json;data/raw/openfun/tw.gov.cec~txn~candidates-votes/1998/陳水扁-village-votes-page-1.json,matched,exact-village-id; exact-village-id
1998,大安區,臥龍里,臥龍里,陳水扁,馬英九,613,1289,32.229232,67.770768,-35.541535,data/raw/openfun/tw.gov.cec~txn~candidates-votes/1998/馬英九-village-votes-page-1.json;data/raw/openfun/tw.gov.cec~txn~candidates-votes/1998/陳水扁-village-votes-page-1.json,matched,exact-village-id; exact-village-id
1998,大安區,芳和里,芳和里,陳水扁,馬英九,1489,2299,39.308342,60.691658,-21.383316,data/raw/openfun/tw.gov.cec~txn~candidates-votes/1998/馬英九-village-votes-page-1.json;data/raw/openfun/tw.gov.cec~txn~candidates-votes/1998/陳水扁-village-votes-page-1.json,matched,exact-village-id; exact-village-id
1998,大安區,虎嘯里,虎嘯里,陳水扁,馬英九,751,1135,39.819724,60.180276,-20.360551,data/raw/openfun/tw.gov.cec~txn~candidates-votes/1998/馬英九-village-votes-page-1.json;data/raw/openfun/tw.gov.cec~txn~candidates-votes/1998/陳水扁-village-votes-page-1.json,matched,exact-village-id; exact-village-id
1998,大安區,建安里,建安里,陳水扁,馬英九,1232,1577,43.859025,56.140975,-12.281951,data/raw/openfun/tw.gov.cec~txn~candidates-votes/1998/馬英九-village-votes-page-1.json;data/raw/openfun/tw.gov.cec~txn~candidates-votes/1998/陳水扁-village-votes-page-1.json,matched,exact-village-id; exact-village-id
1998,大安區,建倫里,建倫里,陳水扁,馬英九,1482,1837,44.652004,55.347996,-10.695993,data/raw/openfun/tw.gov.cec~txn~candidates-votes/1998/馬英九-village-votes-page-1.json;data/raw/openfun/tw.gov.cec~txn~candidates-votes/1998/陳水扁-village-votes-page-1.json,matched,exact-village-id; exact-village-id
1998,大安區,通化里,通化里,陳水扁,馬英九,2084,1803,53.614613,46.385387,7.229226,data/raw/openfun/tw.gov.cec~txn~candidates-votes/1998/馬英九-village-votes-page-1.json;data/raw/openfun/tw.gov.cec~txn~candidates-votes/1998/陳水扁-village-votes-page-1.json,matched,exact-village-id; exact-village-id
1998,大安區,通安里,通安里,陳水扁,馬英九,1531,1912,44.467035,55.532965,-11.065931,data/raw/openfun/tw.gov.cec~txn~candidates-votes/1998/馬英九-village-votes-page-1.json;data/raw/openfun/tw.gov.cec~txn~candidates-votes/1998/陳水扁-village-votes-page-1.json,matched,exact-village-id; exact-village-id
1998,大安區,敦安里,敦安里,陳水扁,馬英九,1715,1825,48.446328,51.553672,-3.107345,data/raw/openfun/tw.gov.cec~txn~candidates-votes/1998/馬英九-village-votes-page-1.json;data/raw/openfun/tw.gov.cec~txn~candidates-votes/1998/陳水扁-village-votes-page-1.json,matched,exact-village-id; exact-village-id
1998,大安區,敦煌里,敦煌里,陳水扁,馬英九,1605,1866,46.240277,53.759723,-7.519447,data/raw/openfun/tw.gov.cec~txn~candidates-votes/1998/馬英九-village-votes-page-1.json;data/raw/openfun/tw.gov.cec~txn~candidates-votes/1998/陳水扁-village-votes-page-1.json,matched,exact-village-id; exact-village-id
1998,大安區,華聲里,華聲里,陳水扁,馬英九,1043,1433,42.124394,57.875606,-15.751212,data/raw/openfun/tw.gov.cec~txn~candidates-votes/1998/馬英九-village-votes-page-1.json;data/raw/openfun/tw.gov.cec~txn~candidates-votes/1998/陳水扁-village-votes-page-1.json,matched,exact-village-id; exact-village-id
1998,大安區,新龍里,新龍里,陳水扁,馬英九,1059,2647,28.575283,71.424717,-42.849433,data/raw/openfun/tw.gov.cec~txn~candidates-votes/1998/馬英九-village-votes-page-1.json;data/raw/openfun/tw.gov.cec~txn~candidates-votes/1998/陳水扁-village-votes-page-1.json,matched,exact-village-id; exact-village-id
1998,大安區,群英里,群英里,陳水扁,馬英九,1089,3330,24.643585,75.356415,-50.712831,data/raw/openfun/tw.gov.cec~txn~candidates-votes/1998/馬英九-village-votes-page-1.json;data/raw/openfun/tw.gov.cec~txn~candidates-votes/1998/陳水扁-village-votes-page-1.json,matched,exact-village-id; exact-village-id
1998,大安區,群賢里,群賢里,陳水扁,馬英九,1396,2267,38.110838,61.889162,-23.778324,data/raw/openfun/tw.gov.cec~txn~candidates-votes/1998/馬英九-village-votes-page-1.json;data/raw/openfun/tw.gov.cec~txn~candidates-votes/1998/陳水扁-village-votes-page-1.json,matched,exact-village-id; exact-village-id
1998,大安區,義安里,義安里,陳水扁,馬英九,1311,1871,41.200503,58.799497,-17.598994,data/raw/openfun/tw.gov.cec~txn~candidates-votes/1998/馬英九-village-votes-page-1.json;data/raw/openfun/tw.gov.cec~txn~candidates-votes/1998/陳水扁-village-votes-page-1.json,matched,exact-village-id; exact-village-id
1998,大安區,義村里,義村里,陳水扁,馬英九,1207,2966,28.924035,71.075965,-42.151929,data/raw/openfun/tw.gov.cec~txn~candidates-votes/1998/馬英九-village-votes-page-1.json;data/raw/openfun/tw.gov.cec~txn~candidates-votes/1998/陳水扁-village-votes-page-1.json,matched,exact-village-id; exact-village-id
1998,大安區,誠安里,誠安里,陳水扁,馬英九,1265,1359,48.208841,51.791159,-3.582317,data/raw/openfun/tw.gov.cec~txn~candidates-votes/1998/馬英九-village-votes-page-1.json;data/raw/openfun/tw.gov.cec~txn~candidates-votes/1998/陳水扁-village-votes-page-1.json,matched,exact-village-id; exact-village-id
1998,大安區,福住里,福住里,陳水扁,馬英九,1326,1607,45.209683,54.790317,-9.580634,data/raw/openfun/tw.gov.cec~txn~candidates-votes/1998/馬英九-village-votes-page-1.json;data/raw/openfun/tw.gov.cec~txn~candidates-votes/1998/陳水扁-village-votes-page-1.json,matched,exact-village-id; exact-village-id
1998,大安區,德安里,德安里,陳水扁,馬英九,1229,1910,39.152596,60.847404,-21.694807,data/raw/openfun/tw.gov.cec~txn~candidates-votes/1998/馬英九-village-votes-page-1.json;data/raw/openfun/tw.gov.cec~txn~candidates-votes/1998/陳水扁-village-votes-page-1.json,matched,exact-village-id; exact-village-id
1998,大安區,黎元里,黎元里,陳水扁,馬英九,1502,1984,43.086632,56.913368,-13.826736,data/raw/openfun/tw.gov.cec~txn~candidates-votes/1998/馬英九-village-votes-page-1.json;data/raw/openfun/tw.gov.cec~txn~candidates-votes/1998/陳水扁-village-votes-page-1.json,matched,exact-village-id; exact-village-id
1998,大安區,黎孝里,黎孝里,陳水扁,馬英九,1899,2793,40.473146,59.526854,-19.053708,data/raw/openfun/tw.gov.cec~txn~candidates-votes/1998/馬英九-village-votes-page-1.json;data/raw/openfun/tw.gov.cec~txn~candidates-votes/1998/陳水扁-village-votes-page-1.json,matched,exact-village-id; exact-village-id
1998,大安區,黎和里,黎和里,陳水扁,馬英九,964,1635,37.091189,62.908811,-25.817622,data/raw/openfun/tw.gov.cec~txn~candidates-votes/1998/馬英九-village-votes-page-1.json;data/raw/openfun/tw.gov.cec~txn~candidates-votes/1998/陳水扁-village-votes-page-1.json,matched,exact-village-id; exact-village-id
1998,大安區,錦安里,錦安里,陳水扁,馬英九,1166,1611,41.987757,58.012243,-16.024487,data/raw/openfun/tw.gov.cec~txn~candidates-votes/1998/馬英九-village-votes-page-1.json;data/raw/openfun/tw.gov.cec~txn~candidates-votes/1998/陳水扁-village-votes-page-1.json,matched,exact-village-id; exact-village-id
1998,大安區,錦泰里,錦泰里,陳水扁,馬英九,1047,2117,33.091024,66.908976,-33.817952,data/raw/openfun/tw.gov.cec~txn~candidates-votes/1998/馬英九-village-votes-page-1.json;data/raw/openfun/tw.gov.cec~txn~candidates-votes/1998/陳水扁-village-votes-page-1.json,matched,exact-village-id; exact-village-id
1998,大安區,錦華里,錦華里,陳水扁,馬英九,1344,1828,42.370744,57.629256,-15.258512,data/raw/openfun/tw.gov.cec~txn~candidates-votes/1998/馬英九-village-votes-page-1.json;data/raw/openfun/tw.gov.cec~txn~candidates-votes/1998/陳水扁-village-votes-page-1.json,matched,exact-village-id; exact-village-id
1998,大安區,龍生里,龍生里,陳水扁,馬英九,1370,2230,38.055556,61.944444,-23.888889,data/raw/openfun/tw.gov.cec~txn~candidates-votes/1998/馬英九-village-votes-page-1.json;data/raw/openfun/tw.gov.cec~txn~candidates-votes/1998/陳水扁-village-votes-page-1.json,matched,exact-village-id; exact-village-id
1998,大安區,龍安里,龍安里,陳水扁,馬英九,1231,1614,43.268893,56.731107,-13.462214,data/raw/openfun/tw.gov.cec~txn~candidates-votes/1998/馬英九-village-votes-page-1.json;data/raw/openfun/tw.gov.cec~txn~candidates-votes/1998/陳水扁-village-votes-page-1.json,matched,exact-village-id; exact-village-id
1998,大安區,龍坡里,龍坡里,陳水扁,馬英九,1216,1954,38.359621,61.640379,-23.280757,data/raw/openfun/tw.gov.cec~txn~candidates-votes/1998/馬英九-village-votes-page-1.json;data/raw/openfun/tw.gov.cec~txn~candidates-votes/1998/陳水扁-village-votes-page-1.json,matched,exact-village-id; exact-village-id
1998,大安區,龍門里,龍門里,陳水扁,馬英九,1145,1627,41.305916,58.694084,-17.388167,data/raw/openfun/tw.gov.cec~txn~candidates-votes/1998/馬英九-village-votes-page-1.json;data/raw/openfun/tw.gov.cec~txn~candidates-votes/1998/陳水扁-village-votes-page-1.json,matched,exact-village-id; exact-village-id
1998,大安區,龍泉里,龍泉里,陳水扁,馬英九,1192,1335,47.170558,52.829442,-5.658884,data/raw/openfun/tw.gov.cec~txn~candidates-votes/1998/馬英九-village-votes-page-1.json;data/raw/openfun/tw.gov.cec~txn~candidates-votes/1998/陳水扁-village-votes-page-1.json,matched,exact-village-id; exact-village-id
1998,大安區,龍陣里,龍陣里,陳水扁,馬英九,960,1251,43.419267,56.580733,-13.161465,data/raw/openfun/tw.gov.cec~txn~candidates-votes/1998/馬英九-village-votes-page-1.json;data/raw/openfun/tw.gov.cec~txn~candidates-votes/1998/陳水扁-village-votes-page-1.json,matched,exact-village-id; exact-village-id
1998,大安區,龍淵里,龍淵里,陳水扁,馬英九,2162,2945,42.334051,57.665949,-15.331897,data/raw/openfun/tw.gov.cec~txn~candidates-votes/1998/馬英九-village-votes-page-1.json;data/raw/openfun/tw.gov.cec~txn~candidates-votes/1998/陳水扁-village-votes-page-1.json,matched,exact-village-id; exact-village-id
1998,大安區,龍雲里,龍雲里,陳水扁,馬英九,1392,1685,45.238869,54.761131,-9.522262,data/raw/openfun/tw.gov.cec~txn~candidates-votes/1998/馬英九-village-votes-page-1.json;data/raw/openfun/tw.gov.cec~txn~candidates-votes/1998/陳水扁-village-votes-page-1.json,matched,exact-village-id; exact-village-id
1998,大安區,龍圖里,龍圖里,陳水扁,馬英九,1611,2293,41.265369,58.734631,-17.469262,data/raw/openfun/tw.gov.cec~txn~candidates-votes/1998/馬英九-village-votes-page-1.json;data/raw/openfun/tw.gov.cec~txn~candidates-votes/1998/陳水扁-village-votes-page-1.json,matched,exact-village-id; exact-village-id
1998,大安區,臨江里,臨江里,陳水扁,馬英九,1311,1461,47.294372,52.705628,-5.411255,data/raw/openfun/tw.gov.cec~txn~candidates-votes/1998/馬英九-village-votes-page-1.json;data/raw/openfun/tw.gov.cec~txn~candidates-votes/1998/陳水扁-village-votes-page-1.json,matched,exact-village-id; exact-village-id
1998,中山區,力行里,力行里,陳水扁,馬英九,2178,1602,57.619048,42.380952,15.238095,data/raw/openfun/tw.gov.cec~txn~candidates-votes/1998/馬英九-village-votes-page-1.json;data/raw/openfun/tw.gov.cec~txn~candidates-votes/1998/陳水扁-village-votes-page-1.json,matched,exact-village-id; exact-village-id
1998,中山區,下埤里,下埤里,陳水扁,馬英九,2381,2066,53.541714,46.458286,7.083427,data/raw/openfun/tw.gov.cec~txn~candidates-votes/1998/馬英九-village-votes-page-1.json;data/raw/openfun/tw.gov.cec~txn~candidates-votes/1998/陳水扁-village-votes-page-1.json,matched,exact-village-id; exact-village-id
1998,中山區,大佳里,大佳里,陳水扁,馬英九,480,252,65.573770,34.426230,31.147541,data/raw/openfun/tw.gov.cec~txn~candidates-votes/1998/馬英九-village-votes-page-1.json;data/raw/openfun/tw.gov.cec~txn~candidates-votes/1998/陳水扁-village-votes-page-1.json,matched,exact-village-id; exact-village-id
1998,中山區,大直里,大直里,陳水扁,馬英九,2602,3494,42.683727,57.316273,-14.632546,data/raw/openfun/tw.gov.cec~txn~candidates-votes/1998/馬英九-village-votes-page-1.json;data/raw/openfun/tw.gov.cec~txn~candidates-votes/1998/陳水扁-village-votes-page-1.json,matched,exact-village-id; exact-village-id
1998,中山區,中山里,中山里,陳水扁,馬英九,1472,1373,51.739895,48.260105,3.479789,data/raw/openfun/tw.gov.cec~txn~candidates-votes/1998/馬英九-village-votes-page-1.json;data/raw/openfun/tw.gov.cec~txn~candidates-votes/1998/陳水扁-village-votes-page-1.json,matched,exact-village-id; exact-village-id
1998,中山區,中央里,中央里,陳水扁,馬英九,1124,1050,51.701932,48.298068,3.403864,data/raw/openfun/tw.gov.cec~txn~candidates-votes/1998/馬英九-village-votes-page-1.json;data/raw/openfun/tw.gov.cec~txn~candidates-votes/1998/陳水扁-village-votes-page-1.json,matched,exact-village-id; exact-village-id
1998,中山區,中吉里,中吉里,陳水扁,馬英九,1860,1279,59.254540,40.745460,18.509079,data/raw/openfun/tw.gov.cec~txn~candidates-votes/1998/馬英九-village-votes-page-1.json;data/raw/openfun/tw.gov.cec~txn~candidates-votes/1998/陳水扁-village-votes-page-1.json,matched,exact-village-id; exact-village-id
1998,中山區,中庄里,中庄里,陳水扁,馬英九,1975,1502,56.801841,43.198159,13.603681,data/raw/openfun/tw.gov.cec~txn~candidates-votes/1998/馬英九-village-votes-page-1.json;data/raw/openfun/tw.gov.cec~txn~candidates-votes/1998/陳水扁-village-votes-page-1.json,matched,exact-village-id; exact-village-id
1998,中山區,中原里,中原里,陳水扁,馬英九,1652,1199,57.944581,42.055419,15.889162,data/raw/openfun/tw.gov.cec~txn~candidates-votes/1998/馬英九-village-votes-page-1.json;data/raw/openfun/tw.gov.cec~txn~candidates-votes/1998/陳水扁-village-votes-page-1.json,matched,exact-village-id; exact-village-id
1998,中山區,正守里,正守里,陳水扁,馬英九,1032,892,53.638254,46.361746,7.276507,data/raw/openfun/tw.gov.cec~txn~candidates-votes/1998/馬英九-village-votes-page-1.json;data/raw/openfun/tw.gov.cec~txn~candidates-votes/1998/陳水扁-village-votes-page-1.json,matched,exact-village-id; exact-village-id
1998,中山區,正得里,正得里,陳水扁,馬英九,907,905,50.055188,49.944812,0.110375,data/raw/openfun/tw.gov.cec~txn~candidates-votes/1998/馬英九-village-votes-page-1.json;data/raw/openfun/tw.gov.cec~txn~candidates-votes/1998/陳水扁-village-votes-page-1.json,matched,exact-village-id; exact-village-id
1998,中山區,正義里,正義里,陳水扁,馬英九,1150,1384,45.382794,54.617206,-9.234412,data/raw/openfun/tw.gov.cec~txn~candidates-votes/1998/馬英九-village-votes-page-1.json;data/raw/openfun/tw.gov.cec~txn~candidates-votes/1998/陳水扁-village-votes-page-1.json,matched,exact-village-id; exact-village-id
1998,中山區,民安里,民安里,陳水扁,馬英九,1646,1403,53.984913,46.015087,7.969826,data/raw/openfun/tw.gov.cec~txn~candidates-votes/1998/馬英九-village-votes-page-1.json;data/raw/openfun/tw.gov.cec~txn~candidates-votes/1998/陳水扁-village-votes-page-1.json,matched,exact-village-id; exact-village-id
1998,中山區,永安里,永安里,陳水扁,馬英九,2030,2197,48.024604,51.975396,-3.950793,data/raw/openfun/tw.gov.cec~txn~candidates-votes/1998/馬英九-village-votes-page-1.json;data/raw/openfun/tw.gov.cec~txn~candidates-votes/1998/陳水扁-village-votes-page-1.json,matched,exact-village-id; exact-village-id
1998,中山區,成功里,成功里,陳水扁,馬英九,1406,1911,42.387700,57.612300,-15.224601,data/raw/openfun/tw.gov.cec~txn~candidates-votes/1998/馬英九-village-votes-page-1.json;data/raw/openfun/tw.gov.cec~txn~candidates-votes/1998/陳水扁-village-votes-page-1.json,matched,exact-village-id; exact-village-id
1998,中山區,朱崙里,朱崙里,陳水扁,馬英九,1140,879,56.463596,43.536404,12.927192,data/raw/openfun/tw.gov.cec~txn~candidates-votes/1998/馬英九-village-votes-page-1.json;data/raw/openfun/tw.gov.cec~txn~candidates-votes/1998/陳水扁-village-votes-page-1.json,matched,exact-village-id; exact-village-id
1998,中山區,朱園里,朱園里,陳水扁,馬英九,1388,1229,53.037830,46.962170,6.075659,data/raw/openfun/tw.gov.cec~txn~candidates-votes/1998/馬英九-village-votes-page-1.json;data/raw/openfun/tw.gov.cec~txn~candidates-votes/1998/陳水扁-village-votes-page-1.json,matched,exact-village-id; exact-village-id
1998,中山區,朱馥里,朱馥里,陳水扁,馬英九,1929,1898,50.405017,49.594983,0.810034,data/raw/openfun/tw.gov.cec~txn~candidates-votes/1998/馬英九-village-votes-page-1.json;data/raw/openfun/tw.gov.cec~txn~candidates-votes/1998/陳水扁-village-votes-page-1.json,matched,exact-village-id; exact-village-id
1998,中山區,江山里,江山里,陳水扁,馬英九,2585,2058,55.675210,44.324790,11.350420,data/raw/openfun/tw.gov.cec~txn~candidates-votes/1998/馬英九-village-votes-page-1.json;data/raw/openfun/tw.gov.cec~txn~candidates-votes/1998/陳水扁-village-votes-page-1.json,matched,exact-village-id; exact-village-id
1998,中山區,江寧里,江寧里,陳水扁,馬英九,2112,1881,52.892562,47.107438,5.785124,data/raw/openfun/tw.gov.cec~txn~candidates-votes/1998/馬英九-village-votes-page-1.json;data/raw/openfun/tw.gov.cec~txn~candidates-votes/1998/陳水扁-village-votes-page-1.json,matched,exact-village-id; exact-village-id
1998,中山區,行仁里,行仁里,陳水扁,馬英九,2945,2231,56.897218,43.102782,13.794436,data/raw/openfun/tw.gov.cec~txn~candidates-votes/1998/馬英九-village-votes-page-1.json;data/raw/openfun/tw.gov.cec~txn~candidates-votes/1998/陳水扁-village-votes-page-1.json,matched,exact-village-id; exact-village-id
1998,中山區,行孝里,行孝里,陳水扁,馬英九,1261,1145,52.410640,47.589360,4.821280,data/raw/openfun/tw.gov.cec~txn~candidates-votes/1998/馬英九-village-votes-page-1.json;data/raw/openfun/tw.gov.cec~txn~candidates-votes/1998/陳水扁-village-votes-page-1.json,matched,exact-village-id; exact-village-id
1998,中山區,行政里,行政里,陳水扁,馬英九,1761,1448,54.876909,45.123091,9.753817,data/raw/openfun/tw.gov.cec~txn~candidates-votes/1998/馬英九-village-votes-page-1.json;data/raw/openfun/tw.gov.cec~txn~candidates-votes/1998/陳水扁-village-votes-page-1.json,matched,exact-village-id; exact-village-id
1998,中山區,松江里,松江里,陳水扁,馬英九,2021,1867,51.980453,48.019547,3.960905,data/raw/openfun/tw.gov.cec~txn~candidates-votes/1998/馬英九-village-votes-page-1.json;data/raw/openfun/tw.gov.cec~txn~candidates-votes/1998/陳水扁-village-votes-page-1.json,matched,exact-village-id; exact-village-id
1998,中山區,恆安里,恆安里,陳水扁,馬英九,934,909,50.678242,49.321758,1.356484,data/raw/openfun/tw.gov.cec~txn~candidates-votes/1998/馬英九-village-votes-page-1.json;data/raw/openfun/tw.gov.cec~txn~candidates-votes/1998/陳水扁-village-votes-page-1.json,matched,exact-village-id; exact-village-id
1998,中山區,埤頭里,埤頭里,陳水扁,馬英九,1201,1431,45.630699,54.369301,-8.738602,data/raw/openfun/tw.gov.cec~txn~candidates-votes/1998/馬英九-village-votes-page-1.json;data/raw/openfun/tw.gov.cec~txn~candidates-votes/1998/陳水扁-village-votes-page-1.json,matched,exact-village-id; exact-village-id
1998,中山區,康樂里,康樂里,陳水扁,馬英九,603,648,48.201439,51.798561,-3.597122,data/raw/openfun/tw.gov.cec~txn~candidates-votes/1998/馬英九-village-votes-page-1.json;data/raw/openfun/tw.gov.cec~txn~candidates-votes/1998/陳水扁-village-votes-page-1.json,matched,exact-village-id; exact-village-id
1998,中山區,復華里,復華里,陳水扁,馬英九,985,1247,44.130824,55.869176,-11.738351,data/raw/openfun/tw.gov.cec~txn~candidates-votes/1998/馬英九-village-votes-page-1.json;data/raw/openfun/tw.gov.cec~txn~candidates-votes/1998/陳水扁-village-votes-page-1.json,matched,exact-village-id; exact-village-id
1998,中山區,晴光里,晴光里,陳水扁,馬英九,1117,1151,49.250441,50.749559,-1.499118,data/raw/openfun/tw.gov.cec~txn~candidates-votes/1998/馬英九-village-votes-page-1.json;data/raw/openfun/tw.gov.cec~txn~candidates-votes/1998/陳水扁-village-votes-page-1.json,matched,exact-village-id; exact-village-id
1998,中山區,集英里,集英里,陳水扁,馬英九,2074,1428,59.223301,40.776699,18.446602,data/raw/openfun/tw.gov.cec~txn~candidates-votes/1998/馬英九-village-votes-page-1.json;data/raw/openfun/tw.gov.cec~txn~candidates-votes/1998/陳水扁-village-votes-page-1.json,matched,exact-village-id; exact-village-id
1998,中山區,圓山里,圓山里,陳水扁,馬英九,1281,1441,47.060985,52.939015,-5.878031,data/raw/openfun/tw.gov.cec~txn~candidates-votes/1998/馬英九-village-votes-page-1.json;data/raw/openfun/tw.gov.cec~txn~candidates-votes/1998/陳水扁-village-votes-page-1.json,matched,exact-village-id; exact-village-id
1998,中山區,新生里,新生里,陳水扁,馬英九,1661,1349,55.182724,44.817276,10.365449,data/raw/openfun/tw.gov.cec~txn~candidates-votes/1998/馬英九-village-votes-page-1.json;data/raw/openfun/tw.gov.cec~txn~candidates-votes/1998/陳水扁-village-votes-page-1.json,matched,exact-village-id; exact-village-id
1998,中山區,新庄里,新庄里,陳水扁,馬英九,1624,1383,54.007316,45.992684,8.014633,data/raw/openfun/tw.gov.cec~txn~candidates-votes/1998/馬英九-village-votes-page-1.json;data/raw/openfun/tw.gov.cec~txn~candidates-votes/1998/陳水扁-village-votes-page-1.json,matched,exact-village-id; exact-village-id
1998,中山區,新喜里,新喜里,陳水扁,馬英九,1835,1323,58.106396,41.893604,16.212793,data/raw/openfun/tw.gov.cec~txn~candidates-votes/1998/馬英九-village-votes-page-1.json;data/raw/openfun/tw.gov.cec~txn~candidates-votes/1998/陳水扁-village-votes-page-1.json,matched,exact-village-id; exact-village-id
1998,中山區,新福里,新福里,陳水扁,馬英九,1858,1286,59.096692,40.903308,18.193384,data/raw/openfun/tw.gov.cec~txn~candidates-votes/1998/馬英九-village-votes-page-1.json;data/raw/openfun/tw.gov.cec~txn~candidates-votes/1998/陳水扁-village-votes-page-1.json,matched,exact-village-id; exact-village-id
1998,中山區,聚盛里,聚盛里,陳水扁,馬英九,1003,996,50.175088,49.824912,0.350175,data/raw/openfun/tw.gov.cec~txn~candidates-votes/1998/馬英九-village-votes-page-1.json;data/raw/openfun/tw.gov.cec~txn~candidates-votes/1998/陳水扁-village-votes-page-1.json,matched,exact-village-id; exact-village-id
1998,中山區,聚葉里,聚葉里,陳水扁,馬英九,1162,1036,52.866242,47.133758,5.732484,data/raw/openfun/tw.gov.cec~txn~candidates-votes/1998/馬英九-village-votes-page-1.json;data/raw/openfun/tw.gov.cec~txn~candidates-votes/1998/陳水扁-village-votes-page-1.json,matched,exact-village-id; exact-village-id
1998,中山區,劍潭里,劍潭里,陳水扁,馬英九,282,1534,15.528634,84.471366,-68.942731,data/raw/openfun/tw.gov.cec~txn~candidates-votes/1998/馬英九-village-votes-page-1.json;data/raw/openfun/tw.gov.cec~txn~candidates-votes/1998/陳水扁-village-votes-page-1.json,matched,exact-village-id; exact-village-id
1998,中山區,興亞里,興亞里,陳水扁,馬英九,1671,1359,55.148515,44.851485,10.297030,data/raw/openfun/tw.gov.cec~txn~candidates-votes/1998/馬英九-village-votes-page-1.json;data/raw/openfun/tw.gov.cec~txn~candidates-votes/1998/陳水扁-village-votes-page-1.json,matched,exact-village-id; exact-village-id
1998,中山區,龍洲里,龍洲里,陳水扁,馬英九,981,2360,29.362466,70.637534,-41.275067,data/raw/openfun/tw.gov.cec~txn~candidates-votes/1998/馬英九-village-votes-page-1.json;data/raw/openfun/tw.gov.cec~txn~candidates-votes/1998/陳水扁-village-votes-page-1.json,matched,exact-village-id; exact-village-id
1998,中正區,三愛里,三愛里,陳水扁,馬英九,2106,2351,47.251514,52.748486,-5.496971,data/raw/openfun/tw.gov.cec~txn~candidates-votes/1998/馬英九-village-votes-page-1.json;data/raw/openfun/tw.gov.cec~txn~candidates-votes/1998/陳水扁-village-votes-page-1.json,matched,exact-village-id; exact-village-id
1998,中正區,文北里,文北里,陳水扁,馬英九,1442,1483,49.299145,50.700855,-1.401709,data/raw/openfun/tw.gov.cec~txn~candidates-votes/1998/馬英九-village-votes-page-1.json;data/raw/openfun/tw.gov.cec~txn~candidates-votes/1998/陳水扁-village-votes-page-1.json,matched,exact-village-id; exact-village-id
1998,中正區,文盛里,文盛里,陳水扁,馬英九,747,890,45.632254,54.367746,-8.735492,data/raw/openfun/tw.gov.cec~txn~candidates-votes/1998/馬英九-village-votes-page-1.json;data/raw/openfun/tw.gov.cec~txn~candidates-votes/1998/陳水扁-village-votes-page-1.json,matched,exact-village-id; exact-village-id
1998,中正區,文祥里,文祥里,陳水扁,馬英九,1960,2115,48.098160,51.901840,-3.803681,data/raw/openfun/tw.gov.cec~txn~candidates-votes/1998/馬英九-village-votes-page-1.json;data/raw/openfun/tw.gov.cec~txn~candidates-votes/1998/陳水扁-village-votes-page-1.json,matched,exact-village-id; exact-village-id
1998,中正區,水源里,水源里,陳水扁,馬英九,992,1183,45.609195,54.390805,-8.781609,data/raw/openfun/tw.gov.cec~txn~candidates-votes/1998/馬英九-village-votes-page-1.json;data/raw/openfun/tw.gov.cec~txn~candidates-votes/1998/陳水扁-village-votes-page-1.json,matched,exact-village-id; exact-village-id
1998,中正區,永功里,永功里,陳水扁,馬英九,2114,2108,50.071056,49.928944,0.142113,data/raw/openfun/tw.gov.cec~txn~candidates-votes/1998/馬英九-village-votes-page-1.json;data/raw/openfun/tw.gov.cec~txn~candidates-votes/1998/陳水扁-village-votes-page-1.json,matched,exact-village-id; exact-village-id
1998,中正區,永昌里,永昌里,陳水扁,馬英九,1717,1739,49.681713,50.318287,-0.636574,data/raw/openfun/tw.gov.cec~txn~candidates-votes/1998/馬英九-village-votes-page-1.json;data/raw/openfun/tw.gov.cec~txn~candidates-votes/1998/陳水扁-village-votes-page-1.json,matched,exact-village-id; exact-village-id
1998,中正區,光復里,光復里,陳水扁,馬英九,1044,1059,49.643367,50.356633,-0.713267,data/raw/openfun/tw.gov.cec~txn~candidates-votes/1998/馬英九-village-votes-page-1.json;data/raw/openfun/tw.gov.cec~txn~candidates-votes/1998/陳水扁-village-votes-page-1.json,matched,exact-village-id; exact-village-id
1998,中正區,幸市里,幸市里,陳水扁,馬英九,1323,1257,51.279070,48.720930,2.558140,data/raw/openfun/tw.gov.cec~txn~candidates-votes/1998/馬英九-village-votes-page-1.json;data/raw/openfun/tw.gov.cec~txn~candidates-votes/1998/陳水扁-village-votes-page-1.json,matched,exact-village-id; exact-village-id
1998,中正區,幸福里,幸福里,陳水扁,馬英九,1138,1408,44.697565,55.302435,-10.604870,data/raw/openfun/tw.gov.cec~txn~candidates-votes/1998/馬英九-village-votes-page-1.json;data/raw/openfun/tw.gov.cec~txn~candidates-votes/1998/陳水扁-village-votes-page-1.json,matched,exact-village-id; exact-village-id
1998,中正區,忠勤里,忠勤里,陳水扁,馬英九,1934,2660,42.098389,57.901611,-15.803222,data/raw/openfun/tw.gov.cec~txn~candidates-votes/1998/馬英九-village-votes-page-1.json;data/raw/openfun/tw.gov.cec~txn~candidates-votes/1998/陳水扁-village-votes-page-1.json,matched,exact-village-id; exact-village-id
1998,中正區,東門里,東門里,陳水扁,馬英九,856,1444,37.217391,62.782609,-25.565217,data/raw/openfun/tw.gov.cec~txn~candidates-votes/1998/馬英九-village-votes-page-1.json;data/raw/openfun/tw.gov.cec~txn~candidates-votes/1998/陳水扁-village-votes-page-1.json,matched,exact-village-id; exact-village-id
1998,中正區,板溪里,板溪里,陳水扁,馬英九,980,1161,45.773003,54.226997,-8.453993,data/raw/openfun/tw.gov.cec~txn~candidates-votes/1998/馬英九-village-votes-page-1.json;data/raw/openfun/tw.gov.cec~txn~candidates-votes/1998/陳水扁-village-votes-page-1.json,matched,exact-village-id; exact-village-id
1998,中正區,林興里,林興里,陳水扁,馬英九,1122,1807,38.306589,61.693411,-23.386821,data/raw/openfun/tw.gov.cec~txn~candidates-votes/1998/馬英九-village-votes-page-1.json;data/raw/openfun/tw.gov.cec~txn~candidates-votes/1998/陳水扁-village-votes-page-1.json,matched,exact-village-id; exact-village-id
1998,中正區,河堤里,河堤里,陳水扁,馬英九,1111,1743,38.927821,61.072179,-22.144359,data/raw/openfun/tw.gov.cec~txn~candidates-votes/1998/馬英九-village-votes-page-1.json;data/raw/openfun/tw.gov.cec~txn~candidates-votes/1998/陳水扁-village-votes-page-1.json,matched,exact-village-id; exact-village-id
1998,中正區,南門里,南門里,陳水扁,馬英九,727,1563,31.746725,68.253275,-36.506550,data/raw/openfun/tw.gov.cec~txn~candidates-votes/1998/馬英九-village-votes-page-1.json;data/raw/openfun/tw.gov.cec~txn~candidates-votes/1998/陳水扁-village-votes-page-1.json,matched,exact-village-id; exact-village-id
1998,中正區,南福里,南福里,陳水扁,馬英九,2097,2478,45.836066,54.163934,-8.327869,data/raw/openfun/tw.gov.cec~txn~candidates-votes/1998/馬英九-village-votes-page-1.json;data/raw/openfun/tw.gov.cec~txn~candidates-votes/1998/陳水扁-village-votes-page-1.json,matched,exact-village-id; exact-village-id
1998,中正區,建國里,建國里,陳水扁,馬英九,272,576,32.075472,67.924528,-35.849057,data/raw/openfun/tw.gov.cec~txn~candidates-votes/1998/馬英九-village-votes-page-1.json;data/raw/openfun/tw.gov.cec~txn~candidates-votes/1998/陳水扁-village-votes-page-1.json,matched,exact-village-id; exact-village-id
1998,中正區,梅花里,梅花里,陳水扁,馬英九,1033,1204,46.177917,53.822083,-7.644166,data/raw/openfun/tw.gov.cec~txn~candidates-votes/1998/馬英九-village-votes-page-1.json;data/raw/openfun/tw.gov.cec~txn~candidates-votes/1998/陳水扁-village-votes-page-1.json,matched,exact-village-id; exact-village-id
1998,中正區,頂東里,頂東里,陳水扁,馬英九,1653,1818,47.623163,52.376837,-4.753673,data/raw/openfun/tw.gov.cec~txn~candidates-votes/1998/馬英九-village-votes-page-1.json;data/raw/openfun/tw.gov.cec~txn~candidates-votes/1998/陳水扁-village-votes-page-1.json,matched,exact-village-id; exact-village-id
1998,中正區,富水里,富水里,陳水扁,馬英九,319,1260,20.202660,79.797340,-59.594680,data/raw/openfun/tw.gov.cec~txn~candidates-votes/1998/馬英九-village-votes-page-1.json;data/raw/openfun/tw.gov.cec~txn~candidates-votes/1998/陳水扁-village-votes-page-1.json,matched,exact-village-id; exact-village-id
1998,中正區,廈安里,廈安里,陳水扁,馬英九,1155,1128,50.591327,49.408673,1.182654,data/raw/openfun/tw.gov.cec~txn~candidates-votes/1998/馬英九-village-votes-page-1.json;data/raw/openfun/tw.gov.cec~txn~candidates-votes/1998/陳水扁-village-votes-page-1.json,matched,exact-village-id; exact-village-id
1998,中正區,愛國里,愛國里,陳水扁,馬英九,906,1125,44.608567,55.391433,-10.782866,data/raw/openfun/tw.gov.cec~txn~candidates-votes/1998/馬英九-village-votes-page-1.json;data/raw/openfun/tw.gov.cec~txn~candidates-votes/1998/陳水扁-village-votes-page-1.json,matched,exact-village-id; exact-village-id
1998,中正區,新營里,新營里,陳水扁,馬英九,1891,2992,38.726193,61.273807,-22.547614,data/raw/openfun/tw.gov.cec~txn~candidates-votes/1998/馬英九-village-votes-page-1.json;data/raw/openfun/tw.gov.cec~txn~candidates-votes/1998/陳水扁-village-votes-page-1.json,matched,exact-village-id; exact-village-id
1998,中正區,網溪里,網溪里,陳水扁,馬英九,1474,1931,43.289280,56.710720,-13.421439,data/raw/openfun/tw.gov.cec~txn~candidates-votes/1998/馬英九-village-votes-page-1.json;data/raw/openfun/tw.gov.cec~txn~candidates-votes/1998/陳水扁-village-votes-page-1.json,matched,exact-village-id; exact-village-id
1998,中正區,黎明里,黎明里,陳水扁,馬英九,652,812,44.535519,55.464481,-10.928962,data/raw/openfun/tw.gov.cec~txn~candidates-votes/1998/馬英九-village-votes-page-1.json;data/raw/openfun/tw.gov.cec~txn~candidates-votes/1998/陳水扁-village-votes-page-1.json,matched,exact-village-id; exact-village-id
1998,中正區,螢圃里,螢圃里,陳水扁,馬英九,1468,1835,44.444444,55.555556,-11.111111,data/raw/openfun/tw.gov.cec~txn~candidates-votes/1998/馬英九-village-votes-page-1.json;data/raw/openfun/tw.gov.cec~txn~candidates-votes/1998/陳水扁-village-votes-page-1.json,matched,exact-village-id; exact-village-id
1998,中正區,螢雪里,螢雪里,陳水扁,馬英九,1262,1585,44.327362,55.672638,-11.345276,data/raw/openfun/tw.gov.cec~txn~candidates-votes/1998/馬英九-village-votes-page-1.json;data/raw/openfun/tw.gov.cec~txn~candidates-votes/1998/陳水扁-village-votes-page-1.json,matched,exact-village-id; exact-village-id
1998,中正區,龍光里,龍光里,陳水扁,馬英九,938,1497,38.521561,61.478439,-22.956879,data/raw/openfun/tw.gov.cec~txn~candidates-votes/1998/馬英九-village-votes-page-1.json;data/raw/openfun/tw.gov.cec~txn~candidates-votes/1998/陳水扁-village-votes-page-1.json,matched,exact-village-id; exact-village-id
1998,中正區,龍福里,龍福里,陳水扁,馬英九,1450,2081,41.064854,58.935146,-17.870292,data/raw/openfun/tw.gov.cec~txn~candidates-votes/1998/馬英九-village-votes-page-1.json;data/raw/openfun/tw.gov.cec~txn~candidates-votes/1998/陳水扁-village-votes-page-1.json,matched,exact-village-id; exact-village-id
1998,中正區,龍興里,龍興里,陳水扁,馬英九,1368,1571,46.546444,53.453556,-6.907111,data/raw/openfun/tw.gov.cec~txn~candidates-votes/1998/馬英九-village-votes-page-1.json;data/raw/openfun/tw.gov.cec~txn~candidates-votes/1998/陳水扁-village-votes-page-1.json,matched,exact-village-id; exact-village-id
1998,內湖區,大湖里,大湖里,陳水扁,馬英九,2709,3504,43.602125,56.397875,-12.795751,data/raw/openfun/tw.gov.cec~txn~candidates-votes/1998/馬英九-village-votes-page-2.json;data/raw/openfun/tw.gov.cec~txn~candidates-votes/1998/陳水扁-village-votes-page-2.json,matched,exact-village-id; exact-village-id
1998,內湖區,五分里,五分里,陳水扁,馬英九,2439,2377,50.643688,49.356312,1.287375,data/raw/openfun/tw.gov.cec~txn~candidates-votes/1998/馬英九-village-votes-page-2.json;data/raw/openfun/tw.gov.cec~txn~candidates-votes/1998/陳水扁-village-votes-page-2.json,matched,exact-village-id; exact-village-id
1998,內湖區,內湖里,內湖里,陳水扁,馬英九,1378,1729,44.351464,55.648536,-11.297071,data/raw/openfun/tw.gov.cec~txn~candidates-votes/1998/馬英九-village-votes-page-2.json;data/raw/openfun/tw.gov.cec~txn~candidates-votes/1998/陳水扁-village-votes-page-2.json,matched,exact-village-id; exact-village-id
1998,內湖區,內溝里,內溝里,陳水扁,馬英九,2119,2668,44.265720,55.734280,-11.468561,data/raw/openfun/tw.gov.cec~txn~candidates-votes/1998/馬英九-village-votes-page-2.json;data/raw/openfun/tw.gov.cec~txn~candidates-votes/1998/陳水扁-village-votes-page-2.json,matched,exact-village-id; exact-village-id
1998,內湖區,石潭里,石潭里,陳水扁,馬英九,874,782,52.777778,47.222222,5.555556,data/raw/openfun/tw.gov.cec~txn~candidates-votes/1998/馬英九-village-votes-page-2.json;data/raw/openfun/tw.gov.cec~txn~candidates-votes/1998/陳水扁-village-votes-page-2.json,matched,exact-village-id; exact-village-id
1998,內湖區,行善里,行善里,陳水扁,馬英九,1539,1342,53.418952,46.581048,6.837904,data/raw/openfun/tw.gov.cec~txn~candidates-votes/1998/馬英九-village-votes-page-2.json;data/raw/openfun/tw.gov.cec~txn~candidates-votes/1998/陳水扁-village-votes-page-2.json,matched,exact-village-id; exact-village-id
1998,內湖區,西安里,西安里,陳水扁,馬英九,1663,2030,45.031140,54.968860,-9.937720,data/raw/openfun/tw.gov.cec~txn~candidates-votes/1998/馬英九-village-votes-page-2.json;data/raw/openfun/tw.gov.cec~txn~candidates-votes/1998/陳水扁-village-votes-page-2.json,matched,exact-village-id; exact-village-id
1998,內湖區,西康里,西康里,陳水扁,馬英九,1915,2707,41.432280,58.567720,-17.135439,data/raw/openfun/tw.gov.cec~txn~candidates-votes/1998/馬英九-village-votes-page-2.json;data/raw/openfun/tw.gov.cec~txn~candidates-votes/1998/陳水扁-village-votes-page-2.json,matched,exact-village-id; exact-village-id
1998,內湖區,西湖里,西湖里,陳水扁,馬英九,2440,2482,49.573344,50.426656,-0.853312,data/raw/openfun/tw.gov.cec~txn~candidates-votes/1998/馬英九-village-votes-page-2.json;data/raw/openfun/tw.gov.cec~txn~candidates-votes/1998/陳水扁-village-votes-page-2.json,matched,exact-village-id; exact-village-id
1998,內湖區,東湖里,東湖里,陳水扁,馬英九,3822,4120,48.123898,51.876102,-3.752203,data/raw/openfun/tw.gov.cec~txn~candidates-votes/1998/馬英九-village-votes-page-2.json;data/raw/openfun/tw.gov.cec~txn~candidates-votes/1998/陳水扁-village-votes-page-2.json,matched,exact-village-id; exact-village-id
1998,內湖區,金瑞里,金瑞里,陳水扁,馬英九,1669,2085,44.459243,55.540757,-11.081513,data/raw/openfun/tw.gov.cec~txn~candidates-votes/1998/馬英九-village-votes-page-2.json;data/raw/openfun/tw.gov.cec~txn~candidates-votes/1998/陳水扁-village-votes-page-2.json,matched,exact-village-id; exact-village-id
1998,內湖區,金龍里,金龍里,陳水扁,馬英九,1506,1932,43.804538,56.195462,-12.390925,data/raw/openfun/tw.gov.cec~txn~candidates-votes/1998/馬英九-village-votes-page-2.json;data/raw/openfun/tw.gov.cec~txn~candidates-votes/1998/陳水扁-village-votes-page-2.json,matched,exact-village-id; exact-village-id
1998,內湖區,清白里,清白里,陳水扁,馬英九,1258,1883,40.050939,59.949061,-19.898122,data/raw/openfun/tw.gov.cec~txn~candidates-votes/1998/馬英九-village-votes-page-2.json;data/raw/openfun/tw.gov.cec~txn~candidates-votes/1998/陳水扁-village-votes-page-2.json,matched,exact-village-id; exact-village-id
1998,內湖區,港都里,港都里,陳水扁,馬英九,3256,3152,50.811486,49.188514,1.622971,data/raw/openfun/tw.gov.cec~txn~candidates-votes/1998/馬英九-village-votes-page-2.json;data/raw/openfun/tw.gov.cec~txn~candidates-votes/1998/陳水扁-village-votes-page-2.json,matched,exact-village-id; exact-village-id
1998,內湖區,港富里,港富里,陳水扁,馬英九,2729,2773,49.600145,50.399855,-0.799709,data/raw/openfun/tw.gov.cec~txn~candidates-votes/1998/馬英九-village-votes-page-2.json;data/raw/openfun/tw.gov.cec~txn~candidates-votes/1998/陳水扁-village-votes-page-2.json,matched,exact-village-id; exact-village-id
1998,內湖區,港華里,港華里,陳水扁,馬英九,2179,2499,46.579735,53.420265,-6.840530,data/raw/openfun/tw.gov.cec~txn~candidates-votes/1998/馬英九-village-votes-page-2.json;data/raw/openfun/tw.gov.cec~txn~candidates-votes/1998/陳水扁-village-votes-page-2.json,matched,exact-village-id; exact-village-id
1998,內湖區,港墘里,港墘里,陳水扁,馬英九,1570,1613,49.324537,50.675463,-1.350927,data/raw/openfun/tw.gov.cec~txn~candidates-votes/1998/馬英九-village-votes-page-2.json;data/raw/openfun/tw.gov.cec~txn~candidates-votes/1998/陳水扁-village-votes-page-2.json,matched,exact-village-id; exact-village-id
1998,內湖區,湖元里,湖元里,陳水扁,馬英九,1233,1460,45.785369,54.214631,-8.429261,data/raw/openfun/tw.gov.cec~txn~candidates-votes/1998/馬英九-village-votes-page-2.json;data/raw/openfun/tw.gov.cec~txn~candidates-votes/1998/陳水扁-village-votes-page-2.json,matched,exact-village-id; exact-village-id
1998,內湖區,湖興里,湖興里,陳水扁,馬英九,1856,2089,47.046895,52.953105,-5.906210,data/raw/openfun/tw.gov.cec~txn~candidates-votes/1998/馬英九-village-votes-page-2.json;data/raw/openfun/tw.gov.cec~txn~candidates-votes/1998/陳水扁-village-votes-page-2.json,matched,exact-village-id; exact-village-id
1998,內湖區,湖濱里,湖濱里,陳水扁,馬英九,1603,2584,38.285168,61.714832,-23.429663,data/raw/openfun/tw.gov.cec~txn~candidates-votes/1998/馬英九-village-votes-page-2.json;data/raw/openfun/tw.gov.cec~txn~candidates-votes/1998/陳水扁-village-votes-page-2.json,matched,exact-village-id; exact-village-id
1998,內湖區,紫星里,紫星里,陳水扁,馬英九,2322,2588,47.291242,52.708758,-5.417515,data/raw/openfun/tw.gov.cec~txn~candidates-votes/1998/馬英九-village-votes-page-2.json;data/raw/openfun/tw.gov.cec~txn~candidates-votes/1998/陳水扁-village-votes-page-2.json,matched,exact-village-id; exact-village-id
1998,內湖區,紫陽里,紫陽里,陳水扁,馬英九,1781,2200,44.737503,55.262497,-10.524994,data/raw/openfun/tw.gov.cec~txn~candidates-votes/1998/馬英九-village-votes-page-2.json;data/raw/openfun/tw.gov.cec~txn~candidates-votes/1998/陳水扁-village-votes-page-2.json,matched,exact-village-id; exact-village-id
1998,內湖區,紫雲里,紫雲里,陳水扁,馬英九,1005,2031,33.102767,66.897233,-33.794466,data/raw/openfun/tw.gov.cec~txn~candidates-votes/1998/馬英九-village-votes-page-2.json;data/raw/openfun/tw.gov.cec~txn~candidates-votes/1998/陳水扁-village-votes-page-2.json,matched,exact-village-id; exact-village-id
1998,內湖區,週美里,週美里,陳水扁,馬英九,1837,1101,62.525528,37.474472,25.051055,data/raw/openfun/tw.gov.cec~txn~candidates-votes/1998/馬英九-village-votes-page-2.json;data/raw/openfun/tw.gov.cec~txn~candidates-votes/1998/陳水扁-village-votes-page-2.json,matched,exact-village-id; exact-village-id
1998,內湖區,瑞光里,瑞光里,陳水扁,馬英九,991,1867,34.674598,65.325402,-30.650805,data/raw/openfun/tw.gov.cec~txn~candidates-votes/1998/馬英九-village-votes-page-2.json;data/raw/openfun/tw.gov.cec~txn~candidates-votes/1998/陳水扁-village-votes-page-2.json,matched,exact-village-id; exact-village-id
1998,內湖區,瑞陽里,瑞陽里,陳水扁,馬英九,1480,3469,29.905031,70.094969,-40.189937,data/raw/openfun/tw.gov.cec~txn~candidates-votes/1998/馬英九-village-votes-page-2.json;data/raw/openfun/tw.gov.cec~txn~candidates-votes/1998/陳水扁-village-votes-page-2.json,matched,exact-village-id; exact-village-id
1998,內湖區,葫洲里,葫洲里,陳水扁,馬英九,5638,6837,45.194389,54.805611,-9.611222,data/raw/openfun/tw.gov.cec~txn~candidates-votes/1998/馬英九-village-votes-page-2.json;data/raw/openfun/tw.gov.cec~txn~candidates-votes/1998/陳水扁-village-votes-page-2.json,matched,exact-village-id; exact-village-id
1998,內湖區,碧山里,碧山里,陳水扁,馬英九,1754,2241,43.904881,56.095119,-12.190238,data/raw/openfun/tw.gov.cec~txn~candidates-votes/1998/馬英九-village-votes-page-2.json;data/raw/openfun/tw.gov.cec~txn~candidates-votes/1998/陳水扁-village-votes-page-2.json,matched,exact-village-id; exact-village-id
1998,內湖區,樂康里,樂康里,陳水扁,馬英九,2015,2191,47.907751,52.092249,-4.184498,data/raw/openfun/tw.gov.cec~txn~candidates-votes/1998/馬英九-village-votes-page-2.json;data/raw/openfun/tw.gov.cec~txn~candidates-votes/1998/陳水扁-village-votes-page-2.json,matched,exact-village-id; exact-village-id
1998,文山區,木柵里,木柵里,陳水扁,馬英九,1471,3162,31.750486,68.249514,-36.499029,data/raw/openfun/tw.gov.cec~txn~candidates-votes/1998/馬英九-village-votes-page-2.json;data/raw/openfun/tw.gov.cec~txn~candidates-votes/1998/陳水扁-village-votes-page-2.json,matched,exact-village-id; exact-village-id
1998,文山區,木新里,木新里,陳水扁,馬英九,2180,2925,42.703232,57.296768,-14.593536,data/raw/openfun/tw.gov.cec~txn~candidates-votes/1998/馬英九-village-votes-page-2.json;data/raw/openfun/tw.gov.cec~txn~candidates-votes/1998/陳水扁-village-votes-page-2.json,matched,exact-village-id; exact-village-id
1998,文山區,老泉里,老泉里,陳水扁,馬英九,336,184,64.615385,35.384615,29.230769,data/raw/openfun/tw.gov.cec~txn~candidates-votes/1998/馬英九-village-votes-page-2.json;data/raw/openfun/tw.gov.cec~txn~candidates-votes/1998/陳水扁-village-votes-page-2.json,matched,exact-village-id; exact-village-id
1998,文山區,明義里,明義里,陳水扁,馬英九,902,1742,34.114977,65.885023,-31.770045,data/raw/openfun/tw.gov.cec~txn~candidates-votes/1998/馬英九-village-votes-page-2.json;data/raw/openfun/tw.gov.cec~txn~candidates-votes/1998/陳水扁-village-votes-page-2.json,matched,exact-village-id; exact-village-id
1998,文山區,明興里,明興里,陳水扁,馬英九,1473,2609,36.085252,63.914748,-27.829495,data/raw/openfun/tw.gov.cec~txn~candidates-votes/1998/馬英九-village-votes-page-2.json;data/raw/openfun/tw.gov.cec~txn~candidates-votes/1998/陳水扁-village-votes-page-2.json,matched,exact-village-id; exact-village-id
1998,文山區,指南里,指南里,陳水扁,馬英九,829,796,51.015385,48.984615,2.030769,data/raw/openfun/tw.gov.cec~txn~candidates-votes/1998/馬英九-village-votes-page-2.json;data/raw/openfun/tw.gov.cec~txn~candidates-votes/1998/陳水扁-village-votes-page-2.json,matched,exact-village-id; exact-village-id
1998,文山區,博嘉里,博嘉里,陳水扁,馬英九,875,1374,38.906181,61.093819,-22.187639,data/raw/openfun/tw.gov.cec~txn~candidates-votes/1998/馬英九-village-votes-page-2.json;data/raw/openfun/tw.gov.cec~txn~candidates-votes/1998/陳水扁-village-votes-page-2.json,matched,exact-village-id; exact-village-id
1998,文山區,景仁里,景仁里,陳水扁,馬英九,1208,1708,41.426612,58.573388,-17.146776,data/raw/openfun/tw.gov.cec~txn~candidates-votes/1998/馬英九-village-votes-page-2.json;data/raw/openfun/tw.gov.cec~txn~candidates-votes/1998/陳水扁-village-votes-page-2.json,matched,exact-village-id; exact-village-id
1998,文山區,景行里,景行里,陳水扁,馬英九,1680,1448,53.708440,46.291560,7.416880,data/raw/openfun/tw.gov.cec~txn~candidates-votes/1998/馬英九-village-votes-page-2.json;data/raw/openfun/tw.gov.cec~txn~candidates-votes/1998/陳水扁-village-votes-page-2.json,matched,exact-village-id; exact-village-id
1998,文山區,景東里,景東里,陳水扁,馬英九,1260,2474,33.743974,66.256026,-32.512051,data/raw/openfun/tw.gov.cec~txn~candidates-votes/1998/馬英九-village-votes-page-2.json;data/raw/openfun/tw.gov.cec~txn~candidates-votes/1998/陳水扁-village-votes-page-2.json,matched,exact-village-id; exact-village-id
1998,文山區,景美里,景美里,陳水扁,馬英九,1135,1531,42.573143,57.426857,-14.853713,data/raw/openfun/tw.gov.cec~txn~candidates-votes/1998/馬英九-village-votes-page-2.json;data/raw/openfun/tw.gov.cec~txn~candidates-votes/1998/陳水扁-village-votes-page-2.json,matched,exact-village-id; exact-village-id
1998,文山區,景華里,景華里,陳水扁,馬英九,1336,2037,39.608657,60.391343,-20.782686,data/raw/openfun/tw.gov.cec~txn~candidates-votes/1998/馬英九-village-votes-page-2.json;data/raw/openfun/tw.gov.cec~txn~candidates-votes/1998/陳水扁-village-votes-page-2.json,matched,exact-village-id; exact-village-id
1998,文山區,景慶里,景慶里,陳水扁,馬英九,1575,2163,42.134831,57.865169,-15.730337,data/raw/openfun/tw.gov.cec~txn~candidates-votes/1998/馬英九-village-votes-page-2.json;data/raw/openfun/tw.gov.cec~txn~candidates-votes/1998/陳水扁-village-votes-page-2.json,matched,exact-village-id; exact-village-id
1998,文山區,華興里,華興里,陳水扁,馬英九,1489,2593,36.477217,63.522783,-27.045566,data/raw/openfun/tw.gov.cec~txn~candidates-votes/1998/馬英九-village-votes-page-2.json;data/raw/openfun/tw.gov.cec~txn~candidates-votes/1998/陳水扁-village-votes-page-2.json,matched,exact-village-id; exact-village-id
1998,文山區,順興里,順興里,陳水扁,馬英九,2255,3734,37.652363,62.347637,-24.695275,data/raw/openfun/tw.gov.cec~txn~candidates-votes/1998/馬英九-village-votes-page-2.json;data/raw/openfun/tw.gov.cec~txn~candidates-votes/1998/陳水扁-village-votes-page-2.json,matched,exact-village-id; exact-village-id
1998,文山區,萬年里,萬年里,陳水扁,馬英九,1281,1791,41.699219,58.300781,-16.601563,data/raw/openfun/tw.gov.cec~txn~candidates-votes/1998/馬英九-village-votes-page-2.json;data/raw/openfun/tw.gov.cec~txn~candidates-votes/1998/陳水扁-village-votes-page-2.json,matched,exact-village-id; exact-village-id
1998,文山區,萬有里,萬有里,陳水扁,馬英九,1189,1656,41.792619,58.207381,-16.414763,data/raw/openfun/tw.gov.cec~txn~candidates-votes/1998/馬英九-village-votes-page-2.json;data/raw/openfun/tw.gov.cec~txn~candidates-votes/1998/陳水扁-village-votes-page-2.json,matched,exact-village-id; exact-village-id
1998,文山區,萬和里,萬和里,陳水扁,馬英九,586,1730,25.302245,74.697755,-49.395509,data/raw/openfun/tw.gov.cec~txn~candidates-votes/1998/馬英九-village-votes-page-2.json;data/raw/openfun/tw.gov.cec~txn~candidates-votes/1998/陳水扁-village-votes-page-2.json,matched,exact-village-id; exact-village-id
1998,文山區,萬芳里,萬芳里,陳水扁,馬英九,2375,4054,36.941982,63.058018,-26.116037,data/raw/openfun/tw.gov.cec~txn~candidates-votes/1998/馬英九-village-votes-page-2.json;data/raw/openfun/tw.gov.cec~txn~candidates-votes/1998/陳水扁-village-votes-page-2.json,matched,exact-village-id; exact-village-id
1998,文山區,萬盛里,萬盛里,陳水扁,馬英九,1012,1852,35.335196,64.664804,-29.329609,data/raw/openfun/tw.gov.cec~txn~candidates-votes/1998/馬英九-village-votes-page-2.json;data/raw/openfun/tw.gov.cec~txn~candidates-votes/1998/陳水扁-village-votes-page-2.json,matched,exact-village-id; exact-village-id
1998,文山區,萬祥里,萬祥里,陳水扁,馬英九,1132,1697,40.014139,59.985861,-19.971721,data/raw/openfun/tw.gov.cec~txn~candidates-votes/1998/馬英九-village-votes-page-2.json;data/raw/openfun/tw.gov.cec~txn~candidates-votes/1998/陳水扁-village-votes-page-2.json,matched,exact-village-id; exact-village-id
1998,文山區,萬隆里,萬隆里,陳水扁,馬英九,1301,2110,38.141308,61.858692,-23.717385,data/raw/openfun/tw.gov.cec~txn~candidates-votes/1998/馬英九-village-votes-page-2.json;data/raw/openfun/tw.gov.cec~txn~candidates-votes/1998/陳水扁-village-votes-page-2.json,matched,exact-village-id; exact-village-id
1998,文山區,萬興里,萬興里,陳水扁,馬英九,1964,2749,41.671971,58.328029,-16.656058,data/raw/openfun/tw.gov.cec~txn~candidates-votes/1998/馬英九-village-votes-page-2.json;data/raw/openfun/tw.gov.cec~txn~candidates-votes/1998/陳水扁-village-votes-page-2.json,matched,exact-village-id; exact-village-id
1998,文山區,試院里,試院里,陳水扁,馬英九,1155,2535,31.300813,68.699187,-37.398374,data/raw/openfun/tw.gov.cec~txn~candidates-votes/1998/馬英九-village-votes-page-2.json;data/raw/openfun/tw.gov.cec~txn~candidates-votes/1998/陳水扁-village-votes-page-2.json,matched,exact-village-id; exact-village-id
1998,文山區,樟林里,樟林里,陳水扁,馬英九,1847,3256,36.194395,63.805605,-27.611209,data/raw/openfun/tw.gov.cec~txn~candidates-votes/1998/馬英九-village-votes-page-2.json;data/raw/openfun/tw.gov.cec~txn~candidates-votes/1998/陳水扁-village-votes-page-2.json,matched,exact-village-id; exact-village-id
1998,文山區,樟新里,樟新里,陳水扁,馬英九,2557,3818,40.109804,59.890196,-19.780392,data/raw/openfun/tw.gov.cec~txn~candidates-votes/1998/馬英九-village-votes-page-2.json;data/raw/openfun/tw.gov.cec~txn~candidates-votes/1998/陳水扁-village-votes-page-2.json,matched,exact-village-id; exact-village-id
1998,文山區,樟腳里,樟腳里,陳水扁,馬英九,2352,3283,41.739130,58.260870,-16.521739,data/raw/openfun/tw.gov.cec~txn~candidates-votes/1998/馬英九-village-votes-page-2.json;data/raw/openfun/tw.gov.cec~txn~candidates-votes/1998/陳水扁-village-votes-page-2.json,matched,exact-village-id; exact-village-id
1998,文山區,興光里,興光里,陳水扁,馬英九,1082,1810,37.413555,62.586445,-25.172891,data/raw/openfun/tw.gov.cec~txn~candidates-votes/1998/馬英九-village-votes-page-2.json;data/raw/openfun/tw.gov.cec~txn~candidates-votes/1998/陳水扁-village-votes-page-2.json,matched,exact-village-id; exact-village-id
1998,文山區,興安里,興安里,陳水扁,馬英九,1091,2307,32.107122,67.892878,-35.785756,data/raw/openfun/tw.gov.cec~txn~candidates-votes/1998/馬英九-village-votes-page-2.json;data/raw/openfun/tw.gov.cec~txn~candidates-votes/1998/陳水扁-village-votes-page-2.json,matched,exact-village-id; exact-village-id
1998,文山區,興旺里,興旺里,陳水扁,馬英九,1114,2329,32.355504,67.644496,-35.288992,data/raw/openfun/tw.gov.cec~txn~candidates-votes/1998/馬英九-village-votes-page-2.json;data/raw/openfun/tw.gov.cec~txn~candidates-votes/1998/陳水扁-village-votes-page-2.json,matched,exact-village-id; exact-village-id
1998,文山區,興昌里,興昌里,陳水扁,馬英九,1007,2151,31.887270,68.112730,-36.225459,data/raw/openfun/tw.gov.cec~txn~candidates-votes/1998/馬英九-village-votes-page-2.json;data/raw/openfun/tw.gov.cec~txn~candidates-votes/1998/陳水扁-village-votes-page-2.json,matched,exact-village-id; exact-village-id
1998,文山區,興家里,興家里,陳水扁,馬英九,1117,2242,33.253945,66.746055,-33.492111,data/raw/openfun/tw.gov.cec~txn~candidates-votes/1998/馬英九-village-votes-page-2.json;data/raw/openfun/tw.gov.cec~txn~candidates-votes/1998/陳水扁-village-votes-page-2.json,matched,exact-village-id; exact-village-id
1998,文山區,興泰里,興泰里,陳水扁,馬英九,796,1508,34.548611,65.451389,-30.902778,data/raw/openfun/tw.gov.cec~txn~candidates-votes/1998/馬英九-village-votes-page-2.json;data/raw/openfun/tw.gov.cec~txn~candidates-votes/1998/陳水扁-village-votes-page-2.json,matched,exact-village-id; exact-village-id
1998,文山區,興得里,興得里,陳水扁,馬英九,1287,2300,35.879565,64.120435,-28.240870,data/raw/openfun/tw.gov.cec~txn~candidates-votes/1998/馬英九-village-votes-page-2.json;data/raw/openfun/tw.gov.cec~txn~candidates-votes/1998/陳水扁-village-votes-page-2.json,matched,exact-village-id; exact-village-id
1998,文山區,興業里,興業里,陳水扁,馬英九,989,2358,29.548850,70.451150,-40.902301,data/raw/openfun/tw.gov.cec~txn~candidates-votes/1998/馬英九-village-votes-page-2.json;data/raw/openfun/tw.gov.cec~txn~candidates-votes/1998/陳水扁-village-votes-page-2.json,matched,exact-village-id; exact-village-id
1998,文山區,興福里,興福里,陳水扁,馬英九,1423,2046,41.020467,58.979533,-17.959066,data/raw/openfun/tw.gov.cec~txn~candidates-votes/1998/馬英九-village-votes-page-2.json;data/raw/openfun/tw.gov.cec~txn~candidates-votes/1998/陳水扁-village-votes-page-2.json,matched,exact-village-id; exact-village-id
1998,文山區,興豐里,興豐里,陳水扁,馬英九,1725,2855,37.663755,62.336245,-24.672489,data/raw/openfun/tw.gov.cec~txn~candidates-votes/1998/馬英九-village-votes-page-2.json;data/raw/openfun/tw.gov.cec~txn~candidates-votes/1998/陳水扁-village-votes-page-2.json,matched,exact-village-id; exact-village-id
1998,北投區,一德里,一德里,陳水扁,馬英九,2154,1653,56.579984,43.420016,13.159968,data/raw/openfun/tw.gov.cec~txn~candidates-votes/1998/馬英九-village-votes-page-3.json;data/raw/openfun/tw.gov.cec~txn~candidates-votes/1998/陳水扁-village-votes-page-3.json,matched,exact-village-id; exact-village-id
1998,北投區,八仙里,八仙里,陳水扁,馬英九,1557,1217,56.128335,43.871665,12.256669,data/raw/openfun/tw.gov.cec~txn~candidates-votes/1998/馬英九-village-votes-page-3.json;data/raw/openfun/tw.gov.cec~txn~candidates-votes/1998/陳水扁-village-votes-page-3.json,matched,exact-village-id; exact-village-id
1998,北投區,大同里,大同里,陳水扁,馬英九,1978,1528,56.417570,43.582430,12.835140,data/raw/openfun/tw.gov.cec~txn~candidates-votes/1998/馬英九-village-votes-page-3.json;data/raw/openfun/tw.gov.cec~txn~candidates-votes/1998/陳水扁-village-votes-page-3.json,matched,exact-village-id; exact-village-id
1998,北投區,中心里,中心里,陳水扁,馬英九,1558,1651,48.550950,51.449050,-2.898099,data/raw/openfun/tw.gov.cec~txn~candidates-votes/1998/馬英九-village-votes-page-3.json;data/raw/openfun/tw.gov.cec~txn~candidates-votes/1998/陳水扁-village-votes-page-3.json,matched,exact-village-id; exact-village-id
1998,北投區,中央里,中央里,陳水扁,馬英九,2676,1956,57.772021,42.227979,15.544041,data/raw/openfun/tw.gov.cec~txn~candidates-votes/1998/馬英九-village-votes-page-3.json;data/raw/openfun/tw.gov.cec~txn~candidates-votes/1998/陳水扁-village-votes-page-3.json,matched,exact-village-id; exact-village-id
1998,北投區,中和里,中和里,陳水扁,馬英九,1724,1782,49.172847,50.827153,-1.654307,data/raw/openfun/tw.gov.cec~txn~candidates-votes/1998/馬英九-village-votes-page-3.json;data/raw/openfun/tw.gov.cec~txn~candidates-votes/1998/陳水扁-village-votes-page-3.json,matched,exact-village-id; exact-village-id
1998,北投區,中庸里,中庸里,陳水扁,馬英九,1468,1265,53.713868,46.286132,7.427735,data/raw/openfun/tw.gov.cec~txn~candidates-votes/1998/馬英九-village-votes-page-3.json;data/raw/openfun/tw.gov.cec~txn~candidates-votes/1998/陳水扁-village-votes-page-3.json,matched,exact-village-id; exact-village-id
1998,北投區,文化里,文化里,陳水扁,馬英九,765,1779,30.070755,69.929245,-39.858491,data/raw/openfun/tw.gov.cec~txn~candidates-votes/1998/馬英九-village-votes-page-3.json;data/raw/openfun/tw.gov.cec~txn~candidates-votes/1998/陳水扁-village-votes-page-3.json,matched,exact-village-id; exact-village-id
1998,北投區,文林里,文林里,陳水扁,馬英九,1537,1143,57.350746,42.649254,14.701493,data/raw/openfun/tw.gov.cec~txn~candidates-votes/1998/馬英九-village-votes-page-2.json;data/raw/openfun/tw.gov.cec~txn~candidates-votes/1998/陳水扁-village-votes-page-2.json,matched,exact-village-id; exact-village-id
1998,北投區,永和里,永和里,陳水扁,馬英九,2224,2146,50.892449,49.107551,1.784897,data/raw/openfun/tw.gov.cec~txn~candidates-votes/1998/馬英九-village-votes-page-3.json;data/raw/openfun/tw.gov.cec~txn~candidates-votes/1998/陳水扁-village-votes-page-3.json,matched,exact-village-id; exact-village-id
1998,北投區,永明里,永明里,陳水扁,馬英九,1279,1396,47.813084,52.186916,-4.373832,data/raw/openfun/tw.gov.cec~txn~candidates-votes/1998/馬英九-village-votes-page-3.json;data/raw/openfun/tw.gov.cec~txn~candidates-votes/1998/陳水扁-village-votes-page-3.json,matched,exact-village-id; exact-village-id
1998,北投區,永欣里,永欣里,陳水扁,馬英九,1458,2177,40.110041,59.889959,-19.779917,data/raw/openfun/tw.gov.cec~txn~candidates-votes/1998/馬英九-village-votes-page-3.json;data/raw/openfun/tw.gov.cec~txn~candidates-votes/1998/陳水扁-village-votes-page-3.json,matched,exact-village-id; exact-village-id
1998,北投區,石牌里,石牌里,陳水扁,馬英九,1901,1498,55.928214,44.071786,11.856428,data/raw/openfun/tw.gov.cec~txn~candidates-votes/1998/馬英九-village-votes-page-2.json;data/raw/openfun/tw.gov.cec~txn~candidates-votes/1998/陳水扁-village-votes-page-2.json,matched,exact-village-id; exact-village-id
1998,北投區,立農里,立農里,陳水扁,馬英九,2734,2336,53.925049,46.074951,7.850099,data/raw/openfun/tw.gov.cec~txn~candidates-votes/1998/馬英九-village-votes-page-3.json;data/raw/openfun/tw.gov.cec~txn~candidates-votes/1998/陳水扁-village-votes-page-3.json,matched,exact-village-id; exact-village-id
1998,北投區,立賢里,立賢里,陳水扁,馬英九,1651,1519,52.082019,47.917981,4.164038,data/raw/openfun/tw.gov.cec~txn~candidates-votes/1998/馬英九-village-votes-page-3.json;data/raw/openfun/tw.gov.cec~txn~candidates-votes/1998/陳水扁-village-votes-page-3.json,matched,exact-village-id; exact-village-id
1998,北投區,吉利里,吉利里,陳水扁,馬英九,1658,2079,44.367139,55.632861,-11.265721,data/raw/openfun/tw.gov.cec~txn~candidates-votes/1998/馬英九-village-votes-page-3.json;data/raw/openfun/tw.gov.cec~txn~candidates-votes/1998/陳水扁-village-votes-page-3.json,matched,exact-village-id; exact-village-id
1998,北投區,吉慶里,吉慶里,陳水扁,馬英九,1729,1415,54.993639,45.006361,9.987277,data/raw/openfun/tw.gov.cec~txn~candidates-votes/1998/馬英九-village-votes-page-3.json;data/raw/openfun/tw.gov.cec~txn~candidates-votes/1998/陳水扁-village-votes-page-3.json,matched,exact-village-id; exact-village-id
1998,北投區,秀山里,秀山里,陳水扁,馬英九,1042,1250,45.462478,54.537522,-9.075044,data/raw/openfun/tw.gov.cec~txn~candidates-votes/1998/馬英九-village-votes-page-3.json;data/raw/openfun/tw.gov.cec~txn~candidates-votes/1998/陳水扁-village-votes-page-3.json,matched,exact-village-id; exact-village-id
1998,北投區,奇岩里,奇岩里,陳水扁,馬英九,2862,2689,51.558278,48.441722,3.116556,data/raw/openfun/tw.gov.cec~txn~candidates-votes/1998/馬英九-village-votes-page-3.json;data/raw/openfun/tw.gov.cec~txn~candidates-votes/1998/陳水扁-village-votes-page-3.json,matched,exact-village-id; exact-village-id
1998,北投區,東華里,東華里,陳水扁,馬英九,1248,1733,41.865146,58.134854,-16.269708,data/raw/openfun/tw.gov.cec~txn~candidates-votes/1998/馬英九-village-votes-page-3.json;data/raw/openfun/tw.gov.cec~txn~candidates-votes/1998/陳水扁-village-votes-page-3.json,matched,exact-village-id; exact-village-id
1998,北投區,林泉里,林泉里,陳水扁,馬英九,771,1255,38.055281,61.944719,-23.889437,data/raw/openfun/tw.gov.cec~txn~candidates-votes/1998/馬英九-village-votes-page-3.json;data/raw/openfun/tw.gov.cec~txn~candidates-votes/1998/陳水扁-village-votes-page-3.json,matched,exact-village-id; exact-village-id
1998,北投區,長安里,長安里,陳水扁,馬英九,1759,1667,51.342674,48.657326,2.685347,data/raw/openfun/tw.gov.cec~txn~candidates-votes/1998/馬英九-village-votes-page-3.json;data/raw/openfun/tw.gov.cec~txn~candidates-votes/1998/陳水扁-village-votes-page-3.json,matched,exact-village-id; exact-village-id
1998,北投區,建民里,建民里,陳水扁,馬英九,1626,1409,53.574959,46.425041,7.149918,data/raw/openfun/tw.gov.cec~txn~candidates-votes/1998/馬英九-village-votes-page-2.json;data/raw/openfun/tw.gov.cec~txn~candidates-votes/1998/陳水扁-village-votes-page-2.json,matched,exact-village-id; exact-village-id
1998,北投區,泉源里,泉源里,陳水扁,馬英九,841,686,55.075311,44.924689,10.150622,data/raw/openfun/tw.gov.cec~txn~candidates-votes/1998/馬英九-village-votes-page-3.json;data/raw/openfun/tw.gov.cec~txn~candidates-votes/1998/陳水扁-village-votes-page-3.json,matched,exact-village-id; exact-village-id
1998,北投區,洲美里,洲美里,陳水扁,馬英九,713,369,65.896488,34.103512,31.792976,data/raw/openfun/tw.gov.cec~txn~candidates-votes/1998/馬英九-village-votes-page-3.json;data/raw/openfun/tw.gov.cec~txn~candidates-votes/1998/陳水扁-village-votes-page-3.json,matched,exact-village-id; exact-village-id
1998,北投區,振華里,振華里,陳水扁,馬英九,2340,2512,48.227535,51.772465,-3.544930,data/raw/openfun/tw.gov.cec~txn~candidates-votes/1998/馬英九-village-votes-page-2.json;data/raw/openfun/tw.gov.cec~txn~candidates-votes/1998/陳水扁-village-votes-page-2.json,matched,exact-village-id; exact-village-id
1998,北投區,桃源里,桃源里,陳水扁,馬英九,1796,1411,56.002495,43.997505,12.004989,data/raw/openfun/tw.gov.cec~txn~candidates-votes/1998/馬英九-village-votes-page-3.json;data/raw/openfun/tw.gov.cec~txn~candidates-votes/1998/陳水扁-village-votes-page-3.json,matched,exact-village-id; exact-village-id
1998,北投區,清江里,清江里,陳水扁,馬英九,2734,2180,55.636956,44.363044,11.273911,data/raw/openfun/tw.gov.cec~txn~candidates-votes/1998/馬英九-village-votes-page-3.json;data/raw/openfun/tw.gov.cec~txn~candidates-votes/1998/陳水扁-village-votes-page-3.json,matched,exact-village-id; exact-village-id
1998,北投區,尊賢里,尊賢里,陳水扁,馬英九,1690,1286,56.787634,43.212366,13.575269,data/raw/openfun/tw.gov.cec~txn~candidates-votes/1998/馬英九-village-votes-page-3.json;data/raw/openfun/tw.gov.cec~txn~candidates-votes/1998/陳水扁-village-votes-page-3.json,matched,exact-village-id; exact-village-id
1998,北投區,智仁里,智仁里,陳水扁,馬英九,1663,2064,44.620338,55.379662,-10.759324,data/raw/openfun/tw.gov.cec~txn~candidates-votes/1998/馬英九-village-votes-page-3.json;data/raw/openfun/tw.gov.cec~txn~candidates-votes/1998/陳水扁-village-votes-page-3.json,matched,exact-village-id; exact-village-id
1998,北投區,湖山里,湖山里,陳水扁,馬英九,969,886,52.237197,47.762803,4.474394,data/raw/openfun/tw.gov.cec~txn~candidates-votes/1998/馬英九-village-votes-page-3.json;data/raw/openfun/tw.gov.cec~txn~candidates-votes/1998/陳水扁-village-votes-page-3.json,matched,exact-village-id; exact-village-id
1998,北投區,開明里,開明里,陳水扁,馬英九,1839,2141,46.206030,53.793970,-7.587940,data/raw/openfun/tw.gov.cec~txn~candidates-votes/1998/馬英九-village-votes-page-3.json;data/raw/openfun/tw.gov.cec~txn~candidates-votes/1998/陳水扁-village-votes-page-3.json,matched,exact-village-id; exact-village-id
1998,北投區,溫泉里,溫泉里,陳水扁,馬英九,1942,1891,50.665275,49.334725,1.330550,data/raw/openfun/tw.gov.cec~txn~candidates-votes/1998/馬英九-village-votes-page-3.json;data/raw/openfun/tw.gov.cec~txn~candidates-votes/1998/陳水扁-village-votes-page-3.json,matched,exact-village-id; exact-village-id
1998,北投區,裕民里,裕民里,陳水扁,馬英九,2087,2005,51.001955,48.998045,2.003910,data/raw/openfun/tw.gov.cec~txn~candidates-votes/1998/馬英九-village-votes-page-2.json;data/raw/openfun/tw.gov.cec~txn~candidates-votes/1998/陳水扁-village-votes-page-2.json,matched,exact-village-id; exact-village-id
1998,北投區,榮光里,榮光里,陳水扁,馬英九,2191,2116,50.870676,49.129324,1.741351,data/raw/openfun/tw.gov.cec~txn~candidates-votes/1998/馬英九-village-votes-page-2.json;data/raw/openfun/tw.gov.cec~txn~candidates-votes/1998/陳水扁-village-votes-page-2.json,matched,exact-village-id; exact-village-id
1998,北投區,榮華里,榮華里,陳水扁,馬英九,2055,2208,48.205489,51.794511,-3.589022,data/raw/openfun/tw.gov.cec~txn~candidates-votes/1998/馬英九-village-votes-page-2.json;data/raw/openfun/tw.gov.cec~txn~candidates-votes/1998/陳水扁-village-votes-page-2.json,matched,exact-village-id; exact-village-id
1998,北投區,福興里,福興里,陳水扁,馬英九,2098,1932,52.059553,47.940447,4.119107,data/raw/openfun/tw.gov.cec~txn~candidates-votes/1998/馬英九-village-votes-page-2.json;data/raw/openfun/tw.gov.cec~txn~candidates-votes/1998/陳水扁-village-votes-page-2.json,matched,exact-village-id; exact-village-id
1998,北投區,稻香里,稻香里,陳水扁,馬英九,1172,1631,41.812344,58.187656,-16.375312,data/raw/openfun/tw.gov.cec~txn~candidates-votes/1998/馬英九-village-votes-page-3.json;data/raw/openfun/tw.gov.cec~txn~candidates-votes/1998/陳水扁-village-votes-page-3.json,matched,exact-village-id; exact-village-id
1998,北投區,豐年里,豐年里,陳水扁,馬英九,1299,1375,48.578908,51.421092,-2.842184,data/raw/openfun/tw.gov.cec~txn~candidates-votes/1998/馬英九-village-votes-page-3.json;data/raw/openfun/tw.gov.cec~txn~candidates-votes/1998/陳水扁-village-votes-page-3.json,matched,exact-village-id; exact-village-id
1998,北投區,關渡里,關渡里,陳水扁,馬英九,3099,2926,51.435685,48.564315,2.871369,data/raw/openfun/tw.gov.cec~txn~candidates-votes/1998/馬英九-village-votes-page-3.json;data/raw/openfun/tw.gov.cec~txn~candidates-votes/1998/陳水扁-village-votes-page-3.json,matched,exact-village-id; exact-village-id
1998,松山區,三民里,三民里,陳水扁,馬英九,1797,2340,43.437273,56.562727,-13.125453,data/raw/openfun/tw.gov.cec~txn~candidates-votes/1998/馬英九-village-votes-page-1.json;data/raw/openfun/tw.gov.cec~txn~candidates-votes/1998/陳水扁-village-votes-page-1.json,matched,exact-village-id; exact-village-id
1998,松山區,中正里,中正里,陳水扁,馬英九,2454,2092,53.981522,46.018478,7.963044,data/raw/openfun/tw.gov.cec~txn~candidates-votes/1998/馬英九-village-votes-page-1.json;data/raw/openfun/tw.gov.cec~txn~candidates-votes/1998/陳水扁-village-votes-page-1.json,matched,exact-village-id; exact-village-id
1998,松山區,中崙里,中崙里,陳水扁,馬英九,1264,1188,51.549755,48.450245,3.099511,data/raw/openfun/tw.gov.cec~txn~candidates-votes/1998/馬英九-village-votes-page-1.json;data/raw/openfun/tw.gov.cec~txn~candidates-votes/1998/陳水扁-village-votes-page-1.json,matched,exact-village-id; exact-village-id
1998,松山區,中華里,中華里,陳水扁,馬英九,1220,1729,41.369956,58.630044,-17.260088,data/raw/openfun/tw.gov.cec~txn~candidates-votes/1998/馬英九-village-votes-page-1.json;data/raw/openfun/tw.gov.cec~txn~candidates-votes/1998/陳水扁-village-votes-page-1.json,matched,exact-village-id; exact-village-id
1998,松山區,介壽里,介壽里,陳水扁,馬英九,1341,1417,48.622190,51.377810,-2.755620,data/raw/openfun/tw.gov.cec~txn~candidates-votes/1998/馬英九-village-votes-page-1.json;data/raw/openfun/tw.gov.cec~txn~candidates-votes/1998/陳水扁-village-votes-page-1.json,matched,exact-village-id; exact-village-id
1998,松山區,民有里,民有里,陳水扁,馬英九,2683,2466,52.107205,47.892795,4.214411,data/raw/openfun/tw.gov.cec~txn~candidates-votes/1998/馬英九-village-votes-page-1.json;data/raw/openfun/tw.gov.cec~txn~candidates-votes/1998/陳水扁-village-votes-page-1.json,matched,exact-village-id; exact-village-id
1998,松山區,民福里,民福里,陳水扁,馬英九,1638,2470,39.873418,60.126582,-20.253165,data/raw/openfun/tw.gov.cec~txn~candidates-votes/1998/馬英九-village-votes-page-1.json;data/raw/openfun/tw.gov.cec~txn~candidates-votes/1998/陳水扁-village-votes-page-1.json,matched,exact-village-id; exact-village-id
1998,松山區,吉仁里,吉仁里,陳水扁,馬英九,1067,1259,45.872743,54.127257,-8.254514,data/raw/openfun/tw.gov.cec~txn~candidates-votes/1998/馬英九-village-votes-page-1.json;data/raw/openfun/tw.gov.cec~txn~candidates-votes/1998/陳水扁-village-votes-page-1.json,matched,exact-village-id; exact-village-id
1998,松山區,吉祥里,吉祥里,陳水扁,馬英九,2264,2418,48.355404,51.644596,-3.289193,data/raw/openfun/tw.gov.cec~txn~candidates-votes/1998/馬英九-village-votes-page-1.json;data/raw/openfun/tw.gov.cec~txn~candidates-votes/1998/陳水扁-village-votes-page-1.json,matched,exact-village-id; exact-village-id
1998,松山區,安平里,安平里,陳水扁,馬英九,3067,2570,54.408373,45.591627,8.816746,data/raw/openfun/tw.gov.cec~txn~candidates-votes/1998/馬英九-village-votes-page-1.json;data/raw/openfun/tw.gov.cec~txn~candidates-votes/1998/陳水扁-village-votes-page-1.json,matched,exact-village-id; exact-village-id
1998,松山區,自強里,自強里,陳水扁,馬英九,1047,3267,24.269819,75.730181,-51.460362,data/raw/openfun/tw.gov.cec~txn~candidates-votes/1998/馬英九-village-votes-page-1.json;data/raw/openfun/tw.gov.cec~txn~candidates-votes/1998/陳水扁-village-votes-page-1.json,matched,exact-village-id; exact-village-id
1998,松山區,東光里,東光里,陳水扁,馬英九,2059,2493,45.232865,54.767135,-9.534271,data/raw/openfun/tw.gov.cec~txn~candidates-votes/1998/馬英九-village-votes-page-1.json;data/raw/openfun/tw.gov.cec~txn~candidates-votes/1998/陳水扁-village-votes-page-1.json,matched,exact-village-id; exact-village-id
1998,松山區,東昌里,東昌里,陳水扁,馬英九,1441,1356,51.519485,48.480515,3.038970,data/raw/openfun/tw.gov.cec~txn~candidates-votes/1998/馬英九-village-votes-page-1.json;data/raw/openfun/tw.gov.cec~txn~candidates-votes/1998/陳水扁-village-votes-page-1.json,matched,exact-village-id; exact-village-id
1998,松山區,東勢里,東勢里,陳水扁,馬英九,993,985,50.202224,49.797776,0.404449,data/raw/openfun/tw.gov.cec~txn~candidates-votes/1998/馬英九-village-votes-page-1.json;data/raw/openfun/tw.gov.cec~txn~candidates-votes/1998/陳水扁-village-votes-page-1.json,matched,exact-village-id; exact-village-id
1998,松山區,東榮里,東榮里,陳水扁,馬英九,2381,2779,46.143411,53.856589,-7.713178,data/raw/openfun/tw.gov.cec~txn~candidates-votes/1998/馬英九-village-votes-page-1.json;data/raw/openfun/tw.gov.cec~txn~candidates-votes/1998/陳水扁-village-votes-page-1.json,matched,exact-village-id; exact-village-id
1998,松山區,松基里,松基里,陳水扁,馬英九,1193,1038,53.473779,46.526221,6.947557,data/raw/openfun/tw.gov.cec~txn~candidates-votes/1998/馬英九-village-votes-page-1.json;data/raw/openfun/tw.gov.cec~txn~candidates-votes/1998/陳水扁-village-votes-page-1.json,matched,exact-village-id; exact-village-id
1998,松山區,美仁里,美仁里,陳水扁,馬英九,1103,1014,52.102031,47.897969,4.204062,data/raw/openfun/tw.gov.cec~txn~candidates-votes/1998/馬英九-village-votes-page-1.json;data/raw/openfun/tw.gov.cec~txn~candidates-votes/1998/陳水扁-village-votes-page-1.json,matched,exact-village-id; exact-village-id
1998,松山區,莊敬里,莊敬里,陳水扁,馬英九,1718,2022,45.935829,54.064171,-8.128342,data/raw/openfun/tw.gov.cec~txn~candidates-votes/1998/馬英九-village-votes-page-1.json;data/raw/openfun/tw.gov.cec~txn~candidates-votes/1998/陳水扁-village-votes-page-1.json,matched,exact-village-id; exact-village-id
1998,松山區,富泰里,富泰里,陳水扁,馬英九,1125,1531,42.356928,57.643072,-15.286145,data/raw/openfun/tw.gov.cec~txn~candidates-votes/1998/馬英九-village-votes-page-1.json;data/raw/openfun/tw.gov.cec~txn~candidates-votes/1998/陳水扁-village-votes-page-1.json,matched,exact-village-id; exact-village-id
1998,松山區,富錦里,富錦里,陳水扁,馬英九,1371,1873,42.262639,57.737361,-15.474723,data/raw/openfun/tw.gov.cec~txn~candidates-votes/1998/馬英九-village-votes-page-1.json;data/raw/openfun/tw.gov.cec~txn~candidates-votes/1998/陳水扁-village-votes-page-1.json,matched,exact-village-id; exact-village-id
1998,松山區,復建里,復建里,陳水扁,馬英九,953,1225,43.755739,56.244261,-12.488522,data/raw/openfun/tw.gov.cec~txn~candidates-votes/1998/馬英九-village-votes-page-1.json;data/raw/openfun/tw.gov.cec~txn~candidates-votes/1998/陳水扁-village-votes-page-1.json,matched,exact-village-id; exact-village-id
1998,松山區,復盛里,復盛里,陳水扁,馬英九,1713,2242,43.312263,56.687737,-13.375474,data/raw/openfun/tw.gov.cec~txn~candidates-votes/1998/馬英九-village-votes-page-1.json;data/raw/openfun/tw.gov.cec~txn~candidates-votes/1998/陳水扁-village-votes-page-1.json,matched,exact-village-id; exact-village-id
1998,松山區,復勢里,復勢里,陳水扁,馬英九,1903,1778,51.697908,48.302092,3.395816,data/raw/openfun/tw.gov.cec~txn~candidates-votes/1998/馬英九-village-votes-page-1.json;data/raw/openfun/tw.gov.cec~txn~candidates-votes/1998/陳水扁-village-votes-page-1.json,matched,exact-village-id; exact-village-id
1998,松山區,復源里,復源里,陳水扁,馬英九,826,1120,42.446043,57.553957,-15.107914,data/raw/openfun/tw.gov.cec~txn~candidates-votes/1998/馬英九-village-votes-page-1.json;data/raw/openfun/tw.gov.cec~txn~candidates-votes/1998/陳水扁-village-votes-page-1.json,matched,exact-village-id; exact-village-id
1998,松山區,敦化里,敦化里,陳水扁,馬英九,2186,2092,51.098644,48.901356,2.197288,data/raw/openfun/tw.gov.cec~txn~candidates-votes/1998/馬英九-village-votes-page-1.json;data/raw/openfun/tw.gov.cec~txn~candidates-votes/1998/陳水扁-village-votes-page-1.json,matched,exact-village-id; exact-village-id
1998,松山區,新東里,新東里,陳水扁,馬英九,1447,1540,48.443254,51.556746,-3.113492,data/raw/openfun/tw.gov.cec~txn~candidates-votes/1998/馬英九-village-votes-page-1.json;data/raw/openfun/tw.gov.cec~txn~candidates-votes/1998/陳水扁-village-votes-page-1.json,matched,exact-village-id; exact-village-id
1998,松山區,新益里,新益里,陳水扁,馬英九,1466,1487,49.644429,50.355571,-0.711141,data/raw/openfun/tw.gov.cec~txn~candidates-votes/1998/馬英九-village-votes-page-1.json;data/raw/openfun/tw.gov.cec~txn~candidates-votes/1998/陳水扁-village-votes-page-1.json,matched,exact-village-id; exact-village-id
1998,松山區,新聚里,新聚里,陳水扁,馬英九,2131,2195,49.260287,50.739713,-1.479427,data/raw/openfun/tw.gov.cec~txn~candidates-votes/1998/馬英九-village-votes-page-1.json;data/raw/openfun/tw.gov.cec~txn~candidates-votes/1998/陳水扁-village-votes-page-1.json,matched,exact-village-id; exact-village-id
1998,松山區,慈祐里,慈祐里,陳水扁,馬英九,2290,1509,60.279021,39.720979,20.558042,data/raw/openfun/tw.gov.cec~txn~candidates-votes/1998/馬英九-village-votes-page-1.json;data/raw/openfun/tw.gov.cec~txn~candidates-votes/1998/陳水扁-village-votes-page-1.json,matched,exact-village-id; exact-village-id
1998,松山區,福成里,福成里,陳水扁,馬英九,791,763,50.900901,49.099099,1.801802,data/raw/openfun/tw.gov.cec~txn~candidates-votes/1998/馬英九-village-votes-page-1.json;data/raw/openfun/tw.gov.cec~txn~candidates-votes/1998/陳水扁-village-votes-page-1.json,matched,exact-village-id; exact-village-id
1998,松山區,精忠里,精忠里,陳水扁,馬英九,1252,1497,45.543834,54.456166,-8.912332,data/raw/openfun/tw.gov.cec~txn~candidates-votes/1998/馬英九-village-votes-page-1.json;data/raw/openfun/tw.gov.cec~txn~candidates-votes/1998/陳水扁-village-votes-page-1.json,matched,exact-village-id; exact-village-id
1998,松山區,龍田里,龍田里,陳水扁,馬英九,964,2392,28.724672,71.275328,-42.550656,data/raw/openfun/tw.gov.cec~txn~candidates-votes/1998/馬英九-village-votes-page-1.json;data/raw/openfun/tw.gov.cec~txn~candidates-votes/1998/陳水扁-village-votes-page-1.json,matched,exact-village-id; exact-village-id
1998,松山區,鵬程里,鵬程里,陳水扁,馬英九,1071,2096,33.817493,66.182507,-32.365014,data/raw/openfun/tw.gov.cec~txn~candidates-votes/1998/馬英九-village-votes-page-1.json;data/raw/openfun/tw.gov.cec~txn~candidates-votes/1998/陳水扁-village-votes-page-1.json,matched,exact-village-id; exact-village-id
1998,信義區,三張里,三張里,陳水扁,馬英九,2316,3314,41.136767,58.863233,-17.726465,data/raw/openfun/tw.gov.cec~txn~candidates-votes/1998/馬英九-village-votes-page-1.json;data/raw/openfun/tw.gov.cec~txn~candidates-votes/1998/陳水扁-village-votes-page-1.json,matched,exact-village-id; exact-village-id
1998,信義區,三犁里,三犁里,陳水扁,馬英九,1189,1800,39.779190,60.220810,-20.441619,data/raw/openfun/tw.gov.cec~txn~candidates-votes/1998/馬英九-village-votes-page-1.json;data/raw/openfun/tw.gov.cec~txn~candidates-votes/1998/陳水扁-village-votes-page-1.json,matched,exact-village-id; exact-village-id
1998,信義區,大仁里,大仁里,陳水扁,馬英九,1507,2295,39.637033,60.362967,-20.725934,data/raw/openfun/tw.gov.cec~txn~candidates-votes/1998/馬英九-village-votes-page-1.json;data/raw/openfun/tw.gov.cec~txn~candidates-votes/1998/陳水扁-village-votes-page-1.json,matched,exact-village-id; exact-village-id
1998,信義區,大道里,大道里,陳水扁,馬英九,2129,2018,51.338317,48.661683,2.676634,data/raw/openfun/tw.gov.cec~txn~candidates-votes/1998/馬英九-village-votes-page-1.json;data/raw/openfun/tw.gov.cec~txn~candidates-votes/1998/陳水扁-village-votes-page-1.json,matched,exact-village-id; exact-village-id
1998,信義區,中行里,中行里,陳水扁,馬英九,2430,2607,48.243002,51.756998,-3.513996,data/raw/openfun/tw.gov.cec~txn~candidates-votes/1998/馬英九-village-votes-page-1.json;data/raw/openfun/tw.gov.cec~txn~candidates-votes/1998/陳水扁-village-votes-page-1.json,matched,exact-village-id; exact-village-id
1998,信義區,中坡里,中坡里,陳水扁,馬英九,1418,1594,47.078353,52.921647,-5.843293,data/raw/openfun/tw.gov.cec~txn~candidates-votes/1998/馬英九-village-votes-page-1.json;data/raw/openfun/tw.gov.cec~txn~candidates-votes/1998/陳水扁-village-votes-page-1.json,matched,exact-village-id; exact-village-id
1998,信義區,中興里,中興里,陳水扁,馬英九,686,912,42.928661,57.071339,-14.142678,data/raw/openfun/tw.gov.cec~txn~candidates-votes/1998/馬英九-village-votes-page-1.json;data/raw/openfun/tw.gov.cec~txn~candidates-votes/1998/陳水扁-village-votes-page-1.json,matched,exact-village-id; exact-village-id
1998,信義區,五全里,五全里,陳水扁,馬英九,1841,1500,55.103262,44.896738,10.206525,data/raw/openfun/tw.gov.cec~txn~candidates-votes/1998/馬英九-village-votes-page-1.json;data/raw/openfun/tw.gov.cec~txn~candidates-votes/1998/陳水扁-village-votes-page-1.json,matched,exact-village-id; exact-village-id
1998,信義區,五常里,五常里,陳水扁,馬英九,1178,1185,49.851883,50.148117,-0.296234,data/raw/openfun/tw.gov.cec~txn~candidates-votes/1998/馬英九-village-votes-page-1.json;data/raw/openfun/tw.gov.cec~txn~candidates-votes/1998/陳水扁-village-votes-page-1.json,matched,exact-village-id; exact-village-id
1998,信義區,六合里,六合里,陳水扁,馬英九,1371,2577,34.726444,65.273556,-30.547112,data/raw/openfun/tw.gov.cec~txn~candidates-votes/1998/馬英九-village-votes-page-1.json;data/raw/openfun/tw.gov.cec~txn~candidates-votes/1998/陳水扁-village-votes-page-1.json,matched,exact-village-id; exact-village-id
1998,信義區,六藝里,六藝里,陳水扁,馬英九,1143,1109,50.754885,49.245115,1.509769,data/raw/openfun/tw.gov.cec~txn~candidates-votes/1998/馬英九-village-votes-page-1.json;data/raw/openfun/tw.gov.cec~txn~candidates-votes/1998/陳水扁-village-votes-page-1.json,matched,exact-village-id; exact-village-id
1998,信義區,四育里,四育里,陳水扁,馬英九,2015,1656,54.889676,45.110324,9.779352,data/raw/openfun/tw.gov.cec~txn~candidates-votes/1998/馬英九-village-votes-page-1.json;data/raw/openfun/tw.gov.cec~txn~candidates-votes/1998/陳水扁-village-votes-page-1.json,matched,exact-village-id; exact-village-id
1998,信義區,四維里,四維里,陳水扁,馬英九,1589,2011,44.138889,55.861111,-11.722222,data/raw/openfun/tw.gov.cec~txn~candidates-votes/1998/馬英九-village-votes-page-1.json;data/raw/openfun/tw.gov.cec~txn~candidates-votes/1998/陳水扁-village-votes-page-1.json,matched,exact-village-id; exact-village-id
1998,信義區,正和里,正和里,陳水扁,馬英九,1119,1829,37.957938,62.042062,-24.084125,data/raw/openfun/tw.gov.cec~txn~candidates-votes/1998/馬英九-village-votes-page-1.json;data/raw/openfun/tw.gov.cec~txn~candidates-votes/1998/陳水扁-village-votes-page-1.json,matched,exact-village-id; exact-village-id
1998,信義區,永吉里,永吉里,陳水扁,馬英九,1812,1217,59.821723,40.178277,19.643447,data/raw/openfun/tw.gov.cec~txn~candidates-votes/1998/馬英九-village-votes-page-1.json;data/raw/openfun/tw.gov.cec~txn~candidates-votes/1998/陳水扁-village-votes-page-1.json,matched,exact-village-id; exact-village-id
1998,信義區,永春里,永春里,陳水扁,馬英九,1823,1757,50.921788,49.078212,1.843575,data/raw/openfun/tw.gov.cec~txn~candidates-votes/1998/馬英九-village-votes-page-1.json;data/raw/openfun/tw.gov.cec~txn~candidates-votes/1998/陳水扁-village-votes-page-1.json,matched,exact-village-id; exact-village-id
1998,信義區,安康里,安康里,陳水扁,馬英九,1994,2549,43.891702,56.108298,-12.216597,data/raw/openfun/tw.gov.cec~txn~candidates-votes/1998/馬英九-village-votes-page-1.json;data/raw/openfun/tw.gov.cec~txn~candidates-votes/1998/陳水扁-village-votes-page-1.json,matched,exact-village-id; exact-village-id
1998,信義區,西村里,西村里,陳水扁,馬英九,718,2253,24.166947,75.833053,-51.666106,data/raw/openfun/tw.gov.cec~txn~candidates-votes/1998/馬英九-village-votes-page-1.json;data/raw/openfun/tw.gov.cec~txn~candidates-votes/1998/陳水扁-village-votes-page-1.json,matched,exact-village-id; exact-village-id
1998,信義區,松友里,松友里,陳水扁,馬英九,1684,2271,42.579014,57.420986,-14.841972,data/raw/openfun/tw.gov.cec~txn~candidates-votes/1998/馬英九-village-votes-page-1.json;data/raw/openfun/tw.gov.cec~txn~candidates-votes/1998/陳水扁-village-votes-page-1.json,matched,exact-village-id; exact-village-id
1998,信義區,松光里,松光里,陳水扁,馬英九,1798,1783,50.209439,49.790561,0.418877,data/raw/openfun/tw.gov.cec~txn~candidates-votes/1998/馬英九-village-votes-page-1.json;data/raw/openfun/tw.gov.cec~txn~candidates-votes/1998/陳水扁-village-votes-page-1.json,matched,exact-village-id; exact-village-id
1998,信義區,松隆里,松隆里,陳水扁,馬英九,720,1106,39.430449,60.569551,-21.139102,data/raw/openfun/tw.gov.cec~txn~candidates-votes/1998/馬英九-village-votes-page-1.json;data/raw/openfun/tw.gov.cec~txn~candidates-votes/1998/陳水扁-village-votes-page-1.json,matched,exact-village-id; exact-village-id
1998,信義區,長春里,長春里,陳水扁,馬英九,1521,1413,51.840491,48.159509,3.680982,data/raw/openfun/tw.gov.cec~txn~candidates-votes/1998/馬英九-village-votes-page-1.json;data/raw/openfun/tw.gov.cec~txn~candidates-votes/1998/陳水扁-village-votes-page-1.json,matched,exact-village-id; exact-village-id
1998,信義區,泰和里,泰和里,陳水扁,馬英九,2119,2969,41.647013,58.352987,-16.705975,data/raw/openfun/tw.gov.cec~txn~candidates-votes/1998/馬英九-village-votes-page-1.json;data/raw/openfun/tw.gov.cec~txn~candidates-votes/1998/陳水扁-village-votes-page-1.json,matched,exact-village-id; exact-village-id
1998,信義區,國業里,國業里,陳水扁,馬英九,1817,2366,43.437724,56.562276,-13.124552,data/raw/openfun/tw.gov.cec~txn~candidates-votes/1998/馬英九-village-votes-page-1.json;data/raw/openfun/tw.gov.cec~txn~candidates-votes/1998/陳水扁-village-votes-page-1.json,matched,exact-village-id; exact-village-id
1998,信義區,富台里,富台里,陳水扁,馬英九,706,1713,29.185614,70.814386,-41.628772,data/raw/openfun/tw.gov.cec~txn~candidates-votes/1998/馬英九-village-votes-page-1.json;data/raw/openfun/tw.gov.cec~txn~candidates-votes/1998/陳水扁-village-votes-page-1.json,matched,exact-village-id; exact-village-id
1998,信義區,惠安里,惠安里,陳水扁,馬英九,1675,2691,38.364636,61.635364,-23.270728,data/raw/openfun/tw.gov.cec~txn~candidates-votes/1998/馬英九-village-votes-page-1.json;data/raw/openfun/tw.gov.cec~txn~candidates-votes/1998/陳水扁-village-votes-page-1.json,matched,exact-village-id; exact-village-id
1998,信義區,敦厚里,敦厚里,陳水扁,馬英九,1255,1571,44.409059,55.590941,-11.181883,data/raw/openfun/tw.gov.cec~txn~candidates-votes/1998/馬英九-village-votes-page-1.json;data/raw/openfun/tw.gov.cec~txn~candidates-votes/1998/陳水扁-village-votes-page-1.json,matched,exact-village-id; exact-village-id
1998,信義區,景勤里,景勤里,陳水扁,馬英九,1176,1887,38.393732,61.606268,-23.212537,data/raw/openfun/tw.gov.cec~txn~candidates-votes/1998/馬英九-village-votes-page-1.json;data/raw/openfun/tw.gov.cec~txn~candidates-votes/1998/陳水扁-village-votes-page-1.json,matched,exact-village-id; exact-village-id
1998,信義區,景新里,景新里,陳水扁,馬英九,1070,1977,35.116508,64.883492,-29.766984,data/raw/openfun/tw.gov.cec~txn~candidates-votes/1998/馬英九-village-votes-page-1.json;data/raw/openfun/tw.gov.cec~txn~candidates-votes/1998/陳水扁-village-votes-page-1.json,matched,exact-village-id; exact-village-id
1998,信義區,景聯里,景聯里,陳水扁,馬英九,1363,1689,44.659240,55.340760,-10.681520,data/raw/openfun/tw.gov.cec~txn~candidates-votes/1998/馬英九-village-votes-page-1.json;data/raw/openfun/tw.gov.cec~txn~candidates-votes/1998/陳水扁-village-votes-page-1.json,matched,exact-village-id; exact-village-id
1998,信義區,雅祥里,雅祥里,陳水扁,馬英九,1527,1425,51.727642,48.272358,3.455285,data/raw/openfun/tw.gov.cec~txn~candidates-votes/1998/馬英九-village-votes-page-1.json;data/raw/openfun/tw.gov.cec~txn~candidates-votes/1998/陳水扁-village-votes-page-1.json,matched,exact-village-id; exact-village-id
1998,信義區,新仁里,新仁里,陳水扁,馬英九,841,1673,33.452665,66.547335,-33.094670,data/raw/openfun/tw.gov.cec~txn~candidates-votes/1998/馬英九-village-votes-page-1.json;data/raw/openfun/tw.gov.cec~txn~candidates-votes/1998/陳水扁-village-votes-page-1.json,matched,exact-village-id; exact-village-id
1998,信義區,嘉興里,嘉興里,陳水扁,馬英九,939,1155,44.842407,55.157593,-10.315186,data/raw/openfun/tw.gov.cec~txn~candidates-votes/1998/馬英九-village-votes-page-1.json;data/raw/openfun/tw.gov.cec~txn~candidates-votes/1998/陳水扁-village-votes-page-1.json,matched,exact-village-id; exact-village-id
1998,信義區,廣居里,廣居里,陳水扁,馬英九,1453,2248,39.259660,60.740340,-21.480681,data/raw/openfun/tw.gov.cec~txn~candidates-votes/1998/馬英九-village-votes-page-1.json;data/raw/openfun/tw.gov.cec~txn~candidates-votes/1998/陳水扁-village-votes-page-1.json,matched,exact-village-id; exact-village-id
1998,信義區,黎平里,黎平里,陳水扁,馬英九,1930,2469,43.873608,56.126392,-12.252785,data/raw/openfun/tw.gov.cec~txn~candidates-votes/1998/馬英九-village-votes-page-1.json;data/raw/openfun/tw.gov.cec~txn~candidates-votes/1998/陳水扁-village-votes-page-1.json,matched,exact-village-id; exact-village-id
1998,信義區,黎安里,黎安里,陳水扁,馬英九,353,1554,18.510750,81.489250,-62.978500,data/raw/openfun/tw.gov.cec~txn~candidates-votes/1998/馬英九-village-votes-page-1.json;data/raw/openfun/tw.gov.cec~txn~candidates-votes/1998/陳水扁-village-votes-page-1.json,matched,exact-village-id; exact-village-id
1998,信義區,黎忠里,黎忠里,陳水扁,馬英九,1384,1674,45.258339,54.741661,-9.483322,data/raw/openfun/tw.gov.cec~txn~candidates-votes/1998/馬英九-village-votes-page-1.json;data/raw/openfun/tw.gov.cec~txn~candidates-votes/1998/陳水扁-village-votes-page-1.json,matched,exact-village-id; exact-village-id
1998,信義區,黎順里,黎順里,陳水扁,馬英九,1100,1621,40.426314,59.573686,-19.147372,data/raw/openfun/tw.gov.cec~txn~candidates-votes/1998/馬英九-village-votes-page-1.json;data/raw/openfun/tw.gov.cec~txn~candidates-votes/1998/陳水扁-village-votes-page-1.json,matched,exact-village-id; exact-village-id
1998,信義區,興隆里,興隆里,陳水扁,馬英九,682,1151,37.206765,62.793235,-25.586470,data/raw/openfun/tw.gov.cec~txn~candidates-votes/1998/馬英九-village-votes-page-1.json;data/raw/openfun/tw.gov.cec~txn~candidates-votes/1998/陳水扁-village-votes-page-1.json,matched,exact-village-id; exact-village-id
1998,信義區,興雅里,興雅里,陳水扁,馬英九,1706,2046,45.469083,54.530917,-9.061834,data/raw/openfun/tw.gov.cec~txn~candidates-votes/1998/馬英九-village-votes-page-1.json;data/raw/openfun/tw.gov.cec~txn~candidates-votes/1998/陳水扁-village-votes-page-1.json,matched,exact-village-id; exact-village-id
1998,信義區,雙和里,雙和里,陳水扁,馬英九,1747,2501,41.125235,58.874765,-17.749529,data/raw/openfun/tw.gov.cec~txn~candidates-votes/1998/馬英九-village-votes-page-1.json;data/raw/openfun/tw.gov.cec~txn~candidates-votes/1998/陳水扁-village-votes-page-1.json,matched,exact-village-id; exact-village-id
1998,南港區,九如里,九如里,陳水扁,馬英九,1415,2343,37.653007,62.346993,-24.693986,data/raw/openfun/tw.gov.cec~txn~candidates-votes/1998/馬英九-village-votes-page-2.json;data/raw/openfun/tw.gov.cec~txn~candidates-votes/1998/陳水扁-village-votes-page-2.json,matched,exact-village-id; exact-village-id
1998,南港區,三重里,三重里,陳水扁,馬英九,1133,1104,50.648190,49.351810,1.296379,data/raw/openfun/tw.gov.cec~txn~candidates-votes/1998/馬英九-village-votes-page-2.json;data/raw/openfun/tw.gov.cec~txn~candidates-votes/1998/陳水扁-village-votes-page-2.json,matched,exact-village-id; exact-village-id
1998,南港區,中南里,中南里,陳水扁,馬英九,1431,1251,53.355705,46.644295,6.711409,data/raw/openfun/tw.gov.cec~txn~candidates-votes/1998/馬英九-village-votes-page-2.json;data/raw/openfun/tw.gov.cec~txn~candidates-votes/1998/陳水扁-village-votes-page-2.json,matched,exact-village-id; exact-village-id
1998,南港區,中研里,中研里,陳水扁,馬英九,2650,3021,46.728972,53.271028,-6.542056,data/raw/openfun/tw.gov.cec~txn~candidates-votes/1998/馬英九-village-votes-page-2.json;data/raw/openfun/tw.gov.cec~txn~candidates-votes/1998/陳水扁-village-votes-page-2.json,matched,exact-village-id; exact-village-id
1998,南港區,玉成里,玉成里,陳水扁,馬英九,1571,1459,51.848185,48.151815,3.696370,data/raw/openfun/tw.gov.cec~txn~candidates-votes/1998/馬英九-village-votes-page-2.json;data/raw/openfun/tw.gov.cec~txn~candidates-votes/1998/陳水扁-village-votes-page-2.json,matched,exact-village-id; exact-village-id
1998,南港區,合成里,合成里,陳水扁,馬英九,1966,1959,50.089172,49.910828,0.178344,data/raw/openfun/tw.gov.cec~txn~candidates-votes/1998/馬英九-village-votes-page-2.json;data/raw/openfun/tw.gov.cec~txn~candidates-votes/1998/陳水扁-village-votes-page-2.json,matched,exact-village-id; exact-village-id
1998,南港區,成福里,成福里,陳水扁,馬英九,2151,2895,42.627824,57.372176,-14.744352,data/raw/openfun/tw.gov.cec~txn~candidates-votes/1998/馬英九-village-votes-page-2.json;data/raw/openfun/tw.gov.cec~txn~candidates-votes/1998/陳水扁-village-votes-page-2.json,matched,exact-village-id; exact-village-id
1998,南港區,百福里,百福里,陳水扁,馬英九,1640,1606,50.523722,49.476278,1.047443,data/raw/openfun/tw.gov.cec~txn~candidates-votes/1998/馬英九-village-votes-page-2.json;data/raw/openfun/tw.gov.cec~txn~candidates-votes/1998/陳水扁-village-votes-page-2.json,matched,exact-village-id; exact-village-id
1998,南港區,西新里,西新里,陳水扁,馬英九,1662,1179,58.500528,41.499472,17.001056,data/raw/openfun/tw.gov.cec~txn~candidates-votes/1998/馬英九-village-votes-page-2.json;data/raw/openfun/tw.gov.cec~txn~candidates-votes/1998/陳水扁-village-votes-page-2.json,matched,exact-village-id; exact-village-id
1998,南港區,東明里,東明里,陳水扁,馬英九,1211,1581,43.373926,56.626074,-13.252149,data/raw/openfun/tw.gov.cec~txn~candidates-votes/1998/馬英九-village-votes-page-2.json;data/raw/openfun/tw.gov.cec~txn~candidates-votes/1998/陳水扁-village-votes-page-2.json,matched,exact-village-id; exact-village-id
1998,南港區,東新里,東新里,陳水扁,馬英九,2031,2214,47.844523,52.155477,-4.310954,data/raw/openfun/tw.gov.cec~txn~candidates-votes/1998/馬英九-village-votes-page-2.json;data/raw/openfun/tw.gov.cec~txn~candidates-votes/1998/陳水扁-village-votes-page-2.json,matched,exact-village-id; exact-village-id
1998,南港區,南港里,南港里,陳水扁,馬英九,1866,1639,53.238231,46.761769,6.476462,data/raw/openfun/tw.gov.cec~txn~candidates-votes/1998/馬英九-village-votes-page-2.json;data/raw/openfun/tw.gov.cec~txn~candidates-votes/1998/陳水扁-village-votes-page-2.json,matched,exact-village-id; exact-village-id
1998,南港區,新光里,新光里,陳水扁,馬英九,1055,1661,38.843888,61.156112,-22.312224,data/raw/openfun/tw.gov.cec~txn~candidates-votes/1998/馬英九-village-votes-page-2.json;data/raw/openfun/tw.gov.cec~txn~candidates-votes/1998/陳水扁-village-votes-page-2.json,matched,exact-village-id; exact-village-id
1998,南港區,新富里,新富里,陳水扁,馬英九,1434,1274,52.954210,47.045790,5.908419,data/raw/openfun/tw.gov.cec~txn~candidates-votes/1998/馬英九-village-votes-page-2.json;data/raw/openfun/tw.gov.cec~txn~candidates-votes/1998/陳水扁-village-votes-page-2.json,matched,exact-village-id; exact-village-id
1998,南港區,萬福里,萬福里,陳水扁,馬英九,1135,1598,41.529455,58.470545,-16.941090,data/raw/openfun/tw.gov.cec~txn~candidates-votes/1998/馬英九-village-votes-page-2.json;data/raw/openfun/tw.gov.cec~txn~candidates-votes/1998/陳水扁-village-votes-page-2.json,matched,exact-village-id; exact-village-id
1998,南港區,聯成里,聯成里,陳水扁,馬英九,1484,1848,44.537815,55.462185,-10.924370,data/raw/openfun/tw.gov.cec~txn~candidates-votes/1998/馬英九-village-votes-page-2.json;data/raw/openfun/tw.gov.cec~txn~candidates-votes/1998/陳水扁-village-votes-page-2.json,matched,exact-village-id; exact-village-id
1998,南港區,鴻福里,鴻福里,陳水扁,馬英九,1493,1480,50.218634,49.781366,0.437269,data/raw/openfun/tw.gov.cec~txn~candidates-votes/1998/馬英九-village-votes-page-2.json;data/raw/openfun/tw.gov.cec~txn~candidates-votes/1998/陳水扁-village-votes-page-2.json,matched,exact-village-id; exact-village-id
1998,南港區,舊莊里,舊莊里,陳水扁,馬英九,2400,2539,48.592833,51.407167,-2.814335,data/raw/openfun/tw.gov.cec~txn~candidates-votes/1998/馬英九-village-votes-page-2.json;data/raw/openfun/tw.gov.cec~txn~candidates-votes/1998/陳水扁-village-votes-page-2.json,matched,exact-village-id; exact-village-id
1998,萬華區,仁德里,仁德里,陳水扁,馬英九,1609,1322,54.895940,45.104060,9.791880,data/raw/openfun/tw.gov.cec~txn~candidates-votes/1998/馬英九-village-votes-page-2.json;data/raw/openfun/tw.gov.cec~txn~candidates-votes/1998/陳水扁-village-votes-page-2.json,matched,exact-village-id; exact-village-id
1998,萬華區,日祥里,日祥里,陳水扁,馬英九,1186,2176,35.276621,64.723379,-29.446758,data/raw/openfun/tw.gov.cec~txn~candidates-votes/1998/馬英九-village-votes-page-2.json;data/raw/openfun/tw.gov.cec~txn~candidates-votes/1998/陳水扁-village-votes-page-2.json,matched,exact-village-id; exact-village-id
1998,萬華區,日善里,日善里,陳水扁,馬英九,1435,1147,55.577072,44.422928,11.154144,data/raw/openfun/tw.gov.cec~txn~candidates-votes/1998/馬英九-village-votes-page-2.json;data/raw/openfun/tw.gov.cec~txn~candidates-votes/1998/陳水扁-village-votes-page-2.json,matched,exact-village-id; exact-village-id
1998,萬華區,全德里,全德里,陳水扁,馬英九,1413,1117,55.849802,44.150198,11.699605,data/raw/openfun/tw.gov.cec~txn~candidates-votes/1998/馬英九-village-votes-page-2.json;data/raw/openfun/tw.gov.cec~txn~candidates-votes/1998/陳水扁-village-votes-page-2.json,matched,exact-village-id; exact-village-id
1998,萬華區,西門里,西門里,陳水扁,馬英九,924,1169,44.147157,55.852843,-11.705686,data/raw/openfun/tw.gov.cec~txn~candidates-votes/1998/馬英九-village-votes-page-2.json;data/raw/openfun/tw.gov.cec~txn~candidates-votes/1998/陳水扁-village-votes-page-2.json,matched,exact-village-id; exact-village-id
1998,萬華區,孝德里,孝德里,陳水扁,馬英九,1350,803,62.703205,37.296795,25.406410,data/raw/openfun/tw.gov.cec~txn~candidates-votes/1998/馬英九-village-votes-page-2.json;data/raw/openfun/tw.gov.cec~txn~candidates-votes/1998/陳水扁-village-votes-page-2.json,matched,exact-village-id; exact-village-id
1998,萬華區,和平里,和平里,陳水扁,馬英九,3005,1819,62.292703,37.707297,24.585406,data/raw/openfun/tw.gov.cec~txn~candidates-votes/1998/馬英九-village-votes-page-2.json;data/raw/openfun/tw.gov.cec~txn~candidates-votes/1998/陳水扁-village-votes-page-2.json,matched,exact-village-id; exact-village-id
1998,萬華區,和德里,和德里,陳水扁,馬英九,2642,1910,58.040422,41.959578,16.080844,data/raw/openfun/tw.gov.cec~txn~candidates-votes/1998/馬英九-village-votes-page-2.json;data/raw/openfun/tw.gov.cec~txn~candidates-votes/1998/陳水扁-village-votes-page-2.json,matched,exact-village-id; exact-village-id
1998,萬華區,忠貞里,忠貞里,陳水扁,馬英九,1079,2379,31.203008,68.796992,-37.593985,data/raw/openfun/tw.gov.cec~txn~candidates-votes/1998/馬英九-village-votes-page-2.json;data/raw/openfun/tw.gov.cec~txn~candidates-votes/1998/陳水扁-village-votes-page-2.json,matched,exact-village-id; exact-village-id
1998,萬華區,忠德里,忠德里,陳水扁,馬英九,1726,1187,59.251631,40.748369,18.503261,data/raw/openfun/tw.gov.cec~txn~candidates-votes/1998/馬英九-village-votes-page-2.json;data/raw/openfun/tw.gov.cec~txn~candidates-votes/1998/陳水扁-village-votes-page-2.json,matched,exact-village-id; exact-village-id
1998,萬華區,青山里,青山里,陳水扁,馬英九,1844,1492,55.275779,44.724221,10.551559,data/raw/openfun/tw.gov.cec~txn~candidates-votes/1998/馬英九-village-votes-page-2.json;data/raw/openfun/tw.gov.cec~txn~candidates-votes/1998/陳水扁-village-votes-page-2.json,matched,exact-village-id; exact-village-id
1998,萬華區,保德里,保德里,陳水扁,馬英九,1119,921,54.852941,45.147059,9.705882,data/raw/openfun/tw.gov.cec~txn~candidates-votes/1998/馬英九-village-votes-page-2.json;data/raw/openfun/tw.gov.cec~txn~candidates-votes/1998/陳水扁-village-votes-page-2.json,matched,exact-village-id; exact-village-id
1998,萬華區,柳鄉里,柳鄉里,陳水扁,馬英九,2125,1531,58.123632,41.876368,16.247265,data/raw/openfun/tw.gov.cec~txn~candidates-votes/1998/馬英九-village-votes-page-2.json;data/raw/openfun/tw.gov.cec~txn~candidates-votes/1998/陳水扁-village-votes-page-2.json,matched,exact-village-id; exact-village-id
1998,萬華區,凌霄里,凌霄里,陳水扁,馬英九,968,1877,34.024605,65.975395,-31.950791,data/raw/openfun/tw.gov.cec~txn~candidates-votes/1998/馬英九-village-votes-page-2.json;data/raw/openfun/tw.gov.cec~txn~candidates-votes/1998/陳水扁-village-votes-page-2.json,matched,exact-village-id; exact-village-id
1998,萬華區,頂碩里,頂碩里,陳水扁,馬英九,3349,2077,61.721342,38.278658,23.442683,data/raw/openfun/tw.gov.cec~txn~candidates-votes/1998/馬英九-village-votes-page-2.json;data/raw/openfun/tw.gov.cec~txn~candidates-votes/1998/陳水扁-village-votes-page-2.json,matched,exact-village-id; exact-village-id
1998,萬華區,富民里,富民里,陳水扁,馬英九,1952,1341,59.277255,40.722745,18.554510,data/raw/openfun/tw.gov.cec~txn~candidates-votes/1998/馬英九-village-votes-page-2.json;data/raw/openfun/tw.gov.cec~txn~candidates-votes/1998/陳水扁-village-votes-page-2.json,matched,exact-village-id; exact-village-id
1998,萬華區,富福里,富福里,陳水扁,馬英九,1847,1324,58.246610,41.753390,16.493220,data/raw/openfun/tw.gov.cec~txn~candidates-votes/1998/馬英九-village-votes-page-2.json;data/raw/openfun/tw.gov.cec~txn~candidates-votes/1998/陳水扁-village-votes-page-2.json,matched,exact-village-id; exact-village-id
1998,萬華區,菜園里,菜園里,陳水扁,馬英九,1974,1633,54.726920,45.273080,9.453840,data/raw/openfun/tw.gov.cec~txn~candidates-votes/1998/馬英九-village-votes-page-2.json;data/raw/openfun/tw.gov.cec~txn~candidates-votes/1998/陳水扁-village-votes-page-2.json,matched,exact-village-id; exact-village-id
1998,萬華區,華中里,華中里,陳水扁,馬英九,2429,1811,57.287736,42.712264,14.575472,data/raw/openfun/tw.gov.cec~txn~candidates-votes/1998/馬英九-village-votes-page-2.json;data/raw/openfun/tw.gov.cec~txn~candidates-votes/1998/陳水扁-village-votes-page-2.json,matched,exact-village-id; exact-village-id
1998,萬華區,華江里,華江里,陳水扁,馬英九,3097,2460,55.731510,44.268490,11.463020,data/raw/openfun/tw.gov.cec~txn~candidates-votes/1998/馬英九-village-votes-page-2.json;data/raw/openfun/tw.gov.cec~txn~candidates-votes/1998/陳水扁-village-votes-page-2.json,matched,exact-village-id; exact-village-id
1998,萬華區,新安里,新安里,陳水扁,馬英九,1631,2689,37.754630,62.245370,-24.490741,data/raw/openfun/tw.gov.cec~txn~candidates-votes/1998/馬英九-village-votes-page-2.json;data/raw/openfun/tw.gov.cec~txn~candidates-votes/1998/陳水扁-village-votes-page-2.json,matched,exact-village-id; exact-village-id
1998,萬華區,新和里,新和里,陳水扁,馬英九,1380,4263,24.455077,75.544923,-51.089846,data/raw/openfun/tw.gov.cec~txn~candidates-votes/1998/馬英九-village-votes-page-2.json;data/raw/openfun/tw.gov.cec~txn~candidates-votes/1998/陳水扁-village-votes-page-2.json,matched,exact-village-id; exact-village-id
1998,萬華區,新忠里,新忠里,陳水扁,馬英九,519,2073,20.023148,79.976852,-59.953704,data/raw/openfun/tw.gov.cec~txn~candidates-votes/1998/馬英九-village-votes-page-2.json;data/raw/openfun/tw.gov.cec~txn~candidates-votes/1998/陳水扁-village-votes-page-2.json,matched,exact-village-id; exact-village-id
1998,萬華區,新起里,新起里,陳水扁,馬英九,2088,2313,47.443763,52.556237,-5.112474,data/raw/openfun/tw.gov.cec~txn~candidates-votes/1998/馬英九-village-votes-page-2.json;data/raw/openfun/tw.gov.cec~txn~candidates-votes/1998/陳水扁-village-votes-page-2.json,matched,exact-village-id; exact-village-id
1998,萬華區,萬壽里,萬壽里,陳水扁,馬英九,894,919,49.310535,50.689465,-1.378930,data/raw/openfun/tw.gov.cec~txn~candidates-votes/1998/馬英九-village-votes-page-2.json;data/raw/openfun/tw.gov.cec~txn~candidates-votes/1998/陳水扁-village-votes-page-2.json,matched,exact-village-id; exact-village-id
1998,萬華區,壽德里,壽德里,陳水扁,馬英九,1752,1533,53.333333,46.666667,6.666667,data/raw/openfun/tw.gov.cec~txn~candidates-votes/1998/馬英九-village-votes-page-2.json;data/raw/openfun/tw.gov.cec~txn~candidates-votes/1998/陳水扁-village-votes-page-2.json,matched,exact-village-id; exact-village-id
1998,萬華區,榮德里,榮德里,陳水扁,馬英九,1543,1234,55.563558,44.436442,11.127116,data/raw/openfun/tw.gov.cec~txn~candidates-votes/1998/馬英九-village-votes-page-2.json;data/raw/openfun/tw.gov.cec~txn~candidates-votes/1998/陳水扁-village-votes-page-2.json,matched,exact-village-id; exact-village-id
1998,萬華區,福星里,福星里,陳水扁,馬英九,1423,1522,48.319185,51.680815,-3.361630,data/raw/openfun/tw.gov.cec~txn~candidates-votes/1998/馬英九-village-votes-page-2.json;data/raw/openfun/tw.gov.cec~txn~candidates-votes/1998/陳水扁-village-votes-page-2.json,matched,exact-village-id; exact-village-id
1998,萬華區,福音里,福音里,陳水扁,馬英九,1388,1154,54.602675,45.397325,9.205350,data/raw/openfun/tw.gov.cec~txn~candidates-votes/1998/馬英九-village-votes-page-2.json;data/raw/openfun/tw.gov.cec~txn~candidates-votes/1998/陳水扁-village-votes-page-2.json,matched,exact-village-id; exact-village-id
1998,萬華區,綠堤里,綠堤里,陳水扁,馬英九,1989,1804,52.438703,47.561297,4.877406,data/raw/openfun/tw.gov.cec~txn~candidates-votes/1998/馬英九-village-votes-page-2.json;data/raw/openfun/tw.gov.cec~txn~candidates-votes/1998/陳水扁-village-votes-page-2.json,matched,exact-village-id; exact-village-id
1998,萬華區,銘德里,銘德里,陳水扁,馬英九,1784,1403,55.977408,44.022592,11.954816,data/raw/openfun/tw.gov.cec~txn~candidates-votes/1998/馬英九-village-votes-page-2.json;data/raw/openfun/tw.gov.cec~txn~candidates-votes/1998/陳水扁-village-votes-page-2.json,matched,exact-village-id; exact-village-id
1998,萬華區,糖廍里,糖廍里,陳水扁,馬英九,1537,1278,54.600355,45.399645,9.200710,data/raw/openfun/tw.gov.cec~txn~candidates-votes/1998/馬英九-village-votes-page-2.json;data/raw/openfun/tw.gov.cec~txn~candidates-votes/1998/陳水扁-village-votes-page-2.json,matched,exact-village-id; exact-village-id
1998,萬華區,興德里,興德里,陳水扁,馬英九,1754,1328,56.911097,43.088903,13.822193,data/raw/openfun/tw.gov.cec~txn~candidates-votes/1998/馬英九-village-votes-page-2.json;data/raw/openfun/tw.gov.cec~txn~candidates-votes/1998/陳水扁-village-votes-page-2.json,matched,exact-village-id; exact-village-id
1998,萬華區,錦德里,錦德里,陳水扁,馬英九,1911,1604,54.366999,45.633001,8.733997,data/raw/openfun/tw.gov.cec~txn~candidates-votes/1998/馬英九-village-votes-page-2.json;data/raw/openfun/tw.gov.cec~txn~candidates-votes/1998/陳水扁-village-votes-page-2.json,matched,exact-village-id; exact-village-id
1998,萬華區,雙園里,雙園里,陳水扁,馬英九,1868,1396,57.230392,42.769608,14.460784,data/raw/openfun/tw.gov.cec~txn~candidates-votes/1998/馬英九-village-votes-page-2.json;data/raw/openfun/tw.gov.cec~txn~candidates-votes/1998/陳水扁-village-votes-page-2.json,matched,exact-village-id; exact-village-id
1998,萬華區,騰雲里,騰雲里,陳水扁,馬英九,754,1215,38.293550,61.706450,-23.412900,data/raw/openfun/tw.gov.cec~txn~candidates-votes/1998/馬英九-village-votes-page-2.json;data/raw/openfun/tw.gov.cec~txn~candidates-votes/1998/陳水扁-village-votes-page-2.json,matched,exact-village-id; exact-village-id
2002,士林區,三玉里,三玉里,李應元,馬英九,1254,1872,40.115163,59.884837,-19.769674,data/raw/openfun/tw.gov.cec~txn~candidates-votes/2002/李應元-village-votes-page-2.json;data/raw/openfun/tw.gov.cec~txn~candidates-votes/2002/馬英九-village-votes-page-2.json,matched,exact-district-li-name; exact-district-li-name
2002,士林區,仁勇里,仁勇里,李應元,馬英九,1217,1426,46.046160,53.953840,-7.907681,data/raw/openfun/tw.gov.cec~txn~candidates-votes/2002/李應元-village-votes-page-1.json;data/raw/openfun/tw.gov.cec~txn~candidates-votes/2002/馬英九-village-votes-page-1.json,matched,exact-district-li-name; exact-district-li-name
2002,士林區,公館里,公館里,李應元,馬英九,474,399,54.295533,45.704467,8.591065,data/raw/openfun/tw.gov.cec~txn~candidates-votes/2002/李應元-village-votes-page-2.json;data/raw/openfun/tw.gov.cec~txn~candidates-votes/2002/馬英九-village-votes-page-2.json,matched,exact-district-li-name; exact-district-li-name
2002,士林區,天山里,天山里,李應元,馬英九,1412,2199,39.102742,60.897258,-21.794517,data/raw/openfun/tw.gov.cec~txn~candidates-votes/2002/李應元-village-votes-page-2.json;data/raw/openfun/tw.gov.cec~txn~candidates-votes/2002/馬英九-village-votes-page-2.json,matched,exact-district-li-name; exact-district-li-name
2002,士林區,天母里,天母里,李應元,馬英九,1313,2280,36.543279,63.456721,-26.913443,data/raw/openfun/tw.gov.cec~txn~candidates-votes/2002/李應元-village-votes-page-2.json;data/raw/openfun/tw.gov.cec~txn~candidates-votes/2002/馬英九-village-votes-page-2.json,matched,exact-district-li-name; exact-district-li-name
2002,士林區,天玉里,天玉里,李應元,馬英九,1663,2831,37.004895,62.995105,-25.990209,data/raw/openfun/tw.gov.cec~txn~candidates-votes/2002/李應元-village-votes-page-2.json;data/raw/openfun/tw.gov.cec~txn~candidates-votes/2002/馬英九-village-votes-page-2.json,matched,exact-district-li-name; exact-district-li-name
2002,士林區,天和里,天和里,李應元,馬英九,1488,2522,37.107232,62.892768,-25.785536,data/raw/openfun/tw.gov.cec~txn~candidates-votes/2002/李應元-village-votes-page-2.json;data/raw/openfun/tw.gov.cec~txn~candidates-votes/2002/馬英九-village-votes-page-2.json,matched,exact-district-li-name; exact-district-li-name
2002,士林區,天祿里,天祿里,李應元,馬英九,1198,1721,41.041453,58.958547,-17.917095,data/raw/openfun/tw.gov.cec~txn~candidates-votes/2002/李應元-village-votes-page-2.json;data/raw/openfun/tw.gov.cec~txn~candidates-votes/2002/馬英九-village-votes-page-2.json,matched,exact-district-li-name; exact-district-li-name
2002,士林區,天壽里,天壽里,李應元,馬英九,1018,1576,39.244410,60.755590,-21.511180,data/raw/openfun/tw.gov.cec~txn~candidates-votes/2002/李應元-village-votes-page-2.json;data/raw/openfun/tw.gov.cec~txn~candidates-votes/2002/馬英九-village-votes-page-2.json,matched,exact-district-li-name; exact-district-li-name
2002,士林區,天福里,天福里,李應元,馬英九,1284,2189,36.970919,63.029081,-26.058163,data/raw/openfun/tw.gov.cec~txn~candidates-votes/2002/李應元-village-votes-page-2.json;data/raw/openfun/tw.gov.cec~txn~candidates-votes/2002/馬英九-village-votes-page-2.json,matched,exact-district-li-name; exact-district-li-name
2002,士林區,平等里,平等里,李應元,馬英九,590,331,64.060803,35.939197,28.121607,data/raw/openfun/tw.gov.cec~txn~candidates-votes/2002/李應元-village-votes-page-2.json;data/raw/openfun/tw.gov.cec~txn~candidates-votes/2002/馬英九-village-votes-page-2.json,matched,exact-district-li-name; exact-district-li-name
2002,士林區,永倫里,永倫里,李應元,馬英九,2132,2052,50.956023,49.043977,1.912046,data/raw/openfun/tw.gov.cec~txn~candidates-votes/2002/李應元-village-votes-page-1.json;data/raw/openfun/tw.gov.cec~txn~candidates-votes/2002/馬英九-village-votes-page-1.json,matched,exact-district-li-name; exact-district-li-name
2002,士林區,永福里,永福里,李應元,馬英九,416,351,54.237288,45.762712,8.474576,data/raw/openfun/tw.gov.cec~txn~candidates-votes/2002/李應元-village-votes-page-2.json;data/raw/openfun/tw.gov.cec~txn~candidates-votes/2002/馬英九-village-votes-page-2.json,matched,exact-district-li-name; exact-district-li-name
2002,士林區,名山里,名山里,李應元,馬英九,1485,2562,36.693847,63.306153,-26.612305,data/raw/openfun/tw.gov.cec~txn~candidates-votes/2002/李應元-village-votes-page-1.json;data/raw/openfun/tw.gov.cec~txn~candidates-votes/2002/馬英九-village-votes-page-1.json,matched,exact-district-li-name; exact-district-li-name
2002,士林區,百齡里,百齡里,李應元,馬英九,1877,2215,45.869990,54.130010,-8.260020,data/raw/openfun/tw.gov.cec~txn~candidates-votes/2002/李應元-village-votes-page-1.json;data/raw/openfun/tw.gov.cec~txn~candidates-votes/2002/馬英九-village-votes-page-1.json,matched,exact-district-li-name; exact-district-li-name
2002,士林區,岩山里,岩山里,李應元,馬英九,645,1447,30.831740,69.168260,-38.336520,data/raw/openfun/tw.gov.cec~txn~candidates-votes/2002/李應元-village-votes-page-1.json;data/raw/openfun/tw.gov.cec~txn~candidates-votes/2002/馬英九-village-votes-page-1.json,matched,exact-district-li-name; exact-district-li-name
2002,士林區,忠誠里,忠誠里,李應元,馬英九,817,2496,24.660429,75.339571,-50.679143,data/raw/openfun/tw.gov.cec~txn~candidates-votes/2002/李應元-village-votes-page-2.json;data/raw/openfun/tw.gov.cec~txn~candidates-votes/2002/馬英九-village-votes-page-2.json,matched,exact-district-li-name; exact-district-li-name
2002,士林區,承德里,承德里,李應元,馬英九,1201,1783,40.247989,59.752011,-19.504021,data/raw/openfun/tw.gov.cec~txn~candidates-votes/2002/李應元-village-votes-page-1.json;data/raw/openfun/tw.gov.cec~txn~candidates-votes/2002/馬英九-village-votes-page-1.json,matched,exact-district-li-name; exact-district-li-name
2002,士林區,明勝里,明勝里,李應元,馬英九,1296,1488,46.551724,53.448276,-6.896552,data/raw/openfun/tw.gov.cec~txn~candidates-votes/2002/李應元-village-votes-page-1.json;data/raw/openfun/tw.gov.cec~txn~candidates-votes/2002/馬英九-village-votes-page-1.json,matched,exact-district-li-name; exact-district-li-name
2002,士林區,東山里,東山里,李應元,馬英九,799,2000,28.545909,71.454091,-42.908181,data/raw/openfun/tw.gov.cec~txn~candidates-votes/2002/李應元-village-votes-page-2.json;data/raw/openfun/tw.gov.cec~txn~candidates-votes/2002/馬英九-village-votes-page-2.json,matched,exact-district-li-name; exact-district-li-name
2002,士林區,社子里,社子里,李應元,馬英九,1674,1814,47.993119,52.006881,-4.013761,data/raw/openfun/tw.gov.cec~txn~candidates-votes/2002/李應元-village-votes-page-1.json;data/raw/openfun/tw.gov.cec~txn~candidates-votes/2002/馬英九-village-votes-page-1.json,matched,exact-district-li-name; exact-district-li-name
2002,士林區,社園里,社園里,李應元,馬英九,2048,2008,50.493097,49.506903,0.986193,data/raw/openfun/tw.gov.cec~txn~candidates-votes/2002/李應元-village-votes-page-1.json;data/raw/openfun/tw.gov.cec~txn~candidates-votes/2002/馬英九-village-votes-page-1.json,matched,exact-district-li-name; exact-district-li-name
2002,士林區,社新里,社新里,李應元,馬英九,2284,2336,49.437229,50.562771,-1.125541,data/raw/openfun/tw.gov.cec~txn~candidates-votes/2002/李應元-village-votes-page-1.json;data/raw/openfun/tw.gov.cec~txn~candidates-votes/2002/馬英九-village-votes-page-1.json,matched,exact-district-li-name; exact-district-li-name
2002,士林區,芝山里,芝山里,李應元,馬英九,1439,2522,36.329210,63.670790,-27.341580,data/raw/openfun/tw.gov.cec~txn~candidates-votes/2002/李應元-village-votes-page-2.json;data/raw/openfun/tw.gov.cec~txn~candidates-votes/2002/馬英九-village-votes-page-2.json,matched,exact-district-li-name; exact-district-li-name
2002,士林區,前港里,前港里,李應元,馬英九,1195,1332,47.289276,52.710724,-5.421448,data/raw/openfun/tw.gov.cec~txn~candidates-votes/2002/李應元-village-votes-page-1.json;data/raw/openfun/tw.gov.cec~txn~candidates-votes/2002/馬英九-village-votes-page-1.json,matched,exact-district-li-name; exact-district-li-name
2002,士林區,後港里,後港里,李應元,馬英九,2100,2289,47.846890,52.153110,-4.306220,data/raw/openfun/tw.gov.cec~txn~candidates-votes/2002/李應元-village-votes-page-1.json;data/raw/openfun/tw.gov.cec~txn~candidates-votes/2002/馬英九-village-votes-page-1.json,matched,exact-district-li-name; exact-district-li-name
2002,士林區,富光里,富光里,李應元,馬英九,1635,1691,49.158148,50.841852,-1.683704,data/raw/openfun/tw.gov.cec~txn~candidates-votes/2002/李應元-village-votes-page-1.json;data/raw/openfun/tw.gov.cec~txn~candidates-votes/2002/馬英九-village-votes-page-1.json,matched,exact-district-li-name; exact-district-li-name
2002,士林區,富洲里,富洲里,李應元,馬英九,1872,1371,57.724329,42.275671,15.448659,data/raw/openfun/tw.gov.cec~txn~candidates-votes/2002/李應元-village-votes-page-1.json;data/raw/openfun/tw.gov.cec~txn~candidates-votes/2002/馬英九-village-votes-page-1.json,matched,exact-district-li-name; exact-district-li-name
2002,士林區,菁山里,菁山里,李應元,馬英九,439,538,44.933470,55.066530,-10.133060,data/raw/openfun/tw.gov.cec~txn~candidates-votes/2002/李應元-village-votes-page-2.json;data/raw/openfun/tw.gov.cec~txn~candidates-votes/2002/馬英九-village-votes-page-2.json,matched,exact-district-li-name; exact-district-li-name
2002,士林區,陽明里,陽明里,李應元,馬英九,730,1126,39.331897,60.668103,-21.336207,data/raw/openfun/tw.gov.cec~txn~candidates-votes/2002/李應元-village-votes-page-2.json;data/raw/openfun/tw.gov.cec~txn~candidates-votes/2002/馬英九-village-votes-page-2.json,matched,exact-district-li-name; exact-district-li-name
2002,士林區,新安里,新安里,李應元,馬英九,581,641,47.545008,52.454992,-4.909984,data/raw/openfun/tw.gov.cec~txn~candidates-votes/2002/李應元-village-votes-page-2.json;data/raw/openfun/tw.gov.cec~txn~candidates-votes/2002/馬英九-village-votes-page-2.json,matched,exact-district-li-name; exact-district-li-name
2002,士林區,溪山里,溪山里,李應元,馬英九,420,458,47.835991,52.164009,-4.328018,data/raw/openfun/tw.gov.cec~txn~candidates-votes/2002/李應元-village-votes-page-2.json;data/raw/openfun/tw.gov.cec~txn~candidates-votes/2002/馬英九-village-votes-page-2.json,matched,exact-district-li-name; exact-district-li-name
2002,士林區,義信里,義信里,李應元,馬英九,737,1037,41.544532,58.455468,-16.910936,data/raw/openfun/tw.gov.cec~txn~candidates-votes/2002/李應元-village-votes-page-1.json;data/raw/openfun/tw.gov.cec~txn~candidates-votes/2002/馬英九-village-votes-page-1.json,matched,exact-district-li-name; exact-district-li-name
2002,士林區,聖山里,聖山里,李應元,馬英九,846,2169,28.059701,71.940299,-43.880597,data/raw/openfun/tw.gov.cec~txn~candidates-votes/2002/李應元-village-votes-page-2.json;data/raw/openfun/tw.gov.cec~txn~candidates-votes/2002/馬英九-village-votes-page-2.json,matched,exact-district-li-name; exact-district-li-name
2002,士林區,葫東里,葫東里,李應元,馬英九,1125,1110,50.335570,49.664430,0.671141,data/raw/openfun/tw.gov.cec~txn~candidates-votes/2002/李應元-village-votes-page-1.json;data/raw/openfun/tw.gov.cec~txn~candidates-votes/2002/馬英九-village-votes-page-1.json,matched,exact-district-li-name; exact-district-li-name
2002,士林區,葫蘆里,葫蘆里,李應元,馬英九,1764,2474,41.623407,58.376593,-16.753185,data/raw/openfun/tw.gov.cec~txn~candidates-votes/2002/李應元-village-votes-page-1.json;data/raw/openfun/tw.gov.cec~txn~candidates-votes/2002/馬英九-village-votes-page-1.json,matched,exact-district-li-name; exact-district-li-name
2002,士林區,福中里,福中里,李應元,馬英九,1555,1582,49.569653,50.430347,-0.860695,data/raw/openfun/tw.gov.cec~txn~candidates-votes/2002/李應元-village-votes-page-1.json;data/raw/openfun/tw.gov.cec~txn~candidates-votes/2002/馬英九-village-votes-page-1.json,matched,exact-district-li-name; exact-district-li-name
2002,士林區,福安里,福安里,李應元,馬英九,1972,994,66.486851,33.513149,32.973702,data/raw/openfun/tw.gov.cec~txn~candidates-votes/2002/李應元-village-votes-page-1.json;data/raw/openfun/tw.gov.cec~txn~candidates-votes/2002/馬英九-village-votes-page-1.json,matched,exact-district-li-name; exact-district-li-name
2002,士林區,福志里,福志里,李應元,馬英九,1537,2478,38.281445,61.718555,-23.437111,data/raw/openfun/tw.gov.cec~txn~candidates-votes/2002/李應元-village-votes-page-1.json;data/raw/openfun/tw.gov.cec~txn~candidates-votes/2002/馬英九-village-votes-page-1.json,matched,exact-district-li-name; exact-district-li-name
2002,士林區,福佳里,福佳里,李應元,馬英九,1831,2471,42.561599,57.438401,-14.876801,data/raw/openfun/tw.gov.cec~txn~candidates-votes/2002/李應元-village-votes-page-1.json;data/raw/openfun/tw.gov.cec~txn~candidates-votes/2002/馬英九-village-votes-page-1.json,matched,exact-district-li-name; exact-district-li-name
2002,士林區,福林里,福林里,李應元,馬英九,715,1588,31.046461,68.953539,-37.907078,data/raw/openfun/tw.gov.cec~txn~candidates-votes/2002/李應元-village-votes-page-1.json;data/raw/openfun/tw.gov.cec~txn~candidates-votes/2002/馬英九-village-votes-page-1.json,matched,exact-district-li-name; exact-district-li-name
2002,士林區,福華里,福華里,李應元,馬英九,1541,2271,40.424974,59.575026,-19.150052,data/raw/openfun/tw.gov.cec~txn~candidates-votes/2002/李應元-village-votes-page-1.json;data/raw/openfun/tw.gov.cec~txn~candidates-votes/2002/馬英九-village-votes-page-1.json,matched,exact-district-li-name; exact-district-li-name
2002,士林區,福順里,福順里,李應元,馬英九,1541,1428,51.902998,48.097002,3.805995,data/raw/openfun/tw.gov.cec~txn~candidates-votes/2002/李應元-village-votes-page-1.json;data/raw/openfun/tw.gov.cec~txn~candidates-votes/2002/馬英九-village-votes-page-1.json,matched,exact-district-li-name; exact-district-li-name
2002,士林區,福德里,福德里,李應元,馬英九,1033,1542,40.116505,59.883495,-19.766990,data/raw/openfun/tw.gov.cec~txn~candidates-votes/2002/李應元-village-votes-page-1.json;data/raw/openfun/tw.gov.cec~txn~candidates-votes/2002/馬英九-village-votes-page-1.json,matched,exact-district-li-name; exact-district-li-name
2002,士林區,翠山里,翠山里,李應元,馬英九,298,1520,16.391639,83.608361,-67.216722,data/raw/openfun/tw.gov.cec~txn~candidates-votes/2002/李應元-village-votes-page-2.json;data/raw/openfun/tw.gov.cec~txn~candidates-votes/2002/馬英九-village-votes-page-2.json,matched,exact-district-li-name; exact-district-li-name
2002,士林區,德行里,德行里,李應元,馬英九,998,1358,42.359932,57.640068,-15.280136,data/raw/openfun/tw.gov.cec~txn~candidates-votes/2002/李應元-village-votes-page-1.json;data/raw/openfun/tw.gov.cec~txn~candidates-votes/2002/馬英九-village-votes-page-1.json,matched,exact-district-li-name; exact-district-li-name
2002,士林區,德華里,德華里,李應元,馬英九,1394,1739,44.494095,55.505905,-11.011810,data/raw/openfun/tw.gov.cec~txn~candidates-votes/2002/李應元-village-votes-page-1.json;data/raw/openfun/tw.gov.cec~txn~candidates-votes/2002/李應元-village-votes-page-2.json;data/raw/openfun/tw.gov.cec~txn~candidates-votes/2002/馬英九-village-votes-page-1.json;data/raw/openfun/tw.gov.cec~txn~candidates-votes/2002/馬英九-village-votes-page-2.json,matched,exact-district-li-name; exact-district-li-name
2002,士林區,臨溪里,臨溪里,李應元,馬英九,576,1023,36.022514,63.977486,-27.954972,data/raw/openfun/tw.gov.cec~txn~candidates-votes/2002/李應元-village-votes-page-2.json;data/raw/openfun/tw.gov.cec~txn~candidates-votes/2002/馬英九-village-votes-page-2.json,matched,exact-district-li-name; exact-district-li-name
2002,士林區,舊佳里,舊佳里,李應元,馬英九,1687,2189,43.524252,56.475748,-12.951496,data/raw/openfun/tw.gov.cec~txn~candidates-votes/2002/李應元-village-votes-page-1.json;data/raw/openfun/tw.gov.cec~txn~candidates-votes/2002/馬英九-village-votes-page-1.json,matched,exact-district-li-name; exact-district-li-name
2002,士林區,蘭雅里,蘭雅里,李應元,馬英九,1816,2818,39.188606,60.811394,-21.622788,data/raw/openfun/tw.gov.cec~txn~candidates-votes/2002/李應元-village-votes-page-2.json;data/raw/openfun/tw.gov.cec~txn~candidates-votes/2002/馬英九-village-votes-page-2.json,matched,exact-district-li-name; exact-district-li-name
2002,士林區,蘭興里,蘭興里,李應元,馬英九,1552,1995,43.755286,56.244714,-12.489428,data/raw/openfun/tw.gov.cec~txn~candidates-votes/2002/李應元-village-votes-page-2.json;data/raw/openfun/tw.gov.cec~txn~candidates-votes/2002/馬英九-village-votes-page-2.json,matched,exact-district-li-name; exact-district-li-name
2002,大同區,大有里,大有里,李應元,馬英九,1433,1428,50.087382,49.912618,0.174764,data/raw/openfun/tw.gov.cec~txn~candidates-votes/2002/李應元-village-votes-page-4.json;data/raw/openfun/tw.gov.cec~txn~candidates-votes/2002/馬英九-village-votes-page-4.json,matched,exact-district-li-name; exact-district-li-name
2002,大同區,民權里,民權里,李應元,馬英九,1469,2050,41.744814,58.255186,-16.510372,data/raw/openfun/tw.gov.cec~txn~candidates-votes/2002/李應元-village-votes-page-4.json;data/raw/openfun/tw.gov.cec~txn~candidates-votes/2002/馬英九-village-votes-page-4.json,matched,exact-district-li-name; exact-district-li-name
2002,大同區,永樂里,永樂里,李應元,馬英九,1474,1451,50.393162,49.606838,0.786325,data/raw/openfun/tw.gov.cec~txn~candidates-votes/2002/李應元-village-votes-page-4.json;data/raw/openfun/tw.gov.cec~txn~candidates-votes/2002/馬英九-village-votes-page-4.json,matched,exact-district-li-name; exact-district-li-name
2002,大同區,玉泉里,玉泉里,李應元,馬英九,775,1090,41.554960,58.445040,-16.890080,data/raw/openfun/tw.gov.cec~txn~candidates-votes/2002/李應元-village-votes-page-4.json;data/raw/openfun/tw.gov.cec~txn~candidates-votes/2002/馬英九-village-votes-page-4.json,matched,exact-district-li-name; exact-district-li-name
2002,大同區,光能里,光能里,李應元,馬英九,1477,1524,49.216928,50.783072,-1.566145,data/raw/openfun/tw.gov.cec~txn~candidates-votes/2002/李應元-village-votes-page-4.json;data/raw/openfun/tw.gov.cec~txn~candidates-votes/2002/馬英九-village-votes-page-4.json,matched,exact-district-li-name; exact-district-li-name
2002,大同區,老師里,老師里,李應元,馬英九,1659,1658,50.015074,49.984926,0.030148,data/raw/openfun/tw.gov.cec~txn~candidates-votes/2002/李應元-village-votes-page-5.json;data/raw/openfun/tw.gov.cec~txn~candidates-votes/2002/馬英九-village-votes-page-5.json,matched,exact-district-li-name; exact-district-li-name
2002,大同區,至聖里,至聖里,李應元,馬英九,2201,2299,48.911111,51.088889,-2.177778,data/raw/openfun/tw.gov.cec~txn~candidates-votes/2002/李應元-village-votes-page-4.json;data/raw/openfun/tw.gov.cec~txn~candidates-votes/2002/馬英九-village-votes-page-4.json,matched,exact-district-li-name; exact-district-li-name
2002,大同區,延平里,延平里,李應元,馬英九,932,1180,44.128788,55.871212,-11.742424,data/raw/openfun/tw.gov.cec~txn~candidates-votes/2002/李應元-village-votes-page-4.json;data/raw/openfun/tw.gov.cec~txn~candidates-votes/2002/馬英九-village-votes-page-4.json,matched,exact-district-li-name; exact-district-li-name
2002,大同區,保安里,保安里,李應元,馬英九,1365,1224,52.723059,47.276941,5.446118,data/raw/openfun/tw.gov.cec~txn~candidates-votes/2002/李應元-village-votes-page-5.json;data/raw/openfun/tw.gov.cec~txn~candidates-votes/2002/馬英九-village-votes-page-5.json,matched,exact-district-li-name; exact-district-li-name
2002,大同區,南芳里,南芳里,李應元,馬英九,1018,1146,47.042514,52.957486,-5.914972,data/raw/openfun/tw.gov.cec~txn~candidates-votes/2002/李應元-village-votes-page-4.json;data/raw/openfun/tw.gov.cec~txn~candidates-votes/2002/馬英九-village-votes-page-4.json,matched,exact-district-li-name; exact-district-li-name
2002,大同區,建功里,建功里,李應元,馬英九,1241,1386,47.240198,52.759802,-5.519604,data/raw/openfun/tw.gov.cec~txn~candidates-votes/2002/李應元-village-votes-page-4.json;data/raw/openfun/tw.gov.cec~txn~candidates-votes/2002/馬英九-village-votes-page-4.json,matched,exact-district-li-name; exact-district-li-name
2002,大同區,建明里,建明里,李應元,馬英九,957,937,50.527983,49.472017,1.055966,data/raw/openfun/tw.gov.cec~txn~candidates-votes/2002/李應元-village-votes-page-4.json;data/raw/openfun/tw.gov.cec~txn~candidates-votes/2002/馬英九-village-votes-page-4.json,matched,exact-district-li-name; exact-district-li-name
2002,大同區,建泰里,建泰里,李應元,馬英九,1029,991,50.940594,49.059406,1.881188,data/raw/openfun/tw.gov.cec~txn~candidates-votes/2002/李應元-village-votes-page-4.json;data/raw/openfun/tw.gov.cec~txn~candidates-votes/2002/馬英九-village-votes-page-4.json,matched,exact-district-li-name; exact-district-li-name
2002,大同區,星明里,星明里,李應元,馬英九,1182,1435,45.166221,54.833779,-9.667558,data/raw/openfun/tw.gov.cec~txn~candidates-votes/2002/李應元-village-votes-page-4.json;data/raw/openfun/tw.gov.cec~txn~candidates-votes/2002/馬英九-village-votes-page-4.json,matched,exact-district-li-name; exact-district-li-name
2002,大同區,重慶里,重慶里,李應元,馬英九,1504,1864,44.655582,55.344418,-10.688836,data/raw/openfun/tw.gov.cec~txn~candidates-votes/2002/李應元-village-votes-page-5.json;data/raw/openfun/tw.gov.cec~txn~candidates-votes/2002/馬英九-village-votes-page-5.json,matched,exact-district-li-name; exact-district-li-name
2002,大同區,國順里,國順里,李應元,馬英九,1027,778,56.897507,43.102493,13.795014,data/raw/openfun/tw.gov.cec~txn~candidates-votes/2002/李應元-village-votes-page-4.json;data/raw/openfun/tw.gov.cec~txn~candidates-votes/2002/馬英九-village-votes-page-4.json,matched,exact-district-li-name; exact-district-li-name
2002,大同區,國慶里,國慶里,李應元,馬英九,1040,1125,48.036952,51.963048,-3.926097,data/raw/openfun/tw.gov.cec~txn~candidates-votes/2002/李應元-village-votes-page-4.json;data/raw/openfun/tw.gov.cec~txn~candidates-votes/2002/馬英九-village-votes-page-4.json,matched,exact-district-li-name; exact-district-li-name
2002,大同區,揚雅里,揚雅里,李應元,馬英九,967,909,51.545842,48.454158,3.091684,data/raw/openfun/tw.gov.cec~txn~candidates-votes/2002/李應元-village-votes-page-4.json;data/raw/openfun/tw.gov.cec~txn~candidates-votes/2002/馬英九-village-votes-page-4.json,matched,exact-district-li-name; exact-district-li-name
2002,大同區,斯文里,斯文里,李應元,馬英九,1597,1561,50.569981,49.430019,1.139962,data/raw/openfun/tw.gov.cec~txn~candidates-votes/2002/李應元-village-votes-page-4.json;data/raw/openfun/tw.gov.cec~txn~candidates-votes/2002/馬英九-village-votes-page-4.json,matched,exact-district-li-name; exact-district-li-name
2002,大同區,景星里,景星里,李應元,馬英九,831,823,50.241838,49.758162,0.483676,data/raw/openfun/tw.gov.cec~txn~candidates-votes/2002/李應元-village-votes-page-4.json;data/raw/openfun/tw.gov.cec~txn~candidates-votes/2002/馬英九-village-votes-page-4.json,matched,exact-district-li-name; exact-district-li-name
2002,大同區,朝陽里,朝陽里,李應元,馬英九,1027,1133,47.546296,52.453704,-4.907407,data/raw/openfun/tw.gov.cec~txn~candidates-votes/2002/李應元-village-votes-page-4.json;data/raw/openfun/tw.gov.cec~txn~candidates-votes/2002/馬英九-village-votes-page-4.json,matched,exact-district-li-name; exact-district-li-name
2002,大同區,隆和里,隆和里,李應元,馬英九,980,894,52.294557,47.705443,4.589114,data/raw/openfun/tw.gov.cec~txn~candidates-votes/2002/李應元-village-votes-page-4.json;data/raw/openfun/tw.gov.cec~txn~candidates-votes/2002/馬英九-village-votes-page-4.json,matched,exact-district-li-name; exact-district-li-name
2002,大同區,蓬萊里,蓬萊里,李應元,馬英九,1304,1351,49.114878,50.885122,-1.770245,data/raw/openfun/tw.gov.cec~txn~candidates-votes/2002/李應元-village-votes-page-4.json;data/raw/openfun/tw.gov.cec~txn~candidates-votes/2002/馬英九-village-votes-page-4.json,matched,exact-district-li-name; exact-district-li-name
2002,大同區,鄰江里,鄰江里,李應元,馬英九,1931,1791,51.880709,48.119291,3.761419,data/raw/openfun/tw.gov.cec~txn~candidates-votes/2002/李應元-village-votes-page-4.json;data/raw/openfun/tw.gov.cec~txn~candidates-votes/2002/馬英九-village-votes-page-4.json,matched,exact-district-li-name; exact-district-li-name
2002,大同區,雙連里,雙連里,李應元,馬英九,2492,2705,47.950741,52.049259,-4.098518,data/raw/openfun/tw.gov.cec~txn~candidates-votes/2002/李應元-village-votes-page-4.json;data/raw/openfun/tw.gov.cec~txn~candidates-votes/2002/馬英九-village-votes-page-4.json,matched,exact-district-li-name; exact-district-li-name
2002,大安區,大學里,大學里,李應元,馬英九,1334,2934,31.255858,68.744142,-37.488285,data/raw/openfun/tw.gov.cec~txn~candidates-votes/2002/李應元-village-votes-page-6.json;data/raw/openfun/tw.gov.cec~txn~candidates-votes/2002/馬英九-village-votes-page-6.json,matched,exact-district-li-name; exact-district-li-name
2002,大安區,仁愛里,仁愛里,李應元,馬英九,989,1817,35.245902,64.754098,-29.508197,data/raw/openfun/tw.gov.cec~txn~candidates-votes/2002/李應元-village-votes-page-6.json;data/raw/openfun/tw.gov.cec~txn~candidates-votes/2002/馬英九-village-votes-page-6.json,matched,exact-district-li-name; exact-district-li-name
2002,大安區,仁慈里,仁慈里,李應元,馬英九,897,1711,34.394172,65.605828,-31.211656,data/raw/openfun/tw.gov.cec~txn~candidates-votes/2002/李應元-village-votes-page-5.json;data/raw/openfun/tw.gov.cec~txn~candidates-votes/2002/馬英九-village-votes-page-5.json,matched,exact-district-li-name; exact-district-li-name
2002,大安區,古風里,古風里,李應元,馬英九,745,1510,33.037694,66.962306,-33.924612,data/raw/openfun/tw.gov.cec~txn~candidates-votes/2002/李應元-village-votes-page-6.json;data/raw/openfun/tw.gov.cec~txn~candidates-votes/2002/馬英九-village-votes-page-6.json,matched,exact-district-li-name; exact-district-li-name
2002,大安區,古莊里,古莊里,李應元,馬英九,1150,2344,32.913566,67.086434,-34.172868,data/raw/openfun/tw.gov.cec~txn~candidates-votes/2002/李應元-village-votes-page-6.json;data/raw/openfun/tw.gov.cec~txn~candidates-votes/2002/馬英九-village-votes-page-6.json,matched,exact-district-li-name; exact-district-li-name
2002,大安區,正聲里,正聲里,李應元,馬英九,733,1813,28.790259,71.209741,-42.419482,data/raw/openfun/tw.gov.cec~txn~candidates-votes/2002/李應元-village-votes-page-6.json;data/raw/openfun/tw.gov.cec~txn~candidates-votes/2002/馬英九-village-votes-page-6.json,matched,exact-district-li-name; exact-district-li-name
2002,大安區,民炤里,民炤里,李應元,馬英九,1572,2629,37.419662,62.580338,-25.160676,data/raw/openfun/tw.gov.cec~txn~candidates-votes/2002/李應元-village-votes-page-6.json;data/raw/openfun/tw.gov.cec~txn~candidates-votes/2002/馬英九-village-votes-page-6.json,matched,exact-district-li-name; exact-district-li-name
2002,大安區,民輝里,民輝里,李應元,馬英九,1256,2273,35.590819,64.409181,-28.818362,data/raw/openfun/tw.gov.cec~txn~candidates-votes/2002/李應元-village-votes-page-6.json;data/raw/openfun/tw.gov.cec~txn~candidates-votes/2002/馬英九-village-votes-page-6.json,matched,exact-district-li-name; exact-district-li-name
2002,大安區,永康里,永康里,李應元,馬英九,592,1270,31.793770,68.206230,-36.412460,data/raw/openfun/tw.gov.cec~txn~candidates-votes/2002/李應元-village-votes-page-6.json;data/raw/openfun/tw.gov.cec~txn~candidates-votes/2002/馬英九-village-votes-page-6.json,matched,exact-district-li-name; exact-district-li-name
2002,大安區,光明里,光明里,李應元,馬英九,623,1431,30.331061,69.668939,-39.337877,data/raw/openfun/tw.gov.cec~txn~candidates-votes/2002/李應元-village-votes-page-6.json;data/raw/openfun/tw.gov.cec~txn~candidates-votes/2002/馬英九-village-votes-page-6.json,matched,exact-district-li-name; exact-district-li-name
2002,大安區,光武里,光武里,李應元,馬英九,1398,2686,34.231146,65.768854,-31.537708,data/raw/openfun/tw.gov.cec~txn~candidates-votes/2002/李應元-village-votes-page-6.json;data/raw/openfun/tw.gov.cec~txn~candidates-votes/2002/馬英九-village-votes-page-6.json,matched,exact-district-li-name; exact-district-li-name
2002,大安區,光信里,光信里,李應元,馬英九,1482,2942,33.499096,66.500904,-33.001808,data/raw/openfun/tw.gov.cec~txn~candidates-votes/2002/李應元-village-votes-page-6.json;data/raw/openfun/tw.gov.cec~txn~candidates-votes/2002/馬英九-village-votes-page-6.json,matched,exact-district-li-name; exact-district-li-name
2002,大安區,全安里,全安里,李應元,馬英九,745,1615,31.567797,68.432203,-36.864407,data/raw/openfun/tw.gov.cec~txn~candidates-votes/2002/李應元-village-votes-page-6.json;data/raw/openfun/tw.gov.cec~txn~candidates-votes/2002/馬英九-village-votes-page-6.json,matched,exact-district-li-name; exact-district-li-name
2002,大安區,住安里,住安里,李應元,馬英九,922,2056,30.960376,69.039624,-38.079248,data/raw/openfun/tw.gov.cec~txn~candidates-votes/2002/李應元-village-votes-page-6.json;data/raw/openfun/tw.gov.cec~txn~candidates-votes/2002/馬英九-village-votes-page-6.json,matched,exact-district-li-name; exact-district-li-name
2002,大安區,車層里,車層里,李應元,馬英九,1314,2315,36.208322,63.791678,-27.583356,data/raw/openfun/tw.gov.cec~txn~candidates-votes/2002/李應元-village-votes-page-6.json;data/raw/openfun/tw.gov.cec~txn~candidates-votes/2002/馬英九-village-votes-page-6.json,matched,exact-district-li-name; exact-district-li-name
2002,大安區,和安里,和安里,李應元,馬英九,982,2396,29.070456,70.929544,-41.859088,data/raw/openfun/tw.gov.cec~txn~candidates-votes/2002/李應元-village-votes-page-5.json;data/raw/openfun/tw.gov.cec~txn~candidates-votes/2002/李應元-village-votes-page-6.json;data/raw/openfun/tw.gov.cec~txn~candidates-votes/2002/馬英九-village-votes-page-5.json;data/raw/openfun/tw.gov.cec~txn~candidates-votes/2002/馬英九-village-votes-page-6.json,matched,exact-district-li-name; exact-district-li-name
2002,大安區,昌隆里,昌隆里,李應元,馬英九,763,1132,40.263852,59.736148,-19.472296,data/raw/openfun/tw.gov.cec~txn~candidates-votes/2002/李應元-village-votes-page-6.json;data/raw/openfun/tw.gov.cec~txn~candidates-votes/2002/馬英九-village-votes-page-6.json,matched,exact-district-li-name; exact-district-li-name
2002,大安區,法治里,法治里,李應元,馬英九,683,1817,27.320000,72.680000,-45.360000,data/raw/openfun/tw.gov.cec~txn~candidates-votes/2002/李應元-village-votes-page-6.json;data/raw/openfun/tw.gov.cec~txn~candidates-votes/2002/馬英九-village-votes-page-6.json,matched,exact-district-li-name; exact-district-li-name
2002,大安區,臥龍里,臥龍里,李應元,馬英九,407,1261,24.400480,75.599520,-51.199041,data/raw/openfun/tw.gov.cec~txn~candidates-votes/2002/李應元-village-votes-page-6.json;data/raw/openfun/tw.gov.cec~txn~candidates-votes/2002/馬英九-village-votes-page-6.json,matched,exact-district-li-name; exact-district-li-name
2002,大安區,芳和里,芳和里,李應元,馬英九,1032,2514,29.103215,70.896785,-41.793570,data/raw/openfun/tw.gov.cec~txn~candidates-votes/2002/李應元-village-votes-page-6.json;data/raw/openfun/tw.gov.cec~txn~candidates-votes/2002/馬英九-village-votes-page-6.json,matched,exact-district-li-name; exact-district-li-name
2002,大安區,虎嘯里,虎嘯里,李應元,馬英九,506,1280,28.331467,71.668533,-43.337066,data/raw/openfun/tw.gov.cec~txn~candidates-votes/2002/李應元-village-votes-page-6.json;data/raw/openfun/tw.gov.cec~txn~candidates-votes/2002/馬英九-village-votes-page-6.json,matched,exact-district-li-name; exact-district-li-name
2002,大安區,建安里,建安里,李應元,馬英九,798,1805,30.656934,69.343066,-38.686131,data/raw/openfun/tw.gov.cec~txn~candidates-votes/2002/李應元-village-votes-page-6.json;data/raw/openfun/tw.gov.cec~txn~candidates-votes/2002/馬英九-village-votes-page-6.json,matched,exact-district-li-name; exact-district-li-name
2002,大安區,建倫里,建倫里,李應元,馬英九,1009,2084,32.622050,67.377950,-34.755900,data/raw/openfun/tw.gov.cec~txn~candidates-votes/2002/李應元-village-votes-page-6.json;data/raw/openfun/tw.gov.cec~txn~candidates-votes/2002/馬英九-village-votes-page-6.json,matched,exact-district-li-name; exact-district-li-name
2002,大安區,通化里,通化里,李應元,馬英九,1422,2066,40.768349,59.231651,-18.463303,data/raw/openfun/tw.gov.cec~txn~candidates-votes/2002/李應元-village-votes-page-6.json;data/raw/openfun/tw.gov.cec~txn~candidates-votes/2002/馬英九-village-votes-page-6.json,matched,exact-district-li-name; exact-district-li-name
2002,大安區,通安里,通安里,李應元,馬英九,1090,2191,33.221579,66.778421,-33.556842,data/raw/openfun/tw.gov.cec~txn~candidates-votes/2002/李應元-village-votes-page-6.json;data/raw/openfun/tw.gov.cec~txn~candidates-votes/2002/馬英九-village-votes-page-6.json,matched,exact-district-li-name; exact-district-li-name
2002,大安區,敦安里,敦安里,李應元,馬英九,1171,2161,35.144058,64.855942,-29.711885,data/raw/openfun/tw.gov.cec~txn~candidates-votes/2002/李應元-village-votes-page-6.json;data/raw/openfun/tw.gov.cec~txn~candidates-votes/2002/馬英九-village-votes-page-6.json,matched,exact-district-li-name; exact-district-li-name
2002,大安區,敦煌里,敦煌里,李應元,馬英九,1094,2083,34.435002,65.564998,-31.129997,data/raw/openfun/tw.gov.cec~txn~candidates-votes/2002/李應元-village-votes-page-6.json;data/raw/openfun/tw.gov.cec~txn~candidates-votes/2002/馬英九-village-votes-page-6.json,matched,exact-district-li-name; exact-district-li-name
2002,大安區,華聲里,華聲里,李應元,馬英九,710,1639,30.225628,69.774372,-39.548744,data/raw/openfun/tw.gov.cec~txn~candidates-votes/2002/李應元-village-votes-page-6.json;data/raw/openfun/tw.gov.cec~txn~candidates-votes/2002/馬英九-village-votes-page-6.json,matched,exact-district-li-name; exact-district-li-name
2002,大安區,新龍里,新龍里,李應元,馬英九,717,2911,19.762955,80.237045,-60.474090,data/raw/openfun/tw.gov.cec~txn~candidates-votes/2002/李應元-village-votes-page-6.json;data/raw/openfun/tw.gov.cec~txn~candidates-votes/2002/馬英九-village-votes-page-6.json,matched,exact-district-li-name; exact-district-li-name
2002,大安區,群英里,群英里,李應元,馬英九,713,3636,16.394573,83.605427,-67.210853,data/raw/openfun/tw.gov.cec~txn~candidates-votes/2002/李應元-village-votes-page-6.json;data/raw/openfun/tw.gov.cec~txn~candidates-votes/2002/馬英九-village-votes-page-6.json,matched,exact-district-li-name; exact-district-li-name
2002,大安區,群賢里,群賢里,李應元,馬英九,928,2425,27.676707,72.323293,-44.646585,data/raw/openfun/tw.gov.cec~txn~candidates-votes/2002/李應元-village-votes-page-6.json;data/raw/openfun/tw.gov.cec~txn~candidates-votes/2002/馬英九-village-votes-page-6.json,matched,exact-district-li-name; exact-district-li-name
2002,大安區,義安里,義安里,李應元,馬英九,865,2114,29.036589,70.963411,-41.926821,data/raw/openfun/tw.gov.cec~txn~candidates-votes/2002/李應元-village-votes-page-6.json;data/raw/openfun/tw.gov.cec~txn~candidates-votes/2002/馬英九-village-votes-page-6.json,matched,exact-district-li-name; exact-district-li-name
2002,大安區,義村里,義村里,李應元,馬英九,737,3076,19.328613,80.671387,-61.342775,data/raw/openfun/tw.gov.cec~txn~candidates-votes/2002/李應元-village-votes-page-6.json;data/raw/openfun/tw.gov.cec~txn~candidates-votes/2002/馬英九-village-votes-page-6.json,matched,exact-district-li-name; exact-district-li-name
2002,大安區,誠安里,誠安里,李應元,馬英九,925,1552,37.343561,62.656439,-25.312878,data/raw/openfun/tw.gov.cec~txn~candidates-votes/2002/李應元-village-votes-page-6.json;data/raw/openfun/tw.gov.cec~txn~candidates-votes/2002/馬英九-village-votes-page-6.json,matched,exact-district-li-name; exact-district-li-name
2002,大安區,福住里,福住里,李應元,馬英九,996,2025,32.969215,67.030785,-34.061569,data/raw/openfun/tw.gov.cec~txn~candidates-votes/2002/李應元-village-votes-page-6.json;data/raw/openfun/tw.gov.cec~txn~candidates-votes/2002/馬英九-village-votes-page-6.json,matched,exact-district-li-name; exact-district-li-name
2002,大安區,德安里,德安里,李應元,馬英九,932,2148,30.259740,69.740260,-39.480519,data/raw/openfun/tw.gov.cec~txn~candidates-votes/2002/李應元-village-votes-page-5.json;data/raw/openfun/tw.gov.cec~txn~candidates-votes/2002/馬英九-village-votes-page-5.json,matched,exact-district-li-name; exact-district-li-name
2002,大安區,黎元里,黎元里,李應元,馬英九,993,2235,30.762082,69.237918,-38.475836,data/raw/openfun/tw.gov.cec~txn~candidates-votes/2002/李應元-village-votes-page-6.json;data/raw/openfun/tw.gov.cec~txn~candidates-votes/2002/馬英九-village-votes-page-6.json,matched,exact-district-li-name; exact-district-li-name
2002,大安區,黎孝里,黎孝里,李應元,馬英九,1334,3080,30.222021,69.777979,-39.555958,data/raw/openfun/tw.gov.cec~txn~candidates-votes/2002/李應元-village-votes-page-6.json;data/raw/openfun/tw.gov.cec~txn~candidates-votes/2002/馬英九-village-votes-page-6.json,matched,exact-district-li-name; exact-district-li-name
2002,大安區,黎和里,黎和里,李應元,馬英九,653,1781,26.828266,73.171734,-46.343468,data/raw/openfun/tw.gov.cec~txn~candidates-votes/2002/李應元-village-votes-page-6.json;data/raw/openfun/tw.gov.cec~txn~candidates-votes/2002/馬英九-village-votes-page-6.json,matched,exact-district-li-name; exact-district-li-name
2002,大安區,學府里,學府里,李應元,馬英九,627,1685,27.119377,72.880623,-45.761246,data/raw/openfun/tw.gov.cec~txn~candidates-votes/2002/李應元-village-votes-page-6.json;data/raw/openfun/tw.gov.cec~txn~candidates-votes/2002/馬英九-village-votes-page-6.json,matched,exact-district-li-name; exact-district-li-name
2002,大安區,錦安里,錦安里,李應元,馬英九,818,1915,29.930479,70.069521,-40.139041,data/raw/openfun/tw.gov.cec~txn~candidates-votes/2002/李應元-village-votes-page-6.json;data/raw/openfun/tw.gov.cec~txn~candidates-votes/2002/馬英九-village-votes-page-6.json,matched,exact-district-li-name; exact-district-li-name
2002,大安區,錦泰里,錦泰里,李應元,馬英九,676,2208,23.439667,76.560333,-53.120666,data/raw/openfun/tw.gov.cec~txn~candidates-votes/2002/李應元-village-votes-page-6.json;data/raw/openfun/tw.gov.cec~txn~candidates-votes/2002/馬英九-village-votes-page-6.json,matched,exact-district-li-name; exact-district-li-name
2002,大安區,錦華里,錦華里,李應元,馬英九,896,2030,30.622010,69.377990,-38.755981,data/raw/openfun/tw.gov.cec~txn~candidates-votes/2002/李應元-village-votes-page-6.json;data/raw/openfun/tw.gov.cec~txn~candidates-votes/2002/馬英九-village-votes-page-6.json,matched,exact-district-li-name; exact-district-li-name
2002,大安區,龍生里,龍生里,李應元,馬英九,959,2436,28.247423,71.752577,-43.505155,data/raw/openfun/tw.gov.cec~txn~candidates-votes/2002/李應元-village-votes-page-6.json;data/raw/openfun/tw.gov.cec~txn~candidates-votes/2002/馬英九-village-votes-page-6.json,matched,exact-district-li-name; exact-district-li-name
2002,大安區,龍安里,龍安里,李應元,馬英九,1008,2056,32.898172,67.101828,-34.203655,data/raw/openfun/tw.gov.cec~txn~candidates-votes/2002/李應元-village-votes-page-6.json;data/raw/openfun/tw.gov.cec~txn~candidates-votes/2002/馬英九-village-votes-page-6.json,matched,exact-district-li-name; exact-district-li-name
2002,大安區,龍坡里,龍坡里,李應元,馬英九,1220,1940,38.607595,61.392405,-22.784810,data/raw/openfun/tw.gov.cec~txn~candidates-votes/2002/李應元-village-votes-page-6.json;data/raw/openfun/tw.gov.cec~txn~candidates-votes/2002/馬英九-village-votes-page-6.json,matched,exact-district-li-name; exact-district-li-name
2002,大安區,龍門里,龍門里,李應元,馬英九,718,1430,33.426443,66.573557,-33.147114,data/raw/openfun/tw.gov.cec~txn~candidates-votes/2002/李應元-village-votes-page-6.json;data/raw/openfun/tw.gov.cec~txn~candidates-votes/2002/馬英九-village-votes-page-6.json,matched,exact-district-li-name; exact-district-li-name
2002,大安區,龍泉里,龍泉里,李應元,馬英九,847,1599,34.627964,65.372036,-30.744072,data/raw/openfun/tw.gov.cec~txn~candidates-votes/2002/李應元-village-votes-page-6.json;data/raw/openfun/tw.gov.cec~txn~candidates-votes/2002/馬英九-village-votes-page-6.json,matched,exact-district-li-name; exact-district-li-name
2002,大安區,龍陣里,龍陣里,李應元,馬英九,614,1405,30.411095,69.588905,-39.177811,data/raw/openfun/tw.gov.cec~txn~candidates-votes/2002/李應元-village-votes-page-6.json;data/raw/openfun/tw.gov.cec~txn~candidates-votes/2002/馬英九-village-votes-page-6.json,matched,exact-district-li-name; exact-district-li-name
2002,大安區,龍淵里,龍淵里,李應元,馬英九,1476,3330,30.711610,69.288390,-38.576779,data/raw/openfun/tw.gov.cec~txn~candidates-votes/2002/李應元-village-votes-page-6.json;data/raw/openfun/tw.gov.cec~txn~candidates-votes/2002/馬英九-village-votes-page-6.json,matched,exact-district-li-name; exact-district-li-name
2002,大安區,龍雲里,龍雲里,李應元,馬英九,933,1858,33.428879,66.571121,-33.142243,data/raw/openfun/tw.gov.cec~txn~candidates-votes/2002/李應元-village-votes-page-6.json;data/raw/openfun/tw.gov.cec~txn~candidates-votes/2002/馬英九-village-votes-page-6.json,matched,exact-district-li-name; exact-district-li-name
2002,大安區,龍圖里,龍圖里,李應元,馬英九,1089,2561,29.835616,70.164384,-40.328767,data/raw/openfun/tw.gov.cec~txn~candidates-votes/2002/李應元-village-votes-page-6.json;data/raw/openfun/tw.gov.cec~txn~candidates-votes/2002/馬英九-village-votes-page-6.json,matched,exact-district-li-name; exact-district-li-name
2002,大安區,臨江里,臨江里,李應元,馬英九,884,1628,35.191083,64.808917,-29.617834,data/raw/openfun/tw.gov.cec~txn~candidates-votes/2002/李應元-village-votes-page-6.json;data/raw/openfun/tw.gov.cec~txn~candidates-votes/2002/馬英九-village-votes-page-6.json,matched,exact-district-li-name; exact-district-li-name
2002,中山區,力行里,力行里,李應元,馬英九,1499,1781,45.701220,54.298780,-8.597561,data/raw/openfun/tw.gov.cec~txn~candidates-votes/2002/李應元-village-votes-page-4.json;data/raw/openfun/tw.gov.cec~txn~candidates-votes/2002/馬英九-village-votes-page-4.json,matched,exact-district-li-name; exact-district-li-name
2002,中山區,下埤里,下埤里,李應元,馬英九,1687,2399,41.287323,58.712677,-17.425355,data/raw/openfun/tw.gov.cec~txn~candidates-votes/2002/李應元-village-votes-page-4.json;data/raw/openfun/tw.gov.cec~txn~candidates-votes/2002/馬英九-village-votes-page-4.json,matched,exact-district-li-name; exact-district-li-name
2002,中山區,大佳里,大佳里,李應元,馬英九,397,322,55.215577,44.784423,10.431154,data/raw/openfun/tw.gov.cec~txn~candidates-votes/2002/李應元-village-votes-page-4.json;data/raw/openfun/tw.gov.cec~txn~candidates-votes/2002/馬英九-village-votes-page-4.json,matched,exact-district-li-name; exact-district-li-name
2002,中山區,大直里,大直里,李應元,馬英九,1810,3646,33.174487,66.825513,-33.651026,data/raw/openfun/tw.gov.cec~txn~candidates-votes/2002/李應元-village-votes-page-4.json;data/raw/openfun/tw.gov.cec~txn~candidates-votes/2002/馬英九-village-votes-page-4.json,matched,exact-district-li-name; exact-district-li-name
2002,中山區,中山里,中山里,李應元,馬英九,1092,1734,38.641189,61.358811,-22.717622,data/raw/openfun/tw.gov.cec~txn~candidates-votes/2002/李應元-village-votes-page-4.json;data/raw/openfun/tw.gov.cec~txn~candidates-votes/2002/馬英九-village-votes-page-4.json,matched,exact-district-li-name; exact-district-li-name
2002,中山區,中央里,中央里,李應元,馬英九,784,1225,39.024390,60.975610,-21.951220,data/raw/openfun/tw.gov.cec~txn~candidates-votes/2002/李應元-village-votes-page-4.json;data/raw/openfun/tw.gov.cec~txn~candidates-votes/2002/馬英九-village-votes-page-4.json,matched,exact-district-li-name; exact-district-li-name
2002,中山區,中吉里,中吉里,李應元,馬英九,1379,1499,47.915219,52.084781,-4.169562,data/raw/openfun/tw.gov.cec~txn~candidates-votes/2002/李應元-village-votes-page-4.json;data/raw/openfun/tw.gov.cec~txn~candidates-votes/2002/馬英九-village-votes-page-4.json,matched,exact-district-li-name; exact-district-li-name
2002,中山區,中庄里,中庄里,李應元,馬英九,1441,1601,47.370151,52.629849,-5.259698,data/raw/openfun/tw.gov.cec~txn~candidates-votes/2002/李應元-village-votes-page-4.json;data/raw/openfun/tw.gov.cec~txn~candidates-votes/2002/馬英九-village-votes-page-4.json,matched,exact-district-li-name; exact-district-li-name
2002,中山區,中原里,中原里,李應元,馬英九,1143,1402,44.911591,55.088409,-10.176817,data/raw/openfun/tw.gov.cec~txn~candidates-votes/2002/李應元-village-votes-page-4.json;data/raw/openfun/tw.gov.cec~txn~candidates-votes/2002/馬英九-village-votes-page-4.json,matched,exact-district-li-name; exact-district-li-name
2002,中山區,北安里,北安里,李應元,馬英九,443,1314,25.213432,74.786568,-49.573136,data/raw/openfun/tw.gov.cec~txn~candidates-votes/2002/李應元-village-votes-page-4.json;data/raw/openfun/tw.gov.cec~txn~candidates-votes/2002/馬英九-village-votes-page-4.json,matched,exact-district-li-name; exact-district-li-name
2002,中山區,正守里,正守里,李應元,馬英九,705,979,41.864608,58.135392,-16.270784,data/raw/openfun/tw.gov.cec~txn~candidates-votes/2002/李應元-village-votes-page-4.json;data/raw/openfun/tw.gov.cec~txn~candidates-votes/2002/馬英九-village-votes-page-4.json,matched,exact-district-li-name; exact-district-li-name
2002,中山區,正得里,正得里,李應元,馬英九,606,1006,37.593052,62.406948,-24.813896,data/raw/openfun/tw.gov.cec~txn~candidates-votes/2002/李應元-village-votes-page-4.json;data/raw/openfun/tw.gov.cec~txn~candidates-votes/2002/馬英九-village-votes-page-4.json,matched,exact-district-li-name; exact-district-li-name
2002,中山區,正義里,正義里,李應元,馬英九,821,1488,35.556518,64.443482,-28.886964,data/raw/openfun/tw.gov.cec~txn~candidates-votes/2002/李應元-village-votes-page-4.json;data/raw/openfun/tw.gov.cec~txn~candidates-votes/2002/馬英九-village-votes-page-4.json,matched,exact-district-li-name; exact-district-li-name
2002,中山區,民安里,民安里,李應元,馬英九,1224,1560,43.965517,56.034483,-12.068966,data/raw/openfun/tw.gov.cec~txn~candidates-votes/2002/李應元-village-votes-page-4.json;data/raw/openfun/tw.gov.cec~txn~candidates-votes/2002/馬英九-village-votes-page-4.json,matched,exact-district-li-name; exact-district-li-name
2002,中山區,永安里,永安里,李應元,馬英九,1663,2894,36.493307,63.506693,-27.013386,data/raw/openfun/tw.gov.cec~txn~candidates-votes/2002/李應元-village-votes-page-4.json;data/raw/openfun/tw.gov.cec~txn~candidates-votes/2002/馬英九-village-votes-page-4.json,matched,exact-district-li-name; exact-district-li-name
2002,中山區,成功里,成功里,李應元,馬英九,609,993,38.014981,61.985019,-23.970037,data/raw/openfun/tw.gov.cec~txn~candidates-votes/2002/李應元-village-votes-page-4.json;data/raw/openfun/tw.gov.cec~txn~candidates-votes/2002/馬英九-village-votes-page-4.json,matched,exact-district-li-name; exact-district-li-name
2002,中山區,朱崙里,朱崙里,李應元,馬英九,759,964,44.051074,55.948926,-11.897853,data/raw/openfun/tw.gov.cec~txn~candidates-votes/2002/李應元-village-votes-page-4.json;data/raw/openfun/tw.gov.cec~txn~candidates-votes/2002/馬英九-village-votes-page-4.json,matched,exact-district-li-name; exact-district-li-name
2002,中山區,朱園里,朱園里,李應元,馬英九,1058,1389,43.236616,56.763384,-13.526767,data/raw/openfun/tw.gov.cec~txn~candidates-votes/2002/李應元-village-votes-page-4.json;data/raw/openfun/tw.gov.cec~txn~candidates-votes/2002/馬英九-village-votes-page-4.json,matched,exact-district-li-name; exact-district-li-name
2002,中山區,朱馥里,朱馥里,李應元,馬英九,1327,2101,38.710618,61.289382,-22.578763,data/raw/openfun/tw.gov.cec~txn~candidates-votes/2002/李應元-village-votes-page-4.json;data/raw/openfun/tw.gov.cec~txn~candidates-votes/2002/馬英九-village-votes-page-4.json,matched,exact-district-li-name; exact-district-li-name
2002,中山區,江山里,江山里,李應元,馬英九,1874,2346,44.407583,55.592417,-11.184834,data/raw/openfun/tw.gov.cec~txn~candidates-votes/2002/李應元-village-votes-page-4.json;data/raw/openfun/tw.gov.cec~txn~candidates-votes/2002/馬英九-village-votes-page-4.json,matched,exact-district-li-name; exact-district-li-name
2002,中山區,江寧里,江寧里,李應元,馬英九,1417,2264,38.494974,61.505026,-23.010052,data/raw/openfun/tw.gov.cec~txn~candidates-votes/2002/李應元-village-votes-page-4.json;data/raw/openfun/tw.gov.cec~txn~candidates-votes/2002/馬英九-village-votes-page-4.json,matched,exact-district-li-name; exact-district-li-name
2002,中山區,行仁里,行仁里,李應元,馬英九,2037,2665,43.321991,56.678009,-13.356019,data/raw/openfun/tw.gov.cec~txn~candidates-votes/2002/李應元-village-votes-page-4.json;data/raw/openfun/tw.gov.cec~txn~candidates-votes/2002/馬英九-village-votes-page-4.json,matched,exact-district-li-name; exact-district-li-name
2002,中山區,行孝里,行孝里,李應元,馬英九,1023,1386,42.465753,57.534247,-15.068493,data/raw/openfun/tw.gov.cec~txn~candidates-votes/2002/李應元-village-votes-page-4.json;data/raw/openfun/tw.gov.cec~txn~candidates-votes/2002/馬英九-village-votes-page-4.json,matched,exact-district-li-name; exact-district-li-name
2002,中山區,行政里,行政里,李應元,馬英九,1312,1710,43.414957,56.585043,-13.170086,data/raw/openfun/tw.gov.cec~txn~candidates-votes/2002/李應元-village-votes-page-4.json;data/raw/openfun/tw.gov.cec~txn~candidates-votes/2002/馬英九-village-votes-page-4.json,matched,exact-district-li-name; exact-district-li-name
2002,中山區,松江里,松江里,李應元,馬英九,1624,1899,46.097076,53.902924,-7.805847,data/raw/openfun/tw.gov.cec~txn~candidates-votes/2002/李應元-village-votes-page-4.json;data/raw/openfun/tw.gov.cec~txn~candidates-votes/2002/馬英九-village-votes-page-4.json,matched,exact-district-li-name; exact-district-li-name
2002,中山區,金泰里,金泰里,李應元,馬英九,811,1287,38.655863,61.344137,-22.688275,data/raw/openfun/tw.gov.cec~txn~candidates-votes/2002/李應元-village-votes-page-4.json;data/raw/openfun/tw.gov.cec~txn~candidates-votes/2002/馬英九-village-votes-page-4.json,matched,exact-district-li-name; exact-district-li-name
2002,中山區,恆安里,恆安里,李應元,馬英九,705,1016,40.964555,59.035445,-18.070889,data/raw/openfun/tw.gov.cec~txn~candidates-votes/2002/李應元-village-votes-page-4.json;data/raw/openfun/tw.gov.cec~txn~candidates-votes/2002/馬英九-village-votes-page-4.json,matched,exact-district-li-name; exact-district-li-name
2002,中山區,埤頭里,埤頭里,李應元,馬英九,845,1494,36.126550,63.873450,-27.746900,data/raw/openfun/tw.gov.cec~txn~candidates-votes/2002/李應元-village-votes-page-4.json;data/raw/openfun/tw.gov.cec~txn~candidates-votes/2002/馬英九-village-votes-page-4.json,matched,exact-district-li-name; exact-district-li-name
2002,中山區,康樂里,康樂里,李應元,馬英九,389,750,34.152766,65.847234,-31.694469,data/raw/openfun/tw.gov.cec~txn~candidates-votes/2002/李應元-village-votes-page-4.json;data/raw/openfun/tw.gov.cec~txn~candidates-votes/2002/馬英九-village-votes-page-4.json,matched,exact-district-li-name; exact-district-li-name
2002,中山區,復華里,復華里,李應元,馬英九,668,1453,31.494578,68.505422,-37.010844,data/raw/openfun/tw.gov.cec~txn~candidates-votes/2002/李應元-village-votes-page-4.json;data/raw/openfun/tw.gov.cec~txn~candidates-votes/2002/馬英九-village-votes-page-4.json,matched,exact-district-li-name; exact-district-li-name
2002,中山區,晴光里,晴光里,李應元,馬英九,773,1277,37.707317,62.292683,-24.585366,data/raw/openfun/tw.gov.cec~txn~candidates-votes/2002/李應元-village-votes-page-4.json;data/raw/openfun/tw.gov.cec~txn~candidates-votes/2002/馬英九-village-votes-page-4.json,matched,exact-district-li-name; exact-district-li-name
2002,中山區,集英里,集英里,李應元,馬英九,1503,1678,47.249293,52.750707,-5.501415,data/raw/openfun/tw.gov.cec~txn~candidates-votes/2002/李應元-village-votes-page-4.json;data/raw/openfun/tw.gov.cec~txn~candidates-votes/2002/馬英九-village-votes-page-4.json,matched,exact-district-li-name; exact-district-li-name
2002,中山區,圓山里,圓山里,李應元,馬英九,850,1102,43.545082,56.454918,-12.909836,data/raw/openfun/tw.gov.cec~txn~candidates-votes/2002/李應元-village-votes-page-4.json;data/raw/openfun/tw.gov.cec~txn~candidates-votes/2002/馬英九-village-votes-page-4.json,matched,exact-district-li-name; exact-district-li-name
2002,中山區,新生里,新生里,李應元,馬英九,1274,1522,45.565093,54.434907,-8.869814,data/raw/openfun/tw.gov.cec~txn~candidates-votes/2002/李應元-village-votes-page-4.json;data/raw/openfun/tw.gov.cec~txn~candidates-votes/2002/馬英九-village-votes-page-4.json,matched,exact-district-li-name; exact-district-li-name
2002,中山區,新庄里,新庄里,李應元,馬英九,1217,1555,43.903319,56.096681,-12.193362,data/raw/openfun/tw.gov.cec~txn~candidates-votes/2002/李應元-village-votes-page-4.json;data/raw/openfun/tw.gov.cec~txn~candidates-votes/2002/馬英九-village-votes-page-4.json,matched,exact-district-li-name; exact-district-li-name
2002,中山區,新喜里,新喜里,李應元,馬英九,1270,1550,45.035461,54.964539,-9.929078,data/raw/openfun/tw.gov.cec~txn~candidates-votes/2002/李應元-village-votes-page-4.json;data/raw/openfun/tw.gov.cec~txn~candidates-votes/2002/馬英九-village-votes-page-4.json,matched,exact-district-li-name; exact-district-li-name
2002,中山區,新福里,新福里,李應元,馬英九,1337,1452,47.938329,52.061671,-4.123342,data/raw/openfun/tw.gov.cec~txn~candidates-votes/2002/李應元-village-votes-page-4.json;data/raw/openfun/tw.gov.cec~txn~candidates-votes/2002/馬英九-village-votes-page-4.json,matched,exact-district-li-name; exact-district-li-name
2002,中山區,聚盛里,聚盛里,李應元,馬英九,681,1008,40.319716,59.680284,-19.360568,data/raw/openfun/tw.gov.cec~txn~candidates-votes/2002/李應元-village-votes-page-4.json;data/raw/openfun/tw.gov.cec~txn~candidates-votes/2002/馬英九-village-votes-page-4.json,matched,exact-district-li-name; exact-district-li-name
2002,中山區,聚葉里,聚葉里,李應元,馬英九,841,1079,43.802083,56.197917,-12.395833,data/raw/openfun/tw.gov.cec~txn~candidates-votes/2002/李應元-village-votes-page-4.json;data/raw/openfun/tw.gov.cec~txn~candidates-votes/2002/馬英九-village-votes-page-4.json,matched,exact-district-li-name; exact-district-li-name
2002,中山區,劍潭里,劍潭里,李應元,馬英九,206,2101,8.929345,91.070655,-82.141309,data/raw/openfun/tw.gov.cec~txn~candidates-votes/2002/李應元-village-votes-page-4.json;data/raw/openfun/tw.gov.cec~txn~candidates-votes/2002/馬英九-village-votes-page-4.json,matched,exact-district-li-name; exact-district-li-name
2002,中山區,興亞里,興亞里,李應元,馬英九,1214,1563,43.716241,56.283759,-12.567519,data/raw/openfun/tw.gov.cec~txn~candidates-votes/2002/李應元-village-votes-page-4.json;data/raw/openfun/tw.gov.cec~txn~candidates-votes/2002/馬英九-village-votes-page-4.json,matched,exact-district-li-name; exact-district-li-name
2002,中山區,龍洲里,龍洲里,李應元,馬英九,664,2542,20.711167,79.288833,-58.577667,data/raw/openfun/tw.gov.cec~txn~candidates-votes/2002/李應元-village-votes-page-4.json;data/raw/openfun/tw.gov.cec~txn~candidates-votes/2002/馬英九-village-votes-page-4.json,matched,exact-district-li-name; exact-district-li-name
2002,中正區,三愛里,三愛里,李應元,馬英九,1475,2603,36.169691,63.830309,-27.660618,data/raw/openfun/tw.gov.cec~txn~candidates-votes/2002/李應元-village-votes-page-5.json;data/raw/openfun/tw.gov.cec~txn~candidates-votes/2002/馬英九-village-votes-page-5.json,matched,exact-district-li-name; exact-district-li-name
2002,中正區,文北里,文北里,李應元,馬英九,993,1664,37.372977,62.627023,-25.254046,data/raw/openfun/tw.gov.cec~txn~candidates-votes/2002/李應元-village-votes-page-5.json;data/raw/openfun/tw.gov.cec~txn~candidates-votes/2002/馬英九-village-votes-page-5.json,matched,exact-district-li-name; exact-district-li-name
2002,中正區,文盛里,文盛里,李應元,馬英九,533,1011,34.520725,65.479275,-30.958549,data/raw/openfun/tw.gov.cec~txn~candidates-votes/2002/李應元-village-votes-page-5.json;data/raw/openfun/tw.gov.cec~txn~candidates-votes/2002/馬英九-village-votes-page-5.json,matched,exact-district-li-name; exact-district-li-name
2002,中正區,文祥里,文祥里,李應元,馬英九,1324,2428,35.287846,64.712154,-29.424307,data/raw/openfun/tw.gov.cec~txn~candidates-votes/2002/李應元-village-votes-page-5.json;data/raw/openfun/tw.gov.cec~txn~candidates-votes/2002/馬英九-village-votes-page-5.json,matched,exact-district-li-name; exact-district-li-name
2002,中正區,水源里,水源里,李應元,馬英九,645,1113,36.689420,63.310580,-26.621160,data/raw/openfun/tw.gov.cec~txn~candidates-votes/2002/李應元-village-votes-page-5.json;data/raw/openfun/tw.gov.cec~txn~candidates-votes/2002/馬英九-village-votes-page-5.json,matched,exact-district-li-name; exact-district-li-name
2002,中正區,永功里,永功里,李應元,馬英九,1317,2212,37.319354,62.680646,-25.361292,data/raw/openfun/tw.gov.cec~txn~candidates-votes/2002/李應元-village-votes-page-5.json;data/raw/openfun/tw.gov.cec~txn~candidates-votes/2002/馬英九-village-votes-page-5.json,matched,exact-district-li-name; exact-district-li-name
2002,中正區,永昌里,永昌里,李應元,馬英九,1132,1943,36.813008,63.186992,-26.373984,data/raw/openfun/tw.gov.cec~txn~candidates-votes/2002/李應元-village-votes-page-5.json;data/raw/openfun/tw.gov.cec~txn~candidates-votes/2002/馬英九-village-votes-page-5.json,matched,exact-district-li-name; exact-district-li-name
2002,中正區,光復里,光復里,李應元,馬英九,699,1177,37.260128,62.739872,-25.479744,data/raw/openfun/tw.gov.cec~txn~candidates-votes/2002/李應元-village-votes-page-5.json;data/raw/openfun/tw.gov.cec~txn~candidates-votes/2002/馬英九-village-votes-page-5.json,matched,exact-district-li-name; exact-district-li-name
2002,中正區,幸市里,幸市里,李應元,馬英九,1135,1184,48.943510,51.056490,-2.112980,data/raw/openfun/tw.gov.cec~txn~candidates-votes/2002/李應元-village-votes-page-5.json;data/raw/openfun/tw.gov.cec~txn~candidates-votes/2002/馬英九-village-votes-page-5.json,matched,exact-district-li-name; exact-district-li-name
2002,中正區,幸福里,幸福里,李應元,馬英九,796,1556,33.843537,66.156463,-32.312925,data/raw/openfun/tw.gov.cec~txn~candidates-votes/2002/李應元-village-votes-page-5.json;data/raw/openfun/tw.gov.cec~txn~candidates-votes/2002/馬英九-village-votes-page-5.json,matched,exact-district-li-name; exact-district-li-name
2002,中正區,忠勤里,忠勤里,李應元,馬英九,1215,2751,30.635401,69.364599,-38.729198,data/raw/openfun/tw.gov.cec~txn~candidates-votes/2002/李應元-village-votes-page-5.json;data/raw/openfun/tw.gov.cec~txn~candidates-votes/2002/馬英九-village-votes-page-5.json,matched,exact-district-li-name; exact-district-li-name
2002,中正區,東門里,東門里,李應元,馬英九,618,1823,25.317493,74.682507,-49.365014,data/raw/openfun/tw.gov.cec~txn~candidates-votes/2002/李應元-village-votes-page-5.json;data/raw/openfun/tw.gov.cec~txn~candidates-votes/2002/馬英九-village-votes-page-5.json,matched,exact-district-li-name; exact-district-li-name
2002,中正區,板溪里,板溪里,李應元,馬英九,694,1284,35.085945,64.914055,-29.828109,data/raw/openfun/tw.gov.cec~txn~candidates-votes/2002/李應元-village-votes-page-5.json;data/raw/openfun/tw.gov.cec~txn~candidates-votes/2002/馬英九-village-votes-page-5.json,matched,exact-district-li-name; exact-district-li-name
2002,中正區,林興里,林興里,李應元,馬英九,739,1932,27.667540,72.332460,-44.664920,data/raw/openfun/tw.gov.cec~txn~candidates-votes/2002/李應元-village-votes-page-5.json;data/raw/openfun/tw.gov.cec~txn~candidates-votes/2002/馬英九-village-votes-page-5.json,matched,exact-district-li-name; exact-district-li-name
2002,中正區,河堤里,河堤里,李應元,馬英九,786,1874,29.548872,70.451128,-40.902256,data/raw/openfun/tw.gov.cec~txn~candidates-votes/2002/李應元-village-votes-page-5.json;data/raw/openfun/tw.gov.cec~txn~candidates-votes/2002/馬英九-village-votes-page-5.json,matched,exact-district-li-name; exact-district-li-name
2002,中正區,南門里,南門里,李應元,馬英九,427,1397,23.410088,76.589912,-53.179825,data/raw/openfun/tw.gov.cec~txn~candidates-votes/2002/李應元-village-votes-page-5.json;data/raw/openfun/tw.gov.cec~txn~candidates-votes/2002/馬英九-village-votes-page-5.json,matched,exact-district-li-name; exact-district-li-name
2002,中正區,南福里,南福里,李應元,馬英九,1394,2836,32.955083,67.044917,-34.089835,data/raw/openfun/tw.gov.cec~txn~candidates-votes/2002/李應元-village-votes-page-5.json;data/raw/openfun/tw.gov.cec~txn~candidates-votes/2002/馬英九-village-votes-page-5.json,matched,exact-district-li-name; exact-district-li-name
2002,中正區,建國里,建國里,李應元,馬英九,182,512,26.224784,73.775216,-47.550432,data/raw/openfun/tw.gov.cec~txn~candidates-votes/2002/李應元-village-votes-page-5.json;data/raw/openfun/tw.gov.cec~txn~candidates-votes/2002/馬英九-village-votes-page-5.json,matched,exact-district-li-name; exact-district-li-name
2002,中正區,梅花里,梅花里,李應元,馬英九,695,1210,36.482940,63.517060,-27.034121,data/raw/openfun/tw.gov.cec~txn~candidates-votes/2002/李應元-village-votes-page-5.json;data/raw/openfun/tw.gov.cec~txn~candidates-votes/2002/馬英九-village-votes-page-5.json,matched,exact-district-li-name; exact-district-li-name
2002,中正區,頂東里,頂東里,李應元,馬英九,1153,2128,35.141725,64.858275,-29.716550,data/raw/openfun/tw.gov.cec~txn~candidates-votes/2002/李應元-village-votes-page-5.json;data/raw/openfun/tw.gov.cec~txn~candidates-votes/2002/馬英九-village-votes-page-5.json,matched,exact-district-li-name; exact-district-li-name
2002,中正區,富水里,富水里,李應元,馬英九,277,1466,15.892140,84.107860,-68.215720,data/raw/openfun/tw.gov.cec~txn~candidates-votes/2002/李應元-village-votes-page-5.json;data/raw/openfun/tw.gov.cec~txn~candidates-votes/2002/馬英九-village-votes-page-5.json,matched,exact-district-li-name; exact-district-li-name
2002,中正區,廈安里,廈安里,李應元,馬英九,731,1299,36.009852,63.990148,-27.980296,data/raw/openfun/tw.gov.cec~txn~candidates-votes/2002/李應元-village-votes-page-5.json;data/raw/openfun/tw.gov.cec~txn~candidates-votes/2002/馬英九-village-votes-page-5.json,matched,exact-district-li-name; exact-district-li-name
2002,中正區,愛國里,愛國里,李應元,馬英九,634,1168,35.183130,64.816870,-29.633740,data/raw/openfun/tw.gov.cec~txn~candidates-votes/2002/李應元-village-votes-page-5.json;data/raw/openfun/tw.gov.cec~txn~candidates-votes/2002/馬英九-village-votes-page-5.json,matched,exact-district-li-name; exact-district-li-name
2002,中正區,新營里,新營里,李應元,馬英九,1189,3236,26.870056,73.129944,-46.259887,data/raw/openfun/tw.gov.cec~txn~candidates-votes/2002/李應元-village-votes-page-5.json;data/raw/openfun/tw.gov.cec~txn~candidates-votes/2002/馬英九-village-votes-page-5.json,matched,exact-district-li-name; exact-district-li-name
2002,中正區,網溪里,網溪里,李應元,馬英九,1041,2095,33.195153,66.804847,-33.609694,data/raw/openfun/tw.gov.cec~txn~candidates-votes/2002/李應元-village-votes-page-5.json;data/raw/openfun/tw.gov.cec~txn~candidates-votes/2002/馬英九-village-votes-page-5.json,matched,exact-district-li-name; exact-district-li-name
2002,中正區,黎明里,黎明里,李應元,馬英九,499,1049,32.235142,67.764858,-35.529716,data/raw/openfun/tw.gov.cec~txn~candidates-votes/2002/李應元-village-votes-page-5.json;data/raw/openfun/tw.gov.cec~txn~candidates-votes/2002/馬英九-village-votes-page-5.json,matched,exact-district-li-name; exact-district-li-name
2002,中正區,螢圃里,螢圃里,李應元,馬英九,1058,2078,33.737245,66.262755,-32.525510,data/raw/openfun/tw.gov.cec~txn~candidates-votes/2002/李應元-village-votes-page-5.json;data/raw/openfun/tw.gov.cec~txn~candidates-votes/2002/馬英九-village-votes-page-5.json,matched,exact-district-li-name; exact-district-li-name
2002,中正區,螢雪里,螢雪里,李應元,馬英九,861,1716,33.410943,66.589057,-33.178114,data/raw/openfun/tw.gov.cec~txn~candidates-votes/2002/李應元-village-votes-page-5.json;data/raw/openfun/tw.gov.cec~txn~candidates-votes/2002/馬英九-village-votes-page-5.json,matched,exact-district-li-name; exact-district-li-name
2002,中正區,龍光里,龍光里,李應元,馬英九,585,1435,28.960396,71.039604,-42.079208,data/raw/openfun/tw.gov.cec~txn~candidates-votes/2002/李應元-village-votes-page-5.json;data/raw/openfun/tw.gov.cec~txn~candidates-votes/2002/馬英九-village-votes-page-5.json,matched,exact-district-li-name; exact-district-li-name
2002,中正區,龍福里,龍福里,李應元,馬英九,1073,2297,31.839763,68.160237,-36.320475,data/raw/openfun/tw.gov.cec~txn~candidates-votes/2002/李應元-village-votes-page-5.json;data/raw/openfun/tw.gov.cec~txn~candidates-votes/2002/馬英九-village-votes-page-5.json,matched,exact-district-li-name; exact-district-li-name
2002,中正區,龍興里,龍興里,李應元,馬英九,745,1473,33.588819,66.411181,-32.822362,data/raw/openfun/tw.gov.cec~txn~candidates-votes/2002/李應元-village-votes-page-5.json;data/raw/openfun/tw.gov.cec~txn~candidates-votes/2002/馬英九-village-votes-page-5.json,matched,exact-district-li-name; exact-district-li-name
2002,內湖區,大湖里,大湖里,李應元,馬英九,848,1840,31.547619,68.452381,-36.904762,data/raw/openfun/tw.gov.cec~txn~candidates-votes/2002/李應元-village-votes-page-2.json;data/raw/openfun/tw.gov.cec~txn~candidates-votes/2002/馬英九-village-votes-page-2.json,matched,exact-district-li-name; exact-district-li-name
2002,內湖區,五分里,五分里,李應元,馬英九,1663,2994,35.709684,64.290316,-28.580631,data/raw/openfun/tw.gov.cec~txn~candidates-votes/2002/李應元-village-votes-page-2.json;data/raw/openfun/tw.gov.cec~txn~candidates-votes/2002/馬英九-village-votes-page-2.json,matched,exact-district-li-name; exact-district-li-name
2002,內湖區,內湖里,內湖里,李應元,馬英九,906,2152,29.627207,70.372793,-40.745585,data/raw/openfun/tw.gov.cec~txn~candidates-votes/2002/李應元-village-votes-page-2.json;data/raw/openfun/tw.gov.cec~txn~candidates-votes/2002/馬英九-village-votes-page-2.json,matched,exact-district-li-name; exact-district-li-name
2002,內湖區,內溝里,內溝里,李應元,馬英九,748,1466,33.785005,66.214995,-32.429991,data/raw/openfun/tw.gov.cec~txn~candidates-votes/2002/李應元-village-votes-page-2.json;data/raw/openfun/tw.gov.cec~txn~candidates-votes/2002/馬英九-village-votes-page-2.json,matched,exact-district-li-name; exact-district-li-name
2002,內湖區,石潭里,石潭里,李應元,馬英九,751,754,49.900332,50.099668,-0.199336,data/raw/openfun/tw.gov.cec~txn~candidates-votes/2002/李應元-village-votes-page-2.json;data/raw/openfun/tw.gov.cec~txn~candidates-votes/2002/馬英九-village-votes-page-2.json,matched,exact-district-li-name; exact-district-li-name
2002,內湖區,安泰里,安泰里,李應元,馬英九,787,1722,31.367079,68.632921,-37.265843,data/raw/openfun/tw.gov.cec~txn~candidates-votes/2002/李應元-village-votes-page-2.json;data/raw/openfun/tw.gov.cec~txn~candidates-votes/2002/馬英九-village-votes-page-2.json,matched,exact-district-li-name; exact-district-li-name
2002,內湖區,安湖里,安湖里,李應元,馬英九,1184,2451,32.572215,67.427785,-34.855571,data/raw/openfun/tw.gov.cec~txn~candidates-votes/2002/李應元-village-votes-page-2.json;data/raw/openfun/tw.gov.cec~txn~candidates-votes/2002/馬英九-village-votes-page-2.json,matched,exact-district-li-name; exact-district-li-name
2002,內湖區,行善里,行善里,李應元,馬英九,1363,2232,37.913769,62.086231,-24.172462,data/raw/openfun/tw.gov.cec~txn~candidates-votes/2002/李應元-village-votes-page-2.json;data/raw/openfun/tw.gov.cec~txn~candidates-votes/2002/馬英九-village-votes-page-2.json,matched,exact-district-li-name; exact-district-li-name
2002,內湖區,西安里,西安里,李應元,馬英九,1120,2300,32.748538,67.251462,-34.502924,data/raw/openfun/tw.gov.cec~txn~candidates-votes/2002/李應元-village-votes-page-2.json;data/raw/openfun/tw.gov.cec~txn~candidates-votes/2002/馬英九-village-votes-page-2.json,matched,exact-district-li-name; exact-district-li-name
2002,內湖區,西康里,西康里,李應元,馬英九,1305,3108,29.571720,70.428280,-40.856560,data/raw/openfun/tw.gov.cec~txn~candidates-votes/2002/李應元-village-votes-page-2.json;data/raw/openfun/tw.gov.cec~txn~candidates-votes/2002/馬英九-village-votes-page-2.json,matched,exact-district-li-name; exact-district-li-name
2002,內湖區,西湖里,西湖里,李應元,馬英九,1697,2655,38.993566,61.006434,-22.012868,data/raw/openfun/tw.gov.cec~txn~candidates-votes/2002/李應元-village-votes-page-2.json;data/raw/openfun/tw.gov.cec~txn~candidates-votes/2002/馬英九-village-votes-page-2.json,matched,exact-district-li-name; exact-district-li-name
2002,內湖區,秀湖里,秀湖里,李應元,馬英九,1073,2229,32.495457,67.504543,-35.009085,data/raw/openfun/tw.gov.cec~txn~candidates-votes/2002/李應元-village-votes-page-2.json;data/raw/openfun/tw.gov.cec~txn~candidates-votes/2002/馬英九-village-votes-page-2.json,matched,exact-district-li-name; exact-district-li-name
2002,內湖區,明湖里,明湖里,李應元,馬英九,829,1707,32.689274,67.310726,-34.621451,data/raw/openfun/tw.gov.cec~txn~candidates-votes/2002/李應元-village-votes-page-2.json;data/raw/openfun/tw.gov.cec~txn~candidates-votes/2002/馬英九-village-votes-page-2.json,matched,exact-district-li-name; exact-district-li-name
2002,內湖區,東湖里,東湖里,李應元,馬英九,1403,2610,34.961376,65.038624,-30.077249,data/raw/openfun/tw.gov.cec~txn~candidates-votes/2002/李應元-village-votes-page-2.json;data/raw/openfun/tw.gov.cec~txn~candidates-votes/2002/馬英九-village-votes-page-2.json,matched,exact-district-li-name; exact-district-li-name
2002,內湖區,金湖里,金湖里,李應元,馬英九,828,2099,28.288350,71.711650,-43.423300,data/raw/openfun/tw.gov.cec~txn~candidates-votes/2002/李應元-village-votes-page-2.json;data/raw/openfun/tw.gov.cec~txn~candidates-votes/2002/馬英九-village-votes-page-2.json,matched,exact-district-li-name; exact-district-li-name
2002,內湖區,金瑞里,金瑞里,李應元,馬英九,1140,2369,32.487888,67.512112,-35.024223,data/raw/openfun/tw.gov.cec~txn~candidates-votes/2002/李應元-village-votes-page-2.json;data/raw/openfun/tw.gov.cec~txn~candidates-votes/2002/馬英九-village-votes-page-2.json,matched,exact-district-li-name; exact-district-li-name
2002,內湖區,金龍里,金龍里,李應元,馬英九,1033,2134,32.617619,67.382381,-34.764762,data/raw/openfun/tw.gov.cec~txn~candidates-votes/2002/李應元-village-votes-page-2.json;data/raw/openfun/tw.gov.cec~txn~candidates-votes/2002/馬英九-village-votes-page-2.json,matched,exact-district-li-name; exact-district-li-name
2002,內湖區,康寧里,康寧里,李應元,馬英九,1225,2798,30.449913,69.550087,-39.100174,data/raw/openfun/tw.gov.cec~txn~candidates-votes/2002/李應元-village-votes-page-2.json;data/raw/openfun/tw.gov.cec~txn~candidates-votes/2002/馬英九-village-votes-page-2.json,matched,exact-district-li-name; exact-district-li-name
2002,內湖區,清白里,清白里,李應元,馬英九,1003,2493,28.689931,71.310069,-42.620137,data/raw/openfun/tw.gov.cec~txn~candidates-votes/2002/李應元-village-votes-page-2.json;data/raw/openfun/tw.gov.cec~txn~candidates-votes/2002/馬英九-village-votes-page-2.json,matched,exact-district-li-name; exact-district-li-name
2002,內湖區,港都里,港都里,李應元,馬英九,1075,1823,37.094548,62.905452,-25.810904,data/raw/openfun/tw.gov.cec~txn~candidates-votes/2002/李應元-village-votes-page-2.json;data/raw/openfun/tw.gov.cec~txn~candidates-votes/2002/馬英九-village-votes-page-2.json,matched,exact-district-li-name; exact-district-li-name
2002,內湖區,港富里,港富里,李應元,馬英九,1932,3097,38.417180,61.582820,-23.165639,data/raw/openfun/tw.gov.cec~txn~candidates-votes/2002/李應元-village-votes-page-2.json;data/raw/openfun/tw.gov.cec~txn~candidates-votes/2002/馬英九-village-votes-page-2.json,matched,exact-district-li-name; exact-district-li-name
2002,內湖區,港華里,港華里,李應元,馬英九,1539,2874,34.874235,65.125765,-30.251530,data/raw/openfun/tw.gov.cec~txn~candidates-votes/2002/李應元-village-votes-page-2.json;data/raw/openfun/tw.gov.cec~txn~candidates-votes/2002/馬英九-village-votes-page-2.json,matched,exact-district-li-name; exact-district-li-name
2002,內湖區,港墘里,港墘里,李應元,馬英九,1135,2009,36.100509,63.899491,-27.798982,data/raw/openfun/tw.gov.cec~txn~candidates-votes/2002/李應元-village-votes-page-2.json;data/raw/openfun/tw.gov.cec~txn~candidates-votes/2002/馬英九-village-votes-page-2.json,matched,exact-district-li-name; exact-district-li-name
2002,內湖區,湖元里,湖元里,李應元,馬英九,962,1788,34.981818,65.018182,-30.036364,data/raw/openfun/tw.gov.cec~txn~candidates-votes/2002/李應元-village-votes-page-2.json;data/raw/openfun/tw.gov.cec~txn~candidates-votes/2002/馬英九-village-votes-page-2.json,matched,exact-district-li-name; exact-district-li-name
2002,內湖區,湖興里,湖興里,李應元,馬英九,1628,2962,35.468410,64.531590,-29.063181,data/raw/openfun/tw.gov.cec~txn~candidates-votes/2002/李應元-village-votes-page-2.json;data/raw/openfun/tw.gov.cec~txn~candidates-votes/2002/馬英九-village-votes-page-2.json,matched,exact-district-li-name; exact-district-li-name
2002,內湖區,湖濱里,湖濱里,李應元,馬英九,1132,2960,27.663734,72.336266,-44.672532,data/raw/openfun/tw.gov.cec~txn~candidates-votes/2002/李應元-village-votes-page-2.json;data/raw/openfun/tw.gov.cec~txn~candidates-votes/2002/馬英九-village-votes-page-2.json,matched,exact-district-li-name; exact-district-li-name
2002,內湖區,紫星里,紫星里,李應元,馬英九,1596,3051,34.344739,65.655261,-31.310523,data/raw/openfun/tw.gov.cec~txn~candidates-votes/2002/李應元-village-votes-page-2.json;data/raw/openfun/tw.gov.cec~txn~candidates-votes/2002/馬英九-village-votes-page-2.json,matched,exact-district-li-name; exact-district-li-name
2002,內湖區,紫陽里,紫陽里,李應元,馬英九,1743,2187,44.351145,55.648855,-11.297710,data/raw/openfun/tw.gov.cec~txn~candidates-votes/2002/李應元-village-votes-page-2.json;data/raw/openfun/tw.gov.cec~txn~candidates-votes/2002/馬英九-village-votes-page-2.json,matched,exact-district-li-name; exact-district-li-name
2002,內湖區,紫雲里,紫雲里,李應元,馬英九,771,2527,23.377805,76.622195,-53.244391,data/raw/openfun/tw.gov.cec~txn~candidates-votes/2002/李應元-village-votes-page-2.json;data/raw/openfun/tw.gov.cec~txn~candidates-votes/2002/馬英九-village-votes-page-2.json,matched,exact-district-li-name; exact-district-li-name
2002,內湖區,週美里,週美里,李應元,馬英九,1335,1350,49.720670,50.279330,-0.558659,data/raw/openfun/tw.gov.cec~txn~candidates-votes/2002/李應元-village-votes-page-2.json;data/raw/openfun/tw.gov.cec~txn~candidates-votes/2002/馬英九-village-votes-page-2.json,matched,exact-district-li-name; exact-district-li-name
2002,內湖區,瑞光里,瑞光里,李應元,馬英九,683,2089,24.639250,75.360750,-50.721501,data/raw/openfun/tw.gov.cec~txn~candidates-votes/2002/李應元-village-votes-page-2.json;data/raw/openfun/tw.gov.cec~txn~candidates-votes/2002/馬英九-village-votes-page-2.json,matched,exact-district-li-name; exact-district-li-name
2002,內湖區,瑞陽里,瑞陽里,李應元,馬英九,1059,3791,21.835052,78.164948,-56.329897,data/raw/openfun/tw.gov.cec~txn~candidates-votes/2002/李應元-village-votes-page-2.json;data/raw/openfun/tw.gov.cec~txn~candidates-votes/2002/馬英九-village-votes-page-2.json,matched,exact-district-li-name; exact-district-li-name
2002,內湖區,葫洲里,葫洲里,李應元,馬英九,1372,3410,28.690924,71.309076,-42.618151,data/raw/openfun/tw.gov.cec~txn~candidates-votes/2002/李應元-village-votes-page-2.json;data/raw/openfun/tw.gov.cec~txn~candidates-votes/2002/馬英九-village-votes-page-2.json,matched,exact-district-li-name; exact-district-li-name
2002,內湖區,碧山里,碧山里,李應元,馬英九,1229,2510,32.869751,67.130249,-34.260497,data/raw/openfun/tw.gov.cec~txn~candidates-votes/2002/李應元-village-votes-page-2.json;data/raw/openfun/tw.gov.cec~txn~candidates-votes/2002/馬英九-village-votes-page-2.json,matched,exact-district-li-name; exact-district-li-name
2002,內湖區,樂康里,樂康里,李應元,馬英九,1429,2655,34.990206,65.009794,-30.019589,data/raw/openfun/tw.gov.cec~txn~candidates-votes/2002/李應元-village-votes-page-2.json;data/raw/openfun/tw.gov.cec~txn~candidates-votes/2002/馬英九-village-votes-page-2.json,matched,exact-district-li-name; exact-district-li-name
2002,內湖區,麗山里,麗山里,李應元,馬英九,1164,1790,39.404198,60.595802,-21.191605,data/raw/openfun/tw.gov.cec~txn~candidates-votes/2002/李應元-village-votes-page-2.json;data/raw/openfun/tw.gov.cec~txn~candidates-votes/2002/馬英九-village-votes-page-2.json,matched,exact-district-li-name; exact-district-li-name
2002,內湖區,蘆洲里,蘆洲里,李應元,馬英九,204,320,38.931298,61.068702,-22.137405,data/raw/openfun/tw.gov.cec~txn~candidates-votes/2002/李應元-village-votes-page-2.json;data/raw/openfun/tw.gov.cec~txn~candidates-votes/2002/馬英九-village-votes-page-2.json,matched,exact-district-li-name; exact-district-li-name
2002,文山區,木柵里,木柵里,李應元,馬英九,984,3355,22.678036,77.321964,-54.643927,data/raw/openfun/tw.gov.cec~txn~candidates-votes/2002/李應元-village-votes-page-7.json;data/raw/openfun/tw.gov.cec~txn~candidates-votes/2002/馬英九-village-votes-page-7.json,matched,exact-district-li-name; exact-district-li-name
2002,文山區,木新里,木新里,李應元,馬英九,1492,3388,30.573770,69.426230,-38.852459,data/raw/openfun/tw.gov.cec~txn~candidates-votes/2002/李應元-village-votes-page-7.json;data/raw/openfun/tw.gov.cec~txn~candidates-votes/2002/馬英九-village-votes-page-7.json,matched,exact-district-li-name; exact-district-li-name
2002,文山區,老泉里,老泉里,李應元,馬英九,247,249,49.798387,50.201613,-0.403226,data/raw/openfun/tw.gov.cec~txn~candidates-votes/2002/李應元-village-votes-page-7.json;data/raw/openfun/tw.gov.cec~txn~candidates-votes/2002/馬英九-village-votes-page-7.json,matched,exact-district-li-name; exact-district-li-name
2002,文山區,忠順里,忠順里,李應元,馬英九,422,1712,19.775070,80.224930,-60.449859,data/raw/openfun/tw.gov.cec~txn~candidates-votes/2002/李應元-village-votes-page-7.json;data/raw/openfun/tw.gov.cec~txn~candidates-votes/2002/馬英九-village-votes-page-7.json,matched,exact-district-li-name; exact-district-li-name
2002,文山區,明義里,明義里,李應元,馬英九,593,1969,23.145980,76.854020,-53.708041,data/raw/openfun/tw.gov.cec~txn~candidates-votes/2002/李應元-village-votes-page-7.json;data/raw/openfun/tw.gov.cec~txn~candidates-votes/2002/馬英九-village-votes-page-7.json,matched,exact-district-li-name; exact-district-li-name
2002,文山區,明興里,明興里,李應元,馬英九,886,3040,22.567499,77.432501,-54.865003,data/raw/openfun/tw.gov.cec~txn~candidates-votes/2002/李應元-village-votes-page-7.json;data/raw/openfun/tw.gov.cec~txn~candidates-votes/2002/馬英九-village-votes-page-7.json,matched,exact-district-li-name; exact-district-li-name
2002,文山區,指南里,指南里,李應元,馬英九,655,1017,39.174641,60.825359,-21.650718,data/raw/openfun/tw.gov.cec~txn~candidates-votes/2002/李應元-village-votes-page-7.json;data/raw/openfun/tw.gov.cec~txn~candidates-votes/2002/馬英九-village-votes-page-7.json,matched,exact-district-li-name; exact-district-li-name
2002,文山區,博嘉里,博嘉里,李應元,馬英九,759,1852,29.069322,70.930678,-41.861356,data/raw/openfun/tw.gov.cec~txn~candidates-votes/2002/李應元-village-votes-page-7.json;data/raw/openfun/tw.gov.cec~txn~candidates-votes/2002/馬英九-village-votes-page-7.json,matched,exact-district-li-name; exact-district-li-name
2002,文山區,景仁里,景仁里,李應元,馬英九,736,1939,27.514019,72.485981,-44.971963,data/raw/openfun/tw.gov.cec~txn~candidates-votes/2002/李應元-village-votes-page-6.json;data/raw/openfun/tw.gov.cec~txn~candidates-votes/2002/馬英九-village-votes-page-6.json,matched,exact-district-li-name; exact-district-li-name
2002,文山區,景行里,景行里,李應元,馬英九,1209,1800,40.179462,59.820538,-19.641077,data/raw/openfun/tw.gov.cec~txn~candidates-votes/2002/李應元-village-votes-page-6.json;data/raw/openfun/tw.gov.cec~txn~candidates-votes/2002/馬英九-village-votes-page-6.json,matched,exact-district-li-name; exact-district-li-name
2002,文山區,景東里,景東里,李應元,馬英九,856,2828,23.235613,76.764387,-53.528773,data/raw/openfun/tw.gov.cec~txn~candidates-votes/2002/李應元-village-votes-page-6.json;data/raw/openfun/tw.gov.cec~txn~candidates-votes/2002/馬英九-village-votes-page-6.json,matched,exact-district-li-name; exact-district-li-name
2002,文山區,景美里,景美里,李應元,馬英九,788,1732,31.269841,68.730159,-37.460317,data/raw/openfun/tw.gov.cec~txn~candidates-votes/2002/李應元-village-votes-page-6.json;data/raw/openfun/tw.gov.cec~txn~candidates-votes/2002/馬英九-village-votes-page-6.json,matched,exact-district-li-name; exact-district-li-name
2002,文山區,景華里,景華里,李應元,馬英九,877,2265,27.912158,72.087842,-44.175684,data/raw/openfun/tw.gov.cec~txn~candidates-votes/2002/李應元-village-votes-page-6.json;data/raw/openfun/tw.gov.cec~txn~candidates-votes/2002/馬英九-village-votes-page-6.json,matched,exact-district-li-name; exact-district-li-name
2002,文山區,景慶里,景慶里,李應元,馬英九,1020,2547,28.595458,71.404542,-42.809083,data/raw/openfun/tw.gov.cec~txn~candidates-votes/2002/李應元-village-votes-page-6.json;data/raw/openfun/tw.gov.cec~txn~candidates-votes/2002/馬英九-village-votes-page-6.json,matched,exact-district-li-name; exact-district-li-name
2002,文山區,華興里,華興里,李應元,馬英九,1051,3147,25.035731,74.964269,-49.928537,data/raw/openfun/tw.gov.cec~txn~candidates-votes/2002/李應元-village-votes-page-7.json;data/raw/openfun/tw.gov.cec~txn~candidates-votes/2002/馬英九-village-votes-page-7.json,matched,exact-district-li-name; exact-district-li-name
2002,文山區,順興里,順興里,李應元,馬英九,1148,2789,29.159258,70.840742,-41.681483,data/raw/openfun/tw.gov.cec~txn~candidates-votes/2002/李應元-village-votes-page-7.json;data/raw/openfun/tw.gov.cec~txn~candidates-votes/2002/馬英九-village-votes-page-7.json,matched,exact-district-li-name; exact-district-li-name
2002,文山區,萬年里,萬年里,李應元,馬英九,935,2029,31.545209,68.454791,-36.909582,data/raw/openfun/tw.gov.cec~txn~candidates-votes/2002/李應元-village-votes-page-6.json;data/raw/openfun/tw.gov.cec~txn~candidates-votes/2002/馬英九-village-votes-page-6.json,matched,exact-district-li-name; exact-district-li-name
2002,文山區,萬有里,萬有里,李應元,馬英九,791,1942,28.942554,71.057446,-42.114892,data/raw/openfun/tw.gov.cec~txn~candidates-votes/2002/李應元-village-votes-page-6.json;data/raw/openfun/tw.gov.cec~txn~candidates-votes/2002/馬英九-village-votes-page-6.json,matched,exact-district-li-name; exact-district-li-name
2002,文山區,萬和里,萬和里,李應元,馬英九,347,1761,16.461101,83.538899,-67.077799,data/raw/openfun/tw.gov.cec~txn~candidates-votes/2002/李應元-village-votes-page-6.json;data/raw/openfun/tw.gov.cec~txn~candidates-votes/2002/馬英九-village-votes-page-6.json,matched,exact-district-li-name; exact-district-li-name
2002,文山區,萬芳里,萬芳里,李應元,馬英九,932,3055,23.375972,76.624028,-53.248056,data/raw/openfun/tw.gov.cec~txn~candidates-votes/2002/李應元-village-votes-page-7.json;data/raw/openfun/tw.gov.cec~txn~candidates-votes/2002/馬英九-village-votes-page-7.json,matched,exact-district-li-name; exact-district-li-name
2002,文山區,萬美里,萬美里,李應元,馬英九,879,2645,24.943246,75.056754,-50.113507,data/raw/openfun/tw.gov.cec~txn~candidates-votes/2002/李應元-village-votes-page-7.json;data/raw/openfun/tw.gov.cec~txn~candidates-votes/2002/馬英九-village-votes-page-7.json,matched,exact-district-li-name; exact-district-li-name
2002,文山區,萬盛里,萬盛里,李應元,馬英九,705,2059,25.506512,74.493488,-48.986975,data/raw/openfun/tw.gov.cec~txn~candidates-votes/2002/李應元-village-votes-page-6.json;data/raw/openfun/tw.gov.cec~txn~candidates-votes/2002/馬英九-village-votes-page-6.json,matched,exact-district-li-name; exact-district-li-name
2002,文山區,萬祥里,萬祥里,李應元,馬英九,727,1791,28.872121,71.127879,-42.255759,data/raw/openfun/tw.gov.cec~txn~candidates-votes/2002/李應元-village-votes-page-6.json;data/raw/openfun/tw.gov.cec~txn~candidates-votes/2002/馬英九-village-votes-page-6.json,matched,exact-district-li-name; exact-district-li-name
2002,文山區,萬隆里,萬隆里,李應元,馬英九,1019,2928,25.817076,74.182924,-48.365847,data/raw/openfun/tw.gov.cec~txn~candidates-votes/2002/李應元-village-votes-page-6.json;data/raw/openfun/tw.gov.cec~txn~candidates-votes/2002/馬英九-village-votes-page-6.json,matched,exact-district-li-name; exact-district-li-name
2002,文山區,萬興里,萬興里,李應元,馬英九,1607,3991,28.706681,71.293319,-42.586638,data/raw/openfun/tw.gov.cec~txn~candidates-votes/2002/李應元-village-votes-page-7.json;data/raw/openfun/tw.gov.cec~txn~candidates-votes/2002/馬英九-village-votes-page-7.json,matched,exact-district-li-name; exact-district-li-name
2002,文山區,試院里,試院里,李應元,馬英九,755,2856,20.908336,79.091664,-58.183329,data/raw/openfun/tw.gov.cec~txn~candidates-votes/2002/李應元-village-votes-page-6.json;data/raw/openfun/tw.gov.cec~txn~candidates-votes/2002/馬英九-village-votes-page-6.json,matched,exact-district-li-name; exact-district-li-name
2002,文山區,樟林里,樟林里,李應元,馬英九,1143,3608,24.058093,75.941907,-51.883814,data/raw/openfun/tw.gov.cec~txn~candidates-votes/2002/李應元-village-votes-page-7.json;data/raw/openfun/tw.gov.cec~txn~candidates-votes/2002/馬英九-village-votes-page-7.json,matched,exact-district-li-name; exact-district-li-name
2002,文山區,樟新里,樟新里,李應元,馬英九,1757,4468,28.224900,71.775100,-43.550201,data/raw/openfun/tw.gov.cec~txn~candidates-votes/2002/李應元-village-votes-page-7.json;data/raw/openfun/tw.gov.cec~txn~candidates-votes/2002/馬英九-village-votes-page-7.json,matched,exact-district-li-name; exact-district-li-name
2002,文山區,樟腳里,樟腳里,李應元,馬英九,1518,3758,28.771797,71.228203,-42.456406,data/raw/openfun/tw.gov.cec~txn~candidates-votes/2002/李應元-village-votes-page-7.json;data/raw/openfun/tw.gov.cec~txn~candidates-votes/2002/馬英九-village-votes-page-7.json,matched,exact-district-li-name; exact-district-li-name
2002,文山區,興光里,興光里,李應元,馬英九,468,1298,26.500566,73.499434,-46.998867,data/raw/openfun/tw.gov.cec~txn~candidates-votes/2002/李應元-village-votes-page-6.json;data/raw/openfun/tw.gov.cec~txn~candidates-votes/2002/馬英九-village-votes-page-6.json,matched,exact-district-li-name; exact-district-li-name
2002,文山區,興安里,興安里,李應元,馬英九,847,2720,23.745444,76.254556,-52.509111,data/raw/openfun/tw.gov.cec~txn~candidates-votes/2002/李應元-village-votes-page-6.json;data/raw/openfun/tw.gov.cec~txn~candidates-votes/2002/馬英九-village-votes-page-6.json,matched,exact-district-li-name; exact-district-li-name
2002,文山區,興旺里,興旺里,李應元,馬英九,1621,2278,41.574763,58.425237,-16.850474,data/raw/openfun/tw.gov.cec~txn~candidates-votes/2002/李應元-village-votes-page-6.json;data/raw/openfun/tw.gov.cec~txn~candidates-votes/2002/馬英九-village-votes-page-6.json,matched,exact-district-li-name; exact-district-li-name
2002,文山區,興昌里,興昌里,李應元,馬英九,740,2579,22.295872,77.704128,-55.408255,data/raw/openfun/tw.gov.cec~txn~candidates-votes/2002/李應元-village-votes-page-6.json;data/raw/openfun/tw.gov.cec~txn~candidates-votes/2002/馬英九-village-votes-page-6.json,matched,exact-district-li-name; exact-district-li-name
2002,文山區,興家里,興家里,李應元,馬英九,968,3191,23.274826,76.725174,-53.450349,data/raw/openfun/tw.gov.cec~txn~candidates-votes/2002/李應元-village-votes-page-6.json;data/raw/openfun/tw.gov.cec~txn~candidates-votes/2002/馬英九-village-votes-page-6.json,matched,exact-district-li-name; exact-district-li-name
2002,文山區,興泰里,興泰里,李應元,馬英九,495,1664,22.927281,77.072719,-54.145438,data/raw/openfun/tw.gov.cec~txn~candidates-votes/2002/李應元-village-votes-page-6.json;data/raw/openfun/tw.gov.cec~txn~candidates-votes/2002/馬英九-village-votes-page-6.json,matched,exact-district-li-name; exact-district-li-name
2002,文山區,興得里,興得里,李應元,馬英九,848,2613,24.501589,75.498411,-50.996822,data/raw/openfun/tw.gov.cec~txn~candidates-votes/2002/李應元-village-votes-page-6.json;data/raw/openfun/tw.gov.cec~txn~candidates-votes/2002/馬英九-village-votes-page-6.json,matched,exact-district-li-name; exact-district-li-name
2002,文山區,興業里,興業里,李應元,馬英九,584,2548,18.646232,81.353768,-62.707535,data/raw/openfun/tw.gov.cec~txn~candidates-votes/2002/李應元-village-votes-page-6.json;data/raw/openfun/tw.gov.cec~txn~candidates-votes/2002/馬英九-village-votes-page-6.json,matched,exact-district-li-name; exact-district-li-name
2002,文山區,興福里,興福里,李應元,馬英九,974,2430,28.613396,71.386604,-42.773208,data/raw/openfun/tw.gov.cec~txn~candidates-votes/2002/李應元-village-votes-page-6.json;data/raw/openfun/tw.gov.cec~txn~candidates-votes/2002/馬英九-village-votes-page-6.json,matched,exact-district-li-name; exact-district-li-name
2002,文山區,興豐里,興豐里,李應元,馬英九,1228,3674,25.051000,74.949000,-49.898001,data/raw/openfun/tw.gov.cec~txn~candidates-votes/2002/李應元-village-votes-page-6.json;data/raw/openfun/tw.gov.cec~txn~candidates-votes/2002/馬英九-village-votes-page-6.json,matched,exact-district-li-name; exact-district-li-name
2002,北投區,一德里,一德里,李應元,馬英九,1501,1805,45.402299,54.597701,-9.195402,data/raw/openfun/tw.gov.cec~txn~candidates-votes/2002/李應元-village-votes-page-1.json;data/raw/openfun/tw.gov.cec~txn~candidates-votes/2002/馬英九-village-votes-page-1.json,matched,exact-district-li-name; exact-district-li-name
2002,北投區,八仙里,八仙里,李應元,馬英九,1224,1522,44.573926,55.426074,-10.852149,data/raw/openfun/tw.gov.cec~txn~candidates-votes/2002/李應元-village-votes-page-1.json;data/raw/openfun/tw.gov.cec~txn~candidates-votes/2002/馬英九-village-votes-page-1.json,matched,exact-district-li-name; exact-district-li-name
2002,北投區,大屯里,大屯里,李應元,馬英九,372,308,54.705882,45.294118,9.411765,data/raw/openfun/tw.gov.cec~txn~candidates-votes/2002/李應元-village-votes-page-1.json;data/raw/openfun/tw.gov.cec~txn~candidates-votes/2002/馬英九-village-votes-page-1.json,matched,exact-district-li-name; exact-district-li-name
2002,北投區,大同里,大同里,李應元,馬英九,1484,1871,44.232489,55.767511,-11.535022,data/raw/openfun/tw.gov.cec~txn~candidates-votes/2002/李應元-village-votes-page-1.json;data/raw/openfun/tw.gov.cec~txn~candidates-votes/2002/馬英九-village-votes-page-1.json,matched,exact-district-li-name; exact-district-li-name
2002,北投區,中心里,中心里,李應元,馬英九,1130,1983,36.299390,63.700610,-27.401221,data/raw/openfun/tw.gov.cec~txn~candidates-votes/2002/李應元-village-votes-page-1.json;data/raw/openfun/tw.gov.cec~txn~candidates-votes/2002/馬英九-village-votes-page-1.json,matched,exact-district-li-name; exact-district-li-name
2002,北投區,中央里,中央里,李應元,馬英九,1869,2329,44.521201,55.478799,-10.957599,data/raw/openfun/tw.gov.cec~txn~candidates-votes/2002/李應元-village-votes-page-1.json;data/raw/openfun/tw.gov.cec~txn~candidates-votes/2002/馬英九-village-votes-page-1.json,matched,exact-district-li-name; exact-district-li-name
2002,北投區,中和里,中和里,李應元,馬英九,981,1824,34.973262,65.026738,-30.053476,data/raw/openfun/tw.gov.cec~txn~candidates-votes/2002/李應元-village-votes-page-1.json;data/raw/openfun/tw.gov.cec~txn~candidates-votes/2002/馬英九-village-votes-page-1.json,matched,exact-district-li-name; exact-district-li-name
2002,北投區,中庸里,中庸里,李應元,馬英九,1040,1413,42.397065,57.602935,-15.205870,data/raw/openfun/tw.gov.cec~txn~candidates-votes/2002/李應元-village-votes-page-1.json;data/raw/openfun/tw.gov.cec~txn~candidates-votes/2002/馬英九-village-votes-page-1.json,matched,exact-district-li-name; exact-district-li-name
2002,北投區,文化里,文化里,李應元,馬英九,546,1944,21.927711,78.072289,-56.144578,data/raw/openfun/tw.gov.cec~txn~candidates-votes/2002/李應元-village-votes-page-1.json;data/raw/openfun/tw.gov.cec~txn~candidates-votes/2002/馬英九-village-votes-page-1.json,matched,exact-district-li-name; exact-district-li-name
2002,北投區,文林里,文林里,李應元,馬英九,1180,1374,46.202036,53.797964,-7.595928,data/raw/openfun/tw.gov.cec~txn~candidates-votes/2002/李應元-village-votes-page-1.json;data/raw/openfun/tw.gov.cec~txn~candidates-votes/2002/馬英九-village-votes-page-1.json,matched,exact-district-li-name; exact-district-li-name
2002,北投區,永和里,永和里,李應元,馬英九,1736,2639,39.680000,60.320000,-20.640000,data/raw/openfun/tw.gov.cec~txn~candidates-votes/2002/李應元-village-votes-page-1.json;data/raw/openfun/tw.gov.cec~txn~candidates-votes/2002/馬英九-village-votes-page-1.json,matched,exact-district-li-name; exact-district-li-name
2002,北投區,永明里,永明里,李應元,馬英九,955,1634,36.886829,63.113171,-26.226342,data/raw/openfun/tw.gov.cec~txn~candidates-votes/2002/李應元-village-votes-page-1.json;data/raw/openfun/tw.gov.cec~txn~candidates-votes/2002/馬英九-village-votes-page-1.json,matched,exact-district-li-name; exact-district-li-name
2002,北投區,永欣里,永欣里,李應元,馬英九,1068,2502,29.915966,70.084034,-40.168067,data/raw/openfun/tw.gov.cec~txn~candidates-votes/2002/李應元-village-votes-page-1.json;data/raw/openfun/tw.gov.cec~txn~candidates-votes/2002/馬英九-village-votes-page-1.json,matched,exact-district-li-name; exact-district-li-name
2002,北投區,石牌里,石牌里,李應元,馬英九,1331,1686,44.116672,55.883328,-11.766656,data/raw/openfun/tw.gov.cec~txn~candidates-votes/2002/李應元-village-votes-page-1.json;data/raw/openfun/tw.gov.cec~txn~candidates-votes/2002/馬英九-village-votes-page-1.json,matched,exact-district-li-name; exact-district-li-name
2002,北投區,立農里,立農里,李應元,馬英九,2055,2776,42.537777,57.462223,-14.924446,data/raw/openfun/tw.gov.cec~txn~candidates-votes/2002/李應元-village-votes-page-1.json;data/raw/openfun/tw.gov.cec~txn~candidates-votes/2002/馬英九-village-votes-page-1.json,matched,exact-district-li-name; exact-district-li-name
2002,北投區,立賢里,立賢里,李應元,馬英九,1196,1779,40.201681,59.798319,-19.596639,data/raw/openfun/tw.gov.cec~txn~candidates-votes/2002/李應元-village-votes-page-1.json;data/raw/openfun/tw.gov.cec~txn~candidates-votes/2002/馬英九-village-votes-page-1.json,matched,exact-district-li-name; exact-district-li-name
2002,北投區,吉利里,吉利里,李應元,馬英九,1202,2492,32.539253,67.460747,-34.921494,data/raw/openfun/tw.gov.cec~txn~candidates-votes/2002/李應元-village-votes-page-1.json;data/raw/openfun/tw.gov.cec~txn~candidates-votes/2002/馬英九-village-votes-page-1.json,matched,exact-district-li-name; exact-district-li-name
2002,北投區,吉慶里,吉慶里,李應元,馬英九,1304,1662,43.964936,56.035064,-12.070128,data/raw/openfun/tw.gov.cec~txn~candidates-votes/2002/李應元-village-votes-page-1.json;data/raw/openfun/tw.gov.cec~txn~candidates-votes/2002/馬英九-village-votes-page-1.json,matched,exact-district-li-name; exact-district-li-name
2002,北投區,秀山里,秀山里,李應元,馬英九,707,1335,34.622919,65.377081,-30.754163,data/raw/openfun/tw.gov.cec~txn~candidates-votes/2002/李應元-village-votes-page-1.json;data/raw/openfun/tw.gov.cec~txn~candidates-votes/2002/馬英九-village-votes-page-1.json,matched,exact-district-li-name; exact-district-li-name
2002,北投區,奇岩里,奇岩里,李應元,馬英九,2081,3155,39.744079,60.255921,-20.511841,data/raw/openfun/tw.gov.cec~txn~candidates-votes/2002/李應元-village-votes-page-1.json;data/raw/openfun/tw.gov.cec~txn~candidates-votes/2002/馬英九-village-votes-page-1.json,matched,exact-district-li-name; exact-district-li-name
2002,北投區,東華里,東華里,李應元,馬英九,946,1780,34.702861,65.297139,-30.594277,data/raw/openfun/tw.gov.cec~txn~candidates-votes/2002/李應元-village-votes-page-1.json;data/raw/openfun/tw.gov.cec~txn~candidates-votes/2002/馬英九-village-votes-page-1.json,matched,exact-district-li-name; exact-district-li-name
2002,北投區,林泉里,林泉里,李應元,馬英九,509,1294,28.230727,71.769273,-43.538547,data/raw/openfun/tw.gov.cec~txn~candidates-votes/2002/李應元-village-votes-page-1.json;data/raw/openfun/tw.gov.cec~txn~candidates-votes/2002/馬英九-village-votes-page-1.json,matched,exact-district-li-name; exact-district-li-name
2002,北投區,長安里,長安里,李應元,馬英九,1311,1884,41.032864,58.967136,-17.934272,data/raw/openfun/tw.gov.cec~txn~candidates-votes/2002/李應元-village-votes-page-1.json;data/raw/openfun/tw.gov.cec~txn~candidates-votes/2002/馬英九-village-votes-page-1.json,matched,exact-district-li-name; exact-district-li-name
2002,北投區,建民里,建民里,李應元,馬英九,1277,1421,47.331357,52.668643,-5.337287,data/raw/openfun/tw.gov.cec~txn~candidates-votes/2002/李應元-village-votes-page-1.json;data/raw/openfun/tw.gov.cec~txn~candidates-votes/2002/馬英九-village-votes-page-1.json,matched,exact-district-li-name; exact-district-li-name
2002,北投區,泉源里,泉源里,李應元,馬英九,620,772,44.540230,55.459770,-10.919540,data/raw/openfun/tw.gov.cec~txn~candidates-votes/2002/李應元-village-votes-page-1.json;data/raw/openfun/tw.gov.cec~txn~candidates-votes/2002/馬英九-village-votes-page-1.json,matched,exact-district-li-name; exact-district-li-name
2002,北投區,洲美里,洲美里,李應元,馬英九,601,462,56.538100,43.461900,13.076199,data/raw/openfun/tw.gov.cec~txn~candidates-votes/2002/李應元-village-votes-page-1.json;data/raw/openfun/tw.gov.cec~txn~candidates-votes/2002/馬英九-village-votes-page-1.json,matched,exact-district-li-name; exact-district-li-name
2002,北投區,振華里,振華里,李應元,馬英九,1655,2790,37.232846,62.767154,-25.534308,data/raw/openfun/tw.gov.cec~txn~candidates-votes/2002/李應元-village-votes-page-1.json;data/raw/openfun/tw.gov.cec~txn~candidates-votes/2002/馬英九-village-votes-page-1.json,matched,exact-district-li-name; exact-district-li-name
2002,北投區,桃源里,桃源里,李應元,馬英九,1261,1714,42.386555,57.613445,-15.226891,data/raw/openfun/tw.gov.cec~txn~candidates-votes/2002/李應元-village-votes-page-1.json;data/raw/openfun/tw.gov.cec~txn~candidates-votes/2002/馬英九-village-votes-page-1.json,matched,exact-district-li-name; exact-district-li-name
2002,北投區,清江里,清江里,李應元,馬英九,2138,2833,43.009455,56.990545,-13.981090,data/raw/openfun/tw.gov.cec~txn~candidates-votes/2002/李應元-village-votes-page-1.json;data/raw/openfun/tw.gov.cec~txn~candidates-votes/2002/馬英九-village-votes-page-1.json,matched,exact-district-li-name; exact-district-li-name
2002,北投區,尊賢里,尊賢里,李應元,馬英九,1225,1553,44.096472,55.903528,-11.807055,data/raw/openfun/tw.gov.cec~txn~candidates-votes/2002/李應元-village-votes-page-1.json;data/raw/openfun/tw.gov.cec~txn~candidates-votes/2002/馬英九-village-votes-page-1.json,matched,exact-district-li-name; exact-district-li-name
2002,北投區,智仁里,智仁里,李應元,馬英九,1199,2312,34.149815,65.850185,-31.700370,data/raw/openfun/tw.gov.cec~txn~candidates-votes/2002/李應元-village-votes-page-1.json;data/raw/openfun/tw.gov.cec~txn~candidates-votes/2002/馬英九-village-votes-page-1.json,matched,exact-district-li-name; exact-district-li-name
2002,北投區,湖山里,湖山里,李應元,馬英九,481,712,40.318525,59.681475,-19.362951,data/raw/openfun/tw.gov.cec~txn~candidates-votes/2002/李應元-village-votes-page-1.json;data/raw/openfun/tw.gov.cec~txn~candidates-votes/2002/馬英九-village-votes-page-1.json,matched,exact-district-li-name; exact-district-li-name
2002,北投區,湖田里,湖田里,李應元,馬英九,225,295,43.269231,56.730769,-13.461538,data/raw/openfun/tw.gov.cec~txn~candidates-votes/2002/李應元-village-votes-page-1.json;data/raw/openfun/tw.gov.cec~txn~candidates-votes/2002/馬英九-village-votes-page-1.json,matched,exact-district-li-name; exact-district-li-name
2002,北投區,開明里,開明里,李應元,馬英九,1286,2294,35.921788,64.078212,-28.156425,data/raw/openfun/tw.gov.cec~txn~candidates-votes/2002/李應元-village-votes-page-1.json;data/raw/openfun/tw.gov.cec~txn~candidates-votes/2002/馬英九-village-votes-page-1.json,matched,exact-district-li-name; exact-district-li-name
2002,北投區,溫泉里,溫泉里,李應元,馬英九,1404,2146,39.549296,60.450704,-20.901408,data/raw/openfun/tw.gov.cec~txn~candidates-votes/2002/李應元-village-votes-page-1.json;data/raw/openfun/tw.gov.cec~txn~candidates-votes/2002/馬英九-village-votes-page-1.json,matched,exact-district-li-name; exact-district-li-name
2002,北投區,裕民里,裕民里,李應元,馬英九,1485,2371,38.511411,61.488589,-22.977178,data/raw/openfun/tw.gov.cec~txn~candidates-votes/2002/李應元-village-votes-page-1.json;data/raw/openfun/tw.gov.cec~txn~candidates-votes/2002/馬英九-village-votes-page-1.json,matched,exact-district-li-name; exact-district-li-name
2002,北投區,榮光里,榮光里,李應元,馬英九,1547,2404,39.154644,60.845356,-21.690711,data/raw/openfun/tw.gov.cec~txn~candidates-votes/2002/李應元-village-votes-page-1.json;data/raw/openfun/tw.gov.cec~txn~candidates-votes/2002/馬英九-village-votes-page-1.json,matched,exact-district-li-name; exact-district-li-name
2002,北投區,榮華里,榮華里,李應元,馬英九,1502,2561,36.967758,63.032242,-26.064484,data/raw/openfun/tw.gov.cec~txn~candidates-votes/2002/李應元-village-votes-page-1.json;data/raw/openfun/tw.gov.cec~txn~candidates-votes/2002/馬英九-village-votes-page-1.json,matched,exact-district-li-name; exact-district-li-name
2002,北投區,福興里,福興里,李應元,馬英九,1633,2294,41.583906,58.416094,-16.832187,data/raw/openfun/tw.gov.cec~txn~candidates-votes/2002/李應元-village-votes-page-1.json;data/raw/openfun/tw.gov.cec~txn~candidates-votes/2002/馬英九-village-votes-page-1.json,matched,exact-district-li-name; exact-district-li-name
2002,北投區,稻香里,稻香里,李應元,馬英九,873,1883,31.676343,68.323657,-36.647315,data/raw/openfun/tw.gov.cec~txn~candidates-votes/2002/李應元-village-votes-page-1.json;data/raw/openfun/tw.gov.cec~txn~candidates-votes/2002/馬英九-village-votes-page-1.json,matched,exact-district-li-name; exact-district-li-name
2002,北投區,豐年里,豐年里,李應元,馬英九,917,1549,37.185726,62.814274,-25.628548,data/raw/openfun/tw.gov.cec~txn~candidates-votes/2002/李應元-village-votes-page-1.json;data/raw/openfun/tw.gov.cec~txn~candidates-votes/2002/馬英九-village-votes-page-1.json,matched,exact-district-li-name; exact-district-li-name
2002,北投區,關渡里,關渡里,李應元,馬英九,2151,3488,38.145061,61.854939,-23.709878,data/raw/openfun/tw.gov.cec~txn~candidates-votes/2002/李應元-village-votes-page-1.json;data/raw/openfun/tw.gov.cec~txn~candidates-votes/2002/馬英九-village-votes-page-1.json,matched,exact-district-li-name; exact-district-li-name
2002,松山區,三民里,三民里,李應元,馬英九,1248,2649,32.024634,67.975366,-35.950731,data/raw/openfun/tw.gov.cec~txn~candidates-votes/2002/李應元-village-votes-page-3.json;data/raw/openfun/tw.gov.cec~txn~candidates-votes/2002/馬英九-village-votes-page-3.json,matched,exact-district-li-name; exact-district-li-name
2002,松山區,中正里,中正里,李應元,馬英九,1700,2375,41.717791,58.282209,-16.564417,data/raw/openfun/tw.gov.cec~txn~candidates-votes/2002/李應元-village-votes-page-3.json;data/raw/openfun/tw.gov.cec~txn~candidates-votes/2002/馬英九-village-votes-page-3.json,matched,exact-district-li-name; exact-district-li-name
2002,松山區,中崙里,中崙里,李應元,馬英九,870,1329,39.563438,60.436562,-20.873124,data/raw/openfun/tw.gov.cec~txn~candidates-votes/2002/李應元-village-votes-page-3.json;data/raw/openfun/tw.gov.cec~txn~candidates-votes/2002/馬英九-village-votes-page-3.json,matched,exact-district-li-name; exact-district-li-name
2002,松山區,中華里,中華里,李應元,馬英九,1059,2281,31.706587,68.293413,-36.586826,data/raw/openfun/tw.gov.cec~txn~candidates-votes/2002/李應元-village-votes-page-3.json;data/raw/openfun/tw.gov.cec~txn~candidates-votes/2002/馬英九-village-votes-page-3.json,matched,exact-district-li-name; exact-district-li-name
2002,松山區,介壽里,介壽里,李應元,馬英九,967,1499,39.213301,60.786699,-21.573398,data/raw/openfun/tw.gov.cec~txn~candidates-votes/2002/李應元-village-votes-page-3.json;data/raw/openfun/tw.gov.cec~txn~candidates-votes/2002/馬英九-village-votes-page-3.json,matched,exact-district-li-name; exact-district-li-name
2002,松山區,民有里,民有里,李應元,馬英九,1816,2845,38.961596,61.038404,-22.076808,data/raw/openfun/tw.gov.cec~txn~candidates-votes/2002/李應元-village-votes-page-3.json;data/raw/openfun/tw.gov.cec~txn~candidates-votes/2002/馬英九-village-votes-page-3.json,matched,exact-district-li-name; exact-district-li-name
2002,松山區,民福里,民福里,李應元,馬英九,1111,2752,28.760031,71.239969,-42.479938,data/raw/openfun/tw.gov.cec~txn~candidates-votes/2002/李應元-village-votes-page-3.json;data/raw/openfun/tw.gov.cec~txn~candidates-votes/2002/馬英九-village-votes-page-3.json,matched,exact-district-li-name; exact-district-li-name
2002,松山區,吉仁里,吉仁里,李應元,馬英九,788,1395,36.097114,63.902886,-27.805772,data/raw/openfun/tw.gov.cec~txn~candidates-votes/2002/李應元-village-votes-page-3.json;data/raw/openfun/tw.gov.cec~txn~candidates-votes/2002/馬英九-village-votes-page-3.json,matched,exact-district-li-name; exact-district-li-name
2002,松山區,吉祥里,吉祥里,李應元,馬英九,1575,2868,35.449021,64.550979,-29.101958,data/raw/openfun/tw.gov.cec~txn~candidates-votes/2002/李應元-village-votes-page-3.json;data/raw/openfun/tw.gov.cec~txn~candidates-votes/2002/馬英九-village-votes-page-3.json,matched,exact-district-li-name; exact-district-li-name
2002,松山區,安平里,安平里,李應元,馬英九,2235,2851,43.944160,56.055840,-12.111679,data/raw/openfun/tw.gov.cec~txn~candidates-votes/2002/李應元-village-votes-page-3.json;data/raw/openfun/tw.gov.cec~txn~candidates-votes/2002/馬英九-village-votes-page-3.json,matched,exact-district-li-name; exact-district-li-name
2002,松山區,自強里,自強里,李應元,馬英九,646,3403,15.954557,84.045443,-68.090887,data/raw/openfun/tw.gov.cec~txn~candidates-votes/2002/李應元-village-votes-page-3.json;data/raw/openfun/tw.gov.cec~txn~candidates-votes/2002/馬英九-village-votes-page-3.json,matched,exact-district-li-name; exact-district-li-name
2002,松山區,東光里,東光里,李應元,馬英九,1413,2754,33.909287,66.090713,-32.181425,data/raw/openfun/tw.gov.cec~txn~candidates-votes/2002/李應元-village-votes-page-3.json;data/raw/openfun/tw.gov.cec~txn~candidates-votes/2002/馬英九-village-votes-page-3.json,matched,exact-district-li-name; exact-district-li-name
2002,松山區,東昌里,東昌里,李應元,馬英九,586,949,38.175896,61.824104,-23.648208,data/raw/openfun/tw.gov.cec~txn~candidates-votes/2002/李應元-village-votes-page-3.json;data/raw/openfun/tw.gov.cec~txn~candidates-votes/2002/馬英九-village-votes-page-3.json,matched,exact-district-li-name; exact-district-li-name
2002,松山區,東勢里,東勢里,李應元,馬英九,901,1479,37.857143,62.142857,-24.285714,data/raw/openfun/tw.gov.cec~txn~candidates-votes/2002/李應元-village-votes-page-3.json;data/raw/openfun/tw.gov.cec~txn~candidates-votes/2002/馬英九-village-votes-page-3.json,matched,exact-district-li-name; exact-district-li-name
2002,松山區,東榮里,東榮里,李應元,馬英九,1707,2987,36.365573,63.634427,-27.268854,data/raw/openfun/tw.gov.cec~txn~candidates-votes/2002/李應元-village-votes-page-3.json;data/raw/openfun/tw.gov.cec~txn~candidates-votes/2002/馬英九-village-votes-page-3.json,matched,exact-district-li-name; exact-district-li-name
2002,松山區,松基里,松基里,李應元,馬英九,828,1270,39.466158,60.533842,-21.067684,data/raw/openfun/tw.gov.cec~txn~candidates-votes/2002/李應元-village-votes-page-3.json;data/raw/openfun/tw.gov.cec~txn~candidates-votes/2002/馬英九-village-votes-page-3.json,matched,exact-district-li-name; exact-district-li-name
2002,松山區,美仁里,美仁里,李應元,馬英九,701,1048,40.080046,59.919954,-19.839909,data/raw/openfun/tw.gov.cec~txn~candidates-votes/2002/李應元-village-votes-page-3.json;data/raw/openfun/tw.gov.cec~txn~candidates-votes/2002/馬英九-village-votes-page-3.json,matched,exact-district-li-name; exact-district-li-name
2002,松山區,莊敬里,莊敬里,李應元,馬英九,1162,2273,33.828239,66.171761,-32.343523,data/raw/openfun/tw.gov.cec~txn~candidates-votes/2002/李應元-village-votes-page-3.json;data/raw/openfun/tw.gov.cec~txn~candidates-votes/2002/馬英九-village-votes-page-3.json,matched,exact-district-li-name; exact-district-li-name
2002,松山區,富泰里,富泰里,李應元,馬英九,734,1772,29.289705,70.710295,-41.420591,data/raw/openfun/tw.gov.cec~txn~candidates-votes/2002/李應元-village-votes-page-3.json;data/raw/openfun/tw.gov.cec~txn~candidates-votes/2002/馬英九-village-votes-page-3.json,matched,exact-district-li-name; exact-district-li-name
2002,松山區,富錦里,富錦里,李應元,馬英九,945,2026,31.807472,68.192528,-36.385056,data/raw/openfun/tw.gov.cec~txn~candidates-votes/2002/李應元-village-votes-page-3.json;data/raw/openfun/tw.gov.cec~txn~candidates-votes/2002/馬英九-village-votes-page-3.json,matched,exact-district-li-name; exact-district-li-name
2002,松山區,復建里,復建里,李應元,馬英九,703,1380,33.749400,66.250600,-32.501200,data/raw/openfun/tw.gov.cec~txn~candidates-votes/2002/李應元-village-votes-page-3.json;data/raw/openfun/tw.gov.cec~txn~candidates-votes/2002/馬英九-village-votes-page-3.json,matched,exact-district-li-name; exact-district-li-name
2002,松山區,復盛里,復盛里,李應元,馬英九,1228,2446,33.424061,66.575939,-33.151878,data/raw/openfun/tw.gov.cec~txn~candidates-votes/2002/李應元-village-votes-page-3.json;data/raw/openfun/tw.gov.cec~txn~candidates-votes/2002/馬英九-village-votes-page-3.json,matched,exact-district-li-name; exact-district-li-name
2002,松山區,復勢里,復勢里,李應元,馬英九,1308,1961,40.012236,59.987764,-19.975528,data/raw/openfun/tw.gov.cec~txn~candidates-votes/2002/李應元-village-votes-page-3.json;data/raw/openfun/tw.gov.cec~txn~candidates-votes/2002/馬英九-village-votes-page-3.json,matched,exact-district-li-name; exact-district-li-name
2002,松山區,復源里,復源里,李應元,馬英九,540,1149,31.971581,68.028419,-36.056838,data/raw/openfun/tw.gov.cec~txn~candidates-votes/2002/李應元-village-votes-page-3.json;data/raw/openfun/tw.gov.cec~txn~candidates-votes/2002/馬英九-village-votes-page-3.json,matched,exact-district-li-name; exact-district-li-name
2002,松山區,敦化里,敦化里,李應元,馬英九,1538,2312,39.948052,60.051948,-20.103896,data/raw/openfun/tw.gov.cec~txn~candidates-votes/2002/李應元-village-votes-page-3.json;data/raw/openfun/tw.gov.cec~txn~candidates-votes/2002/馬英九-village-votes-page-3.json,matched,exact-district-li-name; exact-district-li-name
2002,松山區,新東里,新東里,李應元,馬英九,1015,1800,36.056838,63.943162,-27.886323,data/raw/openfun/tw.gov.cec~txn~candidates-votes/2002/李應元-village-votes-page-3.json;data/raw/openfun/tw.gov.cec~txn~candidates-votes/2002/馬英九-village-votes-page-3.json,matched,exact-district-li-name; exact-district-li-name
2002,松山區,新益里,新益里,李應元,馬英九,1010,1607,38.593810,61.406190,-22.812381,data/raw/openfun/tw.gov.cec~txn~candidates-votes/2002/李應元-village-votes-page-3.json;data/raw/openfun/tw.gov.cec~txn~candidates-votes/2002/馬英九-village-votes-page-3.json,matched,exact-district-li-name; exact-district-li-name
2002,松山區,新聚里,新聚里,李應元,馬英九,1552,2550,37.835202,62.164798,-24.329595,data/raw/openfun/tw.gov.cec~txn~candidates-votes/2002/李應元-village-votes-page-3.json;data/raw/openfun/tw.gov.cec~txn~candidates-votes/2002/馬英九-village-votes-page-3.json,matched,exact-district-li-name; exact-district-li-name
2002,松山區,慈祐里,慈祐里,李應元,馬英九,1590,1690,48.475610,51.524390,-3.048780,data/raw/openfun/tw.gov.cec~txn~candidates-votes/2002/李應元-village-votes-page-3.json;data/raw/openfun/tw.gov.cec~txn~candidates-votes/2002/馬英九-village-votes-page-3.json,matched,exact-district-li-name; exact-district-li-name
2002,松山區,福成里,福成里,李應元,馬英九,560,906,38.199181,61.800819,-23.601637,data/raw/openfun/tw.gov.cec~txn~candidates-votes/2002/李應元-village-votes-page-3.json;data/raw/openfun/tw.gov.cec~txn~candidates-votes/2002/馬英九-village-votes-page-3.json,matched,exact-district-li-name; exact-district-li-name
2002,松山區,精忠里,精忠里,李應元,馬英九,763,1689,31.117455,68.882545,-37.765090,data/raw/openfun/tw.gov.cec~txn~candidates-votes/2002/李應元-village-votes-page-3.json;data/raw/openfun/tw.gov.cec~txn~candidates-votes/2002/馬英九-village-votes-page-3.json,matched,exact-district-li-name; exact-district-li-name
2002,松山區,龍田里,龍田里,李應元,馬英九,689,2620,20.822001,79.177999,-58.355999,data/raw/openfun/tw.gov.cec~txn~candidates-votes/2002/李應元-village-votes-page-3.json;data/raw/openfun/tw.gov.cec~txn~candidates-votes/2002/馬英九-village-votes-page-3.json,matched,exact-district-li-name; exact-district-li-name
2002,松山區,鵬程里,鵬程里,李應元,馬英九,826,2549,24.474074,75.525926,-51.051852,data/raw/openfun/tw.gov.cec~txn~candidates-votes/2002/李應元-village-votes-page-3.json;data/raw/openfun/tw.gov.cec~txn~candidates-votes/2002/馬英九-village-votes-page-3.json,matched,exact-district-li-name; exact-district-li-name
2002,信義區,三張里,三張里,李應元,馬英九,1484,3930,27.410417,72.589583,-45.179165,data/raw/openfun/tw.gov.cec~txn~candidates-votes/2002/李應元-village-votes-page-4.json;data/raw/openfun/tw.gov.cec~txn~candidates-votes/2002/馬英九-village-votes-page-4.json,matched,exact-district-li-name; exact-district-li-name
2002,信義區,三犁里,三犁里,李應元,馬英九,841,2050,29.090280,70.909720,-41.819440,data/raw/openfun/tw.gov.cec~txn~candidates-votes/2002/李應元-village-votes-page-4.json;data/raw/openfun/tw.gov.cec~txn~candidates-votes/2002/馬英九-village-votes-page-4.json,matched,exact-district-li-name; exact-district-li-name
2002,信義區,大仁里,大仁里,李應元,馬英九,1046,2141,32.820835,67.179165,-34.358331,data/raw/openfun/tw.gov.cec~txn~candidates-votes/2002/李應元-village-votes-page-3.json;data/raw/openfun/tw.gov.cec~txn~candidates-votes/2002/馬英九-village-votes-page-3.json,matched,exact-district-li-name; exact-district-li-name
2002,信義區,大道里,大道里,李應元,馬英九,1437,2432,37.141380,62.858620,-25.717240,data/raw/openfun/tw.gov.cec~txn~candidates-votes/2002/李應元-village-votes-page-3.json;data/raw/openfun/tw.gov.cec~txn~candidates-votes/2002/馬英九-village-votes-page-3.json,matched,exact-district-li-name; exact-district-li-name
2002,信義區,中行里,中行里,李應元,馬英九,1716,2926,36.966825,63.033175,-26.066351,data/raw/openfun/tw.gov.cec~txn~candidates-votes/2002/李應元-village-votes-page-3.json;data/raw/openfun/tw.gov.cec~txn~candidates-votes/2002/馬英九-village-votes-page-3.json,matched,exact-district-li-name; exact-district-li-name
2002,信義區,中坡里,中坡里,李應元,馬英九,925,1785,34.132841,65.867159,-31.734317,data/raw/openfun/tw.gov.cec~txn~candidates-votes/2002/李應元-village-votes-page-3.json;data/raw/openfun/tw.gov.cec~txn~candidates-votes/2002/馬英九-village-votes-page-3.json,matched,exact-district-li-name; exact-district-li-name
2002,信義區,中興里,中興里,李應元,馬英九,513,1071,32.386364,67.613636,-35.227273,data/raw/openfun/tw.gov.cec~txn~candidates-votes/2002/李應元-village-votes-page-3.json;data/raw/openfun/tw.gov.cec~txn~candidates-votes/2002/馬英九-village-votes-page-3.json,matched,exact-district-li-name; exact-district-li-name
2002,信義區,五全里,五全里,李應元,馬英九,1260,1704,42.510121,57.489879,-14.979757,data/raw/openfun/tw.gov.cec~txn~candidates-votes/2002/李應元-village-votes-page-3.json;data/raw/openfun/tw.gov.cec~txn~candidates-votes/2002/馬英九-village-votes-page-3.json,matched,exact-district-li-name; exact-district-li-name
2002,信義區,五常里,五常里,李應元,馬英九,751,1381,35.225141,64.774859,-29.549719,data/raw/openfun/tw.gov.cec~txn~candidates-votes/2002/李應元-village-votes-page-3.json;data/raw/openfun/tw.gov.cec~txn~candidates-votes/2002/馬英九-village-votes-page-3.json,matched,exact-district-li-name; exact-district-li-name
2002,信義區,六合里,六合里,李應元,馬英九,893,2806,24.141660,75.858340,-51.716680,data/raw/openfun/tw.gov.cec~txn~candidates-votes/2002/李應元-village-votes-page-4.json;data/raw/openfun/tw.gov.cec~txn~candidates-votes/2002/馬英九-village-votes-page-4.json,matched,exact-district-li-name; exact-district-li-name
2002,信義區,六藝里,六藝里,李應元,馬英九,813,1290,38.659058,61.340942,-22.681883,data/raw/openfun/tw.gov.cec~txn~candidates-votes/2002/李應元-village-votes-page-3.json;data/raw/openfun/tw.gov.cec~txn~candidates-votes/2002/馬英九-village-votes-page-3.json,matched,exact-district-li-name; exact-district-li-name
2002,信義區,四育里,四育里,李應元,馬英九,1420,1924,42.464115,57.535885,-15.071770,data/raw/openfun/tw.gov.cec~txn~candidates-votes/2002/李應元-village-votes-page-3.json;data/raw/openfun/tw.gov.cec~txn~candidates-votes/2002/馬英九-village-votes-page-3.json,matched,exact-district-li-name; exact-district-li-name
2002,信義區,四維里,四維里,李應元,馬英九,974,2141,31.268058,68.731942,-37.463884,data/raw/openfun/tw.gov.cec~txn~candidates-votes/2002/李應元-village-votes-page-3.json;data/raw/openfun/tw.gov.cec~txn~candidates-votes/2002/馬英九-village-votes-page-3.json,matched,exact-district-li-name; exact-district-li-name
2002,信義區,正和里,正和里,李應元,馬英九,768,1995,27.795874,72.204126,-44.408252,data/raw/openfun/tw.gov.cec~txn~candidates-votes/2002/李應元-village-votes-page-3.json;data/raw/openfun/tw.gov.cec~txn~candidates-votes/2002/馬英九-village-votes-page-3.json,matched,exact-district-li-name; exact-district-li-name
2002,信義區,永吉里,永吉里,李應元,馬英九,1202,1357,46.971473,53.028527,-6.057054,data/raw/openfun/tw.gov.cec~txn~candidates-votes/2002/李應元-village-votes-page-3.json;data/raw/openfun/tw.gov.cec~txn~candidates-votes/2002/馬英九-village-votes-page-3.json,matched,exact-district-li-name; exact-district-li-name
2002,信義區,永春里,永春里,李應元,馬英九,1201,1928,38.382870,61.617130,-23.234260,data/raw/openfun/tw.gov.cec~txn~candidates-votes/2002/李應元-village-votes-page-3.json;data/raw/openfun/tw.gov.cec~txn~candidates-votes/2002/馬英九-village-votes-page-3.json,matched,exact-district-li-name; exact-district-li-name
2002,信義區,安康里,安康里,李應元,馬英九,1267,2696,31.970729,68.029271,-36.058542,data/raw/openfun/tw.gov.cec~txn~candidates-votes/2002/李應元-village-votes-page-3.json;data/raw/openfun/tw.gov.cec~txn~candidates-votes/2002/馬英九-village-votes-page-3.json,matched,exact-district-li-name; exact-district-li-name
2002,信義區,西村里,西村里,李應元,馬英九,457,2410,15.940007,84.059993,-68.119986,data/raw/openfun/tw.gov.cec~txn~candidates-votes/2002/李應元-village-votes-page-3.json;data/raw/openfun/tw.gov.cec~txn~candidates-votes/2002/馬英九-village-votes-page-3.json,matched,exact-district-li-name; exact-district-li-name
2002,信義區,松友里,松友里,李應元,馬英九,1048,2519,29.380432,70.619568,-41.239137,data/raw/openfun/tw.gov.cec~txn~candidates-votes/2002/李應元-village-votes-page-3.json;data/raw/openfun/tw.gov.cec~txn~candidates-votes/2002/馬英九-village-votes-page-3.json,matched,exact-district-li-name; exact-district-li-name
2002,信義區,松光里,松光里,李應元,馬英九,1214,2092,36.721113,63.278887,-26.557774,data/raw/openfun/tw.gov.cec~txn~candidates-votes/2002/李應元-village-votes-page-3.json;data/raw/openfun/tw.gov.cec~txn~candidates-votes/2002/馬英九-village-votes-page-3.json,matched,exact-district-li-name; exact-district-li-name
2002,信義區,松隆里,松隆里,李應元,馬英九,530,1129,31.946956,68.053044,-36.106088,data/raw/openfun/tw.gov.cec~txn~candidates-votes/2002/李應元-village-votes-page-3.json;data/raw/openfun/tw.gov.cec~txn~candidates-votes/2002/馬英九-village-votes-page-3.json,matched,exact-district-li-name; exact-district-li-name
2002,信義區,長春里,長春里,李應元,馬英九,970,1551,38.476795,61.523205,-23.046410,data/raw/openfun/tw.gov.cec~txn~candidates-votes/2002/李應元-village-votes-page-3.json;data/raw/openfun/tw.gov.cec~txn~candidates-votes/2002/馬英九-village-votes-page-3.json,matched,exact-district-li-name; exact-district-li-name
2002,信義區,泰和里,泰和里,李應元,馬英九,1336,3275,28.974192,71.025808,-42.051616,data/raw/openfun/tw.gov.cec~txn~candidates-votes/2002/李應元-village-votes-page-4.json;data/raw/openfun/tw.gov.cec~txn~candidates-votes/2002/馬英九-village-votes-page-4.json,matched,exact-district-li-name; exact-district-li-name
2002,信義區,國業里,國業里,李應元,馬英九,1290,2800,31.540342,68.459658,-36.919315,data/raw/openfun/tw.gov.cec~txn~candidates-votes/2002/李應元-village-votes-page-3.json;data/raw/openfun/tw.gov.cec~txn~candidates-votes/2002/馬英九-village-votes-page-3.json,matched,exact-district-li-name; exact-district-li-name
2002,信義區,富台里,富台里,李應元,馬英九,435,1744,19.963286,80.036714,-60.073428,data/raw/openfun/tw.gov.cec~txn~candidates-votes/2002/李應元-village-votes-page-3.json;data/raw/openfun/tw.gov.cec~txn~candidates-votes/2002/馬英九-village-votes-page-3.json,matched,exact-district-li-name; exact-district-li-name
2002,信義區,惠安里,惠安里,李應元,馬英九,1071,2912,26.889279,73.110721,-46.221441,data/raw/openfun/tw.gov.cec~txn~candidates-votes/2002/李應元-village-votes-page-4.json;data/raw/openfun/tw.gov.cec~txn~candidates-votes/2002/馬英九-village-votes-page-4.json,matched,exact-district-li-name; exact-district-li-name
2002,信義區,敦厚里,敦厚里,李應元,馬英九,904,1735,34.255400,65.744600,-31.489200,data/raw/openfun/tw.gov.cec~txn~candidates-votes/2002/李應元-village-votes-page-3.json;data/raw/openfun/tw.gov.cec~txn~candidates-votes/2002/馬英九-village-votes-page-3.json,matched,exact-district-li-name; exact-district-li-name
2002,信義區,景勤里,景勤里,李應元,馬英九,718,1944,26.972201,73.027799,-46.055597,data/raw/openfun/tw.gov.cec~txn~candidates-votes/2002/李應元-village-votes-page-4.json;data/raw/openfun/tw.gov.cec~txn~candidates-votes/2002/馬英九-village-votes-page-4.json,matched,exact-district-li-name; exact-district-li-name
2002,信義區,景新里,景新里,李應元,馬英九,711,2031,25.929978,74.070022,-48.140044,data/raw/openfun/tw.gov.cec~txn~candidates-votes/2002/李應元-village-votes-page-3.json;data/raw/openfun/tw.gov.cec~txn~candidates-votes/2002/李應元-village-votes-page-4.json;data/raw/openfun/tw.gov.cec~txn~candidates-votes/2002/馬英九-village-votes-page-3.json;data/raw/openfun/tw.gov.cec~txn~candidates-votes/2002/馬英九-village-votes-page-4.json,matched,exact-district-li-name; exact-district-li-name
2002,信義區,景聯里,景聯里,李應元,馬英九,920,1846,33.261027,66.738973,-33.477946,data/raw/openfun/tw.gov.cec~txn~candidates-votes/2002/李應元-village-votes-page-4.json;data/raw/openfun/tw.gov.cec~txn~candidates-votes/2002/馬英九-village-votes-page-4.json,matched,exact-district-li-name; exact-district-li-name
2002,信義區,雅祥里,雅祥里,李應元,馬英九,1048,1636,39.046200,60.953800,-21.907601,data/raw/openfun/tw.gov.cec~txn~candidates-votes/2002/李應元-village-votes-page-3.json;data/raw/openfun/tw.gov.cec~txn~candidates-votes/2002/馬英九-village-votes-page-3.json,matched,exact-district-li-name; exact-district-li-name
2002,信義區,新仁里,新仁里,李應元,馬英九,559,1747,24.241110,75.758890,-51.517780,data/raw/openfun/tw.gov.cec~txn~candidates-votes/2002/李應元-village-votes-page-3.json;data/raw/openfun/tw.gov.cec~txn~candidates-votes/2002/馬英九-village-votes-page-3.json,matched,exact-district-li-name; exact-district-li-name
2002,信義區,嘉興里,嘉興里,李應元,馬英九,674,1226,35.473684,64.526316,-29.052632,data/raw/openfun/tw.gov.cec~txn~candidates-votes/2002/李應元-village-votes-page-4.json;data/raw/openfun/tw.gov.cec~txn~candidates-votes/2002/馬英九-village-votes-page-4.json,matched,exact-district-li-name; exact-district-li-name
2002,信義區,廣居里,廣居里,李應元,馬英九,1179,2844,29.306488,70.693512,-41.387025,data/raw/openfun/tw.gov.cec~txn~candidates-votes/2002/李應元-village-votes-page-3.json;data/raw/openfun/tw.gov.cec~txn~candidates-votes/2002/馬英九-village-votes-page-3.json,matched,exact-district-li-name; exact-district-li-name
2002,信義區,黎平里,黎平里,李應元,馬英九,1286,2748,31.879028,68.120972,-36.241943,data/raw/openfun/tw.gov.cec~txn~candidates-votes/2002/李應元-village-votes-page-4.json;data/raw/openfun/tw.gov.cec~txn~candidates-votes/2002/馬英九-village-votes-page-4.json,matched,exact-district-li-name; exact-district-li-name
2002,信義區,黎安里,黎安里,李應元,馬英九,266,1429,15.693215,84.306785,-68.613569,data/raw/openfun/tw.gov.cec~txn~candidates-votes/2002/李應元-village-votes-page-4.json;data/raw/openfun/tw.gov.cec~txn~candidates-votes/2002/馬英九-village-votes-page-4.json,matched,exact-district-li-name; exact-district-li-name
2002,信義區,黎忠里,黎忠里,李應元,馬英九,914,1944,31.980406,68.019594,-36.039188,data/raw/openfun/tw.gov.cec~txn~candidates-votes/2002/李應元-village-votes-page-4.json;data/raw/openfun/tw.gov.cec~txn~candidates-votes/2002/馬英九-village-votes-page-4.json,matched,exact-district-li-name; exact-district-li-name
2002,信義區,黎順里,黎順里,李應元,馬英九,718,1753,29.057062,70.942938,-41.885876,data/raw/openfun/tw.gov.cec~txn~candidates-votes/2002/李應元-village-votes-page-4.json;data/raw/openfun/tw.gov.cec~txn~candidates-votes/2002/馬英九-village-votes-page-4.json,matched,exact-district-li-name; exact-district-li-name
2002,信義區,興隆里,興隆里,李應元,馬英九,471,1257,27.256944,72.743056,-45.486111,data/raw/openfun/tw.gov.cec~txn~candidates-votes/2002/李應元-village-votes-page-3.json;data/raw/openfun/tw.gov.cec~txn~candidates-votes/2002/馬英九-village-votes-page-3.json,matched,exact-district-li-name; exact-district-li-name
2002,信義區,興雅里,興雅里,李應元,馬英九,1165,2235,34.264706,65.735294,-31.470588,data/raw/openfun/tw.gov.cec~txn~candidates-votes/2002/李應元-village-votes-page-3.json;data/raw/openfun/tw.gov.cec~txn~candidates-votes/2002/馬英九-village-votes-page-3.json,matched,exact-district-li-name; exact-district-li-name
2002,信義區,雙和里,雙和里,李應元,馬英九,1221,3047,28.608247,71.391753,-42.783505,data/raw/openfun/tw.gov.cec~txn~candidates-votes/2002/李應元-village-votes-page-4.json;data/raw/openfun/tw.gov.cec~txn~candidates-votes/2002/馬英九-village-votes-page-4.json,matched,exact-district-li-name; exact-district-li-name
2002,南港區,九如里,九如里,李應元,馬英九,905,2329,27.983921,72.016079,-44.032158,data/raw/openfun/tw.gov.cec~txn~candidates-votes/2002/李應元-village-votes-page-3.json;data/raw/openfun/tw.gov.cec~txn~candidates-votes/2002/馬英九-village-votes-page-3.json,matched,exact-district-li-name; exact-district-li-name
2002,南港區,三重里,三重里,李應元,馬英九,749,1212,38.194799,61.805201,-23.610403,data/raw/openfun/tw.gov.cec~txn~candidates-votes/2002/李應元-village-votes-page-2.json;data/raw/openfun/tw.gov.cec~txn~candidates-votes/2002/馬英九-village-votes-page-2.json,matched,exact-district-li-name; exact-district-li-name
2002,南港區,中南里,中南里,李應元,馬英九,933,1461,38.972431,61.027569,-22.055138,data/raw/openfun/tw.gov.cec~txn~candidates-votes/2002/李應元-village-votes-page-2.json;data/raw/openfun/tw.gov.cec~txn~candidates-votes/2002/馬英九-village-votes-page-2.json,matched,exact-district-li-name; exact-district-li-name
2002,南港區,中研里,中研里,李應元,馬英九,1723,3543,32.719332,67.280668,-34.561337,data/raw/openfun/tw.gov.cec~txn~candidates-votes/2002/李應元-village-votes-page-3.json;data/raw/openfun/tw.gov.cec~txn~candidates-votes/2002/馬英九-village-votes-page-3.json,matched,exact-district-li-name; exact-district-li-name
2002,南港區,仁福里,仁福里,李應元,馬英九,791,2164,26.768190,73.231810,-46.463621,data/raw/openfun/tw.gov.cec~txn~candidates-votes/2002/李應元-village-votes-page-3.json;data/raw/openfun/tw.gov.cec~txn~candidates-votes/2002/馬英九-village-votes-page-3.json,matched,exact-district-li-name; exact-district-li-name
2002,南港區,玉成里,玉成里,李應元,馬英九,1057,1609,39.647412,60.352588,-20.705176,data/raw/openfun/tw.gov.cec~txn~candidates-votes/2002/李應元-village-votes-page-2.json;data/raw/openfun/tw.gov.cec~txn~candidates-votes/2002/馬英九-village-votes-page-2.json,matched,exact-district-li-name; exact-district-li-name
2002,南港區,合成里,合成里,李應元,馬英九,1340,2250,37.325905,62.674095,-25.348189,data/raw/openfun/tw.gov.cec~txn~candidates-votes/2002/李應元-village-votes-page-3.json;data/raw/openfun/tw.gov.cec~txn~candidates-votes/2002/馬英九-village-votes-page-3.json,matched,exact-district-li-name; exact-district-li-name
2002,南港區,成福里,成福里,李應元,馬英九,1327,2997,30.689177,69.310823,-38.621647,data/raw/openfun/tw.gov.cec~txn~candidates-votes/2002/李應元-village-votes-page-3.json;data/raw/openfun/tw.gov.cec~txn~candidates-votes/2002/馬英九-village-votes-page-3.json,matched,exact-district-li-name; exact-district-li-name
2002,南港區,百福里,百福里,李應元,馬英九,1050,1866,36.008230,63.991770,-27.983539,data/raw/openfun/tw.gov.cec~txn~candidates-votes/2002/李應元-village-votes-page-3.json;data/raw/openfun/tw.gov.cec~txn~candidates-votes/2002/馬英九-village-votes-page-3.json,matched,exact-district-li-name; exact-district-li-name
2002,南港區,西新里,西新里,李應元,馬英九,1139,1344,45.871929,54.128071,-8.256142,data/raw/openfun/tw.gov.cec~txn~candidates-votes/2002/李應元-village-votes-page-2.json;data/raw/openfun/tw.gov.cec~txn~candidates-votes/2002/馬英九-village-votes-page-2.json,matched,exact-district-li-name; exact-district-li-name
2002,南港區,東明里,東明里,李應元,馬英九,811,1842,30.569167,69.430833,-38.861666,data/raw/openfun/tw.gov.cec~txn~candidates-votes/2002/李應元-village-votes-page-2.json;data/raw/openfun/tw.gov.cec~txn~candidates-votes/2002/馬英九-village-votes-page-2.json,matched,exact-district-li-name; exact-district-li-name
2002,南港區,東新里,東新里,李應元,馬英九,1293,2529,33.830455,66.169545,-32.339089,data/raw/openfun/tw.gov.cec~txn~candidates-votes/2002/李應元-village-votes-page-2.json;data/raw/openfun/tw.gov.cec~txn~candidates-votes/2002/馬英九-village-votes-page-2.json,matched,exact-district-li-name; exact-district-li-name
2002,南港區,南港里,南港里,李應元,馬英九,1175,2008,36.914860,63.085140,-26.170280,data/raw/openfun/tw.gov.cec~txn~candidates-votes/2002/李應元-village-votes-page-2.json;data/raw/openfun/tw.gov.cec~txn~candidates-votes/2002/馬英九-village-votes-page-2.json,matched,exact-district-li-name; exact-district-li-name
2002,南港區,新光里,新光里,李應元,馬英九,713,1732,29.161554,70.838446,-41.676892,data/raw/openfun/tw.gov.cec~txn~candidates-votes/2002/李應元-village-votes-page-2.json;data/raw/openfun/tw.gov.cec~txn~candidates-votes/2002/馬英九-village-votes-page-2.json,matched,exact-district-li-name; exact-district-li-name
2002,南港區,新富里,新富里,李應元,馬英九,962,1407,40.607851,59.392149,-18.784297,data/raw/openfun/tw.gov.cec~txn~candidates-votes/2002/李應元-village-votes-page-2.json;data/raw/openfun/tw.gov.cec~txn~candidates-votes/2002/馬英九-village-votes-page-2.json,matched,exact-district-li-name; exact-district-li-name
2002,南港區,萬福里,萬福里,李應元,馬英九,742,1801,29.178136,70.821864,-41.643728,data/raw/openfun/tw.gov.cec~txn~candidates-votes/2002/李應元-village-votes-page-3.json;data/raw/openfun/tw.gov.cec~txn~candidates-votes/2002/馬英九-village-votes-page-3.json,matched,exact-district-li-name; exact-district-li-name
2002,南港區,聯成里,聯成里,李應元,馬英九,993,2141,31.684748,68.315252,-36.630504,data/raw/openfun/tw.gov.cec~txn~candidates-votes/2002/李應元-village-votes-page-3.json;data/raw/openfun/tw.gov.cec~txn~candidates-votes/2002/馬英九-village-votes-page-3.json,matched,exact-district-li-name; exact-district-li-name
2002,南港區,鴻福里,鴻福里,李應元,馬英九,979,1703,36.502610,63.497390,-26.994780,data/raw/openfun/tw.gov.cec~txn~candidates-votes/2002/李應元-village-votes-page-3.json;data/raw/openfun/tw.gov.cec~txn~candidates-votes/2002/馬英九-village-votes-page-3.json,matched,exact-district-li-name; exact-district-li-name
2002,南港區,舊莊里,舊莊里,李應元,馬英九,1643,3058,34.950011,65.049989,-30.099979,data/raw/openfun/tw.gov.cec~txn~candidates-votes/2002/李應元-village-votes-page-3.json;data/raw/openfun/tw.gov.cec~txn~candidates-votes/2002/馬英九-village-votes-page-3.json,matched,exact-district-li-name; exact-district-li-name
2002,萬華區,仁德里,仁德里,李應元,馬英九,1117,1513,42.471483,57.528517,-15.057034,data/raw/openfun/tw.gov.cec~txn~candidates-votes/2002/李應元-village-votes-page-5.json;data/raw/openfun/tw.gov.cec~txn~candidates-votes/2002/馬英九-village-votes-page-5.json,matched,exact-district-li-name; exact-district-li-name
2002,萬華區,日祥里,日祥里,李應元,馬英九,894,2651,25.218618,74.781382,-49.562764,data/raw/openfun/tw.gov.cec~txn~candidates-votes/2002/李應元-village-votes-page-5.json;data/raw/openfun/tw.gov.cec~txn~candidates-votes/2002/馬英九-village-votes-page-5.json,matched,exact-district-li-name; exact-district-li-name
2002,萬華區,日善里,日善里,李應元,馬英九,997,1280,43.785683,56.214317,-12.428634,data/raw/openfun/tw.gov.cec~txn~candidates-votes/2002/李應元-village-votes-page-5.json;data/raw/openfun/tw.gov.cec~txn~candidates-votes/2002/馬英九-village-votes-page-5.json,matched,exact-district-li-name; exact-district-li-name
2002,萬華區,全德里,全德里,李應元,馬英九,1026,1394,42.396694,57.603306,-15.206612,data/raw/openfun/tw.gov.cec~txn~candidates-votes/2002/李應元-village-votes-page-5.json;data/raw/openfun/tw.gov.cec~txn~candidates-votes/2002/馬英九-village-votes-page-5.json,matched,exact-district-li-name; exact-district-li-name
2002,萬華區,西門里,西門里,李應元,馬英九,636,1230,34.083601,65.916399,-31.832797,data/raw/openfun/tw.gov.cec~txn~candidates-votes/2002/李應元-village-votes-page-5.json;data/raw/openfun/tw.gov.cec~txn~candidates-votes/2002/馬英九-village-votes-page-5.json,matched,exact-district-li-name; exact-district-li-name
2002,萬華區,孝德里,孝德里,李應元,馬英九,961,959,50.052083,49.947917,0.104167,data/raw/openfun/tw.gov.cec~txn~candidates-votes/2002/李應元-village-votes-page-5.json;data/raw/openfun/tw.gov.cec~txn~candidates-votes/2002/馬英九-village-votes-page-5.json,matched,exact-district-li-name; exact-district-li-name
2002,萬華區,和平里,和平里,李應元,馬英九,2117,2164,49.451063,50.548937,-1.097874,data/raw/openfun/tw.gov.cec~txn~candidates-votes/2002/李應元-village-votes-page-5.json;data/raw/openfun/tw.gov.cec~txn~candidates-votes/2002/馬英九-village-votes-page-5.json,matched,exact-district-li-name; exact-district-li-name
2002,萬華區,和德里,和德里,李應元,馬英九,1837,2089,46.790627,53.209373,-6.418747,data/raw/openfun/tw.gov.cec~txn~candidates-votes/2002/李應元-village-votes-page-5.json;data/raw/openfun/tw.gov.cec~txn~candidates-votes/2002/馬英九-village-votes-page-5.json,matched,exact-district-li-name; exact-district-li-name
2002,萬華區,忠貞里,忠貞里,李應元,馬英九,723,2524,22.266708,77.733292,-55.466585,data/raw/openfun/tw.gov.cec~txn~candidates-votes/2002/李應元-village-votes-page-5.json;data/raw/openfun/tw.gov.cec~txn~candidates-votes/2002/馬英九-village-votes-page-5.json,matched,exact-district-li-name; exact-district-li-name
2002,萬華區,忠德里,忠德里,李應元,馬英九,1299,1411,47.933579,52.066421,-4.132841,data/raw/openfun/tw.gov.cec~txn~candidates-votes/2002/李應元-village-votes-page-5.json;data/raw/openfun/tw.gov.cec~txn~candidates-votes/2002/馬英九-village-votes-page-5.json,matched,exact-district-li-name; exact-district-li-name
2002,萬華區,青山里,青山里,李應元,馬英九,1363,1659,45.102581,54.897419,-9.794838,data/raw/openfun/tw.gov.cec~txn~candidates-votes/2002/李應元-village-votes-page-5.json;data/raw/openfun/tw.gov.cec~txn~candidates-votes/2002/馬英九-village-votes-page-5.json,matched,exact-district-li-name; exact-district-li-name
2002,萬華區,保德里,保德里,李應元,馬英九,762,1008,43.050847,56.949153,-13.898305,data/raw/openfun/tw.gov.cec~txn~candidates-votes/2002/李應元-village-votes-page-5.json;data/raw/openfun/tw.gov.cec~txn~candidates-votes/2002/馬英九-village-votes-page-5.json,matched,exact-district-li-name; exact-district-li-name
2002,萬華區,柳鄉里,柳鄉里,李應元,馬英九,1495,1685,47.012579,52.987421,-5.974843,data/raw/openfun/tw.gov.cec~txn~candidates-votes/2002/李應元-village-votes-page-5.json;data/raw/openfun/tw.gov.cec~txn~candidates-votes/2002/馬英九-village-votes-page-5.json,matched,exact-district-li-name; exact-district-li-name
2002,萬華區,凌霄里,凌霄里,李應元,馬英九,599,1927,23.713381,76.286619,-52.573238,data/raw/openfun/tw.gov.cec~txn~candidates-votes/2002/李應元-village-votes-page-5.json;data/raw/openfun/tw.gov.cec~txn~candidates-votes/2002/馬英九-village-votes-page-5.json,matched,exact-district-li-name; exact-district-li-name
2002,萬華區,頂碩里,頂碩里,李應元,馬英九,2403,2328,50.792644,49.207356,1.585289,data/raw/openfun/tw.gov.cec~txn~candidates-votes/2002/李應元-village-votes-page-5.json;data/raw/openfun/tw.gov.cec~txn~candidates-votes/2002/馬英九-village-votes-page-5.json,matched,exact-district-li-name; exact-district-li-name
2002,萬華區,富民里,富民里,李應元,馬英九,1471,1552,48.660271,51.339729,-2.679457,data/raw/openfun/tw.gov.cec~txn~candidates-votes/2002/李應元-village-votes-page-5.json;data/raw/openfun/tw.gov.cec~txn~candidates-votes/2002/馬英九-village-votes-page-5.json,matched,exact-district-li-name; exact-district-li-name
2002,萬華區,富福里,富福里,李應元,馬英九,1353,1492,47.557118,52.442882,-4.885764,data/raw/openfun/tw.gov.cec~txn~candidates-votes/2002/李應元-village-votes-page-5.json;data/raw/openfun/tw.gov.cec~txn~candidates-votes/2002/馬英九-village-votes-page-5.json,matched,exact-district-li-name; exact-district-li-name
2002,萬華區,菜園里,菜園里,李應元,馬英九,1491,1916,43.762841,56.237159,-12.474318,data/raw/openfun/tw.gov.cec~txn~candidates-votes/2002/李應元-village-votes-page-5.json;data/raw/openfun/tw.gov.cec~txn~candidates-votes/2002/馬英九-village-votes-page-5.json,matched,exact-district-li-name; exact-district-li-name
2002,萬華區,華中里,華中里,李應元,馬英九,1696,2022,45.615923,54.384077,-8.768155,data/raw/openfun/tw.gov.cec~txn~candidates-votes/2002/李應元-village-votes-page-5.json;data/raw/openfun/tw.gov.cec~txn~candidates-votes/2002/馬英九-village-votes-page-5.json,matched,exact-district-li-name; exact-district-li-name
2002,萬華區,華江里,華江里,李應元,馬英九,2153,2779,43.653690,56.346310,-12.692620,data/raw/openfun/tw.gov.cec~txn~candidates-votes/2002/李應元-village-votes-page-5.json;data/raw/openfun/tw.gov.cec~txn~candidates-votes/2002/馬英九-village-votes-page-5.json,matched,exact-district-li-name; exact-district-li-name
2002,萬華區,新安里,新安里,李應元,馬英九,1754,2184,44.540376,55.459624,-10.919248,data/raw/openfun/tw.gov.cec~txn~candidates-votes/2002/李應元-village-votes-page-5.json;data/raw/openfun/tw.gov.cec~txn~candidates-votes/2002/馬英九-village-votes-page-5.json,matched,exact-district-li-name; exact-district-li-name
2002,萬華區,新和里,新和里,李應元,馬英九,901,4534,16.577737,83.422263,-66.844526,data/raw/openfun/tw.gov.cec~txn~candidates-votes/2002/李應元-village-votes-page-5.json;data/raw/openfun/tw.gov.cec~txn~candidates-votes/2002/馬英九-village-votes-page-5.json,matched,exact-district-li-name; exact-district-li-name
2002,萬華區,新忠里,新忠里,李應元,馬英九,327,2102,13.462330,86.537670,-73.075340,data/raw/openfun/tw.gov.cec~txn~candidates-votes/2002/李應元-village-votes-page-5.json;data/raw/openfun/tw.gov.cec~txn~candidates-votes/2002/馬英九-village-votes-page-5.json,matched,exact-district-li-name; exact-district-li-name
2002,萬華區,新起里,新起里,李應元,馬英九,1430,2436,36.989136,63.010864,-26.021728,data/raw/openfun/tw.gov.cec~txn~candidates-votes/2002/李應元-village-votes-page-5.json;data/raw/openfun/tw.gov.cec~txn~candidates-votes/2002/馬英九-village-votes-page-5.json,matched,exact-district-li-name; exact-district-li-name
2002,萬華區,萬壽里,萬壽里,李應元,馬英九,644,1041,38.219585,61.780415,-23.560831,data/raw/openfun/tw.gov.cec~txn~candidates-votes/2002/李應元-village-votes-page-5.json;data/raw/openfun/tw.gov.cec~txn~candidates-votes/2002/馬英九-village-votes-page-5.json,matched,exact-district-li-name; exact-district-li-name
2002,萬華區,壽德里,壽德里,李應元,馬英九,1222,1697,41.863652,58.136348,-16.272696,data/raw/openfun/tw.gov.cec~txn~candidates-votes/2002/李應元-village-votes-page-5.json;data/raw/openfun/tw.gov.cec~txn~candidates-votes/2002/馬英九-village-votes-page-5.json,matched,exact-district-li-name; exact-district-li-name
2002,萬華區,榮德里,榮德里,李應元,馬英九,1062,1351,44.011604,55.988396,-11.976792,data/raw/openfun/tw.gov.cec~txn~candidates-votes/2002/李應元-village-votes-page-5.json;data/raw/openfun/tw.gov.cec~txn~candidates-votes/2002/馬英九-village-votes-page-5.json,matched,exact-district-li-name; exact-district-li-name
2002,萬華區,福星里,福星里,李應元,馬英九,977,1726,36.145024,63.854976,-27.709952,data/raw/openfun/tw.gov.cec~txn~candidates-votes/2002/李應元-village-votes-page-5.json;data/raw/openfun/tw.gov.cec~txn~candidates-votes/2002/馬英九-village-votes-page-5.json,matched,exact-district-li-name; exact-district-li-name
2002,萬華區,福音里,福音里,李應元,馬英九,989,1258,44.014241,55.985759,-11.971518,data/raw/openfun/tw.gov.cec~txn~candidates-votes/2002/李應元-village-votes-page-5.json;data/raw/openfun/tw.gov.cec~txn~candidates-votes/2002/馬英九-village-votes-page-5.json,matched,exact-district-li-name; exact-district-li-name
2002,萬華區,綠堤里,綠堤里,李應元,馬英九,1017,1644,38.218715,61.781285,-23.562570,data/raw/openfun/tw.gov.cec~txn~candidates-votes/2002/李應元-village-votes-page-5.json;data/raw/openfun/tw.gov.cec~txn~candidates-votes/2002/馬英九-village-votes-page-5.json,matched,exact-district-li-name; exact-district-li-name
2002,萬華區,銘德里,銘德里,李應元,馬英九,1232,1608,43.380282,56.619718,-13.239437,data/raw/openfun/tw.gov.cec~txn~candidates-votes/2002/李應元-village-votes-page-5.json;data/raw/openfun/tw.gov.cec~txn~candidates-votes/2002/馬英九-village-votes-page-5.json,matched,exact-district-li-name; exact-district-li-name
2002,萬華區,糖廍里,糖廍里,李應元,馬英九,1357,1833,42.539185,57.460815,-14.921630,data/raw/openfun/tw.gov.cec~txn~candidates-votes/2002/李應元-village-votes-page-5.json;data/raw/openfun/tw.gov.cec~txn~candidates-votes/2002/馬英九-village-votes-page-5.json,matched,manual-cross-year-openfun-evidence; manual-cross-year-openfun-evidence
2002,萬華區,興德里,興德里,李應元,馬英九,1267,1591,44.331700,55.668300,-11.336599,data/raw/openfun/tw.gov.cec~txn~candidates-votes/2002/李應元-village-votes-page-5.json;data/raw/openfun/tw.gov.cec~txn~candidates-votes/2002/馬英九-village-votes-page-5.json,matched,exact-district-li-name; exact-district-li-name
2002,萬華區,錦德里,錦德里,李應元,馬英九,1363,1792,43.201268,56.798732,-13.597464,data/raw/openfun/tw.gov.cec~txn~candidates-votes/2002/李應元-village-votes-page-5.json;data/raw/openfun/tw.gov.cec~txn~candidates-votes/2002/馬英九-village-votes-page-5.json,matched,exact-district-li-name; exact-district-li-name
2002,萬華區,雙園里,雙園里,李應元,馬英九,1387,1645,45.745383,54.254617,-8.509235,data/raw/openfun/tw.gov.cec~txn~candidates-votes/2002/李應元-village-votes-page-5.json;data/raw/openfun/tw.gov.cec~txn~candidates-votes/2002/馬英九-village-votes-page-5.json,matched,exact-district-li-name; exact-district-li-name
2002,萬華區,騰雲里,騰雲里,李應元,馬英九,491,1370,26.383665,73.616335,-47.232671,data/raw/openfun/tw.gov.cec~txn~candidates-votes/2002/李應元-village-votes-page-5.json;data/raw/openfun/tw.gov.cec~txn~candidates-votes/2002/馬英九-village-votes-page-5.json,matched,exact-district-li-name; exact-district-li-name
2006,士林區,三玉里,三玉里,謝長廷,郝龍斌,1347,1467,47.867804,52.132196,-4.264392,data/raw/openfun/tw.gov.cec~txn~candidates-votes/2006/郝龍斌-village-votes-page-2.json;data/raw/openfun/tw.gov.cec~txn~candidates-votes/2006/謝長廷-village-votes-page-2.json,matched,polling-station-single-village; polling-station-single-village
2006,士林區,仁勇里,仁勇里,謝長廷,郝龍斌,1211,937,56.378026,43.621974,12.756052,data/raw/openfun/tw.gov.cec~txn~candidates-votes/2006/郝龍斌-village-votes-page-1.json;data/raw/openfun/tw.gov.cec~txn~candidates-votes/2006/謝長廷-village-votes-page-1.json,matched,polling-station-single-village; polling-station-single-village
2006,士林區,公館里,公館里,謝長廷,郝龍斌,496,260,65.608466,34.391534,31.216931,data/raw/openfun/tw.gov.cec~txn~candidates-votes/2006/郝龍斌-village-votes-page-2.json;data/raw/openfun/tw.gov.cec~txn~candidates-votes/2006/謝長廷-village-votes-page-2.json,matched,polling-station-single-village; polling-station-single-village
2006,士林區,天山里,天山里,謝長廷,郝龍斌,1421,1948,42.178688,57.821312,-15.642624,data/raw/openfun/tw.gov.cec~txn~candidates-votes/2006/郝龍斌-village-votes-page-2.json;data/raw/openfun/tw.gov.cec~txn~candidates-votes/2006/謝長廷-village-votes-page-2.json,matched,polling-station-single-village; polling-station-single-village
2006,士林區,天母里,天母里,謝長廷,郝龍斌,1407,1869,42.948718,57.051282,-14.102564,data/raw/openfun/tw.gov.cec~txn~candidates-votes/2006/郝龍斌-village-votes-page-2.json;data/raw/openfun/tw.gov.cec~txn~candidates-votes/2006/謝長廷-village-votes-page-2.json,matched,polling-station-single-village; polling-station-single-village
2006,士林區,天玉里,天玉里,謝長廷,郝龍斌,1788,2292,43.823529,56.176471,-12.352941,data/raw/openfun/tw.gov.cec~txn~candidates-votes/2006/郝龍斌-village-votes-page-2.json;data/raw/openfun/tw.gov.cec~txn~candidates-votes/2006/謝長廷-village-votes-page-2.json,matched,polling-station-single-village; polling-station-single-village
2006,士林區,天和里,天和里,謝長廷,郝龍斌,1600,2119,43.022318,56.977682,-13.955364,data/raw/openfun/tw.gov.cec~txn~candidates-votes/2006/郝龍斌-village-votes-page-2.json;data/raw/openfun/tw.gov.cec~txn~candidates-votes/2006/謝長廷-village-votes-page-2.json,matched,polling-station-single-village; polling-station-single-village
2006,士林區,天祿里,天祿里,謝長廷,郝龍斌,1252,1329,48.508330,51.491670,-2.983340,data/raw/openfun/tw.gov.cec~txn~candidates-votes/2006/郝龍斌-village-votes-page-2.json;data/raw/openfun/tw.gov.cec~txn~candidates-votes/2006/謝長廷-village-votes-page-2.json,matched,polling-station-single-village; polling-station-single-village
2006,士林區,天壽里,天壽里,謝長廷,郝龍斌,1079,1305,45.260067,54.739933,-9.479866,data/raw/openfun/tw.gov.cec~txn~candidates-votes/2006/郝龍斌-village-votes-page-2.json;data/raw/openfun/tw.gov.cec~txn~candidates-votes/2006/謝長廷-village-votes-page-2.json,matched,polling-station-single-village; polling-station-single-village
2006,士林區,天福里,天福里,謝長廷,郝龍斌,1361,1812,42.893161,57.106839,-14.213678,data/raw/openfun/tw.gov.cec~txn~candidates-votes/2006/郝龍斌-village-votes-page-2.json;data/raw/openfun/tw.gov.cec~txn~candidates-votes/2006/謝長廷-village-votes-page-2.json,matched,polling-station-single-village; polling-station-single-village
2006,士林區,平等里,平等里,謝長廷,郝龍斌,601,199,75.125000,24.875000,50.250000,data/raw/openfun/tw.gov.cec~txn~candidates-votes/2006/郝龍斌-village-votes-page-2.json;data/raw/openfun/tw.gov.cec~txn~candidates-votes/2006/謝長廷-village-votes-page-2.json,matched,polling-station-single-village; polling-station-single-village
2006,士林區,永倫里,永倫里,謝長廷,郝龍斌,2457,1465,62.646609,37.353391,25.293218,data/raw/openfun/tw.gov.cec~txn~candidates-votes/2006/郝龍斌-village-votes-page-1.json;data/raw/openfun/tw.gov.cec~txn~candidates-votes/2006/謝長廷-village-votes-page-1.json,matched,polling-station-single-village; polling-station-single-village
2006,士林區,永福里,永福里,謝長廷,郝龍斌,438,284,60.664820,39.335180,21.329640,data/raw/openfun/tw.gov.cec~txn~candidates-votes/2006/郝龍斌-village-votes-page-2.json;data/raw/openfun/tw.gov.cec~txn~candidates-votes/2006/謝長廷-village-votes-page-2.json,matched,polling-station-single-village; polling-station-single-village
2006,士林區,名山里,名山里,謝長廷,郝龍斌,1587,2083,43.242507,56.757493,-13.514986,data/raw/openfun/tw.gov.cec~txn~candidates-votes/2006/郝龍斌-village-votes-page-2.json;data/raw/openfun/tw.gov.cec~txn~candidates-votes/2006/謝長廷-village-votes-page-2.json,matched,polling-station-single-village; polling-station-single-village
2006,士林區,百齡里,百齡里,謝長廷,郝龍斌,2112,1683,55.652174,44.347826,11.304348,data/raw/openfun/tw.gov.cec~txn~candidates-votes/2006/郝龍斌-village-votes-page-1.json;data/raw/openfun/tw.gov.cec~txn~candidates-votes/2006/謝長廷-village-votes-page-1.json,matched,polling-station-single-village; polling-station-single-village
2006,士林區,岩山里,岩山里,謝長廷,郝龍斌,712,1167,37.892496,62.107504,-24.215008,data/raw/openfun/tw.gov.cec~txn~candidates-votes/2006/郝龍斌-village-votes-page-2.json;data/raw/openfun/tw.gov.cec~txn~candidates-votes/2006/謝長廷-village-votes-page-2.json,matched,polling-station-single-village; polling-station-single-village
2006,士林區,忠誠里,忠誠里,謝長廷,郝龍斌,917,2095,30.444887,69.555113,-39.110226,data/raw/openfun/tw.gov.cec~txn~candidates-votes/2006/郝龍斌-village-votes-page-2.json;data/raw/openfun/tw.gov.cec~txn~candidates-votes/2006/謝長廷-village-votes-page-2.json,matched,polling-station-single-village; polling-station-single-village
2006,士林區,承德里,承德里,謝長廷,郝龍斌,1291,1512,46.057795,53.942205,-7.884410,data/raw/openfun/tw.gov.cec~txn~candidates-votes/2006/郝龍斌-village-votes-page-1.json;data/raw/openfun/tw.gov.cec~txn~candidates-votes/2006/謝長廷-village-votes-page-1.json,matched,polling-station-single-village; polling-station-single-village
2006,士林區,明勝里,明勝里,謝長廷,郝龍斌,1367,1187,53.523884,46.476116,7.047768,data/raw/openfun/tw.gov.cec~txn~candidates-votes/2006/郝龍斌-village-votes-page-1.json;data/raw/openfun/tw.gov.cec~txn~candidates-votes/2006/謝長廷-village-votes-page-1.json,matched,polling-station-single-village; polling-station-single-village
2006,士林區,東山里,東山里,謝長廷,郝龍斌,939,1798,34.307636,65.692364,-31.384728,data/raw/openfun/tw.gov.cec~txn~candidates-votes/2006/郝龍斌-village-votes-page-2.json;data/raw/openfun/tw.gov.cec~txn~candidates-votes/2006/謝長廷-village-votes-page-2.json,matched,polling-station-single-village; polling-station-single-village
2006,士林區,社子里,社子里,謝長廷,郝龍斌,1971,1285,60.534398,39.465602,21.068796,data/raw/openfun/tw.gov.cec~txn~candidates-votes/2006/郝龍斌-village-votes-page-1.json;data/raw/openfun/tw.gov.cec~txn~candidates-votes/2006/謝長廷-village-votes-page-1.json,matched,polling-station-single-village; polling-station-single-village
2006,士林區,社園里,社園里,謝長廷,郝龍斌,2442,1392,63.693271,36.306729,27.386541,data/raw/openfun/tw.gov.cec~txn~candidates-votes/2006/郝龍斌-village-votes-page-1.json;data/raw/openfun/tw.gov.cec~txn~candidates-votes/2006/謝長廷-village-votes-page-1.json,matched,polling-station-single-village; polling-station-single-village
2006,士林區,社新里,社新里,謝長廷,郝龍斌,2720,1613,62.774060,37.225940,25.548119,data/raw/openfun/tw.gov.cec~txn~candidates-votes/2006/郝龍斌-village-votes-page-1.json;data/raw/openfun/tw.gov.cec~txn~candidates-votes/2006/謝長廷-village-votes-page-1.json,matched,polling-station-single-village; polling-station-single-village
2006,士林區,芝山里,芝山里,謝長廷,郝龍斌,1640,2087,44.003220,55.996780,-11.993561,data/raw/openfun/tw.gov.cec~txn~candidates-votes/2006/郝龍斌-village-votes-page-2.json;data/raw/openfun/tw.gov.cec~txn~candidates-votes/2006/謝長廷-village-votes-page-2.json,matched,polling-station-single-village; polling-station-single-village
2006,士林區,前港里,前港里,謝長廷,郝龍斌,1182,978,54.722222,45.277778,9.444444,data/raw/openfun/tw.gov.cec~txn~candidates-votes/2006/郝龍斌-village-votes-page-1.json;data/raw/openfun/tw.gov.cec~txn~candidates-votes/2006/謝長廷-village-votes-page-1.json,matched,polling-station-single-village; polling-station-single-village
2006,士林區,後港里,後港里,謝長廷,郝龍斌,2264,1725,56.756079,43.243921,13.512158,data/raw/openfun/tw.gov.cec~txn~candidates-votes/2006/郝龍斌-village-votes-page-1.json;data/raw/openfun/tw.gov.cec~txn~candidates-votes/2006/謝長廷-village-votes-page-1.json,matched,polling-station-single-village; polling-station-single-village
2006,士林區,富光里,富光里,謝長廷,郝龍斌,1824,1176,60.800000,39.200000,21.600000,data/raw/openfun/tw.gov.cec~txn~candidates-votes/2006/郝龍斌-village-votes-page-1.json;data/raw/openfun/tw.gov.cec~txn~candidates-votes/2006/謝長廷-village-votes-page-1.json,matched,polling-station-single-village; polling-station-single-village
2006,士林區,富洲里,富洲里,謝長廷,郝龍斌,2231,862,72.130618,27.869382,44.261235,data/raw/openfun/tw.gov.cec~txn~candidates-votes/2006/郝龍斌-village-votes-page-1.json;data/raw/openfun/tw.gov.cec~txn~candidates-votes/2006/郝龍斌-village-votes-page-2.json;data/raw/openfun/tw.gov.cec~txn~candidates-votes/2006/謝長廷-village-votes-page-1.json;data/raw/openfun/tw.gov.cec~txn~candidates-votes/2006/謝長廷-village-votes-page-2.json,matched,polling-station-single-village; polling-station-single-village
2006,士林區,菁山里,菁山里,謝長廷,郝龍斌,521,385,57.505519,42.494481,15.011038,data/raw/openfun/tw.gov.cec~txn~candidates-votes/2006/郝龍斌-village-votes-page-2.json;data/raw/openfun/tw.gov.cec~txn~candidates-votes/2006/謝長廷-village-votes-page-2.json,matched,polling-station-single-village; polling-station-single-village
2006,士林區,陽明里,陽明里,謝長廷,郝龍斌,775,793,49.426020,50.573980,-1.147959,data/raw/openfun/tw.gov.cec~txn~candidates-votes/2006/郝龍斌-village-votes-page-2.json;data/raw/openfun/tw.gov.cec~txn~candidates-votes/2006/謝長廷-village-votes-page-2.json,matched,polling-station-single-village; polling-station-single-village
2006,士林區,新安里,新安里,謝長廷,郝龍斌,656,465,58.519179,41.480821,17.038359,data/raw/openfun/tw.gov.cec~txn~candidates-votes/2006/郝龍斌-village-votes-page-2.json;data/raw/openfun/tw.gov.cec~txn~candidates-votes/2006/謝長廷-village-votes-page-2.json,matched,polling-station-single-village; polling-station-single-village
2006,士林區,溪山里,溪山里,謝長廷,郝龍斌,490,327,59.975520,40.024480,19.951040,data/raw/openfun/tw.gov.cec~txn~candidates-votes/2006/郝龍斌-village-votes-page-2.json;data/raw/openfun/tw.gov.cec~txn~candidates-votes/2006/謝長廷-village-votes-page-2.json,matched,polling-station-single-village; polling-station-single-village
2006,士林區,義信里,義信里,謝長廷,郝龍斌,865,895,49.147727,50.852273,-1.704545,data/raw/openfun/tw.gov.cec~txn~candidates-votes/2006/郝龍斌-village-votes-page-1.json;data/raw/openfun/tw.gov.cec~txn~candidates-votes/2006/謝長廷-village-votes-page-1.json,matched,polling-station-single-village; polling-station-single-village
2006,士林區,聖山里,聖山里,謝長廷,郝龍斌,991,1699,36.840149,63.159851,-26.319703,data/raw/openfun/tw.gov.cec~txn~candidates-votes/2006/郝龍斌-village-votes-page-2.json;data/raw/openfun/tw.gov.cec~txn~candidates-votes/2006/謝長廷-village-votes-page-2.json,matched,polling-station-single-village; polling-station-single-village
2006,士林區,葫東里,葫東里,謝長廷,郝龍斌,1202,749,61.609431,38.390569,23.218862,data/raw/openfun/tw.gov.cec~txn~candidates-votes/2006/郝龍斌-village-votes-page-1.json;data/raw/openfun/tw.gov.cec~txn~candidates-votes/2006/謝長廷-village-votes-page-1.json,matched,polling-station-single-village; polling-station-single-village
2006,士林區,葫蘆里,葫蘆里,謝長廷,郝龍斌,2048,1916,51.664985,48.335015,3.329970,data/raw/openfun/tw.gov.cec~txn~candidates-votes/2006/郝龍斌-village-votes-page-1.json;data/raw/openfun/tw.gov.cec~txn~candidates-votes/2006/謝長廷-village-votes-page-1.json,matched,polling-station-single-village; polling-station-single-village
2006,士林區,福中里,福中里,謝長廷,郝龍斌,1692,1169,59.140161,40.859839,18.280322,data/raw/openfun/tw.gov.cec~txn~candidates-votes/2006/郝龍斌-village-votes-page-1.json;data/raw/openfun/tw.gov.cec~txn~candidates-votes/2006/謝長廷-village-votes-page-1.json,matched,polling-station-single-village; polling-station-single-village
2006,士林區,福安里,福安里,謝長廷,郝龍斌,2158,573,79.018674,20.981326,58.037349,data/raw/openfun/tw.gov.cec~txn~candidates-votes/2006/郝龍斌-village-votes-page-1.json;data/raw/openfun/tw.gov.cec~txn~candidates-votes/2006/謝長廷-village-votes-page-1.json,matched,polling-station-single-village; polling-station-single-village
2006,士林區,福志里,福志里,謝長廷,郝龍斌,1681,2410,41.090198,58.909802,-17.819604,data/raw/openfun/tw.gov.cec~txn~candidates-votes/2006/郝龍斌-village-votes-page-1.json;data/raw/openfun/tw.gov.cec~txn~candidates-votes/2006/謝長廷-village-votes-page-1.json,matched,polling-station-single-village; polling-station-single-village
2006,士林區,福佳里,福佳里,謝長廷,郝龍斌,2004,1982,50.275966,49.724034,0.551932,data/raw/openfun/tw.gov.cec~txn~candidates-votes/2006/郝龍斌-village-votes-page-1.json;data/raw/openfun/tw.gov.cec~txn~candidates-votes/2006/謝長廷-village-votes-page-1.json,matched,polling-station-single-village; polling-station-single-village
2006,士林區,福林里,福林里,謝長廷,郝龍斌,694,845,45.094217,54.905783,-9.811566,data/raw/openfun/tw.gov.cec~txn~candidates-votes/2006/郝龍斌-village-votes-page-1.json;data/raw/openfun/tw.gov.cec~txn~candidates-votes/2006/謝長廷-village-votes-page-1.json,matched,polling-station-single-village; polling-station-single-village
2006,士林區,福華里,福華里,謝長廷,郝龍斌,1694,1568,51.931330,48.068670,3.862661,data/raw/openfun/tw.gov.cec~txn~candidates-votes/2006/郝龍斌-village-votes-page-1.json;data/raw/openfun/tw.gov.cec~txn~candidates-votes/2006/謝長廷-village-votes-page-1.json,matched,polling-station-single-village; polling-station-single-village
2006,士林區,福順里,福順里,謝長廷,郝龍斌,1671,1034,61.774492,38.225508,23.548983,data/raw/openfun/tw.gov.cec~txn~candidates-votes/2006/郝龍斌-village-votes-page-1.json;data/raw/openfun/tw.gov.cec~txn~candidates-votes/2006/謝長廷-village-votes-page-1.json,matched,polling-station-single-village; polling-station-single-village
2006,士林區,福德里,福德里,謝長廷,郝龍斌,1065,1173,47.587131,52.412869,-4.825737,data/raw/openfun/tw.gov.cec~txn~candidates-votes/2006/郝龍斌-village-votes-page-1.json;data/raw/openfun/tw.gov.cec~txn~candidates-votes/2006/謝長廷-village-votes-page-1.json,matched,polling-station-single-village; polling-station-single-village
2006,士林區,翠山里,翠山里,謝長廷,郝龍斌,313,1168,21.134369,78.865631,-57.731263,data/raw/openfun/tw.gov.cec~txn~candidates-votes/2006/郝龍斌-village-votes-page-2.json;data/raw/openfun/tw.gov.cec~txn~candidates-votes/2006/謝長廷-village-votes-page-2.json,matched,polling-station-single-village; polling-station-single-village
2006,士林區,德行里,德行里,謝長廷,郝龍斌,1043,1063,49.525166,50.474834,-0.949668,data/raw/openfun/tw.gov.cec~txn~candidates-votes/2006/郝龍斌-village-votes-page-2.json;data/raw/openfun/tw.gov.cec~txn~candidates-votes/2006/謝長廷-village-votes-page-2.json,matched,polling-station-single-village; polling-station-single-village
2006,士林區,德華里,德華里,謝長廷,郝龍斌,1539,1348,53.307932,46.692068,6.615864,data/raw/openfun/tw.gov.cec~txn~candidates-votes/2006/郝龍斌-village-votes-page-2.json;data/raw/openfun/tw.gov.cec~txn~candidates-votes/2006/謝長廷-village-votes-page-2.json,matched,polling-station-single-village; polling-station-single-village
2006,士林區,臨溪里,臨溪里,謝長廷,郝龍斌,642,867,42.544732,57.455268,-14.910537,data/raw/openfun/tw.gov.cec~txn~candidates-votes/2006/郝龍斌-village-votes-page-2.json;data/raw/openfun/tw.gov.cec~txn~candidates-votes/2006/謝長廷-village-votes-page-2.json,matched,polling-station-single-village; polling-station-single-village
2006,士林區,舊佳里,舊佳里,謝長廷,郝龍斌,1723,1633,51.340882,48.659118,2.681764,data/raw/openfun/tw.gov.cec~txn~candidates-votes/2006/郝龍斌-village-votes-page-1.json;data/raw/openfun/tw.gov.cec~txn~candidates-votes/2006/謝長廷-village-votes-page-1.json,matched,polling-station-single-village; polling-station-single-village
2006,士林區,蘭雅里,蘭雅里,謝長廷,郝龍斌,1938,2352,45.174825,54.825175,-9.650350,data/raw/openfun/tw.gov.cec~txn~candidates-votes/2006/郝龍斌-village-votes-page-2.json;data/raw/openfun/tw.gov.cec~txn~candidates-votes/2006/謝長廷-village-votes-page-2.json,matched,polling-station-single-village; polling-station-single-village
2006,士林區,蘭興里,蘭興里,謝長廷,郝龍斌,1548,1618,48.894504,51.105496,-2.210992,data/raw/openfun/tw.gov.cec~txn~candidates-votes/2006/郝龍斌-village-votes-page-2.json;data/raw/openfun/tw.gov.cec~txn~candidates-votes/2006/謝長廷-village-votes-page-2.json,matched,polling-station-single-village; polling-station-single-village
2006,大同區,大有里,大有里,謝長廷,郝龍斌,1553,1024,60.263873,39.736127,20.527745,data/raw/openfun/tw.gov.cec~txn~candidates-votes/2006/郝龍斌-village-votes-page-5.json;data/raw/openfun/tw.gov.cec~txn~candidates-votes/2006/謝長廷-village-votes-page-5.json,matched,polling-station-single-village; polling-station-single-village
2006,大同區,民權里,民權里,謝長廷,郝龍斌,1551,1502,50.802489,49.197511,1.604979,data/raw/openfun/tw.gov.cec~txn~candidates-votes/2006/郝龍斌-village-votes-page-5.json;data/raw/openfun/tw.gov.cec~txn~candidates-votes/2006/謝長廷-village-votes-page-5.json,matched,polling-station-single-village; polling-station-single-village
2006,大同區,永樂里,永樂里,謝長廷,郝龍斌,1484,1087,57.720731,42.279269,15.441462,data/raw/openfun/tw.gov.cec~txn~candidates-votes/2006/郝龍斌-village-votes-page-5.json;data/raw/openfun/tw.gov.cec~txn~candidates-votes/2006/謝長廷-village-votes-page-5.json,matched,polling-station-single-village; polling-station-single-village
2006,大同區,玉泉里,玉泉里,謝長廷,郝龍斌,801,779,50.696203,49.303797,1.392405,data/raw/openfun/tw.gov.cec~txn~candidates-votes/2006/郝龍斌-village-votes-page-5.json;data/raw/openfun/tw.gov.cec~txn~candidates-votes/2006/謝長廷-village-votes-page-5.json,matched,polling-station-single-village; polling-station-single-village
2006,大同區,光能里,光能里,謝長廷,郝龍斌,1581,1017,60.854503,39.145497,21.709007,data/raw/openfun/tw.gov.cec~txn~candidates-votes/2006/郝龍斌-village-votes-page-5.json;data/raw/openfun/tw.gov.cec~txn~candidates-votes/2006/謝長廷-village-votes-page-5.json,matched,polling-station-single-village; polling-station-single-village
2006,大同區,老師里,老師里,謝長廷,郝龍斌,1814,1173,60.729829,39.270171,21.459659,data/raw/openfun/tw.gov.cec~txn~candidates-votes/2006/郝龍斌-village-votes-page-5.json;data/raw/openfun/tw.gov.cec~txn~candidates-votes/2006/謝長廷-village-votes-page-5.json,matched,polling-station-single-village; polling-station-single-village
2006,大同區,至聖里,至聖里,謝長廷,郝龍斌,2352,1598,59.544304,40.455696,19.088608,data/raw/openfun/tw.gov.cec~txn~candidates-votes/2006/郝龍斌-village-votes-page-5.json;data/raw/openfun/tw.gov.cec~txn~candidates-votes/2006/謝長廷-village-votes-page-5.json,matched,polling-station-single-village; polling-station-single-village
2006,大同區,延平里,延平里,謝長廷,郝龍斌,1107,910,54.883490,45.116510,9.766981,data/raw/openfun/tw.gov.cec~txn~candidates-votes/2006/郝龍斌-village-votes-page-5.json;data/raw/openfun/tw.gov.cec~txn~candidates-votes/2006/謝長廷-village-votes-page-5.json,matched,polling-station-single-village; polling-station-single-village
2006,大同區,保安里,保安里,謝長廷,郝龍斌,1402,872,61.653474,38.346526,23.306948,data/raw/openfun/tw.gov.cec~txn~candidates-votes/2006/郝龍斌-village-votes-page-5.json;data/raw/openfun/tw.gov.cec~txn~candidates-votes/2006/謝長廷-village-votes-page-5.json,matched,polling-station-single-village; polling-station-single-village
2006,大同區,南芳里,南芳里,謝長廷,郝龍斌,1184,844,58.382643,41.617357,16.765286,data/raw/openfun/tw.gov.cec~txn~candidates-votes/2006/郝龍斌-village-votes-page-5.json;data/raw/openfun/tw.gov.cec~txn~candidates-votes/2006/謝長廷-village-votes-page-5.json,matched,polling-station-single-village; polling-station-single-village
2006,大同區,建功里,建功里,謝長廷,郝龍斌,1375,999,57.919124,42.080876,15.838248,data/raw/openfun/tw.gov.cec~txn~candidates-votes/2006/郝龍斌-village-votes-page-5.json;data/raw/openfun/tw.gov.cec~txn~candidates-votes/2006/謝長廷-village-votes-page-5.json,matched,polling-station-single-village; polling-station-single-village
2006,大同區,建明里,建明里,謝長廷,郝龍斌,1014,660,60.573477,39.426523,21.146953,data/raw/openfun/tw.gov.cec~txn~candidates-votes/2006/郝龍斌-village-votes-page-5.json;data/raw/openfun/tw.gov.cec~txn~candidates-votes/2006/謝長廷-village-votes-page-5.json,matched,polling-station-single-village; polling-station-single-village
2006,大同區,建泰里,建泰里,謝長廷,郝龍斌,1110,651,63.032368,36.967632,26.064736,data/raw/openfun/tw.gov.cec~txn~candidates-votes/2006/郝龍斌-village-votes-page-5.json;data/raw/openfun/tw.gov.cec~txn~candidates-votes/2006/謝長廷-village-votes-page-5.json,matched,polling-station-single-village; polling-station-single-village
2006,大同區,星明里,星明里,謝長廷,郝龍斌,1429,1127,55.907668,44.092332,11.815336,data/raw/openfun/tw.gov.cec~txn~candidates-votes/2006/郝龍斌-village-votes-page-5.json;data/raw/openfun/tw.gov.cec~txn~candidates-votes/2006/謝長廷-village-votes-page-5.json,matched,polling-station-single-village; polling-station-single-village
2006,大同區,重慶里,重慶里,謝長廷,郝龍斌,1655,1307,55.874409,44.125591,11.748818,data/raw/openfun/tw.gov.cec~txn~candidates-votes/2006/郝龍斌-village-votes-page-5.json;data/raw/openfun/tw.gov.cec~txn~candidates-votes/2006/謝長廷-village-votes-page-5.json,matched,polling-station-single-village; polling-station-single-village
2006,大同區,國順里,國順里,謝長廷,郝龍斌,1085,539,66.810345,33.189655,33.620690,data/raw/openfun/tw.gov.cec~txn~candidates-votes/2006/郝龍斌-village-votes-page-5.json;data/raw/openfun/tw.gov.cec~txn~candidates-votes/2006/謝長廷-village-votes-page-5.json,matched,polling-station-single-village; polling-station-single-village
2006,大同區,國慶里,國慶里,謝長廷,郝龍斌,1155,882,56.701031,43.298969,13.402062,data/raw/openfun/tw.gov.cec~txn~candidates-votes/2006/郝龍斌-village-votes-page-5.json;data/raw/openfun/tw.gov.cec~txn~candidates-votes/2006/謝長廷-village-votes-page-5.json,matched,polling-station-single-village; polling-station-single-village
2006,大同區,揚雅里,揚雅里,謝長廷,郝龍斌,1067,650,62.143273,37.856727,24.286546,data/raw/openfun/tw.gov.cec~txn~candidates-votes/2006/郝龍斌-village-votes-page-5.json;data/raw/openfun/tw.gov.cec~txn~candidates-votes/2006/謝長廷-village-votes-page-5.json,matched,polling-station-single-village; polling-station-single-village
2006,大同區,斯文里,斯文里,謝長廷,郝龍斌,1612,1045,60.669928,39.330072,21.339857,data/raw/openfun/tw.gov.cec~txn~candidates-votes/2006/郝龍斌-village-votes-page-5.json;data/raw/openfun/tw.gov.cec~txn~candidates-votes/2006/謝長廷-village-votes-page-5.json,matched,polling-station-single-village; polling-station-single-village
2006,大同區,景星里,景星里,謝長廷,郝龍斌,930,574,61.835106,38.164894,23.670213,data/raw/openfun/tw.gov.cec~txn~candidates-votes/2006/郝龍斌-village-votes-page-5.json;data/raw/openfun/tw.gov.cec~txn~candidates-votes/2006/謝長廷-village-votes-page-5.json,matched,polling-station-single-village; polling-station-single-village
2006,大同區,朝陽里,朝陽里,謝長廷,郝龍斌,1115,843,56.945863,43.054137,13.891726,data/raw/openfun/tw.gov.cec~txn~candidates-votes/2006/郝龍斌-village-votes-page-5.json;data/raw/openfun/tw.gov.cec~txn~candidates-votes/2006/謝長廷-village-votes-page-5.json,matched,polling-station-single-village; polling-station-single-village
2006,大同區,隆和里,隆和里,謝長廷,郝龍斌,1053,650,61.832061,38.167939,23.664122,data/raw/openfun/tw.gov.cec~txn~candidates-votes/2006/郝龍斌-village-votes-page-5.json;data/raw/openfun/tw.gov.cec~txn~candidates-votes/2006/謝長廷-village-votes-page-5.json,matched,polling-station-single-village; polling-station-single-village
2006,大同區,蓬萊里,蓬萊里,謝長廷,郝龍斌,1392,968,58.983051,41.016949,17.966102,data/raw/openfun/tw.gov.cec~txn~candidates-votes/2006/郝龍斌-village-votes-page-5.json;data/raw/openfun/tw.gov.cec~txn~candidates-votes/2006/謝長廷-village-votes-page-5.json,matched,polling-station-single-village; polling-station-single-village
2006,大同區,鄰江里,鄰江里,謝長廷,郝龍斌,1991,1257,61.299261,38.700739,22.598522,data/raw/openfun/tw.gov.cec~txn~candidates-votes/2006/郝龍斌-village-votes-page-5.json;data/raw/openfun/tw.gov.cec~txn~candidates-votes/2006/謝長廷-village-votes-page-5.json,matched,polling-station-single-village; polling-station-single-village
2006,大同區,雙連里,雙連里,謝長廷,郝龍斌,2840,1874,60.246076,39.753924,20.492151,data/raw/openfun/tw.gov.cec~txn~candidates-votes/2006/郝龍斌-village-votes-page-5.json;data/raw/openfun/tw.gov.cec~txn~candidates-votes/2006/謝長廷-village-votes-page-5.json,matched,polling-station-single-village; polling-station-single-village
2006,大安區,大學里,大學里,謝長廷,郝龍斌,1441,2400,37.516272,62.483728,-24.967456,data/raw/openfun/tw.gov.cec~txn~candidates-votes/2006/郝龍斌-village-votes-page-6.json;data/raw/openfun/tw.gov.cec~txn~candidates-votes/2006/謝長廷-village-votes-page-6.json,matched,polling-station-single-village; polling-station-single-village
2006,大安區,仁愛里,仁愛里,謝長廷,郝龍斌,988,1484,39.967638,60.032362,-20.064725,data/raw/openfun/tw.gov.cec~txn~candidates-votes/2006/郝龍斌-village-votes-page-6.json;data/raw/openfun/tw.gov.cec~txn~candidates-votes/2006/謝長廷-village-votes-page-6.json,matched,polling-station-single-village; polling-station-single-village
2006,大安區,仁慈里,仁慈里,謝長廷,郝龍斌,909,1377,39.763780,60.236220,-20.472441,data/raw/openfun/tw.gov.cec~txn~candidates-votes/2006/郝龍斌-village-votes-page-6.json;data/raw/openfun/tw.gov.cec~txn~candidates-votes/2006/謝長廷-village-votes-page-6.json,matched,polling-station-single-village; polling-station-single-village
2006,大安區,古風里,古風里,謝長廷,郝龍斌,769,1233,38.411588,61.588412,-23.176823,data/raw/openfun/tw.gov.cec~txn~candidates-votes/2006/郝龍斌-village-votes-page-6.json;data/raw/openfun/tw.gov.cec~txn~candidates-votes/2006/謝長廷-village-votes-page-6.json,matched,polling-station-single-village; polling-station-single-village
2006,大安區,古莊里,古莊里,謝長廷,郝龍斌,1250,1853,40.283597,59.716403,-19.432807,data/raw/openfun/tw.gov.cec~txn~candidates-votes/2006/郝龍斌-village-votes-page-6.json;data/raw/openfun/tw.gov.cec~txn~candidates-votes/2006/謝長廷-village-votes-page-6.json,matched,polling-station-single-village; polling-station-single-village
2006,大安區,正聲里,正聲里,謝長廷,郝龍斌,804,1557,34.053367,65.946633,-31.893266,data/raw/openfun/tw.gov.cec~txn~candidates-votes/2006/郝龍斌-village-votes-page-7.json;data/raw/openfun/tw.gov.cec~txn~candidates-votes/2006/謝長廷-village-votes-page-7.json,matched,polling-station-single-village; polling-station-single-village
2006,大安區,民炤里,民炤里,謝長廷,郝龍斌,1548,2169,41.646489,58.353511,-16.707022,data/raw/openfun/tw.gov.cec~txn~candidates-votes/2006/郝龍斌-village-votes-page-6.json;data/raw/openfun/tw.gov.cec~txn~candidates-votes/2006/謝長廷-village-votes-page-6.json,matched,polling-station-single-village; polling-station-single-village
2006,大安區,民輝里,民輝里,謝長廷,郝龍斌,1411,1917,42.397837,57.602163,-15.204327,data/raw/openfun/tw.gov.cec~txn~candidates-votes/2006/郝龍斌-village-votes-page-6.json;data/raw/openfun/tw.gov.cec~txn~candidates-votes/2006/謝長廷-village-votes-page-6.json,matched,polling-station-single-village; polling-station-single-village
2006,大安區,永康里,永康里,謝長廷,郝龍斌,578,999,36.651871,63.348129,-26.696259,data/raw/openfun/tw.gov.cec~txn~candidates-votes/2006/郝龍斌-village-votes-page-6.json;data/raw/openfun/tw.gov.cec~txn~candidates-votes/2006/謝長廷-village-votes-page-6.json,matched,polling-station-single-village; polling-station-single-village
2006,大安區,光明里,光明里,謝長廷,郝龍斌,630,1189,34.634415,65.365585,-30.731171,data/raw/openfun/tw.gov.cec~txn~candidates-votes/2006/郝龍斌-village-votes-page-6.json;data/raw/openfun/tw.gov.cec~txn~candidates-votes/2006/謝長廷-village-votes-page-6.json,matched,polling-station-single-village; polling-station-single-village
2006,大安區,光武里,光武里,謝長廷,郝龍斌,1478,2218,39.989177,60.010823,-20.021645,data/raw/openfun/tw.gov.cec~txn~candidates-votes/2006/郝龍斌-village-votes-page-6.json;data/raw/openfun/tw.gov.cec~txn~candidates-votes/2006/謝長廷-village-votes-page-6.json,matched,polling-station-single-village; polling-station-single-village
2006,大安區,光信里,光信里,謝長廷,郝龍斌,1482,2346,38.714734,61.285266,-22.570533,data/raw/openfun/tw.gov.cec~txn~candidates-votes/2006/郝龍斌-village-votes-page-7.json;data/raw/openfun/tw.gov.cec~txn~candidates-votes/2006/謝長廷-village-votes-page-7.json,matched,polling-station-single-village; polling-station-single-village
2006,大安區,全安里,全安里,謝長廷,郝龍斌,779,1390,35.915168,64.084832,-28.169663,data/raw/openfun/tw.gov.cec~txn~candidates-votes/2006/郝龍斌-village-votes-page-6.json;data/raw/openfun/tw.gov.cec~txn~candidates-votes/2006/謝長廷-village-votes-page-6.json,matched,polling-station-single-village; polling-station-single-village
2006,大安區,住安里,住安里,謝長廷,郝龍斌,941,1552,37.745688,62.254312,-24.508624,data/raw/openfun/tw.gov.cec~txn~candidates-votes/2006/郝龍斌-village-votes-page-6.json;data/raw/openfun/tw.gov.cec~txn~candidates-votes/2006/謝長廷-village-votes-page-6.json,matched,polling-station-single-village; polling-station-single-village
2006,大安區,車層里,車層里,謝長廷,郝龍斌,1228,1810,40.421330,59.578670,-19.157340,data/raw/openfun/tw.gov.cec~txn~candidates-votes/2006/郝龍斌-village-votes-page-7.json;data/raw/openfun/tw.gov.cec~txn~candidates-votes/2006/謝長廷-village-votes-page-7.json,matched,polling-station-single-village; polling-station-single-village
2006,大安區,和安里,和安里,謝長廷,郝龍斌,1102,2039,35.084368,64.915632,-29.831264,data/raw/openfun/tw.gov.cec~txn~candidates-votes/2006/郝龍斌-village-votes-page-6.json;data/raw/openfun/tw.gov.cec~txn~candidates-votes/2006/謝長廷-village-votes-page-6.json,matched,polling-station-single-village; polling-station-single-village
2006,大安區,昌隆里,昌隆里,謝長廷,郝龍斌,765,895,46.084337,53.915663,-7.831325,data/raw/openfun/tw.gov.cec~txn~candidates-votes/2006/郝龍斌-village-votes-page-6.json;data/raw/openfun/tw.gov.cec~txn~candidates-votes/2006/謝長廷-village-votes-page-6.json,matched,polling-station-single-village; polling-station-single-village
2006,大安區,法治里,法治里,謝長廷,郝龍斌,733,1498,32.855222,67.144778,-34.289556,data/raw/openfun/tw.gov.cec~txn~candidates-votes/2006/郝龍斌-village-votes-page-6.json;data/raw/openfun/tw.gov.cec~txn~candidates-votes/2006/謝長廷-village-votes-page-6.json,matched,polling-station-single-village; polling-station-single-village
2006,大安區,臥龍里,臥龍里,謝長廷,郝龍斌,328,715,31.447747,68.552253,-37.104506,data/raw/openfun/tw.gov.cec~txn~candidates-votes/2006/郝龍斌-village-votes-page-6.json;data/raw/openfun/tw.gov.cec~txn~candidates-votes/2006/謝長廷-village-votes-page-6.json,matched,polling-station-single-village; polling-station-single-village
2006,大安區,芳和里,芳和里,謝長廷,郝龍斌,1142,2027,36.036605,63.963395,-27.926791,data/raw/openfun/tw.gov.cec~txn~candidates-votes/2006/郝龍斌-village-votes-page-6.json;data/raw/openfun/tw.gov.cec~txn~candidates-votes/2006/謝長廷-village-votes-page-6.json,matched,polling-station-single-village; polling-station-single-village
2006,大安區,虎嘯里,虎嘯里,謝長廷,郝龍斌,555,1185,31.896552,68.103448,-36.206897,data/raw/openfun/tw.gov.cec~txn~candidates-votes/2006/郝龍斌-village-votes-page-6.json;data/raw/openfun/tw.gov.cec~txn~candidates-votes/2006/謝長廷-village-votes-page-6.json,matched,polling-station-single-village; polling-station-single-village
2006,大安區,建安里,建安里,謝長廷,郝龍斌,846,1498,36.092150,63.907850,-27.815700,data/raw/openfun/tw.gov.cec~txn~candidates-votes/2006/郝龍斌-village-votes-page-6.json;data/raw/openfun/tw.gov.cec~txn~candidates-votes/2006/謝長廷-village-votes-page-6.json,matched,polling-station-single-village; polling-station-single-village
2006,大安區,建倫里,建倫里,謝長廷,郝龍斌,1025,1740,37.070524,62.929476,-25.858951,data/raw/openfun/tw.gov.cec~txn~candidates-votes/2006/郝龍斌-village-votes-page-6.json;data/raw/openfun/tw.gov.cec~txn~candidates-votes/2006/郝龍斌-village-votes-page-7.json;data/raw/openfun/tw.gov.cec~txn~candidates-votes/2006/謝長廷-village-votes-page-6.json;data/raw/openfun/tw.gov.cec~txn~candidates-votes/2006/謝長廷-village-votes-page-7.json,matched,polling-station-single-village; polling-station-single-village
2006,大安區,通化里,通化里,謝長廷,郝龍斌,1522,1544,49.641226,50.358774,-0.717547,data/raw/openfun/tw.gov.cec~txn~candidates-votes/2006/郝龍斌-village-votes-page-6.json;data/raw/openfun/tw.gov.cec~txn~candidates-votes/2006/謝長廷-village-votes-page-6.json,matched,polling-station-single-village; polling-station-single-village
2006,大安區,通安里,通安里,謝長廷,郝龍斌,1127,1670,40.293171,59.706829,-19.413657,data/raw/openfun/tw.gov.cec~txn~candidates-votes/2006/郝龍斌-village-votes-page-6.json;data/raw/openfun/tw.gov.cec~txn~candidates-votes/2006/謝長廷-village-votes-page-6.json,matched,polling-station-single-village; polling-station-single-village
2006,大安區,敦安里,敦安里,謝長廷,郝龍斌,1188,1688,41.307371,58.692629,-17.385257,data/raw/openfun/tw.gov.cec~txn~candidates-votes/2006/郝龍斌-village-votes-page-7.json;data/raw/openfun/tw.gov.cec~txn~candidates-votes/2006/謝長廷-village-votes-page-7.json,matched,polling-station-single-village; polling-station-single-village
2006,大安區,敦煌里,敦煌里,謝長廷,郝龍斌,1137,1726,39.713587,60.286413,-20.572826,data/raw/openfun/tw.gov.cec~txn~candidates-votes/2006/郝龍斌-village-votes-page-7.json;data/raw/openfun/tw.gov.cec~txn~candidates-votes/2006/謝長廷-village-votes-page-7.json,matched,polling-station-single-village; polling-station-single-village
2006,大安區,華聲里,華聲里,謝長廷,郝龍斌,797,1332,37.435416,62.564584,-25.129169,data/raw/openfun/tw.gov.cec~txn~candidates-votes/2006/郝龍斌-village-votes-page-7.json;data/raw/openfun/tw.gov.cec~txn~candidates-votes/2006/謝長廷-village-votes-page-7.json,matched,polling-station-single-village; polling-station-single-village
2006,大安區,新龍里,新龍里,謝長廷,郝龍斌,783,2455,24.181594,75.818406,-51.636813,data/raw/openfun/tw.gov.cec~txn~candidates-votes/2006/郝龍斌-village-votes-page-6.json;data/raw/openfun/tw.gov.cec~txn~candidates-votes/2006/謝長廷-village-votes-page-6.json,matched,polling-station-single-village; polling-station-single-village
2006,大安區,群英里,群英里,謝長廷,郝龍斌,684,3068,18.230277,81.769723,-63.539446,data/raw/openfun/tw.gov.cec~txn~candidates-votes/2006/郝龍斌-village-votes-page-6.json;data/raw/openfun/tw.gov.cec~txn~candidates-votes/2006/謝長廷-village-votes-page-6.json,matched,polling-station-single-village; polling-station-single-village
2006,大安區,群賢里,群賢里,謝長廷,郝龍斌,953,2038,31.862253,68.137747,-36.275493,data/raw/openfun/tw.gov.cec~txn~candidates-votes/2006/郝龍斌-village-votes-page-6.json;data/raw/openfun/tw.gov.cec~txn~candidates-votes/2006/謝長廷-village-votes-page-6.json,matched,polling-station-single-village; polling-station-single-village
2006,大安區,義安里,義安里,謝長廷,郝龍斌,905,1802,33.431843,66.568157,-33.136313,data/raw/openfun/tw.gov.cec~txn~candidates-votes/2006/郝龍斌-village-votes-page-6.json;data/raw/openfun/tw.gov.cec~txn~candidates-votes/2006/謝長廷-village-votes-page-6.json,matched,polling-station-single-village; polling-station-single-village
2006,大安區,義村里,義村里,謝長廷,郝龍斌,827,2449,25.244200,74.755800,-49.511600,data/raw/openfun/tw.gov.cec~txn~candidates-votes/2006/郝龍斌-village-votes-page-6.json;data/raw/openfun/tw.gov.cec~txn~candidates-votes/2006/謝長廷-village-votes-page-6.json,matched,polling-station-single-village; polling-station-single-village
2006,大安區,誠安里,誠安里,謝長廷,郝龍斌,967,1217,44.276557,55.723443,-11.446886,data/raw/openfun/tw.gov.cec~txn~candidates-votes/2006/郝龍斌-village-votes-page-6.json;data/raw/openfun/tw.gov.cec~txn~candidates-votes/2006/謝長廷-village-votes-page-6.json,matched,polling-station-single-village; polling-station-single-village
2006,大安區,福住里,福住里,謝長廷,郝龍斌,990,1667,37.260068,62.739932,-25.479865,data/raw/openfun/tw.gov.cec~txn~candidates-votes/2006/郝龍斌-village-votes-page-6.json;data/raw/openfun/tw.gov.cec~txn~candidates-votes/2006/謝長廷-village-votes-page-6.json,matched,polling-station-single-village; polling-station-single-village
2006,大安區,德安里,德安里,謝長廷,郝龍斌,959,1747,35.439763,64.560237,-29.120473,data/raw/openfun/tw.gov.cec~txn~candidates-votes/2006/郝龍斌-village-votes-page-6.json;data/raw/openfun/tw.gov.cec~txn~candidates-votes/2006/謝長廷-village-votes-page-6.json,matched,polling-station-single-village; polling-station-single-village
2006,大安區,黎元里,黎元里,謝長廷,郝龍斌,1096,1652,39.883552,60.116448,-20.232897,data/raw/openfun/tw.gov.cec~txn~candidates-votes/2006/郝龍斌-village-votes-page-6.json;data/raw/openfun/tw.gov.cec~txn~candidates-votes/2006/謝長廷-village-votes-page-6.json,matched,polling-station-single-village; polling-station-single-village
2006,大安區,黎孝里,黎孝里,謝長廷,郝龍斌,1442,2526,36.340726,63.659274,-27.318548,data/raw/openfun/tw.gov.cec~txn~candidates-votes/2006/郝龍斌-village-votes-page-6.json;data/raw/openfun/tw.gov.cec~txn~candidates-votes/2006/謝長廷-village-votes-page-6.json,matched,polling-station-single-village; polling-station-single-village
2006,大安區,黎和里,黎和里,謝長廷,郝龍斌,733,1538,32.276530,67.723470,-35.446940,data/raw/openfun/tw.gov.cec~txn~candidates-votes/2006/郝龍斌-village-votes-page-6.json;data/raw/openfun/tw.gov.cec~txn~candidates-votes/2006/謝長廷-village-votes-page-6.json,matched,polling-station-single-village; polling-station-single-village
2006,大安區,學府里,學府里,謝長廷,郝龍斌,569,1222,31.769961,68.230039,-36.460078,data/raw/openfun/tw.gov.cec~txn~candidates-votes/2006/郝龍斌-village-votes-page-7.json;data/raw/openfun/tw.gov.cec~txn~candidates-votes/2006/謝長廷-village-votes-page-7.json,matched,polling-station-single-village; polling-station-single-village
2006,大安區,錦安里,錦安里,謝長廷,郝龍斌,861,1619,34.717742,65.282258,-30.564516,data/raw/openfun/tw.gov.cec~txn~candidates-votes/2006/郝龍斌-village-votes-page-6.json;data/raw/openfun/tw.gov.cec~txn~candidates-votes/2006/謝長廷-village-votes-page-6.json,matched,polling-station-single-village; polling-station-single-village
2006,大安區,錦泰里,錦泰里,謝長廷,郝龍斌,681,1755,27.955665,72.044335,-44.088670,data/raw/openfun/tw.gov.cec~txn~candidates-votes/2006/郝龍斌-village-votes-page-6.json;data/raw/openfun/tw.gov.cec~txn~candidates-votes/2006/謝長廷-village-votes-page-6.json,matched,polling-station-single-village; polling-station-single-village
2006,大安區,錦華里,錦華里,謝長廷,郝龍斌,900,1633,35.530991,64.469009,-28.938018,data/raw/openfun/tw.gov.cec~txn~candidates-votes/2006/郝龍斌-village-votes-page-6.json;data/raw/openfun/tw.gov.cec~txn~candidates-votes/2006/謝長廷-village-votes-page-6.json,matched,polling-station-single-village; polling-station-single-village
2006,大安區,龍生里,龍生里,謝長廷,郝龍斌,998,2148,31.722823,68.277177,-36.554355,data/raw/openfun/tw.gov.cec~txn~candidates-votes/2006/郝龍斌-village-votes-page-6.json;data/raw/openfun/tw.gov.cec~txn~candidates-votes/2006/謝長廷-village-votes-page-6.json,matched,polling-station-single-village; polling-station-single-village
2006,大安區,龍安里,龍安里,謝長廷,郝龍斌,1015,1685,37.592593,62.407407,-24.814815,data/raw/openfun/tw.gov.cec~txn~candidates-votes/2006/郝龍斌-village-votes-page-6.json;data/raw/openfun/tw.gov.cec~txn~candidates-votes/2006/謝長廷-village-votes-page-6.json,matched,polling-station-single-village; polling-station-single-village
2006,大安區,龍坡里,龍坡里,謝長廷,郝龍斌,933,1875,33.226496,66.773504,-33.547009,data/raw/openfun/tw.gov.cec~txn~candidates-votes/2006/郝龍斌-village-votes-page-6.json;data/raw/openfun/tw.gov.cec~txn~candidates-votes/2006/謝長廷-village-votes-page-6.json,matched,polling-station-single-village; polling-station-single-village
2006,大安區,龍門里,龍門里,謝長廷,郝龍斌,706,1269,35.746835,64.253165,-28.506329,data/raw/openfun/tw.gov.cec~txn~candidates-votes/2006/郝龍斌-village-votes-page-6.json;data/raw/openfun/tw.gov.cec~txn~candidates-votes/2006/謝長廷-village-votes-page-6.json,matched,polling-station-single-village; polling-station-single-village
2006,大安區,龍泉里,龍泉里,謝長廷,郝龍斌,855,1283,39.990645,60.009355,-20.018709,data/raw/openfun/tw.gov.cec~txn~candidates-votes/2006/郝龍斌-village-votes-page-6.json;data/raw/openfun/tw.gov.cec~txn~candidates-votes/2006/謝長廷-village-votes-page-6.json,matched,polling-station-single-village; polling-station-single-village
2006,大安區,龍陣里,龍陣里,謝長廷,郝龍斌,631,1124,35.954416,64.045584,-28.091168,data/raw/openfun/tw.gov.cec~txn~candidates-votes/2006/郝龍斌-village-votes-page-6.json;data/raw/openfun/tw.gov.cec~txn~candidates-votes/2006/謝長廷-village-votes-page-6.json,matched,polling-station-single-village; polling-station-single-village
2006,大安區,龍淵里,龍淵里,謝長廷,郝龍斌,1551,2819,35.491991,64.508009,-29.016018,data/raw/openfun/tw.gov.cec~txn~candidates-votes/2006/郝龍斌-village-votes-page-6.json;data/raw/openfun/tw.gov.cec~txn~candidates-votes/2006/謝長廷-village-votes-page-6.json,matched,polling-station-single-village; polling-station-single-village
2006,大安區,龍雲里,龍雲里,謝長廷,郝龍斌,981,1445,40.436933,59.563067,-19.126134,data/raw/openfun/tw.gov.cec~txn~candidates-votes/2006/郝龍斌-village-votes-page-6.json;data/raw/openfun/tw.gov.cec~txn~candidates-votes/2006/謝長廷-village-votes-page-6.json,matched,polling-station-single-village; polling-station-single-village
2006,大安區,龍圖里,龍圖里,謝長廷,郝龍斌,1097,2047,34.891858,65.108142,-30.216285,data/raw/openfun/tw.gov.cec~txn~candidates-votes/2006/郝龍斌-village-votes-page-6.json;data/raw/openfun/tw.gov.cec~txn~candidates-votes/2006/謝長廷-village-votes-page-6.json,matched,polling-station-single-village; polling-station-single-village
2006,大安區,臨江里,臨江里,謝長廷,郝龍斌,907,1248,42.088167,57.911833,-15.823666,data/raw/openfun/tw.gov.cec~txn~candidates-votes/2006/郝龍斌-village-votes-page-6.json;data/raw/openfun/tw.gov.cec~txn~candidates-votes/2006/謝長廷-village-votes-page-6.json,matched,polling-station-single-village; polling-station-single-village
2006,中山區,力行里,力行里,謝長廷,郝龍斌,1531,1392,52.377694,47.622306,4.755388,data/raw/openfun/tw.gov.cec~txn~candidates-votes/2006/郝龍斌-village-votes-page-5.json;data/raw/openfun/tw.gov.cec~txn~candidates-votes/2006/謝長廷-village-votes-page-5.json,matched,polling-station-single-village; polling-station-single-village
2006,中山區,下埤里,下埤里,謝長廷,郝龍斌,1838,1840,49.972811,50.027189,-0.054377,data/raw/openfun/tw.gov.cec~txn~candidates-votes/2006/郝龍斌-village-votes-page-4.json;data/raw/openfun/tw.gov.cec~txn~candidates-votes/2006/謝長廷-village-votes-page-4.json,matched,polling-station-single-village; polling-station-single-village
2006,中山區,大佳里,大佳里,謝長廷,郝龍斌,460,233,66.378066,33.621934,32.756133,data/raw/openfun/tw.gov.cec~txn~candidates-votes/2006/郝龍斌-village-votes-page-4.json;data/raw/openfun/tw.gov.cec~txn~candidates-votes/2006/謝長廷-village-votes-page-4.json,matched,polling-station-single-village; polling-station-single-village
2006,中山區,大直里,大直里,謝長廷,郝龍斌,1853,2998,38.198310,61.801690,-23.603381,data/raw/openfun/tw.gov.cec~txn~candidates-votes/2006/郝龍斌-village-votes-page-4.json;data/raw/openfun/tw.gov.cec~txn~candidates-votes/2006/謝長廷-village-votes-page-4.json,matched,polling-station-single-village; polling-station-single-village
2006,中山區,中山里,中山里,謝長廷,郝龍斌,1160,1174,49.700086,50.299914,-0.599829,data/raw/openfun/tw.gov.cec~txn~candidates-votes/2006/郝龍斌-village-votes-page-4.json;data/raw/openfun/tw.gov.cec~txn~candidates-votes/2006/謝長廷-village-votes-page-4.json,matched,polling-station-single-village; polling-station-single-village
2006,中山區,中央里,中央里,謝長廷,郝龍斌,825,986,45.554942,54.445058,-8.890116,data/raw/openfun/tw.gov.cec~txn~candidates-votes/2006/郝龍斌-village-votes-page-4.json;data/raw/openfun/tw.gov.cec~txn~candidates-votes/2006/謝長廷-village-votes-page-4.json,matched,polling-station-single-village; polling-station-single-village
2006,中山區,中吉里,中吉里,謝長廷,郝龍斌,1416,1113,55.990510,44.009490,11.981020,data/raw/openfun/tw.gov.cec~txn~candidates-votes/2006/郝龍斌-village-votes-page-4.json;data/raw/openfun/tw.gov.cec~txn~candidates-votes/2006/謝長廷-village-votes-page-4.json,matched,polling-station-single-village; polling-station-single-village
2006,中山區,中庄里,中庄里,謝長廷,郝龍斌,1448,1188,54.931715,45.068285,9.863429,data/raw/openfun/tw.gov.cec~txn~candidates-votes/2006/郝龍斌-village-votes-page-4.json;data/raw/openfun/tw.gov.cec~txn~candidates-votes/2006/謝長廷-village-votes-page-4.json,matched,polling-station-single-village; polling-station-single-village
2006,中山區,中原里,中原里,謝長廷,郝龍斌,1298,1096,54.218881,45.781119,8.437761,data/raw/openfun/tw.gov.cec~txn~candidates-votes/2006/郝龍斌-village-votes-page-4.json;data/raw/openfun/tw.gov.cec~txn~candidates-votes/2006/謝長廷-village-votes-page-4.json,matched,polling-station-single-village; polling-station-single-village
2006,中山區,北安里,北安里,謝長廷,郝龍斌,443,969,31.373938,68.626062,-37.252125,data/raw/openfun/tw.gov.cec~txn~candidates-votes/2006/郝龍斌-village-votes-page-4.json;data/raw/openfun/tw.gov.cec~txn~candidates-votes/2006/謝長廷-village-votes-page-4.json,matched,polling-station-single-village; polling-station-single-village
2006,中山區,正守里,正守里,謝長廷,郝龍斌,740,714,50.894085,49.105915,1.788171,data/raw/openfun/tw.gov.cec~txn~candidates-votes/2006/郝龍斌-village-votes-page-4.json;data/raw/openfun/tw.gov.cec~txn~candidates-votes/2006/謝長廷-village-votes-page-4.json,matched,polling-station-single-village; polling-station-single-village
2006,中山區,正得里,正得里,謝長廷,郝龍斌,644,771,45.512367,54.487633,-8.975265,data/raw/openfun/tw.gov.cec~txn~candidates-votes/2006/郝龍斌-village-votes-page-4.json;data/raw/openfun/tw.gov.cec~txn~candidates-votes/2006/謝長廷-village-votes-page-4.json,matched,polling-station-single-village; polling-station-single-village
2006,中山區,正義里,正義里,謝長廷,郝龍斌,891,1053,45.833333,54.166667,-8.333333,data/raw/openfun/tw.gov.cec~txn~candidates-votes/2006/郝龍斌-village-votes-page-4.json;data/raw/openfun/tw.gov.cec~txn~candidates-votes/2006/謝長廷-village-votes-page-4.json,matched,polling-station-single-village; polling-station-single-village
2006,中山區,民安里,民安里,謝長廷,郝龍斌,1339,1184,53.071740,46.928260,6.143480,data/raw/openfun/tw.gov.cec~txn~candidates-votes/2006/郝龍斌-village-votes-page-4.json;data/raw/openfun/tw.gov.cec~txn~candidates-votes/2006/謝長廷-village-votes-page-4.json,matched,polling-station-single-village; polling-station-single-village
2006,中山區,永安里,永安里,謝長廷,郝龍斌,1845,2459,42.867100,57.132900,-14.265799,data/raw/openfun/tw.gov.cec~txn~candidates-votes/2006/郝龍斌-village-votes-page-4.json;data/raw/openfun/tw.gov.cec~txn~candidates-votes/2006/謝長廷-village-votes-page-4.json,matched,polling-station-single-village; polling-station-single-village
2006,中山區,成功里,成功里,謝長廷,郝龍斌,858,1114,43.509128,56.490872,-12.981744,data/raw/openfun/tw.gov.cec~txn~candidates-votes/2006/郝龍斌-village-votes-page-4.json;data/raw/openfun/tw.gov.cec~txn~candidates-votes/2006/謝長廷-village-votes-page-4.json,matched,polling-station-single-village; polling-station-single-village
2006,中山區,朱崙里,朱崙里,謝長廷,郝龍斌,720,734,49.518569,50.481431,-0.962861,data/raw/openfun/tw.gov.cec~txn~candidates-votes/2006/郝龍斌-village-votes-page-4.json;data/raw/openfun/tw.gov.cec~txn~candidates-votes/2006/謝長廷-village-votes-page-4.json,matched,polling-station-single-village; polling-station-single-village
2006,中山區,朱園里,朱園里,謝長廷,郝龍斌,1070,1094,49.445471,50.554529,-1.109057,data/raw/openfun/tw.gov.cec~txn~candidates-votes/2006/郝龍斌-village-votes-page-4.json;data/raw/openfun/tw.gov.cec~txn~candidates-votes/2006/謝長廷-village-votes-page-4.json,matched,polling-station-single-village; polling-station-single-village
2006,中山區,朱馥里,朱馥里,謝長廷,郝龍斌,1313,1560,45.701357,54.298643,-8.597285,data/raw/openfun/tw.gov.cec~txn~candidates-votes/2006/郝龍斌-village-votes-page-4.json;data/raw/openfun/tw.gov.cec~txn~candidates-votes/2006/謝長廷-village-votes-page-4.json,matched,polling-station-single-village; polling-station-single-village
2006,中山區,江山里,江山里,謝長廷,郝龍斌,1996,1875,51.562904,48.437096,3.125807,data/raw/openfun/tw.gov.cec~txn~candidates-votes/2006/郝龍斌-village-votes-page-4.json;data/raw/openfun/tw.gov.cec~txn~candidates-votes/2006/謝長廷-village-votes-page-4.json,matched,polling-station-single-village; polling-station-single-village
2006,中山區,江寧里,江寧里,謝長廷,郝龍斌,1558,1815,46.190335,53.809665,-7.619330,data/raw/openfun/tw.gov.cec~txn~candidates-votes/2006/郝龍斌-village-votes-page-4.json;data/raw/openfun/tw.gov.cec~txn~candidates-votes/2006/謝長廷-village-votes-page-4.json,matched,polling-station-single-village; polling-station-single-village
2006,中山區,行仁里,行仁里,謝長廷,郝龍斌,2187,1834,54.389455,45.610545,8.778911,data/raw/openfun/tw.gov.cec~txn~candidates-votes/2006/郝龍斌-village-votes-page-4.json;data/raw/openfun/tw.gov.cec~txn~candidates-votes/2006/謝長廷-village-votes-page-4.json,matched,polling-station-single-village; polling-station-single-village
2006,中山區,行孝里,行孝里,謝長廷,郝龍斌,1081,975,52.577821,47.422179,5.155642,data/raw/openfun/tw.gov.cec~txn~candidates-votes/2006/郝龍斌-village-votes-page-4.json;data/raw/openfun/tw.gov.cec~txn~candidates-votes/2006/謝長廷-village-votes-page-4.json,matched,polling-station-single-village; polling-station-single-village
2006,中山區,行政里,行政里,謝長廷,郝龍斌,1415,1371,50.789663,49.210337,1.579325,data/raw/openfun/tw.gov.cec~txn~candidates-votes/2006/郝龍斌-village-votes-page-4.json;data/raw/openfun/tw.gov.cec~txn~candidates-votes/2006/謝長廷-village-votes-page-4.json,matched,polling-station-single-village; polling-station-single-village
2006,中山區,松江里,松江里,謝長廷,郝龍斌,1667,1534,52.077476,47.922524,4.154952,data/raw/openfun/tw.gov.cec~txn~candidates-votes/2006/郝龍斌-village-votes-page-4.json;data/raw/openfun/tw.gov.cec~txn~candidates-votes/2006/謝長廷-village-votes-page-4.json,matched,polling-station-single-village; polling-station-single-village
2006,中山區,金泰里,金泰里,謝長廷,郝龍斌,1211,1560,43.702634,56.297366,-12.594731,data/raw/openfun/tw.gov.cec~txn~candidates-votes/2006/郝龍斌-village-votes-page-4.json;data/raw/openfun/tw.gov.cec~txn~candidates-votes/2006/謝長廷-village-votes-page-4.json,matched,polling-station-single-village; polling-station-single-village
2006,中山區,恒安里,恆安里,謝長廷,郝龍斌,918,948,49.196141,50.803859,-1.607717,data/raw/openfun/tw.gov.cec~txn~candidates-votes/2006/郝龍斌-village-votes-page-4.json;data/raw/openfun/tw.gov.cec~txn~candidates-votes/2006/謝長廷-village-votes-page-4.json,matched,polling-station-single-village; polling-station-single-village
2006,中山區,埤頭里,埤頭里,謝長廷,郝龍斌,829,1019,44.859307,55.140693,-10.281385,data/raw/openfun/tw.gov.cec~txn~candidates-votes/2006/郝龍斌-village-votes-page-4.json;data/raw/openfun/tw.gov.cec~txn~candidates-votes/2006/謝長廷-village-votes-page-4.json,matched,polling-station-single-village; polling-station-single-village
2006,中山區,康樂里,康樂里,謝長廷,郝龍斌,451,584,43.574879,56.425121,-12.850242,data/raw/openfun/tw.gov.cec~txn~candidates-votes/2006/郝龍斌-village-votes-page-4.json;data/raw/openfun/tw.gov.cec~txn~candidates-votes/2006/謝長廷-village-votes-page-4.json,matched,polling-station-single-village; polling-station-single-village
2006,中山區,復華里,復華里,謝長廷,郝龍斌,730,1249,36.887317,63.112683,-26.225366,data/raw/openfun/tw.gov.cec~txn~candidates-votes/2006/郝龍斌-village-votes-page-5.json;data/raw/openfun/tw.gov.cec~txn~candidates-votes/2006/謝長廷-village-votes-page-5.json,matched,polling-station-single-village; polling-station-single-village
2006,中山區,晴光里,晴光里,謝長廷,郝龍斌,965,1082,47.142159,52.857841,-5.715681,data/raw/openfun/tw.gov.cec~txn~candidates-votes/2006/郝龍斌-village-votes-page-4.json;data/raw/openfun/tw.gov.cec~txn~candidates-votes/2006/謝長廷-village-votes-page-4.json,matched,polling-station-single-village; polling-station-single-village
2006,中山區,集英里,集英里,謝長廷,郝龍斌,1682,1312,56.179025,43.820975,12.358049,data/raw/openfun/tw.gov.cec~txn~candidates-votes/2006/郝龍斌-village-votes-page-4.json;data/raw/openfun/tw.gov.cec~txn~candidates-votes/2006/謝長廷-village-votes-page-4.json,matched,polling-station-single-village; polling-station-single-village
2006,中山區,圓山里,圓山里,謝長廷,郝龍斌,907,787,53.541913,46.458087,7.083825,data/raw/openfun/tw.gov.cec~txn~candidates-votes/2006/郝龍斌-village-votes-page-4.json;data/raw/openfun/tw.gov.cec~txn~candidates-votes/2006/謝長廷-village-votes-page-4.json,matched,polling-station-single-village; polling-station-single-village
2006,中山區,新生里,新生里,謝長廷,郝龍斌,1438,1153,55.499807,44.500193,10.999614,data/raw/openfun/tw.gov.cec~txn~candidates-votes/2006/郝龍斌-village-votes-page-4.json;data/raw/openfun/tw.gov.cec~txn~candidates-votes/2006/謝長廷-village-votes-page-4.json,matched,polling-station-single-village; polling-station-single-village
2006,中山區,新庄里,新庄里,謝長廷,郝龍斌,1278,1121,53.272197,46.727803,6.544393,data/raw/openfun/tw.gov.cec~txn~candidates-votes/2006/郝龍斌-village-votes-page-4.json;data/raw/openfun/tw.gov.cec~txn~candidates-votes/2006/謝長廷-village-votes-page-4.json,matched,polling-station-single-village; polling-station-single-village
2006,中山區,新喜里,新喜里,謝長廷,郝龍斌,1386,1137,54.934602,45.065398,9.869203,data/raw/openfun/tw.gov.cec~txn~candidates-votes/2006/郝龍斌-village-votes-page-4.json;data/raw/openfun/tw.gov.cec~txn~candidates-votes/2006/謝長廷-village-votes-page-4.json,matched,polling-station-single-village; polling-station-single-village
2006,中山區,新福里,新福里,謝長廷,郝龍斌,1508,1095,57.933154,42.066846,15.866308,data/raw/openfun/tw.gov.cec~txn~candidates-votes/2006/郝龍斌-village-votes-page-4.json;data/raw/openfun/tw.gov.cec~txn~candidates-votes/2006/謝長廷-village-votes-page-4.json,matched,polling-station-single-village; polling-station-single-village
2006,中山區,聚盛里,聚盛里,謝長廷,郝龍斌,753,800,48.486800,51.513200,-3.026401,data/raw/openfun/tw.gov.cec~txn~candidates-votes/2006/郝龍斌-village-votes-page-4.json;data/raw/openfun/tw.gov.cec~txn~candidates-votes/2006/謝長廷-village-votes-page-4.json,matched,polling-station-single-village; polling-station-single-village
2006,中山區,聚葉里,聚葉里,謝長廷,郝龍斌,875,859,50.461361,49.538639,0.922722,data/raw/openfun/tw.gov.cec~txn~candidates-votes/2006/郝龍斌-village-votes-page-4.json;data/raw/openfun/tw.gov.cec~txn~candidates-votes/2006/謝長廷-village-votes-page-4.json,matched,polling-station-single-village; polling-station-single-village
2006,中山區,劍潭里,劍潭里,謝長廷,郝龍斌,282,1763,13.789731,86.210269,-72.420538,data/raw/openfun/tw.gov.cec~txn~candidates-votes/2006/郝龍斌-village-votes-page-4.json;data/raw/openfun/tw.gov.cec~txn~candidates-votes/2006/謝長廷-village-votes-page-4.json,matched,polling-station-single-village; polling-station-single-village
2006,中山區,興亞里,興亞里,謝長廷,郝龍斌,1240,1185,51.134021,48.865979,2.268041,data/raw/openfun/tw.gov.cec~txn~candidates-votes/2006/郝龍斌-village-votes-page-4.json;data/raw/openfun/tw.gov.cec~txn~candidates-votes/2006/謝長廷-village-votes-page-4.json,matched,polling-station-single-village; polling-station-single-village
2006,中山區,龍洲里,龍洲里,謝長廷,郝龍斌,662,2064,24.284666,75.715334,-51.430668,data/raw/openfun/tw.gov.cec~txn~candidates-votes/2006/郝龍斌-village-votes-page-4.json;data/raw/openfun/tw.gov.cec~txn~candidates-votes/2006/謝長廷-village-votes-page-4.json,matched,polling-station-single-village; polling-station-single-village
2006,中正區,三愛里,三愛里,謝長廷,郝龍斌,1536,2169,41.457490,58.542510,-17.085020,data/raw/openfun/tw.gov.cec~txn~candidates-votes/2006/郝龍斌-village-votes-page-5.json;data/raw/openfun/tw.gov.cec~txn~candidates-votes/2006/謝長廷-village-votes-page-5.json,matched,polling-station-single-village; polling-station-single-village
2006,中正區,文北里,文北里,謝長廷,郝龍斌,981,1456,40.254411,59.745589,-19.491178,data/raw/openfun/tw.gov.cec~txn~candidates-votes/2006/郝龍斌-village-votes-page-5.json;data/raw/openfun/tw.gov.cec~txn~candidates-votes/2006/謝長廷-village-votes-page-5.json,matched,polling-station-single-village; polling-station-single-village
2006,中正區,文盛里,文盛里,謝長廷,郝龍斌,583,805,42.002882,57.997118,-15.994236,data/raw/openfun/tw.gov.cec~txn~candidates-votes/2006/郝龍斌-village-votes-page-5.json;data/raw/openfun/tw.gov.cec~txn~candidates-votes/2006/謝長廷-village-votes-page-5.json,matched,polling-station-single-village; polling-station-single-village
2006,中正區,文祥里,文祥里,謝長廷,郝龍斌,1350,2111,39.006068,60.993932,-21.987865,data/raw/openfun/tw.gov.cec~txn~candidates-votes/2006/郝龍斌-village-votes-page-5.json;data/raw/openfun/tw.gov.cec~txn~candidates-votes/2006/謝長廷-village-votes-page-5.json,matched,polling-station-single-village; polling-station-single-village
2006,中正區,水源里,水源里,謝長廷,郝龍斌,670,800,45.578231,54.421769,-8.843537,data/raw/openfun/tw.gov.cec~txn~candidates-votes/2006/郝龍斌-village-votes-page-5.json;data/raw/openfun/tw.gov.cec~txn~candidates-votes/2006/謝長廷-village-votes-page-5.json,matched,polling-station-single-village; polling-station-single-village
2006,中正區,永功里,永功里,謝長廷,郝龍斌,1452,1617,47.311828,52.688172,-5.376344,data/raw/openfun/tw.gov.cec~txn~candidates-votes/2006/郝龍斌-village-votes-page-5.json;data/raw/openfun/tw.gov.cec~txn~candidates-votes/2006/謝長廷-village-votes-page-5.json,matched,polling-station-single-village; polling-station-single-village
2006,中正區,永昌里,永昌里,謝長廷,郝龍斌,1181,1513,43.838159,56.161841,-12.323682,data/raw/openfun/tw.gov.cec~txn~candidates-votes/2006/郝龍斌-village-votes-page-5.json;data/raw/openfun/tw.gov.cec~txn~candidates-votes/2006/謝長廷-village-votes-page-5.json,matched,polling-station-single-village; polling-station-single-village
2006,中正區,光復里,光復里,謝長廷,郝龍斌,702,945,42.622951,57.377049,-14.754098,data/raw/openfun/tw.gov.cec~txn~candidates-votes/2006/郝龍斌-village-votes-page-5.json;data/raw/openfun/tw.gov.cec~txn~candidates-votes/2006/謝長廷-village-votes-page-5.json,matched,polling-station-single-village; polling-station-single-village
2006,中正區,幸市里,幸市里,謝長廷,郝龍斌,920,1134,44.790652,55.209348,-10.418695,data/raw/openfun/tw.gov.cec~txn~candidates-votes/2006/郝龍斌-village-votes-page-5.json;data/raw/openfun/tw.gov.cec~txn~candidates-votes/2006/謝長廷-village-votes-page-5.json,matched,polling-station-single-village; polling-station-single-village
2006,中正區,幸福里,幸福里,謝長廷,郝龍斌,868,1276,40.485075,59.514925,-19.029851,data/raw/openfun/tw.gov.cec~txn~candidates-votes/2006/郝龍斌-village-votes-page-5.json;data/raw/openfun/tw.gov.cec~txn~candidates-votes/2006/謝長廷-village-votes-page-5.json,matched,polling-station-single-village; polling-station-single-village
2006,中正區,忠勤里,忠勤里,謝長廷,郝龍斌,1311,1994,39.667171,60.332829,-20.665658,data/raw/openfun/tw.gov.cec~txn~candidates-votes/2006/郝龍斌-village-votes-page-5.json;data/raw/openfun/tw.gov.cec~txn~candidates-votes/2006/謝長廷-village-votes-page-5.json,matched,polling-station-single-village; polling-station-single-village
2006,中正區,東門里,東門里,謝長廷,郝龍斌,619,1437,30.107004,69.892996,-39.785992,data/raw/openfun/tw.gov.cec~txn~candidates-votes/2006/郝龍斌-village-votes-page-5.json;data/raw/openfun/tw.gov.cec~txn~candidates-votes/2006/謝長廷-village-votes-page-5.json,matched,polling-station-single-village; polling-station-single-village
2006,中正區,板溪里,板溪里,謝長廷,郝龍斌,685,1039,39.733179,60.266821,-20.533643,data/raw/openfun/tw.gov.cec~txn~candidates-votes/2006/郝龍斌-village-votes-page-5.json;data/raw/openfun/tw.gov.cec~txn~candidates-votes/2006/謝長廷-village-votes-page-5.json,matched,polling-station-single-village; polling-station-single-village
2006,中正區,林興里,林興里,謝長廷,郝龍斌,758,1556,32.757131,67.242869,-34.485739,data/raw/openfun/tw.gov.cec~txn~candidates-votes/2006/郝龍斌-village-votes-page-5.json;data/raw/openfun/tw.gov.cec~txn~candidates-votes/2006/謝長廷-village-votes-page-5.json,matched,polling-station-single-village; polling-station-single-village
2006,中正區,河堤里,河堤里,謝長廷,郝龍斌,821,1437,36.359610,63.640390,-27.280779,data/raw/openfun/tw.gov.cec~txn~candidates-votes/2006/郝龍斌-village-votes-page-5.json;data/raw/openfun/tw.gov.cec~txn~candidates-votes/2006/謝長廷-village-votes-page-5.json,matched,polling-station-single-village; polling-station-single-village
2006,中正區,南門里,南門里,謝長廷,郝龍斌,423,911,31.709145,68.290855,-36.581709,data/raw/openfun/tw.gov.cec~txn~candidates-votes/2006/郝龍斌-village-votes-page-5.json;data/raw/openfun/tw.gov.cec~txn~candidates-votes/2006/謝長廷-village-votes-page-5.json,matched,polling-station-single-village; polling-station-single-village
2006,中正區,南福里,南福里,謝長廷,郝龍斌,1566,2519,38.335373,61.664627,-23.329253,data/raw/openfun/tw.gov.cec~txn~candidates-votes/2006/郝龍斌-village-votes-page-5.json;data/raw/openfun/tw.gov.cec~txn~candidates-votes/2006/謝長廷-village-votes-page-5.json,matched,polling-station-single-village; polling-station-single-village
2006,中正區,建國里,建國里,謝長廷,郝龍斌,177,406,30.360206,69.639794,-39.279588,data/raw/openfun/tw.gov.cec~txn~candidates-votes/2006/郝龍斌-village-votes-page-5.json;data/raw/openfun/tw.gov.cec~txn~candidates-votes/2006/謝長廷-village-votes-page-5.json,matched,polling-station-single-village; polling-station-single-village
2006,中正區,梅花里,梅花里,謝長廷,郝龍斌,719,955,42.951016,57.048984,-14.097969,data/raw/openfun/tw.gov.cec~txn~candidates-votes/2006/郝龍斌-village-votes-page-5.json;data/raw/openfun/tw.gov.cec~txn~candidates-votes/2006/謝長廷-village-votes-page-5.json,matched,polling-station-single-village; polling-station-single-village
2006,中正區,頂東里,頂東里,謝長廷,郝龍斌,1210,1698,41.609354,58.390646,-16.781293,data/raw/openfun/tw.gov.cec~txn~candidates-votes/2006/郝龍斌-village-votes-page-5.json;data/raw/openfun/tw.gov.cec~txn~candidates-votes/2006/謝長廷-village-votes-page-5.json,matched,polling-station-single-village; polling-station-single-village
2006,中正區,富水里,富水里,謝長廷,郝龍斌,306,1152,20.987654,79.012346,-58.024691,data/raw/openfun/tw.gov.cec~txn~candidates-votes/2006/郝龍斌-village-votes-page-5.json;data/raw/openfun/tw.gov.cec~txn~candidates-votes/2006/謝長廷-village-votes-page-5.json,matched,polling-station-single-village; polling-station-single-village
2006,中正區,廈安里,廈安里,謝長廷,郝龍斌,816,1010,44.687842,55.312158,-10.624315,data/raw/openfun/tw.gov.cec~txn~candidates-votes/2006/郝龍斌-village-votes-page-5.json;data/raw/openfun/tw.gov.cec~txn~candidates-votes/2006/謝長廷-village-votes-page-5.json,matched,polling-station-single-village; polling-station-single-village
2006,中正區,愛國里,愛國里,謝長廷,郝龍斌,682,857,44.314490,55.685510,-11.371020,data/raw/openfun/tw.gov.cec~txn~candidates-votes/2006/郝龍斌-village-votes-page-5.json;data/raw/openfun/tw.gov.cec~txn~candidates-votes/2006/謝長廷-village-votes-page-5.json,matched,polling-station-single-village; polling-station-single-village
2006,中正區,新營里,新營里,謝長廷,郝龍斌,1170,2681,30.381719,69.618281,-39.236562,data/raw/openfun/tw.gov.cec~txn~candidates-votes/2006/郝龍斌-village-votes-page-5.json;data/raw/openfun/tw.gov.cec~txn~candidates-votes/2006/謝長廷-village-votes-page-5.json,matched,polling-station-single-village; polling-station-single-village
2006,中正區,網溪里,網溪里,謝長廷,郝龍斌,1068,1662,39.120879,60.879121,-21.758242,data/raw/openfun/tw.gov.cec~txn~candidates-votes/2006/郝龍斌-village-votes-page-5.json;data/raw/openfun/tw.gov.cec~txn~candidates-votes/2006/謝長廷-village-votes-page-5.json,matched,polling-station-single-village; polling-station-single-village
2006,中正區,黎明里,黎明里,謝長廷,郝龍斌,481,793,37.755102,62.244898,-24.489796,data/raw/openfun/tw.gov.cec~txn~candidates-votes/2006/郝龍斌-village-votes-page-5.json;data/raw/openfun/tw.gov.cec~txn~candidates-votes/2006/謝長廷-village-votes-page-5.json,matched,polling-station-single-village; polling-station-single-village
2006,中正區,螢圃里,螢圃里,謝長廷,郝龍斌,1146,1736,39.764053,60.235947,-20.471895,data/raw/openfun/tw.gov.cec~txn~candidates-votes/2006/郝龍斌-village-votes-page-5.json;data/raw/openfun/tw.gov.cec~txn~candidates-votes/2006/謝長廷-village-votes-page-5.json,matched,polling-station-single-village; polling-station-single-village
2006,中正區,螢雪里,螢雪里,謝長廷,郝龍斌,956,1310,42.188879,57.811121,-15.622242,data/raw/openfun/tw.gov.cec~txn~candidates-votes/2006/郝龍斌-village-votes-page-5.json;data/raw/openfun/tw.gov.cec~txn~candidates-votes/2006/謝長廷-village-votes-page-5.json,matched,polling-station-single-village; polling-station-single-village
2006,中正區,龍光里,龍光里,謝長廷,郝龍斌,552,1048,34.500000,65.500000,-31.000000,data/raw/openfun/tw.gov.cec~txn~candidates-votes/2006/郝龍斌-village-votes-page-5.json;data/raw/openfun/tw.gov.cec~txn~candidates-votes/2006/謝長廷-village-votes-page-5.json,matched,polling-station-single-village; polling-station-single-village
2006,中正區,龍福里,龍福里,謝長廷,郝龍斌,1085,1841,37.081340,62.918660,-25.837321,data/raw/openfun/tw.gov.cec~txn~candidates-votes/2006/郝龍斌-village-votes-page-5.json;data/raw/openfun/tw.gov.cec~txn~candidates-votes/2006/謝長廷-village-votes-page-5.json,matched,polling-station-single-village; polling-station-single-village
2006,中正區,龍興里,龍興里,謝長廷,郝龍斌,795,1129,41.320166,58.679834,-17.359667,data/raw/openfun/tw.gov.cec~txn~candidates-votes/2006/郝龍斌-village-votes-page-5.json;data/raw/openfun/tw.gov.cec~txn~candidates-votes/2006/謝長廷-village-votes-page-5.json,matched,polling-station-single-village; polling-station-single-village
2006,內湖區,大湖里,大湖里,謝長廷,郝龍斌,922,1523,37.709611,62.290389,-24.580777,data/raw/openfun/tw.gov.cec~txn~candidates-votes/2006/郝龍斌-village-votes-page-2.json;data/raw/openfun/tw.gov.cec~txn~candidates-votes/2006/謝長廷-village-votes-page-2.json,matched,polling-station-single-village; polling-station-single-village
2006,內湖區,五分里,五分里,謝長廷,郝龍斌,1922,2303,45.491124,54.508876,-9.017751,data/raw/openfun/tw.gov.cec~txn~candidates-votes/2006/郝龍斌-village-votes-page-2.json;data/raw/openfun/tw.gov.cec~txn~candidates-votes/2006/謝長廷-village-votes-page-2.json,matched,polling-station-single-village; polling-station-single-village
2006,內湖區,內湖里,內湖里,謝長廷,郝龍斌,1074,1744,38.112136,61.887864,-23.775727,data/raw/openfun/tw.gov.cec~txn~candidates-votes/2006/郝龍斌-village-votes-page-2.json;data/raw/openfun/tw.gov.cec~txn~candidates-votes/2006/謝長廷-village-votes-page-2.json,matched,polling-station-single-village; polling-station-single-village
2006,內湖區,內溝里,內溝里,謝長廷,郝龍斌,911,1096,45.391131,54.608869,-9.217738,data/raw/openfun/tw.gov.cec~txn~candidates-votes/2006/郝龍斌-village-votes-page-2.json;data/raw/openfun/tw.gov.cec~txn~candidates-votes/2006/謝長廷-village-votes-page-2.json,matched,polling-station-single-village; polling-station-single-village
2006,內湖區,石潭里,石潭里,謝長廷,郝龍斌,395,428,47.995140,52.004860,-4.009721,data/raw/openfun/tw.gov.cec~txn~candidates-votes/2006/郝龍斌-village-votes-page-2.json;data/raw/openfun/tw.gov.cec~txn~candidates-votes/2006/謝長廷-village-votes-page-2.json,matched,polling-station-single-village; polling-station-single-village
2006,內湖區,安泰里,安泰里,謝長廷,郝龍斌,890,1372,39.345712,60.654288,-21.308576,data/raw/openfun/tw.gov.cec~txn~candidates-votes/2006/郝龍斌-village-votes-page-2.json;data/raw/openfun/tw.gov.cec~txn~candidates-votes/2006/謝長廷-village-votes-page-2.json,matched,polling-station-single-village; polling-station-single-village
2006,內湖區,安湖里,安湖里,謝長廷,郝龍斌,1357,1999,40.435042,59.564958,-19.129917,data/raw/openfun/tw.gov.cec~txn~candidates-votes/2006/郝龍斌-village-votes-page-2.json;data/raw/openfun/tw.gov.cec~txn~candidates-votes/2006/謝長廷-village-votes-page-2.json,matched,polling-station-single-village; polling-station-single-village
2006,內湖區,行善里,行善里,謝長廷,郝龍斌,1570,1603,49.479987,50.520013,-1.040025,data/raw/openfun/tw.gov.cec~txn~candidates-votes/2006/郝龍斌-village-votes-page-2.json;data/raw/openfun/tw.gov.cec~txn~candidates-votes/2006/謝長廷-village-votes-page-2.json,matched,polling-station-single-village; polling-station-single-village
2006,內湖區,西安里,西安里,謝長廷,郝龍斌,1321,1923,40.721332,59.278668,-18.557337,data/raw/openfun/tw.gov.cec~txn~candidates-votes/2006/郝龍斌-village-votes-page-2.json;data/raw/openfun/tw.gov.cec~txn~candidates-votes/2006/謝長廷-village-votes-page-2.json,matched,polling-station-single-village; polling-station-single-village
2006,內湖區,西康里,西康里,謝長廷,郝龍斌,1536,2655,36.649964,63.350036,-26.700072,data/raw/openfun/tw.gov.cec~txn~candidates-votes/2006/郝龍斌-village-votes-page-2.json;data/raw/openfun/tw.gov.cec~txn~candidates-votes/2006/謝長廷-village-votes-page-2.json,matched,polling-station-single-village; polling-station-single-village
2006,內湖區,西湖里,西湖里,謝長廷,郝龍斌,1799,2159,45.452249,54.547751,-9.095503,data/raw/openfun/tw.gov.cec~txn~candidates-votes/2006/郝龍斌-village-votes-page-2.json;data/raw/openfun/tw.gov.cec~txn~candidates-votes/2006/謝長廷-village-votes-page-2.json,matched,polling-station-single-village; polling-station-single-village
2006,內湖區,秀湖里,秀湖里,謝長廷,郝龍斌,1087,1849,37.023161,62.976839,-25.953678,data/raw/openfun/tw.gov.cec~txn~candidates-votes/2006/郝龍斌-village-votes-page-2.json;data/raw/openfun/tw.gov.cec~txn~candidates-votes/2006/謝長廷-village-votes-page-2.json,matched,polling-station-single-village; polling-station-single-village
2006,內湖區,明湖里,明湖里,謝長廷,郝龍斌,920,1337,40.762074,59.237926,-18.475853,data/raw/openfun/tw.gov.cec~txn~candidates-votes/2006/郝龍斌-village-votes-page-2.json;data/raw/openfun/tw.gov.cec~txn~candidates-votes/2006/謝長廷-village-votes-page-2.json,matched,polling-station-single-village; polling-station-single-village
2006,內湖區,東湖里,東湖里,謝長廷,郝龍斌,1608,2044,44.030668,55.969332,-11.938664,data/raw/openfun/tw.gov.cec~txn~candidates-votes/2006/郝龍斌-village-votes-page-2.json;data/raw/openfun/tw.gov.cec~txn~candidates-votes/2006/謝長廷-village-votes-page-2.json,matched,polling-station-single-village; polling-station-single-village
2006,內湖區,金湖里,金湖里,謝長廷,郝龍斌,1163,2244,34.135603,65.864397,-31.728794,data/raw/openfun/tw.gov.cec~txn~candidates-votes/2006/郝龍斌-village-votes-page-2.json;data/raw/openfun/tw.gov.cec~txn~candidates-votes/2006/謝長廷-village-votes-page-2.json,matched,polling-station-single-village; polling-station-single-village
2006,內湖區,金瑞里,金瑞里,謝長廷,郝龍斌,1342,1866,41.832918,58.167082,-16.334165,data/raw/openfun/tw.gov.cec~txn~candidates-votes/2006/郝龍斌-village-votes-page-2.json;data/raw/openfun/tw.gov.cec~txn~candidates-votes/2006/謝長廷-village-votes-page-2.json,matched,polling-station-single-village; polling-station-single-village
2006,內湖區,金龍里,金龍里,謝長廷,郝龍斌,1098,1629,40.264026,59.735974,-19.471947,data/raw/openfun/tw.gov.cec~txn~candidates-votes/2006/郝龍斌-village-votes-page-2.json;data/raw/openfun/tw.gov.cec~txn~candidates-votes/2006/謝長廷-village-votes-page-2.json,matched,polling-station-single-village; polling-station-single-village
2006,內湖區,康寧里,康寧里,謝長廷,郝龍斌,1311,2370,35.615322,64.384678,-28.769356,data/raw/openfun/tw.gov.cec~txn~candidates-votes/2006/郝龍斌-village-votes-page-2.json;data/raw/openfun/tw.gov.cec~txn~candidates-votes/2006/謝長廷-village-votes-page-2.json,matched,polling-station-single-village; polling-station-single-village
2006,內湖區,清白里,清白里,謝長廷,郝龍斌,1280,2344,35.320088,64.679912,-29.359823,data/raw/openfun/tw.gov.cec~txn~candidates-votes/2006/郝龍斌-village-votes-page-2.json;data/raw/openfun/tw.gov.cec~txn~candidates-votes/2006/謝長廷-village-votes-page-2.json,matched,polling-station-single-village; polling-station-single-village
2006,內湖區,港都里,港都里,謝長廷,郝龍斌,1124,1439,43.854858,56.145142,-12.290285,data/raw/openfun/tw.gov.cec~txn~candidates-votes/2006/郝龍斌-village-votes-page-2.json;data/raw/openfun/tw.gov.cec~txn~candidates-votes/2006/謝長廷-village-votes-page-2.json,matched,polling-station-single-village; polling-station-single-village
2006,內湖區,港富里,港富里,謝長廷,郝龍斌,2103,2464,46.047734,53.952266,-7.904533,data/raw/openfun/tw.gov.cec~txn~candidates-votes/2006/郝龍斌-village-votes-page-2.json;data/raw/openfun/tw.gov.cec~txn~candidates-votes/2006/謝長廷-village-votes-page-2.json,matched,polling-station-single-village; polling-station-single-village
2006,內湖區,港華里,港華里,謝長廷,郝龍斌,1711,2347,42.163627,57.836373,-15.672745,data/raw/openfun/tw.gov.cec~txn~candidates-votes/2006/郝龍斌-village-votes-page-2.json;data/raw/openfun/tw.gov.cec~txn~candidates-votes/2006/謝長廷-village-votes-page-2.json,matched,polling-station-single-village; polling-station-single-village
2006,內湖區,港墘里,港墘里,謝長廷,郝龍斌,1300,1573,45.248869,54.751131,-9.502262,data/raw/openfun/tw.gov.cec~txn~candidates-votes/2006/郝龍斌-village-votes-page-2.json;data/raw/openfun/tw.gov.cec~txn~candidates-votes/2006/謝長廷-village-votes-page-2.json,matched,polling-station-single-village; polling-station-single-village
2006,內湖區,湖元里,湖元里,謝長廷,郝龍斌,1064,1456,42.222222,57.777778,-15.555556,data/raw/openfun/tw.gov.cec~txn~candidates-votes/2006/郝龍斌-village-votes-page-3.json;data/raw/openfun/tw.gov.cec~txn~candidates-votes/2006/謝長廷-village-votes-page-3.json,matched,polling-station-single-village; polling-station-single-village
2006,內湖區,湖興里,湖興里,謝長廷,郝龍斌,2165,2926,42.526026,57.473974,-14.947947,data/raw/openfun/tw.gov.cec~txn~candidates-votes/2006/郝龍斌-village-votes-page-2.json;data/raw/openfun/tw.gov.cec~txn~candidates-votes/2006/郝龍斌-village-votes-page-3.json;data/raw/openfun/tw.gov.cec~txn~candidates-votes/2006/謝長廷-village-votes-page-2.json;data/raw/openfun/tw.gov.cec~txn~candidates-votes/2006/謝長廷-village-votes-page-3.json,matched,polling-station-single-village; polling-station-single-village
2006,內湖區,湖濱里,湖濱里,謝長廷,郝龍斌,1312,2451,34.865799,65.134201,-30.268403,data/raw/openfun/tw.gov.cec~txn~candidates-votes/2006/郝龍斌-village-votes-page-2.json;data/raw/openfun/tw.gov.cec~txn~candidates-votes/2006/謝長廷-village-votes-page-2.json,matched,polling-station-single-village; polling-station-single-village
2006,內湖區,紫星里,紫星里,謝長廷,郝龍斌,1822,2402,43.134470,56.865530,-13.731061,data/raw/openfun/tw.gov.cec~txn~candidates-votes/2006/郝龍斌-village-votes-page-2.json;data/raw/openfun/tw.gov.cec~txn~candidates-votes/2006/謝長廷-village-votes-page-2.json,matched,polling-station-single-village; polling-station-single-village
2006,內湖區,紫陽里,紫陽里,謝長廷,郝龍斌,1433,2139,40.117581,59.882419,-19.764838,data/raw/openfun/tw.gov.cec~txn~candidates-votes/2006/郝龍斌-village-votes-page-2.json;data/raw/openfun/tw.gov.cec~txn~candidates-votes/2006/謝長廷-village-votes-page-2.json,matched,polling-station-single-village; polling-station-single-village
2006,內湖區,紫雲里,紫雲里,謝長廷,郝龍斌,904,2042,30.685675,69.314325,-38.628649,data/raw/openfun/tw.gov.cec~txn~candidates-votes/2006/郝龍斌-village-votes-page-2.json;data/raw/openfun/tw.gov.cec~txn~candidates-votes/2006/謝長廷-village-votes-page-2.json,matched,polling-station-single-village; polling-station-single-village
2006,內湖區,週美里,週美里,謝長廷,郝龍斌,1473,1032,58.802395,41.197605,17.604790,data/raw/openfun/tw.gov.cec~txn~candidates-votes/2006/郝龍斌-village-votes-page-2.json;data/raw/openfun/tw.gov.cec~txn~candidates-votes/2006/謝長廷-village-votes-page-2.json,matched,polling-station-single-village; polling-station-single-village
2006,內湖區,瑞光里,瑞光里,謝長廷,郝龍斌,707,1664,29.818642,70.181358,-40.362716,data/raw/openfun/tw.gov.cec~txn~candidates-votes/2006/郝龍斌-village-votes-page-2.json;data/raw/openfun/tw.gov.cec~txn~candidates-votes/2006/謝長廷-village-votes-page-2.json,matched,polling-station-single-village; polling-station-single-village
2006,內湖區,瑞陽里,瑞陽里,謝長廷,郝龍斌,1134,3017,27.318718,72.681282,-45.362563,data/raw/openfun/tw.gov.cec~txn~candidates-votes/2006/郝龍斌-village-votes-page-2.json;data/raw/openfun/tw.gov.cec~txn~candidates-votes/2006/謝長廷-village-votes-page-2.json,matched,polling-station-single-village; polling-station-single-village
2006,內湖區,葫洲里,葫洲里,謝長廷,郝龍斌,1517,3067,33.093368,66.906632,-33.813264,data/raw/openfun/tw.gov.cec~txn~candidates-votes/2006/郝龍斌-village-votes-page-2.json;data/raw/openfun/tw.gov.cec~txn~candidates-votes/2006/謝長廷-village-votes-page-2.json,matched,polling-station-single-village; polling-station-single-village
2006,內湖區,碧山里,碧山里,謝長廷,郝龍斌,1356,1993,40.489698,59.510302,-19.020603,data/raw/openfun/tw.gov.cec~txn~candidates-votes/2006/郝龍斌-village-votes-page-2.json;data/raw/openfun/tw.gov.cec~txn~candidates-votes/2006/謝長廷-village-votes-page-2.json,matched,polling-station-single-village; polling-station-single-village
2006,內湖區,樂康里,樂康里,謝長廷,郝龍斌,1595,2077,43.436819,56.563181,-13.126362,data/raw/openfun/tw.gov.cec~txn~candidates-votes/2006/郝龍斌-village-votes-page-2.json;data/raw/openfun/tw.gov.cec~txn~candidates-votes/2006/謝長廷-village-votes-page-2.json,matched,polling-station-single-village; polling-station-single-village
2006,內湖區,麗山里,麗山里,謝長廷,郝龍斌,1265,1380,47.826087,52.173913,-4.347826,data/raw/openfun/tw.gov.cec~txn~candidates-votes/2006/郝龍斌-village-votes-page-2.json;data/raw/openfun/tw.gov.cec~txn~candidates-votes/2006/謝長廷-village-votes-page-2.json,matched,polling-station-single-village; polling-station-single-village
2006,內湖區,蘆洲里,蘆洲里,謝長廷,郝龍斌,300,232,56.390977,43.609023,12.781955,data/raw/openfun/tw.gov.cec~txn~candidates-votes/2006/郝龍斌-village-votes-page-2.json;data/raw/openfun/tw.gov.cec~txn~candidates-votes/2006/謝長廷-village-votes-page-2.json,matched,polling-station-single-village; polling-station-single-village
2006,文山區,木柵里,木柵里,謝長廷,郝龍斌,1063,2819,27.382792,72.617208,-45.234415,data/raw/openfun/tw.gov.cec~txn~candidates-votes/2006/郝龍斌-village-votes-page-7.json;data/raw/openfun/tw.gov.cec~txn~candidates-votes/2006/謝長廷-village-votes-page-7.json,matched,polling-station-single-village; polling-station-single-village
2006,文山區,木新里,木新里,謝長廷,郝龍斌,1607,2702,37.294036,62.705964,-25.411929,data/raw/openfun/tw.gov.cec~txn~candidates-votes/2006/郝龍斌-village-votes-page-7.json;data/raw/openfun/tw.gov.cec~txn~candidates-votes/2006/謝長廷-village-votes-page-7.json,matched,polling-station-single-village; polling-station-single-village
2006,文山區,老泉里,老泉里,謝長廷,郝龍斌,272,158,63.255814,36.744186,26.511628,data/raw/openfun/tw.gov.cec~txn~candidates-votes/2006/郝龍斌-village-votes-page-7.json;data/raw/openfun/tw.gov.cec~txn~candidates-votes/2006/謝長廷-village-votes-page-7.json,matched,polling-station-single-village; polling-station-single-village
2006,文山區,忠順里,忠順里,謝長廷,郝龍斌,475,1474,24.371473,75.628527,-51.257055,data/raw/openfun/tw.gov.cec~txn~candidates-votes/2006/郝龍斌-village-votes-page-7.json;data/raw/openfun/tw.gov.cec~txn~candidates-votes/2006/謝長廷-village-votes-page-7.json,matched,polling-station-single-village; polling-station-single-village
2006,文山區,明義里,明義里,謝長廷,郝龍斌,700,1348,34.179688,65.820313,-31.640625,data/raw/openfun/tw.gov.cec~txn~candidates-votes/2006/郝龍斌-village-votes-page-7.json;data/raw/openfun/tw.gov.cec~txn~candidates-votes/2006/謝長廷-village-votes-page-7.json,matched,polling-station-single-village; polling-station-single-village
2006,文山區,明興里,明興里,謝長廷,郝龍斌,954,2439,28.116711,71.883289,-43.766578,data/raw/openfun/tw.gov.cec~txn~candidates-votes/2006/郝龍斌-village-votes-page-7.json;data/raw/openfun/tw.gov.cec~txn~candidates-votes/2006/謝長廷-village-votes-page-7.json,matched,polling-station-single-village; polling-station-single-village
2006,文山區,指南里,指南里,謝長廷,郝龍斌,644,780,45.224719,54.775281,-9.550562,data/raw/openfun/tw.gov.cec~txn~candidates-votes/2006/郝龍斌-village-votes-page-7.json;data/raw/openfun/tw.gov.cec~txn~candidates-votes/2006/謝長廷-village-votes-page-7.json,matched,polling-station-single-village; polling-station-single-village
2006,文山區,博嘉里,博嘉里,謝長廷,郝龍斌,963,1592,37.690802,62.309198,-24.618395,data/raw/openfun/tw.gov.cec~txn~candidates-votes/2006/郝龍斌-village-votes-page-7.json;data/raw/openfun/tw.gov.cec~txn~candidates-votes/2006/謝長廷-village-votes-page-7.json,matched,polling-station-single-village; polling-station-single-village
2006,文山區,景仁里,景仁里,謝長廷,郝龍斌,775,1498,34.095908,65.904092,-31.808183,data/raw/openfun/tw.gov.cec~txn~candidates-votes/2006/郝龍斌-village-votes-page-7.json;data/raw/openfun/tw.gov.cec~txn~candidates-votes/2006/謝長廷-village-votes-page-7.json,matched,polling-station-single-village; polling-station-single-village
2006,文山區,景行里,景行里,謝長廷,郝龍斌,1255,1416,46.986148,53.013852,-6.027705,data/raw/openfun/tw.gov.cec~txn~candidates-votes/2006/郝龍斌-village-votes-page-7.json;data/raw/openfun/tw.gov.cec~txn~candidates-votes/2006/謝長廷-village-votes-page-7.json,matched,polling-station-single-village; polling-station-single-village
2006,文山區,景東里,景東里,謝長廷,郝龍斌,1010,2289,30.615338,69.384662,-38.769324,data/raw/openfun/tw.gov.cec~txn~candidates-votes/2006/郝龍斌-village-votes-page-7.json;data/raw/openfun/tw.gov.cec~txn~candidates-votes/2006/謝長廷-village-votes-page-7.json,matched,polling-station-single-village; polling-station-single-village
2006,文山區,景美里,景美里,謝長廷,郝龍斌,846,1456,36.750652,63.249348,-26.498697,data/raw/openfun/tw.gov.cec~txn~candidates-votes/2006/郝龍斌-village-votes-page-7.json;data/raw/openfun/tw.gov.cec~txn~candidates-votes/2006/謝長廷-village-votes-page-7.json,matched,polling-station-single-village; polling-station-single-village
2006,文山區,景華里,景華里,謝長廷,郝龍斌,971,1942,33.333333,66.666667,-33.333333,data/raw/openfun/tw.gov.cec~txn~candidates-votes/2006/郝龍斌-village-votes-page-7.json;data/raw/openfun/tw.gov.cec~txn~candidates-votes/2006/謝長廷-village-votes-page-7.json,matched,polling-station-single-village; polling-station-single-village
2006,文山區,景慶里,景慶里,謝長廷,郝龍斌,1135,2042,35.725527,64.274473,-28.548946,data/raw/openfun/tw.gov.cec~txn~candidates-votes/2006/郝龍斌-village-votes-page-7.json;data/raw/openfun/tw.gov.cec~txn~candidates-votes/2006/謝長廷-village-votes-page-7.json,matched,polling-station-single-village; polling-station-single-village
2006,文山區,華興里,華興里,謝長廷,郝龍斌,1176,2543,31.621404,68.378596,-36.757193,data/raw/openfun/tw.gov.cec~txn~candidates-votes/2006/郝龍斌-village-votes-page-7.json;data/raw/openfun/tw.gov.cec~txn~candidates-votes/2006/謝長廷-village-votes-page-7.json,matched,polling-station-single-village; polling-station-single-village
2006,文山區,順興里,順興里,謝長廷,郝龍斌,1332,2213,37.574048,62.425952,-24.851904,data/raw/openfun/tw.gov.cec~txn~candidates-votes/2006/郝龍斌-village-votes-page-7.json;data/raw/openfun/tw.gov.cec~txn~candidates-votes/2006/謝長廷-village-votes-page-7.json,matched,polling-station-single-village; polling-station-single-village
2006,文山區,萬年里,萬年里,謝長廷,郝龍斌,995,1658,37.504712,62.495288,-24.990577,data/raw/openfun/tw.gov.cec~txn~candidates-votes/2006/郝龍斌-village-votes-page-7.json;data/raw/openfun/tw.gov.cec~txn~candidates-votes/2006/謝長廷-village-votes-page-7.json,matched,polling-station-single-village; polling-station-single-village
2006,文山區,萬有里,萬有里,謝長廷,郝龍斌,832,1553,34.884696,65.115304,-30.230608,data/raw/openfun/tw.gov.cec~txn~candidates-votes/2006/郝龍斌-village-votes-page-7.json;data/raw/openfun/tw.gov.cec~txn~candidates-votes/2006/謝長廷-village-votes-page-7.json,matched,polling-station-single-village; polling-station-single-village
2006,文山區,萬和里,萬和里,謝長廷,郝龍斌,331,1261,20.791457,79.208543,-58.417085,data/raw/openfun/tw.gov.cec~txn~candidates-votes/2006/郝龍斌-village-votes-page-7.json;data/raw/openfun/tw.gov.cec~txn~candidates-votes/2006/謝長廷-village-votes-page-7.json,matched,polling-station-single-village; polling-station-single-village
2006,文山區,萬芳里,萬芳里,謝長廷,郝龍斌,1123,2597,30.188172,69.811828,-39.623656,data/raw/openfun/tw.gov.cec~txn~candidates-votes/2006/郝龍斌-village-votes-page-7.json;data/raw/openfun/tw.gov.cec~txn~candidates-votes/2006/謝長廷-village-votes-page-7.json,matched,polling-station-single-village; polling-station-single-village
2006,文山區,萬美里,萬美里,謝長廷,郝龍斌,989,2213,30.886946,69.113054,-38.226109,data/raw/openfun/tw.gov.cec~txn~candidates-votes/2006/郝龍斌-village-votes-page-7.json;data/raw/openfun/tw.gov.cec~txn~candidates-votes/2006/謝長廷-village-votes-page-7.json,matched,polling-station-single-village; polling-station-single-village
2006,文山區,萬盛里,萬盛里,謝長廷,郝龍斌,703,1544,31.286159,68.713841,-37.427681,data/raw/openfun/tw.gov.cec~txn~candidates-votes/2006/郝龍斌-village-votes-page-7.json;data/raw/openfun/tw.gov.cec~txn~candidates-votes/2006/謝長廷-village-votes-page-7.json,matched,polling-station-single-village; polling-station-single-village
2006,文山區,萬祥里,萬祥里,謝長廷,郝龍斌,857,1453,37.099567,62.900433,-25.800866,data/raw/openfun/tw.gov.cec~txn~candidates-votes/2006/郝龍斌-village-votes-page-7.json;data/raw/openfun/tw.gov.cec~txn~candidates-votes/2006/謝長廷-village-votes-page-7.json,matched,polling-station-single-village; polling-station-single-village
2006,文山區,萬隆里,萬隆里,謝長廷,郝龍斌,1172,2505,31.873810,68.126190,-36.252380,data/raw/openfun/tw.gov.cec~txn~candidates-votes/2006/郝龍斌-village-votes-page-7.json;data/raw/openfun/tw.gov.cec~txn~candidates-votes/2006/謝長廷-village-votes-page-7.json,matched,polling-station-single-village; polling-station-single-village
2006,文山區,萬興里,萬興里,謝長廷,郝龍斌,2039,3872,34.495009,65.504991,-31.009981,data/raw/openfun/tw.gov.cec~txn~candidates-votes/2006/郝龍斌-village-votes-page-7.json;data/raw/openfun/tw.gov.cec~txn~candidates-votes/2006/謝長廷-village-votes-page-7.json,matched,polling-station-single-village; polling-station-single-village
2006,文山區,試院里,試院里,謝長廷,郝龍斌,881,2397,26.876144,73.123856,-46.247712,data/raw/openfun/tw.gov.cec~txn~candidates-votes/2006/郝龍斌-village-votes-page-7.json;data/raw/openfun/tw.gov.cec~txn~candidates-votes/2006/謝長廷-village-votes-page-7.json,matched,polling-station-single-village; polling-station-single-village
2006,文山區,樟林里,樟林里,謝長廷,郝龍斌,1223,2890,29.734987,70.265013,-40.530027,data/raw/openfun/tw.gov.cec~txn~candidates-votes/2006/郝龍斌-village-votes-page-7.json;data/raw/openfun/tw.gov.cec~txn~candidates-votes/2006/謝長廷-village-votes-page-7.json,matched,polling-station-single-village; polling-station-single-village
2006,文山區,樟新里,樟新里,謝長廷,郝龍斌,1914,3714,34.008529,65.991471,-31.982942,data/raw/openfun/tw.gov.cec~txn~candidates-votes/2006/郝龍斌-village-votes-page-7.json;data/raw/openfun/tw.gov.cec~txn~candidates-votes/2006/謝長廷-village-votes-page-7.json,matched,polling-station-single-village; polling-station-single-village
2006,文山區,樟腳里,樟腳里,謝長廷,郝龍斌,1627,2946,35.578395,64.421605,-28.843210,data/raw/openfun/tw.gov.cec~txn~candidates-votes/2006/郝龍斌-village-votes-page-7.json;data/raw/openfun/tw.gov.cec~txn~candidates-votes/2006/謝長廷-village-votes-page-7.json,matched,polling-station-single-village; polling-station-single-village
2006,文山區,興光里,興光里,謝長廷,郝龍斌,545,1029,34.625159,65.374841,-30.749682,data/raw/openfun/tw.gov.cec~txn~candidates-votes/2006/郝龍斌-village-votes-page-7.json;data/raw/openfun/tw.gov.cec~txn~candidates-votes/2006/謝長廷-village-votes-page-7.json,matched,polling-station-single-village; polling-station-single-village
2006,文山區,興安里,興安里,謝長廷,郝龍斌,940,2232,29.634300,70.365700,-40.731400,data/raw/openfun/tw.gov.cec~txn~candidates-votes/2006/郝龍斌-village-votes-page-7.json;data/raw/openfun/tw.gov.cec~txn~candidates-votes/2006/謝長廷-village-votes-page-7.json,matched,polling-station-single-village; polling-station-single-village
2006,文山區,興旺里,興旺里,謝長廷,郝龍斌,919,2527,26.668601,73.331399,-46.662797,data/raw/openfun/tw.gov.cec~txn~candidates-votes/2006/郝龍斌-village-votes-page-7.json;data/raw/openfun/tw.gov.cec~txn~candidates-votes/2006/謝長廷-village-votes-page-7.json,matched,polling-station-single-village; polling-station-single-village
2006,文山區,興昌里,興昌里,謝長廷,郝龍斌,842,2268,27.073955,72.926045,-45.852090,data/raw/openfun/tw.gov.cec~txn~candidates-votes/2006/郝龍斌-village-votes-page-7.json;data/raw/openfun/tw.gov.cec~txn~candidates-votes/2006/謝長廷-village-votes-page-7.json,matched,polling-station-single-village; polling-station-single-village
2006,文山區,興家里,興家里,謝長廷,郝龍斌,1072,2615,29.075129,70.924871,-41.849742,data/raw/openfun/tw.gov.cec~txn~candidates-votes/2006/郝龍斌-village-votes-page-7.json;data/raw/openfun/tw.gov.cec~txn~candidates-votes/2006/謝長廷-village-votes-page-7.json,matched,polling-station-single-village; polling-station-single-village
2006,文山區,興泰里,興泰里,謝長廷,郝龍斌,585,1281,31.350482,68.649518,-37.299035,data/raw/openfun/tw.gov.cec~txn~candidates-votes/2006/郝龍斌-village-votes-page-7.json;data/raw/openfun/tw.gov.cec~txn~candidates-votes/2006/謝長廷-village-votes-page-7.json,matched,polling-station-single-village; polling-station-single-village
2006,文山區,興得里,興得里,謝長廷,郝龍斌,926,1993,31.723193,68.276807,-36.553614,data/raw/openfun/tw.gov.cec~txn~candidates-votes/2006/郝龍斌-village-votes-page-7.json;data/raw/openfun/tw.gov.cec~txn~candidates-votes/2006/謝長廷-village-votes-page-7.json,matched,polling-station-single-village; polling-station-single-village
2006,文山區,興業里,興業里,謝長廷,郝龍斌,687,2045,25.146413,74.853587,-49.707174,data/raw/openfun/tw.gov.cec~txn~candidates-votes/2006/郝龍斌-village-votes-page-7.json;data/raw/openfun/tw.gov.cec~txn~candidates-votes/2006/謝長廷-village-votes-page-7.json,matched,polling-station-single-village; polling-station-single-village
2006,文山區,興福里,興福里,謝長廷,郝龍斌,1043,1889,35.572988,64.427012,-28.854025,data/raw/openfun/tw.gov.cec~txn~candidates-votes/2006/郝龍斌-village-votes-page-7.json;data/raw/openfun/tw.gov.cec~txn~candidates-votes/2006/謝長廷-village-votes-page-7.json,matched,polling-station-single-village; polling-station-single-village
2006,文山區,興豐里,興豐里,謝長廷,郝龍斌,1355,3116,30.306419,69.693581,-39.387162,data/raw/openfun/tw.gov.cec~txn~candidates-votes/2006/郝龍斌-village-votes-page-7.json;data/raw/openfun/tw.gov.cec~txn~candidates-votes/2006/謝長廷-village-votes-page-7.json,matched,polling-station-single-village; polling-station-single-village
2006,北投區,一德里,一德里,謝長廷,郝龍斌,1711,1402,54.963058,45.036942,9.926116,data/raw/openfun/tw.gov.cec~txn~candidates-votes/2006/郝龍斌-village-votes-page-1.json;data/raw/openfun/tw.gov.cec~txn~candidates-votes/2006/謝長廷-village-votes-page-1.json,matched,polling-station-single-village; polling-station-single-village
2006,北投區,八仙里,八仙里,謝長廷,郝龍斌,1341,1205,52.670856,47.329144,5.341712,data/raw/openfun/tw.gov.cec~txn~candidates-votes/2006/郝龍斌-village-votes-page-1.json;data/raw/openfun/tw.gov.cec~txn~candidates-votes/2006/謝長廷-village-votes-page-1.json,matched,polling-station-single-village; polling-station-single-village
2006,北投區,大屯里,大屯里,謝長廷,郝龍斌,413,173,70.477816,29.522184,40.955631,data/raw/openfun/tw.gov.cec~txn~candidates-votes/2006/郝龍斌-village-votes-page-1.json;data/raw/openfun/tw.gov.cec~txn~candidates-votes/2006/謝長廷-village-votes-page-1.json,matched,polling-station-single-village; polling-station-single-village
2006,北投區,大同里,大同里,謝長廷,郝龍斌,1582,1408,52.909699,47.090301,5.819398,data/raw/openfun/tw.gov.cec~txn~candidates-votes/2006/郝龍斌-village-votes-page-1.json;data/raw/openfun/tw.gov.cec~txn~candidates-votes/2006/謝長廷-village-votes-page-1.json,matched,polling-station-single-village; polling-station-single-village
2006,北投區,中心里,中心里,謝長廷,郝龍斌,1318,1459,47.461289,52.538711,-5.077422,data/raw/openfun/tw.gov.cec~txn~candidates-votes/2006/郝龍斌-village-votes-page-1.json;data/raw/openfun/tw.gov.cec~txn~candidates-votes/2006/謝長廷-village-votes-page-1.json,matched,polling-station-single-village; polling-station-single-village
2006,北投區,中央里,中央里,謝長廷,郝龍斌,2089,1651,55.855615,44.144385,11.711230,data/raw/openfun/tw.gov.cec~txn~candidates-votes/2006/郝龍斌-village-votes-page-1.json;data/raw/openfun/tw.gov.cec~txn~candidates-votes/2006/謝長廷-village-votes-page-1.json,matched,polling-station-single-village; polling-station-single-village
2006,北投區,中和里,中和里,謝長廷,郝龍斌,1136,1455,43.844076,56.155924,-12.311849,data/raw/openfun/tw.gov.cec~txn~candidates-votes/2006/郝龍斌-village-votes-page-1.json;data/raw/openfun/tw.gov.cec~txn~candidates-votes/2006/謝長廷-village-votes-page-1.json,matched,polling-station-single-village; polling-station-single-village
2006,北投區,中庸里,中庸里,謝長廷,郝龍斌,1152,1035,52.674897,47.325103,5.349794,data/raw/openfun/tw.gov.cec~txn~candidates-votes/2006/郝龍斌-village-votes-page-1.json;data/raw/openfun/tw.gov.cec~txn~candidates-votes/2006/謝長廷-village-votes-page-1.json,matched,polling-station-single-village; polling-station-single-village
2006,北投區,文化里,文化里,謝長廷,郝龍斌,576,1604,26.422018,73.577982,-47.155963,data/raw/openfun/tw.gov.cec~txn~candidates-votes/2006/郝龍斌-village-votes-page-1.json;data/raw/openfun/tw.gov.cec~txn~candidates-votes/2006/謝長廷-village-votes-page-1.json,matched,polling-station-single-village; polling-station-single-village
2006,北投區,文林里,文林里,謝長廷,郝龍斌,1218,1117,52.162741,47.837259,4.325482,data/raw/openfun/tw.gov.cec~txn~candidates-votes/2006/郝龍斌-village-votes-page-1.json;data/raw/openfun/tw.gov.cec~txn~candidates-votes/2006/謝長廷-village-votes-page-1.json,matched,polling-station-single-village; polling-station-single-village
2006,北投區,永和里,永和里,謝長廷,郝龍斌,1900,2149,46.925167,53.074833,-6.149667,data/raw/openfun/tw.gov.cec~txn~candidates-votes/2006/郝龍斌-village-votes-page-1.json;data/raw/openfun/tw.gov.cec~txn~candidates-votes/2006/謝長廷-village-votes-page-1.json,matched,polling-station-single-village; polling-station-single-village
2006,北投區,永明里,永明里,謝長廷,郝龍斌,1002,1301,43.508467,56.491533,-12.983066,data/raw/openfun/tw.gov.cec~txn~candidates-votes/2006/郝龍斌-village-votes-page-1.json;data/raw/openfun/tw.gov.cec~txn~candidates-votes/2006/謝長廷-village-votes-page-1.json,matched,polling-station-single-village; polling-station-single-village
2006,北投區,永欣里,永欣里,謝長廷,郝龍斌,1285,2200,36.872310,63.127690,-26.255380,data/raw/openfun/tw.gov.cec~txn~candidates-votes/2006/郝龍斌-village-votes-page-1.json;data/raw/openfun/tw.gov.cec~txn~candidates-votes/2006/謝長廷-village-votes-page-1.json,matched,polling-station-single-village; polling-station-single-village
2006,北投區,石牌里,石牌里,謝長廷,郝龍斌,1416,1313,51.887138,48.112862,3.774276,data/raw/openfun/tw.gov.cec~txn~candidates-votes/2006/郝龍斌-village-votes-page-1.json;data/raw/openfun/tw.gov.cec~txn~candidates-votes/2006/謝長廷-village-votes-page-1.json,matched,polling-station-single-village; polling-station-single-village
2006,北投區,立農里,立農里,謝長廷,郝龍斌,2137,2205,49.216951,50.783049,-1.566099,data/raw/openfun/tw.gov.cec~txn~candidates-votes/2006/郝龍斌-village-votes-page-1.json;data/raw/openfun/tw.gov.cec~txn~candidates-votes/2006/謝長廷-village-votes-page-1.json,matched,polling-station-single-village; polling-station-single-village
2006,北投區,立賢里,立賢里,謝長廷,郝龍斌,1289,1225,51.272872,48.727128,2.545744,data/raw/openfun/tw.gov.cec~txn~candidates-votes/2006/郝龍斌-village-votes-page-1.json;data/raw/openfun/tw.gov.cec~txn~candidates-votes/2006/謝長廷-village-votes-page-1.json,matched,polling-station-single-village; polling-station-single-village
2006,北投區,吉利里,吉利里,謝長廷,郝龍斌,1245,1987,38.521040,61.478960,-22.957921,data/raw/openfun/tw.gov.cec~txn~candidates-votes/2006/郝龍斌-village-votes-page-1.json;data/raw/openfun/tw.gov.cec~txn~candidates-votes/2006/謝長廷-village-votes-page-1.json,matched,polling-station-single-village; polling-station-single-village
2006,北投區,吉慶里,吉慶里,謝長廷,郝龍斌,1402,1241,53.045781,46.954219,6.091563,data/raw/openfun/tw.gov.cec~txn~candidates-votes/2006/郝龍斌-village-votes-page-1.json;data/raw/openfun/tw.gov.cec~txn~candidates-votes/2006/謝長廷-village-votes-page-1.json,matched,polling-station-single-village; polling-station-single-village
2006,北投區,秀山里,秀山里,謝長廷,郝龍斌,783,1057,42.554348,57.445652,-14.891304,data/raw/openfun/tw.gov.cec~txn~candidates-votes/2006/郝龍斌-village-votes-page-1.json;data/raw/openfun/tw.gov.cec~txn~candidates-votes/2006/謝長廷-village-votes-page-1.json,matched,polling-station-single-village; polling-station-single-village
2006,北投區,奇岩里,奇岩里,謝長廷,郝龍斌,2252,2504,47.350715,52.649285,-5.298570,data/raw/openfun/tw.gov.cec~txn~candidates-votes/2006/郝龍斌-village-votes-page-1.json;data/raw/openfun/tw.gov.cec~txn~candidates-votes/2006/謝長廷-village-votes-page-1.json,matched,polling-station-single-village; polling-station-single-village
2006,北投區,東華里,東華里,謝長廷,郝龍斌,977,1479,39.780130,60.219870,-20.439739,data/raw/openfun/tw.gov.cec~txn~candidates-votes/2006/郝龍斌-village-votes-page-1.json;data/raw/openfun/tw.gov.cec~txn~candidates-votes/2006/謝長廷-village-votes-page-1.json,matched,polling-station-single-village; polling-station-single-village
2006,北投區,林泉里,林泉里,謝長廷,郝龍斌,503,1019,33.048620,66.951380,-33.902760,data/raw/openfun/tw.gov.cec~txn~candidates-votes/2006/郝龍斌-village-votes-page-1.json;data/raw/openfun/tw.gov.cec~txn~candidates-votes/2006/謝長廷-village-votes-page-1.json,matched,polling-station-single-village; polling-station-single-village
2006,北投區,長安里,長安里,謝長廷,郝龍斌,1521,1447,51.246631,48.753369,2.493261,data/raw/openfun/tw.gov.cec~txn~candidates-votes/2006/郝龍斌-village-votes-page-1.json;data/raw/openfun/tw.gov.cec~txn~candidates-votes/2006/謝長廷-village-votes-page-1.json,matched,polling-station-single-village; polling-station-single-village
2006,北投區,建民里,建民里,謝長廷,郝龍斌,1277,843,60.235849,39.764151,20.471698,data/raw/openfun/tw.gov.cec~txn~candidates-votes/2006/郝龍斌-village-votes-page-1.json;data/raw/openfun/tw.gov.cec~txn~candidates-votes/2006/謝長廷-village-votes-page-1.json,matched,polling-station-single-village; polling-station-single-village
2006,北投區,泉源里,泉源里,謝長廷,郝龍斌,694,526,56.885246,43.114754,13.770492,data/raw/openfun/tw.gov.cec~txn~candidates-votes/2006/郝龍斌-village-votes-page-1.json;data/raw/openfun/tw.gov.cec~txn~candidates-votes/2006/謝長廷-village-votes-page-1.json,matched,polling-station-single-village; polling-station-single-village
2006,北投區,洲美里,洲美里,謝長廷,郝龍斌,715,303,70.235756,29.764244,40.471513,data/raw/openfun/tw.gov.cec~txn~candidates-votes/2006/郝龍斌-village-votes-page-1.json;data/raw/openfun/tw.gov.cec~txn~candidates-votes/2006/謝長廷-village-votes-page-1.json,matched,polling-station-single-village; polling-station-single-village
2006,北投區,振華里,振華里,謝長廷,郝龍斌,1740,2296,43.111992,56.888008,-13.776016,data/raw/openfun/tw.gov.cec~txn~candidates-votes/2006/郝龍斌-village-votes-page-1.json;data/raw/openfun/tw.gov.cec~txn~candidates-votes/2006/謝長廷-village-votes-page-1.json,matched,polling-station-single-village; polling-station-single-village
2006,北投區,桃源里,桃源里,謝長廷,郝龍斌,1476,1319,52.808587,47.191413,5.617174,data/raw/openfun/tw.gov.cec~txn~candidates-votes/2006/郝龍斌-village-votes-page-1.json;data/raw/openfun/tw.gov.cec~txn~candidates-votes/2006/謝長廷-village-votes-page-1.json,matched,polling-station-single-village; polling-station-single-village
2006,北投區,清江里,清江里,謝長廷,郝龍斌,2363,2091,53.053435,46.946565,6.106870,data/raw/openfun/tw.gov.cec~txn~candidates-votes/2006/郝龍斌-village-votes-page-1.json;data/raw/openfun/tw.gov.cec~txn~candidates-votes/2006/謝長廷-village-votes-page-1.json,matched,polling-station-single-village; polling-station-single-village
2006,北投區,尊賢里,尊賢里,謝長廷,郝龍斌,1270,1127,52.982895,47.017105,5.965791,data/raw/openfun/tw.gov.cec~txn~candidates-votes/2006/郝龍斌-village-votes-page-1.json;data/raw/openfun/tw.gov.cec~txn~candidates-votes/2006/謝長廷-village-votes-page-1.json,matched,polling-station-single-village; polling-station-single-village
2006,北投區,智仁里,智仁里,謝長廷,郝龍斌,1252,1762,41.539482,58.460518,-16.921035,data/raw/openfun/tw.gov.cec~txn~candidates-votes/2006/郝龍斌-village-votes-page-1.json;data/raw/openfun/tw.gov.cec~txn~candidates-votes/2006/謝長廷-village-votes-page-1.json,matched,polling-station-single-village; polling-station-single-village
2006,北投區,湖山里,湖山里,謝長廷,郝龍斌,539,511,51.333333,48.666667,2.666667,data/raw/openfun/tw.gov.cec~txn~candidates-votes/2006/郝龍斌-village-votes-page-1.json;data/raw/openfun/tw.gov.cec~txn~candidates-votes/2006/謝長廷-village-votes-page-1.json,matched,polling-station-single-village; polling-station-single-village
2006,北投區,湖田里,湖田里,謝長廷,郝龍斌,261,201,56.493506,43.506494,12.987013,data/raw/openfun/tw.gov.cec~txn~candidates-votes/2006/郝龍斌-village-votes-page-1.json;data/raw/openfun/tw.gov.cec~txn~candidates-votes/2006/謝長廷-village-votes-page-1.json,matched,polling-station-single-village; polling-station-single-village
2006,北投區,開明里,開明里,謝長廷,郝龍斌,1485,1850,44.527736,55.472264,-10.944528,data/raw/openfun/tw.gov.cec~txn~candidates-votes/2006/郝龍斌-village-votes-page-1.json;data/raw/openfun/tw.gov.cec~txn~candidates-votes/2006/謝長廷-village-votes-page-1.json,matched,polling-station-single-village; polling-station-single-village
2006,北投區,溫泉里,溫泉里,謝長廷,郝龍斌,1600,1593,50.109615,49.890385,0.219230,data/raw/openfun/tw.gov.cec~txn~candidates-votes/2006/郝龍斌-village-votes-page-1.json;data/raw/openfun/tw.gov.cec~txn~candidates-votes/2006/謝長廷-village-votes-page-1.json,matched,polling-station-single-village; polling-station-single-village
2006,北投區,裕民里,裕民里,謝長廷,郝龍斌,1613,1973,44.980480,55.019520,-10.039041,data/raw/openfun/tw.gov.cec~txn~candidates-votes/2006/郝龍斌-village-votes-page-1.json;data/raw/openfun/tw.gov.cec~txn~candidates-votes/2006/謝長廷-village-votes-page-1.json,matched,polling-station-single-village; polling-station-single-village
2006,北投區,榮光里,榮光里,謝長廷,郝龍斌,1678,1912,46.740947,53.259053,-6.518106,data/raw/openfun/tw.gov.cec~txn~candidates-votes/2006/郝龍斌-village-votes-page-1.json;data/raw/openfun/tw.gov.cec~txn~candidates-votes/2006/謝長廷-village-votes-page-1.json,matched,polling-station-single-village; polling-station-single-village
2006,北投區,榮華里,榮華里,謝長廷,郝龍斌,1645,2154,43.300869,56.699131,-13.398263,data/raw/openfun/tw.gov.cec~txn~candidates-votes/2006/郝龍斌-village-votes-page-1.json;data/raw/openfun/tw.gov.cec~txn~candidates-votes/2006/謝長廷-village-votes-page-1.json,matched,polling-station-single-village; polling-station-single-village
2006,北投區,福興里,福興里,謝長廷,郝龍斌,1776,1836,49.169435,50.830565,-1.661130,data/raw/openfun/tw.gov.cec~txn~candidates-votes/2006/郝龍斌-village-votes-page-1.json;data/raw/openfun/tw.gov.cec~txn~candidates-votes/2006/謝長廷-village-votes-page-1.json,matched,polling-station-single-village; polling-station-single-village
2006,北投區,稻香里,稻香里,謝長廷,郝龍斌,955,1360,41.252700,58.747300,-17.494600,data/raw/openfun/tw.gov.cec~txn~candidates-votes/2006/郝龍斌-village-votes-page-1.json;data/raw/openfun/tw.gov.cec~txn~candidates-votes/2006/謝長廷-village-votes-page-1.json,matched,polling-station-single-village; polling-station-single-village
2006,北投區,豐年里,豐年里,謝長廷,郝龍斌,966,1133,46.021915,53.978085,-7.956170,data/raw/openfun/tw.gov.cec~txn~candidates-votes/2006/郝龍斌-village-votes-page-1.json;data/raw/openfun/tw.gov.cec~txn~candidates-votes/2006/謝長廷-village-votes-page-1.json,matched,polling-station-single-village; polling-station-single-village
2006,北投區,關渡里,關渡里,謝長廷,郝龍斌,2481,2667,48.193473,51.806527,-3.613054,data/raw/openfun/tw.gov.cec~txn~candidates-votes/2006/郝龍斌-village-votes-page-1.json;data/raw/openfun/tw.gov.cec~txn~candidates-votes/2006/謝長廷-village-votes-page-1.json,matched,polling-station-single-village; polling-station-single-village
2006,松山區,三民里,三民里,謝長廷,郝龍斌,1279,2102,37.829045,62.170955,-24.341911,data/raw/openfun/tw.gov.cec~txn~candidates-votes/2006/郝龍斌-village-votes-page-3.json;data/raw/openfun/tw.gov.cec~txn~candidates-votes/2006/謝長廷-village-votes-page-3.json,matched,polling-station-single-village; polling-station-single-village
2006,松山區,中正里,中正里,謝長廷,郝龍斌,1863,1965,48.667712,51.332288,-2.664577,data/raw/openfun/tw.gov.cec~txn~candidates-votes/2006/郝龍斌-village-votes-page-3.json;data/raw/openfun/tw.gov.cec~txn~candidates-votes/2006/謝長廷-village-votes-page-3.json,matched,polling-station-single-village; polling-station-single-village
2006,松山區,中崙里,中崙里,謝長廷,郝龍斌,898,1070,45.630081,54.369919,-8.739837,data/raw/openfun/tw.gov.cec~txn~candidates-votes/2006/郝龍斌-village-votes-page-3.json;data/raw/openfun/tw.gov.cec~txn~candidates-votes/2006/謝長廷-village-votes-page-3.json,matched,polling-station-single-village; polling-station-single-village
2006,松山區,中華里,中華里,謝長廷,郝龍斌,1139,1959,36.765655,63.234345,-26.468689,data/raw/openfun/tw.gov.cec~txn~candidates-votes/2006/郝龍斌-village-votes-page-3.json;data/raw/openfun/tw.gov.cec~txn~candidates-votes/2006/謝長廷-village-votes-page-3.json,matched,polling-station-single-village; polling-station-single-village
2006,松山區,介壽里,介壽里,謝長廷,郝龍斌,1024,1272,44.599303,55.400697,-10.801394,data/raw/openfun/tw.gov.cec~txn~candidates-votes/2006/郝龍斌-village-votes-page-3.json;data/raw/openfun/tw.gov.cec~txn~candidates-votes/2006/謝長廷-village-votes-page-3.json,matched,polling-station-single-village; polling-station-single-village
2006,松山區,民有里,民有里,謝長廷,郝龍斌,1958,2374,45.198523,54.801477,-9.602955,data/raw/openfun/tw.gov.cec~txn~candidates-votes/2006/郝龍斌-village-votes-page-3.json;data/raw/openfun/tw.gov.cec~txn~candidates-votes/2006/謝長廷-village-votes-page-3.json,matched,polling-station-single-village; polling-station-single-village
2006,松山區,民福里,民福里,謝長廷,郝龍斌,1167,2129,35.406553,64.593447,-29.186893,data/raw/openfun/tw.gov.cec~txn~candidates-votes/2006/郝龍斌-village-votes-page-3.json;data/raw/openfun/tw.gov.cec~txn~candidates-votes/2006/謝長廷-village-votes-page-3.json,matched,polling-station-single-village; polling-station-single-village
2006,松山區,吉仁里,吉仁里,謝長廷,郝龍斌,836,1146,42.179617,57.820383,-15.640767,data/raw/openfun/tw.gov.cec~txn~candidates-votes/2006/郝龍斌-village-votes-page-3.json;data/raw/openfun/tw.gov.cec~txn~candidates-votes/2006/謝長廷-village-votes-page-3.json,matched,polling-station-single-village; polling-station-single-village
2006,松山區,吉祥里,吉祥里,謝長廷,郝龍斌,1700,2456,40.904716,59.095284,-18.190568,data/raw/openfun/tw.gov.cec~txn~candidates-votes/2006/郝龍斌-village-votes-page-3.json;data/raw/openfun/tw.gov.cec~txn~candidates-votes/2006/謝長廷-village-votes-page-3.json,matched,polling-station-single-village; polling-station-single-village
2006,松山區,安平里,安平里,謝長廷,郝龍斌,2222,2208,50.158014,49.841986,0.316027,data/raw/openfun/tw.gov.cec~txn~candidates-votes/2006/郝龍斌-village-votes-page-3.json;data/raw/openfun/tw.gov.cec~txn~candidates-votes/2006/謝長廷-village-votes-page-3.json,matched,polling-station-single-village; polling-station-single-village
2006,松山區,自強里,自強里,謝長廷,郝龍斌,722,4022,15.219224,84.780776,-69.561551,data/raw/openfun/tw.gov.cec~txn~candidates-votes/2006/郝龍斌-village-votes-page-3.json;data/raw/openfun/tw.gov.cec~txn~candidates-votes/2006/謝長廷-village-votes-page-3.json,matched,polling-station-single-village; polling-station-single-village
2006,松山區,東光里,東光里,謝長廷,郝龍斌,1391,2261,38.088719,61.911281,-23.822563,data/raw/openfun/tw.gov.cec~txn~candidates-votes/2006/郝龍斌-village-votes-page-3.json;data/raw/openfun/tw.gov.cec~txn~candidates-votes/2006/謝長廷-village-votes-page-3.json,matched,polling-station-single-village; polling-station-single-village
2006,松山區,東昌里,東昌里,謝長廷,郝龍斌,604,743,44.840386,55.159614,-10.319228,data/raw/openfun/tw.gov.cec~txn~candidates-votes/2006/郝龍斌-village-votes-page-3.json;data/raw/openfun/tw.gov.cec~txn~candidates-votes/2006/謝長廷-village-votes-page-3.json,matched,polling-station-single-village; polling-station-single-village
2006,松山區,東勢里,東勢里,謝長廷,郝龍斌,977,1260,43.674564,56.325436,-12.650872,data/raw/openfun/tw.gov.cec~txn~candidates-votes/2006/郝龍斌-village-votes-page-3.json;data/raw/openfun/tw.gov.cec~txn~candidates-votes/2006/謝長廷-village-votes-page-3.json,matched,polling-station-single-village; polling-station-single-village
2006,松山區,東榮里,東榮里,謝長廷,郝龍斌,1699,2443,41.018831,58.981169,-17.962337,data/raw/openfun/tw.gov.cec~txn~candidates-votes/2006/郝龍斌-village-votes-page-3.json;data/raw/openfun/tw.gov.cec~txn~candidates-votes/2006/謝長廷-village-votes-page-3.json,matched,polling-station-single-village; polling-station-single-village
2006,松山區,松基里,松基里,謝長廷,郝龍斌,857,969,46.933187,53.066813,-6.133625,data/raw/openfun/tw.gov.cec~txn~candidates-votes/2006/郝龍斌-village-votes-page-3.json;data/raw/openfun/tw.gov.cec~txn~candidates-votes/2006/謝長廷-village-votes-page-3.json,matched,polling-station-single-village; polling-station-single-village
2006,松山區,美仁里,美仁里,謝長廷,郝龍斌,792,853,48.145897,51.854103,-3.708207,data/raw/openfun/tw.gov.cec~txn~candidates-votes/2006/郝龍斌-village-votes-page-3.json;data/raw/openfun/tw.gov.cec~txn~candidates-votes/2006/謝長廷-village-votes-page-3.json,matched,polling-station-single-village; polling-station-single-village
2006,松山區,莊敬里,莊敬里,謝長廷,郝龍斌,1129,1779,38.823934,61.176066,-22.352132,data/raw/openfun/tw.gov.cec~txn~candidates-votes/2006/郝龍斌-village-votes-page-3.json;data/raw/openfun/tw.gov.cec~txn~candidates-votes/2006/謝長廷-village-votes-page-3.json,matched,polling-station-single-village; polling-station-single-village
2006,松山區,富泰里,富泰里,謝長廷,郝龍斌,747,1496,33.303611,66.696389,-33.392778,data/raw/openfun/tw.gov.cec~txn~candidates-votes/2006/郝龍斌-village-votes-page-3.json;data/raw/openfun/tw.gov.cec~txn~candidates-votes/2006/謝長廷-village-votes-page-3.json,matched,polling-station-single-village; polling-station-single-village
2006,松山區,富錦里,富錦里,謝長廷,郝龍斌,1011,1637,38.179758,61.820242,-23.640483,data/raw/openfun/tw.gov.cec~txn~candidates-votes/2006/郝龍斌-village-votes-page-3.json;data/raw/openfun/tw.gov.cec~txn~candidates-votes/2006/謝長廷-village-votes-page-3.json,matched,polling-station-single-village; polling-station-single-village
2006,松山區,復建里,復建里,謝長廷,郝龍斌,717,1157,38.260406,61.739594,-23.479189,data/raw/openfun/tw.gov.cec~txn~candidates-votes/2006/郝龍斌-village-votes-page-3.json;data/raw/openfun/tw.gov.cec~txn~candidates-votes/2006/謝長廷-village-votes-page-3.json,matched,polling-station-single-village; polling-station-single-village
2006,松山區,復盛里,復盛里,謝長廷,郝龍斌,1277,2039,38.510253,61.489747,-22.979493,data/raw/openfun/tw.gov.cec~txn~candidates-votes/2006/郝龍斌-village-votes-page-3.json;data/raw/openfun/tw.gov.cec~txn~candidates-votes/2006/謝長廷-village-votes-page-3.json,matched,polling-station-single-village; polling-station-single-village
2006,松山區,復勢里,復勢里,謝長廷,郝龍斌,1391,1568,47.009125,52.990875,-5.981751,data/raw/openfun/tw.gov.cec~txn~candidates-votes/2006/郝龍斌-village-votes-page-3.json;data/raw/openfun/tw.gov.cec~txn~candidates-votes/2006/謝長廷-village-votes-page-3.json,matched,polling-station-single-village; polling-station-single-village
2006,松山區,復源里,復源里,謝長廷,郝龍斌,628,910,40.832250,59.167750,-18.335501,data/raw/openfun/tw.gov.cec~txn~candidates-votes/2006/郝龍斌-village-votes-page-3.json;data/raw/openfun/tw.gov.cec~txn~candidates-votes/2006/謝長廷-village-votes-page-3.json,matched,polling-station-single-village; polling-station-single-village
2006,松山區,敦化里,敦化里,謝長廷,郝龍斌,1616,1902,45.935190,54.064810,-8.129619,data/raw/openfun/tw.gov.cec~txn~candidates-votes/2006/郝龍斌-village-votes-page-3.json;data/raw/openfun/tw.gov.cec~txn~candidates-votes/2006/謝長廷-village-votes-page-3.json,matched,polling-station-single-village; polling-station-single-village
2006,松山區,新東里,新東里,謝長廷,郝龍斌,1034,1361,43.173278,56.826722,-13.653445,data/raw/openfun/tw.gov.cec~txn~candidates-votes/2006/郝龍斌-village-votes-page-3.json;data/raw/openfun/tw.gov.cec~txn~candidates-votes/2006/謝長廷-village-votes-page-3.json,matched,polling-station-single-village; polling-station-single-village
2006,松山區,新益里,新益里,謝長廷,郝龍斌,1010,1300,43.722944,56.277056,-12.554113,data/raw/openfun/tw.gov.cec~txn~candidates-votes/2006/郝龍斌-village-votes-page-3.json;data/raw/openfun/tw.gov.cec~txn~candidates-votes/2006/謝長廷-village-votes-page-3.json,matched,polling-station-single-village; polling-station-single-village
2006,松山區,新聚里,新聚里,謝長廷,郝龍斌,1678,2157,43.754889,56.245111,-12.490222,data/raw/openfun/tw.gov.cec~txn~candidates-votes/2006/郝龍斌-village-votes-page-3.json;data/raw/openfun/tw.gov.cec~txn~candidates-votes/2006/謝長廷-village-votes-page-3.json,matched,polling-station-single-village; polling-station-single-village
2006,松山區,慈祐里,慈祐里,謝長廷,郝龍斌,1619,1257,56.293463,43.706537,12.586926,data/raw/openfun/tw.gov.cec~txn~candidates-votes/2006/郝龍斌-village-votes-page-3.json;data/raw/openfun/tw.gov.cec~txn~candidates-votes/2006/謝長廷-village-votes-page-3.json,matched,polling-station-single-village; polling-station-single-village
2006,松山區,福成里,福成里,謝長廷,郝龍斌,551,745,42.515432,57.484568,-14.969136,data/raw/openfun/tw.gov.cec~txn~candidates-votes/2006/郝龍斌-village-votes-page-3.json;data/raw/openfun/tw.gov.cec~txn~candidates-votes/2006/謝長廷-village-votes-page-3.json,matched,polling-station-single-village; polling-station-single-village
2006,松山區,精忠里,精忠里,謝長廷,郝龍斌,822,1313,38.501171,61.498829,-22.997658,data/raw/openfun/tw.gov.cec~txn~candidates-votes/2006/郝龍斌-village-votes-page-3.json;data/raw/openfun/tw.gov.cec~txn~candidates-votes/2006/謝長廷-village-votes-page-3.json,matched,polling-station-single-village; polling-station-single-village
2006,松山區,龍田里,龍田里,謝長廷,郝龍斌,1198,3444,25.807841,74.192159,-48.384317,data/raw/openfun/tw.gov.cec~txn~candidates-votes/2006/郝龍斌-village-votes-page-3.json;data/raw/openfun/tw.gov.cec~txn~candidates-votes/2006/謝長廷-village-votes-page-3.json,matched,polling-station-single-village; polling-station-single-village
2006,松山區,鵬程里,鵬程里,謝長廷,郝龍斌,849,2037,29.417879,70.582121,-41.164241,data/raw/openfun/tw.gov.cec~txn~candidates-votes/2006/郝龍斌-village-votes-page-3.json;data/raw/openfun/tw.gov.cec~txn~candidates-votes/2006/謝長廷-village-votes-page-3.json,matched,polling-station-single-village; polling-station-single-village
2006,信義區,三張里,三張里,謝長廷,郝龍斌,1610,3075,34.364995,65.635005,-31.270011,data/raw/openfun/tw.gov.cec~txn~candidates-votes/2006/郝龍斌-village-votes-page-4.json;data/raw/openfun/tw.gov.cec~txn~candidates-votes/2006/謝長廷-village-votes-page-4.json,matched,polling-station-single-village; polling-station-single-village
2006,信義區,三犁里,三犁里,謝長廷,郝龍斌,867,1599,35.158151,64.841849,-29.683698,data/raw/openfun/tw.gov.cec~txn~candidates-votes/2006/郝龍斌-village-votes-page-4.json;data/raw/openfun/tw.gov.cec~txn~candidates-votes/2006/謝長廷-village-votes-page-4.json,matched,polling-station-single-village; polling-station-single-village
2006,信義區,大仁里,大仁里,謝長廷,郝龍斌,1106,1476,42.835012,57.164988,-14.329977,data/raw/openfun/tw.gov.cec~txn~candidates-votes/2006/郝龍斌-village-votes-page-4.json;data/raw/openfun/tw.gov.cec~txn~candidates-votes/2006/謝長廷-village-votes-page-4.json,matched,polling-station-single-village; polling-station-single-village
2006,信義區,大道里,大道里,謝長廷,郝龍斌,1460,1817,44.552945,55.447055,-10.894110,data/raw/openfun/tw.gov.cec~txn~candidates-votes/2006/郝龍斌-village-votes-page-4.json;data/raw/openfun/tw.gov.cec~txn~candidates-votes/2006/謝長廷-village-votes-page-4.json,matched,polling-station-single-village; polling-station-single-village
2006,信義區,中行里,中行里,謝長廷,郝龍斌,1863,2160,46.308725,53.691275,-7.382550,data/raw/openfun/tw.gov.cec~txn~candidates-votes/2006/郝龍斌-village-votes-page-4.json;data/raw/openfun/tw.gov.cec~txn~candidates-votes/2006/謝長廷-village-votes-page-4.json,matched,polling-station-single-village; polling-station-single-village
2006,信義區,中坡里,中坡里,謝長廷,郝龍斌,960,1304,42.402827,57.597173,-15.194346,data/raw/openfun/tw.gov.cec~txn~candidates-votes/2006/郝龍斌-village-votes-page-4.json;data/raw/openfun/tw.gov.cec~txn~candidates-votes/2006/謝長廷-village-votes-page-4.json,matched,polling-station-single-village; polling-station-single-village
2006,信義區,中興里,中興里,謝長廷,郝龍斌,549,864,38.853503,61.146497,-22.292994,data/raw/openfun/tw.gov.cec~txn~candidates-votes/2006/郝龍斌-village-votes-page-3.json;data/raw/openfun/tw.gov.cec~txn~candidates-votes/2006/謝長廷-village-votes-page-3.json,matched,polling-station-single-village; polling-station-single-village
2006,信義區,五全里,五全里,謝長廷,郝龍斌,1376,1351,50.458379,49.541621,0.916758,data/raw/openfun/tw.gov.cec~txn~candidates-votes/2006/郝龍斌-village-votes-page-3.json;data/raw/openfun/tw.gov.cec~txn~candidates-votes/2006/郝龍斌-village-votes-page-4.json;data/raw/openfun/tw.gov.cec~txn~candidates-votes/2006/謝長廷-village-votes-page-3.json;data/raw/openfun/tw.gov.cec~txn~candidates-votes/2006/謝長廷-village-votes-page-4.json,matched,polling-station-single-village; polling-station-single-village
2006,信義區,五常里,五常里,謝長廷,郝龍斌,786,1042,42.997812,57.002188,-14.004376,data/raw/openfun/tw.gov.cec~txn~candidates-votes/2006/郝龍斌-village-votes-page-3.json;data/raw/openfun/tw.gov.cec~txn~candidates-votes/2006/謝長廷-village-votes-page-3.json,matched,polling-station-single-village; polling-station-single-village
2006,信義區,六合里,六合里,謝長廷,郝龍斌,950,2318,29.069767,70.930233,-41.860465,data/raw/openfun/tw.gov.cec~txn~candidates-votes/2006/郝龍斌-village-votes-page-4.json;data/raw/openfun/tw.gov.cec~txn~candidates-votes/2006/謝長廷-village-votes-page-4.json,matched,polling-station-single-village; polling-station-single-village
2006,信義區,六藝里,六藝里,謝長廷,郝龍斌,895,964,48.144164,51.855836,-3.711673,data/raw/openfun/tw.gov.cec~txn~candidates-votes/2006/郝龍斌-village-votes-page-3.json;data/raw/openfun/tw.gov.cec~txn~candidates-votes/2006/謝長廷-village-votes-page-3.json,matched,polling-station-single-village; polling-station-single-village
2006,信義區,四育里,四育里,謝長廷,郝龍斌,1464,1546,48.637874,51.362126,-2.724252,data/raw/openfun/tw.gov.cec~txn~candidates-votes/2006/郝龍斌-village-votes-page-4.json;data/raw/openfun/tw.gov.cec~txn~candidates-votes/2006/謝長廷-village-votes-page-4.json,matched,polling-station-single-village; polling-station-single-village
2006,信義區,四維里,四維里,謝長廷,郝龍斌,1000,1640,37.878788,62.121212,-24.242424,data/raw/openfun/tw.gov.cec~txn~candidates-votes/2006/郝龍斌-village-votes-page-4.json;data/raw/openfun/tw.gov.cec~txn~candidates-votes/2006/謝長廷-village-votes-page-4.json,matched,polling-station-single-village; polling-station-single-village
2006,信義區,正和里,正和里,謝長廷,郝龍斌,741,1641,31.108312,68.891688,-37.783375,data/raw/openfun/tw.gov.cec~txn~candidates-votes/2006/郝龍斌-village-votes-page-3.json;data/raw/openfun/tw.gov.cec~txn~candidates-votes/2006/謝長廷-village-votes-page-3.json,matched,polling-station-single-village; polling-station-single-village
2006,信義區,永吉里,永吉里,謝長廷,郝龍斌,1267,901,58.440959,41.559041,16.881919,data/raw/openfun/tw.gov.cec~txn~candidates-votes/2006/郝龍斌-village-votes-page-4.json;data/raw/openfun/tw.gov.cec~txn~candidates-votes/2006/謝長廷-village-votes-page-4.json,matched,polling-station-single-village; polling-station-single-village
2006,信義區,永春里,永春里,謝長廷,郝龍斌,1219,1377,46.956857,53.043143,-6.086287,data/raw/openfun/tw.gov.cec~txn~candidates-votes/2006/郝龍斌-village-votes-page-4.json;data/raw/openfun/tw.gov.cec~txn~candidates-votes/2006/謝長廷-village-votes-page-4.json,matched,polling-station-single-village; polling-station-single-village
2006,信義區,安康里,安康里,謝長廷,郝龍斌,1528,2441,38.498362,61.501638,-23.003275,data/raw/openfun/tw.gov.cec~txn~candidates-votes/2006/郝龍斌-village-votes-page-3.json;data/raw/openfun/tw.gov.cec~txn~candidates-votes/2006/謝長廷-village-votes-page-3.json,matched,polling-station-single-village; polling-station-single-village
2006,信義區,西村里,西村里,謝長廷,郝龍斌,457,2048,18.243513,81.756487,-63.512974,data/raw/openfun/tw.gov.cec~txn~candidates-votes/2006/郝龍斌-village-votes-page-3.json;data/raw/openfun/tw.gov.cec~txn~candidates-votes/2006/謝長廷-village-votes-page-3.json,matched,polling-station-single-village; polling-station-single-village
2006,信義區,松友里,松友里,謝長廷,郝龍斌,1175,2021,36.764706,63.235294,-26.470588,data/raw/openfun/tw.gov.cec~txn~candidates-votes/2006/郝龍斌-village-votes-page-4.json;data/raw/openfun/tw.gov.cec~txn~candidates-votes/2006/謝長廷-village-votes-page-4.json,matched,polling-station-single-village; polling-station-single-village
2006,信義區,松光里,松光里,謝長廷,郝龍斌,1203,1474,44.938364,55.061636,-10.123272,data/raw/openfun/tw.gov.cec~txn~candidates-votes/2006/郝龍斌-village-votes-page-4.json;data/raw/openfun/tw.gov.cec~txn~candidates-votes/2006/謝長廷-village-votes-page-4.json,matched,polling-station-single-village; polling-station-single-village
2006,信義區,松隆里,松隆里,謝長廷,郝龍斌,469,691,40.431034,59.568966,-19.137931,data/raw/openfun/tw.gov.cec~txn~candidates-votes/2006/郝龍斌-village-votes-page-4.json;data/raw/openfun/tw.gov.cec~txn~candidates-votes/2006/謝長廷-village-votes-page-4.json,matched,polling-station-single-village; polling-station-single-village
2006,信義區,長春里,長春里,謝長廷,郝龍斌,1119,1086,50.748299,49.251701,1.496599,data/raw/openfun/tw.gov.cec~txn~candidates-votes/2006/郝龍斌-village-votes-page-4.json;data/raw/openfun/tw.gov.cec~txn~candidates-votes/2006/謝長廷-village-votes-page-4.json,matched,polling-station-single-village; polling-station-single-village
2006,信義區,泰和里,泰和里,謝長廷,郝龍斌,1500,2422,38.245793,61.754207,-23.508414,data/raw/openfun/tw.gov.cec~txn~candidates-votes/2006/郝龍斌-village-votes-page-4.json;data/raw/openfun/tw.gov.cec~txn~candidates-votes/2006/謝長廷-village-votes-page-4.json,matched,polling-station-single-village; polling-station-single-village
2006,信義區,國業里,國業里,謝長廷,郝龍斌,1385,2231,38.301991,61.698009,-23.396018,data/raw/openfun/tw.gov.cec~txn~candidates-votes/2006/郝龍斌-village-votes-page-4.json;data/raw/openfun/tw.gov.cec~txn~candidates-votes/2006/謝長廷-village-votes-page-4.json,matched,polling-station-single-village; polling-station-single-village
2006,信義區,富台里,富台里,謝長廷,郝龍斌,535,1466,26.736632,73.263368,-46.526737,data/raw/openfun/tw.gov.cec~txn~candidates-votes/2006/郝龍斌-village-votes-page-4.json;data/raw/openfun/tw.gov.cec~txn~candidates-votes/2006/謝長廷-village-votes-page-4.json,matched,polling-station-single-village; polling-station-single-village
2006,信義區,惠安里,惠安里,謝長廷,郝龍斌,1185,2272,34.278276,65.721724,-31.443448,data/raw/openfun/tw.gov.cec~txn~candidates-votes/2006/郝龍斌-village-votes-page-4.json;data/raw/openfun/tw.gov.cec~txn~candidates-votes/2006/謝長廷-village-votes-page-4.json,matched,polling-station-single-village; polling-station-single-village
2006,信義區,敦厚里,敦厚里,謝長廷,郝龍斌,920,1430,39.148936,60.851064,-21.702128,data/raw/openfun/tw.gov.cec~txn~candidates-votes/2006/郝龍斌-village-votes-page-3.json;data/raw/openfun/tw.gov.cec~txn~candidates-votes/2006/謝長廷-village-votes-page-3.json,matched,polling-station-single-village; polling-station-single-village
2006,信義區,景勤里,景勤里,謝長廷,郝龍斌,790,1477,34.847816,65.152184,-30.304367,data/raw/openfun/tw.gov.cec~txn~candidates-votes/2006/郝龍斌-village-votes-page-4.json;data/raw/openfun/tw.gov.cec~txn~candidates-votes/2006/謝長廷-village-votes-page-4.json,matched,polling-station-single-village; polling-station-single-village
2006,信義區,景新里,景新里,謝長廷,郝龍斌,805,1729,31.767956,68.232044,-36.464088,data/raw/openfun/tw.gov.cec~txn~candidates-votes/2006/郝龍斌-village-votes-page-4.json;data/raw/openfun/tw.gov.cec~txn~candidates-votes/2006/謝長廷-village-votes-page-4.json,matched,polling-station-single-village; polling-station-single-village
2006,信義區,景聯里,景聯里,謝長廷,郝龍斌,914,1482,38.146912,61.853088,-23.706177,data/raw/openfun/tw.gov.cec~txn~candidates-votes/2006/郝龍斌-village-votes-page-4.json;data/raw/openfun/tw.gov.cec~txn~candidates-votes/2006/謝長廷-village-votes-page-4.json,matched,polling-station-single-village; polling-station-single-village
2006,信義區,雅祥里,雅祥里,謝長廷,郝龍斌,1131,1309,46.352459,53.647541,-7.295082,data/raw/openfun/tw.gov.cec~txn~candidates-votes/2006/郝龍斌-village-votes-page-3.json;data/raw/openfun/tw.gov.cec~txn~candidates-votes/2006/謝長廷-village-votes-page-3.json,matched,polling-station-single-village; polling-station-single-village
2006,信義區,新仁里,新仁里,謝長廷,郝龍斌,525,1232,29.880478,70.119522,-40.239044,data/raw/openfun/tw.gov.cec~txn~candidates-votes/2006/郝龍斌-village-votes-page-3.json;data/raw/openfun/tw.gov.cec~txn~candidates-votes/2006/謝長廷-village-votes-page-3.json,matched,polling-station-single-village; polling-station-single-village
2006,信義區,嘉興里,嘉興里,謝長廷,郝龍斌,689,974,41.431149,58.568851,-17.137703,data/raw/openfun/tw.gov.cec~txn~candidates-votes/2006/郝龍斌-village-votes-page-4.json;data/raw/openfun/tw.gov.cec~txn~candidates-votes/2006/謝長廷-village-votes-page-4.json,matched,polling-station-single-village; polling-station-single-village
2006,信義區,廣居里,廣居里,謝長廷,郝龍斌,1335,2392,35.819694,64.180306,-28.360612,data/raw/openfun/tw.gov.cec~txn~candidates-votes/2006/郝龍斌-village-votes-page-3.json;data/raw/openfun/tw.gov.cec~txn~candidates-votes/2006/謝長廷-village-votes-page-3.json,matched,polling-station-single-village; polling-station-single-village
2006,信義區,黎平里,黎平里,謝長廷,郝龍斌,1316,2187,37.567799,62.432201,-24.864402,data/raw/openfun/tw.gov.cec~txn~candidates-votes/2006/郝龍斌-village-votes-page-4.json;data/raw/openfun/tw.gov.cec~txn~candidates-votes/2006/謝長廷-village-votes-page-4.json,matched,polling-station-single-village; polling-station-single-village
2006,信義區,黎安里,黎安里,謝長廷,郝龍斌,292,1008,22.461538,77.538462,-55.076923,data/raw/openfun/tw.gov.cec~txn~candidates-votes/2006/郝龍斌-village-votes-page-4.json;data/raw/openfun/tw.gov.cec~txn~candidates-votes/2006/謝長廷-village-votes-page-4.json,matched,polling-station-single-village; polling-station-single-village
2006,信義區,黎忠里,黎忠里,謝長廷,郝龍斌,983,1512,39.398798,60.601202,-21.202405,data/raw/openfun/tw.gov.cec~txn~candidates-votes/2006/郝龍斌-village-votes-page-4.json;data/raw/openfun/tw.gov.cec~txn~candidates-votes/2006/謝長廷-village-votes-page-4.json,matched,polling-station-single-village; polling-station-single-village
2006,信義區,黎順里,黎順里,謝長廷,郝龍斌,741,1401,34.593838,65.406162,-30.812325,data/raw/openfun/tw.gov.cec~txn~candidates-votes/2006/郝龍斌-village-votes-page-4.json;data/raw/openfun/tw.gov.cec~txn~candidates-votes/2006/謝長廷-village-votes-page-4.json,matched,polling-station-single-village; polling-station-single-village
2006,信義區,興隆里,興隆里,謝長廷,郝龍斌,476,935,33.734940,66.265060,-32.530120,data/raw/openfun/tw.gov.cec~txn~candidates-votes/2006/郝龍斌-village-votes-page-3.json;data/raw/openfun/tw.gov.cec~txn~candidates-votes/2006/謝長廷-village-votes-page-3.json,matched,polling-station-single-village; polling-station-single-village
2006,信義區,興雅里,興雅里,謝長廷,郝龍斌,1213,1831,39.848883,60.151117,-20.302234,data/raw/openfun/tw.gov.cec~txn~candidates-votes/2006/郝龍斌-village-votes-page-3.json;data/raw/openfun/tw.gov.cec~txn~candidates-votes/2006/謝長廷-village-votes-page-3.json,matched,polling-station-single-village; polling-station-single-village
2006,信義區,雙和里,雙和里,謝長廷,郝龍斌,1269,2359,34.977949,65.022051,-30.044101,data/raw/openfun/tw.gov.cec~txn~candidates-votes/2006/郝龍斌-village-votes-page-4.json;data/raw/openfun/tw.gov.cec~txn~candidates-votes/2006/謝長廷-village-votes-page-4.json,matched,polling-station-single-village; polling-station-single-village
2006,南港區,九如里,九如里,謝長廷,郝龍斌,1102,2035,35.129104,64.870896,-29.741792,data/raw/openfun/tw.gov.cec~txn~candidates-votes/2006/郝龍斌-village-votes-page-3.json;data/raw/openfun/tw.gov.cec~txn~candidates-votes/2006/謝長廷-village-votes-page-3.json,matched,polling-station-single-village; polling-station-single-village
2006,南港區,三重里,三重里,謝長廷,郝龍斌,761,819,48.164557,51.835443,-3.670886,data/raw/openfun/tw.gov.cec~txn~candidates-votes/2006/郝龍斌-village-votes-page-3.json;data/raw/openfun/tw.gov.cec~txn~candidates-votes/2006/謝長廷-village-votes-page-3.json,matched,polling-station-single-village; polling-station-single-village
2006,南港區,中南里,中南里,謝長廷,郝龍斌,1010,897,52.962769,47.037231,5.925537,data/raw/openfun/tw.gov.cec~txn~candidates-votes/2006/郝龍斌-village-votes-page-3.json;data/raw/openfun/tw.gov.cec~txn~candidates-votes/2006/謝長廷-village-votes-page-3.json,matched,polling-station-single-village; polling-station-single-village
2006,南港區,中研里,中研里,謝長廷,郝龍斌,1823,2654,40.719232,59.280768,-18.561537,data/raw/openfun/tw.gov.cec~txn~candidates-votes/2006/郝龍斌-village-votes-page-3.json;data/raw/openfun/tw.gov.cec~txn~candidates-votes/2006/謝長廷-village-votes-page-3.json,matched,polling-station-single-village; polling-station-single-village
2006,南港區,仁福里,仁福里,謝長廷,郝龍斌,861,1786,32.527389,67.472611,-34.945221,data/raw/openfun/tw.gov.cec~txn~candidates-votes/2006/郝龍斌-village-votes-page-3.json;data/raw/openfun/tw.gov.cec~txn~candidates-votes/2006/謝長廷-village-votes-page-3.json,matched,polling-station-single-village; polling-station-single-village
2006,南港區,玉成里,玉成里,謝長廷,郝龍斌,1180,1177,50.063640,49.936360,0.127280,data/raw/openfun/tw.gov.cec~txn~candidates-votes/2006/郝龍斌-village-votes-page-3.json;data/raw/openfun/tw.gov.cec~txn~candidates-votes/2006/謝長廷-village-votes-page-3.json,matched,polling-station-single-village; polling-station-single-village
2006,南港區,合成里,合成里,謝長廷,郝龍斌,1521,1872,44.827586,55.172414,-10.344828,data/raw/openfun/tw.gov.cec~txn~candidates-votes/2006/郝龍斌-village-votes-page-3.json;data/raw/openfun/tw.gov.cec~txn~candidates-votes/2006/謝長廷-village-votes-page-3.json,matched,polling-station-single-village; polling-station-single-village
2006,南港區,成福里,成福里,謝長廷,郝龍斌,1257,2117,37.255483,62.744517,-25.489034,data/raw/openfun/tw.gov.cec~txn~candidates-votes/2006/郝龍斌-village-votes-page-3.json;data/raw/openfun/tw.gov.cec~txn~candidates-votes/2006/謝長廷-village-votes-page-3.json,matched,polling-station-single-village; polling-station-single-village
2006,南港區,百福里,百福里,謝長廷,郝龍斌,1074,1384,43.694060,56.305940,-12.611880,data/raw/openfun/tw.gov.cec~txn~candidates-votes/2006/郝龍斌-village-votes-page-3.json;data/raw/openfun/tw.gov.cec~txn~candidates-votes/2006/謝長廷-village-votes-page-3.json,matched,polling-station-single-village; polling-station-single-village
2006,南港區,西新里,西新里,謝長廷,郝龍斌,1228,946,56.485741,43.514259,12.971481,data/raw/openfun/tw.gov.cec~txn~candidates-votes/2006/郝龍斌-village-votes-page-3.json;data/raw/openfun/tw.gov.cec~txn~candidates-votes/2006/謝長廷-village-votes-page-3.json,matched,polling-station-single-village; polling-station-single-village
2006,南港區,東明里,東明里,謝長廷,郝龍斌,909,1438,38.730294,61.269706,-22.539412,data/raw/openfun/tw.gov.cec~txn~candidates-votes/2006/郝龍斌-village-votes-page-3.json;data/raw/openfun/tw.gov.cec~txn~candidates-votes/2006/謝長廷-village-votes-page-3.json,matched,polling-station-single-village; polling-station-single-village
2006,南港區,東新里,東新里,謝長廷,郝龍斌,1790,2443,42.286794,57.713206,-15.426412,data/raw/openfun/tw.gov.cec~txn~candidates-votes/2006/郝龍斌-village-votes-page-3.json;data/raw/openfun/tw.gov.cec~txn~candidates-votes/2006/謝長廷-village-votes-page-3.json,matched,polling-station-single-village; polling-station-single-village
2006,南港區,南港里,南港里,謝長廷,郝龍斌,1341,1561,46.209511,53.790489,-7.580979,data/raw/openfun/tw.gov.cec~txn~candidates-votes/2006/郝龍斌-village-votes-page-3.json;data/raw/openfun/tw.gov.cec~txn~candidates-votes/2006/謝長廷-village-votes-page-3.json,matched,polling-station-single-village; polling-station-single-village
2006,南港區,新光里,新光里,謝長廷,郝龍斌,756,1216,38.336714,61.663286,-23.326572,data/raw/openfun/tw.gov.cec~txn~candidates-votes/2006/郝龍斌-village-votes-page-3.json;data/raw/openfun/tw.gov.cec~txn~candidates-votes/2006/謝長廷-village-votes-page-3.json,matched,polling-station-single-village; polling-station-single-village
2006,南港區,新富里,新富里,謝長廷,郝龍斌,982,971,50.281618,49.718382,0.563236,data/raw/openfun/tw.gov.cec~txn~candidates-votes/2006/郝龍斌-village-votes-page-3.json;data/raw/openfun/tw.gov.cec~txn~candidates-votes/2006/謝長廷-village-votes-page-3.json,matched,polling-station-single-village; polling-station-single-village
2006,南港區,萬福里,萬福里,謝長廷,郝龍斌,805,1369,37.028519,62.971481,-25.942962,data/raw/openfun/tw.gov.cec~txn~candidates-votes/2006/郝龍斌-village-votes-page-3.json;data/raw/openfun/tw.gov.cec~txn~candidates-votes/2006/謝長廷-village-votes-page-3.json,matched,polling-station-single-village; polling-station-single-village
2006,南港區,聯成里,聯成里,謝長廷,郝龍斌,1076,1651,39.457279,60.542721,-21.085442,data/raw/openfun/tw.gov.cec~txn~candidates-votes/2006/郝龍斌-village-votes-page-3.json;data/raw/openfun/tw.gov.cec~txn~candidates-votes/2006/謝長廷-village-votes-page-3.json,matched,polling-station-single-village; polling-station-single-village
2006,南港區,鴻福里,鴻福里,謝長廷,郝龍斌,1024,1317,43.741991,56.258009,-12.516019,data/raw/openfun/tw.gov.cec~txn~candidates-votes/2006/郝龍斌-village-votes-page-3.json;data/raw/openfun/tw.gov.cec~txn~candidates-votes/2006/謝長廷-village-votes-page-3.json,matched,polling-station-single-village; polling-station-single-village
2006,南港區,舊莊里,舊莊里,謝長廷,郝龍斌,1865,2234,45.498902,54.501098,-9.002196,data/raw/openfun/tw.gov.cec~txn~candidates-votes/2006/郝龍斌-village-votes-page-3.json;data/raw/openfun/tw.gov.cec~txn~candidates-votes/2006/謝長廷-village-votes-page-3.json,matched,polling-station-single-village; polling-station-single-village
2006,萬華區,仁德里,仁德里,謝長廷,郝龍斌,1167,1135,50.695048,49.304952,1.390096,data/raw/openfun/tw.gov.cec~txn~candidates-votes/2006/郝龍斌-village-votes-page-5.json;data/raw/openfun/tw.gov.cec~txn~candidates-votes/2006/謝長廷-village-votes-page-5.json,matched,polling-station-single-village; polling-station-single-village
2006,萬華區,日祥里,日祥里,謝長廷,郝龍斌,942,1524,38.199513,61.800487,-23.600973,data/raw/openfun/tw.gov.cec~txn~candidates-votes/2006/郝龍斌-village-votes-page-6.json;data/raw/openfun/tw.gov.cec~txn~candidates-votes/2006/謝長廷-village-votes-page-6.json,matched,polling-station-single-village; polling-station-single-village
2006,萬華區,日善里,日善里,謝長廷,郝龍斌,1053,955,52.440239,47.559761,4.880478,data/raw/openfun/tw.gov.cec~txn~candidates-votes/2006/郝龍斌-village-votes-page-6.json;data/raw/openfun/tw.gov.cec~txn~candidates-votes/2006/謝長廷-village-votes-page-6.json,matched,polling-station-single-village; polling-station-single-village
2006,萬華區,全德里,全德里,謝長廷,郝龍斌,1084,1065,50.442066,49.557934,0.884132,data/raw/openfun/tw.gov.cec~txn~candidates-votes/2006/郝龍斌-village-votes-page-6.json;data/raw/openfun/tw.gov.cec~txn~candidates-votes/2006/謝長廷-village-votes-page-6.json,matched,polling-station-single-village; polling-station-single-village
2006,萬華區,西門里,西門里,謝長廷,郝龍斌,677,970,41.105039,58.894961,-17.789921,data/raw/openfun/tw.gov.cec~txn~candidates-votes/2006/郝龍斌-village-votes-page-5.json;data/raw/openfun/tw.gov.cec~txn~candidates-votes/2006/謝長廷-village-votes-page-5.json,matched,polling-station-single-village; polling-station-single-village
2006,萬華區,孝德里,孝德里,謝長廷,郝龍斌,1055,676,60.947429,39.052571,21.894858,data/raw/openfun/tw.gov.cec~txn~candidates-votes/2006/郝龍斌-village-votes-page-6.json;data/raw/openfun/tw.gov.cec~txn~candidates-votes/2006/謝長廷-village-votes-page-6.json,matched,polling-station-single-village; polling-station-single-village
2006,萬華區,和平里,和平里,謝長廷,郝龍斌,2250,1549,59.226112,40.773888,18.452224,data/raw/openfun/tw.gov.cec~txn~candidates-votes/2006/郝龍斌-village-votes-page-6.json;data/raw/openfun/tw.gov.cec~txn~candidates-votes/2006/謝長廷-village-votes-page-6.json,matched,polling-station-single-village; polling-station-single-village
2006,萬華區,和德里,和德里,謝長廷,郝龍斌,2006,1390,59.069494,40.930506,18.138987,data/raw/openfun/tw.gov.cec~txn~candidates-votes/2006/郝龍斌-village-votes-page-6.json;data/raw/openfun/tw.gov.cec~txn~candidates-votes/2006/謝長廷-village-votes-page-6.json,matched,polling-station-single-village; polling-station-single-village
2006,萬華區,忠貞里,忠貞里,謝長廷,郝龍斌,750,1953,27.746948,72.253052,-44.506104,data/raw/openfun/tw.gov.cec~txn~candidates-votes/2006/郝龍斌-village-votes-page-6.json;data/raw/openfun/tw.gov.cec~txn~candidates-votes/2006/謝長廷-village-votes-page-6.json,matched,polling-station-single-village; polling-station-single-village
2006,萬華區,忠德里,忠德里,謝長廷,郝龍斌,1366,1063,56.237135,43.762865,12.474269,data/raw/openfun/tw.gov.cec~txn~candidates-votes/2006/郝龍斌-village-votes-page-6.json;data/raw/openfun/tw.gov.cec~txn~candidates-votes/2006/謝長廷-village-votes-page-6.json,matched,polling-station-single-village; polling-station-single-village
2006,萬華區,青山里,青山里,謝長廷,郝龍斌,1528,1197,56.073394,43.926606,12.146789,data/raw/openfun/tw.gov.cec~txn~candidates-votes/2006/郝龍斌-village-votes-page-5.json;data/raw/openfun/tw.gov.cec~txn~candidates-votes/2006/謝長廷-village-votes-page-5.json,matched,polling-station-single-village; polling-station-single-village
2006,萬華區,保德里,保德里,謝長廷,郝龍斌,852,754,53.051059,46.948941,6.102117,data/raw/openfun/tw.gov.cec~txn~candidates-votes/2006/郝龍斌-village-votes-page-6.json;data/raw/openfun/tw.gov.cec~txn~candidates-votes/2006/謝長廷-village-votes-page-6.json,matched,polling-station-single-village; polling-station-single-village
2006,萬華區,柳鄉里,柳鄉里,謝長廷,郝龍斌,1665,1076,60.744254,39.255746,21.488508,data/raw/openfun/tw.gov.cec~txn~candidates-votes/2006/郝龍斌-village-votes-page-5.json;data/raw/openfun/tw.gov.cec~txn~candidates-votes/2006/謝長廷-village-votes-page-5.json,matched,polling-station-single-village; polling-station-single-village
2006,萬華區,凌霄里,凌霄里,謝長廷,郝龍斌,640,1380,31.683168,68.316832,-36.633663,data/raw/openfun/tw.gov.cec~txn~candidates-votes/2006/郝龍斌-village-votes-page-6.json;data/raw/openfun/tw.gov.cec~txn~candidates-votes/2006/謝長廷-village-votes-page-6.json,matched,polling-station-single-village; polling-station-single-village
2006,萬華區,頂碩里,頂碩里,謝長廷,郝龍斌,2524,1720,59.472196,40.527804,18.944392,data/raw/openfun/tw.gov.cec~txn~candidates-votes/2006/郝龍斌-village-votes-page-5.json;data/raw/openfun/tw.gov.cec~txn~candidates-votes/2006/郝龍斌-village-votes-page-6.json;data/raw/openfun/tw.gov.cec~txn~candidates-votes/2006/謝長廷-village-votes-page-5.json;data/raw/openfun/tw.gov.cec~txn~candidates-votes/2006/謝長廷-village-votes-page-6.json,matched,polling-station-single-village; polling-station-single-village
2006,萬華區,富民里,富民里,謝長廷,郝龍斌,1653,1085,60.372535,39.627465,20.745069,data/raw/openfun/tw.gov.cec~txn~candidates-votes/2006/郝龍斌-village-votes-page-5.json;data/raw/openfun/tw.gov.cec~txn~candidates-votes/2006/謝長廷-village-votes-page-5.json,matched,polling-station-single-village; polling-station-single-village
2006,萬華區,富福里,富福里,謝長廷,郝龍斌,1408,1080,56.591640,43.408360,13.183280,data/raw/openfun/tw.gov.cec~txn~candidates-votes/2006/郝龍斌-village-votes-page-5.json;data/raw/openfun/tw.gov.cec~txn~candidates-votes/2006/謝長廷-village-votes-page-5.json,matched,polling-station-single-village; polling-station-single-village
2006,萬華區,菜園里,菜園里,謝長廷,郝龍斌,1589,1315,54.717631,45.282369,9.435262,data/raw/openfun/tw.gov.cec~txn~candidates-votes/2006/郝龍斌-village-votes-page-5.json;data/raw/openfun/tw.gov.cec~txn~candidates-votes/2006/謝長廷-village-votes-page-5.json,matched,polling-station-single-village; polling-station-single-village
2006,萬華區,華中里,華中里,謝長廷,郝龍斌,1751,1525,53.449328,46.550672,6.898657,data/raw/openfun/tw.gov.cec~txn~candidates-votes/2006/郝龍斌-village-votes-page-6.json;data/raw/openfun/tw.gov.cec~txn~candidates-votes/2006/謝長廷-village-votes-page-6.json,matched,polling-station-single-village; polling-station-single-village
2006,萬華區,華江里,華江里,謝長廷,郝龍斌,2332,2021,53.572249,46.427751,7.144498,data/raw/openfun/tw.gov.cec~txn~candidates-votes/2006/郝龍斌-village-votes-page-5.json;data/raw/openfun/tw.gov.cec~txn~candidates-votes/2006/謝長廷-village-votes-page-5.json,matched,polling-station-single-village; polling-station-single-village
2006,萬華區,新安里,新安里,謝長廷,郝龍斌,1153,2070,35.774123,64.225877,-28.451753,data/raw/openfun/tw.gov.cec~txn~candidates-votes/2006/郝龍斌-village-votes-page-6.json;data/raw/openfun/tw.gov.cec~txn~candidates-votes/2006/謝長廷-village-votes-page-6.json,matched,polling-station-single-village; polling-station-single-village
2006,萬華區,新和里,新和里,謝長廷,郝龍斌,977,3684,20.961167,79.038833,-58.077666,data/raw/openfun/tw.gov.cec~txn~candidates-votes/2006/郝龍斌-village-votes-page-6.json;data/raw/openfun/tw.gov.cec~txn~candidates-votes/2006/謝長廷-village-votes-page-6.json,matched,polling-station-single-village; polling-station-single-village
2006,萬華區,新忠里,新忠里,謝長廷,郝龍斌,349,1666,17.320099,82.679901,-65.359801,data/raw/openfun/tw.gov.cec~txn~candidates-votes/2006/郝龍斌-village-votes-page-6.json;data/raw/openfun/tw.gov.cec~txn~candidates-votes/2006/謝長廷-village-votes-page-6.json,matched,polling-station-single-village; polling-station-single-village
2006,萬華區,新起里,新起里,謝長廷,郝龍斌,1580,1594,49.779458,50.220542,-0.441084,data/raw/openfun/tw.gov.cec~txn~candidates-votes/2006/郝龍斌-village-votes-page-5.json;data/raw/openfun/tw.gov.cec~txn~candidates-votes/2006/謝長廷-village-votes-page-5.json,matched,polling-station-single-village; polling-station-single-village
2006,萬華區,萬壽里,萬壽里,謝長廷,郝龍斌,684,826,45.298013,54.701987,-9.403974,data/raw/openfun/tw.gov.cec~txn~candidates-votes/2006/郝龍斌-village-votes-page-5.json;data/raw/openfun/tw.gov.cec~txn~candidates-votes/2006/謝長廷-village-votes-page-5.json,matched,polling-station-single-village; polling-station-single-village
2006,萬華區,壽德里,壽德里,謝長廷,郝龍斌,1366,1368,49.963424,50.036576,-0.073153,data/raw/openfun/tw.gov.cec~txn~candidates-votes/2006/郝龍斌-village-votes-page-6.json;data/raw/openfun/tw.gov.cec~txn~candidates-votes/2006/謝長廷-village-votes-page-6.json,matched,polling-station-single-village; polling-station-single-village
2006,萬華區,榮德里,榮德里,謝長廷,郝龍斌,1185,1016,53.839164,46.160836,7.678328,data/raw/openfun/tw.gov.cec~txn~candidates-votes/2006/郝龍斌-village-votes-page-6.json;data/raw/openfun/tw.gov.cec~txn~candidates-votes/2006/謝長廷-village-votes-page-6.json,matched,polling-station-single-village; polling-station-single-village
2006,萬華區,福星里,福星里,謝長廷,郝龍斌,1083,1328,44.919121,55.080879,-10.161759,data/raw/openfun/tw.gov.cec~txn~candidates-votes/2006/郝龍斌-village-votes-page-5.json;data/raw/openfun/tw.gov.cec~txn~candidates-votes/2006/謝長廷-village-votes-page-5.json,matched,polling-station-single-village; polling-station-single-village
2006,萬華區,福音里,福音里,謝長廷,郝龍斌,1063,871,54.963806,45.036194,9.927611,data/raw/openfun/tw.gov.cec~txn~candidates-votes/2006/郝龍斌-village-votes-page-5.json;data/raw/openfun/tw.gov.cec~txn~candidates-votes/2006/謝長廷-village-votes-page-5.json,matched,polling-station-single-village; polling-station-single-village
2006,萬華區,綠堤里,綠堤里,謝長廷,郝龍斌,1061,1075,49.672285,50.327715,-0.655431,data/raw/openfun/tw.gov.cec~txn~candidates-votes/2006/郝龍斌-village-votes-page-5.json;data/raw/openfun/tw.gov.cec~txn~candidates-votes/2006/謝長廷-village-votes-page-5.json,matched,polling-station-single-village; polling-station-single-village
2006,萬華區,銘德里,銘德里,謝長廷,郝龍斌,1346,1165,53.604142,46.395858,7.208284,data/raw/openfun/tw.gov.cec~txn~candidates-votes/2006/郝龍斌-village-votes-page-6.json;data/raw/openfun/tw.gov.cec~txn~candidates-votes/2006/謝長廷-village-votes-page-6.json,matched,polling-station-single-village; polling-station-single-village
2006,萬華區,糖廍里,糖廍里,謝長廷,郝龍斌,1487,1316,53.050303,46.949697,6.100606,data/raw/openfun/tw.gov.cec~txn~candidates-votes/2006/郝龍斌-village-votes-page-5.json;data/raw/openfun/tw.gov.cec~txn~candidates-votes/2006/謝長廷-village-votes-page-5.json,matched,polling-station-single-village; polling-station-single-village
2006,萬華區,興德里,興德里,謝長廷,郝龍斌,1297,1083,54.495798,45.504202,8.991597,data/raw/openfun/tw.gov.cec~txn~candidates-votes/2006/郝龍斌-village-votes-page-6.json;data/raw/openfun/tw.gov.cec~txn~candidates-votes/2006/謝長廷-village-votes-page-6.json,matched,polling-station-single-village; polling-station-single-village
2006,萬華區,錦德里,錦德里,謝長廷,郝龍斌,1477,1272,53.728629,46.271371,7.457257,data/raw/openfun/tw.gov.cec~txn~candidates-votes/2006/郝龍斌-village-votes-page-6.json;data/raw/openfun/tw.gov.cec~txn~candidates-votes/2006/謝長廷-village-votes-page-6.json,matched,polling-station-single-village; polling-station-single-village
2006,萬華區,雙園里,雙園里,謝長廷,郝龍斌,1392,989,58.462831,41.537169,16.925661,data/raw/openfun/tw.gov.cec~txn~candidates-votes/2006/郝龍斌-village-votes-page-6.json;data/raw/openfun/tw.gov.cec~txn~candidates-votes/2006/謝長廷-village-votes-page-6.json,matched,polling-station-single-village; polling-station-single-village
2006,萬華區,騰雲里,騰雲里,謝長廷,郝龍斌,547,1066,33.911965,66.088035,-32.176069,data/raw/openfun/tw.gov.cec~txn~candidates-votes/2006/郝龍斌-village-votes-page-6.json;data/raw/openfun/tw.gov.cec~txn~candidates-votes/2006/謝長廷-village-votes-page-6.json,matched,polling-station-single-village; polling-station-single-village
2010,士林區,三玉里,三玉里,蘇貞昌,郝龍斌,1566,1834,46.058824,53.941176,-7.882353,data/raw/openfun/tw.gov.cec~txn~candidates-votes/2010/郝龍斌-village-votes-page-1.json;data/raw/openfun/tw.gov.cec~txn~candidates-votes/2010/蘇貞昌-village-votes-page-1.json,matched,polling-station-single-village; polling-station-single-village
2010,士林區,仁勇里,仁勇里,蘇貞昌,郝龍斌,1340,1087,55.212196,44.787804,10.424392,data/raw/openfun/tw.gov.cec~txn~candidates-votes/2010/郝龍斌-village-votes-page-8.json;data/raw/openfun/tw.gov.cec~txn~candidates-votes/2010/蘇貞昌-village-votes-page-8.json,matched,polling-station-single-village; polling-station-single-village
2010,士林區,公館里,公館里,蘇貞昌,郝龍斌,549,259,67.945545,32.054455,35.891089,data/raw/openfun/tw.gov.cec~txn~candidates-votes/2010/郝龍斌-village-votes-page-1.json;data/raw/openfun/tw.gov.cec~txn~candidates-votes/2010/蘇貞昌-village-votes-page-1.json,matched,polling-station-single-village; polling-station-single-village
2010,士林區,天山里,天山里,蘇貞昌,郝龍斌,1632,2265,41.878368,58.121632,-16.243264,data/raw/openfun/tw.gov.cec~txn~candidates-votes/2010/郝龍斌-village-votes-page-1.json;data/raw/openfun/tw.gov.cec~txn~candidates-votes/2010/蘇貞昌-village-votes-page-1.json,matched,polling-station-single-village; polling-station-single-village
2010,士林區,天母里,天母里,蘇貞昌,郝龍斌,1661,2156,43.515850,56.484150,-12.968300,data/raw/openfun/tw.gov.cec~txn~candidates-votes/2010/郝龍斌-village-votes-page-1.json;data/raw/openfun/tw.gov.cec~txn~candidates-votes/2010/蘇貞昌-village-votes-page-1.json,matched,polling-station-single-village; polling-station-single-village
2010,士林區,天玉里,天玉里,蘇貞昌,郝龍斌,1974,2761,41.689546,58.310454,-16.620908,data/raw/openfun/tw.gov.cec~txn~candidates-votes/2010/郝龍斌-village-votes-page-1.json;data/raw/openfun/tw.gov.cec~txn~candidates-votes/2010/蘇貞昌-village-votes-page-1.json,matched,polling-station-single-village; polling-station-single-village
2010,士林區,天和里,天和里,蘇貞昌,郝龍斌,1901,2455,43.640955,56.359045,-12.718090,data/raw/openfun/tw.gov.cec~txn~candidates-votes/2010/郝龍斌-village-votes-page-1.json;data/raw/openfun/tw.gov.cec~txn~candidates-votes/2010/蘇貞昌-village-votes-page-1.json,matched,polling-station-single-village; polling-station-single-village
2010,士林區,天祿里,天祿里,蘇貞昌,郝龍斌,1545,1505,50.655738,49.344262,1.311475,data/raw/openfun/tw.gov.cec~txn~candidates-votes/2010/郝龍斌-village-votes-page-1.json;data/raw/openfun/tw.gov.cec~txn~candidates-votes/2010/蘇貞昌-village-votes-page-1.json,matched,polling-station-single-village; polling-station-single-village
2010,士林區,天壽里,天壽里,蘇貞昌,郝龍斌,1331,1541,46.344011,53.655989,-7.311978,data/raw/openfun/tw.gov.cec~txn~candidates-votes/2010/郝龍斌-village-votes-page-1.json;data/raw/openfun/tw.gov.cec~txn~candidates-votes/2010/蘇貞昌-village-votes-page-1.json,matched,polling-station-single-village; polling-station-single-village
2010,士林區,天福里,天福里,蘇貞昌,郝龍斌,1578,2006,44.029018,55.970982,-11.941964,data/raw/openfun/tw.gov.cec~txn~candidates-votes/2010/郝龍斌-village-votes-page-1.json;data/raw/openfun/tw.gov.cec~txn~candidates-votes/2010/蘇貞昌-village-votes-page-1.json,matched,polling-station-single-village; polling-station-single-village
2010,士林區,平等里,平等里,蘇貞昌,郝龍斌,718,245,74.558671,25.441329,49.117342,data/raw/openfun/tw.gov.cec~txn~candidates-votes/2010/郝龍斌-village-votes-page-1.json;data/raw/openfun/tw.gov.cec~txn~candidates-votes/2010/蘇貞昌-village-votes-page-1.json,matched,polling-station-single-village; polling-station-single-village
2010,士林區,永倫里,永倫里,蘇貞昌,郝龍斌,2817,1672,62.753397,37.246603,25.506794,data/raw/openfun/tw.gov.cec~txn~candidates-votes/2010/郝龍斌-village-votes-page-1.json;data/raw/openfun/tw.gov.cec~txn~candidates-votes/2010/蘇貞昌-village-votes-page-1.json,matched,polling-station-single-village; polling-station-single-village
2010,士林區,永福里,永福里,蘇貞昌,郝龍斌,480,288,62.500000,37.500000,25.000000,data/raw/openfun/tw.gov.cec~txn~candidates-votes/2010/郝龍斌-village-votes-page-1.json;data/raw/openfun/tw.gov.cec~txn~candidates-votes/2010/蘇貞昌-village-votes-page-1.json,matched,polling-station-single-village; polling-station-single-village
2010,士林區,名山里,名山里,蘇貞昌,郝龍斌,1851,2446,43.076565,56.923435,-13.846870,data/raw/openfun/tw.gov.cec~txn~candidates-votes/2010/郝龍斌-village-votes-page-1.json;data/raw/openfun/tw.gov.cec~txn~candidates-votes/2010/蘇貞昌-village-votes-page-1.json,matched,polling-station-single-village; polling-station-single-village
2010,士林區,百齡里,百齡里,蘇貞昌,郝龍斌,2525,1893,57.152558,42.847442,14.305115,data/raw/openfun/tw.gov.cec~txn~candidates-votes/2010/郝龍斌-village-votes-page-1.json;data/raw/openfun/tw.gov.cec~txn~candidates-votes/2010/蘇貞昌-village-votes-page-1.json,matched,polling-station-single-village; polling-station-single-village
2010,士林區,岩山里,岩山里,蘇貞昌,郝龍斌,808,1317,38.023529,61.976471,-23.952941,data/raw/openfun/tw.gov.cec~txn~candidates-votes/2010/郝龍斌-village-votes-page-1.json;data/raw/openfun/tw.gov.cec~txn~candidates-votes/2010/蘇貞昌-village-votes-page-1.json,matched,polling-station-single-village; polling-station-single-village
2010,士林區,忠誠里,忠誠里,蘇貞昌,郝龍斌,992,2193,31.145997,68.854003,-37.708006,data/raw/openfun/tw.gov.cec~txn~candidates-votes/2010/郝龍斌-village-votes-page-1.json;data/raw/openfun/tw.gov.cec~txn~candidates-votes/2010/蘇貞昌-village-votes-page-1.json,matched,polling-station-single-village; polling-station-single-village
2010,士林區,承德里,承德里,蘇貞昌,郝龍斌,1549,1765,46.741098,53.258902,-6.517803,data/raw/openfun/tw.gov.cec~txn~candidates-votes/2010/郝龍斌-village-votes-page-1.json;data/raw/openfun/tw.gov.cec~txn~candidates-votes/2010/蘇貞昌-village-votes-page-1.json,matched,polling-station-single-village; polling-station-single-village
2010,士林區,明勝里,明勝里,蘇貞昌,郝龍斌,1559,1351,53.573883,46.426117,7.147766,data/raw/openfun/tw.gov.cec~txn~candidates-votes/2010/郝龍斌-village-votes-page-1.json;data/raw/openfun/tw.gov.cec~txn~candidates-votes/2010/蘇貞昌-village-votes-page-1.json,matched,polling-station-single-village; polling-station-single-village
2010,士林區,東山里,東山里,蘇貞昌,郝龍斌,1183,1949,37.771392,62.228608,-24.457216,data/raw/openfun/tw.gov.cec~txn~candidates-votes/2010/郝龍斌-village-votes-page-1.json;data/raw/openfun/tw.gov.cec~txn~candidates-votes/2010/蘇貞昌-village-votes-page-1.json,matched,polling-station-single-village; polling-station-single-village
2010,士林區,社子里,社子里,蘇貞昌,郝龍斌,2223,1443,60.638298,39.361702,21.276596,data/raw/openfun/tw.gov.cec~txn~candidates-votes/2010/郝龍斌-village-votes-page-1.json;data/raw/openfun/tw.gov.cec~txn~candidates-votes/2010/蘇貞昌-village-votes-page-1.json,matched,polling-station-single-village; polling-station-single-village
2010,士林區,社園里,社園里,蘇貞昌,郝龍斌,2863,1637,63.622222,36.377778,27.244444,data/raw/openfun/tw.gov.cec~txn~candidates-votes/2010/郝龍斌-village-votes-page-1.json;data/raw/openfun/tw.gov.cec~txn~candidates-votes/2010/蘇貞昌-village-votes-page-1.json,matched,polling-station-single-village; polling-station-single-village
2010,士林區,社新里,社新里,蘇貞昌,郝龍斌,3216,1929,62.507289,37.492711,25.014577,data/raw/openfun/tw.gov.cec~txn~candidates-votes/2010/郝龍斌-village-votes-page-1.json;data/raw/openfun/tw.gov.cec~txn~candidates-votes/2010/蘇貞昌-village-votes-page-1.json,matched,polling-station-single-village; polling-station-single-village
2010,士林區,芝山里,芝山里,蘇貞昌,郝龍斌,1929,2405,44.508537,55.491463,-10.982926,data/raw/openfun/tw.gov.cec~txn~candidates-votes/2010/郝龍斌-village-votes-page-1.json;data/raw/openfun/tw.gov.cec~txn~candidates-votes/2010/蘇貞昌-village-votes-page-1.json,matched,polling-station-single-village; polling-station-single-village
2010,士林區,前港里,前港里,蘇貞昌,郝龍斌,1512,1190,55.958549,44.041451,11.917098,data/raw/openfun/tw.gov.cec~txn~candidates-votes/2010/郝龍斌-village-votes-page-1.json;data/raw/openfun/tw.gov.cec~txn~candidates-votes/2010/蘇貞昌-village-votes-page-1.json,matched,polling-station-single-village; polling-station-single-village
2010,士林區,後港里,後港里,蘇貞昌,郝龍斌,2609,2136,54.984194,45.015806,9.968388,data/raw/openfun/tw.gov.cec~txn~candidates-votes/2010/郝龍斌-village-votes-page-1.json;data/raw/openfun/tw.gov.cec~txn~candidates-votes/2010/郝龍斌-village-votes-page-8.json;data/raw/openfun/tw.gov.cec~txn~candidates-votes/2010/蘇貞昌-village-votes-page-1.json;data/raw/openfun/tw.gov.cec~txn~candidates-votes/2010/蘇貞昌-village-votes-page-8.json,matched,polling-station-single-village; polling-station-single-village
2010,士林區,富光里,富光里,蘇貞昌,郝龍斌,2065,1408,59.458681,40.541319,18.917363,data/raw/openfun/tw.gov.cec~txn~candidates-votes/2010/郝龍斌-village-votes-page-1.json;data/raw/openfun/tw.gov.cec~txn~candidates-votes/2010/蘇貞昌-village-votes-page-1.json,matched,polling-station-single-village; polling-station-single-village
2010,士林區,富洲里,富洲里,蘇貞昌,郝龍斌,2593,1071,70.769651,29.230349,41.539301,data/raw/openfun/tw.gov.cec~txn~candidates-votes/2010/郝龍斌-village-votes-page-1.json;data/raw/openfun/tw.gov.cec~txn~candidates-votes/2010/蘇貞昌-village-votes-page-1.json,matched,polling-station-single-village; polling-station-single-village
2010,士林區,菁山里,菁山里,蘇貞昌,郝龍斌,562,407,57.997936,42.002064,15.995872,data/raw/openfun/tw.gov.cec~txn~candidates-votes/2010/郝龍斌-village-votes-page-1.json;data/raw/openfun/tw.gov.cec~txn~candidates-votes/2010/蘇貞昌-village-votes-page-1.json,matched,polling-station-single-village; polling-station-single-village
2010,士林區,陽明里,陽明里,蘇貞昌,郝龍斌,933,928,50.134336,49.865664,0.268673,data/raw/openfun/tw.gov.cec~txn~candidates-votes/2010/郝龍斌-village-votes-page-1.json;data/raw/openfun/tw.gov.cec~txn~candidates-votes/2010/蘇貞昌-village-votes-page-1.json,matched,polling-station-single-village; polling-station-single-village
2010,士林區,新安里,新安里,蘇貞昌,郝龍斌,734,506,59.193548,40.806452,18.387097,data/raw/openfun/tw.gov.cec~txn~candidates-votes/2010/郝龍斌-village-votes-page-1.json;data/raw/openfun/tw.gov.cec~txn~candidates-votes/2010/蘇貞昌-village-votes-page-1.json,matched,polling-station-single-village; polling-station-single-village
2010,士林區,溪山里,溪山里,蘇貞昌,郝龍斌,607,388,61.005025,38.994975,22.010050,data/raw/openfun/tw.gov.cec~txn~candidates-votes/2010/郝龍斌-village-votes-page-1.json;data/raw/openfun/tw.gov.cec~txn~candidates-votes/2010/蘇貞昌-village-votes-page-1.json,matched,polling-station-single-village; polling-station-single-village
2010,士林區,義信里,義信里,蘇貞昌,郝龍斌,928,1016,47.736626,52.263374,-4.526749,data/raw/openfun/tw.gov.cec~txn~candidates-votes/2010/郝龍斌-village-votes-page-8.json;data/raw/openfun/tw.gov.cec~txn~candidates-votes/2010/蘇貞昌-village-votes-page-8.json,matched,polling-station-single-village; polling-station-single-village
2010,士林區,聖山里,聖山里,蘇貞昌,郝龍斌,1162,1773,39.591141,60.408859,-20.817717,data/raw/openfun/tw.gov.cec~txn~candidates-votes/2010/郝龍斌-village-votes-page-1.json;data/raw/openfun/tw.gov.cec~txn~candidates-votes/2010/蘇貞昌-village-votes-page-1.json,matched,polling-station-single-village; polling-station-single-village
2010,士林區,葫東里,葫東里,蘇貞昌,郝龍斌,1424,882,61.751951,38.248049,23.503903,data/raw/openfun/tw.gov.cec~txn~candidates-votes/2010/郝龍斌-village-votes-page-1.json;data/raw/openfun/tw.gov.cec~txn~candidates-votes/2010/蘇貞昌-village-votes-page-1.json,matched,polling-station-single-village; polling-station-single-village
2010,士林區,葫蘆里,葫蘆里,蘇貞昌,郝龍斌,2419,2177,52.632724,47.367276,5.265448,data/raw/openfun/tw.gov.cec~txn~candidates-votes/2010/郝龍斌-village-votes-page-1.json;data/raw/openfun/tw.gov.cec~txn~candidates-votes/2010/蘇貞昌-village-votes-page-1.json,matched,polling-station-single-village; polling-station-single-village
2010,士林區,福中里,福中里,蘇貞昌,郝龍斌,2265,1705,57.052897,42.947103,14.105793,data/raw/openfun/tw.gov.cec~txn~candidates-votes/2010/郝龍斌-village-votes-page-1.json;data/raw/openfun/tw.gov.cec~txn~candidates-votes/2010/蘇貞昌-village-votes-page-1.json,matched,polling-station-single-village; polling-station-single-village
2010,士林區,福安里,福安里,蘇貞昌,郝龍斌,2380,713,76.947947,23.052053,53.895894,data/raw/openfun/tw.gov.cec~txn~candidates-votes/2010/郝龍斌-village-votes-page-1.json;data/raw/openfun/tw.gov.cec~txn~candidates-votes/2010/蘇貞昌-village-votes-page-1.json,matched,polling-station-single-village; polling-station-single-village
2010,士林區,福志里,福志里,蘇貞昌,郝龍斌,1918,2629,42.181658,57.818342,-15.636684,data/raw/openfun/tw.gov.cec~txn~candidates-votes/2010/郝龍斌-village-votes-page-8.json;data/raw/openfun/tw.gov.cec~txn~candidates-votes/2010/蘇貞昌-village-votes-page-8.json,matched,polling-station-single-village; polling-station-single-village
2010,士林區,福佳里,福佳里,蘇貞昌,郝龍斌,2333,2250,50.905520,49.094480,1.811041,data/raw/openfun/tw.gov.cec~txn~candidates-votes/2010/郝龍斌-village-votes-page-8.json;data/raw/openfun/tw.gov.cec~txn~candidates-votes/2010/蘇貞昌-village-votes-page-8.json,matched,polling-station-single-village; polling-station-single-village
2010,士林區,福林里,福林里,蘇貞昌,郝龍斌,840,991,45.876570,54.123430,-8.246860,data/raw/openfun/tw.gov.cec~txn~candidates-votes/2010/郝龍斌-village-votes-page-8.json;data/raw/openfun/tw.gov.cec~txn~candidates-votes/2010/蘇貞昌-village-votes-page-8.json,matched,polling-station-single-village; polling-station-single-village
2010,士林區,福華里,福華里,蘇貞昌,郝龍斌,2031,1829,52.616580,47.383420,5.233161,data/raw/openfun/tw.gov.cec~txn~candidates-votes/2010/郝龍斌-village-votes-page-1.json;data/raw/openfun/tw.gov.cec~txn~candidates-votes/2010/蘇貞昌-village-votes-page-1.json,matched,polling-station-single-village; polling-station-single-village
2010,士林區,福順里,福順里,蘇貞昌,郝龍斌,1861,1179,61.217105,38.782895,22.434211,data/raw/openfun/tw.gov.cec~txn~candidates-votes/2010/郝龍斌-village-votes-page-1.json;data/raw/openfun/tw.gov.cec~txn~candidates-votes/2010/蘇貞昌-village-votes-page-1.json,matched,polling-station-single-village; polling-station-single-village
2010,士林區,福德里,福德里,蘇貞昌,郝龍斌,1269,1394,47.653023,52.346977,-4.693954,data/raw/openfun/tw.gov.cec~txn~candidates-votes/2010/郝龍斌-village-votes-page-8.json;data/raw/openfun/tw.gov.cec~txn~candidates-votes/2010/蘇貞昌-village-votes-page-8.json,matched,polling-station-single-village; polling-station-single-village
2010,士林區,翠山里,翠山里,蘇貞昌,郝龍斌,381,1233,23.605948,76.394052,-52.788104,data/raw/openfun/tw.gov.cec~txn~candidates-votes/2010/郝龍斌-village-votes-page-1.json;data/raw/openfun/tw.gov.cec~txn~candidates-votes/2010/蘇貞昌-village-votes-page-1.json,matched,polling-station-single-village; polling-station-single-village
2010,士林區,德行里,德行里,蘇貞昌,郝龍斌,1239,1312,48.569189,51.430811,-2.861623,data/raw/openfun/tw.gov.cec~txn~candidates-votes/2010/郝龍斌-village-votes-page-1.json;data/raw/openfun/tw.gov.cec~txn~candidates-votes/2010/蘇貞昌-village-votes-page-1.json,matched,polling-station-single-village; polling-station-single-village
2010,士林區,德華里,德華里,蘇貞昌,郝龍斌,1741,1592,52.235224,47.764776,4.470447,data/raw/openfun/tw.gov.cec~txn~candidates-votes/2010/郝龍斌-village-votes-page-1.json;data/raw/openfun/tw.gov.cec~txn~candidates-votes/2010/蘇貞昌-village-votes-page-1.json,matched,polling-station-single-village; polling-station-single-village
2010,士林區,臨溪里,臨溪里,蘇貞昌,郝龍斌,750,992,43.053961,56.946039,-13.892078,data/raw/openfun/tw.gov.cec~txn~candidates-votes/2010/郝龍斌-village-votes-page-1.json;data/raw/openfun/tw.gov.cec~txn~candidates-votes/2010/蘇貞昌-village-votes-page-1.json,matched,polling-station-single-village; polling-station-single-village
2010,士林區,舊佳里,舊佳里,蘇貞昌,郝龍斌,1823,1735,51.236650,48.763350,2.473300,data/raw/openfun/tw.gov.cec~txn~candidates-votes/2010/郝龍斌-village-votes-page-8.json;data/raw/openfun/tw.gov.cec~txn~candidates-votes/2010/蘇貞昌-village-votes-page-8.json,matched,polling-station-single-village; polling-station-single-village
2010,士林區,蘭雅里,蘭雅里,蘇貞昌,郝龍斌,2319,2675,46.435723,53.564277,-7.128554,data/raw/openfun/tw.gov.cec~txn~candidates-votes/2010/郝龍斌-village-votes-page-1.json;data/raw/openfun/tw.gov.cec~txn~candidates-votes/2010/蘇貞昌-village-votes-page-1.json,matched,polling-station-single-village; polling-station-single-village
2010,士林區,蘭興里,蘭興里,蘇貞昌,郝龍斌,1828,1974,48.079958,51.920042,-3.840084,data/raw/openfun/tw.gov.cec~txn~candidates-votes/2010/郝龍斌-village-votes-page-1.json;data/raw/openfun/tw.gov.cec~txn~candidates-votes/2010/蘇貞昌-village-votes-page-1.json,matched,polling-station-single-village; polling-station-single-village
2010,大同區,大有里,大有里,蘇貞昌,郝龍斌,1762,1212,59.246806,40.753194,18.493611,data/raw/openfun/tw.gov.cec~txn~candidates-votes/2010/郝龍斌-village-votes-page-4.json;data/raw/openfun/tw.gov.cec~txn~candidates-votes/2010/蘇貞昌-village-votes-page-4.json,matched,polling-station-single-village; polling-station-single-village
2010,大同區,民權里,民權里,蘇貞昌,郝龍斌,1766,1579,52.795217,47.204783,5.590433,data/raw/openfun/tw.gov.cec~txn~candidates-votes/2010/郝龍斌-village-votes-page-4.json;data/raw/openfun/tw.gov.cec~txn~candidates-votes/2010/蘇貞昌-village-votes-page-4.json,matched,polling-station-single-village; polling-station-single-village
2010,大同區,永樂里,永樂里,蘇貞昌,郝龍斌,1817,1311,58.088235,41.911765,16.176471,data/raw/openfun/tw.gov.cec~txn~candidates-votes/2010/郝龍斌-village-votes-page-4.json;data/raw/openfun/tw.gov.cec~txn~candidates-votes/2010/蘇貞昌-village-votes-page-4.json,matched,polling-station-single-village; polling-station-single-village
2010,大同區,玉泉里,玉泉里,蘇貞昌,郝龍斌,891,811,52.350176,47.649824,4.700353,data/raw/openfun/tw.gov.cec~txn~candidates-votes/2010/郝龍斌-village-votes-page-4.json;data/raw/openfun/tw.gov.cec~txn~candidates-votes/2010/蘇貞昌-village-votes-page-4.json,matched,polling-station-single-village; polling-station-single-village
2010,大同區,光能里,光能里,蘇貞昌,郝龍斌,1811,1279,58.608414,41.391586,17.216828,data/raw/openfun/tw.gov.cec~txn~candidates-votes/2010/郝龍斌-village-votes-page-4.json;data/raw/openfun/tw.gov.cec~txn~candidates-votes/2010/蘇貞昌-village-votes-page-4.json,matched,polling-station-single-village; polling-station-single-village
2010,大同區,老師里,老師里,蘇貞昌,郝龍斌,2083,1358,60.534728,39.465272,21.069457,data/raw/openfun/tw.gov.cec~txn~candidates-votes/2010/郝龍斌-village-votes-page-4.json;data/raw/openfun/tw.gov.cec~txn~candidates-votes/2010/郝龍斌-village-votes-page-5.json;data/raw/openfun/tw.gov.cec~txn~candidates-votes/2010/蘇貞昌-village-votes-page-4.json;data/raw/openfun/tw.gov.cec~txn~candidates-votes/2010/蘇貞昌-village-votes-page-5.json,matched,polling-station-single-village; polling-station-single-village
2010,大同區,至聖里,至聖里,蘇貞昌,郝龍斌,2622,1813,59.120631,40.879369,18.241263,data/raw/openfun/tw.gov.cec~txn~candidates-votes/2010/郝龍斌-village-votes-page-4.json;data/raw/openfun/tw.gov.cec~txn~candidates-votes/2010/蘇貞昌-village-votes-page-4.json,matched,polling-station-single-village; polling-station-single-village
2010,大同區,延平里,延平里,蘇貞昌,郝龍斌,1178,1045,52.991453,47.008547,5.982906,data/raw/openfun/tw.gov.cec~txn~candidates-votes/2010/郝龍斌-village-votes-page-4.json;data/raw/openfun/tw.gov.cec~txn~candidates-votes/2010/蘇貞昌-village-votes-page-4.json,matched,polling-station-single-village; polling-station-single-village
2010,大同區,保安里,保安里,蘇貞昌,郝龍斌,1583,1012,61.001927,38.998073,22.003854,data/raw/openfun/tw.gov.cec~txn~candidates-votes/2010/郝龍斌-village-votes-page-5.json;data/raw/openfun/tw.gov.cec~txn~candidates-votes/2010/蘇貞昌-village-votes-page-5.json,matched,polling-station-single-village; polling-station-single-village
2010,大同區,南芳里,南芳里,蘇貞昌,郝龍斌,1288,980,56.790123,43.209877,13.580247,data/raw/openfun/tw.gov.cec~txn~candidates-votes/2010/郝龍斌-village-votes-page-4.json;data/raw/openfun/tw.gov.cec~txn~candidates-votes/2010/蘇貞昌-village-votes-page-4.json,matched,polling-station-single-village; polling-station-single-village
2010,大同區,建功里,建功里,蘇貞昌,郝龍斌,1456,1147,55.935459,44.064541,11.870918,data/raw/openfun/tw.gov.cec~txn~candidates-votes/2010/郝龍斌-village-votes-page-4.json;data/raw/openfun/tw.gov.cec~txn~candidates-votes/2010/蘇貞昌-village-votes-page-4.json,matched,polling-station-single-village; polling-station-single-village
2010,大同區,建明里,建明里,蘇貞昌,郝龍斌,1088,798,57.688229,42.311771,15.376458,data/raw/openfun/tw.gov.cec~txn~candidates-votes/2010/郝龍斌-village-votes-page-4.json;data/raw/openfun/tw.gov.cec~txn~candidates-votes/2010/蘇貞昌-village-votes-page-4.json,matched,polling-station-single-village; polling-station-single-village
2010,大同區,建泰里,建泰里,蘇貞昌,郝龍斌,1241,853,59.264565,40.735435,18.529131,data/raw/openfun/tw.gov.cec~txn~candidates-votes/2010/郝龍斌-village-votes-page-4.json;data/raw/openfun/tw.gov.cec~txn~candidates-votes/2010/蘇貞昌-village-votes-page-4.json,matched,polling-station-single-village; polling-station-single-village
2010,大同區,星明里,星明里,蘇貞昌,郝龍斌,1580,1338,54.146676,45.853324,8.293352,data/raw/openfun/tw.gov.cec~txn~candidates-votes/2010/郝龍斌-village-votes-page-4.json;data/raw/openfun/tw.gov.cec~txn~candidates-votes/2010/蘇貞昌-village-votes-page-4.json,matched,polling-station-single-village; polling-station-single-village
2010,大同區,重慶里,重慶里,蘇貞昌,郝龍斌,1998,1829,52.207996,47.792004,4.415992,data/raw/openfun/tw.gov.cec~txn~candidates-votes/2010/郝龍斌-village-votes-page-5.json;data/raw/openfun/tw.gov.cec~txn~candidates-votes/2010/蘇貞昌-village-votes-page-5.json,matched,polling-station-single-village; polling-station-single-village
2010,大同區,國順里,國順里,蘇貞昌,郝龍斌,1204,638,65.363735,34.636265,30.727470,data/raw/openfun/tw.gov.cec~txn~candidates-votes/2010/郝龍斌-village-votes-page-4.json;data/raw/openfun/tw.gov.cec~txn~candidates-votes/2010/蘇貞昌-village-votes-page-4.json,matched,polling-station-single-village; polling-station-single-village
2010,大同區,國慶里,國慶里,蘇貞昌,郝龍斌,1351,1054,56.174636,43.825364,12.349272,data/raw/openfun/tw.gov.cec~txn~candidates-votes/2010/郝龍斌-village-votes-page-4.json;data/raw/openfun/tw.gov.cec~txn~candidates-votes/2010/蘇貞昌-village-votes-page-4.json,matched,polling-station-single-village; polling-station-single-village
2010,大同區,揚雅里,揚雅里,蘇貞昌,郝龍斌,1232,758,61.909548,38.090452,23.819095,data/raw/openfun/tw.gov.cec~txn~candidates-votes/2010/郝龍斌-village-votes-page-4.json;data/raw/openfun/tw.gov.cec~txn~candidates-votes/2010/蘇貞昌-village-votes-page-4.json,matched,polling-station-single-village; polling-station-single-village
2010,大同區,斯文里,斯文里,蘇貞昌,郝龍斌,1921,1274,60.125196,39.874804,20.250391,data/raw/openfun/tw.gov.cec~txn~candidates-votes/2010/郝龍斌-village-votes-page-4.json;data/raw/openfun/tw.gov.cec~txn~candidates-votes/2010/蘇貞昌-village-votes-page-4.json,matched,polling-station-single-village; polling-station-single-village
2010,大同區,景星里,景星里,蘇貞昌,郝龍斌,1021,688,59.742539,40.257461,19.485079,data/raw/openfun/tw.gov.cec~txn~candidates-votes/2010/郝龍斌-village-votes-page-4.json;data/raw/openfun/tw.gov.cec~txn~candidates-votes/2010/蘇貞昌-village-votes-page-4.json,matched,polling-station-single-village; polling-station-single-village
2010,大同區,朝陽里,朝陽里,蘇貞昌,郝龍斌,1331,1006,56.953359,43.046641,13.906718,data/raw/openfun/tw.gov.cec~txn~candidates-votes/2010/郝龍斌-village-votes-page-4.json;data/raw/openfun/tw.gov.cec~txn~candidates-votes/2010/蘇貞昌-village-votes-page-4.json,matched,polling-station-single-village; polling-station-single-village
2010,大同區,隆和里,隆和里,蘇貞昌,郝龍斌,1123,707,61.366120,38.633880,22.732240,data/raw/openfun/tw.gov.cec~txn~candidates-votes/2010/郝龍斌-village-votes-page-4.json;data/raw/openfun/tw.gov.cec~txn~candidates-votes/2010/蘇貞昌-village-votes-page-4.json,matched,polling-station-single-village; polling-station-single-village
2010,大同區,蓬萊里,蓬萊里,蘇貞昌,郝龍斌,1631,1179,58.042705,41.957295,16.085409,data/raw/openfun/tw.gov.cec~txn~candidates-votes/2010/郝龍斌-village-votes-page-4.json;data/raw/openfun/tw.gov.cec~txn~candidates-votes/2010/蘇貞昌-village-votes-page-4.json,matched,polling-station-single-village; polling-station-single-village
2010,大同區,鄰江里,鄰江里,蘇貞昌,郝龍斌,2419,1548,60.978069,39.021931,21.956138,data/raw/openfun/tw.gov.cec~txn~candidates-votes/2010/郝龍斌-village-votes-page-4.json;data/raw/openfun/tw.gov.cec~txn~candidates-votes/2010/蘇貞昌-village-votes-page-4.json,matched,polling-station-single-village; polling-station-single-village
2010,大同區,雙連里,雙連里,蘇貞昌,郝龍斌,3144,2253,58.254586,41.745414,16.509172,data/raw/openfun/tw.gov.cec~txn~candidates-votes/2010/郝龍斌-village-votes-page-4.json;data/raw/openfun/tw.gov.cec~txn~candidates-votes/2010/蘇貞昌-village-votes-page-4.json,matched,polling-station-single-village; polling-station-single-village
2010,大安區,大學里,大學里,蘇貞昌,郝龍斌,1732,2785,38.344034,61.655966,-23.311933,data/raw/openfun/tw.gov.cec~txn~candidates-votes/2010/郝龍斌-village-votes-page-6.json;data/raw/openfun/tw.gov.cec~txn~candidates-votes/2010/蘇貞昌-village-votes-page-6.json,matched,polling-station-single-village; polling-station-single-village
2010,大安區,仁愛里,仁愛里,蘇貞昌,郝龍斌,1089,1672,39.442231,60.557769,-21.115538,data/raw/openfun/tw.gov.cec~txn~candidates-votes/2010/郝龍斌-village-votes-page-6.json;data/raw/openfun/tw.gov.cec~txn~candidates-votes/2010/蘇貞昌-village-votes-page-6.json,matched,polling-station-single-village; polling-station-single-village
2010,大安區,仁慈里,仁慈里,蘇貞昌,郝龍斌,1144,1634,41.180706,58.819294,-17.638589,data/raw/openfun/tw.gov.cec~txn~candidates-votes/2010/郝龍斌-village-votes-page-6.json;data/raw/openfun/tw.gov.cec~txn~candidates-votes/2010/蘇貞昌-village-votes-page-6.json,matched,polling-station-single-village; polling-station-single-village
2010,大安區,古風里,古風里,蘇貞昌,郝龍斌,948,1452,39.500000,60.500000,-21.000000,data/raw/openfun/tw.gov.cec~txn~candidates-votes/2010/郝龍斌-village-votes-page-6.json;data/raw/openfun/tw.gov.cec~txn~candidates-votes/2010/蘇貞昌-village-votes-page-6.json,matched,polling-station-single-village; polling-station-single-village
2010,大安區,古莊里,古莊里,蘇貞昌,郝龍斌,1488,2176,40.611354,59.388646,-18.777293,data/raw/openfun/tw.gov.cec~txn~candidates-votes/2010/郝龍斌-village-votes-page-6.json;data/raw/openfun/tw.gov.cec~txn~candidates-votes/2010/蘇貞昌-village-votes-page-6.json,matched,polling-station-single-village; polling-station-single-village
2010,大安區,正聲里,正聲里,蘇貞昌,郝龍斌,923,1647,35.914397,64.085603,-28.171206,data/raw/openfun/tw.gov.cec~txn~candidates-votes/2010/郝龍斌-village-votes-page-6.json;data/raw/openfun/tw.gov.cec~txn~candidates-votes/2010/蘇貞昌-village-votes-page-6.json,matched,polling-station-single-village; polling-station-single-village
2010,大安區,民炤里,民炤里,蘇貞昌,郝龍斌,1913,2468,43.665830,56.334170,-12.668341,data/raw/openfun/tw.gov.cec~txn~candidates-votes/2010/郝龍斌-village-votes-page-6.json;data/raw/openfun/tw.gov.cec~txn~candidates-votes/2010/蘇貞昌-village-votes-page-6.json,matched,polling-station-single-village; polling-station-single-village
2010,大安區,民輝里,民輝里,蘇貞昌,郝龍斌,1542,2145,41.822620,58.177380,-16.354760,data/raw/openfun/tw.gov.cec~txn~candidates-votes/2010/郝龍斌-village-votes-page-6.json;data/raw/openfun/tw.gov.cec~txn~candidates-votes/2010/蘇貞昌-village-votes-page-6.json,matched,polling-station-single-village; polling-station-single-village
2010,大安區,永康里,永康里,蘇貞昌,郝龍斌,756,1215,38.356164,61.643836,-23.287671,data/raw/openfun/tw.gov.cec~txn~candidates-votes/2010/郝龍斌-village-votes-page-6.json;data/raw/openfun/tw.gov.cec~txn~candidates-votes/2010/蘇貞昌-village-votes-page-6.json,matched,polling-station-single-village; polling-station-single-village
2010,大安區,光明里,光明里,蘇貞昌,郝龍斌,735,1292,36.260483,63.739517,-27.479033,data/raw/openfun/tw.gov.cec~txn~candidates-votes/2010/郝龍斌-village-votes-page-6.json;data/raw/openfun/tw.gov.cec~txn~candidates-votes/2010/蘇貞昌-village-votes-page-6.json,matched,polling-station-single-village; polling-station-single-village
2010,大安區,光武里,光武里,蘇貞昌,郝龍斌,1686,2544,39.858156,60.141844,-20.283688,data/raw/openfun/tw.gov.cec~txn~candidates-votes/2010/郝龍斌-village-votes-page-6.json;data/raw/openfun/tw.gov.cec~txn~candidates-votes/2010/蘇貞昌-village-votes-page-6.json,matched,polling-station-single-village; polling-station-single-village
2010,大安區,光信里,光信里,蘇貞昌,郝龍斌,1652,2569,39.137645,60.862355,-21.724710,data/raw/openfun/tw.gov.cec~txn~candidates-votes/2010/郝龍斌-village-votes-page-6.json;data/raw/openfun/tw.gov.cec~txn~candidates-votes/2010/蘇貞昌-village-votes-page-6.json,matched,polling-station-single-village; polling-station-single-village
2010,大安區,全安里,全安里,蘇貞昌,郝龍斌,900,1551,36.719706,63.280294,-26.560588,data/raw/openfun/tw.gov.cec~txn~candidates-votes/2010/郝龍斌-village-votes-page-6.json;data/raw/openfun/tw.gov.cec~txn~candidates-votes/2010/蘇貞昌-village-votes-page-6.json,matched,polling-station-single-village; polling-station-single-village
2010,大安區,住安里,住安里,蘇貞昌,郝龍斌,1108,1801,38.088690,61.911310,-23.822619,data/raw/openfun/tw.gov.cec~txn~candidates-votes/2010/郝龍斌-village-votes-page-6.json;data/raw/openfun/tw.gov.cec~txn~candidates-votes/2010/蘇貞昌-village-votes-page-6.json,matched,polling-station-single-village; polling-station-single-village
2010,大安區,車層里,車層里,蘇貞昌,郝龍斌,1438,2046,41.274397,58.725603,-17.451206,data/raw/openfun/tw.gov.cec~txn~candidates-votes/2010/郝龍斌-village-votes-page-6.json;data/raw/openfun/tw.gov.cec~txn~candidates-votes/2010/蘇貞昌-village-votes-page-6.json,matched,polling-station-single-village; polling-station-single-village
2010,大安區,和安里,和安里,蘇貞昌,郝龍斌,1314,2285,36.510142,63.489858,-26.979717,data/raw/openfun/tw.gov.cec~txn~candidates-votes/2010/郝龍斌-village-votes-page-6.json;data/raw/openfun/tw.gov.cec~txn~candidates-votes/2010/蘇貞昌-village-votes-page-6.json,matched,polling-station-single-village; polling-station-single-village
2010,大安區,昌隆里,昌隆里,蘇貞昌,郝龍斌,858,967,47.013699,52.986301,-5.972603,data/raw/openfun/tw.gov.cec~txn~candidates-votes/2010/郝龍斌-village-votes-page-6.json;data/raw/openfun/tw.gov.cec~txn~candidates-votes/2010/蘇貞昌-village-votes-page-6.json,matched,polling-station-single-village; polling-station-single-village
2010,大安區,法治里,法治里,蘇貞昌,郝龍斌,882,1653,34.792899,65.207101,-30.414201,data/raw/openfun/tw.gov.cec~txn~candidates-votes/2010/郝龍斌-village-votes-page-6.json;data/raw/openfun/tw.gov.cec~txn~candidates-votes/2010/蘇貞昌-village-votes-page-6.json,matched,polling-station-single-village; polling-station-single-village
2010,大安區,臥龍里,臥龍里,蘇貞昌,郝龍斌,341,741,31.515712,68.484288,-36.968577,data/raw/openfun/tw.gov.cec~txn~candidates-votes/2010/郝龍斌-village-votes-page-6.json;data/raw/openfun/tw.gov.cec~txn~candidates-votes/2010/蘇貞昌-village-votes-page-6.json,matched,polling-station-single-village; polling-station-single-village
2010,大安區,芳和里,芳和里,蘇貞昌,郝龍斌,1373,2214,38.277112,61.722888,-23.445776,data/raw/openfun/tw.gov.cec~txn~candidates-votes/2010/郝龍斌-village-votes-page-6.json;data/raw/openfun/tw.gov.cec~txn~candidates-votes/2010/蘇貞昌-village-votes-page-6.json,matched,polling-station-single-village; polling-station-single-village
2010,大安區,虎嘯里,虎嘯里,蘇貞昌,郝龍斌,638,1336,32.320162,67.679838,-35.359676,data/raw/openfun/tw.gov.cec~txn~candidates-votes/2010/郝龍斌-village-votes-page-6.json;data/raw/openfun/tw.gov.cec~txn~candidates-votes/2010/蘇貞昌-village-votes-page-6.json,matched,polling-station-single-village; polling-station-single-village
2010,大安區,建安里,建安里,蘇貞昌,郝龍斌,936,1717,35.280814,64.719186,-29.438372,data/raw/openfun/tw.gov.cec~txn~candidates-votes/2010/郝龍斌-village-votes-page-6.json;data/raw/openfun/tw.gov.cec~txn~candidates-votes/2010/蘇貞昌-village-votes-page-6.json,matched,polling-station-single-village; polling-station-single-village
2010,大安區,建倫里,建倫里,蘇貞昌,郝龍斌,1148,2081,35.552803,64.447197,-28.894395,data/raw/openfun/tw.gov.cec~txn~candidates-votes/2010/郝龍斌-village-votes-page-6.json;data/raw/openfun/tw.gov.cec~txn~candidates-votes/2010/蘇貞昌-village-votes-page-6.json,matched,polling-station-single-village; polling-station-single-village
2010,大安區,通化里,通化里,蘇貞昌,郝龍斌,1730,1835,48.527349,51.472651,-2.945302,data/raw/openfun/tw.gov.cec~txn~candidates-votes/2010/郝龍斌-village-votes-page-6.json;data/raw/openfun/tw.gov.cec~txn~candidates-votes/2010/蘇貞昌-village-votes-page-6.json,matched,polling-station-single-village; polling-station-single-village
2010,大安區,通安里,通安里,蘇貞昌,郝龍斌,1330,1850,41.823899,58.176101,-16.352201,data/raw/openfun/tw.gov.cec~txn~candidates-votes/2010/郝龍斌-village-votes-page-6.json;data/raw/openfun/tw.gov.cec~txn~candidates-votes/2010/蘇貞昌-village-votes-page-6.json,matched,polling-station-single-village; polling-station-single-village
2010,大安區,敦安里,敦安里,蘇貞昌,郝龍斌,1332,1916,41.009852,58.990148,-17.980296,data/raw/openfun/tw.gov.cec~txn~candidates-votes/2010/郝龍斌-village-votes-page-6.json;data/raw/openfun/tw.gov.cec~txn~candidates-votes/2010/蘇貞昌-village-votes-page-6.json,matched,polling-station-single-village; polling-station-single-village
2010,大安區,敦煌里,敦煌里,蘇貞昌,郝龍斌,1271,1943,39.545737,60.454263,-20.908525,data/raw/openfun/tw.gov.cec~txn~candidates-votes/2010/郝龍斌-village-votes-page-6.json;data/raw/openfun/tw.gov.cec~txn~candidates-votes/2010/蘇貞昌-village-votes-page-6.json,matched,polling-station-single-village; polling-station-single-village
2010,大安區,華聲里,華聲里,蘇貞昌,郝龍斌,894,1455,38.058748,61.941252,-23.882503,data/raw/openfun/tw.gov.cec~txn~candidates-votes/2010/郝龍斌-village-votes-page-6.json;data/raw/openfun/tw.gov.cec~txn~candidates-votes/2010/蘇貞昌-village-votes-page-6.json,matched,polling-station-single-village; polling-station-single-village
2010,大安區,新龍里,新龍里,蘇貞昌,郝龍斌,949,2649,26.375764,73.624236,-47.248471,data/raw/openfun/tw.gov.cec~txn~candidates-votes/2010/郝龍斌-village-votes-page-6.json;data/raw/openfun/tw.gov.cec~txn~candidates-votes/2010/蘇貞昌-village-votes-page-6.json,matched,polling-station-single-village; polling-station-single-village
2010,大安區,群英里,群英里,蘇貞昌,郝龍斌,852,3241,20.816027,79.183973,-58.367945,data/raw/openfun/tw.gov.cec~txn~candidates-votes/2010/郝龍斌-village-votes-page-6.json;data/raw/openfun/tw.gov.cec~txn~candidates-votes/2010/蘇貞昌-village-votes-page-6.json,matched,polling-station-single-village; polling-station-single-village
2010,大安區,群賢里,群賢里,蘇貞昌,郝龍斌,1120,2138,34.376918,65.623082,-31.246163,data/raw/openfun/tw.gov.cec~txn~candidates-votes/2010/郝龍斌-village-votes-page-6.json;data/raw/openfun/tw.gov.cec~txn~candidates-votes/2010/蘇貞昌-village-votes-page-6.json,matched,polling-station-single-village; polling-station-single-village
2010,大安區,義安里,義安里,蘇貞昌,郝龍斌,1005,1913,34.441398,65.558602,-31.117204,data/raw/openfun/tw.gov.cec~txn~candidates-votes/2010/郝龍斌-village-votes-page-6.json;data/raw/openfun/tw.gov.cec~txn~candidates-votes/2010/蘇貞昌-village-votes-page-6.json,matched,polling-station-single-village; polling-station-single-village
2010,大安區,義村里,義村里,蘇貞昌,郝龍斌,896,2486,26.493199,73.506801,-47.013601,data/raw/openfun/tw.gov.cec~txn~candidates-votes/2010/郝龍斌-village-votes-page-6.json;data/raw/openfun/tw.gov.cec~txn~candidates-votes/2010/蘇貞昌-village-votes-page-6.json,matched,polling-station-single-village; polling-station-single-village
2010,大安區,誠安里,誠安里,蘇貞昌,郝龍斌,1092,1423,43.419483,56.580517,-13.161034,data/raw/openfun/tw.gov.cec~txn~candidates-votes/2010/郝龍斌-village-votes-page-6.json;data/raw/openfun/tw.gov.cec~txn~candidates-votes/2010/蘇貞昌-village-votes-page-6.json,matched,polling-station-single-village; polling-station-single-village
2010,大安區,福住里,福住里,蘇貞昌,郝龍斌,1252,1874,40.051184,59.948816,-19.897633,data/raw/openfun/tw.gov.cec~txn~candidates-votes/2010/郝龍斌-village-votes-page-6.json;data/raw/openfun/tw.gov.cec~txn~candidates-votes/2010/蘇貞昌-village-votes-page-6.json,matched,polling-station-single-village; polling-station-single-village
2010,大安區,德安里,德安里,蘇貞昌,郝龍斌,1123,1941,36.651436,63.348564,-26.697128,data/raw/openfun/tw.gov.cec~txn~candidates-votes/2010/郝龍斌-village-votes-page-6.json;data/raw/openfun/tw.gov.cec~txn~candidates-votes/2010/蘇貞昌-village-votes-page-6.json,matched,polling-station-single-village; polling-station-single-village
2010,大安區,黎元里,黎元里,蘇貞昌,郝龍斌,1468,1930,43.201883,56.798117,-13.596233,data/raw/openfun/tw.gov.cec~txn~candidates-votes/2010/郝龍斌-village-votes-page-6.json;data/raw/openfun/tw.gov.cec~txn~candidates-votes/2010/蘇貞昌-village-votes-page-6.json,matched,polling-station-single-village; polling-station-single-village
2010,大安區,黎孝里,黎孝里,蘇貞昌,郝龍斌,1703,2803,37.794052,62.205948,-24.411895,data/raw/openfun/tw.gov.cec~txn~candidates-votes/2010/郝龍斌-village-votes-page-6.json;data/raw/openfun/tw.gov.cec~txn~candidates-votes/2010/蘇貞昌-village-votes-page-6.json,matched,polling-station-single-village; polling-station-single-village
2010,大安區,黎和里,黎和里,蘇貞昌,郝龍斌,910,1782,33.803863,66.196137,-32.392273,data/raw/openfun/tw.gov.cec~txn~candidates-votes/2010/郝龍斌-village-votes-page-6.json;data/raw/openfun/tw.gov.cec~txn~candidates-votes/2010/蘇貞昌-village-votes-page-6.json,matched,polling-station-single-village; polling-station-single-village
2010,大安區,學府里,學府里,蘇貞昌,郝龍斌,565,1248,31.163817,68.836183,-37.672366,data/raw/openfun/tw.gov.cec~txn~candidates-votes/2010/郝龍斌-village-votes-page-6.json;data/raw/openfun/tw.gov.cec~txn~candidates-votes/2010/蘇貞昌-village-votes-page-6.json,matched,polling-station-single-village; polling-station-single-village
2010,大安區,錦安里,錦安里,蘇貞昌,郝龍斌,1124,1919,36.937233,63.062767,-26.125534,data/raw/openfun/tw.gov.cec~txn~candidates-votes/2010/郝龍斌-village-votes-page-6.json;data/raw/openfun/tw.gov.cec~txn~candidates-votes/2010/蘇貞昌-village-votes-page-6.json,matched,polling-station-single-village; polling-station-single-village
2010,大安區,錦泰里,錦泰里,蘇貞昌,郝龍斌,802,1711,31.914047,68.085953,-36.171906,data/raw/openfun/tw.gov.cec~txn~candidates-votes/2010/郝龍斌-village-votes-page-6.json;data/raw/openfun/tw.gov.cec~txn~candidates-votes/2010/蘇貞昌-village-votes-page-6.json,matched,polling-station-single-village; polling-station-single-village
2010,大安區,錦華里,錦華里,蘇貞昌,郝龍斌,1100,1855,37.225042,62.774958,-25.549915,data/raw/openfun/tw.gov.cec~txn~candidates-votes/2010/郝龍斌-village-votes-page-6.json;data/raw/openfun/tw.gov.cec~txn~candidates-votes/2010/蘇貞昌-village-votes-page-6.json,matched,polling-station-single-village; polling-station-single-village
2010,大安區,龍生里,龍生里,蘇貞昌,郝龍斌,1246,2381,34.353460,65.646540,-31.293080,data/raw/openfun/tw.gov.cec~txn~candidates-votes/2010/郝龍斌-village-votes-page-6.json;data/raw/openfun/tw.gov.cec~txn~candidates-votes/2010/蘇貞昌-village-votes-page-6.json,matched,polling-station-single-village; polling-station-single-village
2010,大安區,龍安里,龍安里,蘇貞昌,郝龍斌,1276,1956,39.480198,60.519802,-21.039604,data/raw/openfun/tw.gov.cec~txn~candidates-votes/2010/郝龍斌-village-votes-page-6.json;data/raw/openfun/tw.gov.cec~txn~candidates-votes/2010/蘇貞昌-village-votes-page-6.json,matched,polling-station-single-village; polling-station-single-village
2010,大安區,龍坡里,龍坡里,蘇貞昌,郝龍斌,1197,2013,37.289720,62.710280,-25.420561,data/raw/openfun/tw.gov.cec~txn~candidates-votes/2010/郝龍斌-village-votes-page-6.json;data/raw/openfun/tw.gov.cec~txn~candidates-votes/2010/蘇貞昌-village-votes-page-6.json,matched,polling-station-single-village; polling-station-single-village
2010,大安區,龍門里,龍門里,蘇貞昌,郝龍斌,913,1416,39.201374,60.798626,-21.597252,data/raw/openfun/tw.gov.cec~txn~candidates-votes/2010/郝龍斌-village-votes-page-6.json;data/raw/openfun/tw.gov.cec~txn~candidates-votes/2010/蘇貞昌-village-votes-page-6.json,matched,polling-station-single-village; polling-station-single-village
2010,大安區,龍泉里,龍泉里,蘇貞昌,郝龍斌,1031,1450,41.555824,58.444176,-16.888351,data/raw/openfun/tw.gov.cec~txn~candidates-votes/2010/郝龍斌-village-votes-page-6.json;data/raw/openfun/tw.gov.cec~txn~candidates-votes/2010/蘇貞昌-village-votes-page-6.json,matched,polling-station-single-village; polling-station-single-village
2010,大安區,龍陣里,龍陣里,蘇貞昌,郝龍斌,786,1262,38.378906,61.621094,-23.242188,data/raw/openfun/tw.gov.cec~txn~candidates-votes/2010/郝龍斌-village-votes-page-6.json;data/raw/openfun/tw.gov.cec~txn~candidates-votes/2010/蘇貞昌-village-votes-page-6.json,matched,polling-station-single-village; polling-station-single-village
2010,大安區,龍淵里,龍淵里,蘇貞昌,郝龍斌,1931,2993,39.216084,60.783916,-21.567831,data/raw/openfun/tw.gov.cec~txn~candidates-votes/2010/郝龍斌-village-votes-page-6.json;data/raw/openfun/tw.gov.cec~txn~candidates-votes/2010/蘇貞昌-village-votes-page-6.json,matched,polling-station-single-village; polling-station-single-village
2010,大安區,龍雲里,龍雲里,蘇貞昌,郝龍斌,1131,1676,40.292127,59.707873,-19.415746,data/raw/openfun/tw.gov.cec~txn~candidates-votes/2010/郝龍斌-village-votes-page-6.json;data/raw/openfun/tw.gov.cec~txn~candidates-votes/2010/蘇貞昌-village-votes-page-6.json,matched,polling-station-single-village; polling-station-single-village
2010,大安區,龍圖里,龍圖里,蘇貞昌,郝龍斌,1355,2356,36.513069,63.486931,-26.973861,data/raw/openfun/tw.gov.cec~txn~candidates-votes/2010/郝龍斌-village-votes-page-6.json;data/raw/openfun/tw.gov.cec~txn~candidates-votes/2010/蘇貞昌-village-votes-page-6.json,matched,polling-station-single-village; polling-station-single-village
2010,大安區,臨江里,臨江里,蘇貞昌,郝龍斌,1028,1426,41.890791,58.109209,-16.218419,data/raw/openfun/tw.gov.cec~txn~candidates-votes/2010/郝龍斌-village-votes-page-6.json;data/raw/openfun/tw.gov.cec~txn~candidates-votes/2010/蘇貞昌-village-votes-page-6.json,matched,polling-station-single-village; polling-station-single-village
2010,中山區,力行里,力行里,蘇貞昌,郝龍斌,1692,1582,51.679902,48.320098,3.359805,data/raw/openfun/tw.gov.cec~txn~candidates-votes/2010/郝龍斌-village-votes-page-4.json;data/raw/openfun/tw.gov.cec~txn~candidates-votes/2010/蘇貞昌-village-votes-page-4.json,matched,polling-station-single-village; polling-station-single-village
2010,中山區,下埤里,下埤里,蘇貞昌,郝龍斌,2213,2162,50.582857,49.417143,1.165714,data/raw/openfun/tw.gov.cec~txn~candidates-votes/2010/郝龍斌-village-votes-page-4.json;data/raw/openfun/tw.gov.cec~txn~candidates-votes/2010/蘇貞昌-village-votes-page-4.json,matched,polling-station-single-village; polling-station-single-village
2010,中山區,大佳里,大佳里,蘇貞昌,郝龍斌,429,225,65.596330,34.403670,31.192661,data/raw/openfun/tw.gov.cec~txn~candidates-votes/2010/郝龍斌-village-votes-page-4.json;data/raw/openfun/tw.gov.cec~txn~candidates-votes/2010/蘇貞昌-village-votes-page-4.json,matched,polling-station-single-village; polling-station-single-village
2010,中山區,大直里,大直里,蘇貞昌,郝龍斌,2102,3248,39.289720,60.710280,-21.420561,data/raw/openfun/tw.gov.cec~txn~candidates-votes/2010/郝龍斌-village-votes-page-4.json;data/raw/openfun/tw.gov.cec~txn~candidates-votes/2010/蘇貞昌-village-votes-page-4.json,matched,polling-station-single-village; polling-station-single-village
2010,中山區,中山里,中山里,蘇貞昌,郝龍斌,1489,1540,49.158138,50.841862,-1.683724,data/raw/openfun/tw.gov.cec~txn~candidates-votes/2010/郝龍斌-village-votes-page-4.json;data/raw/openfun/tw.gov.cec~txn~candidates-votes/2010/蘇貞昌-village-votes-page-4.json,matched,polling-station-single-village; polling-station-single-village
2010,中山區,中央里,中央里,蘇貞昌,郝龍斌,997,1143,46.588785,53.411215,-6.822430,data/raw/openfun/tw.gov.cec~txn~candidates-votes/2010/郝龍斌-village-votes-page-4.json;data/raw/openfun/tw.gov.cec~txn~candidates-votes/2010/蘇貞昌-village-votes-page-4.json,matched,polling-station-single-village; polling-station-single-village
2010,中山區,中吉里,中吉里,蘇貞昌,郝龍斌,1713,1405,54.939064,45.060936,9.878127,data/raw/openfun/tw.gov.cec~txn~candidates-votes/2010/郝龍斌-village-votes-page-4.json;data/raw/openfun/tw.gov.cec~txn~candidates-votes/2010/蘇貞昌-village-votes-page-4.json,matched,polling-station-single-village; polling-station-single-village
2010,中山區,中庄里,中庄里,蘇貞昌,郝龍斌,1608,1356,54.251012,45.748988,8.502024,data/raw/openfun/tw.gov.cec~txn~candidates-votes/2010/郝龍斌-village-votes-page-4.json;data/raw/openfun/tw.gov.cec~txn~candidates-votes/2010/蘇貞昌-village-votes-page-4.json,matched,polling-station-single-village; polling-station-single-village
2010,中山區,中原里,中原里,蘇貞昌,郝龍斌,1524,1310,53.775582,46.224418,7.551164,data/raw/openfun/tw.gov.cec~txn~candidates-votes/2010/郝龍斌-village-votes-page-4.json;data/raw/openfun/tw.gov.cec~txn~candidates-votes/2010/蘇貞昌-village-votes-page-4.json,matched,polling-station-single-village; polling-station-single-village
2010,中山區,北安里,北安里,蘇貞昌,郝龍斌,559,1024,35.312697,64.687303,-29.374605,data/raw/openfun/tw.gov.cec~txn~candidates-votes/2010/郝龍斌-village-votes-page-4.json;data/raw/openfun/tw.gov.cec~txn~candidates-votes/2010/蘇貞昌-village-votes-page-4.json,matched,polling-station-single-village; polling-station-single-village
2010,中山區,正守里,正守里,蘇貞昌,郝龍斌,941,939,50.053191,49.946809,0.106383,data/raw/openfun/tw.gov.cec~txn~candidates-votes/2010/郝龍斌-village-votes-page-4.json;data/raw/openfun/tw.gov.cec~txn~candidates-votes/2010/蘇貞昌-village-votes-page-4.json,matched,polling-station-single-village; polling-station-single-village
2010,中山區,正得里,正得里,蘇貞昌,郝龍斌,835,1053,44.226695,55.773305,-11.546610,data/raw/openfun/tw.gov.cec~txn~candidates-votes/2010/郝龍斌-village-votes-page-4.json;data/raw/openfun/tw.gov.cec~txn~candidates-votes/2010/蘇貞昌-village-votes-page-4.json,matched,polling-station-single-village; polling-station-single-village
2010,中山區,正義里,正義里,蘇貞昌,郝龍斌,1101,1358,44.774298,55.225702,-10.451403,data/raw/openfun/tw.gov.cec~txn~candidates-votes/2010/郝龍斌-village-votes-page-4.json;data/raw/openfun/tw.gov.cec~txn~candidates-votes/2010/蘇貞昌-village-votes-page-4.json,matched,polling-station-single-village; polling-station-single-village
2010,中山區,民安里,民安里,蘇貞昌,郝龍斌,1475,1339,52.416489,47.583511,4.832978,data/raw/openfun/tw.gov.cec~txn~candidates-votes/2010/郝龍斌-village-votes-page-4.json;data/raw/openfun/tw.gov.cec~txn~candidates-votes/2010/蘇貞昌-village-votes-page-4.json,matched,polling-station-single-village; polling-station-single-village
2010,中山區,永安里,永安里,蘇貞昌,郝龍斌,2160,2884,42.823156,57.176844,-14.353688,data/raw/openfun/tw.gov.cec~txn~candidates-votes/2010/郝龍斌-village-votes-page-4.json;data/raw/openfun/tw.gov.cec~txn~candidates-votes/2010/蘇貞昌-village-votes-page-4.json,matched,polling-station-single-village; polling-station-single-village
2010,中山區,成功里,成功里,蘇貞昌,郝龍斌,1229,1763,41.076203,58.923797,-17.847594,data/raw/openfun/tw.gov.cec~txn~candidates-votes/2010/郝龍斌-village-votes-page-4.json;data/raw/openfun/tw.gov.cec~txn~candidates-votes/2010/蘇貞昌-village-votes-page-4.json,matched,polling-station-single-village; polling-station-single-village
2010,中山區,朱崙里,朱崙里,蘇貞昌,郝龍斌,846,809,51.117825,48.882175,2.235650,data/raw/openfun/tw.gov.cec~txn~candidates-votes/2010/郝龍斌-village-votes-page-4.json;data/raw/openfun/tw.gov.cec~txn~candidates-votes/2010/蘇貞昌-village-votes-page-4.json,matched,polling-station-single-village; polling-station-single-village
2010,中山區,朱園里,朱園里,蘇貞昌,郝龍斌,1176,1131,50.975293,49.024707,1.950585,data/raw/openfun/tw.gov.cec~txn~candidates-votes/2010/郝龍斌-village-votes-page-4.json;data/raw/openfun/tw.gov.cec~txn~candidates-votes/2010/蘇貞昌-village-votes-page-4.json,matched,polling-station-single-village; polling-station-single-village
2010,中山區,朱馥里,朱馥里,蘇貞昌,郝龍斌,1548,1836,45.744681,54.255319,-8.510638,data/raw/openfun/tw.gov.cec~txn~candidates-votes/2010/郝龍斌-village-votes-page-4.json;data/raw/openfun/tw.gov.cec~txn~candidates-votes/2010/蘇貞昌-village-votes-page-4.json,matched,polling-station-single-village; polling-station-single-village
2010,中山區,江山里,江山里,蘇貞昌,郝龍斌,2245,2094,51.740032,48.259968,3.480065,data/raw/openfun/tw.gov.cec~txn~candidates-votes/2010/郝龍斌-village-votes-page-4.json;data/raw/openfun/tw.gov.cec~txn~candidates-votes/2010/蘇貞昌-village-votes-page-4.json,matched,polling-station-single-village; polling-station-single-village
2010,中山區,江寧里,江寧里,蘇貞昌,郝龍斌,1801,2035,46.949948,53.050052,-6.100104,data/raw/openfun/tw.gov.cec~txn~candidates-votes/2010/郝龍斌-village-votes-page-4.json;data/raw/openfun/tw.gov.cec~txn~candidates-votes/2010/蘇貞昌-village-votes-page-4.json,matched,polling-station-single-village; polling-station-single-village
2010,中山區,行仁里,行仁里,蘇貞昌,郝龍斌,2533,2230,53.180768,46.819232,6.361537,data/raw/openfun/tw.gov.cec~txn~candidates-votes/2010/郝龍斌-village-votes-page-4.json;data/raw/openfun/tw.gov.cec~txn~candidates-votes/2010/蘇貞昌-village-votes-page-4.json,matched,polling-station-single-village; polling-station-single-village
2010,中山區,行孝里,行孝里,蘇貞昌,郝龍斌,1230,1165,51.356994,48.643006,2.713987,data/raw/openfun/tw.gov.cec~txn~candidates-votes/2010/郝龍斌-village-votes-page-4.json;data/raw/openfun/tw.gov.cec~txn~candidates-votes/2010/蘇貞昌-village-votes-page-4.json,matched,polling-station-single-village; polling-station-single-village
2010,中山區,行政里,行政里,蘇貞昌,郝龍斌,1689,1657,50.478183,49.521817,0.956366,data/raw/openfun/tw.gov.cec~txn~candidates-votes/2010/郝龍斌-village-votes-page-4.json;data/raw/openfun/tw.gov.cec~txn~candidates-votes/2010/蘇貞昌-village-votes-page-4.json,matched,polling-station-single-village; polling-station-single-village
2010,中山區,松江里,松江里,蘇貞昌,郝龍斌,1895,1795,51.355014,48.644986,2.710027,data/raw/openfun/tw.gov.cec~txn~candidates-votes/2010/郝龍斌-village-votes-page-4.json;data/raw/openfun/tw.gov.cec~txn~candidates-votes/2010/蘇貞昌-village-votes-page-4.json,matched,polling-station-single-village; polling-station-single-village
2010,中山區,金泰里,金泰里,蘇貞昌,郝龍斌,1502,2094,41.768632,58.231368,-16.462736,data/raw/openfun/tw.gov.cec~txn~candidates-votes/2010/郝龍斌-village-votes-page-4.json;data/raw/openfun/tw.gov.cec~txn~candidates-votes/2010/蘇貞昌-village-votes-page-4.json,matched,polling-station-single-village; polling-station-single-village
2010,中山區,恆安里,恆安里,蘇貞昌,郝龍斌,1043,1139,47.800183,52.199817,-4.399633,data/raw/openfun/tw.gov.cec~txn~candidates-votes/2010/郝龍斌-village-votes-page-4.json;data/raw/openfun/tw.gov.cec~txn~candidates-votes/2010/蘇貞昌-village-votes-page-4.json,matched,polling-station-single-village; polling-station-single-village
2010,中山區,埤頭里,埤頭里,蘇貞昌,郝龍斌,947,1083,46.650246,53.349754,-6.699507,data/raw/openfun/tw.gov.cec~txn~candidates-votes/2010/郝龍斌-village-votes-page-4.json;data/raw/openfun/tw.gov.cec~txn~candidates-votes/2010/蘇貞昌-village-votes-page-4.json,matched,polling-station-single-village; polling-station-single-village
2010,中山區,康樂里,康樂里,蘇貞昌,郝龍斌,573,721,44.281298,55.718702,-11.437403,data/raw/openfun/tw.gov.cec~txn~candidates-votes/2010/郝龍斌-village-votes-page-4.json;data/raw/openfun/tw.gov.cec~txn~candidates-votes/2010/蘇貞昌-village-votes-page-4.json,matched,polling-station-single-village; polling-station-single-village
2010,中山區,復華里,復華里,蘇貞昌,郝龍斌,907,1494,37.775927,62.224073,-24.448147,data/raw/openfun/tw.gov.cec~txn~candidates-votes/2010/郝龍斌-village-votes-page-4.json;data/raw/openfun/tw.gov.cec~txn~candidates-votes/2010/蘇貞昌-village-votes-page-4.json,matched,polling-station-single-village; polling-station-single-village
2010,中山區,晴光里,晴光里,蘇貞昌,郝龍斌,1147,1371,45.552025,54.447975,-8.895949,data/raw/openfun/tw.gov.cec~txn~candidates-votes/2010/郝龍斌-village-votes-page-4.json;data/raw/openfun/tw.gov.cec~txn~candidates-votes/2010/蘇貞昌-village-votes-page-4.json,matched,polling-station-single-village; polling-station-single-village
2010,中山區,集英里,集英里,蘇貞昌,郝龍斌,1951,1629,54.497207,45.502793,8.994413,data/raw/openfun/tw.gov.cec~txn~candidates-votes/2010/郝龍斌-village-votes-page-4.json;data/raw/openfun/tw.gov.cec~txn~candidates-votes/2010/蘇貞昌-village-votes-page-4.json,matched,polling-station-single-village; polling-station-single-village
2010,中山區,圓山里,圓山里,蘇貞昌,郝龍斌,1113,1084,50.659991,49.340009,1.319982,data/raw/openfun/tw.gov.cec~txn~candidates-votes/2010/郝龍斌-village-votes-page-4.json;data/raw/openfun/tw.gov.cec~txn~candidates-votes/2010/蘇貞昌-village-votes-page-4.json,matched,polling-station-single-village; polling-station-single-village
2010,中山區,新生里,新生里,蘇貞昌,郝龍斌,1646,1344,55.050167,44.949833,10.100334,data/raw/openfun/tw.gov.cec~txn~candidates-votes/2010/郝龍斌-village-votes-page-4.json;data/raw/openfun/tw.gov.cec~txn~candidates-votes/2010/蘇貞昌-village-votes-page-4.json,matched,polling-station-single-village; polling-station-single-village
2010,中山區,新庄里,新庄里,蘇貞昌,郝龍斌,1543,1358,53.188556,46.811444,6.377111,data/raw/openfun/tw.gov.cec~txn~candidates-votes/2010/郝龍斌-village-votes-page-4.json;data/raw/openfun/tw.gov.cec~txn~candidates-votes/2010/蘇貞昌-village-votes-page-4.json,matched,polling-station-single-village; polling-station-single-village
2010,中山區,新喜里,新喜里,蘇貞昌,郝龍斌,1575,1408,52.799195,47.200805,5.598391,data/raw/openfun/tw.gov.cec~txn~candidates-votes/2010/郝龍斌-village-votes-page-4.json;data/raw/openfun/tw.gov.cec~txn~candidates-votes/2010/蘇貞昌-village-votes-page-4.json,matched,polling-station-single-village; polling-station-single-village
2010,中山區,新福里,新福里,蘇貞昌,郝龍斌,1653,1266,56.628983,43.371017,13.257965,data/raw/openfun/tw.gov.cec~txn~candidates-votes/2010/郝龍斌-village-votes-page-4.json;data/raw/openfun/tw.gov.cec~txn~candidates-votes/2010/蘇貞昌-village-votes-page-4.json,matched,polling-station-single-village; polling-station-single-village
2010,中山區,聚盛里,聚盛里,蘇貞昌,郝龍斌,939,1120,45.604662,54.395338,-8.790675,data/raw/openfun/tw.gov.cec~txn~candidates-votes/2010/郝龍斌-village-votes-page-4.json;data/raw/openfun/tw.gov.cec~txn~candidates-votes/2010/蘇貞昌-village-votes-page-4.json,matched,polling-station-single-village; polling-station-single-village
2010,中山區,聚葉里,聚葉里,蘇貞昌,郝龍斌,1003,1075,48.267565,51.732435,-3.464870,data/raw/openfun/tw.gov.cec~txn~candidates-votes/2010/郝龍斌-village-votes-page-4.json;data/raw/openfun/tw.gov.cec~txn~candidates-votes/2010/蘇貞昌-village-votes-page-4.json,matched,polling-station-single-village; polling-station-single-village
2010,中山區,劍潭里,劍潭里,蘇貞昌,郝龍斌,373,1867,16.651786,83.348214,-66.696429,data/raw/openfun/tw.gov.cec~txn~candidates-votes/2010/郝龍斌-village-votes-page-4.json;data/raw/openfun/tw.gov.cec~txn~candidates-votes/2010/蘇貞昌-village-votes-page-4.json,matched,polling-station-single-village; polling-station-single-village
2010,中山區,興亞里,興亞里,蘇貞昌,郝龍斌,1444,1343,51.811984,48.188016,3.623968,data/raw/openfun/tw.gov.cec~txn~candidates-votes/2010/郝龍斌-village-votes-page-4.json;data/raw/openfun/tw.gov.cec~txn~candidates-votes/2010/蘇貞昌-village-votes-page-4.json,matched,polling-station-single-village; polling-station-single-village
2010,中山區,龍洲里,龍洲里,蘇貞昌,郝龍斌,753,2350,24.266839,75.733161,-51.466323,data/raw/openfun/tw.gov.cec~txn~candidates-votes/2010/郝龍斌-village-votes-page-4.json;data/raw/openfun/tw.gov.cec~txn~candidates-votes/2010/蘇貞昌-village-votes-page-4.json,matched,polling-station-single-village; polling-station-single-village
2010,中正區,三愛里,三愛里,蘇貞昌,郝龍斌,1882,2562,42.349235,57.650765,-15.301530,data/raw/openfun/tw.gov.cec~txn~candidates-votes/2010/郝龍斌-village-votes-page-5.json;data/raw/openfun/tw.gov.cec~txn~candidates-votes/2010/蘇貞昌-village-votes-page-5.json,matched,polling-station-single-village; polling-station-single-village
2010,中正區,文北里,文北里,蘇貞昌,郝龍斌,1191,1705,41.125691,58.874309,-17.748619,data/raw/openfun/tw.gov.cec~txn~candidates-votes/2010/郝龍斌-village-votes-page-5.json;data/raw/openfun/tw.gov.cec~txn~candidates-votes/2010/蘇貞昌-village-votes-page-5.json,matched,polling-station-single-village; polling-station-single-village
2010,中正區,文盛里,文盛里,蘇貞昌,郝龍斌,666,862,43.586387,56.413613,-12.827225,data/raw/openfun/tw.gov.cec~txn~candidates-votes/2010/郝龍斌-village-votes-page-5.json;data/raw/openfun/tw.gov.cec~txn~candidates-votes/2010/蘇貞昌-village-votes-page-5.json,matched,polling-station-single-village; polling-station-single-village
2010,中正區,文祥里,文祥里,蘇貞昌,郝龍斌,1627,2441,39.995084,60.004916,-20.009833,data/raw/openfun/tw.gov.cec~txn~candidates-votes/2010/郝龍斌-village-votes-page-5.json;data/raw/openfun/tw.gov.cec~txn~candidates-votes/2010/蘇貞昌-village-votes-page-5.json,matched,polling-station-single-village; polling-station-single-village
2010,中正區,水源里,水源里,蘇貞昌,郝龍斌,757,944,44.503233,55.496767,-10.993533,data/raw/openfun/tw.gov.cec~txn~candidates-votes/2010/郝龍斌-village-votes-page-5.json;data/raw/openfun/tw.gov.cec~txn~candidates-votes/2010/蘇貞昌-village-votes-page-5.json,matched,polling-station-single-village; polling-station-single-village
2010,中正區,永功里,永功里,蘇貞昌,郝龍斌,1681,1861,47.459063,52.540937,-5.081875,data/raw/openfun/tw.gov.cec~txn~candidates-votes/2010/郝龍斌-village-votes-page-5.json;data/raw/openfun/tw.gov.cec~txn~candidates-votes/2010/蘇貞昌-village-votes-page-5.json,matched,polling-station-single-village; polling-station-single-village
2010,中正區,永昌里,永昌里,蘇貞昌,郝龍斌,1372,1645,45.475638,54.524362,-9.048724,data/raw/openfun/tw.gov.cec~txn~candidates-votes/2010/郝龍斌-village-votes-page-5.json;data/raw/openfun/tw.gov.cec~txn~candidates-votes/2010/蘇貞昌-village-votes-page-5.json,matched,polling-station-single-village; polling-station-single-village
2010,中正區,光復里,光復里,蘇貞昌,郝龍斌,887,1141,43.737673,56.262327,-12.524655,data/raw/openfun/tw.gov.cec~txn~candidates-votes/2010/郝龍斌-village-votes-page-5.json;data/raw/openfun/tw.gov.cec~txn~candidates-votes/2010/蘇貞昌-village-votes-page-5.json,matched,polling-station-single-village; polling-station-single-village
2010,中正區,幸市里,幸市里,蘇貞昌,郝龍斌,1129,1346,45.616162,54.383838,-8.767677,data/raw/openfun/tw.gov.cec~txn~candidates-votes/2010/郝龍斌-village-votes-page-5.json;data/raw/openfun/tw.gov.cec~txn~candidates-votes/2010/蘇貞昌-village-votes-page-5.json,matched,polling-station-single-village; polling-station-single-village
2010,中正區,幸福里,幸福里,蘇貞昌,郝龍斌,1052,1415,42.642886,57.357114,-14.714228,data/raw/openfun/tw.gov.cec~txn~candidates-votes/2010/郝龍斌-village-votes-page-5.json;data/raw/openfun/tw.gov.cec~txn~candidates-votes/2010/蘇貞昌-village-votes-page-5.json,matched,polling-station-single-village; polling-station-single-village
2010,中正區,忠勤里,忠勤里,蘇貞昌,郝龍斌,1579,2169,42.129136,57.870864,-15.741729,data/raw/openfun/tw.gov.cec~txn~candidates-votes/2010/郝龍斌-village-votes-page-5.json;data/raw/openfun/tw.gov.cec~txn~candidates-votes/2010/蘇貞昌-village-votes-page-5.json,matched,polling-station-single-village; polling-station-single-village
2010,中正區,東門里,東門里,蘇貞昌,郝龍斌,819,1569,34.296482,65.703518,-31.407035,data/raw/openfun/tw.gov.cec~txn~candidates-votes/2010/郝龍斌-village-votes-page-5.json;data/raw/openfun/tw.gov.cec~txn~candidates-votes/2010/蘇貞昌-village-votes-page-5.json,matched,polling-station-single-village; polling-station-single-village
2010,中正區,板溪里,板溪里,蘇貞昌,郝龍斌,808,1154,41.182467,58.817533,-17.635066,data/raw/openfun/tw.gov.cec~txn~candidates-votes/2010/郝龍斌-village-votes-page-5.json;data/raw/openfun/tw.gov.cec~txn~candidates-votes/2010/蘇貞昌-village-votes-page-5.json,matched,polling-station-single-village; polling-station-single-village
2010,中正區,林興里,林興里,蘇貞昌,郝龍斌,949,1711,35.676692,64.323308,-28.646617,data/raw/openfun/tw.gov.cec~txn~candidates-votes/2010/郝龍斌-village-votes-page-5.json;data/raw/openfun/tw.gov.cec~txn~candidates-votes/2010/蘇貞昌-village-votes-page-5.json,matched,polling-station-single-village; polling-station-single-village
2010,中正區,河堤里,河堤里,蘇貞昌,郝龍斌,931,1588,36.959111,63.040889,-26.081778,data/raw/openfun/tw.gov.cec~txn~candidates-votes/2010/郝龍斌-village-votes-page-5.json;data/raw/openfun/tw.gov.cec~txn~candidates-votes/2010/蘇貞昌-village-votes-page-5.json,matched,polling-station-single-village; polling-station-single-village
2010,中正區,南門里,南門里,蘇貞昌,郝龍斌,485,1002,32.616005,67.383995,-34.767989,data/raw/openfun/tw.gov.cec~txn~candidates-votes/2010/郝龍斌-village-votes-page-5.json;data/raw/openfun/tw.gov.cec~txn~candidates-votes/2010/蘇貞昌-village-votes-page-5.json,matched,polling-station-single-village; polling-station-single-village
2010,中正區,南福里,南福里,蘇貞昌,郝龍斌,1993,3120,38.979073,61.020927,-22.041854,data/raw/openfun/tw.gov.cec~txn~candidates-votes/2010/郝龍斌-village-votes-page-5.json;data/raw/openfun/tw.gov.cec~txn~candidates-votes/2010/蘇貞昌-village-votes-page-5.json,matched,polling-station-single-village; polling-station-single-village
2010,中正區,建國里,建國里,蘇貞昌,郝龍斌,260,464,35.911602,64.088398,-28.176796,data/raw/openfun/tw.gov.cec~txn~candidates-votes/2010/郝龍斌-village-votes-page-5.json;data/raw/openfun/tw.gov.cec~txn~candidates-votes/2010/蘇貞昌-village-votes-page-5.json,matched,polling-station-single-village; polling-station-single-village
2010,中正區,梅花里,梅花里,蘇貞昌,郝龍斌,775,1009,43.441704,56.558296,-13.116592,data/raw/openfun/tw.gov.cec~txn~candidates-votes/2010/郝龍斌-village-votes-page-5.json;data/raw/openfun/tw.gov.cec~txn~candidates-votes/2010/蘇貞昌-village-votes-page-5.json,matched,polling-station-single-village; polling-station-single-village
2010,中正區,頂東里,頂東里,蘇貞昌,郝龍斌,1475,2024,42.154901,57.845099,-15.690197,data/raw/openfun/tw.gov.cec~txn~candidates-votes/2010/郝龍斌-village-votes-page-5.json;data/raw/openfun/tw.gov.cec~txn~candidates-votes/2010/蘇貞昌-village-votes-page-5.json,matched,polling-station-single-village; polling-station-single-village
2010,中正區,富水里,富水里,蘇貞昌,郝龍斌,378,1215,23.728814,76.271186,-52.542373,data/raw/openfun/tw.gov.cec~txn~candidates-votes/2010/郝龍斌-village-votes-page-5.json;data/raw/openfun/tw.gov.cec~txn~candidates-votes/2010/蘇貞昌-village-votes-page-5.json,matched,polling-station-single-village; polling-station-single-village
2010,中正區,廈安里,廈安里,蘇貞昌,郝龍斌,926,1197,43.617522,56.382478,-12.764955,data/raw/openfun/tw.gov.cec~txn~candidates-votes/2010/郝龍斌-village-votes-page-5.json;data/raw/openfun/tw.gov.cec~txn~candidates-votes/2010/蘇貞昌-village-votes-page-5.json,matched,polling-station-single-village; polling-station-single-village
2010,中正區,愛國里,愛國里,蘇貞昌,郝龍斌,850,1036,45.068929,54.931071,-9.862142,data/raw/openfun/tw.gov.cec~txn~candidates-votes/2010/郝龍斌-village-votes-page-5.json;data/raw/openfun/tw.gov.cec~txn~candidates-votes/2010/蘇貞昌-village-votes-page-5.json,matched,polling-station-single-village; polling-station-single-village
2010,中正區,新營里,新營里,蘇貞昌,郝龍斌,1523,3129,32.738607,67.261393,-34.522786,data/raw/openfun/tw.gov.cec~txn~candidates-votes/2010/郝龍斌-village-votes-page-5.json;data/raw/openfun/tw.gov.cec~txn~candidates-votes/2010/蘇貞昌-village-votes-page-5.json,matched,polling-station-single-village; polling-station-single-village
2010,中正區,網溪里,網溪里,蘇貞昌,郝龍斌,1311,1967,39.993899,60.006101,-20.012203,data/raw/openfun/tw.gov.cec~txn~candidates-votes/2010/郝龍斌-village-votes-page-5.json;data/raw/openfun/tw.gov.cec~txn~candidates-votes/2010/蘇貞昌-village-votes-page-5.json,matched,polling-station-single-village; polling-station-single-village
2010,中正區,黎明里,黎明里,蘇貞昌,郝龍斌,593,936,38.783519,61.216481,-22.432963,data/raw/openfun/tw.gov.cec~txn~candidates-votes/2010/郝龍斌-village-votes-page-5.json;data/raw/openfun/tw.gov.cec~txn~candidates-votes/2010/蘇貞昌-village-votes-page-5.json,matched,polling-station-single-village; polling-station-single-village
2010,中正區,螢圃里,螢圃里,蘇貞昌,郝龍斌,1347,2010,40.125112,59.874888,-19.749777,data/raw/openfun/tw.gov.cec~txn~candidates-votes/2010/郝龍斌-village-votes-page-5.json;data/raw/openfun/tw.gov.cec~txn~candidates-votes/2010/蘇貞昌-village-votes-page-5.json,matched,polling-station-single-village; polling-station-single-village
2010,中正區,螢雪里,螢雪里,蘇貞昌,郝龍斌,1158,1550,42.762186,57.237814,-14.475628,data/raw/openfun/tw.gov.cec~txn~candidates-votes/2010/郝龍斌-village-votes-page-5.json;data/raw/openfun/tw.gov.cec~txn~candidates-votes/2010/蘇貞昌-village-votes-page-5.json,matched,polling-station-single-village; polling-station-single-village
2010,中正區,龍光里,龍光里,蘇貞昌,郝龍斌,699,1126,38.301370,61.698630,-23.397260,data/raw/openfun/tw.gov.cec~txn~candidates-votes/2010/郝龍斌-village-votes-page-5.json;data/raw/openfun/tw.gov.cec~txn~candidates-votes/2010/蘇貞昌-village-votes-page-5.json,matched,polling-station-single-village; polling-station-single-village
2010,中正區,龍福里,龍福里,蘇貞昌,郝龍斌,1320,2048,39.192399,60.807601,-21.615202,data/raw/openfun/tw.gov.cec~txn~candidates-votes/2010/郝龍斌-village-votes-page-5.json;data/raw/openfun/tw.gov.cec~txn~candidates-votes/2010/蘇貞昌-village-votes-page-5.json,matched,polling-station-single-village; polling-station-single-village
2010,中正區,龍興里,龍興里,蘇貞昌,郝龍斌,962,1199,44.516428,55.483572,-10.967145,data/raw/openfun/tw.gov.cec~txn~candidates-votes/2010/郝龍斌-village-votes-page-5.json;data/raw/openfun/tw.gov.cec~txn~candidates-votes/2010/蘇貞昌-village-votes-page-5.json,matched,polling-station-single-village; polling-station-single-village
2010,內湖區,大湖里,大湖里,蘇貞昌,郝龍斌,1094,1782,38.038943,61.961057,-23.922114,data/raw/openfun/tw.gov.cec~txn~candidates-votes/2010/郝龍斌-village-votes-page-1.json;data/raw/openfun/tw.gov.cec~txn~candidates-votes/2010/蘇貞昌-village-votes-page-1.json,matched,polling-station-single-village; polling-station-single-village
2010,內湖區,五分里,五分里,蘇貞昌,郝龍斌,2390,2818,45.890937,54.109063,-8.218126,data/raw/openfun/tw.gov.cec~txn~candidates-votes/2010/郝龍斌-village-votes-page-2.json;data/raw/openfun/tw.gov.cec~txn~candidates-votes/2010/蘇貞昌-village-votes-page-2.json,matched,polling-station-single-village; polling-station-single-village
2010,內湖區,內湖里,內湖里,蘇貞昌,郝龍斌,1331,1992,40.054168,59.945832,-19.891664,data/raw/openfun/tw.gov.cec~txn~candidates-votes/2010/郝龍斌-village-votes-page-1.json;data/raw/openfun/tw.gov.cec~txn~candidates-votes/2010/蘇貞昌-village-votes-page-1.json,matched,polling-station-single-village; polling-station-single-village
2010,內湖區,內溝里,內溝里,蘇貞昌,郝龍斌,1136,1464,43.692308,56.307692,-12.615385,data/raw/openfun/tw.gov.cec~txn~candidates-votes/2010/郝龍斌-village-votes-page-2.json;data/raw/openfun/tw.gov.cec~txn~candidates-votes/2010/蘇貞昌-village-votes-page-2.json,matched,polling-station-single-village; polling-station-single-village
2010,內湖區,石潭里,石潭里,蘇貞昌,郝龍斌,607,704,46.300534,53.699466,-7.398932,data/raw/openfun/tw.gov.cec~txn~candidates-votes/2010/郝龍斌-village-votes-page-2.json;data/raw/openfun/tw.gov.cec~txn~candidates-votes/2010/蘇貞昌-village-votes-page-2.json,matched,polling-station-single-village; polling-station-single-village
2010,內湖區,安泰里,安泰里,蘇貞昌,郝龍斌,1221,1713,41.615542,58.384458,-16.768916,data/raw/openfun/tw.gov.cec~txn~candidates-votes/2010/郝龍斌-village-votes-page-2.json;data/raw/openfun/tw.gov.cec~txn~candidates-votes/2010/蘇貞昌-village-votes-page-2.json,matched,polling-station-single-village; polling-station-single-village
2010,內湖區,安湖里,安湖里,蘇貞昌,郝龍斌,1692,2465,40.702430,59.297570,-18.595141,data/raw/openfun/tw.gov.cec~txn~candidates-votes/2010/郝龍斌-village-votes-page-2.json;data/raw/openfun/tw.gov.cec~txn~candidates-votes/2010/蘇貞昌-village-votes-page-2.json,matched,polling-station-single-village; polling-station-single-village
2010,內湖區,行善里,行善里,蘇貞昌,郝龍斌,1774,1845,49.019066,50.980934,-1.961868,data/raw/openfun/tw.gov.cec~txn~candidates-votes/2010/郝龍斌-village-votes-page-2.json;data/raw/openfun/tw.gov.cec~txn~candidates-votes/2010/蘇貞昌-village-votes-page-2.json,matched,polling-station-single-village; polling-station-single-village
2010,內湖區,西安里,西安里,蘇貞昌,郝龍斌,1600,2176,42.372881,57.627119,-15.254237,data/raw/openfun/tw.gov.cec~txn~candidates-votes/2010/郝龍斌-village-votes-page-1.json;data/raw/openfun/tw.gov.cec~txn~candidates-votes/2010/蘇貞昌-village-votes-page-1.json,matched,polling-station-single-village; polling-station-single-village
2010,內湖區,西康里,西康里,蘇貞昌,郝龍斌,1858,3103,37.452127,62.547873,-25.095747,data/raw/openfun/tw.gov.cec~txn~candidates-votes/2010/郝龍斌-village-votes-page-1.json;data/raw/openfun/tw.gov.cec~txn~candidates-votes/2010/蘇貞昌-village-votes-page-1.json,matched,polling-station-single-village; polling-station-single-village
2010,內湖區,西湖里,西湖里,蘇貞昌,郝龍斌,2041,2396,45.999549,54.000451,-8.000902,data/raw/openfun/tw.gov.cec~txn~candidates-votes/2010/郝龍斌-village-votes-page-1.json;data/raw/openfun/tw.gov.cec~txn~candidates-votes/2010/蘇貞昌-village-votes-page-1.json,matched,polling-station-single-village; polling-station-single-village
2010,內湖區,秀湖里,秀湖里,蘇貞昌,郝龍斌,1267,2133,37.264706,62.735294,-25.470588,data/raw/openfun/tw.gov.cec~txn~candidates-votes/2010/郝龍斌-village-votes-page-2.json;data/raw/openfun/tw.gov.cec~txn~candidates-votes/2010/蘇貞昌-village-votes-page-2.json,matched,polling-station-single-village; polling-station-single-village
2010,內湖區,明湖里,明湖里,蘇貞昌,郝龍斌,1151,1544,42.708720,57.291280,-14.582560,data/raw/openfun/tw.gov.cec~txn~candidates-votes/2010/郝龍斌-village-votes-page-2.json;data/raw/openfun/tw.gov.cec~txn~candidates-votes/2010/蘇貞昌-village-votes-page-2.json,matched,polling-station-single-village; polling-station-single-village
2010,內湖區,東湖里,東湖里,蘇貞昌,郝龍斌,2022,2446,45.255148,54.744852,-9.489705,data/raw/openfun/tw.gov.cec~txn~candidates-votes/2010/郝龍斌-village-votes-page-2.json;data/raw/openfun/tw.gov.cec~txn~candidates-votes/2010/蘇貞昌-village-votes-page-2.json,matched,polling-station-single-village; polling-station-single-village
2010,內湖區,金湖里,金湖里,蘇貞昌,郝龍斌,1680,2973,36.105738,63.894262,-27.788524,data/raw/openfun/tw.gov.cec~txn~candidates-votes/2010/郝龍斌-village-votes-page-2.json;data/raw/openfun/tw.gov.cec~txn~candidates-votes/2010/蘇貞昌-village-votes-page-2.json,matched,polling-station-single-village; polling-station-single-village
2010,內湖區,金瑞里,金瑞里,蘇貞昌,郝龍斌,1635,2248,42.106619,57.893381,-15.786763,data/raw/openfun/tw.gov.cec~txn~candidates-votes/2010/郝龍斌-village-votes-page-1.json;data/raw/openfun/tw.gov.cec~txn~candidates-votes/2010/蘇貞昌-village-votes-page-1.json,matched,polling-station-single-village; polling-station-single-village
2010,內湖區,金龍里,金龍里,蘇貞昌,郝龍斌,1349,1836,42.354788,57.645212,-15.290424,data/raw/openfun/tw.gov.cec~txn~candidates-votes/2010/郝龍斌-village-votes-page-1.json;data/raw/openfun/tw.gov.cec~txn~candidates-votes/2010/蘇貞昌-village-votes-page-1.json,matched,polling-station-single-village; polling-station-single-village
2010,內湖區,南湖里,南湖里,蘇貞昌,郝龍斌,842,1689,33.267483,66.732517,-33.465034,data/raw/openfun/tw.gov.cec~txn~candidates-votes/2010/郝龍斌-village-votes-page-2.json;data/raw/openfun/tw.gov.cec~txn~candidates-votes/2010/蘇貞昌-village-votes-page-2.json,matched,polling-station-single-village; polling-station-single-village
2010,內湖區,康寧里,康寧里,蘇貞昌,郝龍斌,1723,2873,37.489121,62.510879,-25.021758,data/raw/openfun/tw.gov.cec~txn~candidates-votes/2010/郝龍斌-village-votes-page-2.json;data/raw/openfun/tw.gov.cec~txn~candidates-votes/2010/蘇貞昌-village-votes-page-2.json,matched,polling-station-single-village; polling-station-single-village
2010,內湖區,清白里,清白里,蘇貞昌,郝龍斌,1600,2809,36.289408,63.710592,-27.421184,data/raw/openfun/tw.gov.cec~txn~candidates-votes/2010/郝龍斌-village-votes-page-1.json;data/raw/openfun/tw.gov.cec~txn~candidates-votes/2010/郝龍斌-village-votes-page-2.json;data/raw/openfun/tw.gov.cec~txn~candidates-votes/2010/蘇貞昌-village-votes-page-1.json;data/raw/openfun/tw.gov.cec~txn~candidates-votes/2010/蘇貞昌-village-votes-page-2.json,matched,polling-station-single-village; polling-station-single-village
2010,內湖區,港都里,港都里,蘇貞昌,郝龍斌,1420,1664,46.044099,53.955901,-7.911803,data/raw/openfun/tw.gov.cec~txn~candidates-votes/2010/郝龍斌-village-votes-page-1.json;data/raw/openfun/tw.gov.cec~txn~candidates-votes/2010/蘇貞昌-village-votes-page-1.json,matched,polling-station-single-village; polling-station-single-village
2010,內湖區,港富里,港富里,蘇貞昌,郝龍斌,2470,2872,46.237364,53.762636,-7.525271,data/raw/openfun/tw.gov.cec~txn~candidates-votes/2010/郝龍斌-village-votes-page-1.json;data/raw/openfun/tw.gov.cec~txn~candidates-votes/2010/蘇貞昌-village-votes-page-1.json,matched,polling-station-single-village; polling-station-single-village
2010,內湖區,港華里,港華里,蘇貞昌,郝龍斌,2158,2798,43.543180,56.456820,-12.913640,data/raw/openfun/tw.gov.cec~txn~candidates-votes/2010/郝龍斌-village-votes-page-1.json;data/raw/openfun/tw.gov.cec~txn~candidates-votes/2010/蘇貞昌-village-votes-page-1.json,matched,polling-station-single-village; polling-station-single-village
2010,內湖區,港墘里,港墘里,蘇貞昌,郝龍斌,1531,1912,44.467035,55.532965,-11.065931,data/raw/openfun/tw.gov.cec~txn~candidates-votes/2010/郝龍斌-village-votes-page-1.json;data/raw/openfun/tw.gov.cec~txn~candidates-votes/2010/蘇貞昌-village-votes-page-1.json,matched,polling-station-single-village; polling-station-single-village
2010,內湖區,湖元里,湖元里,蘇貞昌,郝龍斌,1416,1728,45.038168,54.961832,-9.923664,data/raw/openfun/tw.gov.cec~txn~candidates-votes/2010/郝龍斌-village-votes-page-2.json;data/raw/openfun/tw.gov.cec~txn~candidates-votes/2010/蘇貞昌-village-votes-page-2.json,matched,polling-station-single-village; polling-station-single-village
2010,內湖區,湖興里,湖興里,蘇貞昌,郝龍斌,1752,2148,44.923077,55.076923,-10.153846,data/raw/openfun/tw.gov.cec~txn~candidates-votes/2010/郝龍斌-village-votes-page-2.json;data/raw/openfun/tw.gov.cec~txn~candidates-votes/2010/蘇貞昌-village-votes-page-2.json,matched,polling-station-single-village; polling-station-single-village
2010,內湖區,湖濱里,湖濱里,蘇貞昌,郝龍斌,1642,2869,36.399911,63.600089,-27.200177,data/raw/openfun/tw.gov.cec~txn~candidates-votes/2010/郝龍斌-village-votes-page-1.json;data/raw/openfun/tw.gov.cec~txn~candidates-votes/2010/蘇貞昌-village-votes-page-1.json,matched,polling-station-single-village; polling-station-single-village
2010,內湖區,紫星里,紫星里,蘇貞昌,郝龍斌,2084,2632,44.189992,55.810008,-11.620017,data/raw/openfun/tw.gov.cec~txn~candidates-votes/2010/郝龍斌-village-votes-page-1.json;data/raw/openfun/tw.gov.cec~txn~candidates-votes/2010/蘇貞昌-village-votes-page-1.json,matched,polling-station-single-village; polling-station-single-village
2010,內湖區,紫陽里,紫陽里,蘇貞昌,郝龍斌,1833,2523,42.079890,57.920110,-15.840220,data/raw/openfun/tw.gov.cec~txn~candidates-votes/2010/郝龍斌-village-votes-page-2.json;data/raw/openfun/tw.gov.cec~txn~candidates-votes/2010/蘇貞昌-village-votes-page-2.json,matched,polling-station-single-village; polling-station-single-village
2010,內湖區,紫雲里,紫雲里,蘇貞昌,郝龍斌,1065,2219,32.429963,67.570037,-35.140073,data/raw/openfun/tw.gov.cec~txn~candidates-votes/2010/郝龍斌-village-votes-page-1.json;data/raw/openfun/tw.gov.cec~txn~candidates-votes/2010/蘇貞昌-village-votes-page-1.json,matched,polling-station-single-village; polling-station-single-village
2010,內湖區,週美里,週美里,蘇貞昌,郝龍斌,1731,1448,54.451085,45.548915,8.902170,data/raw/openfun/tw.gov.cec~txn~candidates-votes/2010/郝龍斌-village-votes-page-2.json;data/raw/openfun/tw.gov.cec~txn~candidates-votes/2010/蘇貞昌-village-votes-page-2.json,matched,polling-station-single-village; polling-station-single-village
2010,內湖區,瑞光里,瑞光里,蘇貞昌,郝龍斌,859,1921,30.899281,69.100719,-38.201439,data/raw/openfun/tw.gov.cec~txn~candidates-votes/2010/郝龍斌-village-votes-page-2.json;data/raw/openfun/tw.gov.cec~txn~candidates-votes/2010/蘇貞昌-village-votes-page-2.json,matched,polling-station-single-village; polling-station-single-village
2010,內湖區,瑞陽里,瑞陽里,蘇貞昌,郝龍斌,1373,3194,30.063499,69.936501,-39.873002,data/raw/openfun/tw.gov.cec~txn~candidates-votes/2010/郝龍斌-village-votes-page-2.json;data/raw/openfun/tw.gov.cec~txn~candidates-votes/2010/蘇貞昌-village-votes-page-2.json,matched,polling-station-single-village; polling-station-single-village
2010,內湖區,葫洲里,葫洲里,蘇貞昌,郝龍斌,1231,2311,34.754376,65.245624,-30.491248,data/raw/openfun/tw.gov.cec~txn~candidates-votes/2010/郝龍斌-village-votes-page-2.json;data/raw/openfun/tw.gov.cec~txn~candidates-votes/2010/蘇貞昌-village-votes-page-2.json,matched,polling-station-single-village; polling-station-single-village
2010,內湖區,碧山里,碧山里,蘇貞昌,郝龍斌,1654,2246,42.410256,57.589744,-15.179487,data/raw/openfun/tw.gov.cec~txn~candidates-votes/2010/郝龍斌-village-votes-page-1.json;data/raw/openfun/tw.gov.cec~txn~candidates-votes/2010/蘇貞昌-village-votes-page-1.json,matched,polling-station-single-village; polling-station-single-village
2010,內湖區,樂康里,樂康里,蘇貞昌,郝龍斌,2073,2536,44.977218,55.022782,-10.045563,data/raw/openfun/tw.gov.cec~txn~candidates-votes/2010/郝龍斌-village-votes-page-2.json;data/raw/openfun/tw.gov.cec~txn~candidates-votes/2010/蘇貞昌-village-votes-page-2.json,matched,polling-station-single-village; polling-station-single-village
2010,內湖區,麗山里,麗山里,蘇貞昌,郝龍斌,1483,1602,48.071313,51.928687,-3.857374,data/raw/openfun/tw.gov.cec~txn~candidates-votes/2010/郝龍斌-village-votes-page-2.json;data/raw/openfun/tw.gov.cec~txn~candidates-votes/2010/蘇貞昌-village-votes-page-2.json,matched,polling-station-single-village; polling-station-single-village
2010,內湖區,寶湖里,寶湖里,蘇貞昌,郝龍斌,1307,2110,38.249927,61.750073,-23.500146,data/raw/openfun/tw.gov.cec~txn~candidates-votes/2010/郝龍斌-village-votes-page-2.json;data/raw/openfun/tw.gov.cec~txn~candidates-votes/2010/蘇貞昌-village-votes-page-2.json,matched,polling-station-single-village; polling-station-single-village
2010,內湖區,蘆洲里,蘆洲里,蘇貞昌,郝龍斌,432,307,58.457375,41.542625,16.914750,data/raw/openfun/tw.gov.cec~txn~candidates-votes/2010/郝龍斌-village-votes-page-2.json;data/raw/openfun/tw.gov.cec~txn~candidates-votes/2010/蘇貞昌-village-votes-page-2.json,matched,polling-station-single-village; polling-station-single-village
2010,文山區,木柵里,木柵里,蘇貞昌,郝龍斌,1470,3393,30.228254,69.771746,-39.543492,data/raw/openfun/tw.gov.cec~txn~candidates-votes/2010/郝龍斌-village-votes-page-7.json;data/raw/openfun/tw.gov.cec~txn~candidates-votes/2010/蘇貞昌-village-votes-page-7.json,matched,polling-station-single-village; polling-station-single-village
2010,文山區,木新里,木新里,蘇貞昌,郝龍斌,1971,2881,40.622424,59.377576,-18.755153,data/raw/openfun/tw.gov.cec~txn~candidates-votes/2010/郝龍斌-village-votes-page-7.json;data/raw/openfun/tw.gov.cec~txn~candidates-votes/2010/蘇貞昌-village-votes-page-7.json,matched,polling-station-single-village; polling-station-single-village
2010,文山區,老泉里,老泉里,蘇貞昌,郝龍斌,333,195,63.068182,36.931818,26.136364,data/raw/openfun/tw.gov.cec~txn~candidates-votes/2010/郝龍斌-village-votes-page-7.json;data/raw/openfun/tw.gov.cec~txn~candidates-votes/2010/蘇貞昌-village-votes-page-7.json,matched,polling-station-single-village; polling-station-single-village
2010,文山區,忠順里,忠順里,蘇貞昌,郝龍斌,600,1618,27.051398,72.948602,-45.897205,data/raw/openfun/tw.gov.cec~txn~candidates-votes/2010/郝龍斌-village-votes-page-7.json;data/raw/openfun/tw.gov.cec~txn~candidates-votes/2010/蘇貞昌-village-votes-page-7.json,matched,polling-station-single-village; polling-station-single-village
2010,文山區,明義里,明義里,蘇貞昌,郝龍斌,770,1576,32.821824,67.178176,-34.356351,data/raw/openfun/tw.gov.cec~txn~candidates-votes/2010/郝龍斌-village-votes-page-7.json;data/raw/openfun/tw.gov.cec~txn~candidates-votes/2010/蘇貞昌-village-votes-page-7.json,matched,polling-station-single-village; polling-station-single-village
2010,文山區,明興里,明興里,蘇貞昌,郝龍斌,1267,2636,32.462209,67.537791,-35.075583,data/raw/openfun/tw.gov.cec~txn~candidates-votes/2010/郝龍斌-village-votes-page-7.json;data/raw/openfun/tw.gov.cec~txn~candidates-votes/2010/蘇貞昌-village-votes-page-7.json,matched,polling-station-single-village; polling-station-single-village
2010,文山區,指南里,指南里,蘇貞昌,郝龍斌,882,976,47.470398,52.529602,-5.059203,data/raw/openfun/tw.gov.cec~txn~candidates-votes/2010/郝龍斌-village-votes-page-7.json;data/raw/openfun/tw.gov.cec~txn~candidates-votes/2010/蘇貞昌-village-votes-page-7.json,matched,polling-station-single-village; polling-station-single-village
2010,文山區,政大里,政大里,蘇貞昌,郝龍斌,1060,2006,34.572733,65.427267,-30.854534,data/raw/openfun/tw.gov.cec~txn~candidates-votes/2010/郝龍斌-village-votes-page-7.json;data/raw/openfun/tw.gov.cec~txn~candidates-votes/2010/蘇貞昌-village-votes-page-7.json,matched,polling-station-single-village; polling-station-single-village
2010,文山區,博嘉里,博嘉里,蘇貞昌,郝龍斌,1174,1839,38.964487,61.035513,-22.071026,data/raw/openfun/tw.gov.cec~txn~candidates-votes/2010/郝龍斌-village-votes-page-7.json;data/raw/openfun/tw.gov.cec~txn~candidates-votes/2010/蘇貞昌-village-votes-page-7.json,matched,polling-station-single-village; polling-station-single-village
2010,文山區,景仁里,景仁里,蘇貞昌,郝龍斌,950,1698,35.876133,64.123867,-28.247734,data/raw/openfun/tw.gov.cec~txn~candidates-votes/2010/郝龍斌-village-votes-page-7.json;data/raw/openfun/tw.gov.cec~txn~candidates-votes/2010/蘇貞昌-village-votes-page-7.json,matched,polling-station-single-village; polling-station-single-village
2010,文山區,景行里,景行里,蘇貞昌,郝龍斌,1602,1926,45.408163,54.591837,-9.183673,data/raw/openfun/tw.gov.cec~txn~candidates-votes/2010/郝龍斌-village-votes-page-6.json;data/raw/openfun/tw.gov.cec~txn~candidates-votes/2010/郝龍斌-village-votes-page-7.json;data/raw/openfun/tw.gov.cec~txn~candidates-votes/2010/蘇貞昌-village-votes-page-6.json;data/raw/openfun/tw.gov.cec~txn~candidates-votes/2010/蘇貞昌-village-votes-page-7.json,matched,polling-station-single-village; polling-station-single-village
2010,文山區,景東里,景東里,蘇貞昌,郝龍斌,1181,2613,31.128097,68.871903,-37.743806,data/raw/openfun/tw.gov.cec~txn~candidates-votes/2010/郝龍斌-village-votes-page-7.json;data/raw/openfun/tw.gov.cec~txn~candidates-votes/2010/蘇貞昌-village-votes-page-7.json,matched,polling-station-single-village; polling-station-single-village
2010,文山區,景美里,景美里,蘇貞昌,郝龍斌,1106,1810,37.928669,62.071331,-24.142661,data/raw/openfun/tw.gov.cec~txn~candidates-votes/2010/郝龍斌-village-votes-page-7.json;data/raw/openfun/tw.gov.cec~txn~candidates-votes/2010/蘇貞昌-village-votes-page-7.json,matched,polling-station-single-village; polling-station-single-village
2010,文山區,景華里,景華里,蘇貞昌,郝龍斌,1218,2139,36.282395,63.717605,-27.435210,data/raw/openfun/tw.gov.cec~txn~candidates-votes/2010/郝龍斌-village-votes-page-7.json;data/raw/openfun/tw.gov.cec~txn~candidates-votes/2010/蘇貞昌-village-votes-page-7.json,matched,polling-station-single-village; polling-station-single-village
2010,文山區,景慶里,景慶里,蘇貞昌,郝龍斌,1448,2375,37.876014,62.123986,-24.247973,data/raw/openfun/tw.gov.cec~txn~candidates-votes/2010/郝龍斌-village-votes-page-7.json;data/raw/openfun/tw.gov.cec~txn~candidates-votes/2010/蘇貞昌-village-votes-page-7.json,matched,polling-station-single-village; polling-station-single-village
2010,文山區,華興里,華興里,蘇貞昌,郝龍斌,1511,3233,31.850759,68.149241,-36.298482,data/raw/openfun/tw.gov.cec~txn~candidates-votes/2010/郝龍斌-village-votes-page-7.json;data/raw/openfun/tw.gov.cec~txn~candidates-votes/2010/蘇貞昌-village-votes-page-7.json,matched,polling-station-single-village; polling-station-single-village
2010,文山區,順興里,順興里,蘇貞昌,郝龍斌,1601,2553,38.541165,61.458835,-22.917670,data/raw/openfun/tw.gov.cec~txn~candidates-votes/2010/郝龍斌-village-votes-page-7.json;data/raw/openfun/tw.gov.cec~txn~candidates-votes/2010/蘇貞昌-village-votes-page-7.json,matched,polling-station-single-village; polling-station-single-village
2010,文山區,萬年里,萬年里,蘇貞昌,郝龍斌,1213,1942,38.446910,61.553090,-23.106181,data/raw/openfun/tw.gov.cec~txn~candidates-votes/2010/郝龍斌-village-votes-page-7.json;data/raw/openfun/tw.gov.cec~txn~candidates-votes/2010/蘇貞昌-village-votes-page-7.json,matched,polling-station-single-village; polling-station-single-village
2010,文山區,萬有里,萬有里,蘇貞昌,郝龍斌,1046,1898,35.529891,64.470109,-28.940217,data/raw/openfun/tw.gov.cec~txn~candidates-votes/2010/郝龍斌-village-votes-page-7.json;data/raw/openfun/tw.gov.cec~txn~candidates-votes/2010/蘇貞昌-village-votes-page-7.json,matched,polling-station-single-village; polling-station-single-village
2010,文山區,萬和里,萬和里,蘇貞昌,郝龍斌,335,754,30.762167,69.237833,-38.475666,data/raw/openfun/tw.gov.cec~txn~candidates-votes/2010/郝龍斌-village-votes-page-7.json;data/raw/openfun/tw.gov.cec~txn~candidates-votes/2010/蘇貞昌-village-votes-page-7.json,matched,polling-station-single-village; polling-station-single-village
2010,文山區,萬芳里,萬芳里,蘇貞昌,郝龍斌,1370,3025,31.171786,68.828214,-37.656428,data/raw/openfun/tw.gov.cec~txn~candidates-votes/2010/郝龍斌-village-votes-page-7.json;data/raw/openfun/tw.gov.cec~txn~candidates-votes/2010/蘇貞昌-village-votes-page-7.json,matched,polling-station-single-village; polling-station-single-village
2010,文山區,萬美里,萬美里,蘇貞昌,郝龍斌,1216,2608,31.799163,68.200837,-36.401674,data/raw/openfun/tw.gov.cec~txn~candidates-votes/2010/郝龍斌-village-votes-page-7.json;data/raw/openfun/tw.gov.cec~txn~candidates-votes/2010/蘇貞昌-village-votes-page-7.json,matched,polling-station-single-village; polling-station-single-village
2010,文山區,萬盛里,萬盛里,蘇貞昌,郝龍斌,864,1766,32.851711,67.148289,-34.296578,data/raw/openfun/tw.gov.cec~txn~candidates-votes/2010/郝龍斌-village-votes-page-7.json;data/raw/openfun/tw.gov.cec~txn~candidates-votes/2010/蘇貞昌-village-votes-page-7.json,matched,polling-station-single-village; polling-station-single-village
2010,文山區,萬祥里,萬祥里,蘇貞昌,郝龍斌,1004,1659,37.701840,62.298160,-24.596320,data/raw/openfun/tw.gov.cec~txn~candidates-votes/2010/郝龍斌-village-votes-page-7.json;data/raw/openfun/tw.gov.cec~txn~candidates-votes/2010/蘇貞昌-village-votes-page-7.json,matched,polling-station-single-village; polling-station-single-village
2010,文山區,萬隆里,萬隆里,蘇貞昌,郝龍斌,1444,2777,34.209903,65.790097,-31.580194,data/raw/openfun/tw.gov.cec~txn~candidates-votes/2010/郝龍斌-village-votes-page-7.json;data/raw/openfun/tw.gov.cec~txn~candidates-votes/2010/蘇貞昌-village-votes-page-7.json,matched,polling-station-single-village; polling-station-single-village
2010,文山區,萬興里,萬興里,蘇貞昌,郝龍斌,1691,2726,38.283903,61.716097,-23.432194,data/raw/openfun/tw.gov.cec~txn~candidates-votes/2010/郝龍斌-village-votes-page-7.json;data/raw/openfun/tw.gov.cec~txn~candidates-votes/2010/蘇貞昌-village-votes-page-7.json,matched,polling-station-single-village; polling-station-single-village
2010,文山區,試院里,試院里,蘇貞昌,郝龍斌,1135,2849,28.488956,71.511044,-43.022088,data/raw/openfun/tw.gov.cec~txn~candidates-votes/2010/郝龍斌-village-votes-page-7.json;data/raw/openfun/tw.gov.cec~txn~candidates-votes/2010/蘇貞昌-village-votes-page-7.json,matched,polling-station-single-village; polling-station-single-village
2010,文山區,樟文里,樟文里,蘇貞昌,郝龍斌,1391,2246,38.245807,61.754193,-23.508386,data/raw/openfun/tw.gov.cec~txn~candidates-votes/2010/郝龍斌-village-votes-page-7.json;data/raw/openfun/tw.gov.cec~txn~candidates-votes/2010/蘇貞昌-village-votes-page-7.json,matched,polling-station-single-village; polling-station-single-village
2010,文山區,樟林里,樟林里,蘇貞昌,郝龍斌,1553,3237,32.421712,67.578288,-35.156576,data/raw/openfun/tw.gov.cec~txn~candidates-votes/2010/郝龍斌-village-votes-page-7.json;data/raw/openfun/tw.gov.cec~txn~candidates-votes/2010/蘇貞昌-village-votes-page-7.json,matched,polling-station-single-village; polling-station-single-village
2010,文山區,樟新里,樟新里,蘇貞昌,郝龍斌,1018,1967,34.103853,65.896147,-31.792295,data/raw/openfun/tw.gov.cec~txn~candidates-votes/2010/郝龍斌-village-votes-page-7.json;data/raw/openfun/tw.gov.cec~txn~candidates-votes/2010/蘇貞昌-village-votes-page-7.json,matched,polling-station-single-village; polling-station-single-village
2010,文山區,樟腳里,樟腳里,蘇貞昌,郝龍斌,1149,1891,37.796053,62.203947,-24.407895,data/raw/openfun/tw.gov.cec~txn~candidates-votes/2010/郝龍斌-village-votes-page-7.json;data/raw/openfun/tw.gov.cec~txn~candidates-votes/2010/蘇貞昌-village-votes-page-7.json,matched,polling-station-single-village; polling-station-single-village
2010,文山區,樟樹里,樟樹里,蘇貞昌,郝龍斌,1012,1684,37.537092,62.462908,-24.925816,data/raw/openfun/tw.gov.cec~txn~candidates-votes/2010/郝龍斌-village-votes-page-7.json;data/raw/openfun/tw.gov.cec~txn~candidates-votes/2010/蘇貞昌-village-votes-page-7.json,matched,polling-station-single-village; polling-station-single-village
2010,文山區,興光里,興光里,蘇貞昌,郝龍斌,650,1201,35.116153,64.883847,-29.767693,data/raw/openfun/tw.gov.cec~txn~candidates-votes/2010/郝龍斌-village-votes-page-7.json;data/raw/openfun/tw.gov.cec~txn~candidates-votes/2010/蘇貞昌-village-votes-page-7.json,matched,polling-station-single-village; polling-station-single-village
2010,文山區,興安里,興安里,蘇貞昌,郝龍斌,1143,2618,30.390853,69.609147,-39.218293,data/raw/openfun/tw.gov.cec~txn~candidates-votes/2010/郝龍斌-village-votes-page-7.json;data/raw/openfun/tw.gov.cec~txn~candidates-votes/2010/蘇貞昌-village-votes-page-7.json,matched,polling-station-single-village; polling-station-single-village
2010,文山區,興邦里,興邦里,蘇貞昌,郝龍斌,775,1819,29.876638,70.123362,-40.246723,data/raw/openfun/tw.gov.cec~txn~candidates-votes/2010/郝龍斌-village-votes-page-7.json;data/raw/openfun/tw.gov.cec~txn~candidates-votes/2010/蘇貞昌-village-votes-page-7.json,matched,polling-station-single-village; polling-station-single-village
2010,文山區,興旺里,興旺里,蘇貞昌,郝龍斌,1233,2980,29.266556,70.733444,-41.466888,data/raw/openfun/tw.gov.cec~txn~candidates-votes/2010/郝龍斌-village-votes-page-7.json;data/raw/openfun/tw.gov.cec~txn~candidates-votes/2010/蘇貞昌-village-votes-page-7.json,matched,polling-station-single-village; polling-station-single-village
2010,文山區,興昌里,興昌里,蘇貞昌,郝龍斌,1130,2540,30.790191,69.209809,-38.419619,data/raw/openfun/tw.gov.cec~txn~candidates-votes/2010/郝龍斌-village-votes-page-7.json;data/raw/openfun/tw.gov.cec~txn~candidates-votes/2010/蘇貞昌-village-votes-page-7.json,matched,polling-station-single-village; polling-station-single-village
2010,文山區,興家里,興家里,蘇貞昌,郝龍斌,1386,2900,32.337844,67.662156,-35.324312,data/raw/openfun/tw.gov.cec~txn~candidates-votes/2010/郝龍斌-village-votes-page-7.json;data/raw/openfun/tw.gov.cec~txn~candidates-votes/2010/蘇貞昌-village-votes-page-7.json,matched,polling-station-single-village; polling-station-single-village
2010,文山區,興泰里,興泰里,蘇貞昌,郝龍斌,729,1476,33.061224,66.938776,-33.877551,data/raw/openfun/tw.gov.cec~txn~candidates-votes/2010/郝龍斌-village-votes-page-7.json;data/raw/openfun/tw.gov.cec~txn~candidates-votes/2010/蘇貞昌-village-votes-page-7.json,matched,polling-station-single-village; polling-station-single-village
2010,文山區,興得里,興得里,蘇貞昌,郝龍斌,1092,2252,32.655502,67.344498,-34.688995,data/raw/openfun/tw.gov.cec~txn~candidates-votes/2010/郝龍斌-village-votes-page-7.json;data/raw/openfun/tw.gov.cec~txn~candidates-votes/2010/蘇貞昌-village-votes-page-7.json,matched,polling-station-single-village; polling-station-single-village
2010,文山區,興業里,興業里,蘇貞昌,郝龍斌,874,2251,27.968000,72.032000,-44.064000,data/raw/openfun/tw.gov.cec~txn~candidates-votes/2010/郝龍斌-village-votes-page-7.json;data/raw/openfun/tw.gov.cec~txn~candidates-votes/2010/蘇貞昌-village-votes-page-7.json,matched,polling-station-single-village; polling-station-single-village
2010,文山區,興福里,興福里,蘇貞昌,郝龍斌,1251,2211,36.135182,63.864818,-27.729636,data/raw/openfun/tw.gov.cec~txn~candidates-votes/2010/郝龍斌-village-votes-page-7.json;data/raw/openfun/tw.gov.cec~txn~candidates-votes/2010/蘇貞昌-village-votes-page-7.json,matched,polling-station-single-village; polling-station-single-village
2010,文山區,興豐里,興豐里,蘇貞昌,郝龍斌,924,1824,33.624454,66.375546,-32.751092,data/raw/openfun/tw.gov.cec~txn~candidates-votes/2010/郝龍斌-village-votes-page-7.json;data/raw/openfun/tw.gov.cec~txn~candidates-votes/2010/蘇貞昌-village-votes-page-7.json,matched,polling-station-single-village; polling-station-single-village
2010,北投區,一德里,一德里,蘇貞昌,郝龍斌,2162,1677,56.316749,43.683251,12.633498,data/raw/openfun/tw.gov.cec~txn~candidates-votes/2010/郝龍斌-village-votes-page-8.json;data/raw/openfun/tw.gov.cec~txn~candidates-votes/2010/蘇貞昌-village-votes-page-8.json,matched,polling-station-single-village; polling-station-single-village
2010,北投區,八仙里,八仙里,蘇貞昌,郝龍斌,1644,1507,52.173913,47.826087,4.347826,data/raw/openfun/tw.gov.cec~txn~candidates-votes/2010/郝龍斌-village-votes-page-8.json;data/raw/openfun/tw.gov.cec~txn~candidates-votes/2010/蘇貞昌-village-votes-page-8.json,matched,polling-station-single-village; polling-station-single-village
2010,北投區,大屯里,大屯里,蘇貞昌,郝龍斌,533,230,69.855832,30.144168,39.711664,data/raw/openfun/tw.gov.cec~txn~candidates-votes/2010/郝龍斌-village-votes-page-8.json;data/raw/openfun/tw.gov.cec~txn~candidates-votes/2010/蘇貞昌-village-votes-page-8.json,matched,polling-station-single-village; polling-station-single-village
2010,北投區,大同里,大同里,蘇貞昌,郝龍斌,1928,1587,54.850640,45.149360,9.701280,data/raw/openfun/tw.gov.cec~txn~candidates-votes/2010/郝龍斌-village-votes-page-8.json;data/raw/openfun/tw.gov.cec~txn~candidates-votes/2010/蘇貞昌-village-votes-page-8.json,matched,polling-station-single-village; polling-station-single-village
2010,北投區,中心里,中心里,蘇貞昌,郝龍斌,1562,1775,46.808511,53.191489,-6.382979,data/raw/openfun/tw.gov.cec~txn~candidates-votes/2010/郝龍斌-village-votes-page-8.json;data/raw/openfun/tw.gov.cec~txn~candidates-votes/2010/蘇貞昌-village-votes-page-8.json,matched,polling-station-single-village; polling-station-single-village
2010,北投區,中央里,中央里,蘇貞昌,郝龍斌,2722,2187,55.449175,44.550825,10.898350,data/raw/openfun/tw.gov.cec~txn~candidates-votes/2010/郝龍斌-village-votes-page-8.json;data/raw/openfun/tw.gov.cec~txn~candidates-votes/2010/蘇貞昌-village-votes-page-8.json,matched,polling-station-single-village; polling-station-single-village
2010,北投區,中和里,中和里,蘇貞昌,郝龍斌,1281,1608,44.340602,55.659398,-11.318795,data/raw/openfun/tw.gov.cec~txn~candidates-votes/2010/郝龍斌-village-votes-page-8.json;data/raw/openfun/tw.gov.cec~txn~candidates-votes/2010/蘇貞昌-village-votes-page-8.json,matched,polling-station-single-village; polling-station-single-village
2010,北投區,中庸里,中庸里,蘇貞昌,郝龍斌,1389,1214,53.361506,46.638494,6.723012,data/raw/openfun/tw.gov.cec~txn~candidates-votes/2010/郝龍斌-village-votes-page-8.json;data/raw/openfun/tw.gov.cec~txn~candidates-votes/2010/蘇貞昌-village-votes-page-8.json,matched,polling-station-single-village; polling-station-single-village
2010,北投區,文化里,文化里,蘇貞昌,郝龍斌,732,1831,28.560281,71.439719,-42.879438,data/raw/openfun/tw.gov.cec~txn~candidates-votes/2010/郝龍斌-village-votes-page-8.json;data/raw/openfun/tw.gov.cec~txn~candidates-votes/2010/蘇貞昌-village-votes-page-8.json,matched,polling-station-single-village; polling-station-single-village
2010,北投區,文林里,文林里,蘇貞昌,郝龍斌,1379,1220,53.058869,46.941131,6.117738,data/raw/openfun/tw.gov.cec~txn~candidates-votes/2010/郝龍斌-village-votes-page-7.json;data/raw/openfun/tw.gov.cec~txn~candidates-votes/2010/蘇貞昌-village-votes-page-7.json,matched,polling-station-single-village; polling-station-single-village
2010,北投區,永和里,永和里,蘇貞昌,郝龍斌,2300,2552,47.403133,52.596867,-5.193735,data/raw/openfun/tw.gov.cec~txn~candidates-votes/2010/郝龍斌-village-votes-page-7.json;data/raw/openfun/tw.gov.cec~txn~candidates-votes/2010/蘇貞昌-village-votes-page-7.json,matched,polling-station-single-village; polling-station-single-village
2010,北投區,永明里,永明里,蘇貞昌,郝龍斌,1277,1581,44.681596,55.318404,-10.636809,data/raw/openfun/tw.gov.cec~txn~candidates-votes/2010/郝龍斌-village-votes-page-7.json;data/raw/openfun/tw.gov.cec~txn~candidates-votes/2010/蘇貞昌-village-votes-page-7.json,matched,polling-station-single-village; polling-station-single-village
2010,北投區,永欣里,永欣里,蘇貞昌,郝龍斌,1623,2528,39.099012,60.900988,-21.801975,data/raw/openfun/tw.gov.cec~txn~candidates-votes/2010/郝龍斌-village-votes-page-7.json;data/raw/openfun/tw.gov.cec~txn~candidates-votes/2010/蘇貞昌-village-votes-page-7.json,matched,polling-station-single-village; polling-station-single-village
2010,北投區,石牌里,石牌里,蘇貞昌,郝龍斌,1700,1510,52.959502,47.040498,5.919003,data/raw/openfun/tw.gov.cec~txn~candidates-votes/2010/郝龍斌-village-votes-page-7.json;data/raw/openfun/tw.gov.cec~txn~candidates-votes/2010/蘇貞昌-village-votes-page-7.json,matched,polling-station-single-village; polling-station-single-village
2010,北投區,立農里,立農里,蘇貞昌,郝龍斌,2649,2579,50.669472,49.330528,1.338944,data/raw/openfun/tw.gov.cec~txn~candidates-votes/2010/郝龍斌-village-votes-page-7.json;data/raw/openfun/tw.gov.cec~txn~candidates-votes/2010/郝龍斌-village-votes-page-8.json;data/raw/openfun/tw.gov.cec~txn~candidates-votes/2010/蘇貞昌-village-votes-page-7.json;data/raw/openfun/tw.gov.cec~txn~candidates-votes/2010/蘇貞昌-village-votes-page-8.json,matched,polling-station-single-village; polling-station-single-village
2010,北投區,立賢里,立賢里,蘇貞昌,郝龍斌,1635,1556,51.237856,48.762144,2.475713,data/raw/openfun/tw.gov.cec~txn~candidates-votes/2010/郝龍斌-village-votes-page-7.json;data/raw/openfun/tw.gov.cec~txn~candidates-votes/2010/蘇貞昌-village-votes-page-7.json,matched,polling-station-single-village; polling-station-single-village
2010,北投區,吉利里,吉利里,蘇貞昌,郝龍斌,1651,2276,42.042271,57.957729,-15.915457,data/raw/openfun/tw.gov.cec~txn~candidates-votes/2010/郝龍斌-village-votes-page-7.json;data/raw/openfun/tw.gov.cec~txn~candidates-votes/2010/蘇貞昌-village-votes-page-7.json,matched,polling-station-single-village; polling-station-single-village
2010,北投區,吉慶里,吉慶里,蘇貞昌,郝龍斌,1584,1490,51.528953,48.471047,3.057905,data/raw/openfun/tw.gov.cec~txn~candidates-votes/2010/郝龍斌-village-votes-page-7.json;data/raw/openfun/tw.gov.cec~txn~candidates-votes/2010/蘇貞昌-village-votes-page-7.json,matched,polling-station-single-village; polling-station-single-village
2010,北投區,秀山里,秀山里,蘇貞昌,郝龍斌,959,1114,46.261457,53.738543,-7.477086,data/raw/openfun/tw.gov.cec~txn~candidates-votes/2010/郝龍斌-village-votes-page-8.json;data/raw/openfun/tw.gov.cec~txn~candidates-votes/2010/蘇貞昌-village-votes-page-8.json,matched,polling-station-single-village; polling-station-single-village
2010,北投區,奇岩里,奇岩里,蘇貞昌,郝龍斌,2765,2846,49.278204,50.721796,-1.443593,data/raw/openfun/tw.gov.cec~txn~candidates-votes/2010/郝龍斌-village-votes-page-8.json;data/raw/openfun/tw.gov.cec~txn~candidates-votes/2010/蘇貞昌-village-votes-page-8.json,matched,polling-station-single-village; polling-station-single-village
2010,北投區,東華里,東華里,蘇貞昌,郝龍斌,1173,1651,41.536827,58.463173,-16.926346,data/raw/openfun/tw.gov.cec~txn~candidates-votes/2010/郝龍斌-village-votes-page-7.json;data/raw/openfun/tw.gov.cec~txn~candidates-votes/2010/蘇貞昌-village-votes-page-7.json,matched,polling-station-single-village; polling-station-single-village
2010,北投區,林泉里,林泉里,蘇貞昌,郝龍斌,613,1127,35.229885,64.770115,-29.540230,data/raw/openfun/tw.gov.cec~txn~candidates-votes/2010/郝龍斌-village-votes-page-8.json;data/raw/openfun/tw.gov.cec~txn~candidates-votes/2010/蘇貞昌-village-votes-page-8.json,matched,polling-station-single-village; polling-station-single-village
2010,北投區,長安里,長安里,蘇貞昌,郝龍斌,1629,1614,50.231267,49.768733,0.462535,data/raw/openfun/tw.gov.cec~txn~candidates-votes/2010/郝龍斌-village-votes-page-8.json;data/raw/openfun/tw.gov.cec~txn~candidates-votes/2010/蘇貞昌-village-votes-page-8.json,matched,polling-station-single-village; polling-station-single-village
2010,北投區,建民里,建民里,蘇貞昌,郝龍斌,1371,970,58.564716,41.435284,17.129432,data/raw/openfun/tw.gov.cec~txn~candidates-votes/2010/郝龍斌-village-votes-page-7.json;data/raw/openfun/tw.gov.cec~txn~candidates-votes/2010/蘇貞昌-village-votes-page-7.json,matched,polling-station-single-village; polling-station-single-village
2010,北投區,泉源里,泉源里,蘇貞昌,郝龍斌,814,584,58.226037,41.773963,16.452074,data/raw/openfun/tw.gov.cec~txn~candidates-votes/2010/郝龍斌-village-votes-page-8.json;data/raw/openfun/tw.gov.cec~txn~candidates-votes/2010/蘇貞昌-village-votes-page-8.json,matched,polling-station-single-village; polling-station-single-village
2010,北投區,洲美里,洲美里,蘇貞昌,郝龍斌,947,456,67.498218,32.501782,34.996436,data/raw/openfun/tw.gov.cec~txn~candidates-votes/2010/郝龍斌-village-votes-page-8.json;data/raw/openfun/tw.gov.cec~txn~candidates-votes/2010/蘇貞昌-village-votes-page-8.json,matched,polling-station-single-village; polling-station-single-village
2010,北投區,振華里,振華里,蘇貞昌,郝龍斌,1916,2494,43.446712,56.553288,-13.106576,data/raw/openfun/tw.gov.cec~txn~candidates-votes/2010/郝龍斌-village-votes-page-7.json;data/raw/openfun/tw.gov.cec~txn~candidates-votes/2010/蘇貞昌-village-votes-page-7.json,matched,polling-station-single-village; polling-station-single-village
2010,北投區,桃源里,桃源里,蘇貞昌,郝龍斌,1778,1506,54.141291,45.858709,8.282582,data/raw/openfun/tw.gov.cec~txn~candidates-votes/2010/郝龍斌-village-votes-page-8.json;data/raw/openfun/tw.gov.cec~txn~candidates-votes/2010/蘇貞昌-village-votes-page-8.json,matched,polling-station-single-village; polling-station-single-village
2010,北投區,清江里,清江里,蘇貞昌,郝龍斌,2666,2320,53.469715,46.530285,6.939430,data/raw/openfun/tw.gov.cec~txn~candidates-votes/2010/郝龍斌-village-votes-page-8.json;data/raw/openfun/tw.gov.cec~txn~candidates-votes/2010/蘇貞昌-village-votes-page-8.json,matched,polling-station-single-village; polling-station-single-village
2010,北投區,尊賢里,尊賢里,蘇貞昌,郝龍斌,1457,1252,53.783684,46.216316,7.567368,data/raw/openfun/tw.gov.cec~txn~candidates-votes/2010/郝龍斌-village-votes-page-7.json;data/raw/openfun/tw.gov.cec~txn~candidates-votes/2010/蘇貞昌-village-votes-page-7.json,matched,polling-station-single-village; polling-station-single-village
2010,北投區,智仁里,智仁里,蘇貞昌,郝龍斌,1550,1976,43.959161,56.040839,-12.081679,data/raw/openfun/tw.gov.cec~txn~candidates-votes/2010/郝龍斌-village-votes-page-8.json;data/raw/openfun/tw.gov.cec~txn~candidates-votes/2010/蘇貞昌-village-votes-page-8.json,matched,polling-station-single-village; polling-station-single-village
2010,北投區,湖山里,湖山里,蘇貞昌,郝龍斌,634,593,51.670742,48.329258,3.341483,data/raw/openfun/tw.gov.cec~txn~candidates-votes/2010/郝龍斌-village-votes-page-8.json;data/raw/openfun/tw.gov.cec~txn~candidates-votes/2010/蘇貞昌-village-votes-page-8.json,matched,polling-station-single-village; polling-station-single-village
2010,北投區,湖田里,湖田里,蘇貞昌,郝龍斌,418,357,53.935484,46.064516,7.870968,data/raw/openfun/tw.gov.cec~txn~candidates-votes/2010/郝龍斌-village-votes-page-8.json;data/raw/openfun/tw.gov.cec~txn~candidates-votes/2010/蘇貞昌-village-votes-page-8.json,matched,polling-station-single-village; polling-station-single-village
2010,北投區,開明里,開明里,蘇貞昌,郝龍斌,1646,2064,44.366577,55.633423,-11.266846,data/raw/openfun/tw.gov.cec~txn~candidates-votes/2010/郝龍斌-village-votes-page-8.json;data/raw/openfun/tw.gov.cec~txn~candidates-votes/2010/蘇貞昌-village-votes-page-8.json,matched,polling-station-single-village; polling-station-single-village
2010,北投區,溫泉里,溫泉里,蘇貞昌,郝龍斌,1905,1845,50.800000,49.200000,1.600000,data/raw/openfun/tw.gov.cec~txn~candidates-votes/2010/郝龍斌-village-votes-page-8.json;data/raw/openfun/tw.gov.cec~txn~candidates-votes/2010/蘇貞昌-village-votes-page-8.json,matched,polling-station-single-village; polling-station-single-village
2010,北投區,裕民里,裕民里,蘇貞昌,郝龍斌,2029,2334,46.504699,53.495301,-6.990603,data/raw/openfun/tw.gov.cec~txn~candidates-votes/2010/郝龍斌-village-votes-page-7.json;data/raw/openfun/tw.gov.cec~txn~candidates-votes/2010/蘇貞昌-village-votes-page-7.json,matched,polling-station-single-village; polling-station-single-village
2010,北投區,榮光里,榮光里,蘇貞昌,郝龍斌,1887,2132,46.951978,53.048022,-6.096044,data/raw/openfun/tw.gov.cec~txn~candidates-votes/2010/郝龍斌-village-votes-page-7.json;data/raw/openfun/tw.gov.cec~txn~candidates-votes/2010/蘇貞昌-village-votes-page-7.json,matched,polling-station-single-village; polling-station-single-village
2010,北投區,榮華里,榮華里,蘇貞昌,郝龍斌,1932,2403,44.567474,55.432526,-10.865052,data/raw/openfun/tw.gov.cec~txn~candidates-votes/2010/郝龍斌-village-votes-page-7.json;data/raw/openfun/tw.gov.cec~txn~candidates-votes/2010/蘇貞昌-village-votes-page-7.json,matched,polling-station-single-village; polling-station-single-village
2010,北投區,福興里,福興里,蘇貞昌,郝龍斌,1994,2013,49.762915,50.237085,-0.474170,data/raw/openfun/tw.gov.cec~txn~candidates-votes/2010/郝龍斌-village-votes-page-7.json;data/raw/openfun/tw.gov.cec~txn~candidates-votes/2010/蘇貞昌-village-votes-page-7.json,matched,polling-station-single-village; polling-station-single-village
2010,北投區,稻香里,稻香里,蘇貞昌,郝龍斌,1329,1567,45.890884,54.109116,-8.218232,data/raw/openfun/tw.gov.cec~txn~candidates-votes/2010/郝龍斌-village-votes-page-8.json;data/raw/openfun/tw.gov.cec~txn~candidates-votes/2010/蘇貞昌-village-votes-page-8.json,matched,polling-station-single-village; polling-station-single-village
2010,北投區,豐年里,豐年里,蘇貞昌,郝龍斌,1289,1377,48.349587,51.650413,-3.300825,data/raw/openfun/tw.gov.cec~txn~candidates-votes/2010/郝龍斌-village-votes-page-8.json;data/raw/openfun/tw.gov.cec~txn~candidates-votes/2010/蘇貞昌-village-votes-page-8.json,matched,polling-station-single-village; polling-station-single-village
2010,北投區,關渡里,關渡里,蘇貞昌,郝龍斌,3211,3162,50.384434,49.615566,0.768869,data/raw/openfun/tw.gov.cec~txn~candidates-votes/2010/郝龍斌-village-votes-page-8.json;data/raw/openfun/tw.gov.cec~txn~candidates-votes/2010/蘇貞昌-village-votes-page-8.json,matched,polling-station-single-village; polling-station-single-village
2010,松山區,三民里,三民里,蘇貞昌,郝龍斌,1481,2315,39.014752,60.985248,-21.970495,data/raw/openfun/tw.gov.cec~txn~candidates-votes/2010/郝龍斌-village-votes-page-2.json;data/raw/openfun/tw.gov.cec~txn~candidates-votes/2010/蘇貞昌-village-votes-page-2.json,matched,polling-station-single-village; polling-station-single-village
2010,松山區,中正里,中正里,蘇貞昌,郝龍斌,2260,2671,45.832488,54.167512,-8.335023,data/raw/openfun/tw.gov.cec~txn~candidates-votes/2010/郝龍斌-village-votes-page-3.json;data/raw/openfun/tw.gov.cec~txn~candidates-votes/2010/蘇貞昌-village-votes-page-3.json,matched,polling-station-single-village; polling-station-single-village
2010,松山區,中崙里,中崙里,蘇貞昌,郝龍斌,945,1254,42.974079,57.025921,-14.051842,data/raw/openfun/tw.gov.cec~txn~candidates-votes/2010/郝龍斌-village-votes-page-3.json;data/raw/openfun/tw.gov.cec~txn~candidates-votes/2010/蘇貞昌-village-votes-page-3.json,matched,polling-station-single-village; polling-station-single-village
2010,松山區,中華里,中華里,蘇貞昌,郝龍斌,1332,2131,38.463760,61.536240,-23.072481,data/raw/openfun/tw.gov.cec~txn~candidates-votes/2010/郝龍斌-village-votes-page-3.json;data/raw/openfun/tw.gov.cec~txn~candidates-votes/2010/蘇貞昌-village-votes-page-3.json,matched,polling-station-single-village; polling-station-single-village
2010,松山區,介壽里,介壽里,蘇貞昌,郝龍斌,1179,1433,45.137825,54.862175,-9.724349,data/raw/openfun/tw.gov.cec~txn~candidates-votes/2010/郝龍斌-village-votes-page-2.json;data/raw/openfun/tw.gov.cec~txn~candidates-votes/2010/蘇貞昌-village-votes-page-2.json,matched,polling-station-single-village; polling-station-single-village
2010,松山區,民有里,民有里,蘇貞昌,郝龍斌,2243,2596,46.352552,53.647448,-7.294896,data/raw/openfun/tw.gov.cec~txn~candidates-votes/2010/郝龍斌-village-votes-page-3.json;data/raw/openfun/tw.gov.cec~txn~candidates-votes/2010/蘇貞昌-village-votes-page-3.json,matched,polling-station-single-village; polling-station-single-village
2010,松山區,民福里,民福里,蘇貞昌,郝龍斌,1340,2419,35.647779,64.352221,-28.704443,data/raw/openfun/tw.gov.cec~txn~candidates-votes/2010/郝龍斌-village-votes-page-3.json;data/raw/openfun/tw.gov.cec~txn~candidates-votes/2010/蘇貞昌-village-votes-page-3.json,matched,polling-station-single-village; polling-station-single-village
2010,松山區,吉仁里,吉仁里,蘇貞昌,郝龍斌,936,1323,41.434263,58.565737,-17.131474,data/raw/openfun/tw.gov.cec~txn~candidates-votes/2010/郝龍斌-village-votes-page-3.json;data/raw/openfun/tw.gov.cec~txn~candidates-votes/2010/蘇貞昌-village-votes-page-3.json,matched,polling-station-single-village; polling-station-single-village
2010,松山區,吉祥里,吉祥里,蘇貞昌,郝龍斌,1936,2747,41.341021,58.658979,-17.317959,data/raw/openfun/tw.gov.cec~txn~candidates-votes/2010/郝龍斌-village-votes-page-3.json;data/raw/openfun/tw.gov.cec~txn~candidates-votes/2010/蘇貞昌-village-votes-page-3.json,matched,polling-station-single-village; polling-station-single-village
2010,松山區,安平里,安平里,蘇貞昌,郝龍斌,2427,2424,50.030921,49.969079,0.061843,data/raw/openfun/tw.gov.cec~txn~candidates-votes/2010/郝龍斌-village-votes-page-3.json;data/raw/openfun/tw.gov.cec~txn~candidates-votes/2010/蘇貞昌-village-votes-page-3.json,matched,polling-station-single-village; polling-station-single-village
2010,松山區,自強里,自強里,蘇貞昌,郝龍斌,957,4643,17.089286,82.910714,-65.821429,data/raw/openfun/tw.gov.cec~txn~candidates-votes/2010/郝龍斌-village-votes-page-3.json;data/raw/openfun/tw.gov.cec~txn~candidates-votes/2010/蘇貞昌-village-votes-page-3.json,matched,polling-station-single-village; polling-station-single-village
2010,松山區,東光里,東光里,蘇貞昌,郝龍斌,1568,2510,38.450221,61.549779,-23.099559,data/raw/openfun/tw.gov.cec~txn~candidates-votes/2010/郝龍斌-village-votes-page-2.json;data/raw/openfun/tw.gov.cec~txn~candidates-votes/2010/蘇貞昌-village-votes-page-2.json,matched,polling-station-single-village; polling-station-single-village
2010,松山區,東昌里,東昌里,蘇貞昌,郝龍斌,700,843,45.366170,54.633830,-9.267660,data/raw/openfun/tw.gov.cec~txn~candidates-votes/2010/郝龍斌-village-votes-page-2.json;data/raw/openfun/tw.gov.cec~txn~candidates-votes/2010/蘇貞昌-village-votes-page-2.json,matched,polling-station-single-village; polling-station-single-village
2010,松山區,東勢里,東勢里,蘇貞昌,郝龍斌,1124,1404,44.462025,55.537975,-11.075949,data/raw/openfun/tw.gov.cec~txn~candidates-votes/2010/郝龍斌-village-votes-page-2.json;data/raw/openfun/tw.gov.cec~txn~candidates-votes/2010/郝龍斌-village-votes-page-3.json;data/raw/openfun/tw.gov.cec~txn~candidates-votes/2010/蘇貞昌-village-votes-page-2.json;data/raw/openfun/tw.gov.cec~txn~candidates-votes/2010/蘇貞昌-village-votes-page-3.json,matched,polling-station-single-village; polling-station-single-village
2010,松山區,東榮里,東榮里,蘇貞昌,郝龍斌,1938,2674,42.020815,57.979185,-15.958369,data/raw/openfun/tw.gov.cec~txn~candidates-votes/2010/郝龍斌-village-votes-page-2.json;data/raw/openfun/tw.gov.cec~txn~candidates-votes/2010/蘇貞昌-village-votes-page-2.json,matched,polling-station-single-village; polling-station-single-village
2010,松山區,松基里,松基里,蘇貞昌,郝龍斌,1079,1213,47.076789,52.923211,-5.846422,data/raw/openfun/tw.gov.cec~txn~candidates-votes/2010/郝龍斌-village-votes-page-3.json;data/raw/openfun/tw.gov.cec~txn~candidates-votes/2010/蘇貞昌-village-votes-page-3.json,matched,polling-station-single-village; polling-station-single-village
2010,松山區,美仁里,美仁里,蘇貞昌,郝龍斌,892,991,47.371216,52.628784,-5.257568,data/raw/openfun/tw.gov.cec~txn~candidates-votes/2010/郝龍斌-village-votes-page-3.json;data/raw/openfun/tw.gov.cec~txn~candidates-votes/2010/蘇貞昌-village-votes-page-3.json,matched,polling-station-single-village; polling-station-single-village
2010,松山區,莊敬里,莊敬里,蘇貞昌,郝龍斌,1329,1930,40.779380,59.220620,-18.441240,data/raw/openfun/tw.gov.cec~txn~candidates-votes/2010/郝龍斌-village-votes-page-2.json;data/raw/openfun/tw.gov.cec~txn~candidates-votes/2010/蘇貞昌-village-votes-page-2.json,matched,polling-station-single-village; polling-station-single-village
2010,松山區,富泰里,富泰里,蘇貞昌,郝龍斌,839,1697,33.083596,66.916404,-33.832808,data/raw/openfun/tw.gov.cec~txn~candidates-votes/2010/郝龍斌-village-votes-page-2.json;data/raw/openfun/tw.gov.cec~txn~candidates-votes/2010/蘇貞昌-village-votes-page-2.json,matched,polling-station-single-village; polling-station-single-village
2010,松山區,富錦里,富錦里,蘇貞昌,郝龍斌,1155,1744,39.841325,60.158675,-20.317351,data/raw/openfun/tw.gov.cec~txn~candidates-votes/2010/郝龍斌-village-votes-page-2.json;data/raw/openfun/tw.gov.cec~txn~candidates-votes/2010/蘇貞昌-village-votes-page-2.json,matched,polling-station-single-village; polling-station-single-village
2010,松山區,復建里,復建里,蘇貞昌,郝龍斌,917,1445,38.823031,61.176969,-22.353937,data/raw/openfun/tw.gov.cec~txn~candidates-votes/2010/郝龍斌-village-votes-page-3.json;data/raw/openfun/tw.gov.cec~txn~candidates-votes/2010/蘇貞昌-village-votes-page-3.json,matched,polling-station-single-village; polling-station-single-village
2010,松山區,復盛里,復盛里,蘇貞昌,郝龍斌,1563,2310,40.356313,59.643687,-19.287374,data/raw/openfun/tw.gov.cec~txn~candidates-votes/2010/郝龍斌-village-votes-page-3.json;data/raw/openfun/tw.gov.cec~txn~candidates-votes/2010/蘇貞昌-village-votes-page-3.json,matched,polling-station-single-village; polling-station-single-village
2010,松山區,復勢里,復勢里,蘇貞昌,郝龍斌,1653,1850,47.188124,52.811876,-5.623751,data/raw/openfun/tw.gov.cec~txn~candidates-votes/2010/郝龍斌-village-votes-page-3.json;data/raw/openfun/tw.gov.cec~txn~candidates-votes/2010/蘇貞昌-village-votes-page-3.json,matched,polling-station-single-village; polling-station-single-village
2010,松山區,復源里,復源里,蘇貞昌,郝龍斌,747,1083,40.819672,59.180328,-18.360656,data/raw/openfun/tw.gov.cec~txn~candidates-votes/2010/郝龍斌-village-votes-page-3.json;data/raw/openfun/tw.gov.cec~txn~candidates-votes/2010/蘇貞昌-village-votes-page-3.json,matched,polling-station-single-village; polling-station-single-village
2010,松山區,敦化里,敦化里,蘇貞昌,郝龍斌,1892,2123,47.123288,52.876712,-5.753425,data/raw/openfun/tw.gov.cec~txn~candidates-votes/2010/郝龍斌-village-votes-page-3.json;data/raw/openfun/tw.gov.cec~txn~candidates-votes/2010/蘇貞昌-village-votes-page-3.json,matched,polling-station-single-village; polling-station-single-village
2010,松山區,新東里,新東里,蘇貞昌,郝龍斌,1180,1588,42.630058,57.369942,-14.739884,data/raw/openfun/tw.gov.cec~txn~candidates-votes/2010/郝龍斌-village-votes-page-2.json;data/raw/openfun/tw.gov.cec~txn~candidates-votes/2010/蘇貞昌-village-votes-page-2.json,matched,polling-station-single-village; polling-station-single-village
2010,松山區,新益里,新益里,蘇貞昌,郝龍斌,1260,1457,46.374678,53.625322,-7.250644,data/raw/openfun/tw.gov.cec~txn~candidates-votes/2010/郝龍斌-village-votes-page-2.json;data/raw/openfun/tw.gov.cec~txn~candidates-votes/2010/蘇貞昌-village-votes-page-2.json,matched,polling-station-single-village; polling-station-single-village
2010,松山區,新聚里,新聚里,蘇貞昌,郝龍斌,2086,2400,46.500223,53.499777,-6.999554,data/raw/openfun/tw.gov.cec~txn~candidates-votes/2010/郝龍斌-village-votes-page-3.json;data/raw/openfun/tw.gov.cec~txn~candidates-votes/2010/蘇貞昌-village-votes-page-3.json,matched,polling-station-single-village; polling-station-single-village
2010,松山區,慈祐里,慈祐里,蘇貞昌,郝龍斌,1922,1691,53.196789,46.803211,6.393579,data/raw/openfun/tw.gov.cec~txn~candidates-votes/2010/郝龍斌-village-votes-page-3.json;data/raw/openfun/tw.gov.cec~txn~candidates-votes/2010/蘇貞昌-village-votes-page-3.json,matched,polling-station-single-village; polling-station-single-village
2010,松山區,福成里,福成里,蘇貞昌,郝龍斌,665,806,45.207342,54.792658,-9.585316,data/raw/openfun/tw.gov.cec~txn~candidates-votes/2010/郝龍斌-village-votes-page-3.json;data/raw/openfun/tw.gov.cec~txn~candidates-votes/2010/蘇貞昌-village-votes-page-3.json,matched,polling-station-single-village; polling-station-single-village
2010,松山區,精忠里,精忠里,蘇貞昌,郝龍斌,928,1480,38.538206,61.461794,-22.923588,data/raw/openfun/tw.gov.cec~txn~candidates-votes/2010/郝龍斌-village-votes-page-2.json;data/raw/openfun/tw.gov.cec~txn~candidates-votes/2010/蘇貞昌-village-votes-page-2.json,matched,polling-station-single-village; polling-station-single-village
2010,松山區,龍田里,龍田里,蘇貞昌,郝龍斌,1491,4100,26.667859,73.332141,-46.664282,data/raw/openfun/tw.gov.cec~txn~candidates-votes/2010/郝龍斌-village-votes-page-2.json;data/raw/openfun/tw.gov.cec~txn~candidates-votes/2010/蘇貞昌-village-votes-page-2.json,matched,polling-station-single-village; polling-station-single-village
2010,松山區,鵬程里,鵬程里,蘇貞昌,郝龍斌,1028,2260,31.265207,68.734793,-37.469586,data/raw/openfun/tw.gov.cec~txn~candidates-votes/2010/郝龍斌-village-votes-page-3.json;data/raw/openfun/tw.gov.cec~txn~candidates-votes/2010/蘇貞昌-village-votes-page-3.json,matched,polling-station-single-village; polling-station-single-village
2010,信義區,三張里,三張里,蘇貞昌,郝龍斌,1886,3345,36.054292,63.945708,-27.891417,data/raw/openfun/tw.gov.cec~txn~candidates-votes/2010/郝龍斌-village-votes-page-3.json;data/raw/openfun/tw.gov.cec~txn~candidates-votes/2010/蘇貞昌-village-votes-page-3.json,matched,polling-station-single-village; polling-station-single-village
2010,信義區,三犁里,三犁里,蘇貞昌,郝龍斌,1064,1820,36.893204,63.106796,-26.213592,data/raw/openfun/tw.gov.cec~txn~candidates-votes/2010/郝龍斌-village-votes-page-3.json;data/raw/openfun/tw.gov.cec~txn~candidates-votes/2010/蘇貞昌-village-votes-page-3.json,matched,polling-station-single-village; polling-station-single-village
2010,信義區,大仁里,大仁里,蘇貞昌,郝龍斌,1235,1463,45.774648,54.225352,-8.450704,data/raw/openfun/tw.gov.cec~txn~candidates-votes/2010/郝龍斌-village-votes-page-3.json;data/raw/openfun/tw.gov.cec~txn~candidates-votes/2010/蘇貞昌-village-votes-page-3.json,matched,polling-station-single-village; polling-station-single-village
2010,信義區,大道里,大道里,蘇貞昌,郝龍斌,1708,2028,45.717345,54.282655,-8.565310,data/raw/openfun/tw.gov.cec~txn~candidates-votes/2010/郝龍斌-village-votes-page-3.json;data/raw/openfun/tw.gov.cec~txn~candidates-votes/2010/蘇貞昌-village-votes-page-3.json,matched,polling-station-single-village; polling-station-single-village
2010,信義區,中行里,中行里,蘇貞昌,郝龍斌,2200,2422,47.598442,52.401558,-4.803116,data/raw/openfun/tw.gov.cec~txn~candidates-votes/2010/郝龍斌-village-votes-page-3.json;data/raw/openfun/tw.gov.cec~txn~candidates-votes/2010/蘇貞昌-village-votes-page-3.json,matched,polling-station-single-village; polling-station-single-village
2010,信義區,中坡里,中坡里,蘇貞昌,郝龍斌,1215,1544,44.037695,55.962305,-11.924610,data/raw/openfun/tw.gov.cec~txn~candidates-votes/2010/郝龍斌-village-votes-page-3.json;data/raw/openfun/tw.gov.cec~txn~candidates-votes/2010/蘇貞昌-village-votes-page-3.json,matched,polling-station-single-village; polling-station-single-village
2010,信義區,中興里,中興里,蘇貞昌,郝龍斌,658,1073,38.012709,61.987291,-23.974581,data/raw/openfun/tw.gov.cec~txn~candidates-votes/2010/郝龍斌-village-votes-page-3.json;data/raw/openfun/tw.gov.cec~txn~candidates-votes/2010/蘇貞昌-village-votes-page-3.json,matched,polling-station-single-village; polling-station-single-village
2010,信義區,五全里,五全里,蘇貞昌,郝龍斌,1530,1559,49.530592,50.469408,-0.938815,data/raw/openfun/tw.gov.cec~txn~candidates-votes/2010/郝龍斌-village-votes-page-3.json;data/raw/openfun/tw.gov.cec~txn~candidates-votes/2010/蘇貞昌-village-votes-page-3.json,matched,polling-station-single-village; polling-station-single-village
2010,信義區,五常里,五常里,蘇貞昌,郝龍斌,947,1210,43.903570,56.096430,-12.192860,data/raw/openfun/tw.gov.cec~txn~candidates-votes/2010/郝龍斌-village-votes-page-3.json;data/raw/openfun/tw.gov.cec~txn~candidates-votes/2010/蘇貞昌-village-votes-page-3.json,matched,polling-station-single-village; polling-station-single-village
2010,信義區,六合里,六合里,蘇貞昌,郝龍斌,1150,2641,30.335004,69.664996,-39.329992,data/raw/openfun/tw.gov.cec~txn~candidates-votes/2010/郝龍斌-village-votes-page-3.json;data/raw/openfun/tw.gov.cec~txn~candidates-votes/2010/蘇貞昌-village-votes-page-3.json,matched,polling-station-single-village; polling-station-single-village
2010,信義區,六藝里,六藝里,蘇貞昌,郝龍斌,1085,1145,48.654709,51.345291,-2.690583,data/raw/openfun/tw.gov.cec~txn~candidates-votes/2010/郝龍斌-village-votes-page-3.json;data/raw/openfun/tw.gov.cec~txn~candidates-votes/2010/蘇貞昌-village-votes-page-3.json,matched,polling-station-single-village; polling-station-single-village
2010,信義區,四育里,四育里,蘇貞昌,郝龍斌,1671,1728,49.161518,50.838482,-1.676964,data/raw/openfun/tw.gov.cec~txn~candidates-votes/2010/郝龍斌-village-votes-page-3.json;data/raw/openfun/tw.gov.cec~txn~candidates-votes/2010/蘇貞昌-village-votes-page-3.json,matched,polling-station-single-village; polling-station-single-village
2010,信義區,四維里,四維里,蘇貞昌,郝龍斌,1210,1925,38.596491,61.403509,-22.807018,data/raw/openfun/tw.gov.cec~txn~candidates-votes/2010/郝龍斌-village-votes-page-3.json;data/raw/openfun/tw.gov.cec~txn~candidates-votes/2010/蘇貞昌-village-votes-page-3.json,matched,polling-station-single-village; polling-station-single-village
2010,信義區,正和里,正和里,蘇貞昌,郝龍斌,857,1833,31.858736,68.141264,-36.282528,data/raw/openfun/tw.gov.cec~txn~candidates-votes/2010/郝龍斌-village-votes-page-3.json;data/raw/openfun/tw.gov.cec~txn~candidates-votes/2010/蘇貞昌-village-votes-page-3.json,matched,polling-station-single-village; polling-station-single-village
2010,信義區,永吉里,永吉里,蘇貞昌,郝龍斌,1439,1000,58.999590,41.000410,17.999180,data/raw/openfun/tw.gov.cec~txn~candidates-votes/2010/郝龍斌-village-votes-page-3.json;data/raw/openfun/tw.gov.cec~txn~candidates-votes/2010/蘇貞昌-village-votes-page-3.json,matched,polling-station-single-village; polling-station-single-village
2010,信義區,永春里,永春里,蘇貞昌,郝龍斌,1433,1580,47.560571,52.439429,-4.878858,data/raw/openfun/tw.gov.cec~txn~candidates-votes/2010/郝龍斌-village-votes-page-3.json;data/raw/openfun/tw.gov.cec~txn~candidates-votes/2010/蘇貞昌-village-votes-page-3.json,matched,polling-station-single-village; polling-station-single-village
2010,信義區,安康里,安康里,蘇貞昌,郝龍斌,2024,3185,38.855826,61.144174,-22.288347,data/raw/openfun/tw.gov.cec~txn~candidates-votes/2010/郝龍斌-village-votes-page-3.json;data/raw/openfun/tw.gov.cec~txn~candidates-votes/2010/蘇貞昌-village-votes-page-3.json,matched,polling-station-single-village; polling-station-single-village
2010,信義區,西村里,西村里,蘇貞昌,郝龍斌,619,2162,22.258181,77.741819,-55.483639,data/raw/openfun/tw.gov.cec~txn~candidates-votes/2010/郝龍斌-village-votes-page-3.json;data/raw/openfun/tw.gov.cec~txn~candidates-votes/2010/蘇貞昌-village-votes-page-3.json,matched,polling-station-single-village; polling-station-single-village
2010,信義區,松友里,松友里,蘇貞昌,郝龍斌,1473,2279,39.259062,60.740938,-21.481876,data/raw/openfun/tw.gov.cec~txn~candidates-votes/2010/郝龍斌-village-votes-page-3.json;data/raw/openfun/tw.gov.cec~txn~candidates-votes/2010/蘇貞昌-village-votes-page-3.json,matched,polling-station-single-village; polling-station-single-village
2010,信義區,松光里,松光里,蘇貞昌,郝龍斌,1405,1668,45.720794,54.279206,-8.558412,data/raw/openfun/tw.gov.cec~txn~candidates-votes/2010/郝龍斌-village-votes-page-3.json;data/raw/openfun/tw.gov.cec~txn~candidates-votes/2010/蘇貞昌-village-votes-page-3.json,matched,polling-station-single-village; polling-station-single-village
2010,信義區,松隆里,松隆里,蘇貞昌,郝龍斌,574,727,44.119908,55.880092,-11.760184,data/raw/openfun/tw.gov.cec~txn~candidates-votes/2010/郝龍斌-village-votes-page-3.json;data/raw/openfun/tw.gov.cec~txn~candidates-votes/2010/蘇貞昌-village-votes-page-3.json,matched,polling-station-single-village; polling-station-single-village
2010,信義區,長春里,長春里,蘇貞昌,郝龍斌,1211,1221,49.794408,50.205592,-0.411184,data/raw/openfun/tw.gov.cec~txn~candidates-votes/2010/郝龍斌-village-votes-page-3.json;data/raw/openfun/tw.gov.cec~txn~candidates-votes/2010/蘇貞昌-village-votes-page-3.json,matched,polling-station-single-village; polling-station-single-village
2010,信義區,泰和里,泰和里,蘇貞昌,郝龍斌,1754,2777,38.711101,61.288899,-22.577797,data/raw/openfun/tw.gov.cec~txn~candidates-votes/2010/郝龍斌-village-votes-page-3.json;data/raw/openfun/tw.gov.cec~txn~candidates-votes/2010/蘇貞昌-village-votes-page-3.json,matched,polling-station-single-village; polling-station-single-village
2010,信義區,國業里,國業里,蘇貞昌,郝龍斌,1677,2576,39.430990,60.569010,-21.138020,data/raw/openfun/tw.gov.cec~txn~candidates-votes/2010/郝龍斌-village-votes-page-3.json;data/raw/openfun/tw.gov.cec~txn~candidates-votes/2010/蘇貞昌-village-votes-page-3.json,matched,polling-station-single-village; polling-station-single-village
2010,信義區,富台里,富台里,蘇貞昌,郝龍斌,725,1731,29.519544,70.480456,-40.960912,data/raw/openfun/tw.gov.cec~txn~candidates-votes/2010/郝龍斌-village-votes-page-3.json;data/raw/openfun/tw.gov.cec~txn~candidates-votes/2010/蘇貞昌-village-votes-page-3.json,matched,polling-station-single-village; polling-station-single-village
2010,信義區,惠安里,惠安里,蘇貞昌,郝龍斌,1320,2521,34.366051,65.633949,-31.267899,data/raw/openfun/tw.gov.cec~txn~candidates-votes/2010/郝龍斌-village-votes-page-3.json;data/raw/openfun/tw.gov.cec~txn~candidates-votes/2010/蘇貞昌-village-votes-page-3.json,matched,polling-station-single-village; polling-station-single-village
2010,信義區,敦厚里,敦厚里,蘇貞昌,郝龍斌,1123,1638,40.673669,59.326331,-18.652662,data/raw/openfun/tw.gov.cec~txn~candidates-votes/2010/郝龍斌-village-votes-page-3.json;data/raw/openfun/tw.gov.cec~txn~candidates-votes/2010/蘇貞昌-village-votes-page-3.json,matched,polling-station-single-village; polling-station-single-village
2010,信義區,景勤里,景勤里,蘇貞昌,郝龍斌,933,1580,37.126940,62.873060,-25.746120,data/raw/openfun/tw.gov.cec~txn~candidates-votes/2010/郝龍斌-village-votes-page-3.json;data/raw/openfun/tw.gov.cec~txn~candidates-votes/2010/蘇貞昌-village-votes-page-3.json,matched,polling-station-single-village; polling-station-single-village
2010,信義區,景新里,景新里,蘇貞昌,郝龍斌,970,1816,34.816942,65.183058,-30.366116,data/raw/openfun/tw.gov.cec~txn~candidates-votes/2010/郝龍斌-village-votes-page-3.json;data/raw/openfun/tw.gov.cec~txn~candidates-votes/2010/蘇貞昌-village-votes-page-3.json,matched,polling-station-single-village; polling-station-single-village
2010,信義區,景聯里,景聯里,蘇貞昌,郝龍斌,1074,1639,39.587173,60.412827,-20.825654,data/raw/openfun/tw.gov.cec~txn~candidates-votes/2010/郝龍斌-village-votes-page-3.json;data/raw/openfun/tw.gov.cec~txn~candidates-votes/2010/蘇貞昌-village-votes-page-3.json,matched,polling-station-single-village; polling-station-single-village
2010,信義區,雅祥里,雅祥里,蘇貞昌,郝龍斌,1359,1465,48.123229,51.876771,-3.753541,data/raw/openfun/tw.gov.cec~txn~candidates-votes/2010/郝龍斌-village-votes-page-3.json;data/raw/openfun/tw.gov.cec~txn~candidates-votes/2010/蘇貞昌-village-votes-page-3.json,matched,polling-station-single-village; polling-station-single-village
2010,信義區,新仁里,新仁里,蘇貞昌,郝龍斌,620,1311,32.107716,67.892284,-35.784568,data/raw/openfun/tw.gov.cec~txn~candidates-votes/2010/郝龍斌-village-votes-page-3.json;data/raw/openfun/tw.gov.cec~txn~candidates-votes/2010/蘇貞昌-village-votes-page-3.json,matched,polling-station-single-village; polling-station-single-village
2010,信義區,嘉興里,嘉興里,蘇貞昌,郝龍斌,881,1130,43.809050,56.190950,-12.381900,data/raw/openfun/tw.gov.cec~txn~candidates-votes/2010/郝龍斌-village-votes-page-3.json;data/raw/openfun/tw.gov.cec~txn~candidates-votes/2010/蘇貞昌-village-votes-page-3.json,matched,polling-station-single-village; polling-station-single-village
2010,信義區,廣居里,廣居里,蘇貞昌,郝龍斌,1674,2774,37.634892,62.365108,-24.730216,data/raw/openfun/tw.gov.cec~txn~candidates-votes/2010/郝龍斌-village-votes-page-3.json;data/raw/openfun/tw.gov.cec~txn~candidates-votes/2010/蘇貞昌-village-votes-page-3.json,matched,polling-station-single-village; polling-station-single-village
2010,信義區,黎平里,黎平里,蘇貞昌,郝龍斌,1569,2551,38.082524,61.917476,-23.834951,data/raw/openfun/tw.gov.cec~txn~candidates-votes/2010/郝龍斌-village-votes-page-3.json;data/raw/openfun/tw.gov.cec~txn~candidates-votes/2010/郝龍斌-village-votes-page-4.json;data/raw/openfun/tw.gov.cec~txn~candidates-votes/2010/蘇貞昌-village-votes-page-3.json;data/raw/openfun/tw.gov.cec~txn~candidates-votes/2010/蘇貞昌-village-votes-page-4.json,matched,polling-station-single-village; polling-station-single-village
2010,信義區,黎安里,黎安里,蘇貞昌,郝龍斌,366,1032,26.180258,73.819742,-47.639485,data/raw/openfun/tw.gov.cec~txn~candidates-votes/2010/郝龍斌-village-votes-page-4.json;data/raw/openfun/tw.gov.cec~txn~candidates-votes/2010/蘇貞昌-village-votes-page-4.json,matched,polling-station-single-village; polling-station-single-village
2010,信義區,黎忠里,黎忠里,蘇貞昌,郝龍斌,1149,1697,40.372453,59.627547,-19.255095,data/raw/openfun/tw.gov.cec~txn~candidates-votes/2010/郝龍斌-village-votes-page-4.json;data/raw/openfun/tw.gov.cec~txn~candidates-votes/2010/蘇貞昌-village-votes-page-4.json,matched,polling-station-single-village; polling-station-single-village
2010,信義區,黎順里,黎順里,蘇貞昌,郝龍斌,865,1344,39.157990,60.842010,-21.684020,data/raw/openfun/tw.gov.cec~txn~candidates-votes/2010/郝龍斌-village-votes-page-3.json;data/raw/openfun/tw.gov.cec~txn~candidates-votes/2010/蘇貞昌-village-votes-page-3.json,matched,polling-station-single-village; polling-station-single-village
2010,信義區,興隆里,興隆里,蘇貞昌,郝龍斌,589,1043,36.090686,63.909314,-27.818627,data/raw/openfun/tw.gov.cec~txn~candidates-votes/2010/郝龍斌-village-votes-page-3.json;data/raw/openfun/tw.gov.cec~txn~candidates-votes/2010/蘇貞昌-village-votes-page-3.json,matched,polling-station-single-village; polling-station-single-village
2010,信義區,興雅里,興雅里,蘇貞昌,郝龍斌,1383,1934,41.694302,58.305698,-16.611396,data/raw/openfun/tw.gov.cec~txn~candidates-votes/2010/郝龍斌-village-votes-page-3.json;data/raw/openfun/tw.gov.cec~txn~candidates-votes/2010/蘇貞昌-village-votes-page-3.json,matched,polling-station-single-village; polling-station-single-village
2010,信義區,雙和里,雙和里,蘇貞昌,郝龍斌,1547,2677,36.624053,63.375947,-26.751894,data/raw/openfun/tw.gov.cec~txn~candidates-votes/2010/郝龍斌-village-votes-page-3.json;data/raw/openfun/tw.gov.cec~txn~candidates-votes/2010/蘇貞昌-village-votes-page-3.json,matched,polling-station-single-village; polling-station-single-village
2010,南港區,九如里,九如里,蘇貞昌,郝龍斌,1380,2260,37.912088,62.087912,-24.175824,data/raw/openfun/tw.gov.cec~txn~candidates-votes/2010/郝龍斌-village-votes-page-2.json;data/raw/openfun/tw.gov.cec~txn~candidates-votes/2010/蘇貞昌-village-votes-page-2.json,matched,polling-station-single-village; polling-station-single-village
2010,南港區,三重里,三重里,蘇貞昌,郝龍斌,1108,1222,47.553648,52.446352,-4.892704,data/raw/openfun/tw.gov.cec~txn~candidates-votes/2010/郝龍斌-village-votes-page-2.json;data/raw/openfun/tw.gov.cec~txn~candidates-votes/2010/蘇貞昌-village-votes-page-2.json,matched,polling-station-single-village; polling-station-single-village
2010,南港區,中南里,中南里,蘇貞昌,郝龍斌,1139,1063,51.725704,48.274296,3.451408,data/raw/openfun/tw.gov.cec~txn~candidates-votes/2010/郝龍斌-village-votes-page-2.json;data/raw/openfun/tw.gov.cec~txn~candidates-votes/2010/蘇貞昌-village-votes-page-2.json,matched,polling-station-single-village; polling-station-single-village
2010,南港區,中研里,中研里,蘇貞昌,郝龍斌,2255,2925,43.532819,56.467181,-12.934363,data/raw/openfun/tw.gov.cec~txn~candidates-votes/2010/郝龍斌-village-votes-page-2.json;data/raw/openfun/tw.gov.cec~txn~candidates-votes/2010/蘇貞昌-village-votes-page-2.json,matched,polling-station-single-village; polling-station-single-village
2010,南港區,仁福里,仁福里,蘇貞昌,郝龍斌,1111,2029,35.382166,64.617834,-29.235669,data/raw/openfun/tw.gov.cec~txn~candidates-votes/2010/郝龍斌-village-votes-page-2.json;data/raw/openfun/tw.gov.cec~txn~candidates-votes/2010/蘇貞昌-village-votes-page-2.json,matched,polling-station-single-village; polling-station-single-village
2010,南港區,玉成里,玉成里,蘇貞昌,郝龍斌,1443,1394,50.863588,49.136412,1.727177,data/raw/openfun/tw.gov.cec~txn~candidates-votes/2010/郝龍斌-village-votes-page-2.json;data/raw/openfun/tw.gov.cec~txn~candidates-votes/2010/蘇貞昌-village-votes-page-2.json,matched,polling-station-single-village; polling-station-single-village
2010,南港區,合成里,合成里,蘇貞昌,郝龍斌,1912,2162,46.931762,53.068238,-6.136475,data/raw/openfun/tw.gov.cec~txn~candidates-votes/2010/郝龍斌-village-votes-page-2.json;data/raw/openfun/tw.gov.cec~txn~candidates-votes/2010/蘇貞昌-village-votes-page-2.json,matched,polling-station-single-village; polling-station-single-village
2010,南港區,成福里,成福里,蘇貞昌,郝龍斌,1514,2198,40.786638,59.213362,-18.426724,data/raw/openfun/tw.gov.cec~txn~candidates-votes/2010/郝龍斌-village-votes-page-2.json;data/raw/openfun/tw.gov.cec~txn~candidates-votes/2010/蘇貞昌-village-votes-page-2.json,matched,polling-station-single-village; polling-station-single-village
2010,南港區,百福里,百福里,蘇貞昌,郝龍斌,1374,1536,47.216495,52.783505,-5.567010,data/raw/openfun/tw.gov.cec~txn~candidates-votes/2010/郝龍斌-village-votes-page-2.json;data/raw/openfun/tw.gov.cec~txn~candidates-votes/2010/蘇貞昌-village-votes-page-2.json,matched,polling-station-single-village; polling-station-single-village
2010,南港區,西新里,西新里,蘇貞昌,郝龍斌,1571,1259,55.512367,44.487633,11.024735,data/raw/openfun/tw.gov.cec~txn~candidates-votes/2010/郝龍斌-village-votes-page-2.json;data/raw/openfun/tw.gov.cec~txn~candidates-votes/2010/蘇貞昌-village-votes-page-2.json,matched,polling-station-single-village; polling-station-single-village
2010,南港區,東明里,東明里,蘇貞昌,郝龍斌,1203,1718,41.184526,58.815474,-17.630948,data/raw/openfun/tw.gov.cec~txn~candidates-votes/2010/郝龍斌-village-votes-page-2.json;data/raw/openfun/tw.gov.cec~txn~candidates-votes/2010/蘇貞昌-village-votes-page-2.json,matched,polling-station-single-village; polling-station-single-village
2010,南港區,東新里,東新里,蘇貞昌,郝龍斌,1846,2140,46.312092,53.687908,-7.375815,data/raw/openfun/tw.gov.cec~txn~candidates-votes/2010/郝龍斌-village-votes-page-2.json;data/raw/openfun/tw.gov.cec~txn~candidates-votes/2010/蘇貞昌-village-votes-page-2.json,matched,polling-station-single-village; polling-station-single-village
2010,南港區,南港里,南港里,蘇貞昌,郝龍斌,1603,1773,47.482227,52.517773,-5.035545,data/raw/openfun/tw.gov.cec~txn~candidates-votes/2010/郝龍斌-village-votes-page-2.json;data/raw/openfun/tw.gov.cec~txn~candidates-votes/2010/蘇貞昌-village-votes-page-2.json,matched,polling-station-single-village; polling-station-single-village
2010,南港區,重陽里,重陽里,蘇貞昌,郝龍斌,849,1514,35.928904,64.071096,-28.142192,data/raw/openfun/tw.gov.cec~txn~candidates-votes/2010/郝龍斌-village-votes-page-2.json;data/raw/openfun/tw.gov.cec~txn~candidates-votes/2010/蘇貞昌-village-votes-page-2.json,matched,polling-station-single-village; polling-station-single-village
2010,南港區,新光里,新光里,蘇貞昌,郝龍斌,857,1315,39.456722,60.543278,-21.086556,data/raw/openfun/tw.gov.cec~txn~candidates-votes/2010/郝龍斌-village-votes-page-2.json;data/raw/openfun/tw.gov.cec~txn~candidates-votes/2010/蘇貞昌-village-votes-page-2.json,matched,polling-station-single-village; polling-station-single-village
2010,南港區,新富里,新富里,蘇貞昌,郝龍斌,1149,1129,50.438982,49.561018,0.877963,data/raw/openfun/tw.gov.cec~txn~candidates-votes/2010/郝龍斌-village-votes-page-2.json;data/raw/openfun/tw.gov.cec~txn~candidates-votes/2010/蘇貞昌-village-votes-page-2.json,matched,polling-station-single-village; polling-station-single-village
2010,南港區,萬福里,萬福里,蘇貞昌,郝龍斌,1012,1527,39.858212,60.141788,-20.283576,data/raw/openfun/tw.gov.cec~txn~candidates-votes/2010/郝龍斌-village-votes-page-2.json;data/raw/openfun/tw.gov.cec~txn~candidates-votes/2010/蘇貞昌-village-votes-page-2.json,matched,polling-station-single-village; polling-station-single-village
2010,南港區,聯成里,聯成里,蘇貞昌,郝龍斌,1291,1799,41.779935,58.220065,-16.440129,data/raw/openfun/tw.gov.cec~txn~candidates-votes/2010/郝龍斌-village-votes-page-2.json;data/raw/openfun/tw.gov.cec~txn~candidates-votes/2010/蘇貞昌-village-votes-page-2.json,matched,polling-station-single-village; polling-station-single-village
2010,南港區,鴻福里,鴻福里,蘇貞昌,郝龍斌,1241,1525,44.866233,55.133767,-10.267534,data/raw/openfun/tw.gov.cec~txn~candidates-votes/2010/郝龍斌-village-votes-page-2.json;data/raw/openfun/tw.gov.cec~txn~candidates-votes/2010/蘇貞昌-village-votes-page-2.json,matched,polling-station-single-village; polling-station-single-village
2010,南港區,舊莊里,舊莊里,蘇貞昌,郝龍斌,2502,2633,48.724440,51.275560,-2.551120,data/raw/openfun/tw.gov.cec~txn~candidates-votes/2010/郝龍斌-village-votes-page-2.json;data/raw/openfun/tw.gov.cec~txn~candidates-votes/2010/蘇貞昌-village-votes-page-2.json,matched,polling-station-single-village; polling-station-single-village
2010,萬華區,仁德里,仁德里,蘇貞昌,郝龍斌,1287,1311,49.538106,50.461894,-0.923788,data/raw/openfun/tw.gov.cec~txn~candidates-votes/2010/郝龍斌-village-votes-page-5.json;data/raw/openfun/tw.gov.cec~txn~candidates-votes/2010/蘇貞昌-village-votes-page-5.json,matched,polling-station-single-village; polling-station-single-village
2010,萬華區,日祥里,日祥里,蘇貞昌,郝龍斌,1202,2248,34.840580,65.159420,-30.318841,data/raw/openfun/tw.gov.cec~txn~candidates-votes/2010/郝龍斌-village-votes-page-5.json;data/raw/openfun/tw.gov.cec~txn~candidates-votes/2010/蘇貞昌-village-votes-page-5.json,matched,polling-station-single-village; polling-station-single-village
2010,萬華區,日善里,日善里,蘇貞昌,郝龍斌,1200,1076,52.724077,47.275923,5.448155,data/raw/openfun/tw.gov.cec~txn~candidates-votes/2010/郝龍斌-village-votes-page-5.json;data/raw/openfun/tw.gov.cec~txn~candidates-votes/2010/蘇貞昌-village-votes-page-5.json,matched,polling-station-single-village; polling-station-single-village
2010,萬華區,全德里,全德里,蘇貞昌,郝龍斌,1269,1222,50.943396,49.056604,1.886792,data/raw/openfun/tw.gov.cec~txn~candidates-votes/2010/郝龍斌-village-votes-page-5.json;data/raw/openfun/tw.gov.cec~txn~candidates-votes/2010/蘇貞昌-village-votes-page-5.json,matched,polling-station-single-village; polling-station-single-village
2010,萬華區,西門里,西門里,蘇貞昌,郝龍斌,815,1208,40.286703,59.713297,-19.426594,data/raw/openfun/tw.gov.cec~txn~candidates-votes/2010/郝龍斌-village-votes-page-5.json;data/raw/openfun/tw.gov.cec~txn~candidates-votes/2010/蘇貞昌-village-votes-page-5.json,matched,polling-station-single-village; polling-station-single-village
2010,萬華區,孝德里,孝德里,蘇貞昌,郝龍斌,1258,793,61.335934,38.664066,22.671867,data/raw/openfun/tw.gov.cec~txn~candidates-votes/2010/郝龍斌-village-votes-page-5.json;data/raw/openfun/tw.gov.cec~txn~candidates-votes/2010/蘇貞昌-village-votes-page-5.json,matched,polling-station-single-village; polling-station-single-village
2010,萬華區,和平里,和平里,蘇貞昌,郝龍斌,2591,1761,59.535846,40.464154,19.071691,data/raw/openfun/tw.gov.cec~txn~candidates-votes/2010/郝龍斌-village-votes-page-5.json;data/raw/openfun/tw.gov.cec~txn~candidates-votes/2010/蘇貞昌-village-votes-page-5.json,matched,polling-station-single-village; polling-station-single-village
2010,萬華區,和德里,和德里,蘇貞昌,郝龍斌,2427,1692,58.922068,41.077932,17.844137,data/raw/openfun/tw.gov.cec~txn~candidates-votes/2010/郝龍斌-village-votes-page-5.json;data/raw/openfun/tw.gov.cec~txn~candidates-votes/2010/蘇貞昌-village-votes-page-5.json,matched,polling-station-single-village; polling-station-single-village
2010,萬華區,忠貞里,忠貞里,蘇貞昌,郝龍斌,896,2248,28.498728,71.501272,-43.002545,data/raw/openfun/tw.gov.cec~txn~candidates-votes/2010/郝龍斌-village-votes-page-5.json;data/raw/openfun/tw.gov.cec~txn~candidates-votes/2010/蘇貞昌-village-votes-page-5.json,matched,polling-station-single-village; polling-station-single-village
2010,萬華區,忠德里,忠德里,蘇貞昌,郝龍斌,1614,1119,59.055982,40.944018,18.111965,data/raw/openfun/tw.gov.cec~txn~candidates-votes/2010/郝龍斌-village-votes-page-5.json;data/raw/openfun/tw.gov.cec~txn~candidates-votes/2010/蘇貞昌-village-votes-page-5.json,matched,polling-station-single-village; polling-station-single-village
2010,萬華區,青山里,青山里,蘇貞昌,郝龍斌,1858,1508,55.199049,44.800951,10.398099,data/raw/openfun/tw.gov.cec~txn~candidates-votes/2010/郝龍斌-village-votes-page-5.json;data/raw/openfun/tw.gov.cec~txn~candidates-votes/2010/蘇貞昌-village-votes-page-5.json,matched,polling-station-single-village; polling-station-single-village
2010,萬華區,保德里,保德里,蘇貞昌,郝龍斌,958,849,53.016049,46.983951,6.032097,data/raw/openfun/tw.gov.cec~txn~candidates-votes/2010/郝龍斌-village-votes-page-5.json;data/raw/openfun/tw.gov.cec~txn~candidates-votes/2010/蘇貞昌-village-votes-page-5.json,matched,polling-station-single-village; polling-station-single-village
2010,萬華區,柳鄉里,柳鄉里,蘇貞昌,郝龍斌,2001,1245,61.645102,38.354898,23.290203,data/raw/openfun/tw.gov.cec~txn~candidates-votes/2010/郝龍斌-village-votes-page-5.json;data/raw/openfun/tw.gov.cec~txn~candidates-votes/2010/蘇貞昌-village-votes-page-5.json,matched,polling-station-single-village; polling-station-single-village
2010,萬華區,凌霄里,凌霄里,蘇貞昌,郝龍斌,778,1618,32.470785,67.529215,-35.058431,data/raw/openfun/tw.gov.cec~txn~candidates-votes/2010/郝龍斌-village-votes-page-6.json;data/raw/openfun/tw.gov.cec~txn~candidates-votes/2010/蘇貞昌-village-votes-page-6.json,matched,polling-station-single-village; polling-station-single-village
2010,萬華區,頂碩里,頂碩里,蘇貞昌,郝龍斌,2837,1898,59.915523,40.084477,19.831045,data/raw/openfun/tw.gov.cec~txn~candidates-votes/2010/郝龍斌-village-votes-page-5.json;data/raw/openfun/tw.gov.cec~txn~candidates-votes/2010/蘇貞昌-village-votes-page-5.json,matched,polling-station-single-village; polling-station-single-village
2010,萬華區,富民里,富民里,蘇貞昌,郝龍斌,1838,1320,58.201393,41.798607,16.402787,data/raw/openfun/tw.gov.cec~txn~candidates-votes/2010/郝龍斌-village-votes-page-5.json;data/raw/openfun/tw.gov.cec~txn~candidates-votes/2010/蘇貞昌-village-votes-page-5.json,matched,polling-station-single-village; polling-station-single-village
2010,萬華區,富福里,富福里,蘇貞昌,郝龍斌,1600,1225,56.637168,43.362832,13.274336,data/raw/openfun/tw.gov.cec~txn~candidates-votes/2010/郝龍斌-village-votes-page-5.json;data/raw/openfun/tw.gov.cec~txn~candidates-votes/2010/蘇貞昌-village-votes-page-5.json,matched,polling-station-single-village; polling-station-single-village
2010,萬華區,菜園里,菜園里,蘇貞昌,郝龍斌,1886,1578,54.445727,45.554273,8.891455,data/raw/openfun/tw.gov.cec~txn~candidates-votes/2010/郝龍斌-village-votes-page-5.json;data/raw/openfun/tw.gov.cec~txn~candidates-votes/2010/蘇貞昌-village-votes-page-5.json,matched,polling-station-single-village; polling-station-single-village
2010,萬華區,華中里,華中里,蘇貞昌,郝龍斌,2078,1670,55.442903,44.557097,10.885806,data/raw/openfun/tw.gov.cec~txn~candidates-votes/2010/郝龍斌-village-votes-page-5.json;data/raw/openfun/tw.gov.cec~txn~candidates-votes/2010/蘇貞昌-village-votes-page-5.json,matched,polling-station-single-village; polling-station-single-village
2010,萬華區,華江里,華江里,蘇貞昌,郝龍斌,2645,2263,53.891606,46.108394,7.783211,data/raw/openfun/tw.gov.cec~txn~candidates-votes/2010/郝龍斌-village-votes-page-5.json;data/raw/openfun/tw.gov.cec~txn~candidates-votes/2010/蘇貞昌-village-votes-page-5.json,matched,polling-station-single-village; polling-station-single-village
2010,萬華區,新安里,新安里,蘇貞昌,郝龍斌,1400,2318,37.654653,62.345347,-24.690694,data/raw/openfun/tw.gov.cec~txn~candidates-votes/2010/郝龍斌-village-votes-page-6.json;data/raw/openfun/tw.gov.cec~txn~candidates-votes/2010/蘇貞昌-village-votes-page-6.json,matched,polling-station-single-village; polling-station-single-village
2010,萬華區,新和里,新和里,蘇貞昌,郝龍斌,1179,3674,24.294251,75.705749,-51.411498,data/raw/openfun/tw.gov.cec~txn~candidates-votes/2010/郝龍斌-village-votes-page-5.json;data/raw/openfun/tw.gov.cec~txn~candidates-votes/2010/郝龍斌-village-votes-page-6.json;data/raw/openfun/tw.gov.cec~txn~candidates-votes/2010/蘇貞昌-village-votes-page-5.json;data/raw/openfun/tw.gov.cec~txn~candidates-votes/2010/蘇貞昌-village-votes-page-6.json,matched,polling-station-single-village; polling-station-single-village
2010,萬華區,新忠里,新忠里,蘇貞昌,郝龍斌,357,1448,19.778393,80.221607,-60.443213,data/raw/openfun/tw.gov.cec~txn~candidates-votes/2010/郝龍斌-village-votes-page-5.json;data/raw/openfun/tw.gov.cec~txn~candidates-votes/2010/蘇貞昌-village-votes-page-5.json,matched,polling-station-single-village; polling-station-single-village
2010,萬華區,新起里,新起里,蘇貞昌,郝龍斌,1888,1866,50.293021,49.706979,0.586042,data/raw/openfun/tw.gov.cec~txn~candidates-votes/2010/郝龍斌-village-votes-page-5.json;data/raw/openfun/tw.gov.cec~txn~candidates-votes/2010/蘇貞昌-village-votes-page-5.json,matched,polling-station-single-village; polling-station-single-village
2010,萬華區,萬壽里,萬壽里,蘇貞昌,郝龍斌,789,939,45.659722,54.340278,-8.680556,data/raw/openfun/tw.gov.cec~txn~candidates-votes/2010/郝龍斌-village-votes-page-5.json;data/raw/openfun/tw.gov.cec~txn~candidates-votes/2010/蘇貞昌-village-votes-page-5.json,matched,polling-station-single-village; polling-station-single-village
2010,萬華區,壽德里,壽德里,蘇貞昌,郝龍斌,1617,1516,51.611874,48.388126,3.223747,data/raw/openfun/tw.gov.cec~txn~candidates-votes/2010/郝龍斌-village-votes-page-5.json;data/raw/openfun/tw.gov.cec~txn~candidates-votes/2010/蘇貞昌-village-votes-page-5.json,matched,polling-station-single-village; polling-station-single-village
2010,萬華區,榮德里,榮德里,蘇貞昌,郝龍斌,1387,1020,57.623598,42.376402,15.247196,data/raw/openfun/tw.gov.cec~txn~candidates-votes/2010/郝龍斌-village-votes-page-5.json;data/raw/openfun/tw.gov.cec~txn~candidates-votes/2010/蘇貞昌-village-votes-page-5.json,matched,polling-station-single-village; polling-station-single-village
2010,萬華區,福星里,福星里,蘇貞昌,郝龍斌,1315,1675,43.979933,56.020067,-12.040134,data/raw/openfun/tw.gov.cec~txn~candidates-votes/2010/郝龍斌-village-votes-page-5.json;data/raw/openfun/tw.gov.cec~txn~candidates-votes/2010/蘇貞昌-village-votes-page-5.json,matched,polling-station-single-village; polling-station-single-village
2010,萬華區,福音里,福音里,蘇貞昌,郝龍斌,1127,968,53.794749,46.205251,7.589499,data/raw/openfun/tw.gov.cec~txn~candidates-votes/2010/郝龍斌-village-votes-page-5.json;data/raw/openfun/tw.gov.cec~txn~candidates-votes/2010/蘇貞昌-village-votes-page-5.json,matched,polling-station-single-village; polling-station-single-village
2010,萬華區,綠堤里,綠堤里,蘇貞昌,郝龍斌,1342,1288,51.026616,48.973384,2.053232,data/raw/openfun/tw.gov.cec~txn~candidates-votes/2010/郝龍斌-village-votes-page-5.json;data/raw/openfun/tw.gov.cec~txn~candidates-votes/2010/蘇貞昌-village-votes-page-5.json,matched,polling-station-single-village; polling-station-single-village
2010,萬華區,銘德里,銘德里,蘇貞昌,郝龍斌,1531,1285,54.367898,45.632102,8.735795,data/raw/openfun/tw.gov.cec~txn~candidates-votes/2010/郝龍斌-village-votes-page-5.json;data/raw/openfun/tw.gov.cec~txn~candidates-votes/2010/蘇貞昌-village-votes-page-5.json,matched,polling-station-single-village; polling-station-single-village
2010,萬華區,糖廍里,糖廍里,蘇貞昌,郝龍斌,1766,1450,54.912935,45.087065,9.825871,data/raw/openfun/tw.gov.cec~txn~candidates-votes/2010/郝龍斌-village-votes-page-5.json;data/raw/openfun/tw.gov.cec~txn~candidates-votes/2010/蘇貞昌-village-votes-page-5.json,matched,polling-station-single-village; polling-station-single-village
2010,萬華區,興德里,興德里,蘇貞昌,郝龍斌,1544,1252,55.221745,44.778255,10.443491,data/raw/openfun/tw.gov.cec~txn~candidates-votes/2010/郝龍斌-village-votes-page-5.json;data/raw/openfun/tw.gov.cec~txn~candidates-votes/2010/蘇貞昌-village-votes-page-5.json,matched,polling-station-single-village; polling-station-single-village
2010,萬華區,錦德里,錦德里,蘇貞昌,郝龍斌,1823,1449,55.715159,44.284841,11.430318,data/raw/openfun/tw.gov.cec~txn~candidates-votes/2010/郝龍斌-village-votes-page-5.json;data/raw/openfun/tw.gov.cec~txn~candidates-votes/2010/蘇貞昌-village-votes-page-5.json,matched,polling-station-single-village; polling-station-single-village
2010,萬華區,雙園里,雙園里,蘇貞昌,郝龍斌,1525,1096,58.183899,41.816101,16.367799,data/raw/openfun/tw.gov.cec~txn~candidates-votes/2010/郝龍斌-village-votes-page-5.json;data/raw/openfun/tw.gov.cec~txn~candidates-votes/2010/蘇貞昌-village-votes-page-5.json,matched,polling-station-single-village; polling-station-single-village
2010,萬華區,騰雲里,騰雲里,蘇貞昌,郝龍斌,675,1254,34.992224,65.007776,-30.015552,data/raw/openfun/tw.gov.cec~txn~candidates-votes/2010/郝龍斌-village-votes-page-6.json;data/raw/openfun/tw.gov.cec~txn~candidates-votes/2010/蘇貞昌-village-votes-page-6.json,matched,polling-station-single-village; polling-station-single-village
2014,士林區,三玉里,三玉里,柯文哲（本研究列為綠營）,連勝文,2089,1393,59.994256,40.005744,19.988512,data/raw/openfun/tw.gov.cec~txn~candidates-votes/2014/柯文哲-village-votes-page-2.json;data/raw/openfun/tw.gov.cec~txn~candidates-votes/2014/連勝文-village-votes-page-2.json,matched,polling-station-single-village; polling-station-single-village
2014,士林區,仁勇里,仁勇里,柯文哲（本研究列為綠營）,連勝文,1585,811,66.151920,33.848080,32.303840,data/raw/openfun/tw.gov.cec~txn~candidates-votes/2014/柯文哲-village-votes-page-1.json;data/raw/openfun/tw.gov.cec~txn~candidates-votes/2014/連勝文-village-votes-page-1.json,matched,polling-station-single-village; polling-station-single-village
2014,士林區,公館里,公館里,柯文哲（本研究列為綠營）,連勝文,686,252,73.134328,26.865672,46.268657,data/raw/openfun/tw.gov.cec~txn~candidates-votes/2014/柯文哲-village-votes-page-2.json;data/raw/openfun/tw.gov.cec~txn~candidates-votes/2014/連勝文-village-votes-page-2.json,matched,polling-station-single-village; polling-station-single-village
2014,士林區,天山里,天山里,柯文哲（本研究列為綠營）,連勝文,2249,1658,57.563348,42.436652,15.126696,data/raw/openfun/tw.gov.cec~txn~candidates-votes/2014/柯文哲-village-votes-page-2.json;data/raw/openfun/tw.gov.cec~txn~candidates-votes/2014/連勝文-village-votes-page-2.json,matched,polling-station-single-village; polling-station-single-village
2014,士林區,天母里,天母里,柯文哲（本研究列為綠營）,連勝文,2191,1571,58.240298,41.759702,16.480595,data/raw/openfun/tw.gov.cec~txn~candidates-votes/2014/柯文哲-village-votes-page-2.json;data/raw/openfun/tw.gov.cec~txn~candidates-votes/2014/連勝文-village-votes-page-2.json,matched,polling-station-single-village; polling-station-single-village
2014,士林區,天玉里,天玉里,柯文哲（本研究列為綠營）,連勝文,2820,2102,57.293783,42.706217,14.587566,data/raw/openfun/tw.gov.cec~txn~candidates-votes/2014/柯文哲-village-votes-page-2.json;data/raw/openfun/tw.gov.cec~txn~candidates-votes/2014/連勝文-village-votes-page-2.json,matched,polling-station-single-village; polling-station-single-village
2014,士林區,天和里,天和里,柯文哲（本研究列為綠營）,連勝文,2553,1714,59.831263,40.168737,19.662526,data/raw/openfun/tw.gov.cec~txn~candidates-votes/2014/柯文哲-village-votes-page-2.json;data/raw/openfun/tw.gov.cec~txn~candidates-votes/2014/連勝文-village-votes-page-2.json,matched,polling-station-single-village; polling-station-single-village
2014,士林區,天祿里,天祿里,柯文哲（本研究列為綠營）,連勝文,1955,1137,63.227684,36.772316,26.455369,data/raw/openfun/tw.gov.cec~txn~candidates-votes/2014/柯文哲-village-votes-page-2.json;data/raw/openfun/tw.gov.cec~txn~candidates-votes/2014/連勝文-village-votes-page-2.json,matched,polling-station-single-village; polling-station-single-village
2014,士林區,天壽里,天壽里,柯文哲（本研究列為綠營）,連勝文,1739,1205,59.069293,40.930707,18.138587,data/raw/openfun/tw.gov.cec~txn~candidates-votes/2014/柯文哲-village-votes-page-2.json;data/raw/openfun/tw.gov.cec~txn~candidates-votes/2014/連勝文-village-votes-page-2.json,matched,polling-station-single-village; polling-station-single-village
2014,士林區,天福里,天福里,柯文哲（本研究列為綠營）,連勝文,2127,1450,59.463237,40.536763,18.926475,data/raw/openfun/tw.gov.cec~txn~candidates-votes/2014/柯文哲-village-votes-page-2.json;data/raw/openfun/tw.gov.cec~txn~candidates-votes/2014/連勝文-village-votes-page-2.json,matched,polling-station-single-village; polling-station-single-village
2014,士林區,平等里,平等里,柯文哲（本研究列為綠營）,連勝文,774,216,78.181818,21.818182,56.363636,data/raw/openfun/tw.gov.cec~txn~candidates-votes/2014/柯文哲-village-votes-page-2.json;data/raw/openfun/tw.gov.cec~txn~candidates-votes/2014/連勝文-village-votes-page-2.json,matched,polling-station-single-village; polling-station-single-village
2014,士林區,永倫里,永倫里,柯文哲（本研究列為綠營）,連勝文,3234,1244,72.219741,27.780259,44.439482,data/raw/openfun/tw.gov.cec~txn~candidates-votes/2014/柯文哲-village-votes-page-2.json;data/raw/openfun/tw.gov.cec~txn~candidates-votes/2014/連勝文-village-votes-page-2.json,matched,polling-station-single-village; polling-station-single-village
2014,士林區,永福里,永福里,柯文哲（本研究列為綠營）,連勝文,562,228,71.139241,28.860759,42.278481,data/raw/openfun/tw.gov.cec~txn~candidates-votes/2014/柯文哲-village-votes-page-2.json;data/raw/openfun/tw.gov.cec~txn~candidates-votes/2014/連勝文-village-votes-page-2.json,matched,polling-station-single-village; polling-station-single-village
2014,士林區,名山里,名山里,柯文哲（本研究列為綠營）,連勝文,2543,1830,58.152298,41.847702,16.304596,data/raw/openfun/tw.gov.cec~txn~candidates-votes/2014/柯文哲-village-votes-page-2.json;data/raw/openfun/tw.gov.cec~txn~candidates-votes/2014/連勝文-village-votes-page-2.json,matched,polling-station-single-village; polling-station-single-village
2014,士林區,百齡里,百齡里,柯文哲（本研究列為綠營）,連勝文,3009,1410,68.092329,31.907671,36.184657,data/raw/openfun/tw.gov.cec~txn~candidates-votes/2014/柯文哲-village-votes-page-1.json;data/raw/openfun/tw.gov.cec~txn~candidates-votes/2014/連勝文-village-votes-page-1.json,matched,polling-station-single-village; polling-station-single-village
2014,士林區,岩山里,岩山里,柯文哲（本研究列為綠營）,連勝文,1127,933,54.708738,45.291262,9.417476,data/raw/openfun/tw.gov.cec~txn~candidates-votes/2014/柯文哲-village-votes-page-2.json;data/raw/openfun/tw.gov.cec~txn~candidates-votes/2014/連勝文-village-votes-page-2.json,matched,polling-station-single-village; polling-station-single-village
2014,士林區,忠誠里,忠誠里,柯文哲（本研究列為綠營）,連勝文,1531,1762,46.492560,53.507440,-7.014880,data/raw/openfun/tw.gov.cec~txn~candidates-votes/2014/柯文哲-village-votes-page-2.json;data/raw/openfun/tw.gov.cec~txn~candidates-votes/2014/連勝文-village-votes-page-2.json,matched,polling-station-single-village; polling-station-single-village
2014,士林區,承德里,承德里,柯文哲（本研究列為綠營）,連勝文,2011,1348,59.869009,40.130991,19.738017,data/raw/openfun/tw.gov.cec~txn~candidates-votes/2014/柯文哲-village-votes-page-1.json;data/raw/openfun/tw.gov.cec~txn~candidates-votes/2014/連勝文-village-votes-page-1.json,matched,polling-station-single-village; polling-station-single-village
2014,士林區,明勝里,明勝里,柯文哲（本研究列為綠營）,連勝文,2034,1039,66.189391,33.810609,32.378783,data/raw/openfun/tw.gov.cec~txn~candidates-votes/2014/柯文哲-village-votes-page-1.json;data/raw/openfun/tw.gov.cec~txn~candidates-votes/2014/連勝文-village-votes-page-1.json,matched,polling-station-single-village; polling-station-single-village
2014,士林區,東山里,東山里,柯文哲（本研究列為綠營）,連勝文,1586,1456,52.136752,47.863248,4.273504,data/raw/openfun/tw.gov.cec~txn~candidates-votes/2014/柯文哲-village-votes-page-2.json;data/raw/openfun/tw.gov.cec~txn~candidates-votes/2014/連勝文-village-votes-page-2.json,matched,polling-station-single-village; polling-station-single-village
2014,士林區,社子里,社子里,柯文哲（本研究列為綠營）,連勝文,2755,1123,71.041774,28.958226,42.083548,data/raw/openfun/tw.gov.cec~txn~candidates-votes/2014/柯文哲-village-votes-page-2.json;data/raw/openfun/tw.gov.cec~txn~candidates-votes/2014/連勝文-village-votes-page-2.json,matched,polling-station-single-village; polling-station-single-village
2014,士林區,社園里,社園里,柯文哲（本研究列為綠營）,連勝文,3305,1199,73.379218,26.620782,46.758437,data/raw/openfun/tw.gov.cec~txn~candidates-votes/2014/柯文哲-village-votes-page-2.json;data/raw/openfun/tw.gov.cec~txn~candidates-votes/2014/連勝文-village-votes-page-2.json,matched,polling-station-single-village; polling-station-single-village
2014,士林區,社新里,社新里,柯文哲（本研究列為綠營）,連勝文,3776,1536,71.084337,28.915663,42.168675,data/raw/openfun/tw.gov.cec~txn~candidates-votes/2014/柯文哲-village-votes-page-2.json;data/raw/openfun/tw.gov.cec~txn~candidates-votes/2014/連勝文-village-votes-page-2.json,matched,polling-station-single-village; polling-station-single-village
2014,士林區,芝山里,芝山里,柯文哲（本研究列為綠營）,連勝文,2668,1798,59.740260,40.259740,19.480519,data/raw/openfun/tw.gov.cec~txn~candidates-votes/2014/柯文哲-village-votes-page-2.json;data/raw/openfun/tw.gov.cec~txn~candidates-votes/2014/連勝文-village-votes-page-2.json,matched,polling-station-single-village; polling-station-single-village
2014,士林區,前港里,前港里,柯文哲（本研究列為綠營）,連勝文,1901,905,67.747684,32.252316,35.495367,data/raw/openfun/tw.gov.cec~txn~candidates-votes/2014/柯文哲-village-votes-page-1.json;data/raw/openfun/tw.gov.cec~txn~candidates-votes/2014/連勝文-village-votes-page-1.json,matched,polling-station-single-village; polling-station-single-village
2014,士林區,後港里,後港里,柯文哲（本研究列為綠營）,連勝文,3280,1627,66.843285,33.156715,33.686570,data/raw/openfun/tw.gov.cec~txn~candidates-votes/2014/柯文哲-village-votes-page-1.json;data/raw/openfun/tw.gov.cec~txn~candidates-votes/2014/連勝文-village-votes-page-1.json,matched,polling-station-single-village; polling-station-single-village
2014,士林區,富光里,富光里,柯文哲（本研究列為綠營）,連勝文,2492,973,71.919192,28.080808,43.838384,data/raw/openfun/tw.gov.cec~txn~candidates-votes/2014/柯文哲-village-votes-page-1.json;data/raw/openfun/tw.gov.cec~txn~candidates-votes/2014/連勝文-village-votes-page-1.json,matched,polling-station-single-village; polling-station-single-village
2014,士林區,富洲里,富洲里,柯文哲（本研究列為綠營）,連勝文,2836,769,78.668516,21.331484,57.337032,data/raw/openfun/tw.gov.cec~txn~candidates-votes/2014/柯文哲-village-votes-page-2.json;data/raw/openfun/tw.gov.cec~txn~candidates-votes/2014/連勝文-village-votes-page-2.json,matched,polling-station-single-village; polling-station-single-village
2014,士林區,菁山里,菁山里,柯文哲（本研究列為綠營）,連勝文,674,364,64.932563,35.067437,29.865125,data/raw/openfun/tw.gov.cec~txn~candidates-votes/2014/柯文哲-village-votes-page-2.json;data/raw/openfun/tw.gov.cec~txn~candidates-votes/2014/連勝文-village-votes-page-2.json,matched,polling-station-single-village; polling-station-single-village
2014,士林區,陽明里,陽明里,柯文哲（本研究列為綠營）,連勝文,1139,704,61.801411,38.198589,23.602821,data/raw/openfun/tw.gov.cec~txn~candidates-votes/2014/柯文哲-village-votes-page-2.json;data/raw/openfun/tw.gov.cec~txn~candidates-votes/2014/連勝文-village-votes-page-2.json,matched,polling-station-single-village; polling-station-single-village
2014,士林區,新安里,新安里,柯文哲（本研究列為綠營）,連勝文,836,383,68.580804,31.419196,37.161608,data/raw/openfun/tw.gov.cec~txn~candidates-votes/2014/柯文哲-village-votes-page-2.json;data/raw/openfun/tw.gov.cec~txn~candidates-votes/2014/連勝文-village-votes-page-2.json,matched,polling-station-single-village; polling-station-single-village
2014,士林區,溪山里,溪山里,柯文哲（本研究列為綠營）,連勝文,653,264,71.210469,28.789531,42.420938,data/raw/openfun/tw.gov.cec~txn~candidates-votes/2014/柯文哲-village-votes-page-2.json;data/raw/openfun/tw.gov.cec~txn~candidates-votes/2014/連勝文-village-votes-page-2.json,matched,polling-station-single-village; polling-station-single-village
2014,士林區,義信里,義信里,柯文哲（本研究列為綠營）,連勝文,1139,740,60.617350,39.382650,21.234699,data/raw/openfun/tw.gov.cec~txn~candidates-votes/2014/柯文哲-village-votes-page-1.json;data/raw/openfun/tw.gov.cec~txn~candidates-votes/2014/連勝文-village-votes-page-1.json,matched,polling-station-single-village; polling-station-single-village
2014,士林區,聖山里,聖山里,柯文哲（本研究列為綠營）,連勝文,1646,1449,53.182553,46.817447,6.365105,data/raw/openfun/tw.gov.cec~txn~candidates-votes/2014/柯文哲-village-votes-page-2.json;data/raw/openfun/tw.gov.cec~txn~candidates-votes/2014/連勝文-village-votes-page-2.json,matched,polling-station-single-village; polling-station-single-village
2014,士林區,葫東里,葫東里,柯文哲（本研究列為綠營）,連勝文,1788,704,71.749599,28.250401,43.499197,data/raw/openfun/tw.gov.cec~txn~candidates-votes/2014/柯文哲-village-votes-page-1.json;data/raw/openfun/tw.gov.cec~txn~candidates-votes/2014/連勝文-village-votes-page-1.json,matched,polling-station-single-village; polling-station-single-village
2014,士林區,葫蘆里,葫蘆里,柯文哲（本研究列為綠營）,連勝文,3087,1650,65.167828,34.832172,30.335655,data/raw/openfun/tw.gov.cec~txn~candidates-votes/2014/柯文哲-village-votes-page-1.json;data/raw/openfun/tw.gov.cec~txn~candidates-votes/2014/連勝文-village-votes-page-1.json,matched,polling-station-single-village; polling-station-single-village
2014,士林區,福中里,福中里,柯文哲（本研究列為綠營）,連勝文,2882,1343,68.213018,31.786982,36.426036,data/raw/openfun/tw.gov.cec~txn~candidates-votes/2014/柯文哲-village-votes-page-1.json;data/raw/openfun/tw.gov.cec~txn~candidates-votes/2014/連勝文-village-votes-page-1.json,matched,polling-station-single-village; polling-station-single-village
2014,士林區,福安里,福安里,柯文哲（本研究列為綠營）,連勝文,2564,516,83.246753,16.753247,66.493506,data/raw/openfun/tw.gov.cec~txn~candidates-votes/2014/柯文哲-village-votes-page-2.json;data/raw/openfun/tw.gov.cec~txn~candidates-votes/2014/連勝文-village-votes-page-2.json,matched,polling-station-single-village; polling-station-single-village
2014,士林區,福志里,福志里,柯文哲（本研究列為綠營）,連勝文,2576,1979,56.553238,43.446762,13.106476,data/raw/openfun/tw.gov.cec~txn~candidates-votes/2014/柯文哲-village-votes-page-1.json;data/raw/openfun/tw.gov.cec~txn~candidates-votes/2014/連勝文-village-votes-page-1.json,matched,polling-station-single-village; polling-station-single-village
2014,士林區,福佳里,福佳里,柯文哲（本研究列為綠營）,連勝文,2925,1665,63.725490,36.274510,27.450980,data/raw/openfun/tw.gov.cec~txn~candidates-votes/2014/柯文哲-village-votes-page-1.json;data/raw/openfun/tw.gov.cec~txn~candidates-votes/2014/連勝文-village-votes-page-1.json,matched,polling-station-single-village; polling-station-single-village
2014,士林區,福林里,福林里,柯文哲（本研究列為綠營）,連勝文,1063,791,57.335491,42.664509,14.670982,data/raw/openfun/tw.gov.cec~txn~candidates-votes/2014/柯文哲-village-votes-page-1.json;data/raw/openfun/tw.gov.cec~txn~candidates-votes/2014/連勝文-village-votes-page-1.json,matched,polling-station-single-village; polling-station-single-village
2014,士林區,福華里,福華里,柯文哲（本研究列為綠營）,連勝文,2401,1318,64.560366,35.439634,29.120731,data/raw/openfun/tw.gov.cec~txn~candidates-votes/2014/柯文哲-village-votes-page-1.json;data/raw/openfun/tw.gov.cec~txn~candidates-votes/2014/連勝文-village-votes-page-1.json,matched,polling-station-single-village; polling-station-single-village
2014,士林區,福順里,福順里,柯文哲（本研究列為綠營）,連勝文,2272,924,71.088861,28.911139,42.177722,data/raw/openfun/tw.gov.cec~txn~candidates-votes/2014/柯文哲-village-votes-page-1.json;data/raw/openfun/tw.gov.cec~txn~candidates-votes/2014/連勝文-village-votes-page-1.json,matched,polling-station-single-village; polling-station-single-village
2014,士林區,福德里,福德里,柯文哲（本研究列為綠營）,連勝文,1573,1069,59.538229,40.461771,19.076457,data/raw/openfun/tw.gov.cec~txn~candidates-votes/2014/柯文哲-village-votes-page-1.json;data/raw/openfun/tw.gov.cec~txn~candidates-votes/2014/連勝文-village-votes-page-1.json,matched,polling-station-single-village; polling-station-single-village
2014,士林區,翠山里,翠山里,柯文哲（本研究列為綠營）,連勝文,610,893,40.585496,59.414504,-18.829009,data/raw/openfun/tw.gov.cec~txn~candidates-votes/2014/柯文哲-village-votes-page-2.json;data/raw/openfun/tw.gov.cec~txn~candidates-votes/2014/連勝文-village-votes-page-2.json,matched,polling-station-single-village; polling-station-single-village
2014,士林區,德行里,德行里,柯文哲（本研究列為綠營）,連勝文,1596,985,61.836497,38.163503,23.672995,data/raw/openfun/tw.gov.cec~txn~candidates-votes/2014/柯文哲-village-votes-page-2.json;data/raw/openfun/tw.gov.cec~txn~candidates-votes/2014/連勝文-village-votes-page-2.json,matched,polling-station-single-village; polling-station-single-village
2014,士林區,德華里,德華里,柯文哲（本研究列為綠營）,連勝文,2193,1207,64.500000,35.500000,29.000000,data/raw/openfun/tw.gov.cec~txn~candidates-votes/2014/柯文哲-village-votes-page-2.json;data/raw/openfun/tw.gov.cec~txn~candidates-votes/2014/連勝文-village-votes-page-2.json,matched,polling-station-single-village; polling-station-single-village
2014,士林區,臨溪里,臨溪里,柯文哲（本研究列為綠營）,連勝文,966,781,55.294791,44.705209,10.589582,data/raw/openfun/tw.gov.cec~txn~candidates-votes/2014/柯文哲-village-votes-page-2.json;data/raw/openfun/tw.gov.cec~txn~candidates-votes/2014/連勝文-village-votes-page-2.json,matched,polling-station-single-village; polling-station-single-village
2014,士林區,舊佳里,舊佳里,柯文哲（本研究列為綠營）,連勝文,2315,1254,64.864108,35.135892,29.728215,data/raw/openfun/tw.gov.cec~txn~candidates-votes/2014/柯文哲-village-votes-page-1.json;data/raw/openfun/tw.gov.cec~txn~candidates-votes/2014/連勝文-village-votes-page-1.json,matched,polling-station-single-village; polling-station-single-village
2014,士林區,蘭雅里,蘭雅里,柯文哲（本研究列為綠營）,連勝文,3146,1978,61.397346,38.602654,22.794692,data/raw/openfun/tw.gov.cec~txn~candidates-votes/2014/柯文哲-village-votes-page-2.json;data/raw/openfun/tw.gov.cec~txn~candidates-votes/2014/連勝文-village-votes-page-2.json,matched,polling-station-single-village; polling-station-single-village
2014,士林區,蘭興里,蘭興里,柯文哲（本研究列為綠營）,連勝文,2429,1445,62.700052,37.299948,25.400103,data/raw/openfun/tw.gov.cec~txn~candidates-votes/2014/柯文哲-village-votes-page-2.json;data/raw/openfun/tw.gov.cec~txn~candidates-votes/2014/連勝文-village-votes-page-2.json,matched,polling-station-single-village; polling-station-single-village
2014,大同區,大有里,大有里,柯文哲（本研究列為綠營）,連勝文,2160,920,70.129870,29.870130,40.259740,data/raw/openfun/tw.gov.cec~txn~candidates-votes/2014/柯文哲-village-votes-page-5.json;data/raw/openfun/tw.gov.cec~txn~candidates-votes/2014/連勝文-village-votes-page-5.json,matched,polling-station-single-village; polling-station-single-village
2014,大同區,民權里,民權里,柯文哲（本研究列為綠營）,連勝文,2486,1258,66.399573,33.600427,32.799145,data/raw/openfun/tw.gov.cec~txn~candidates-votes/2014/柯文哲-village-votes-page-5.json;data/raw/openfun/tw.gov.cec~txn~candidates-votes/2014/連勝文-village-votes-page-5.json,matched,polling-station-single-village; polling-station-single-village
2014,大同區,永樂里,永樂里,柯文哲（本研究列為綠營）,連勝文,2233,939,70.397226,29.602774,40.794451,data/raw/openfun/tw.gov.cec~txn~candidates-votes/2014/柯文哲-village-votes-page-5.json;data/raw/openfun/tw.gov.cec~txn~candidates-votes/2014/連勝文-village-votes-page-5.json,matched,polling-station-single-village; polling-station-single-village
2014,大同區,玉泉里,玉泉里,柯文哲（本研究列為綠營）,連勝文,1190,652,64.603692,35.396308,29.207383,data/raw/openfun/tw.gov.cec~txn~candidates-votes/2014/柯文哲-village-votes-page-5.json;data/raw/openfun/tw.gov.cec~txn~candidates-votes/2014/連勝文-village-votes-page-5.json,matched,polling-station-single-village; polling-station-single-village
2014,大同區,光能里,光能里,柯文哲（本研究列為綠營）,連勝文,2120,992,68.123393,31.876607,36.246787,data/raw/openfun/tw.gov.cec~txn~candidates-votes/2014/柯文哲-village-votes-page-5.json;data/raw/openfun/tw.gov.cec~txn~candidates-votes/2014/連勝文-village-votes-page-5.json,matched,polling-station-single-village; polling-station-single-village
2014,大同區,老師里,老師里,柯文哲（本研究列為綠營）,連勝文,2606,1049,71.299590,28.700410,42.599179,data/raw/openfun/tw.gov.cec~txn~candidates-votes/2014/柯文哲-village-votes-page-5.json;data/raw/openfun/tw.gov.cec~txn~candidates-votes/2014/連勝文-village-votes-page-5.json,matched,polling-station-single-village; polling-station-single-village
2014,大同區,至聖里,至聖里,柯文哲（本研究列為綠營）,連勝文,3273,1562,67.693899,32.306101,35.387797,data/raw/openfun/tw.gov.cec~txn~candidates-votes/2014/柯文哲-village-votes-page-5.json;data/raw/openfun/tw.gov.cec~txn~candidates-votes/2014/連勝文-village-votes-page-5.json,matched,polling-station-single-village; polling-station-single-village
2014,大同區,延平里,延平里,柯文哲（本研究列為綠營）,連勝文,1554,845,64.776990,35.223010,29.553981,data/raw/openfun/tw.gov.cec~txn~candidates-votes/2014/柯文哲-village-votes-page-5.json;data/raw/openfun/tw.gov.cec~txn~candidates-votes/2014/連勝文-village-votes-page-5.json,matched,polling-station-single-village; polling-station-single-village
2014,大同區,保安里,保安里,柯文哲（本研究列為綠營）,連勝文,1816,749,70.799220,29.200780,41.598441,data/raw/openfun/tw.gov.cec~txn~candidates-votes/2014/柯文哲-village-votes-page-5.json;data/raw/openfun/tw.gov.cec~txn~candidates-votes/2014/連勝文-village-votes-page-5.json,matched,polling-station-single-village; polling-station-single-village
2014,大同區,南芳里,南芳里,柯文哲（本研究列為綠營）,連勝文,1554,766,66.982759,33.017241,33.965517,data/raw/openfun/tw.gov.cec~txn~candidates-votes/2014/柯文哲-village-votes-page-5.json;data/raw/openfun/tw.gov.cec~txn~candidates-votes/2014/連勝文-village-votes-page-5.json,matched,polling-station-single-village; polling-station-single-village
2014,大同區,建功里,建功里,柯文哲（本研究列為綠營）,連勝文,1795,946,65.487049,34.512951,30.974097,data/raw/openfun/tw.gov.cec~txn~candidates-votes/2014/柯文哲-village-votes-page-5.json;data/raw/openfun/tw.gov.cec~txn~candidates-votes/2014/連勝文-village-votes-page-5.json,matched,polling-station-single-village; polling-station-single-village
2014,大同區,建明里,建明里,柯文哲（本研究列為綠營）,連勝文,1346,681,66.403552,33.596448,32.807104,data/raw/openfun/tw.gov.cec~txn~candidates-votes/2014/柯文哲-village-votes-page-5.json;data/raw/openfun/tw.gov.cec~txn~candidates-votes/2014/連勝文-village-votes-page-5.json,matched,polling-station-single-village; polling-station-single-village
2014,大同區,建泰里,建泰里,柯文哲（本研究列為綠營）,連勝文,1561,655,70.442238,29.557762,40.884477,data/raw/openfun/tw.gov.cec~txn~candidates-votes/2014/柯文哲-village-votes-page-5.json;data/raw/openfun/tw.gov.cec~txn~candidates-votes/2014/連勝文-village-votes-page-5.json,matched,polling-station-single-village; polling-station-single-village
2014,大同區,星明里,星明里,柯文哲（本研究列為綠營）,連勝文,2162,1136,65.554882,34.445118,31.109763,data/raw/openfun/tw.gov.cec~txn~candidates-votes/2014/柯文哲-village-votes-page-5.json;data/raw/openfun/tw.gov.cec~txn~candidates-votes/2014/連勝文-village-votes-page-5.json,matched,polling-station-single-village; polling-station-single-village
2014,大同區,重慶里,重慶里,柯文哲（本研究列為綠營）,連勝文,2655,1380,65.799257,34.200743,31.598513,data/raw/openfun/tw.gov.cec~txn~candidates-votes/2014/柯文哲-village-votes-page-5.json;data/raw/openfun/tw.gov.cec~txn~candidates-votes/2014/連勝文-village-votes-page-5.json,matched,polling-station-single-village; polling-station-single-village
2014,大同區,國順里,國順里,柯文哲（本研究列為綠營）,連勝文,1347,507,72.653722,27.346278,45.307443,data/raw/openfun/tw.gov.cec~txn~candidates-votes/2014/柯文哲-village-votes-page-5.json;data/raw/openfun/tw.gov.cec~txn~candidates-votes/2014/連勝文-village-votes-page-5.json,matched,polling-station-single-village; polling-station-single-village
2014,大同區,國慶里,國慶里,柯文哲（本研究列為綠營）,連勝文,1784,824,68.404908,31.595092,36.809816,data/raw/openfun/tw.gov.cec~txn~candidates-votes/2014/柯文哲-village-votes-page-5.json;data/raw/openfun/tw.gov.cec~txn~candidates-votes/2014/連勝文-village-votes-page-5.json,matched,polling-station-single-village; polling-station-single-village
2014,大同區,揚雅里,揚雅里,柯文哲（本研究列為綠營）,連勝文,1598,633,71.627073,28.372927,43.254146,data/raw/openfun/tw.gov.cec~txn~candidates-votes/2014/柯文哲-village-votes-page-5.json;data/raw/openfun/tw.gov.cec~txn~candidates-votes/2014/連勝文-village-votes-page-5.json,matched,polling-station-single-village; polling-station-single-village
2014,大同區,斯文里,斯文里,柯文哲（本研究列為綠營）,連勝文,2246,1003,69.128963,30.871037,38.257926,data/raw/openfun/tw.gov.cec~txn~candidates-votes/2014/柯文哲-village-votes-page-5.json;data/raw/openfun/tw.gov.cec~txn~candidates-votes/2014/連勝文-village-votes-page-5.json,matched,polling-station-single-village; polling-station-single-village
2014,大同區,景星里,景星里,柯文哲（本研究列為綠營）,連勝文,1160,588,66.361556,33.638444,32.723112,data/raw/openfun/tw.gov.cec~txn~candidates-votes/2014/柯文哲-village-votes-page-5.json;data/raw/openfun/tw.gov.cec~txn~candidates-votes/2014/連勝文-village-votes-page-5.json,matched,polling-station-single-village; polling-station-single-village
2014,大同區,朝陽里,朝陽里,柯文哲（本研究列為綠營）,連勝文,1734,810,68.160377,31.839623,36.320755,data/raw/openfun/tw.gov.cec~txn~candidates-votes/2014/柯文哲-village-votes-page-5.json;data/raw/openfun/tw.gov.cec~txn~candidates-votes/2014/連勝文-village-votes-page-5.json,matched,polling-station-single-village; polling-station-single-village
2014,大同區,隆和里,隆和里,柯文哲（本研究列為綠營）,連勝文,1257,519,70.777027,29.222973,41.554054,data/raw/openfun/tw.gov.cec~txn~candidates-votes/2014/柯文哲-village-votes-page-5.json;data/raw/openfun/tw.gov.cec~txn~candidates-votes/2014/連勝文-village-votes-page-5.json,matched,polling-station-single-village; polling-station-single-village
2014,大同區,蓬萊里,蓬萊里,柯文哲（本研究列為綠營）,連勝文,1993,920,68.417439,31.582561,36.834878,data/raw/openfun/tw.gov.cec~txn~candidates-votes/2014/柯文哲-village-votes-page-5.json;data/raw/openfun/tw.gov.cec~txn~candidates-votes/2014/連勝文-village-votes-page-5.json,matched,polling-station-single-village; polling-station-single-village
2014,大同區,鄰江里,鄰江里,柯文哲（本研究列為綠營）,連勝文,2801,1243,69.263106,30.736894,38.526212,data/raw/openfun/tw.gov.cec~txn~candidates-votes/2014/柯文哲-village-votes-page-5.json;data/raw/openfun/tw.gov.cec~txn~candidates-votes/2014/連勝文-village-votes-page-5.json,matched,polling-station-single-village; polling-station-single-village
2014,大同區,雙連里,雙連里,柯文哲（本研究列為綠營）,連勝文,3756,1729,68.477666,31.522334,36.955333,data/raw/openfun/tw.gov.cec~txn~candidates-votes/2014/柯文哲-village-votes-page-5.json;data/raw/openfun/tw.gov.cec~txn~candidates-votes/2014/連勝文-village-votes-page-5.json,matched,polling-station-single-village; polling-station-single-village
2014,大安區,大學里,大學里,柯文哲（本研究列為綠營）,連勝文,2655,2067,56.226175,43.773825,12.452351,data/raw/openfun/tw.gov.cec~txn~candidates-votes/2014/柯文哲-village-votes-page-7.json;data/raw/openfun/tw.gov.cec~txn~candidates-votes/2014/連勝文-village-votes-page-7.json,matched,polling-station-single-village; polling-station-single-village
2014,大安區,仁愛里,仁愛里,柯文哲（本研究列為綠營）,連勝文,1354,1391,49.326047,50.673953,-1.347905,data/raw/openfun/tw.gov.cec~txn~candidates-votes/2014/柯文哲-village-votes-page-7.json;data/raw/openfun/tw.gov.cec~txn~candidates-votes/2014/連勝文-village-votes-page-7.json,matched,polling-station-single-village; polling-station-single-village
2014,大安區,仁慈里,仁慈里,柯文哲（本研究列為綠營）,連勝文,1652,1183,58.271605,41.728395,16.543210,data/raw/openfun/tw.gov.cec~txn~candidates-votes/2014/柯文哲-village-votes-page-6.json;data/raw/openfun/tw.gov.cec~txn~candidates-votes/2014/連勝文-village-votes-page-6.json,matched,polling-station-single-village; polling-station-single-village
2014,大安區,古風里,古風里,柯文哲（本研究列為綠營）,連勝文,1405,1029,57.723911,42.276089,15.447823,data/raw/openfun/tw.gov.cec~txn~candidates-votes/2014/柯文哲-village-votes-page-7.json;data/raw/openfun/tw.gov.cec~txn~candidates-votes/2014/連勝文-village-votes-page-7.json,matched,polling-station-single-village; polling-station-single-village
2014,大安區,古莊里,古莊里,柯文哲（本研究列為綠營）,連勝文,2250,1690,57.106599,42.893401,14.213198,data/raw/openfun/tw.gov.cec~txn~candidates-votes/2014/柯文哲-village-votes-page-7.json;data/raw/openfun/tw.gov.cec~txn~candidates-votes/2014/連勝文-village-votes-page-7.json,matched,polling-station-single-village; polling-station-single-village
2014,大安區,正聲里,正聲里,柯文哲（本研究列為綠營）,連勝文,1359,1253,52.029096,47.970904,4.058193,data/raw/openfun/tw.gov.cec~txn~candidates-votes/2014/柯文哲-village-votes-page-7.json;data/raw/openfun/tw.gov.cec~txn~candidates-votes/2014/連勝文-village-votes-page-7.json,matched,polling-station-single-village; polling-station-single-village
2014,大安區,民炤里,民炤里,柯文哲（本研究列為綠營）,連勝文,2567,1800,58.781772,41.218228,17.563545,data/raw/openfun/tw.gov.cec~txn~candidates-votes/2014/柯文哲-village-votes-page-6.json;data/raw/openfun/tw.gov.cec~txn~candidates-votes/2014/連勝文-village-votes-page-6.json,matched,polling-station-single-village; polling-station-single-village
2014,大安區,民輝里,民輝里,柯文哲（本研究列為綠營）,連勝文,2180,1620,57.368421,42.631579,14.736842,data/raw/openfun/tw.gov.cec~txn~candidates-votes/2014/柯文哲-village-votes-page-7.json;data/raw/openfun/tw.gov.cec~txn~candidates-votes/2014/連勝文-village-votes-page-7.json,matched,polling-station-single-village; polling-station-single-village
2014,大安區,永康里,永康里,柯文哲（本研究列為綠營）,連勝文,1087,910,54.431647,45.568353,8.863295,data/raw/openfun/tw.gov.cec~txn~candidates-votes/2014/柯文哲-village-votes-page-7.json;data/raw/openfun/tw.gov.cec~txn~candidates-votes/2014/連勝文-village-votes-page-7.json,matched,polling-station-single-village; polling-station-single-village
2014,大安區,光明里,光明里,柯文哲（本研究列為綠營）,連勝文,1088,769,58.589122,41.410878,17.178244,data/raw/openfun/tw.gov.cec~txn~candidates-votes/2014/柯文哲-village-votes-page-7.json;data/raw/openfun/tw.gov.cec~txn~candidates-votes/2014/連勝文-village-votes-page-7.json,matched,polling-station-single-village; polling-station-single-village
2014,大安區,光武里,光武里,柯文哲（本研究列為綠營）,連勝文,2218,1949,53.227742,46.772258,6.455484,data/raw/openfun/tw.gov.cec~txn~candidates-votes/2014/柯文哲-village-votes-page-7.json;data/raw/openfun/tw.gov.cec~txn~candidates-votes/2014/連勝文-village-votes-page-7.json,matched,polling-station-single-village; polling-station-single-village
2014,大安區,光信里,光信里,柯文哲（本研究列為綠營）,連勝文,2374,2091,53.169093,46.830907,6.338186,data/raw/openfun/tw.gov.cec~txn~candidates-votes/2014/柯文哲-village-votes-page-7.json;data/raw/openfun/tw.gov.cec~txn~candidates-votes/2014/連勝文-village-votes-page-7.json,matched,polling-station-single-village; polling-station-single-village
2014,大安區,全安里,全安里,柯文哲（本研究列為綠營）,連勝文,1299,1150,53.042058,46.957942,6.084116,data/raw/openfun/tw.gov.cec~txn~candidates-votes/2014/柯文哲-village-votes-page-7.json;data/raw/openfun/tw.gov.cec~txn~candidates-votes/2014/連勝文-village-votes-page-7.json,matched,polling-station-single-village; polling-station-single-village
2014,大安區,住安里,住安里,柯文哲（本研究列為綠營）,連勝文,1481,1372,51.910270,48.089730,3.820540,data/raw/openfun/tw.gov.cec~txn~candidates-votes/2014/柯文哲-village-votes-page-7.json;data/raw/openfun/tw.gov.cec~txn~candidates-votes/2014/連勝文-village-votes-page-7.json,matched,polling-station-single-village; polling-station-single-village
2014,大安區,車層里,車層里,柯文哲（本研究列為綠營）,連勝文,1963,1546,55.941864,44.058136,11.883728,data/raw/openfun/tw.gov.cec~txn~candidates-votes/2014/柯文哲-village-votes-page-7.json;data/raw/openfun/tw.gov.cec~txn~candidates-votes/2014/連勝文-village-votes-page-7.json,matched,polling-station-single-village; polling-station-single-village
2014,大安區,和安里,和安里,柯文哲（本研究列為綠營）,連勝文,1920,1682,53.303720,46.696280,6.607440,data/raw/openfun/tw.gov.cec~txn~candidates-votes/2014/柯文哲-village-votes-page-6.json;data/raw/openfun/tw.gov.cec~txn~candidates-votes/2014/連勝文-village-votes-page-6.json,matched,polling-station-single-village; polling-station-single-village
2014,大安區,昌隆里,昌隆里,柯文哲（本研究列為綠營）,連勝文,1039,715,59.236032,40.763968,18.472064,data/raw/openfun/tw.gov.cec~txn~candidates-votes/2014/柯文哲-village-votes-page-7.json;data/raw/openfun/tw.gov.cec~txn~candidates-votes/2014/連勝文-village-votes-page-7.json,matched,polling-station-single-village; polling-station-single-village
2014,大安區,法治里,法治里,柯文哲（本研究列為綠營）,連勝文,1288,1261,50.529619,49.470381,1.059239,data/raw/openfun/tw.gov.cec~txn~candidates-votes/2014/柯文哲-village-votes-page-7.json;data/raw/openfun/tw.gov.cec~txn~candidates-votes/2014/連勝文-village-votes-page-7.json,matched,polling-station-single-village; polling-station-single-village
2014,大安區,臥龍里,臥龍里,柯文哲（本研究列為綠營）,連勝文,490,543,47.434656,52.565344,-5.130687,data/raw/openfun/tw.gov.cec~txn~candidates-votes/2014/柯文哲-village-votes-page-7.json;data/raw/openfun/tw.gov.cec~txn~candidates-votes/2014/連勝文-village-votes-page-7.json,matched,polling-station-single-village; polling-station-single-village
2014,大安區,芳和里,芳和里,柯文哲（本研究列為綠營）,連勝文,1768,1552,53.253012,46.746988,6.506024,data/raw/openfun/tw.gov.cec~txn~candidates-votes/2014/柯文哲-village-votes-page-7.json;data/raw/openfun/tw.gov.cec~txn~candidates-votes/2014/連勝文-village-votes-page-7.json,matched,polling-station-single-village; polling-station-single-village
2014,大安區,虎嘯里,虎嘯里,柯文哲（本研究列為綠營）,連勝文,1044,1016,50.679612,49.320388,1.359223,data/raw/openfun/tw.gov.cec~txn~candidates-votes/2014/柯文哲-village-votes-page-7.json;data/raw/openfun/tw.gov.cec~txn~candidates-votes/2014/連勝文-village-votes-page-7.json,matched,polling-station-single-village; polling-station-single-village
2014,大安區,建安里,建安里,柯文哲（本研究列為綠營）,連勝文,1309,1312,49.942770,50.057230,-0.114460,data/raw/openfun/tw.gov.cec~txn~candidates-votes/2014/柯文哲-village-votes-page-7.json;data/raw/openfun/tw.gov.cec~txn~candidates-votes/2014/連勝文-village-votes-page-7.json,matched,polling-station-single-village; polling-station-single-village
2014,大安區,建倫里,建倫里,柯文哲（本研究列為綠營）,連勝文,1621,1578,50.672085,49.327915,1.344170,data/raw/openfun/tw.gov.cec~txn~candidates-votes/2014/柯文哲-village-votes-page-7.json;data/raw/openfun/tw.gov.cec~txn~candidates-votes/2014/連勝文-village-votes-page-7.json,matched,polling-station-single-village; polling-station-single-village
2014,大安區,通化里,通化里,柯文哲（本研究列為綠營）,連勝文,2157,1450,59.800388,40.199612,19.600776,data/raw/openfun/tw.gov.cec~txn~candidates-votes/2014/柯文哲-village-votes-page-7.json;data/raw/openfun/tw.gov.cec~txn~candidates-votes/2014/連勝文-village-votes-page-7.json,matched,polling-station-single-village; polling-station-single-village
2014,大安區,通安里,通安里,柯文哲（本研究列為綠營）,連勝文,1811,1405,56.312189,43.687811,12.624378,data/raw/openfun/tw.gov.cec~txn~candidates-votes/2014/柯文哲-village-votes-page-7.json;data/raw/openfun/tw.gov.cec~txn~candidates-votes/2014/連勝文-village-votes-page-7.json,matched,polling-station-single-village; polling-station-single-village
2014,大安區,敦安里,敦安里,柯文哲（本研究列為綠營）,連勝文,1847,1444,56.122759,43.877241,12.245518,data/raw/openfun/tw.gov.cec~txn~candidates-votes/2014/柯文哲-village-votes-page-7.json;data/raw/openfun/tw.gov.cec~txn~candidates-votes/2014/連勝文-village-votes-page-7.json,matched,polling-station-single-village; polling-station-single-village
2014,大安區,敦煌里,敦煌里,柯文哲（本研究列為綠營）,連勝文,1852,1475,55.665765,44.334235,11.331530,data/raw/openfun/tw.gov.cec~txn~candidates-votes/2014/柯文哲-village-votes-page-7.json;data/raw/openfun/tw.gov.cec~txn~candidates-votes/2014/連勝文-village-votes-page-7.json,matched,polling-station-single-village; polling-station-single-village
2014,大安區,華聲里,華聲里,柯文哲（本研究列為綠營）,連勝文,1214,1038,53.907638,46.092362,7.815275,data/raw/openfun/tw.gov.cec~txn~candidates-votes/2014/柯文哲-village-votes-page-7.json;data/raw/openfun/tw.gov.cec~txn~candidates-votes/2014/連勝文-village-votes-page-7.json,matched,polling-station-single-village; polling-station-single-village
2014,大安區,新龍里,新龍里,柯文哲（本研究列為綠營）,連勝文,1699,2088,44.864008,55.135992,-10.271983,data/raw/openfun/tw.gov.cec~txn~candidates-votes/2014/柯文哲-village-votes-page-7.json;data/raw/openfun/tw.gov.cec~txn~candidates-votes/2014/連勝文-village-votes-page-7.json,matched,polling-station-single-village; polling-station-single-village
2014,大安區,群英里,群英里,柯文哲（本研究列為綠營）,連勝文,1578,2529,38.422206,61.577794,-23.155588,data/raw/openfun/tw.gov.cec~txn~candidates-votes/2014/柯文哲-village-votes-page-7.json;data/raw/openfun/tw.gov.cec~txn~candidates-votes/2014/連勝文-village-votes-page-7.json,matched,polling-station-single-village; polling-station-single-village
2014,大安區,群賢里,群賢里,柯文哲（本研究列為綠營）,連勝文,1637,1650,49.802251,50.197749,-0.395497,data/raw/openfun/tw.gov.cec~txn~candidates-votes/2014/柯文哲-village-votes-page-7.json;data/raw/openfun/tw.gov.cec~txn~candidates-votes/2014/連勝文-village-votes-page-7.json,matched,polling-station-single-village; polling-station-single-village
2014,大安區,義安里,義安里,柯文哲（本研究列為綠營）,連勝文,1464,1531,48.881469,51.118531,-2.237062,data/raw/openfun/tw.gov.cec~txn~candidates-votes/2014/柯文哲-village-votes-page-7.json;data/raw/openfun/tw.gov.cec~txn~candidates-votes/2014/連勝文-village-votes-page-7.json,matched,polling-station-single-village; polling-station-single-village
2014,大安區,義村里,義村里,柯文哲（本研究列為綠營）,連勝文,1442,2005,41.833478,58.166522,-16.333043,data/raw/openfun/tw.gov.cec~txn~candidates-votes/2014/柯文哲-village-votes-page-7.json;data/raw/openfun/tw.gov.cec~txn~candidates-votes/2014/連勝文-village-votes-page-7.json,matched,polling-station-single-village; polling-station-single-village
2014,大安區,誠安里,誠安里,柯文哲（本研究列為綠營）,連勝文,1331,1053,55.830537,44.169463,11.661074,data/raw/openfun/tw.gov.cec~txn~candidates-votes/2014/柯文哲-village-votes-page-7.json;data/raw/openfun/tw.gov.cec~txn~candidates-votes/2014/連勝文-village-votes-page-7.json,matched,polling-station-single-village; polling-station-single-village
2014,大安區,福住里,福住里,柯文哲（本研究列為綠營）,連勝文,1887,1416,57.129882,42.870118,14.259764,data/raw/openfun/tw.gov.cec~txn~candidates-votes/2014/柯文哲-village-votes-page-7.json;data/raw/openfun/tw.gov.cec~txn~candidates-votes/2014/連勝文-village-votes-page-7.json,matched,polling-station-single-village; polling-station-single-village
2014,大安區,德安里,德安里,柯文哲（本研究列為綠營）,連勝文,1489,1520,49.484879,50.515121,-1.030243,data/raw/openfun/tw.gov.cec~txn~candidates-votes/2014/柯文哲-village-votes-page-6.json;data/raw/openfun/tw.gov.cec~txn~candidates-votes/2014/連勝文-village-votes-page-6.json,matched,polling-station-single-village; polling-station-single-village
2014,大安區,黎元里,黎元里,柯文哲（本研究列為綠營）,連勝文,1854,1389,57.169288,42.830712,14.338575,data/raw/openfun/tw.gov.cec~txn~candidates-votes/2014/柯文哲-village-votes-page-7.json;data/raw/openfun/tw.gov.cec~txn~candidates-votes/2014/連勝文-village-votes-page-7.json,matched,polling-station-single-village; polling-station-single-village
2014,大安區,黎孝里,黎孝里,柯文哲（本研究列為綠營）,連勝文,2459,2157,53.271231,46.728769,6.542461,data/raw/openfun/tw.gov.cec~txn~candidates-votes/2014/柯文哲-village-votes-page-7.json;data/raw/openfun/tw.gov.cec~txn~candidates-votes/2014/連勝文-village-votes-page-7.json,matched,polling-station-single-village; polling-station-single-village
2014,大安區,黎和里,黎和里,柯文哲（本研究列為綠營）,連勝文,1379,1386,49.873418,50.126582,-0.253165,data/raw/openfun/tw.gov.cec~txn~candidates-votes/2014/柯文哲-village-votes-page-7.json;data/raw/openfun/tw.gov.cec~txn~candidates-votes/2014/連勝文-village-votes-page-7.json,matched,polling-station-single-village; polling-station-single-village
2014,大安區,學府里,學府里,柯文哲（本研究列為綠營）,連勝文,724,894,44.746601,55.253399,-10.506799,data/raw/openfun/tw.gov.cec~txn~candidates-votes/2014/柯文哲-village-votes-page-7.json;data/raw/openfun/tw.gov.cec~txn~candidates-votes/2014/連勝文-village-votes-page-7.json,matched,polling-station-single-village; polling-station-single-village
2014,大安區,錦安里,錦安里,柯文哲（本研究列為綠營）,連勝文,1740,1476,54.104478,45.895522,8.208955,data/raw/openfun/tw.gov.cec~txn~candidates-votes/2014/柯文哲-village-votes-page-7.json;data/raw/openfun/tw.gov.cec~txn~candidates-votes/2014/連勝文-village-votes-page-7.json,matched,polling-station-single-village; polling-station-single-village
2014,大安區,錦泰里,錦泰里,柯文哲（本研究列為綠營）,連勝文,1019,927,52.363823,47.636177,4.727646,data/raw/openfun/tw.gov.cec~txn~candidates-votes/2014/柯文哲-village-votes-page-7.json;data/raw/openfun/tw.gov.cec~txn~candidates-votes/2014/連勝文-village-votes-page-7.json,matched,polling-station-single-village; polling-station-single-village
2014,大安區,錦華里,錦華里,柯文哲（本研究列為綠營）,連勝文,1675,1394,54.578038,45.421962,9.156077,data/raw/openfun/tw.gov.cec~txn~candidates-votes/2014/柯文哲-village-votes-page-7.json;data/raw/openfun/tw.gov.cec~txn~candidates-votes/2014/連勝文-village-votes-page-7.json,matched,polling-station-single-village; polling-station-single-village
2014,大安區,龍生里,龍生里,柯文哲（本研究列為綠營）,連勝文,1893,1745,52.034085,47.965915,4.068169,data/raw/openfun/tw.gov.cec~txn~candidates-votes/2014/柯文哲-village-votes-page-7.json;data/raw/openfun/tw.gov.cec~txn~candidates-votes/2014/連勝文-village-votes-page-7.json,matched,polling-station-single-village; polling-station-single-village
2014,大安區,龍安里,龍安里,柯文哲（本研究列為綠營）,連勝文,1950,1504,56.456283,43.543717,12.912565,data/raw/openfun/tw.gov.cec~txn~candidates-votes/2014/柯文哲-village-votes-page-7.json;data/raw/openfun/tw.gov.cec~txn~candidates-votes/2014/連勝文-village-votes-page-7.json,matched,polling-station-single-village; polling-station-single-village
2014,大安區,龍坡里,龍坡里,柯文哲（本研究列為綠營）,連勝文,1659,1428,53.741497,46.258503,7.482993,data/raw/openfun/tw.gov.cec~txn~candidates-votes/2014/柯文哲-village-votes-page-7.json;data/raw/openfun/tw.gov.cec~txn~candidates-votes/2014/連勝文-village-votes-page-7.json,matched,polling-station-single-village; polling-station-single-village
2014,大安區,龍門里,龍門里,柯文哲（本研究列為綠營）,連勝文,1329,1048,55.910812,44.089188,11.821624,data/raw/openfun/tw.gov.cec~txn~candidates-votes/2014/柯文哲-village-votes-page-7.json;data/raw/openfun/tw.gov.cec~txn~candidates-votes/2014/連勝文-village-votes-page-7.json,matched,polling-station-single-village; polling-station-single-village
2014,大安區,龍泉里,龍泉里,柯文哲（本研究列為綠營）,連勝文,1568,1089,59.013925,40.986075,18.027851,data/raw/openfun/tw.gov.cec~txn~candidates-votes/2014/柯文哲-village-votes-page-7.json;data/raw/openfun/tw.gov.cec~txn~candidates-votes/2014/連勝文-village-votes-page-7.json,matched,polling-station-single-village; polling-station-single-village
2014,大安區,龍陣里,龍陣里,柯文哲（本研究列為綠營）,連勝文,1131,964,53.985680,46.014320,7.971360,data/raw/openfun/tw.gov.cec~txn~candidates-votes/2014/柯文哲-village-votes-page-7.json;data/raw/openfun/tw.gov.cec~txn~candidates-votes/2014/連勝文-village-votes-page-7.json,matched,polling-station-single-village; polling-station-single-village
2014,大安區,龍淵里,龍淵里,柯文哲（本研究列為綠營）,連勝文,2861,2190,56.642249,43.357751,13.284498,data/raw/openfun/tw.gov.cec~txn~candidates-votes/2014/柯文哲-village-votes-page-7.json;data/raw/openfun/tw.gov.cec~txn~candidates-votes/2014/連勝文-village-votes-page-7.json,matched,polling-station-single-village; polling-station-single-village
2014,大安區,龍雲里,龍雲里,柯文哲（本研究列為綠營）,連勝文,1497,1255,54.396802,45.603198,8.793605,data/raw/openfun/tw.gov.cec~txn~candidates-votes/2014/柯文哲-village-votes-page-7.json;data/raw/openfun/tw.gov.cec~txn~candidates-votes/2014/連勝文-village-votes-page-7.json,matched,polling-station-single-village; polling-station-single-village
2014,大安區,龍圖里,龍圖里,柯文哲（本研究列為綠營）,連勝文,1984,1755,53.062316,46.937684,6.124632,data/raw/openfun/tw.gov.cec~txn~candidates-votes/2014/柯文哲-village-votes-page-7.json;data/raw/openfun/tw.gov.cec~txn~candidates-votes/2014/連勝文-village-votes-page-7.json,matched,polling-station-single-village; polling-station-single-village
2014,大安區,臨江里,臨江里,柯文哲（本研究列為綠營）,連勝文,1390,1071,56.481105,43.518895,12.962210,data/raw/openfun/tw.gov.cec~txn~candidates-votes/2014/柯文哲-village-votes-page-7.json;data/raw/openfun/tw.gov.cec~txn~candidates-votes/2014/連勝文-village-votes-page-7.json,matched,polling-station-single-village; polling-station-single-village
2014,中山區,力行里,力行里,柯文哲（本研究列為綠營）,連勝文,2184,1141,65.684211,34.315789,31.368421,data/raw/openfun/tw.gov.cec~txn~candidates-votes/2014/柯文哲-village-votes-page-5.json;data/raw/openfun/tw.gov.cec~txn~candidates-votes/2014/連勝文-village-votes-page-5.json,matched,polling-station-single-village; polling-station-single-village
2014,中山區,下埤里,下埤里,柯文哲（本研究列為綠營）,連勝文,2931,1653,63.939791,36.060209,27.879581,data/raw/openfun/tw.gov.cec~txn~candidates-votes/2014/柯文哲-village-votes-page-5.json;data/raw/openfun/tw.gov.cec~txn~candidates-votes/2014/連勝文-village-votes-page-5.json,matched,polling-station-single-village; polling-station-single-village
2014,中山區,大佳里,大佳里,柯文哲（本研究列為綠營）,連勝文,494,166,74.848485,25.151515,49.696970,data/raw/openfun/tw.gov.cec~txn~candidates-votes/2014/柯文哲-village-votes-page-5.json;data/raw/openfun/tw.gov.cec~txn~candidates-votes/2014/連勝文-village-votes-page-5.json,matched,polling-station-single-village; polling-station-single-village
2014,中山區,大直里,大直里,柯文哲（本研究列為綠營）,連勝文,3030,2395,55.852535,44.147465,11.705069,data/raw/openfun/tw.gov.cec~txn~candidates-votes/2014/柯文哲-village-votes-page-5.json;data/raw/openfun/tw.gov.cec~txn~candidates-votes/2014/連勝文-village-votes-page-5.json,matched,polling-station-single-village; polling-station-single-village
2014,中山區,中山里,中山里,柯文哲（本研究列為綠營）,連勝文,2119,1285,62.250294,37.749706,24.500588,data/raw/openfun/tw.gov.cec~txn~candidates-votes/2014/柯文哲-village-votes-page-4.json;data/raw/openfun/tw.gov.cec~txn~candidates-votes/2014/連勝文-village-votes-page-4.json,matched,polling-station-single-village; polling-station-single-village
2014,中山區,中央里,中央里,柯文哲（本研究列為綠營）,連勝文,1295,824,61.113733,38.886267,22.227466,data/raw/openfun/tw.gov.cec~txn~candidates-votes/2014/柯文哲-village-votes-page-5.json;data/raw/openfun/tw.gov.cec~txn~candidates-votes/2014/連勝文-village-votes-page-5.json,matched,polling-station-single-village; polling-station-single-village
2014,中山區,中吉里,中吉里,柯文哲（本研究列為綠營）,連勝文,2206,1052,67.710252,32.289748,35.420503,data/raw/openfun/tw.gov.cec~txn~candidates-votes/2014/柯文哲-village-votes-page-5.json;data/raw/openfun/tw.gov.cec~txn~candidates-votes/2014/連勝文-village-votes-page-5.json,matched,polling-station-single-village; polling-station-single-village
2014,中山區,中庄里,中庄里,柯文哲（本研究列為綠營）,連勝文,1914,1020,65.235174,34.764826,30.470348,data/raw/openfun/tw.gov.cec~txn~candidates-votes/2014/柯文哲-village-votes-page-5.json;data/raw/openfun/tw.gov.cec~txn~candidates-votes/2014/連勝文-village-votes-page-5.json,matched,polling-station-single-village; polling-station-single-village
2014,中山區,中原里,中原里,柯文哲（本研究列為綠營）,連勝文,1933,1094,63.858606,36.141394,27.717212,data/raw/openfun/tw.gov.cec~txn~candidates-votes/2014/柯文哲-village-votes-page-5.json;data/raw/openfun/tw.gov.cec~txn~candidates-votes/2014/連勝文-village-votes-page-5.json,matched,polling-station-single-village; polling-station-single-village
2014,中山區,北安里,北安里,柯文哲（本研究列為綠營）,連勝文,805,815,49.691358,50.308642,-0.617284,data/raw/openfun/tw.gov.cec~txn~candidates-votes/2014/柯文哲-village-votes-page-5.json;data/raw/openfun/tw.gov.cec~txn~candidates-votes/2014/連勝文-village-votes-page-5.json,matched,polling-station-single-village; polling-station-single-village
2014,中山區,正守里,正守里,柯文哲（本研究列為綠營）,連勝文,1151,708,61.915008,38.084992,23.830016,data/raw/openfun/tw.gov.cec~txn~candidates-votes/2014/柯文哲-village-votes-page-4.json;data/raw/openfun/tw.gov.cec~txn~candidates-votes/2014/連勝文-village-votes-page-4.json,matched,polling-station-single-village; polling-station-single-village
2014,中山區,正得里,正得里,柯文哲（本研究列為綠營）,連勝文,1131,862,56.748620,43.251380,13.497240,data/raw/openfun/tw.gov.cec~txn~candidates-votes/2014/柯文哲-village-votes-page-4.json;data/raw/openfun/tw.gov.cec~txn~candidates-votes/2014/連勝文-village-votes-page-4.json,matched,polling-station-single-village; polling-station-single-village
2014,中山區,正義里,正義里,柯文哲（本研究列為綠營）,連勝文,1607,1136,58.585490,41.414510,17.170981,data/raw/openfun/tw.gov.cec~txn~candidates-votes/2014/柯文哲-village-votes-page-4.json;data/raw/openfun/tw.gov.cec~txn~candidates-votes/2014/連勝文-village-votes-page-4.json,matched,polling-station-single-village; polling-station-single-village
2014,中山區,民安里,民安里,柯文哲（本研究列為綠營）,連勝文,1769,972,64.538490,35.461510,29.076979,data/raw/openfun/tw.gov.cec~txn~candidates-votes/2014/柯文哲-village-votes-page-4.json;data/raw/openfun/tw.gov.cec~txn~candidates-votes/2014/連勝文-village-votes-page-4.json,matched,polling-station-single-village; polling-station-single-village
2014,中山區,永安里,永安里,柯文哲（本研究列為綠營）,連勝文,3059,2184,58.344459,41.655541,16.688919,data/raw/openfun/tw.gov.cec~txn~candidates-votes/2014/柯文哲-village-votes-page-5.json;data/raw/openfun/tw.gov.cec~txn~candidates-votes/2014/連勝文-village-votes-page-5.json,matched,polling-station-single-village; polling-station-single-village
2014,中山區,成功里,成功里,柯文哲（本研究列為綠營）,連勝文,2018,1394,59.144197,40.855803,18.288394,data/raw/openfun/tw.gov.cec~txn~candidates-votes/2014/柯文哲-village-votes-page-5.json;data/raw/openfun/tw.gov.cec~txn~candidates-votes/2014/連勝文-village-votes-page-5.json,matched,polling-station-single-village; polling-station-single-village
2014,中山區,朱崙里,朱崙里,柯文哲（本研究列為綠營）,連勝文,985,622,61.294337,38.705663,22.588675,data/raw/openfun/tw.gov.cec~txn~candidates-votes/2014/柯文哲-village-votes-page-5.json;data/raw/openfun/tw.gov.cec~txn~candidates-votes/2014/連勝文-village-votes-page-5.json,matched,polling-station-single-village; polling-station-single-village
2014,中山區,朱園里,朱園里,柯文哲（本研究列為綠營）,連勝文,1654,935,63.885670,36.114330,27.771340,data/raw/openfun/tw.gov.cec~txn~candidates-votes/2014/柯文哲-village-votes-page-5.json;data/raw/openfun/tw.gov.cec~txn~candidates-votes/2014/連勝文-village-votes-page-5.json,matched,polling-station-single-village; polling-station-single-village
2014,中山區,朱馥里,朱馥里,柯文哲（本研究列為綠營）,連勝文,2015,1404,58.935361,41.064639,17.870722,data/raw/openfun/tw.gov.cec~txn~candidates-votes/2014/柯文哲-village-votes-page-5.json;data/raw/openfun/tw.gov.cec~txn~candidates-votes/2014/連勝文-village-votes-page-5.json,matched,polling-station-single-village; polling-station-single-village
2014,中山區,江山里,江山里,柯文哲（本研究列為綠營）,連勝文,2903,1596,64.525450,35.474550,29.050900,data/raw/openfun/tw.gov.cec~txn~candidates-votes/2014/柯文哲-village-votes-page-5.json;data/raw/openfun/tw.gov.cec~txn~candidates-votes/2014/連勝文-village-votes-page-5.json,matched,polling-station-single-village; polling-station-single-village
2014,中山區,江寧里,江寧里,柯文哲（本研究列為綠營）,連勝文,2434,1580,60.637768,39.362232,21.275536,data/raw/openfun/tw.gov.cec~txn~candidates-votes/2014/柯文哲-village-votes-page-5.json;data/raw/openfun/tw.gov.cec~txn~candidates-votes/2014/連勝文-village-votes-page-5.json,matched,polling-station-single-village; polling-station-single-village
2014,中山區,行仁里,行仁里,柯文哲（本研究列為綠營）,連勝文,3294,1662,66.464891,33.535109,32.929782,data/raw/openfun/tw.gov.cec~txn~candidates-votes/2014/柯文哲-village-votes-page-5.json;data/raw/openfun/tw.gov.cec~txn~candidates-votes/2014/連勝文-village-votes-page-5.json,matched,polling-station-single-village; polling-station-single-village
2014,中山區,行孝里,行孝里,柯文哲（本研究列為綠營）,連勝文,1589,776,67.188161,32.811839,34.376321,data/raw/openfun/tw.gov.cec~txn~candidates-votes/2014/柯文哲-village-votes-page-5.json;data/raw/openfun/tw.gov.cec~txn~candidates-votes/2014/連勝文-village-votes-page-5.json,matched,polling-station-single-village; polling-station-single-village
2014,中山區,行政里,行政里,柯文哲（本研究列為綠營）,連勝文,2161,1352,61.514375,38.485625,23.028750,data/raw/openfun/tw.gov.cec~txn~candidates-votes/2014/柯文哲-village-votes-page-5.json;data/raw/openfun/tw.gov.cec~txn~candidates-votes/2014/連勝文-village-votes-page-5.json,matched,polling-station-single-village; polling-station-single-village
2014,中山區,松江里,松江里,柯文哲（本研究列為綠營）,連勝文,2502,1440,63.470320,36.529680,26.940639,data/raw/openfun/tw.gov.cec~txn~candidates-votes/2014/柯文哲-village-votes-page-5.json;data/raw/openfun/tw.gov.cec~txn~candidates-votes/2014/連勝文-village-votes-page-5.json,matched,polling-station-single-village; polling-station-single-village
2014,中山區,金泰里,金泰里,柯文哲（本研究列為綠營）,連勝文,2214,1681,56.842105,43.157895,13.684211,data/raw/openfun/tw.gov.cec~txn~candidates-votes/2014/柯文哲-village-votes-page-5.json;data/raw/openfun/tw.gov.cec~txn~candidates-votes/2014/連勝文-village-votes-page-5.json,matched,polling-station-single-village; polling-station-single-village
2014,中山區,恆安里,恆安里,柯文哲（本研究列為綠營）,連勝文,1518,1041,59.320047,40.679953,18.640094,data/raw/openfun/tw.gov.cec~txn~candidates-votes/2014/柯文哲-village-votes-page-5.json;data/raw/openfun/tw.gov.cec~txn~candidates-votes/2014/連勝文-village-votes-page-5.json,matched,polling-station-single-village; polling-station-single-village
2014,中山區,埤頭里,埤頭里,柯文哲（本研究列為綠營）,連勝文,1172,834,58.424726,41.575274,16.849452,data/raw/openfun/tw.gov.cec~txn~candidates-votes/2014/柯文哲-village-votes-page-5.json;data/raw/openfun/tw.gov.cec~txn~candidates-votes/2014/連勝文-village-votes-page-5.json,matched,polling-station-single-village; polling-station-single-village
2014,中山區,康樂里,康樂里,柯文哲（本研究列為綠營）,連勝文,826,598,58.005618,41.994382,16.011236,data/raw/openfun/tw.gov.cec~txn~candidates-votes/2014/柯文哲-village-votes-page-4.json;data/raw/openfun/tw.gov.cec~txn~candidates-votes/2014/連勝文-village-votes-page-4.json,matched,polling-station-single-village; polling-station-single-village
2014,中山區,復華里,復華里,柯文哲（本研究列為綠營）,連勝文,1336,1184,53.015873,46.984127,6.031746,data/raw/openfun/tw.gov.cec~txn~candidates-votes/2014/柯文哲-village-votes-page-5.json;data/raw/openfun/tw.gov.cec~txn~candidates-votes/2014/連勝文-village-votes-page-5.json,matched,polling-station-single-village; polling-station-single-village
2014,中山區,晴光里,晴光里,柯文哲（本研究列為綠營）,連勝文,1704,1186,58.961938,41.038062,17.923875,data/raw/openfun/tw.gov.cec~txn~candidates-votes/2014/柯文哲-village-votes-page-5.json;data/raw/openfun/tw.gov.cec~txn~candidates-votes/2014/連勝文-village-votes-page-5.json,matched,polling-station-single-village; polling-station-single-village
2014,中山區,集英里,集英里,柯文哲（本研究列為綠營）,連勝文,2638,1353,66.098722,33.901278,32.197444,data/raw/openfun/tw.gov.cec~txn~candidates-votes/2014/柯文哲-village-votes-page-4.json;data/raw/openfun/tw.gov.cec~txn~candidates-votes/2014/連勝文-village-votes-page-4.json,matched,polling-station-single-village; polling-station-single-village
2014,中山區,圓山里,圓山里,柯文哲（本研究列為綠營）,連勝文,1510,898,62.707641,37.292359,25.415282,data/raw/openfun/tw.gov.cec~txn~candidates-votes/2014/柯文哲-village-votes-page-5.json;data/raw/openfun/tw.gov.cec~txn~candidates-votes/2014/連勝文-village-votes-page-5.json,matched,polling-station-single-village; polling-station-single-village
2014,中山區,新生里,新生里,柯文哲（本研究列為綠營）,連勝文,1993,1011,66.344874,33.655126,32.689747,data/raw/openfun/tw.gov.cec~txn~candidates-votes/2014/柯文哲-village-votes-page-5.json;data/raw/openfun/tw.gov.cec~txn~candidates-votes/2014/連勝文-village-votes-page-5.json,matched,polling-station-single-village; polling-station-single-village
2014,中山區,新庄里,新庄里,柯文哲（本研究列為綠營）,連勝文,1925,1042,64.880351,35.119649,29.760701,data/raw/openfun/tw.gov.cec~txn~candidates-votes/2014/柯文哲-village-votes-page-5.json;data/raw/openfun/tw.gov.cec~txn~candidates-votes/2014/連勝文-village-votes-page-5.json,matched,polling-station-single-village; polling-station-single-village
2014,中山區,新喜里,新喜里,柯文哲（本研究列為綠營）,連勝文,2024,1019,66.513309,33.486691,33.026618,data/raw/openfun/tw.gov.cec~txn~candidates-votes/2014/柯文哲-village-votes-page-5.json;data/raw/openfun/tw.gov.cec~txn~candidates-votes/2014/連勝文-village-votes-page-5.json,matched,polling-station-single-village; polling-station-single-village
2014,中山區,新福里,新福里,柯文哲（本研究列為綠營）,連勝文,2038,922,68.851351,31.148649,37.702703,data/raw/openfun/tw.gov.cec~txn~candidates-votes/2014/柯文哲-village-votes-page-5.json;data/raw/openfun/tw.gov.cec~txn~candidates-votes/2014/連勝文-village-votes-page-5.json,matched,polling-station-single-village; polling-station-single-village
2014,中山區,聚盛里,聚盛里,柯文哲（本研究列為綠營）,連勝文,1341,1011,57.015306,42.984694,14.030612,data/raw/openfun/tw.gov.cec~txn~candidates-votes/2014/柯文哲-village-votes-page-4.json;data/raw/openfun/tw.gov.cec~txn~candidates-votes/2014/連勝文-village-votes-page-4.json,matched,polling-station-single-village; polling-station-single-village
2014,中山區,聚葉里,聚葉里,柯文哲（本研究列為綠營）,連勝文,1334,874,60.416667,39.583333,20.833333,data/raw/openfun/tw.gov.cec~txn~candidates-votes/2014/柯文哲-village-votes-page-5.json;data/raw/openfun/tw.gov.cec~txn~candidates-votes/2014/連勝文-village-votes-page-5.json,matched,polling-station-single-village; polling-station-single-village
2014,中山區,劍潭里,劍潭里,柯文哲（本研究列為綠營）,連勝文,638,1490,29.981203,70.018797,-40.037594,data/raw/openfun/tw.gov.cec~txn~candidates-votes/2014/柯文哲-village-votes-page-5.json;data/raw/openfun/tw.gov.cec~txn~candidates-votes/2014/連勝文-village-votes-page-5.json,matched,polling-station-single-village; polling-station-single-village
2014,中山區,興亞里,興亞里,柯文哲（本研究列為綠營）,連勝文,1970,1017,65.952461,34.047539,31.904921,data/raw/openfun/tw.gov.cec~txn~candidates-votes/2014/柯文哲-village-votes-page-5.json;data/raw/openfun/tw.gov.cec~txn~candidates-votes/2014/連勝文-village-votes-page-5.json,matched,polling-station-single-village; polling-station-single-village
2014,中山區,龍洲里,龍洲里,柯文哲（本研究列為綠營）,連勝文,1224,1883,39.394915,60.605085,-21.210171,data/raw/openfun/tw.gov.cec~txn~candidates-votes/2014/柯文哲-village-votes-page-5.json;data/raw/openfun/tw.gov.cec~txn~candidates-votes/2014/連勝文-village-votes-page-5.json,matched,polling-station-single-village; polling-station-single-village
2014,中正區,三愛里,三愛里,柯文哲（本研究列為綠營）,連勝文,2701,2006,57.382622,42.617378,14.765243,data/raw/openfun/tw.gov.cec~txn~candidates-votes/2014/柯文哲-village-votes-page-6.json;data/raw/openfun/tw.gov.cec~txn~candidates-votes/2014/連勝文-village-votes-page-6.json,matched,polling-station-single-village; polling-station-single-village
2014,中正區,文北里,文北里,柯文哲（本研究列為綠營）,連勝文,1764,1256,58.410596,41.589404,16.821192,data/raw/openfun/tw.gov.cec~txn~candidates-votes/2014/柯文哲-village-votes-page-6.json;data/raw/openfun/tw.gov.cec~txn~candidates-votes/2014/連勝文-village-votes-page-6.json,matched,polling-station-single-village; polling-station-single-village
2014,中正區,文盛里,文盛里,柯文哲（本研究列為綠營）,連勝文,942,625,60.114869,39.885131,20.229738,data/raw/openfun/tw.gov.cec~txn~candidates-votes/2014/柯文哲-village-votes-page-5.json;data/raw/openfun/tw.gov.cec~txn~candidates-votes/2014/連勝文-village-votes-page-5.json,matched,polling-station-single-village; polling-station-single-village
2014,中正區,文祥里,文祥里,柯文哲（本研究列為綠營）,連勝文,2438,1805,57.459345,42.540655,14.918690,data/raw/openfun/tw.gov.cec~txn~candidates-votes/2014/柯文哲-village-votes-page-6.json;data/raw/openfun/tw.gov.cec~txn~candidates-votes/2014/連勝文-village-votes-page-6.json,matched,polling-station-single-village; polling-station-single-village
2014,中正區,水源里,水源里,柯文哲（本研究列為綠營）,連勝文,976,657,59.767299,40.232701,19.534599,data/raw/openfun/tw.gov.cec~txn~candidates-votes/2014/柯文哲-village-votes-page-5.json;data/raw/openfun/tw.gov.cec~txn~candidates-votes/2014/連勝文-village-votes-page-5.json,matched,polling-station-single-village; polling-station-single-village
2014,中正區,永功里,永功里,柯文哲（本研究列為綠營）,連勝文,2281,1406,61.866016,38.133984,23.732031,data/raw/openfun/tw.gov.cec~txn~candidates-votes/2014/柯文哲-village-votes-page-6.json;data/raw/openfun/tw.gov.cec~txn~candidates-votes/2014/連勝文-village-votes-page-6.json,matched,polling-station-single-village; polling-station-single-village
2014,中正區,永昌里,永昌里,柯文哲（本研究列為綠營）,連勝文,1819,1281,58.677419,41.322581,17.354839,data/raw/openfun/tw.gov.cec~txn~candidates-votes/2014/柯文哲-village-votes-page-6.json;data/raw/openfun/tw.gov.cec~txn~candidates-votes/2014/連勝文-village-votes-page-6.json,matched,polling-station-single-village; polling-station-single-village
2014,中正區,光復里,光復里,柯文哲（本研究列為綠營）,連勝文,1199,865,58.091085,41.908915,16.182171,data/raw/openfun/tw.gov.cec~txn~candidates-votes/2014/柯文哲-village-votes-page-6.json;data/raw/openfun/tw.gov.cec~txn~candidates-votes/2014/連勝文-village-votes-page-6.json,matched,polling-station-single-village; polling-station-single-village
2014,中正區,幸市里,幸市里,柯文哲（本研究列為綠營）,連勝文,1541,1096,58.437619,41.562381,16.875237,data/raw/openfun/tw.gov.cec~txn~candidates-votes/2014/柯文哲-village-votes-page-6.json;data/raw/openfun/tw.gov.cec~txn~candidates-votes/2014/連勝文-village-votes-page-6.json,matched,polling-station-single-village; polling-station-single-village
2014,中正區,幸福里,幸福里,柯文哲（本研究列為綠營）,連勝文,1400,1116,55.643879,44.356121,11.287758,data/raw/openfun/tw.gov.cec~txn~candidates-votes/2014/柯文哲-village-votes-page-6.json;data/raw/openfun/tw.gov.cec~txn~candidates-votes/2014/連勝文-village-votes-page-6.json,matched,polling-station-single-village; polling-station-single-village
2014,中正區,忠勤里,忠勤里,柯文哲（本研究列為綠營）,連勝文,2024,1738,53.801170,46.198830,7.602339,data/raw/openfun/tw.gov.cec~txn~candidates-votes/2014/柯文哲-village-votes-page-6.json;data/raw/openfun/tw.gov.cec~txn~candidates-votes/2014/連勝文-village-votes-page-6.json,matched,polling-station-single-village; polling-station-single-village
2014,中正區,東門里,東門里,柯文哲（本研究列為綠營）,連勝文,1184,1111,51.590414,48.409586,3.180828,data/raw/openfun/tw.gov.cec~txn~candidates-votes/2014/柯文哲-village-votes-page-6.json;data/raw/openfun/tw.gov.cec~txn~candidates-votes/2014/連勝文-village-votes-page-6.json,matched,polling-station-single-village; polling-station-single-village
2014,中正區,板溪里,板溪里,柯文哲（本研究列為綠營）,連勝文,1154,844,57.757758,42.242242,15.515516,data/raw/openfun/tw.gov.cec~txn~candidates-votes/2014/柯文哲-village-votes-page-6.json;data/raw/openfun/tw.gov.cec~txn~candidates-votes/2014/連勝文-village-votes-page-6.json,matched,polling-station-single-village; polling-station-single-village
2014,中正區,林興里,林興里,柯文哲（本研究列為綠營）,連勝文,1314,1308,50.114416,49.885584,0.228833,data/raw/openfun/tw.gov.cec~txn~candidates-votes/2014/柯文哲-village-votes-page-5.json;data/raw/openfun/tw.gov.cec~txn~candidates-votes/2014/連勝文-village-votes-page-5.json,matched,polling-station-single-village; polling-station-single-village
2014,中正區,河堤里,河堤里,柯文哲（本研究列為綠營）,連勝文,1422,1230,53.619910,46.380090,7.239819,data/raw/openfun/tw.gov.cec~txn~candidates-votes/2014/柯文哲-village-votes-page-5.json;data/raw/openfun/tw.gov.cec~txn~candidates-votes/2014/連勝文-village-votes-page-5.json,matched,polling-station-single-village; polling-station-single-village
2014,中正區,南門里,南門里,柯文哲（本研究列為綠營）,連勝文,791,754,51.197411,48.802589,2.394822,data/raw/openfun/tw.gov.cec~txn~candidates-votes/2014/柯文哲-village-votes-page-6.json;data/raw/openfun/tw.gov.cec~txn~candidates-votes/2014/連勝文-village-votes-page-6.json,matched,polling-station-single-village; polling-station-single-village
2014,中正區,南福里,南福里,柯文哲（本研究列為綠營）,連勝文,3162,2320,57.679679,42.320321,15.359358,data/raw/openfun/tw.gov.cec~txn~candidates-votes/2014/柯文哲-village-votes-page-6.json;data/raw/openfun/tw.gov.cec~txn~candidates-votes/2014/連勝文-village-votes-page-6.json,matched,polling-station-single-village; polling-station-single-village
2014,中正區,建國里,建國里,柯文哲（本研究列為綠營）,連勝文,426,381,52.788104,47.211896,5.576208,data/raw/openfun/tw.gov.cec~txn~candidates-votes/2014/柯文哲-village-votes-page-6.json;data/raw/openfun/tw.gov.cec~txn~candidates-votes/2014/連勝文-village-votes-page-6.json,matched,polling-station-single-village; polling-station-single-village
2014,中正區,梅花里,梅花里,柯文哲（本研究列為綠營）,連勝文,1027,747,57.891770,42.108230,15.783540,data/raw/openfun/tw.gov.cec~txn~candidates-votes/2014/柯文哲-village-votes-page-6.json;data/raw/openfun/tw.gov.cec~txn~candidates-votes/2014/連勝文-village-votes-page-6.json,matched,polling-station-single-village; polling-station-single-village
2014,中正區,頂東里,頂東里,柯文哲（本研究列為綠營）,連勝文,2093,1497,58.300836,41.699164,16.601671,data/raw/openfun/tw.gov.cec~txn~candidates-votes/2014/柯文哲-village-votes-page-5.json;data/raw/openfun/tw.gov.cec~txn~candidates-votes/2014/連勝文-village-votes-page-5.json,matched,polling-station-single-village; polling-station-single-village
2014,中正區,富水里,富水里,柯文哲（本研究列為綠營）,連勝文,561,749,42.824427,57.175573,-14.351145,data/raw/openfun/tw.gov.cec~txn~candidates-votes/2014/柯文哲-village-votes-page-5.json;data/raw/openfun/tw.gov.cec~txn~candidates-votes/2014/連勝文-village-votes-page-5.json,matched,polling-station-single-village; polling-station-single-village
2014,中正區,廈安里,廈安里,柯文哲（本研究列為綠營）,連勝文,1378,891,60.731600,39.268400,21.463200,data/raw/openfun/tw.gov.cec~txn~candidates-votes/2014/柯文哲-village-votes-page-6.json;data/raw/openfun/tw.gov.cec~txn~candidates-votes/2014/連勝文-village-votes-page-6.json,matched,polling-station-single-village; polling-station-single-village
2014,中正區,愛國里,愛國里,柯文哲（本研究列為綠營）,連勝文,1076,803,57.264502,42.735498,14.529005,data/raw/openfun/tw.gov.cec~txn~candidates-votes/2014/柯文哲-village-votes-page-6.json;data/raw/openfun/tw.gov.cec~txn~candidates-votes/2014/連勝文-village-votes-page-6.json,matched,polling-station-single-village; polling-station-single-village
2014,中正區,新營里,新營里,柯文哲（本研究列為綠營）,連勝文,2527,2292,52.438265,47.561735,4.876530,data/raw/openfun/tw.gov.cec~txn~candidates-votes/2014/柯文哲-village-votes-page-6.json;data/raw/openfun/tw.gov.cec~txn~candidates-votes/2014/連勝文-village-votes-page-6.json,matched,polling-station-single-village; polling-station-single-village
2014,中正區,網溪里,網溪里,柯文哲（本研究列為綠營）,連勝文,1975,1545,56.107955,43.892045,12.215909,data/raw/openfun/tw.gov.cec~txn~candidates-votes/2014/柯文哲-village-votes-page-5.json;data/raw/openfun/tw.gov.cec~txn~candidates-votes/2014/柯文哲-village-votes-page-6.json;data/raw/openfun/tw.gov.cec~txn~candidates-votes/2014/連勝文-village-votes-page-5.json;data/raw/openfun/tw.gov.cec~txn~candidates-votes/2014/連勝文-village-votes-page-6.json,matched,polling-station-single-village; polling-station-single-village
2014,中正區,黎明里,黎明里,柯文哲（本研究列為綠營）,連勝文,870,769,53.081147,46.918853,6.162294,data/raw/openfun/tw.gov.cec~txn~candidates-votes/2014/柯文哲-village-votes-page-6.json;data/raw/openfun/tw.gov.cec~txn~candidates-votes/2014/連勝文-village-votes-page-6.json,matched,polling-station-single-village; polling-station-single-village
2014,中正區,螢圃里,螢圃里,柯文哲（本研究列為綠營）,連勝文,1761,1459,54.689441,45.310559,9.378882,data/raw/openfun/tw.gov.cec~txn~candidates-votes/2014/柯文哲-village-votes-page-6.json;data/raw/openfun/tw.gov.cec~txn~candidates-votes/2014/連勝文-village-votes-page-6.json,matched,polling-station-single-village; polling-station-single-village
2014,中正區,螢雪里,螢雪里,柯文哲（本研究列為綠營）,連勝文,1564,1198,56.625634,43.374366,13.251267,data/raw/openfun/tw.gov.cec~txn~candidates-votes/2014/柯文哲-village-votes-page-6.json;data/raw/openfun/tw.gov.cec~txn~candidates-votes/2014/連勝文-village-votes-page-6.json,matched,polling-station-single-village; polling-station-single-village
2014,中正區,龍光里,龍光里,柯文哲（本研究列為綠營）,連勝文,1086,831,56.651017,43.348983,13.302034,data/raw/openfun/tw.gov.cec~txn~candidates-votes/2014/柯文哲-village-votes-page-6.json;data/raw/openfun/tw.gov.cec~txn~candidates-votes/2014/連勝文-village-votes-page-6.json,matched,polling-station-single-village; polling-station-single-village
2014,中正區,龍福里,龍福里,柯文哲（本研究列為綠營）,連勝文,1963,1460,57.347356,42.652644,14.694712,data/raw/openfun/tw.gov.cec~txn~candidates-votes/2014/柯文哲-village-votes-page-6.json;data/raw/openfun/tw.gov.cec~txn~candidates-votes/2014/連勝文-village-votes-page-6.json,matched,polling-station-single-village; polling-station-single-village
2014,中正區,龍興里,龍興里,柯文哲（本研究列為綠營）,連勝文,1366,896,60.389036,39.610964,20.778073,data/raw/openfun/tw.gov.cec~txn~candidates-votes/2014/柯文哲-village-votes-page-6.json;data/raw/openfun/tw.gov.cec~txn~candidates-votes/2014/連勝文-village-votes-page-6.json,matched,polling-station-single-village; polling-station-single-village
2014,內湖區,大湖里,大湖里,柯文哲（本研究列為綠營）,連勝文,1806,1334,57.515924,42.484076,15.031847,data/raw/openfun/tw.gov.cec~txn~candidates-votes/2014/柯文哲-village-votes-page-2.json;data/raw/openfun/tw.gov.cec~txn~candidates-votes/2014/連勝文-village-votes-page-2.json,matched,polling-station-single-village; polling-station-single-village
2014,內湖區,五分里,五分里,柯文哲（本研究列為綠營）,連勝文,3332,2065,61.738003,38.261997,23.476005,data/raw/openfun/tw.gov.cec~txn~candidates-votes/2014/柯文哲-village-votes-page-2.json;data/raw/openfun/tw.gov.cec~txn~candidates-votes/2014/連勝文-village-votes-page-2.json,matched,polling-station-single-village; polling-station-single-village
2014,內湖區,內湖里,內湖里,柯文哲（本研究列為綠營）,連勝文,1938,1524,55.979203,44.020797,11.958406,data/raw/openfun/tw.gov.cec~txn~candidates-votes/2014/柯文哲-village-votes-page-2.json;data/raw/openfun/tw.gov.cec~txn~candidates-votes/2014/連勝文-village-votes-page-2.json,matched,polling-station-single-village; polling-station-single-village
2014,內湖區,內溝里,內溝里,柯文哲（本研究列為綠營）,連勝文,1643,1093,60.051170,39.948830,20.102339,data/raw/openfun/tw.gov.cec~txn~candidates-votes/2014/柯文哲-village-votes-page-2.json;data/raw/openfun/tw.gov.cec~txn~candidates-votes/2014/連勝文-village-votes-page-2.json,matched,polling-station-single-village; polling-station-single-village
2014,內湖區,石潭里,石潭里,柯文哲（本研究列為綠營）,連勝文,1145,806,58.687852,41.312148,17.375705,data/raw/openfun/tw.gov.cec~txn~candidates-votes/2014/柯文哲-village-votes-page-3.json;data/raw/openfun/tw.gov.cec~txn~candidates-votes/2014/連勝文-village-votes-page-3.json,matched,polling-station-single-village; polling-station-single-village
2014,內湖區,安泰里,安泰里,柯文哲（本研究列為綠營）,連勝文,1803,1335,57.456979,42.543021,14.913958,data/raw/openfun/tw.gov.cec~txn~candidates-votes/2014/柯文哲-village-votes-page-3.json;data/raw/openfun/tw.gov.cec~txn~candidates-votes/2014/連勝文-village-votes-page-3.json,matched,polling-station-single-village; polling-station-single-village
2014,內湖區,安湖里,安湖里,柯文哲（本研究列為綠營）,連勝文,2584,1819,58.687259,41.312741,17.374517,data/raw/openfun/tw.gov.cec~txn~candidates-votes/2014/柯文哲-village-votes-page-3.json;data/raw/openfun/tw.gov.cec~txn~candidates-votes/2014/連勝文-village-votes-page-3.json,matched,polling-station-single-village; polling-station-single-village
2014,內湖區,行善里,行善里,柯文哲（本研究列為綠營）,連勝文,2401,1501,61.532547,38.467453,23.065095,data/raw/openfun/tw.gov.cec~txn~candidates-votes/2014/柯文哲-village-votes-page-3.json;data/raw/openfun/tw.gov.cec~txn~candidates-votes/2014/連勝文-village-votes-page-3.json,matched,polling-station-single-village; polling-station-single-village
2014,內湖區,西安里,西安里,柯文哲（本研究列為綠營）,連勝文,2277,1707,57.153614,42.846386,14.307229,data/raw/openfun/tw.gov.cec~txn~candidates-votes/2014/柯文哲-village-votes-page-2.json;data/raw/openfun/tw.gov.cec~txn~candidates-votes/2014/連勝文-village-votes-page-2.json,matched,polling-station-single-village; polling-station-single-village
2014,內湖區,西康里,西康里,柯文哲（本研究列為綠營）,連勝文,2931,2386,55.125071,44.874929,10.250141,data/raw/openfun/tw.gov.cec~txn~candidates-votes/2014/柯文哲-village-votes-page-2.json;data/raw/openfun/tw.gov.cec~txn~candidates-votes/2014/連勝文-village-votes-page-2.json,matched,polling-station-single-village; polling-station-single-village
2014,內湖區,西湖里,西湖里,柯文哲（本研究列為綠營）,連勝文,2857,1664,63.193984,36.806016,26.387967,data/raw/openfun/tw.gov.cec~txn~candidates-votes/2014/柯文哲-village-votes-page-2.json;data/raw/openfun/tw.gov.cec~txn~candidates-votes/2014/連勝文-village-votes-page-2.json,matched,polling-station-single-village; polling-station-single-village
2014,內湖區,秀湖里,秀湖里,柯文哲（本研究列為綠營）,連勝文,1922,1581,54.867257,45.132743,9.734513,data/raw/openfun/tw.gov.cec~txn~candidates-votes/2014/柯文哲-village-votes-page-3.json;data/raw/openfun/tw.gov.cec~txn~candidates-votes/2014/連勝文-village-votes-page-3.json,matched,polling-station-single-village; polling-station-single-village
2014,內湖區,明湖里,明湖里,柯文哲（本研究列為綠營）,連勝文,1751,1145,60.462707,39.537293,20.925414,data/raw/openfun/tw.gov.cec~txn~candidates-votes/2014/柯文哲-village-votes-page-3.json;data/raw/openfun/tw.gov.cec~txn~candidates-votes/2014/連勝文-village-votes-page-3.json,matched,polling-station-single-village; polling-station-single-village
2014,內湖區,東湖里,東湖里,柯文哲（本研究列為綠營）,連勝文,2853,1813,61.144449,38.855551,22.288898,data/raw/openfun/tw.gov.cec~txn~candidates-votes/2014/柯文哲-village-votes-page-2.json;data/raw/openfun/tw.gov.cec~txn~candidates-votes/2014/連勝文-village-votes-page-2.json,matched,polling-station-single-village; polling-station-single-village
2014,內湖區,金湖里,金湖里,柯文哲（本研究列為綠營）,連勝文,2674,2240,54.415954,45.584046,8.831909,data/raw/openfun/tw.gov.cec~txn~candidates-votes/2014/柯文哲-village-votes-page-3.json;data/raw/openfun/tw.gov.cec~txn~candidates-votes/2014/連勝文-village-votes-page-3.json,matched,polling-station-single-village; polling-station-single-village
2014,內湖區,金瑞里,金瑞里,柯文哲（本研究列為綠營）,連勝文,2264,1673,57.505715,42.494285,15.011430,data/raw/openfun/tw.gov.cec~txn~candidates-votes/2014/柯文哲-village-votes-page-2.json;data/raw/openfun/tw.gov.cec~txn~candidates-votes/2014/連勝文-village-votes-page-2.json,matched,polling-station-single-village; polling-station-single-village
2014,內湖區,金龍里,金龍里,柯文哲（本研究列為綠營）,連勝文,1860,1342,58.088695,41.911305,16.177389,data/raw/openfun/tw.gov.cec~txn~candidates-votes/2014/柯文哲-village-votes-page-2.json;data/raw/openfun/tw.gov.cec~txn~candidates-votes/2014/連勝文-village-votes-page-2.json,matched,polling-station-single-village; polling-station-single-village
2014,內湖區,南湖里,南湖里,柯文哲（本研究列為綠營）,連勝文,1537,1264,54.873260,45.126740,9.746519,data/raw/openfun/tw.gov.cec~txn~candidates-votes/2014/柯文哲-village-votes-page-3.json;data/raw/openfun/tw.gov.cec~txn~candidates-votes/2014/連勝文-village-votes-page-3.json,matched,polling-station-single-village; polling-station-single-village
2014,內湖區,康寧里,康寧里,柯文哲（本研究列為綠營）,連勝文,2604,2104,55.310110,44.689890,10.620221,data/raw/openfun/tw.gov.cec~txn~candidates-votes/2014/柯文哲-village-votes-page-3.json;data/raw/openfun/tw.gov.cec~txn~candidates-votes/2014/連勝文-village-votes-page-3.json,matched,polling-station-single-village; polling-station-single-village
2014,內湖區,清白里,清白里,柯文哲（本研究列為綠營）,連勝文,2575,2136,54.659308,45.340692,9.318616,data/raw/openfun/tw.gov.cec~txn~candidates-votes/2014/柯文哲-village-votes-page-2.json;data/raw/openfun/tw.gov.cec~txn~candidates-votes/2014/連勝文-village-votes-page-2.json,matched,polling-station-single-village; polling-station-single-village
2014,內湖區,港都里,港都里,柯文哲（本研究列為綠營）,連勝文,1919,1262,60.326941,39.673059,20.653882,data/raw/openfun/tw.gov.cec~txn~candidates-votes/2014/柯文哲-village-votes-page-2.json;data/raw/openfun/tw.gov.cec~txn~candidates-votes/2014/連勝文-village-votes-page-2.json,matched,polling-station-single-village; polling-station-single-village
2014,內湖區,港富里,港富里,柯文哲（本研究列為綠營）,連勝文,3321,2214,60.000000,40.000000,20.000000,data/raw/openfun/tw.gov.cec~txn~candidates-votes/2014/柯文哲-village-votes-page-2.json;data/raw/openfun/tw.gov.cec~txn~candidates-votes/2014/連勝文-village-votes-page-2.json,matched,polling-station-single-village; polling-station-single-village
2014,內湖區,港華里,港華里,柯文哲（本研究列為綠營）,連勝文,3151,2012,61.030409,38.969591,22.060817,data/raw/openfun/tw.gov.cec~txn~candidates-votes/2014/柯文哲-village-votes-page-2.json;data/raw/openfun/tw.gov.cec~txn~candidates-votes/2014/連勝文-village-votes-page-2.json,matched,polling-station-single-village; polling-station-single-village
2014,內湖區,港墘里,港墘里,柯文哲（本研究列為綠營）,連勝文,2168,1352,61.590909,38.409091,23.181818,data/raw/openfun/tw.gov.cec~txn~candidates-votes/2014/柯文哲-village-votes-page-2.json;data/raw/openfun/tw.gov.cec~txn~candidates-votes/2014/連勝文-village-votes-page-2.json,matched,polling-station-single-village; polling-station-single-village
2014,內湖區,湖元里,湖元里,柯文哲（本研究列為綠營）,連勝文,1912,1297,59.582424,40.417576,19.164849,data/raw/openfun/tw.gov.cec~txn~candidates-votes/2014/柯文哲-village-votes-page-3.json;data/raw/openfun/tw.gov.cec~txn~candidates-votes/2014/連勝文-village-votes-page-3.json,matched,polling-station-single-village; polling-station-single-village
2014,內湖區,湖興里,湖興里,柯文哲（本研究列為綠營）,連勝文,2508,1677,59.928315,40.071685,19.856631,data/raw/openfun/tw.gov.cec~txn~candidates-votes/2014/柯文哲-village-votes-page-3.json;data/raw/openfun/tw.gov.cec~txn~candidates-votes/2014/連勝文-village-votes-page-3.json,matched,polling-station-single-village; polling-station-single-village
2014,內湖區,湖濱里,湖濱里,柯文哲（本研究列為綠營）,連勝文,2450,2215,52.518757,47.481243,5.037513,data/raw/openfun/tw.gov.cec~txn~candidates-votes/2014/柯文哲-village-votes-page-2.json;data/raw/openfun/tw.gov.cec~txn~candidates-votes/2014/連勝文-village-votes-page-2.json,matched,polling-station-single-village; polling-station-single-village
2014,內湖區,紫星里,紫星里,柯文哲（本研究列為綠營）,連勝文,2824,1872,60.136286,39.863714,20.272572,data/raw/openfun/tw.gov.cec~txn~candidates-votes/2014/柯文哲-village-votes-page-2.json;data/raw/openfun/tw.gov.cec~txn~candidates-votes/2014/連勝文-village-votes-page-2.json,matched,polling-station-single-village; polling-station-single-village
2014,內湖區,紫陽里,紫陽里,柯文哲（本研究列為綠營）,連勝文,2666,1989,57.271751,42.728249,14.543502,data/raw/openfun/tw.gov.cec~txn~candidates-votes/2014/柯文哲-village-votes-page-2.json;data/raw/openfun/tw.gov.cec~txn~candidates-votes/2014/連勝文-village-votes-page-2.json,matched,polling-station-single-village; polling-station-single-village
2014,內湖區,紫雲里,紫雲里,柯文哲（本研究列為綠營）,連勝文,1667,1691,49.642644,50.357356,-0.714711,data/raw/openfun/tw.gov.cec~txn~candidates-votes/2014/柯文哲-village-votes-page-2.json;data/raw/openfun/tw.gov.cec~txn~candidates-votes/2014/連勝文-village-votes-page-2.json,matched,polling-station-single-village; polling-station-single-village
2014,內湖區,週美里,週美里,柯文哲（本研究列為綠營）,連勝文,2699,1546,63.580683,36.419317,27.161366,data/raw/openfun/tw.gov.cec~txn~candidates-votes/2014/柯文哲-village-votes-page-2.json;data/raw/openfun/tw.gov.cec~txn~candidates-votes/2014/柯文哲-village-votes-page-3.json;data/raw/openfun/tw.gov.cec~txn~candidates-votes/2014/連勝文-village-votes-page-2.json;data/raw/openfun/tw.gov.cec~txn~candidates-votes/2014/連勝文-village-votes-page-3.json,matched,polling-station-single-village; polling-station-single-village
2014,內湖區,瑞光里,瑞光里,柯文哲（本研究列為綠營）,連勝文,1382,1463,48.576450,51.423550,-2.847100,data/raw/openfun/tw.gov.cec~txn~candidates-votes/2014/柯文哲-village-votes-page-2.json;data/raw/openfun/tw.gov.cec~txn~candidates-votes/2014/連勝文-village-votes-page-2.json,matched,polling-station-single-village; polling-station-single-village
2014,內湖區,瑞陽里,瑞陽里,柯文哲（本研究列為綠營）,連勝文,2189,2496,46.723586,53.276414,-6.552828,data/raw/openfun/tw.gov.cec~txn~candidates-votes/2014/柯文哲-village-votes-page-2.json;data/raw/openfun/tw.gov.cec~txn~candidates-votes/2014/連勝文-village-votes-page-2.json,matched,polling-station-single-village; polling-station-single-village
2014,內湖區,葫洲里,葫洲里,柯文哲（本研究列為綠營）,連勝文,2040,1669,55.001348,44.998652,10.002696,data/raw/openfun/tw.gov.cec~txn~candidates-votes/2014/柯文哲-village-votes-page-2.json;data/raw/openfun/tw.gov.cec~txn~candidates-votes/2014/連勝文-village-votes-page-2.json,matched,polling-station-single-village; polling-station-single-village
2014,內湖區,碧山里,碧山里,柯文哲（本研究列為綠營）,連勝文,2380,1718,58.077111,41.922889,16.154222,data/raw/openfun/tw.gov.cec~txn~candidates-votes/2014/柯文哲-village-votes-page-2.json;data/raw/openfun/tw.gov.cec~txn~candidates-votes/2014/連勝文-village-votes-page-2.json,matched,polling-station-single-village; polling-station-single-village
2014,內湖區,樂康里,樂康里,柯文哲（本研究列為綠營）,連勝文,2955,1815,61.949686,38.050314,23.899371,data/raw/openfun/tw.gov.cec~txn~candidates-votes/2014/柯文哲-village-votes-page-2.json;data/raw/openfun/tw.gov.cec~txn~candidates-votes/2014/連勝文-village-votes-page-2.json,matched,polling-station-single-village; polling-station-single-village
2014,內湖區,麗山里,麗山里,柯文哲（本研究列為綠營）,連勝文,2102,1276,62.226169,37.773831,24.452339,data/raw/openfun/tw.gov.cec~txn~candidates-votes/2014/柯文哲-village-votes-page-3.json;data/raw/openfun/tw.gov.cec~txn~candidates-votes/2014/連勝文-village-votes-page-3.json,matched,polling-station-single-village; polling-station-single-village
2014,內湖區,寶湖里,寶湖里,柯文哲（本研究列為綠營）,連勝文,2435,1854,56.773141,43.226859,13.546281,data/raw/openfun/tw.gov.cec~txn~candidates-votes/2014/柯文哲-village-votes-page-3.json;data/raw/openfun/tw.gov.cec~txn~candidates-votes/2014/連勝文-village-votes-page-3.json,matched,polling-station-single-village; polling-station-single-village
2014,內湖區,蘆洲里,蘆洲里,柯文哲（本研究列為綠營）,連勝文,465,211,68.786982,31.213018,37.573964,data/raw/openfun/tw.gov.cec~txn~candidates-votes/2014/柯文哲-village-votes-page-3.json;data/raw/openfun/tw.gov.cec~txn~candidates-votes/2014/連勝文-village-votes-page-3.json,matched,polling-station-single-village; polling-station-single-village
2014,文山區,木柵里,木柵里,柯文哲（本研究列為綠營）,連勝文,2245,2735,45.080321,54.919679,-9.839357,data/raw/openfun/tw.gov.cec~txn~candidates-votes/2014/柯文哲-village-votes-page-8.json;data/raw/openfun/tw.gov.cec~txn~candidates-votes/2014/連勝文-village-votes-page-8.json,matched,polling-station-single-village; polling-station-single-village
2014,文山區,木新里,木新里,柯文哲（本研究列為綠營）,連勝文,2874,2281,55.751697,44.248303,11.503395,data/raw/openfun/tw.gov.cec~txn~candidates-votes/2014/柯文哲-village-votes-page-8.json;data/raw/openfun/tw.gov.cec~txn~candidates-votes/2014/連勝文-village-votes-page-8.json,matched,polling-station-single-village; polling-station-single-village
2014,文山區,老泉里,老泉里,柯文哲（本研究列為綠營）,連勝文,383,168,69.509982,30.490018,39.019964,data/raw/openfun/tw.gov.cec~txn~candidates-votes/2014/柯文哲-village-votes-page-8.json;data/raw/openfun/tw.gov.cec~txn~candidates-votes/2014/連勝文-village-votes-page-8.json,matched,polling-station-single-village; polling-station-single-village
2014,文山區,忠順里,忠順里,柯文哲（本研究列為綠營）,連勝文,1020,1219,45.556052,54.443948,-8.887896,data/raw/openfun/tw.gov.cec~txn~candidates-votes/2014/柯文哲-village-votes-page-8.json;data/raw/openfun/tw.gov.cec~txn~candidates-votes/2014/連勝文-village-votes-page-8.json,matched,polling-station-single-village; polling-station-single-village
2014,文山區,明義里,明義里,柯文哲（本研究列為綠營）,連勝文,943,1194,44.127281,55.872719,-11.745438,data/raw/openfun/tw.gov.cec~txn~candidates-votes/2014/柯文哲-village-votes-page-8.json;data/raw/openfun/tw.gov.cec~txn~candidates-votes/2014/連勝文-village-votes-page-8.json,matched,polling-station-single-village; polling-station-single-village
2014,文山區,明興里,明興里,柯文哲（本研究列為綠營）,連勝文,1951,1904,50.609598,49.390402,1.219196,data/raw/openfun/tw.gov.cec~txn~candidates-votes/2014/柯文哲-village-votes-page-8.json;data/raw/openfun/tw.gov.cec~txn~candidates-votes/2014/連勝文-village-votes-page-8.json,matched,polling-station-single-village; polling-station-single-village
2014,文山區,指南里,指南里,柯文哲（本研究列為綠營）,連勝文,1191,765,60.889571,39.110429,21.779141,data/raw/openfun/tw.gov.cec~txn~candidates-votes/2014/柯文哲-village-votes-page-8.json;data/raw/openfun/tw.gov.cec~txn~candidates-votes/2014/連勝文-village-votes-page-8.json,matched,polling-station-single-village; polling-station-single-village
2014,文山區,政大里,政大里,柯文哲（本研究列為綠營）,連勝文,1913,1667,53.435754,46.564246,6.871508,data/raw/openfun/tw.gov.cec~txn~candidates-votes/2014/柯文哲-village-votes-page-8.json;data/raw/openfun/tw.gov.cec~txn~candidates-votes/2014/連勝文-village-votes-page-8.json,matched,polling-station-single-village; polling-station-single-village
2014,文山區,博嘉里,博嘉里,柯文哲（本研究列為綠營）,連勝文,1680,1509,52.681091,47.318909,5.362183,data/raw/openfun/tw.gov.cec~txn~candidates-votes/2014/柯文哲-village-votes-page-8.json;data/raw/openfun/tw.gov.cec~txn~candidates-votes/2014/連勝文-village-votes-page-8.json,matched,polling-station-single-village; polling-station-single-village
2014,文山區,景仁里,景仁里,柯文哲（本研究列為綠營）,連勝文,1461,1320,52.535059,47.464941,5.070119,data/raw/openfun/tw.gov.cec~txn~candidates-votes/2014/柯文哲-village-votes-page-7.json;data/raw/openfun/tw.gov.cec~txn~candidates-votes/2014/連勝文-village-votes-page-7.json,matched,polling-station-single-village; polling-station-single-village
2014,文山區,景行里,景行里,柯文哲（本研究列為綠營）,連勝文,2305,1502,60.546362,39.453638,21.092724,data/raw/openfun/tw.gov.cec~txn~candidates-votes/2014/柯文哲-village-votes-page-7.json;data/raw/openfun/tw.gov.cec~txn~candidates-votes/2014/連勝文-village-votes-page-7.json,matched,polling-station-single-village; polling-station-single-village
2014,文山區,景東里,景東里,柯文哲（本研究列為綠營）,連勝文,1925,1921,50.052002,49.947998,0.104004,data/raw/openfun/tw.gov.cec~txn~candidates-votes/2014/柯文哲-village-votes-page-7.json;data/raw/openfun/tw.gov.cec~txn~candidates-votes/2014/連勝文-village-votes-page-7.json,matched,polling-station-single-village; polling-station-single-village
2014,文山區,景美里,景美里,柯文哲（本研究列為綠營）,連勝文,1649,1380,54.440409,45.559591,8.880819,data/raw/openfun/tw.gov.cec~txn~candidates-votes/2014/柯文哲-village-votes-page-7.json;data/raw/openfun/tw.gov.cec~txn~candidates-votes/2014/連勝文-village-votes-page-7.json,matched,polling-station-single-village; polling-station-single-village
2014,文山區,景華里,景華里,柯文哲（本研究列為綠營）,連勝文,1681,1618,50.954835,49.045165,1.909670,data/raw/openfun/tw.gov.cec~txn~candidates-votes/2014/柯文哲-village-votes-page-7.json;data/raw/openfun/tw.gov.cec~txn~candidates-votes/2014/連勝文-village-votes-page-7.json,matched,polling-station-single-village; polling-station-single-village
2014,文山區,景慶里,景慶里,柯文哲（本研究列為綠營）,連勝文,2033,1720,54.169997,45.830003,8.339995,data/raw/openfun/tw.gov.cec~txn~candidates-votes/2014/柯文哲-village-votes-page-7.json;data/raw/openfun/tw.gov.cec~txn~candidates-votes/2014/連勝文-village-votes-page-7.json,matched,polling-station-single-village; polling-station-single-village
2014,文山區,華興里,華興里,柯文哲（本研究列為綠營）,連勝文,2415,2425,49.896694,50.103306,-0.206612,data/raw/openfun/tw.gov.cec~txn~candidates-votes/2014/柯文哲-village-votes-page-8.json;data/raw/openfun/tw.gov.cec~txn~candidates-votes/2014/連勝文-village-votes-page-8.json,matched,polling-station-single-village; polling-station-single-village
2014,文山區,順興里,順興里,柯文哲（本研究列為綠營）,連勝文,2406,2001,54.594963,45.405037,9.189925,data/raw/openfun/tw.gov.cec~txn~candidates-votes/2014/柯文哲-village-votes-page-8.json;data/raw/openfun/tw.gov.cec~txn~candidates-votes/2014/連勝文-village-votes-page-8.json,matched,polling-station-single-village; polling-station-single-village
2014,文山區,萬年里,萬年里,柯文哲（本研究列為綠營）,連勝文,1803,1409,56.133250,43.866750,12.266501,data/raw/openfun/tw.gov.cec~txn~candidates-votes/2014/柯文哲-village-votes-page-8.json;data/raw/openfun/tw.gov.cec~txn~candidates-votes/2014/連勝文-village-votes-page-8.json,matched,polling-station-single-village; polling-station-single-village
2014,文山區,萬有里,萬有里,柯文哲（本研究列為綠營）,連勝文,1593,1530,51.008646,48.991354,2.017291,data/raw/openfun/tw.gov.cec~txn~candidates-votes/2014/柯文哲-village-votes-page-7.json;data/raw/openfun/tw.gov.cec~txn~candidates-votes/2014/連勝文-village-votes-page-7.json,matched,polling-station-single-village; polling-station-single-village
2014,文山區,萬和里,萬和里,柯文哲（本研究列為綠營）,連勝文,684,1199,36.325013,63.674987,-27.349973,data/raw/openfun/tw.gov.cec~txn~candidates-votes/2014/柯文哲-village-votes-page-8.json;data/raw/openfun/tw.gov.cec~txn~candidates-votes/2014/連勝文-village-votes-page-8.json,matched,polling-station-single-village; polling-station-single-village
2014,文山區,萬芳里,萬芳里,柯文哲（本研究列為綠營）,連勝文,2224,2214,50.112663,49.887337,0.225327,data/raw/openfun/tw.gov.cec~txn~candidates-votes/2014/柯文哲-village-votes-page-8.json;data/raw/openfun/tw.gov.cec~txn~candidates-votes/2014/連勝文-village-votes-page-8.json,matched,polling-station-single-village; polling-station-single-village
2014,文山區,萬美里,萬美里,柯文哲（本研究列為綠營）,連勝文,1928,1921,50.090933,49.909067,0.181865,data/raw/openfun/tw.gov.cec~txn~candidates-votes/2014/柯文哲-village-votes-page-8.json;data/raw/openfun/tw.gov.cec~txn~candidates-votes/2014/連勝文-village-votes-page-8.json,matched,polling-station-single-village; polling-station-single-village
2014,文山區,萬盛里,萬盛里,柯文哲（本研究列為綠營）,連勝文,1410,1382,50.501433,49.498567,1.002865,data/raw/openfun/tw.gov.cec~txn~candidates-votes/2014/柯文哲-village-votes-page-8.json;data/raw/openfun/tw.gov.cec~txn~candidates-votes/2014/連勝文-village-votes-page-8.json,matched,polling-station-single-village; polling-station-single-village
2014,文山區,萬祥里,萬祥里,柯文哲（本研究列為綠營）,連勝文,1482,1180,55.672427,44.327573,11.344853,data/raw/openfun/tw.gov.cec~txn~candidates-votes/2014/柯文哲-village-votes-page-7.json;data/raw/openfun/tw.gov.cec~txn~candidates-votes/2014/連勝文-village-votes-page-7.json,matched,polling-station-single-village; polling-station-single-village
2014,文山區,萬隆里,萬隆里,柯文哲（本研究列為綠營）,連勝文,2090,2095,49.940263,50.059737,-0.119474,data/raw/openfun/tw.gov.cec~txn~candidates-votes/2014/柯文哲-village-votes-page-8.json;data/raw/openfun/tw.gov.cec~txn~candidates-votes/2014/連勝文-village-votes-page-8.json,matched,polling-station-single-village; polling-station-single-village
2014,文山區,萬興里,萬興里,柯文哲（本研究列為綠營）,連勝文,2643,2032,56.534759,43.465241,13.069519,data/raw/openfun/tw.gov.cec~txn~candidates-votes/2014/柯文哲-village-votes-page-8.json;data/raw/openfun/tw.gov.cec~txn~candidates-votes/2014/連勝文-village-votes-page-8.json,matched,polling-station-single-village; polling-station-single-village
2014,文山區,試院里,試院里,柯文哲（本研究列為綠營）,連勝文,1910,2119,47.406304,52.593696,-5.187391,data/raw/openfun/tw.gov.cec~txn~candidates-votes/2014/柯文哲-village-votes-page-8.json;data/raw/openfun/tw.gov.cec~txn~candidates-votes/2014/連勝文-village-votes-page-8.json,matched,polling-station-single-village; polling-station-single-village
2014,文山區,樟文里,樟文里,柯文哲（本研究列為綠營）,連勝文,1917,1623,54.152542,45.847458,8.305085,data/raw/openfun/tw.gov.cec~txn~candidates-votes/2014/柯文哲-village-votes-page-8.json;data/raw/openfun/tw.gov.cec~txn~candidates-votes/2014/連勝文-village-votes-page-8.json,matched,polling-station-single-village; polling-station-single-village
2014,文山區,樟林里,樟林里,柯文哲（本研究列為綠營）,連勝文,2333,2416,49.126132,50.873868,-1.747736,data/raw/openfun/tw.gov.cec~txn~candidates-votes/2014/柯文哲-village-votes-page-8.json;data/raw/openfun/tw.gov.cec~txn~candidates-votes/2014/連勝文-village-votes-page-8.json,matched,polling-station-single-village; polling-station-single-village
2014,文山區,樟新里,樟新里,柯文哲（本研究列為綠營）,連勝文,1644,1538,51.665619,48.334381,3.331238,data/raw/openfun/tw.gov.cec~txn~candidates-votes/2014/柯文哲-village-votes-page-8.json;data/raw/openfun/tw.gov.cec~txn~candidates-votes/2014/連勝文-village-votes-page-8.json,matched,polling-station-single-village; polling-station-single-village
2014,文山區,樟腳里,樟腳里,柯文哲（本研究列為綠營）,連勝文,1740,1386,55.662188,44.337812,11.324376,data/raw/openfun/tw.gov.cec~txn~candidates-votes/2014/柯文哲-village-votes-page-8.json;data/raw/openfun/tw.gov.cec~txn~candidates-votes/2014/連勝文-village-votes-page-8.json,matched,polling-station-single-village; polling-station-single-village
2014,文山區,樟樹里,樟樹里,柯文哲（本研究列為綠營）,連勝文,1496,1319,53.143872,46.856128,6.287744,data/raw/openfun/tw.gov.cec~txn~candidates-votes/2014/柯文哲-village-votes-page-8.json;data/raw/openfun/tw.gov.cec~txn~candidates-votes/2014/連勝文-village-votes-page-8.json,matched,polling-station-single-village; polling-station-single-village
2014,文山區,興光里,興光里,柯文哲（本研究列為綠營）,連勝文,975,964,50.283651,49.716349,0.567303,data/raw/openfun/tw.gov.cec~txn~candidates-votes/2014/柯文哲-village-votes-page-8.json;data/raw/openfun/tw.gov.cec~txn~candidates-votes/2014/連勝文-village-votes-page-8.json,matched,polling-station-single-village; polling-station-single-village
2014,文山區,興安里,興安里,柯文哲（本研究列為綠營）,連勝文,1696,1953,46.478487,53.521513,-7.043025,data/raw/openfun/tw.gov.cec~txn~candidates-votes/2014/柯文哲-village-votes-page-8.json;data/raw/openfun/tw.gov.cec~txn~candidates-votes/2014/連勝文-village-votes-page-8.json,matched,polling-station-single-village; polling-station-single-village
2014,文山區,興邦里,興邦里,柯文哲（本研究列為綠營）,連勝文,1224,1495,45.016550,54.983450,-9.966900,data/raw/openfun/tw.gov.cec~txn~candidates-votes/2014/柯文哲-village-votes-page-8.json;data/raw/openfun/tw.gov.cec~txn~candidates-votes/2014/連勝文-village-votes-page-8.json,matched,polling-station-single-village; polling-station-single-village
2014,文山區,興旺里,興旺里,柯文哲（本研究列為綠營）,連勝文,2169,2349,48.007968,51.992032,-3.984064,data/raw/openfun/tw.gov.cec~txn~candidates-votes/2014/柯文哲-village-votes-page-8.json;data/raw/openfun/tw.gov.cec~txn~candidates-votes/2014/連勝文-village-votes-page-8.json,matched,polling-station-single-village; polling-station-single-village
2014,文山區,興昌里,興昌里,柯文哲（本研究列為綠營）,連勝文,1746,1918,47.652838,52.347162,-4.694323,data/raw/openfun/tw.gov.cec~txn~candidates-votes/2014/柯文哲-village-votes-page-8.json;data/raw/openfun/tw.gov.cec~txn~candidates-votes/2014/連勝文-village-votes-page-8.json,matched,polling-station-single-village; polling-station-single-village
2014,文山區,興家里,興家里,柯文哲（本研究列為綠營）,連勝文,2088,2183,48.887848,51.112152,-2.224303,data/raw/openfun/tw.gov.cec~txn~candidates-votes/2014/柯文哲-village-votes-page-8.json;data/raw/openfun/tw.gov.cec~txn~candidates-votes/2014/連勝文-village-votes-page-8.json,matched,polling-station-single-village; polling-station-single-village
2014,文山區,興泰里,興泰里,柯文哲（本研究列為綠營）,連勝文,1168,1156,50.258176,49.741824,0.516351,data/raw/openfun/tw.gov.cec~txn~candidates-votes/2014/柯文哲-village-votes-page-8.json;data/raw/openfun/tw.gov.cec~txn~candidates-votes/2014/連勝文-village-votes-page-8.json,matched,polling-station-single-village; polling-station-single-village
2014,文山區,興得里,興得里,柯文哲（本研究列為綠營）,連勝文,1632,1725,48.614835,51.385165,-2.770331,data/raw/openfun/tw.gov.cec~txn~candidates-votes/2014/柯文哲-village-votes-page-8.json;data/raw/openfun/tw.gov.cec~txn~candidates-votes/2014/連勝文-village-votes-page-8.json,matched,polling-station-single-village; polling-station-single-village
2014,文山區,興業里,興業里,柯文哲（本研究列為綠營）,連勝文,1415,1679,45.733678,54.266322,-8.532644,data/raw/openfun/tw.gov.cec~txn~candidates-votes/2014/柯文哲-village-votes-page-8.json;data/raw/openfun/tw.gov.cec~txn~candidates-votes/2014/連勝文-village-votes-page-8.json,matched,polling-station-single-village; polling-station-single-village
2014,文山區,興福里,興福里,柯文哲（本研究列為綠營）,連勝文,1708,1520,52.912020,47.087980,5.824040,data/raw/openfun/tw.gov.cec~txn~candidates-votes/2014/柯文哲-village-votes-page-8.json;data/raw/openfun/tw.gov.cec~txn~candidates-votes/2014/連勝文-village-votes-page-8.json,matched,polling-station-single-village; polling-station-single-village
2014,文山區,興豐里,興豐里,柯文哲（本研究列為綠營）,連勝文,1437,1393,50.777385,49.222615,1.554770,data/raw/openfun/tw.gov.cec~txn~candidates-votes/2014/柯文哲-village-votes-page-8.json;data/raw/openfun/tw.gov.cec~txn~candidates-votes/2014/連勝文-village-votes-page-8.json,matched,polling-station-single-village; polling-station-single-village
2014,北投區,一德里,一德里,柯文哲（本研究列為綠營）,連勝文,2817,1345,67.683806,32.316194,35.367612,data/raw/openfun/tw.gov.cec~txn~candidates-votes/2014/柯文哲-village-votes-page-1.json;data/raw/openfun/tw.gov.cec~txn~candidates-votes/2014/連勝文-village-votes-page-1.json,matched,polling-station-single-village; polling-station-single-village
2014,北投區,八仙里,八仙里,柯文哲（本研究列為綠營）,連勝文,2030,1131,64.220183,35.779817,28.440367,data/raw/openfun/tw.gov.cec~txn~candidates-votes/2014/柯文哲-village-votes-page-1.json;data/raw/openfun/tw.gov.cec~txn~candidates-votes/2014/連勝文-village-votes-page-1.json,matched,polling-station-single-village; polling-station-single-village
2014,北投區,大屯里,大屯里,柯文哲（本研究列為綠營）,連勝文,507,173,74.558824,25.441176,49.117647,data/raw/openfun/tw.gov.cec~txn~candidates-votes/2014/柯文哲-village-votes-page-1.json;data/raw/openfun/tw.gov.cec~txn~candidates-votes/2014/連勝文-village-votes-page-1.json,matched,polling-station-single-village; polling-station-single-village
2014,北投區,大同里,大同里,柯文哲（本研究列為綠營）,連勝文,2354,1132,67.527252,32.472748,35.054504,data/raw/openfun/tw.gov.cec~txn~candidates-votes/2014/柯文哲-village-votes-page-1.json;data/raw/openfun/tw.gov.cec~txn~candidates-votes/2014/連勝文-village-votes-page-1.json,matched,polling-station-single-village; polling-station-single-village
2014,北投區,中心里,中心里,柯文哲（本研究列為綠營）,連勝文,2153,1330,61.814528,38.185472,23.629055,data/raw/openfun/tw.gov.cec~txn~candidates-votes/2014/柯文哲-village-votes-page-1.json;data/raw/openfun/tw.gov.cec~txn~candidates-votes/2014/連勝文-village-votes-page-1.json,matched,polling-station-single-village; polling-station-single-village
2014,北投區,中央里,中央里,柯文哲（本研究列為綠營）,連勝文,3449,1706,66.905917,33.094083,33.811833,data/raw/openfun/tw.gov.cec~txn~candidates-votes/2014/柯文哲-village-votes-page-1.json;data/raw/openfun/tw.gov.cec~txn~candidates-votes/2014/連勝文-village-votes-page-1.json,matched,polling-station-single-village; polling-station-single-village
2014,北投區,中和里,中和里,柯文哲（本研究列為綠營）,連勝文,1698,1246,57.676630,42.323370,15.353261,data/raw/openfun/tw.gov.cec~txn~candidates-votes/2014/柯文哲-village-votes-page-1.json;data/raw/openfun/tw.gov.cec~txn~candidates-votes/2014/連勝文-village-votes-page-1.json,matched,polling-station-single-village; polling-station-single-village
2014,北投區,中庸里,中庸里,柯文哲（本研究列為綠營）,連勝文,1732,887,66.132111,33.867889,32.264223,data/raw/openfun/tw.gov.cec~txn~candidates-votes/2014/柯文哲-village-votes-page-1.json;data/raw/openfun/tw.gov.cec~txn~candidates-votes/2014/連勝文-village-votes-page-1.json,matched,polling-station-single-village; polling-station-single-village
2014,北投區,文化里,文化里,柯文哲（本研究列為綠營）,連勝文,1050,1354,43.677205,56.322795,-12.645591,data/raw/openfun/tw.gov.cec~txn~candidates-votes/2014/柯文哲-village-votes-page-1.json;data/raw/openfun/tw.gov.cec~txn~candidates-votes/2014/連勝文-village-votes-page-1.json,matched,polling-station-single-village; polling-station-single-village
2014,北投區,文林里,文林里,柯文哲（本研究列為綠營）,連勝文,1727,862,66.705292,33.294708,33.410583,data/raw/openfun/tw.gov.cec~txn~candidates-votes/2014/柯文哲-village-votes-page-1.json;data/raw/openfun/tw.gov.cec~txn~candidates-votes/2014/連勝文-village-votes-page-1.json,matched,polling-station-single-village; polling-station-single-village
2014,北投區,永和里,永和里,柯文哲（本研究列為綠營）,連勝文,3104,1905,61.968457,38.031543,23.936914,data/raw/openfun/tw.gov.cec~txn~candidates-votes/2014/柯文哲-village-votes-page-1.json;data/raw/openfun/tw.gov.cec~txn~candidates-votes/2014/連勝文-village-votes-page-1.json,matched,polling-station-single-village; polling-station-single-village
2014,北投區,永明里,永明里,柯文哲（本研究列為綠營）,連勝文,1684,1086,60.794224,39.205776,21.588448,data/raw/openfun/tw.gov.cec~txn~candidates-votes/2014/柯文哲-village-votes-page-1.json;data/raw/openfun/tw.gov.cec~txn~candidates-votes/2014/連勝文-village-votes-page-1.json,matched,polling-station-single-village; polling-station-single-village
2014,北投區,永欣里,永欣里,柯文哲（本研究列為綠營）,連勝文,2397,1814,56.922346,43.077654,13.844692,data/raw/openfun/tw.gov.cec~txn~candidates-votes/2014/柯文哲-village-votes-page-1.json;data/raw/openfun/tw.gov.cec~txn~candidates-votes/2014/連勝文-village-votes-page-1.json,matched,polling-station-single-village; polling-station-single-village
2014,北投區,石牌里,石牌里,柯文哲（本研究列為綠營）,連勝文,2151,1120,65.759707,34.240293,31.519413,data/raw/openfun/tw.gov.cec~txn~candidates-votes/2014/柯文哲-village-votes-page-1.json;data/raw/openfun/tw.gov.cec~txn~candidates-votes/2014/連勝文-village-votes-page-1.json,matched,polling-station-single-village; polling-station-single-village
2014,北投區,立農里,立農里,柯文哲（本研究列為綠營）,連勝文,3341,1829,64.622824,35.377176,29.245648,data/raw/openfun/tw.gov.cec~txn~candidates-votes/2014/柯文哲-village-votes-page-1.json;data/raw/openfun/tw.gov.cec~txn~candidates-votes/2014/連勝文-village-votes-page-1.json,matched,polling-station-single-village; polling-station-single-village
2014,北投區,立賢里,立賢里,柯文哲（本研究列為綠營）,連勝文,2041,1096,65.062161,34.937839,30.124323,data/raw/openfun/tw.gov.cec~txn~candidates-votes/2014/柯文哲-village-votes-page-1.json;data/raw/openfun/tw.gov.cec~txn~candidates-votes/2014/連勝文-village-votes-page-1.json,matched,polling-station-single-village; polling-station-single-village
2014,北投區,吉利里,吉利里,柯文哲（本研究列為綠營）,連勝文,2319,1681,57.975000,42.025000,15.950000,data/raw/openfun/tw.gov.cec~txn~candidates-votes/2014/柯文哲-village-votes-page-1.json;data/raw/openfun/tw.gov.cec~txn~candidates-votes/2014/連勝文-village-votes-page-1.json,matched,polling-station-single-village; polling-station-single-village
2014,北投區,吉慶里,吉慶里,柯文哲（本研究列為綠營）,連勝文,2022,1032,66.208251,33.791749,32.416503,data/raw/openfun/tw.gov.cec~txn~candidates-votes/2014/柯文哲-village-votes-page-1.json;data/raw/openfun/tw.gov.cec~txn~candidates-votes/2014/連勝文-village-votes-page-1.json,matched,polling-station-single-village; polling-station-single-village
2014,北投區,秀山里,秀山里,柯文哲（本研究列為綠營）,連勝文,1136,814,58.256410,41.743590,16.512821,data/raw/openfun/tw.gov.cec~txn~candidates-votes/2014/柯文哲-village-votes-page-1.json;data/raw/openfun/tw.gov.cec~txn~candidates-votes/2014/連勝文-village-votes-page-1.json,matched,polling-station-single-village; polling-station-single-village
2014,北投區,奇岩里,奇岩里,柯文哲（本研究列為綠營）,連勝文,3501,2127,62.206823,37.793177,24.413646,data/raw/openfun/tw.gov.cec~txn~candidates-votes/2014/柯文哲-village-votes-page-1.json;data/raw/openfun/tw.gov.cec~txn~candidates-votes/2014/連勝文-village-votes-page-1.json,matched,polling-station-single-village; polling-station-single-village
2014,北投區,東華里,東華里,柯文哲（本研究列為綠營）,連勝文,1521,1176,56.395996,43.604004,12.791991,data/raw/openfun/tw.gov.cec~txn~candidates-votes/2014/柯文哲-village-votes-page-1.json;data/raw/openfun/tw.gov.cec~txn~candidates-votes/2014/連勝文-village-votes-page-1.json,matched,polling-station-single-village; polling-station-single-village
2014,北投區,林泉里,林泉里,柯文哲（本研究列為綠營）,連勝文,936,870,51.827243,48.172757,3.654485,data/raw/openfun/tw.gov.cec~txn~candidates-votes/2014/柯文哲-village-votes-page-1.json;data/raw/openfun/tw.gov.cec~txn~candidates-votes/2014/連勝文-village-votes-page-1.json,matched,polling-station-single-village; polling-station-single-village
2014,北投區,長安里,長安里,柯文哲（本研究列為綠營）,連勝文,2145,1196,64.202335,35.797665,28.404669,data/raw/openfun/tw.gov.cec~txn~candidates-votes/2014/柯文哲-village-votes-page-1.json;data/raw/openfun/tw.gov.cec~txn~candidates-votes/2014/連勝文-village-votes-page-1.json,matched,polling-station-single-village; polling-station-single-village
2014,北投區,建民里,建民里,柯文哲（本研究列為綠營）,連勝文,1659,884,65.237908,34.762092,30.475816,data/raw/openfun/tw.gov.cec~txn~candidates-votes/2014/柯文哲-village-votes-page-1.json;data/raw/openfun/tw.gov.cec~txn~candidates-votes/2014/連勝文-village-votes-page-1.json,matched,polling-station-single-village; polling-station-single-village
2014,北投區,泉源里,泉源里,柯文哲（本研究列為綠營）,連勝文,915,432,67.928731,32.071269,35.857461,data/raw/openfun/tw.gov.cec~txn~candidates-votes/2014/柯文哲-village-votes-page-1.json;data/raw/openfun/tw.gov.cec~txn~candidates-votes/2014/連勝文-village-votes-page-1.json,matched,polling-station-single-village; polling-station-single-village
2014,北投區,洲美里,洲美里,柯文哲（本研究列為綠營）,連勝文,1097,343,76.180556,23.819444,52.361111,data/raw/openfun/tw.gov.cec~txn~candidates-votes/2014/柯文哲-village-votes-page-1.json;data/raw/openfun/tw.gov.cec~txn~candidates-votes/2014/連勝文-village-votes-page-1.json,matched,polling-station-single-village; polling-station-single-village
2014,北投區,振華里,振華里,柯文哲（本研究列為綠營）,連勝文,2614,1842,58.662478,41.337522,17.324955,data/raw/openfun/tw.gov.cec~txn~candidates-votes/2014/柯文哲-village-votes-page-1.json;data/raw/openfun/tw.gov.cec~txn~candidates-votes/2014/連勝文-village-votes-page-1.json,matched,polling-station-single-village; polling-station-single-village
2014,北投區,桃源里,桃源里,柯文哲（本研究列為綠營）,連勝文,2336,1267,64.834860,35.165140,29.669720,data/raw/openfun/tw.gov.cec~txn~candidates-votes/2014/柯文哲-village-votes-page-1.json;data/raw/openfun/tw.gov.cec~txn~candidates-votes/2014/連勝文-village-votes-page-1.json,matched,polling-station-single-village; polling-station-single-village
2014,北投區,清江里,清江里,柯文哲（本研究列為綠營）,連勝文,3265,1773,64.807463,35.192537,29.614927,data/raw/openfun/tw.gov.cec~txn~candidates-votes/2014/柯文哲-village-votes-page-1.json;data/raw/openfun/tw.gov.cec~txn~candidates-votes/2014/連勝文-village-votes-page-1.json,matched,polling-station-single-village; polling-station-single-village
2014,北投區,尊賢里,尊賢里,柯文哲（本研究列為綠營）,連勝文,1822,893,67.108656,32.891344,34.217311,data/raw/openfun/tw.gov.cec~txn~candidates-votes/2014/柯文哲-village-votes-page-1.json;data/raw/openfun/tw.gov.cec~txn~candidates-votes/2014/連勝文-village-votes-page-1.json,matched,polling-station-single-village; polling-station-single-village
2014,北投區,智仁里,智仁里,柯文哲（本研究列為綠營）,連勝文,2103,1523,57.997794,42.002206,15.995587,data/raw/openfun/tw.gov.cec~txn~candidates-votes/2014/柯文哲-village-votes-page-1.json;data/raw/openfun/tw.gov.cec~txn~candidates-votes/2014/連勝文-village-votes-page-1.json,matched,polling-station-single-village; polling-station-single-village
2014,北投區,湖山里,湖山里,柯文哲（本研究列為綠營）,連勝文,687,396,63.434903,36.565097,26.869806,data/raw/openfun/tw.gov.cec~txn~candidates-votes/2014/柯文哲-village-votes-page-1.json;data/raw/openfun/tw.gov.cec~txn~candidates-votes/2014/連勝文-village-votes-page-1.json,matched,polling-station-single-village; polling-station-single-village
2014,北投區,湖田里,湖田里,柯文哲（本研究列為綠營）,連勝文,505,258,66.186107,33.813893,32.372215,data/raw/openfun/tw.gov.cec~txn~candidates-votes/2014/柯文哲-village-votes-page-1.json;data/raw/openfun/tw.gov.cec~txn~candidates-votes/2014/連勝文-village-votes-page-1.json,matched,polling-station-single-village; polling-station-single-village
2014,北投區,開明里,開明里,柯文哲（本研究列為綠營）,連勝文,2266,1624,58.251928,41.748072,16.503856,data/raw/openfun/tw.gov.cec~txn~candidates-votes/2014/柯文哲-village-votes-page-1.json;data/raw/openfun/tw.gov.cec~txn~candidates-votes/2014/連勝文-village-votes-page-1.json,matched,polling-station-single-village; polling-station-single-village
2014,北投區,溫泉里,溫泉里,柯文哲（本研究列為綠營）,連勝文,2480,1442,63.233044,36.766956,26.466089,data/raw/openfun/tw.gov.cec~txn~candidates-votes/2014/柯文哲-village-votes-page-1.json;data/raw/openfun/tw.gov.cec~txn~candidates-votes/2014/連勝文-village-votes-page-1.json,matched,polling-station-single-village; polling-station-single-village
2014,北投區,裕民里,裕民里,柯文哲（本研究列為綠營）,連勝文,2737,1727,61.312724,38.687276,22.625448,data/raw/openfun/tw.gov.cec~txn~candidates-votes/2014/柯文哲-village-votes-page-1.json;data/raw/openfun/tw.gov.cec~txn~candidates-votes/2014/連勝文-village-votes-page-1.json,matched,polling-station-single-village; polling-station-single-village
2014,北投區,榮光里,榮光里,柯文哲（本研究列為綠營）,連勝文,2575,1653,60.903500,39.096500,21.807001,data/raw/openfun/tw.gov.cec~txn~candidates-votes/2014/柯文哲-village-votes-page-1.json;data/raw/openfun/tw.gov.cec~txn~candidates-votes/2014/連勝文-village-votes-page-1.json,matched,polling-station-single-village; polling-station-single-village
2014,北投區,榮華里,榮華里,柯文哲（本研究列為綠營）,連勝文,2710,1737,60.939960,39.060040,21.879919,data/raw/openfun/tw.gov.cec~txn~candidates-votes/2014/柯文哲-village-votes-page-1.json;data/raw/openfun/tw.gov.cec~txn~candidates-votes/2014/連勝文-village-votes-page-1.json,matched,polling-station-single-village; polling-station-single-village
2014,北投區,福興里,福興里,柯文哲（本研究列為綠營）,連勝文,2600,1485,63.647491,36.352509,27.294982,data/raw/openfun/tw.gov.cec~txn~candidates-votes/2014/柯文哲-village-votes-page-1.json;data/raw/openfun/tw.gov.cec~txn~candidates-votes/2014/連勝文-village-votes-page-1.json,matched,polling-station-single-village; polling-station-single-village
2014,北投區,稻香里,稻香里,柯文哲（本研究列為綠營）,連勝文,1694,1183,58.880779,41.119221,17.761557,data/raw/openfun/tw.gov.cec~txn~candidates-votes/2014/柯文哲-village-votes-page-1.json;data/raw/openfun/tw.gov.cec~txn~candidates-votes/2014/連勝文-village-votes-page-1.json,matched,polling-station-single-village; polling-station-single-village
2014,北投區,豐年里,豐年里,柯文哲（本研究列為綠營）,連勝文,1706,1083,61.168878,38.831122,22.337755,data/raw/openfun/tw.gov.cec~txn~candidates-votes/2014/柯文哲-village-votes-page-1.json;data/raw/openfun/tw.gov.cec~txn~candidates-votes/2014/連勝文-village-votes-page-1.json,matched,polling-station-single-village; polling-station-single-village
2014,北投區,關渡里,關渡里,柯文哲（本研究列為綠營）,連勝文,4060,2271,64.128890,35.871110,28.257779,data/raw/openfun/tw.gov.cec~txn~candidates-votes/2014/柯文哲-village-votes-page-1.json;data/raw/openfun/tw.gov.cec~txn~candidates-votes/2014/連勝文-village-votes-page-1.json,matched,polling-station-single-village; polling-station-single-village
2014,松山區,三民里,三民里,柯文哲（本研究列為綠營）,連勝文,2104,1759,54.465441,45.534559,8.930883,data/raw/openfun/tw.gov.cec~txn~candidates-votes/2014/柯文哲-village-votes-page-3.json;data/raw/openfun/tw.gov.cec~txn~candidates-votes/2014/連勝文-village-votes-page-3.json,matched,polling-station-single-village; polling-station-single-village
2014,松山區,中正里,中正里,柯文哲（本研究列為綠營）,連勝文,3176,1994,61.431335,38.568665,22.862669,data/raw/openfun/tw.gov.cec~txn~candidates-votes/2014/柯文哲-village-votes-page-4.json;data/raw/openfun/tw.gov.cec~txn~candidates-votes/2014/連勝文-village-votes-page-4.json,matched,polling-station-single-village; polling-station-single-village
2014,松山區,中崙里,中崙里,柯文哲（本研究列為綠營）,連勝文,1299,1010,56.258120,43.741880,12.516241,data/raw/openfun/tw.gov.cec~txn~candidates-votes/2014/柯文哲-village-votes-page-4.json;data/raw/openfun/tw.gov.cec~txn~candidates-votes/2014/連勝文-village-votes-page-4.json,matched,polling-station-single-village; polling-station-single-village
2014,松山區,中華里,中華里,柯文哲（本研究列為綠營）,連勝文,1946,1595,54.956227,45.043773,9.912454,data/raw/openfun/tw.gov.cec~txn~candidates-votes/2014/柯文哲-village-votes-page-3.json;data/raw/openfun/tw.gov.cec~txn~candidates-votes/2014/連勝文-village-votes-page-3.json,matched,polling-station-single-village; polling-station-single-village
2014,松山區,介壽里,介壽里,柯文哲（本研究列為綠營）,連勝文,1537,1026,59.968787,40.031213,19.937573,data/raw/openfun/tw.gov.cec~txn~candidates-votes/2014/柯文哲-village-votes-page-3.json;data/raw/openfun/tw.gov.cec~txn~candidates-votes/2014/連勝文-village-votes-page-3.json,matched,polling-station-single-village; polling-station-single-village
2014,松山區,民有里,民有里,柯文哲（本研究列為綠營）,連勝文,2978,2044,59.299084,40.700916,18.598168,data/raw/openfun/tw.gov.cec~txn~candidates-votes/2014/柯文哲-village-votes-page-3.json;data/raw/openfun/tw.gov.cec~txn~candidates-votes/2014/連勝文-village-votes-page-3.json,matched,polling-station-single-village; polling-station-single-village
2014,松山區,民福里,民福里,柯文哲（本研究列為綠營）,連勝文,1940,1865,50.985545,49.014455,1.971091,data/raw/openfun/tw.gov.cec~txn~candidates-votes/2014/柯文哲-village-votes-page-3.json;data/raw/openfun/tw.gov.cec~txn~candidates-votes/2014/連勝文-village-votes-page-3.json,matched,polling-station-single-village; polling-station-single-village
2014,松山區,吉仁里,吉仁里,柯文哲（本研究列為綠營）,連勝文,1319,975,57.497820,42.502180,14.995641,data/raw/openfun/tw.gov.cec~txn~candidates-votes/2014/柯文哲-village-votes-page-4.json;data/raw/openfun/tw.gov.cec~txn~candidates-votes/2014/連勝文-village-votes-page-4.json,matched,polling-station-single-village; polling-station-single-village
2014,松山區,吉祥里,吉祥里,柯文哲（本研究列為綠營）,連勝文,2718,2165,55.662503,44.337497,11.325005,data/raw/openfun/tw.gov.cec~txn~candidates-votes/2014/柯文哲-village-votes-page-3.json;data/raw/openfun/tw.gov.cec~txn~candidates-votes/2014/柯文哲-village-votes-page-4.json;data/raw/openfun/tw.gov.cec~txn~candidates-votes/2014/連勝文-village-votes-page-3.json;data/raw/openfun/tw.gov.cec~txn~candidates-votes/2014/連勝文-village-votes-page-4.json,matched,polling-station-single-village; polling-station-single-village
2014,松山區,安平里,安平里,柯文哲（本研究列為綠營）,連勝文,3103,1948,61.433380,38.566620,22.866759,data/raw/openfun/tw.gov.cec~txn~candidates-votes/2014/柯文哲-village-votes-page-3.json;data/raw/openfun/tw.gov.cec~txn~candidates-votes/2014/連勝文-village-votes-page-3.json,matched,polling-station-single-village; polling-station-single-village
2014,松山區,自強里,自強里,柯文哲（本研究列為綠營）,連勝文,1803,3682,32.871468,67.128532,-34.257065,data/raw/openfun/tw.gov.cec~txn~candidates-votes/2014/柯文哲-village-votes-page-3.json;data/raw/openfun/tw.gov.cec~txn~candidates-votes/2014/連勝文-village-votes-page-3.json,matched,polling-station-single-village; polling-station-single-village
2014,松山區,東光里,東光里,柯文哲（本研究列為綠營）,連勝文,2257,1966,53.445418,46.554582,6.890836,data/raw/openfun/tw.gov.cec~txn~candidates-votes/2014/柯文哲-village-votes-page-3.json;data/raw/openfun/tw.gov.cec~txn~candidates-votes/2014/連勝文-village-votes-page-3.json,matched,polling-station-single-village; polling-station-single-village
2014,松山區,東昌里,東昌里,柯文哲（本研究列為綠營）,連勝文,930,583,61.467284,38.532716,22.934567,data/raw/openfun/tw.gov.cec~txn~candidates-votes/2014/柯文哲-village-votes-page-3.json;data/raw/openfun/tw.gov.cec~txn~candidates-votes/2014/連勝文-village-votes-page-3.json,matched,polling-station-single-village; polling-station-single-village
2014,松山區,東勢里,東勢里,柯文哲（本研究列為綠營）,連勝文,1494,1016,59.521912,40.478088,19.043825,data/raw/openfun/tw.gov.cec~txn~candidates-votes/2014/柯文哲-village-votes-page-3.json;data/raw/openfun/tw.gov.cec~txn~candidates-votes/2014/連勝文-village-votes-page-3.json,matched,polling-station-single-village; polling-station-single-village
2014,松山區,東榮里,東榮里,柯文哲（本研究列為綠營）,連勝文,2594,1903,57.682900,42.317100,15.365799,data/raw/openfun/tw.gov.cec~txn~candidates-votes/2014/柯文哲-village-votes-page-3.json;data/raw/openfun/tw.gov.cec~txn~candidates-votes/2014/連勝文-village-votes-page-3.json,matched,polling-station-single-village; polling-station-single-village
2014,松山區,松基里,松基里,柯文哲（本研究列為綠營）,連勝文,1310,877,59.899406,40.100594,19.798811,data/raw/openfun/tw.gov.cec~txn~candidates-votes/2014/柯文哲-village-votes-page-3.json;data/raw/openfun/tw.gov.cec~txn~candidates-votes/2014/連勝文-village-votes-page-3.json,matched,polling-station-single-village; polling-station-single-village
2014,松山區,美仁里,美仁里,柯文哲（本研究列為綠營）,連勝文,1181,799,59.646465,40.353535,19.292929,data/raw/openfun/tw.gov.cec~txn~candidates-votes/2014/柯文哲-village-votes-page-4.json;data/raw/openfun/tw.gov.cec~txn~candidates-votes/2014/連勝文-village-votes-page-4.json,matched,polling-station-single-village; polling-station-single-village
2014,松山區,莊敬里,莊敬里,柯文哲（本研究列為綠營）,連勝文,1719,1448,54.278497,45.721503,8.556994,data/raw/openfun/tw.gov.cec~txn~candidates-votes/2014/柯文哲-village-votes-page-3.json;data/raw/openfun/tw.gov.cec~txn~candidates-votes/2014/連勝文-village-votes-page-3.json,matched,polling-station-single-village; polling-station-single-village
2014,松山區,富泰里,富泰里,柯文哲（本研究列為綠營）,連勝文,1326,1342,49.700150,50.299850,-0.599700,data/raw/openfun/tw.gov.cec~txn~candidates-votes/2014/柯文哲-village-votes-page-3.json;data/raw/openfun/tw.gov.cec~txn~candidates-votes/2014/連勝文-village-votes-page-3.json,matched,polling-station-single-village; polling-station-single-village
2014,松山區,富錦里,富錦里,柯文哲（本研究列為綠營）,連勝文,1615,1346,54.542384,45.457616,9.084769,data/raw/openfun/tw.gov.cec~txn~candidates-votes/2014/柯文哲-village-votes-page-3.json;data/raw/openfun/tw.gov.cec~txn~candidates-votes/2014/連勝文-village-votes-page-3.json,matched,polling-station-single-village; polling-station-single-village
2014,松山區,復建里,復建里,柯文哲（本研究列為綠營）,連勝文,1372,1159,54.207823,45.792177,8.415646,data/raw/openfun/tw.gov.cec~txn~candidates-votes/2014/柯文哲-village-votes-page-4.json;data/raw/openfun/tw.gov.cec~txn~candidates-votes/2014/連勝文-village-votes-page-4.json,matched,polling-station-single-village; polling-station-single-village
2014,松山區,復盛里,復盛里,柯文哲（本研究列為綠營）,連勝文,2103,1834,53.416307,46.583693,6.832614,data/raw/openfun/tw.gov.cec~txn~candidates-votes/2014/柯文哲-village-votes-page-4.json;data/raw/openfun/tw.gov.cec~txn~candidates-votes/2014/連勝文-village-votes-page-4.json,matched,polling-station-single-village; polling-station-single-village
2014,松山區,復勢里,復勢里,柯文哲（本研究列為綠營）,連勝文,2243,1380,61.910019,38.089981,23.820039,data/raw/openfun/tw.gov.cec~txn~candidates-votes/2014/柯文哲-village-votes-page-4.json;data/raw/openfun/tw.gov.cec~txn~candidates-votes/2014/連勝文-village-votes-page-4.json,matched,polling-station-single-village; polling-station-single-village
2014,松山區,復源里,復源里,柯文哲（本研究列為綠營）,連勝文,1009,843,54.481641,45.518359,8.963283,data/raw/openfun/tw.gov.cec~txn~candidates-votes/2014/柯文哲-village-votes-page-4.json;data/raw/openfun/tw.gov.cec~txn~candidates-votes/2014/連勝文-village-votes-page-4.json,matched,polling-station-single-village; polling-station-single-village
2014,松山區,敦化里,敦化里,柯文哲（本研究列為綠營）,連勝文,2404,1641,59.431397,40.568603,18.862794,data/raw/openfun/tw.gov.cec~txn~candidates-votes/2014/柯文哲-village-votes-page-4.json;data/raw/openfun/tw.gov.cec~txn~candidates-votes/2014/連勝文-village-votes-page-4.json,matched,polling-station-single-village; polling-station-single-village
2014,松山區,新東里,新東里,柯文哲（本研究列為綠營）,連勝文,1653,1174,58.471878,41.528122,16.943757,data/raw/openfun/tw.gov.cec~txn~candidates-votes/2014/柯文哲-village-votes-page-3.json;data/raw/openfun/tw.gov.cec~txn~candidates-votes/2014/連勝文-village-votes-page-3.json,matched,polling-station-single-village; polling-station-single-village
2014,松山區,新益里,新益里,柯文哲（本研究列為綠營）,連勝文,1748,1193,59.435566,40.564434,18.871132,data/raw/openfun/tw.gov.cec~txn~candidates-votes/2014/柯文哲-village-votes-page-3.json;data/raw/openfun/tw.gov.cec~txn~candidates-votes/2014/連勝文-village-votes-page-3.json,matched,polling-station-single-village; polling-station-single-village
2014,松山區,新聚里,新聚里,柯文哲（本研究列為綠營）,連勝文,2848,1922,59.706499,40.293501,19.412998,data/raw/openfun/tw.gov.cec~txn~candidates-votes/2014/柯文哲-village-votes-page-4.json;data/raw/openfun/tw.gov.cec~txn~candidates-votes/2014/連勝文-village-votes-page-4.json,matched,polling-station-single-village; polling-station-single-village
2014,松山區,慈祐里,慈祐里,柯文哲（本研究列為綠營）,連勝文,2497,1365,64.655619,35.344381,29.311238,data/raw/openfun/tw.gov.cec~txn~candidates-votes/2014/柯文哲-village-votes-page-3.json;data/raw/openfun/tw.gov.cec~txn~candidates-votes/2014/連勝文-village-votes-page-3.json,matched,polling-station-single-village; polling-station-single-village
2014,松山區,福成里,福成里,柯文哲（本研究列為綠營）,連勝文,927,641,59.119898,40.880102,18.239796,data/raw/openfun/tw.gov.cec~txn~candidates-votes/2014/柯文哲-village-votes-page-4.json;data/raw/openfun/tw.gov.cec~txn~candidates-votes/2014/連勝文-village-votes-page-4.json,matched,polling-station-single-village; polling-station-single-village
2014,松山區,精忠里,精忠里,柯文哲（本研究列為綠營）,連勝文,1274,1095,53.777965,46.222035,7.555931,data/raw/openfun/tw.gov.cec~txn~candidates-votes/2014/柯文哲-village-votes-page-3.json;data/raw/openfun/tw.gov.cec~txn~candidates-votes/2014/連勝文-village-votes-page-3.json,matched,polling-station-single-village; polling-station-single-village
2014,松山區,龍田里,龍田里,柯文哲（本研究列為綠營）,連勝文,2355,3169,42.632151,57.367849,-14.735699,data/raw/openfun/tw.gov.cec~txn~candidates-votes/2014/柯文哲-village-votes-page-3.json;data/raw/openfun/tw.gov.cec~txn~candidates-votes/2014/連勝文-village-votes-page-3.json,matched,polling-station-single-village; polling-station-single-village
2014,松山區,鵬程里,鵬程里,柯文哲（本研究列為綠營）,連勝文,1489,1717,46.444167,53.555833,-7.111666,data/raw/openfun/tw.gov.cec~txn~candidates-votes/2014/柯文哲-village-votes-page-3.json;data/raw/openfun/tw.gov.cec~txn~candidates-votes/2014/連勝文-village-votes-page-3.json,matched,polling-station-single-village; polling-station-single-village
2014,信義區,三張里,三張里,柯文哲（本研究列為綠營）,連勝文,2807,2600,51.914185,48.085815,3.828371,data/raw/openfun/tw.gov.cec~txn~candidates-votes/2014/柯文哲-village-votes-page-4.json;data/raw/openfun/tw.gov.cec~txn~candidates-votes/2014/連勝文-village-votes-page-4.json,matched,polling-station-single-village; polling-station-single-village
2014,信義區,三犁里,三犁里,柯文哲（本研究列為綠營）,連勝文,1580,1419,52.684228,47.315772,5.368456,data/raw/openfun/tw.gov.cec~txn~candidates-votes/2014/柯文哲-village-votes-page-4.json;data/raw/openfun/tw.gov.cec~txn~candidates-votes/2014/連勝文-village-votes-page-4.json,matched,polling-station-single-village; polling-station-single-village
2014,信義區,大仁里,大仁里,柯文哲（本研究列為綠營）,連勝文,1476,1063,58.133123,41.866877,16.266247,data/raw/openfun/tw.gov.cec~txn~candidates-votes/2014/柯文哲-village-votes-page-4.json;data/raw/openfun/tw.gov.cec~txn~candidates-votes/2014/連勝文-village-votes-page-4.json,matched,polling-station-single-village; polling-station-single-village
2014,信義區,大道里,大道里,柯文哲（本研究列為綠營）,連勝文,2313,1506,60.565593,39.434407,21.131186,data/raw/openfun/tw.gov.cec~txn~candidates-votes/2014/柯文哲-village-votes-page-4.json;data/raw/openfun/tw.gov.cec~txn~candidates-votes/2014/連勝文-village-votes-page-4.json,matched,polling-station-single-village; polling-station-single-village
2014,信義區,中行里,中行里,柯文哲（本研究列為綠營）,連勝文,2984,1842,61.831745,38.168255,23.663489,data/raw/openfun/tw.gov.cec~txn~candidates-votes/2014/柯文哲-village-votes-page-4.json;data/raw/openfun/tw.gov.cec~txn~candidates-votes/2014/連勝文-village-votes-page-4.json,matched,polling-station-single-village; polling-station-single-village
2014,信義區,中坡里,中坡里,柯文哲（本研究列為綠營）,連勝文,1622,1195,57.578985,42.421015,15.157969,data/raw/openfun/tw.gov.cec~txn~candidates-votes/2014/柯文哲-village-votes-page-4.json;data/raw/openfun/tw.gov.cec~txn~candidates-votes/2014/連勝文-village-votes-page-4.json,matched,polling-station-single-village; polling-station-single-village
2014,信義區,中興里,中興里,柯文哲（本研究列為綠營）,連勝文,954,818,53.837472,46.162528,7.674944,data/raw/openfun/tw.gov.cec~txn~candidates-votes/2014/柯文哲-village-votes-page-4.json;data/raw/openfun/tw.gov.cec~txn~candidates-votes/2014/連勝文-village-votes-page-4.json,matched,polling-station-single-village; polling-station-single-village
2014,信義區,五全里,五全里,柯文哲（本研究列為綠營）,連勝文,1956,1170,62.571977,37.428023,25.143954,data/raw/openfun/tw.gov.cec~txn~candidates-votes/2014/柯文哲-village-votes-page-4.json;data/raw/openfun/tw.gov.cec~txn~candidates-votes/2014/連勝文-village-votes-page-4.json,matched,polling-station-single-village; polling-station-single-village
2014,信義區,五常里,五常里,柯文哲（本研究列為綠營）,連勝文,1312,907,59.125732,40.874268,18.251465,data/raw/openfun/tw.gov.cec~txn~candidates-votes/2014/柯文哲-village-votes-page-4.json;data/raw/openfun/tw.gov.cec~txn~candidates-votes/2014/連勝文-village-votes-page-4.json,matched,polling-station-single-village; polling-station-single-village
2014,信義區,六合里,六合里,柯文哲（本研究列為綠營）,連勝文,1790,2088,46.157813,53.842187,-7.684373,data/raw/openfun/tw.gov.cec~txn~candidates-votes/2014/柯文哲-village-votes-page-4.json;data/raw/openfun/tw.gov.cec~txn~candidates-votes/2014/連勝文-village-votes-page-4.json,matched,polling-station-single-village; polling-station-single-village
2014,信義區,六藝里,六藝里,柯文哲（本研究列為綠營）,連勝文,1387,923,60.043290,39.956710,20.086580,data/raw/openfun/tw.gov.cec~txn~candidates-votes/2014/柯文哲-village-votes-page-4.json;data/raw/openfun/tw.gov.cec~txn~candidates-votes/2014/連勝文-village-votes-page-4.json,matched,polling-station-single-village; polling-station-single-village
2014,信義區,四育里,四育里,柯文哲（本研究列為綠營）,連勝文,2232,1341,62.468514,37.531486,24.937028,data/raw/openfun/tw.gov.cec~txn~candidates-votes/2014/柯文哲-village-votes-page-4.json;data/raw/openfun/tw.gov.cec~txn~candidates-votes/2014/連勝文-village-votes-page-4.json,matched,polling-station-single-village; polling-station-single-village
2014,信義區,四維里,四維里,柯文哲（本研究列為綠營）,連勝文,1755,1439,54.946775,45.053225,9.893550,data/raw/openfun/tw.gov.cec~txn~candidates-votes/2014/柯文哲-village-votes-page-4.json;data/raw/openfun/tw.gov.cec~txn~candidates-votes/2014/連勝文-village-votes-page-4.json,matched,polling-station-single-village; polling-station-single-village
2014,信義區,正和里,正和里,柯文哲（本研究列為綠營）,連勝文,1317,1394,48.579860,51.420140,-2.840280,data/raw/openfun/tw.gov.cec~txn~candidates-votes/2014/柯文哲-village-votes-page-4.json;data/raw/openfun/tw.gov.cec~txn~candidates-votes/2014/連勝文-village-votes-page-4.json,matched,polling-station-single-village; polling-station-single-village
2014,信義區,永吉里,永吉里,柯文哲（本研究列為綠營）,連勝文,1692,723,70.062112,29.937888,40.124224,data/raw/openfun/tw.gov.cec~txn~candidates-votes/2014/柯文哲-village-votes-page-4.json;data/raw/openfun/tw.gov.cec~txn~candidates-votes/2014/連勝文-village-votes-page-4.json,matched,polling-station-single-village; polling-station-single-village
2014,信義區,永春里,永春里,柯文哲（本研究列為綠營）,連勝文,1813,1122,61.771721,38.228279,23.543441,data/raw/openfun/tw.gov.cec~txn~candidates-votes/2014/柯文哲-village-votes-page-4.json;data/raw/openfun/tw.gov.cec~txn~candidates-votes/2014/連勝文-village-votes-page-4.json,matched,polling-station-single-village; polling-station-single-village
2014,信義區,安康里,安康里,柯文哲（本研究列為綠營）,連勝文,3100,2535,55.013310,44.986690,10.026619,data/raw/openfun/tw.gov.cec~txn~candidates-votes/2014/柯文哲-village-votes-page-4.json;data/raw/openfun/tw.gov.cec~txn~candidates-votes/2014/連勝文-village-votes-page-4.json,matched,polling-station-single-village; polling-station-single-village
2014,信義區,西村里,西村里,柯文哲（本研究列為綠營）,連勝文,1052,1673,38.605505,61.394495,-22.788991,data/raw/openfun/tw.gov.cec~txn~candidates-votes/2014/柯文哲-village-votes-page-4.json;data/raw/openfun/tw.gov.cec~txn~candidates-votes/2014/連勝文-village-votes-page-4.json,matched,polling-station-single-village; polling-station-single-village
2014,信義區,松友里,松友里,柯文哲（本研究列為綠營）,連勝文,2162,1713,55.793548,44.206452,11.587097,data/raw/openfun/tw.gov.cec~txn~candidates-votes/2014/柯文哲-village-votes-page-4.json;data/raw/openfun/tw.gov.cec~txn~candidates-votes/2014/連勝文-village-votes-page-4.json,matched,polling-station-single-village; polling-station-single-village
2014,信義區,松光里,松光里,柯文哲（本研究列為綠營）,連勝文,1800,1216,59.681698,40.318302,19.363395,data/raw/openfun/tw.gov.cec~txn~candidates-votes/2014/柯文哲-village-votes-page-4.json;data/raw/openfun/tw.gov.cec~txn~candidates-votes/2014/連勝文-village-votes-page-4.json,matched,polling-station-single-village; polling-station-single-village
2014,信義區,松隆里,松隆里,柯文哲（本研究列為綠營）,連勝文,732,572,56.134969,43.865031,12.269939,data/raw/openfun/tw.gov.cec~txn~candidates-votes/2014/柯文哲-village-votes-page-4.json;data/raw/openfun/tw.gov.cec~txn~candidates-votes/2014/連勝文-village-votes-page-4.json,matched,polling-station-single-village; polling-station-single-village
2014,信義區,長春里,長春里,柯文哲（本研究列為綠營）,連勝文,1565,1034,60.215467,39.784533,20.430935,data/raw/openfun/tw.gov.cec~txn~candidates-votes/2014/柯文哲-village-votes-page-4.json;data/raw/openfun/tw.gov.cec~txn~candidates-votes/2014/連勝文-village-votes-page-4.json,matched,polling-station-single-village; polling-station-single-village
2014,信義區,泰和里,泰和里,柯文哲（本研究列為綠營）,連勝文,2451,2074,54.165746,45.834254,8.331492,data/raw/openfun/tw.gov.cec~txn~candidates-votes/2014/柯文哲-village-votes-page-4.json;data/raw/openfun/tw.gov.cec~txn~candidates-votes/2014/連勝文-village-votes-page-4.json,matched,polling-station-single-village; polling-station-single-village
2014,信義區,國業里,國業里,柯文哲（本研究列為綠營）,連勝文,2333,1899,55.127599,44.872401,10.255198,data/raw/openfun/tw.gov.cec~txn~candidates-votes/2014/柯文哲-village-votes-page-4.json;data/raw/openfun/tw.gov.cec~txn~candidates-votes/2014/連勝文-village-votes-page-4.json,matched,polling-station-single-village; polling-station-single-village
2014,信義區,富台里,富台里,柯文哲（本研究列為綠營）,連勝文,1042,1335,43.836769,56.163231,-12.326462,data/raw/openfun/tw.gov.cec~txn~candidates-votes/2014/柯文哲-village-votes-page-4.json;data/raw/openfun/tw.gov.cec~txn~candidates-votes/2014/連勝文-village-votes-page-4.json,matched,polling-station-single-village; polling-station-single-village
2014,信義區,惠安里,惠安里,柯文哲（本研究列為綠營）,連勝文,1868,1947,48.964613,51.035387,-2.070773,data/raw/openfun/tw.gov.cec~txn~candidates-votes/2014/柯文哲-village-votes-page-4.json;data/raw/openfun/tw.gov.cec~txn~candidates-votes/2014/連勝文-village-votes-page-4.json,matched,polling-station-single-village; polling-station-single-village
2014,信義區,敦厚里,敦厚里,柯文哲（本研究列為綠營）,連勝文,1650,1247,56.955471,43.044529,13.910942,data/raw/openfun/tw.gov.cec~txn~candidates-votes/2014/柯文哲-village-votes-page-4.json;data/raw/openfun/tw.gov.cec~txn~candidates-votes/2014/連勝文-village-votes-page-4.json,matched,polling-station-single-village; polling-station-single-village
2014,信義區,景勤里,景勤里,柯文哲（本研究列為綠營）,連勝文,1305,1228,51.519937,48.480063,3.039874,data/raw/openfun/tw.gov.cec~txn~candidates-votes/2014/柯文哲-village-votes-page-4.json;data/raw/openfun/tw.gov.cec~txn~candidates-votes/2014/連勝文-village-votes-page-4.json,matched,polling-station-single-village; polling-station-single-village
2014,信義區,景新里,景新里,柯文哲（本研究列為綠營）,連勝文,1463,1428,50.605327,49.394673,1.210654,data/raw/openfun/tw.gov.cec~txn~candidates-votes/2014/柯文哲-village-votes-page-4.json;data/raw/openfun/tw.gov.cec~txn~candidates-votes/2014/連勝文-village-votes-page-4.json,matched,polling-station-single-village; polling-station-single-village
2014,信義區,景聯里,景聯里,柯文哲（本研究列為綠營）,連勝文,1577,1218,56.422182,43.577818,12.844365,data/raw/openfun/tw.gov.cec~txn~candidates-votes/2014/柯文哲-village-votes-page-4.json;data/raw/openfun/tw.gov.cec~txn~candidates-votes/2014/連勝文-village-votes-page-4.json,matched,polling-station-single-village; polling-station-single-village
2014,信義區,雅祥里,雅祥里,柯文哲（本研究列為綠營）,連勝文,1851,1146,61.761762,38.238238,23.523524,data/raw/openfun/tw.gov.cec~txn~candidates-votes/2014/柯文哲-village-votes-page-4.json;data/raw/openfun/tw.gov.cec~txn~candidates-votes/2014/連勝文-village-votes-page-4.json,matched,polling-station-single-village; polling-station-single-village
2014,信義區,新仁里,新仁里,柯文哲（本研究列為綠營）,連勝文,1004,1010,49.851043,50.148957,-0.297915,data/raw/openfun/tw.gov.cec~txn~candidates-votes/2014/柯文哲-village-votes-page-4.json;data/raw/openfun/tw.gov.cec~txn~candidates-votes/2014/連勝文-village-votes-page-4.json,matched,polling-station-single-village; polling-station-single-village
2014,信義區,嘉興里,嘉興里,柯文哲（本研究列為綠營）,連勝文,1112,855,56.532791,43.467209,13.065582,data/raw/openfun/tw.gov.cec~txn~candidates-votes/2014/柯文哲-village-votes-page-4.json;data/raw/openfun/tw.gov.cec~txn~candidates-votes/2014/連勝文-village-votes-page-4.json,matched,polling-station-single-village; polling-station-single-village
2014,信義區,廣居里,廣居里,柯文哲（本研究列為綠營）,連勝文,2440,2146,53.205408,46.794592,6.410816,data/raw/openfun/tw.gov.cec~txn~candidates-votes/2014/柯文哲-village-votes-page-4.json;data/raw/openfun/tw.gov.cec~txn~candidates-votes/2014/連勝文-village-votes-page-4.json,matched,polling-station-single-village; polling-station-single-village
2014,信義區,黎平里,黎平里,柯文哲（本研究列為綠營）,連勝文,2290,1880,54.916067,45.083933,9.832134,data/raw/openfun/tw.gov.cec~txn~candidates-votes/2014/柯文哲-village-votes-page-4.json;data/raw/openfun/tw.gov.cec~txn~candidates-votes/2014/連勝文-village-votes-page-4.json,matched,polling-station-single-village; polling-station-single-village
2014,信義區,黎安里,黎安里,柯文哲（本研究列為綠營）,連勝文,506,868,36.826783,63.173217,-26.346434,data/raw/openfun/tw.gov.cec~txn~candidates-votes/2014/柯文哲-village-votes-page-4.json;data/raw/openfun/tw.gov.cec~txn~candidates-votes/2014/連勝文-village-votes-page-4.json,matched,polling-station-single-village; polling-station-single-village
2014,信義區,黎忠里,黎忠里,柯文哲（本研究列為綠營）,連勝文,1584,1274,55.423373,44.576627,10.846746,data/raw/openfun/tw.gov.cec~txn~candidates-votes/2014/柯文哲-village-votes-page-4.json;data/raw/openfun/tw.gov.cec~txn~candidates-votes/2014/連勝文-village-votes-page-4.json,matched,polling-station-single-village; polling-station-single-village
2014,信義區,黎順里,黎順里,柯文哲（本研究列為綠營）,連勝文,1258,1088,53.623188,46.376812,7.246377,data/raw/openfun/tw.gov.cec~txn~candidates-votes/2014/柯文哲-village-votes-page-4.json;data/raw/openfun/tw.gov.cec~txn~candidates-votes/2014/連勝文-village-votes-page-4.json,matched,polling-station-single-village; polling-station-single-village
2014,信義區,興隆里,興隆里,柯文哲（本研究列為綠營）,連勝文,734,799,47.879974,52.120026,-4.240052,data/raw/openfun/tw.gov.cec~txn~candidates-votes/2014/柯文哲-village-votes-page-4.json;data/raw/openfun/tw.gov.cec~txn~candidates-votes/2014/連勝文-village-votes-page-4.json,matched,polling-station-single-village; polling-station-single-village
2014,信義區,興雅里,興雅里,柯文哲（本研究列為綠營）,連勝文,1895,1474,56.248145,43.751855,12.496290,data/raw/openfun/tw.gov.cec~txn~candidates-votes/2014/柯文哲-village-votes-page-4.json;data/raw/openfun/tw.gov.cec~txn~candidates-votes/2014/連勝文-village-votes-page-4.json,matched,polling-station-single-village; polling-station-single-village
2014,信義區,雙和里,雙和里,柯文哲（本研究列為綠營）,連勝文,2259,2007,52.953586,47.046414,5.907173,data/raw/openfun/tw.gov.cec~txn~candidates-votes/2014/柯文哲-village-votes-page-4.json;data/raw/openfun/tw.gov.cec~txn~candidates-votes/2014/連勝文-village-votes-page-4.json,matched,polling-station-single-village; polling-station-single-village
2014,南港區,九如里,九如里,柯文哲（本研究列為綠營）,連勝文,1943,1769,52.343750,47.656250,4.687500,data/raw/openfun/tw.gov.cec~txn~candidates-votes/2014/柯文哲-village-votes-page-3.json;data/raw/openfun/tw.gov.cec~txn~candidates-votes/2014/連勝文-village-votes-page-3.json,matched,polling-station-single-village; polling-station-single-village
2014,南港區,三重里,三重里,柯文哲（本研究列為綠營）,連勝文,1970,1340,59.516616,40.483384,19.033233,data/raw/openfun/tw.gov.cec~txn~candidates-votes/2014/柯文哲-village-votes-page-3.json;data/raw/openfun/tw.gov.cec~txn~candidates-votes/2014/連勝文-village-votes-page-3.json,matched,polling-station-single-village; polling-station-single-village
2014,南港區,中南里,中南里,柯文哲（本研究列為綠營）,連勝文,1360,770,63.849765,36.150235,27.699531,data/raw/openfun/tw.gov.cec~txn~candidates-votes/2014/柯文哲-village-votes-page-3.json;data/raw/openfun/tw.gov.cec~txn~candidates-votes/2014/連勝文-village-votes-page-3.json,matched,polling-station-single-village; polling-station-single-village
2014,南港區,中研里,中研里,柯文哲（本研究列為綠營）,連勝文,3183,1973,61.733902,38.266098,23.467804,data/raw/openfun/tw.gov.cec~txn~candidates-votes/2014/柯文哲-village-votes-page-3.json;data/raw/openfun/tw.gov.cec~txn~candidates-votes/2014/連勝文-village-votes-page-3.json,matched,polling-station-single-village; polling-station-single-village
2014,南港區,仁福里,仁福里,柯文哲（本研究列為綠營）,連勝文,1671,1593,51.194853,48.805147,2.389706,data/raw/openfun/tw.gov.cec~txn~candidates-votes/2014/柯文哲-village-votes-page-3.json;data/raw/openfun/tw.gov.cec~txn~candidates-votes/2014/連勝文-village-votes-page-3.json,matched,polling-station-single-village; polling-station-single-village
2014,南港區,玉成里,玉成里,柯文哲（本研究列為綠營）,連勝文,1921,1072,64.183094,35.816906,28.366188,data/raw/openfun/tw.gov.cec~txn~candidates-votes/2014/柯文哲-village-votes-page-3.json;data/raw/openfun/tw.gov.cec~txn~candidates-votes/2014/連勝文-village-votes-page-3.json,matched,polling-station-single-village; polling-station-single-village
2014,南港區,合成里,合成里,柯文哲（本研究列為綠營）,連勝文,2498,1557,61.602959,38.397041,23.205919,data/raw/openfun/tw.gov.cec~txn~candidates-votes/2014/柯文哲-village-votes-page-3.json;data/raw/openfun/tw.gov.cec~txn~candidates-votes/2014/連勝文-village-votes-page-3.json,matched,polling-station-single-village; polling-station-single-village
2014,南港區,成福里,成福里,柯文哲（本研究列為綠營）,連勝文,2442,2085,53.943009,46.056991,7.886017,data/raw/openfun/tw.gov.cec~txn~candidates-votes/2014/柯文哲-village-votes-page-3.json;data/raw/openfun/tw.gov.cec~txn~candidates-votes/2014/連勝文-village-votes-page-3.json,matched,polling-station-single-village; polling-station-single-village
2014,南港區,百福里,百福里,柯文哲（本研究列為綠營）,連勝文,1815,1228,59.645087,40.354913,19.290174,data/raw/openfun/tw.gov.cec~txn~candidates-votes/2014/柯文哲-village-votes-page-3.json;data/raw/openfun/tw.gov.cec~txn~candidates-votes/2014/連勝文-village-votes-page-3.json,matched,polling-station-single-village; polling-station-single-village
2014,南港區,西新里,西新里,柯文哲（本研究列為綠營）,連勝文,1991,893,69.036061,30.963939,38.072122,data/raw/openfun/tw.gov.cec~txn~candidates-votes/2014/柯文哲-village-votes-page-3.json;data/raw/openfun/tw.gov.cec~txn~candidates-votes/2014/連勝文-village-votes-page-3.json,matched,polling-station-single-village; polling-station-single-village
2014,南港區,東明里,東明里,柯文哲（本研究列為綠營）,連勝文,1516,1180,56.231454,43.768546,12.462908,data/raw/openfun/tw.gov.cec~txn~candidates-votes/2014/柯文哲-village-votes-page-3.json;data/raw/openfun/tw.gov.cec~txn~candidates-votes/2014/連勝文-village-votes-page-3.json,matched,polling-station-single-village; polling-station-single-village
2014,南港區,東新里,東新里,柯文哲（本研究列為綠營）,連勝文,2495,1649,60.207529,39.792471,20.415058,data/raw/openfun/tw.gov.cec~txn~candidates-votes/2014/柯文哲-village-votes-page-3.json;data/raw/openfun/tw.gov.cec~txn~candidates-votes/2014/連勝文-village-votes-page-3.json,matched,polling-station-single-village; polling-station-single-village
2014,南港區,南港里,南港里,柯文哲（本研究列為綠營）,連勝文,2121,1349,61.123919,38.876081,22.247839,data/raw/openfun/tw.gov.cec~txn~candidates-votes/2014/柯文哲-village-votes-page-3.json;data/raw/openfun/tw.gov.cec~txn~candidates-votes/2014/連勝文-village-votes-page-3.json,matched,polling-station-single-village; polling-station-single-village
2014,南港區,重陽里,重陽里,柯文哲（本研究列為綠營）,連勝文,1545,1205,56.181818,43.818182,12.363636,data/raw/openfun/tw.gov.cec~txn~candidates-votes/2014/柯文哲-village-votes-page-3.json;data/raw/openfun/tw.gov.cec~txn~candidates-votes/2014/連勝文-village-votes-page-3.json,matched,polling-station-single-village; polling-station-single-village
2014,南港區,新光里,新光里,柯文哲（本研究列為綠營）,連勝文,1232,1070,53.518679,46.481321,7.037359,data/raw/openfun/tw.gov.cec~txn~candidates-votes/2014/柯文哲-village-votes-page-3.json;data/raw/openfun/tw.gov.cec~txn~candidates-votes/2014/連勝文-village-votes-page-3.json,matched,polling-station-single-village; polling-station-single-village
2014,南港區,新富里,新富里,柯文哲（本研究列為綠營）,連勝文,1511,781,65.924956,34.075044,31.849913,data/raw/openfun/tw.gov.cec~txn~candidates-votes/2014/柯文哲-village-votes-page-3.json;data/raw/openfun/tw.gov.cec~txn~candidates-votes/2014/連勝文-village-votes-page-3.json,matched,polling-station-single-village; polling-station-single-village
2014,南港區,萬福里,萬福里,柯文哲（本研究列為綠營）,連勝文,1415,1132,55.555556,44.444444,11.111111,data/raw/openfun/tw.gov.cec~txn~candidates-votes/2014/柯文哲-village-votes-page-3.json;data/raw/openfun/tw.gov.cec~txn~candidates-votes/2014/連勝文-village-votes-page-3.json,matched,polling-station-single-village; polling-station-single-village
2014,南港區,聯成里,聯成里,柯文哲（本研究列為綠營）,連勝文,1767,1349,56.707317,43.292683,13.414634,data/raw/openfun/tw.gov.cec~txn~candidates-votes/2014/柯文哲-village-votes-page-3.json;data/raw/openfun/tw.gov.cec~txn~candidates-votes/2014/連勝文-village-votes-page-3.json,matched,polling-station-single-village; polling-station-single-village
2014,南港區,鴻福里,鴻福里,柯文哲（本研究列為綠營）,連勝文,1686,1167,59.095689,40.904311,18.191377,data/raw/openfun/tw.gov.cec~txn~candidates-votes/2014/柯文哲-village-votes-page-3.json;data/raw/openfun/tw.gov.cec~txn~candidates-votes/2014/連勝文-village-votes-page-3.json,matched,polling-station-single-village; polling-station-single-village
2014,南港區,舊莊里,舊莊里,柯文哲（本研究列為綠營）,連勝文,3476,1737,66.679455,33.320545,33.358910,data/raw/openfun/tw.gov.cec~txn~candidates-votes/2014/柯文哲-village-votes-page-3.json;data/raw/openfun/tw.gov.cec~txn~candidates-votes/2014/連勝文-village-votes-page-3.json,matched,polling-station-single-village; polling-station-single-village
2014,萬華區,仁德里,仁德里,柯文哲（本研究列為綠營）,連勝文,1824,1097,62.444368,37.555632,24.888737,data/raw/openfun/tw.gov.cec~txn~candidates-votes/2014/柯文哲-village-votes-page-6.json;data/raw/openfun/tw.gov.cec~txn~candidates-votes/2014/連勝文-village-votes-page-6.json,matched,polling-station-single-village; polling-station-single-village
2014,萬華區,日祥里,日祥里,柯文哲（本研究列為綠營）,連勝文,1540,1859,45.307443,54.692557,-9.385113,data/raw/openfun/tw.gov.cec~txn~candidates-votes/2014/柯文哲-village-votes-page-6.json;data/raw/openfun/tw.gov.cec~txn~candidates-votes/2014/連勝文-village-votes-page-6.json,matched,polling-station-single-village; polling-station-single-village
2014,萬華區,日善里,日善里,柯文哲（本研究列為綠營）,連勝文,1478,758,66.100179,33.899821,32.200358,data/raw/openfun/tw.gov.cec~txn~candidates-votes/2014/柯文哲-village-votes-page-6.json;data/raw/openfun/tw.gov.cec~txn~candidates-votes/2014/連勝文-village-votes-page-6.json,matched,polling-station-single-village; polling-station-single-village
2014,萬華區,全德里,全德里,柯文哲（本研究列為綠營）,連勝文,1547,895,63.349713,36.650287,26.699427,data/raw/openfun/tw.gov.cec~txn~candidates-votes/2014/柯文哲-village-votes-page-6.json;data/raw/openfun/tw.gov.cec~txn~candidates-votes/2014/連勝文-village-votes-page-6.json,matched,polling-station-single-village; polling-station-single-village
2014,萬華區,西門里,西門里,柯文哲（本研究列為綠營）,連勝文,1210,932,56.489262,43.510738,12.978525,data/raw/openfun/tw.gov.cec~txn~candidates-votes/2014/柯文哲-village-votes-page-6.json;data/raw/openfun/tw.gov.cec~txn~candidates-votes/2014/連勝文-village-votes-page-6.json,matched,polling-station-single-village; polling-station-single-village
2014,萬華區,孝德里,孝德里,柯文哲（本研究列為綠營）,連勝文,1483,620,70.518307,29.481693,41.036614,data/raw/openfun/tw.gov.cec~txn~candidates-votes/2014/柯文哲-village-votes-page-6.json;data/raw/openfun/tw.gov.cec~txn~candidates-votes/2014/連勝文-village-votes-page-6.json,matched,polling-station-single-village; polling-station-single-village
2014,萬華區,和平里,和平里,柯文哲（本研究列為綠營）,連勝文,3047,1232,71.208226,28.791774,42.416452,data/raw/openfun/tw.gov.cec~txn~candidates-votes/2014/柯文哲-village-votes-page-6.json;data/raw/openfun/tw.gov.cec~txn~candidates-votes/2014/連勝文-village-votes-page-6.json,matched,polling-station-single-village; polling-station-single-village
2014,萬華區,和德里,和德里,柯文哲（本研究列為綠營）,連勝文,2738,1336,67.206676,32.793324,34.413353,data/raw/openfun/tw.gov.cec~txn~candidates-votes/2014/柯文哲-village-votes-page-6.json;data/raw/openfun/tw.gov.cec~txn~candidates-votes/2014/連勝文-village-votes-page-6.json,matched,polling-station-single-village; polling-station-single-village
2014,萬華區,忠貞里,忠貞里,柯文哲（本研究列為綠營）,連勝文,1222,1852,39.752765,60.247235,-20.494470,data/raw/openfun/tw.gov.cec~txn~candidates-votes/2014/柯文哲-village-votes-page-6.json;data/raw/openfun/tw.gov.cec~txn~candidates-votes/2014/連勝文-village-votes-page-6.json,matched,polling-station-single-village; polling-station-single-village
2014,萬華區,忠德里,忠德里,柯文哲（本研究列為綠營）,連勝文,1781,772,69.761065,30.238935,39.522131,data/raw/openfun/tw.gov.cec~txn~candidates-votes/2014/柯文哲-village-votes-page-6.json;data/raw/openfun/tw.gov.cec~txn~candidates-votes/2014/連勝文-village-votes-page-6.json,matched,polling-station-single-village; polling-station-single-village
2014,萬華區,青山里,青山里,柯文哲（本研究列為綠營）,連勝文,2077,1204,63.303871,36.696129,26.607742,data/raw/openfun/tw.gov.cec~txn~candidates-votes/2014/柯文哲-village-votes-page-6.json;data/raw/openfun/tw.gov.cec~txn~candidates-votes/2014/連勝文-village-votes-page-6.json,matched,polling-station-single-village; polling-station-single-village
2014,萬華區,保德里,保德里,柯文哲（本研究列為綠營）,連勝文,1284,746,63.251232,36.748768,26.502463,data/raw/openfun/tw.gov.cec~txn~candidates-votes/2014/柯文哲-village-votes-page-6.json;data/raw/openfun/tw.gov.cec~txn~candidates-votes/2014/連勝文-village-votes-page-6.json,matched,polling-station-single-village; polling-station-single-village
2014,萬華區,柳鄉里,柳鄉里,柯文哲（本研究列為綠營）,連勝文,2258,1065,67.950647,32.049353,35.901294,data/raw/openfun/tw.gov.cec~txn~candidates-votes/2014/柯文哲-village-votes-page-6.json;data/raw/openfun/tw.gov.cec~txn~candidates-votes/2014/連勝文-village-votes-page-6.json,matched,polling-station-single-village; polling-station-single-village
2014,萬華區,凌霄里,凌霄里,柯文哲（本研究列為綠營）,連勝文,1121,1231,47.661565,52.338435,-4.676871,data/raw/openfun/tw.gov.cec~txn~candidates-votes/2014/柯文哲-village-votes-page-6.json;data/raw/openfun/tw.gov.cec~txn~candidates-votes/2014/連勝文-village-votes-page-6.json,matched,polling-station-single-village; polling-station-single-village
2014,萬華區,頂碩里,頂碩里,柯文哲（本研究列為綠營）,連勝文,3157,1311,70.658013,29.341987,41.316025,data/raw/openfun/tw.gov.cec~txn~candidates-votes/2014/柯文哲-village-votes-page-6.json;data/raw/openfun/tw.gov.cec~txn~candidates-votes/2014/連勝文-village-votes-page-6.json,matched,polling-station-single-village; polling-station-single-village
2014,萬華區,富民里,富民里,柯文哲（本研究列為綠營）,連勝文,2101,994,67.883683,32.116317,35.767367,data/raw/openfun/tw.gov.cec~txn~candidates-votes/2014/柯文哲-village-votes-page-6.json;data/raw/openfun/tw.gov.cec~txn~candidates-votes/2014/連勝文-village-votes-page-6.json,matched,polling-station-single-village; polling-station-single-village
2014,萬華區,富福里,富福里,柯文哲（本研究列為綠營）,連勝文,2000,971,67.317402,32.682598,34.634803,data/raw/openfun/tw.gov.cec~txn~candidates-votes/2014/柯文哲-village-votes-page-6.json;data/raw/openfun/tw.gov.cec~txn~candidates-votes/2014/連勝文-village-votes-page-6.json,matched,polling-station-single-village; polling-station-single-village
2014,萬華區,菜園里,菜園里,柯文哲（本研究列為綠營）,連勝文,2311,1301,63.981174,36.018826,27.962348,data/raw/openfun/tw.gov.cec~txn~candidates-votes/2014/柯文哲-village-votes-page-6.json;data/raw/openfun/tw.gov.cec~txn~candidates-votes/2014/連勝文-village-votes-page-6.json,matched,polling-station-single-village; polling-station-single-village
2014,萬華區,華中里,華中里,柯文哲（本研究列為綠營）,連勝文,2509,1316,65.594771,34.405229,31.189542,data/raw/openfun/tw.gov.cec~txn~candidates-votes/2014/柯文哲-village-votes-page-6.json;data/raw/openfun/tw.gov.cec~txn~candidates-votes/2014/連勝文-village-votes-page-6.json,matched,polling-station-single-village; polling-station-single-village
2014,萬華區,華江里,華江里,柯文哲（本研究列為綠營）,連勝文,3284,1827,64.253571,35.746429,28.507141,data/raw/openfun/tw.gov.cec~txn~candidates-votes/2014/柯文哲-village-votes-page-6.json;data/raw/openfun/tw.gov.cec~txn~candidates-votes/2014/連勝文-village-votes-page-6.json,matched,polling-station-single-village; polling-station-single-village
2014,萬華區,新安里,新安里,柯文哲（本研究列為綠營）,連勝文,1815,1834,49.739655,50.260345,-0.520691,data/raw/openfun/tw.gov.cec~txn~candidates-votes/2014/柯文哲-village-votes-page-6.json;data/raw/openfun/tw.gov.cec~txn~candidates-votes/2014/連勝文-village-votes-page-6.json,matched,polling-station-single-village; polling-station-single-village
2014,萬華區,新和里,新和里,柯文哲（本研究列為綠營）,連勝文,1926,3207,37.521917,62.478083,-24.956166,data/raw/openfun/tw.gov.cec~txn~candidates-votes/2014/柯文哲-village-votes-page-6.json;data/raw/openfun/tw.gov.cec~txn~candidates-votes/2014/連勝文-village-votes-page-6.json,matched,polling-station-single-village; polling-station-single-village
2014,萬華區,新忠里,新忠里,柯文哲（本研究列為綠營）,連勝文,639,1422,31.004367,68.995633,-37.991266,data/raw/openfun/tw.gov.cec~txn~candidates-votes/2014/柯文哲-village-votes-page-6.json;data/raw/openfun/tw.gov.cec~txn~candidates-votes/2014/連勝文-village-votes-page-6.json,matched,polling-station-single-village; polling-station-single-village
2014,萬華區,新起里,新起里,柯文哲（本研究列為綠營）,連勝文,2458,1498,62.133468,37.866532,24.266936,data/raw/openfun/tw.gov.cec~txn~candidates-votes/2014/柯文哲-village-votes-page-6.json;data/raw/openfun/tw.gov.cec~txn~candidates-votes/2014/連勝文-village-votes-page-6.json,matched,polling-station-single-village; polling-station-single-village
2014,萬華區,萬壽里,萬壽里,柯文哲（本研究列為綠營）,連勝文,1006,840,54.496208,45.503792,8.992416,data/raw/openfun/tw.gov.cec~txn~candidates-votes/2014/柯文哲-village-votes-page-6.json;data/raw/openfun/tw.gov.cec~txn~candidates-votes/2014/連勝文-village-votes-page-6.json,matched,polling-station-single-village; polling-station-single-village
2014,萬華區,壽德里,壽德里,柯文哲（本研究列為綠營）,連勝文,1997,1198,62.503912,37.496088,25.007825,data/raw/openfun/tw.gov.cec~txn~candidates-votes/2014/柯文哲-village-votes-page-6.json;data/raw/openfun/tw.gov.cec~txn~candidates-votes/2014/連勝文-village-votes-page-6.json,matched,polling-station-single-village; polling-station-single-village
2014,萬華區,榮德里,榮德里,柯文哲（本研究列為綠營）,連勝文,1501,755,66.533688,33.466312,33.067376,data/raw/openfun/tw.gov.cec~txn~candidates-votes/2014/柯文哲-village-votes-page-6.json;data/raw/openfun/tw.gov.cec~txn~candidates-votes/2014/連勝文-village-votes-page-6.json,matched,polling-station-single-village; polling-station-single-village
2014,萬華區,福星里,福星里,柯文哲（本研究列為綠營）,連勝文,1669,1306,56.100840,43.899160,12.201681,data/raw/openfun/tw.gov.cec~txn~candidates-votes/2014/柯文哲-village-votes-page-6.json;data/raw/openfun/tw.gov.cec~txn~candidates-votes/2014/連勝文-village-votes-page-6.json,matched,polling-station-single-village; polling-station-single-village
2014,萬華區,福音里,福音里,柯文哲（本研究列為綠營）,連勝文,1417,737,65.784587,34.215413,31.569174,data/raw/openfun/tw.gov.cec~txn~candidates-votes/2014/柯文哲-village-votes-page-6.json;data/raw/openfun/tw.gov.cec~txn~candidates-votes/2014/連勝文-village-votes-page-6.json,matched,polling-station-single-village; polling-station-single-village
2014,萬華區,綠堤里,綠堤里,柯文哲（本研究列為綠營）,連勝文,1467,1025,58.868379,41.131621,17.736758,data/raw/openfun/tw.gov.cec~txn~candidates-votes/2014/柯文哲-village-votes-page-6.json;data/raw/openfun/tw.gov.cec~txn~candidates-votes/2014/連勝文-village-votes-page-6.json,matched,polling-station-single-village; polling-station-single-village
2014,萬華區,銘德里,銘德里,柯文哲（本研究列為綠營）,連勝文,1879,963,66.115412,33.884588,32.230823,data/raw/openfun/tw.gov.cec~txn~candidates-votes/2014/柯文哲-village-votes-page-6.json;data/raw/openfun/tw.gov.cec~txn~candidates-votes/2014/連勝文-village-votes-page-6.json,matched,polling-station-single-village; polling-station-single-village
2014,萬華區,糖里,糖廍里,柯文哲（本研究列為綠營）,連勝文,2145,1157,64.960630,35.039370,29.921260,data/raw/openfun/tw.gov.cec~txn~candidates-votes/2014/柯文哲-village-votes-page-6.json;data/raw/openfun/tw.gov.cec~txn~candidates-votes/2014/連勝文-village-votes-page-6.json,matched,polling-station-single-village; polling-station-single-village
2014,萬華區,興德里,興德里,柯文哲（本研究列為綠營）,連勝文,1979,988,66.700371,33.299629,33.400741,data/raw/openfun/tw.gov.cec~txn~candidates-votes/2014/柯文哲-village-votes-page-6.json;data/raw/openfun/tw.gov.cec~txn~candidates-votes/2014/連勝文-village-votes-page-6.json,matched,polling-station-single-village; polling-station-single-village
2014,萬華區,錦德里,錦德里,柯文哲（本研究列為綠營）,連勝文,2271,1123,66.912198,33.087802,33.824396,data/raw/openfun/tw.gov.cec~txn~candidates-votes/2014/柯文哲-village-votes-page-6.json;data/raw/openfun/tw.gov.cec~txn~candidates-votes/2014/連勝文-village-votes-page-6.json,matched,polling-station-single-village; polling-station-single-village
2014,萬華區,雙園里,雙園里,柯文哲（本研究列為綠營）,連勝文,1832,899,67.081655,32.918345,34.163310,data/raw/openfun/tw.gov.cec~txn~candidates-votes/2014/柯文哲-village-votes-page-6.json;data/raw/openfun/tw.gov.cec~txn~candidates-votes/2014/連勝文-village-votes-page-6.json,matched,polling-station-single-village; polling-station-single-village
2014,萬華區,騰雲里,騰雲里,柯文哲（本研究列為綠營）,連勝文,910,950,48.924731,51.075269,-2.150538,data/raw/openfun/tw.gov.cec~txn~candidates-votes/2014/柯文哲-village-votes-page-6.json;data/raw/openfun/tw.gov.cec~txn~candidates-votes/2014/連勝文-village-votes-page-6.json,matched,polling-station-single-village; polling-station-single-village
2022,士林區,三玉里,三玉里,陳時中,蔣萬安（不納入黃珊珊及其他候選人）,1068,1283,45.427478,54.572522,-9.145045,data/raw/openfun/tw.gov.cec~txn~candidates-votes/2022/陳時中-village-votes-page-8.json;data/raw/openfun/tw.gov.cec~txn~candidates-votes/2022/蔣萬安-village-votes-page-8.json,matched,polling-station-single-village; polling-station-single-village
2022,士林區,仁勇里,仁勇里,陳時中,蔣萬安（不納入黃珊珊及其他候選人）,840,785,51.692308,48.307692,3.384615,data/raw/openfun/tw.gov.cec~txn~candidates-votes/2022/陳時中-village-votes-page-8.json;data/raw/openfun/tw.gov.cec~txn~candidates-votes/2022/蔣萬安-village-votes-page-8.json,matched,polling-station-single-village; polling-station-single-village
2022,士林區,公館里,公館里,陳時中,蔣萬安（不納入黃珊珊及其他候選人）,387,242,61.526232,38.473768,23.052464,data/raw/openfun/tw.gov.cec~txn~candidates-votes/2022/陳時中-village-votes-page-8.json;data/raw/openfun/tw.gov.cec~txn~candidates-votes/2022/蔣萬安-village-votes-page-8.json,matched,polling-station-single-village; polling-station-single-village
2022,士林區,天山里,天山里,陳時中,蔣萬安（不納入黃珊珊及其他候選人）,1183,1568,43.002545,56.997455,-13.994911,data/raw/openfun/tw.gov.cec~txn~candidates-votes/2022/陳時中-village-votes-page-8.json;data/raw/openfun/tw.gov.cec~txn~candidates-votes/2022/蔣萬安-village-votes-page-8.json,matched,polling-station-single-village; polling-station-single-village
2022,士林區,天母里,天母里,陳時中,蔣萬安（不納入黃珊珊及其他候選人）,1174,1493,44.019498,55.980502,-11.961005,data/raw/openfun/tw.gov.cec~txn~candidates-votes/2022/陳時中-village-votes-page-8.json;data/raw/openfun/tw.gov.cec~txn~candidates-votes/2022/蔣萬安-village-votes-page-8.json,matched,polling-station-single-village; polling-station-single-village
2022,士林區,天玉里,天玉里,陳時中,蔣萬安（不納入黃珊珊及其他候選人）,1565,1873,45.520652,54.479348,-8.958697,data/raw/openfun/tw.gov.cec~txn~candidates-votes/2022/陳時中-village-votes-page-8.json;data/raw/openfun/tw.gov.cec~txn~candidates-votes/2022/蔣萬安-village-votes-page-8.json,matched,polling-station-single-village; polling-station-single-village
2022,士林區,天和里,天和里,陳時中,蔣萬安（不納入黃珊珊及其他候選人）,1376,1616,45.989305,54.010695,-8.021390,data/raw/openfun/tw.gov.cec~txn~candidates-votes/2022/陳時中-village-votes-page-8.json;data/raw/openfun/tw.gov.cec~txn~candidates-votes/2022/蔣萬安-village-votes-page-8.json,matched,polling-station-single-village; polling-station-single-village
2022,士林區,天祿里,天祿里,陳時中,蔣萬安（不納入黃珊珊及其他候選人）,1055,1012,51.040155,48.959845,2.080310,data/raw/openfun/tw.gov.cec~txn~candidates-votes/2022/陳時中-village-votes-page-8.json;data/raw/openfun/tw.gov.cec~txn~candidates-votes/2022/蔣萬安-village-votes-page-8.json,matched,polling-station-single-village; polling-station-single-village
2022,士林區,天壽里,天壽里,陳時中,蔣萬安（不納入黃珊珊及其他候選人）,919,1087,45.812562,54.187438,-8.374875,data/raw/openfun/tw.gov.cec~txn~candidates-votes/2022/陳時中-village-votes-page-8.json;data/raw/openfun/tw.gov.cec~txn~candidates-votes/2022/蔣萬安-village-votes-page-8.json,matched,polling-station-single-village; polling-station-single-village
2022,士林區,天福里,天福里,陳時中,蔣萬安（不納入黃珊珊及其他候選人）,1126,1389,44.771372,55.228628,-10.457256,data/raw/openfun/tw.gov.cec~txn~candidates-votes/2022/陳時中-village-votes-page-8.json;data/raw/openfun/tw.gov.cec~txn~candidates-votes/2022/蔣萬安-village-votes-page-8.json,matched,polling-station-single-village; polling-station-single-village
2022,士林區,平等里,平等里,陳時中,蔣萬安（不納入黃珊珊及其他候選人）,460,262,63.711911,36.288089,27.423823,data/raw/openfun/tw.gov.cec~txn~candidates-votes/2022/陳時中-village-votes-page-8.json;data/raw/openfun/tw.gov.cec~txn~candidates-votes/2022/蔣萬安-village-votes-page-8.json,matched,polling-station-single-village; polling-station-single-village
2022,士林區,永倫里,永倫里,陳時中,蔣萬安（不納入黃珊珊及其他候選人）,1687,1214,58.152361,41.847639,16.304723,data/raw/openfun/tw.gov.cec~txn~candidates-votes/2022/陳時中-village-votes-page-8.json;data/raw/openfun/tw.gov.cec~txn~candidates-votes/2022/蔣萬安-village-votes-page-8.json,matched,polling-station-single-village; polling-station-single-village
2022,士林區,永福里,永福里,陳時中,蔣萬安（不納入黃珊珊及其他候選人）,341,223,60.460993,39.539007,20.921986,data/raw/openfun/tw.gov.cec~txn~candidates-votes/2022/陳時中-village-votes-page-8.json;data/raw/openfun/tw.gov.cec~txn~candidates-votes/2022/蔣萬安-village-votes-page-8.json,matched,polling-station-single-village; polling-station-single-village
2022,士林區,名山里,名山里,陳時中,蔣萬安（不納入黃珊珊及其他候選人）,1334,1611,45.297114,54.702886,-9.405772,data/raw/openfun/tw.gov.cec~txn~candidates-votes/2022/陳時中-village-votes-page-8.json;data/raw/openfun/tw.gov.cec~txn~candidates-votes/2022/蔣萬安-village-votes-page-8.json,matched,polling-station-single-village; polling-station-single-village
2022,士林區,百齡里,百齡里,陳時中,蔣萬安（不納入黃珊珊及其他候選人）,1437,1239,53.699552,46.300448,7.399103,data/raw/openfun/tw.gov.cec~txn~candidates-votes/2022/陳時中-village-votes-page-8.json;data/raw/openfun/tw.gov.cec~txn~candidates-votes/2022/蔣萬安-village-votes-page-8.json,matched,polling-station-single-village; polling-station-single-village
2022,士林區,岩山里,岩山里,陳時中,蔣萬安（不納入黃珊珊及其他候選人）,590,827,41.637262,58.362738,-16.725476,data/raw/openfun/tw.gov.cec~txn~candidates-votes/2022/陳時中-village-votes-page-8.json;data/raw/openfun/tw.gov.cec~txn~candidates-votes/2022/蔣萬安-village-votes-page-8.json,matched,polling-station-single-village; polling-station-single-village
2022,士林區,忠誠里,忠誠里,陳時中,蔣萬安（不納入黃珊珊及其他候選人）,757,1566,32.587172,67.412828,-34.825656,data/raw/openfun/tw.gov.cec~txn~candidates-votes/2022/陳時中-village-votes-page-8.json;data/raw/openfun/tw.gov.cec~txn~candidates-votes/2022/蔣萬安-village-votes-page-8.json,matched,polling-station-single-village; polling-station-single-village
2022,士林區,承德里,承德里,陳時中,蔣萬安（不納入黃珊珊及其他候選人）,960,1222,43.996334,56.003666,-12.007333,data/raw/openfun/tw.gov.cec~txn~candidates-votes/2022/陳時中-village-votes-page-8.json;data/raw/openfun/tw.gov.cec~txn~candidates-votes/2022/蔣萬安-village-votes-page-8.json,matched,polling-station-single-village; polling-station-single-village
2022,士林區,明勝里,明勝里,陳時中,蔣萬安（不納入黃珊珊及其他候選人）,1019,1023,49.902057,50.097943,-0.195886,data/raw/openfun/tw.gov.cec~txn~candidates-votes/2022/陳時中-village-votes-page-8.json;data/raw/openfun/tw.gov.cec~txn~candidates-votes/2022/蔣萬安-village-votes-page-8.json,matched,polling-station-single-village; polling-station-single-village
2022,士林區,東山里,東山里,陳時中,蔣萬安（不納入黃珊珊及其他候選人）,772,1360,36.210131,63.789869,-27.579737,data/raw/openfun/tw.gov.cec~txn~candidates-votes/2022/陳時中-village-votes-page-8.json;data/raw/openfun/tw.gov.cec~txn~candidates-votes/2022/蔣萬安-village-votes-page-8.json,matched,polling-station-single-village; polling-station-single-village
2022,士林區,社子里,社子里,陳時中,蔣萬安（不納入黃珊珊及其他候選人）,1552,1168,57.058824,42.941176,14.117647,data/raw/openfun/tw.gov.cec~txn~candidates-votes/2022/陳時中-village-votes-page-8.json;data/raw/openfun/tw.gov.cec~txn~candidates-votes/2022/蔣萬安-village-votes-page-8.json,matched,polling-station-single-village; polling-station-single-village
2022,士林區,社園里,社園里,陳時中,蔣萬安（不納入黃珊珊及其他候選人）,1814,1156,61.077441,38.922559,22.154882,data/raw/openfun/tw.gov.cec~txn~candidates-votes/2022/陳時中-village-votes-page-8.json;data/raw/openfun/tw.gov.cec~txn~candidates-votes/2022/蔣萬安-village-votes-page-8.json,matched,polling-station-single-village; polling-station-single-village
2022,士林區,社新里,社新里,陳時中,蔣萬安（不納入黃珊珊及其他候選人）,2058,1552,57.008310,42.991690,14.016620,data/raw/openfun/tw.gov.cec~txn~candidates-votes/2022/陳時中-village-votes-page-8.json;data/raw/openfun/tw.gov.cec~txn~candidates-votes/2022/蔣萬安-village-votes-page-8.json,matched,polling-station-single-village; polling-station-single-village
2022,士林區,芝山里,芝山里,陳時中,蔣萬安（不納入黃珊珊及其他候選人）,1360,1758,43.617704,56.382296,-12.764593,data/raw/openfun/tw.gov.cec~txn~candidates-votes/2022/陳時中-village-votes-page-8.json;data/raw/openfun/tw.gov.cec~txn~candidates-votes/2022/蔣萬安-village-votes-page-8.json,matched,polling-station-single-village; polling-station-single-village
2022,士林區,前港里,前港里,陳時中,蔣萬安（不納入黃珊珊及其他候選人）,967,801,54.694570,45.305430,9.389140,data/raw/openfun/tw.gov.cec~txn~candidates-votes/2022/陳時中-village-votes-page-8.json;data/raw/openfun/tw.gov.cec~txn~candidates-votes/2022/蔣萬安-village-votes-page-8.json,matched,polling-station-single-village; polling-station-single-village
2022,士林區,後港里,後港里,陳時中,蔣萬安（不納入黃珊珊及其他候選人）,1663,1451,53.403982,46.596018,6.807964,data/raw/openfun/tw.gov.cec~txn~candidates-votes/2022/陳時中-village-votes-page-8.json;data/raw/openfun/tw.gov.cec~txn~candidates-votes/2022/蔣萬安-village-votes-page-8.json,matched,polling-station-single-village; polling-station-single-village
2022,士林區,富光里,富光里,陳時中,蔣萬安（不納入黃珊珊及其他候選人）,1439,1109,56.475667,43.524333,12.951334,data/raw/openfun/tw.gov.cec~txn~candidates-votes/2022/陳時中-village-votes-page-8.json;data/raw/openfun/tw.gov.cec~txn~candidates-votes/2022/蔣萬安-village-votes-page-8.json,matched,polling-station-single-village; polling-station-single-village
2022,士林區,富洲里,富洲里,陳時中,蔣萬安（不納入黃珊珊及其他候選人）,1666,596,73.651636,26.348364,47.303271,data/raw/openfun/tw.gov.cec~txn~candidates-votes/2022/陳時中-village-votes-page-8.json;data/raw/openfun/tw.gov.cec~txn~candidates-votes/2022/蔣萬安-village-votes-page-8.json,matched,polling-station-single-village; polling-station-single-village
2022,士林區,菁山里,菁山里,陳時中,蔣萬安（不納入黃珊珊及其他候選人）,361,348,50.916784,49.083216,1.833568,data/raw/openfun/tw.gov.cec~txn~candidates-votes/2022/陳時中-village-votes-page-8.json;data/raw/openfun/tw.gov.cec~txn~candidates-votes/2022/蔣萬安-village-votes-page-8.json,matched,polling-station-single-village; polling-station-single-village
2022,士林區,陽明里,陽明里,陳時中,蔣萬安（不納入黃珊珊及其他候選人）,596,641,48.181083,51.818917,-3.637833,data/raw/openfun/tw.gov.cec~txn~candidates-votes/2022/陳時中-village-votes-page-8.json;data/raw/openfun/tw.gov.cec~txn~candidates-votes/2022/蔣萬安-village-votes-page-8.json,matched,polling-station-single-village; polling-station-single-village
2022,士林區,新安里,新安里,陳時中,蔣萬安（不納入黃珊珊及其他候選人）,477,394,54.764638,45.235362,9.529277,data/raw/openfun/tw.gov.cec~txn~candidates-votes/2022/陳時中-village-votes-page-8.json;data/raw/openfun/tw.gov.cec~txn~candidates-votes/2022/蔣萬安-village-votes-page-8.json,matched,polling-station-single-village; polling-station-single-village
2022,士林區,溪山里,溪山里,陳時中,蔣萬安（不納入黃珊珊及其他候選人）,374,306,55.000000,45.000000,10.000000,data/raw/openfun/tw.gov.cec~txn~candidates-votes/2022/陳時中-village-votes-page-8.json;data/raw/openfun/tw.gov.cec~txn~candidates-votes/2022/蔣萬安-village-votes-page-8.json,matched,polling-station-single-village; polling-station-single-village
2022,士林區,義信里,義信里,陳時中,蔣萬安（不納入黃珊珊及其他候選人）,570,717,44.289044,55.710956,-11.421911,data/raw/openfun/tw.gov.cec~txn~candidates-votes/2022/陳時中-village-votes-page-8.json;data/raw/openfun/tw.gov.cec~txn~candidates-votes/2022/蔣萬安-village-votes-page-8.json,matched,polling-station-single-village; polling-station-single-village
2022,士林區,聖山里,聖山里,陳時中,蔣萬安（不納入黃珊珊及其他候選人）,865,1302,39.916936,60.083064,-20.166128,data/raw/openfun/tw.gov.cec~txn~candidates-votes/2022/陳時中-village-votes-page-8.json;data/raw/openfun/tw.gov.cec~txn~candidates-votes/2022/蔣萬安-village-votes-page-8.json,matched,polling-station-single-village; polling-station-single-village
2022,士林區,葫東里,葫東里,陳時中,蔣萬安（不納入黃珊珊及其他候選人）,910,731,55.453991,44.546009,10.907983,data/raw/openfun/tw.gov.cec~txn~candidates-votes/2022/陳時中-village-votes-page-8.json;data/raw/openfun/tw.gov.cec~txn~candidates-votes/2022/蔣萬安-village-votes-page-8.json,matched,polling-station-single-village; polling-station-single-village
2022,士林區,葫蘆里,葫蘆里,陳時中,蔣萬安（不納入黃珊珊及其他候選人）,1500,1481,50.318685,49.681315,0.637370,data/raw/openfun/tw.gov.cec~txn~candidates-votes/2022/陳時中-village-votes-page-8.json;data/raw/openfun/tw.gov.cec~txn~candidates-votes/2022/蔣萬安-village-votes-page-8.json,matched,polling-station-single-village; polling-station-single-village
2022,士林區,福中里,福中里,陳時中,蔣萬安（不納入黃珊珊及其他候選人）,1478,1241,54.358220,45.641780,8.716440,data/raw/openfun/tw.gov.cec~txn~candidates-votes/2022/陳時中-village-votes-page-8.json;data/raw/openfun/tw.gov.cec~txn~candidates-votes/2022/蔣萬安-village-votes-page-8.json,matched,polling-station-single-village; polling-station-single-village
2022,士林區,福安里,福安里,陳時中,蔣萬安（不納入黃珊珊及其他候選人）,1625,663,71.022727,28.977273,42.045455,data/raw/openfun/tw.gov.cec~txn~candidates-votes/2022/陳時中-village-votes-page-8.json;data/raw/openfun/tw.gov.cec~txn~candidates-votes/2022/蔣萬安-village-votes-page-8.json,matched,polling-station-single-village; polling-station-single-village
2022,士林區,福志里,福志里,陳時中,蔣萬安（不納入黃珊珊及其他候選人）,1489,1864,44.407993,55.592007,-11.184014,data/raw/openfun/tw.gov.cec~txn~candidates-votes/2022/陳時中-village-votes-page-8.json;data/raw/openfun/tw.gov.cec~txn~candidates-votes/2022/蔣萬安-village-votes-page-8.json,matched,polling-station-single-village; polling-station-single-village
2022,士林區,福佳里,福佳里,陳時中,蔣萬安（不納入黃珊珊及其他候選人）,1591,1653,49.044390,50.955610,-1.911221,data/raw/openfun/tw.gov.cec~txn~candidates-votes/2022/陳時中-village-votes-page-8.json;data/raw/openfun/tw.gov.cec~txn~candidates-votes/2022/蔣萬安-village-votes-page-8.json,matched,polling-station-single-village; polling-station-single-village
2022,士林區,福林里,福林里,陳時中,蔣萬安（不納入黃珊珊及其他候選人）,550,638,46.296296,53.703704,-7.407407,data/raw/openfun/tw.gov.cec~txn~candidates-votes/2022/陳時中-village-votes-page-8.json;data/raw/openfun/tw.gov.cec~txn~candidates-votes/2022/蔣萬安-village-votes-page-8.json,matched,polling-station-single-village; polling-station-single-village
2022,士林區,福華里,福華里,陳時中,蔣萬安（不納入黃珊珊及其他候選人）,1245,1233,50.242131,49.757869,0.484262,data/raw/openfun/tw.gov.cec~txn~candidates-votes/2022/陳時中-village-votes-page-8.json;data/raw/openfun/tw.gov.cec~txn~candidates-votes/2022/蔣萬安-village-votes-page-8.json,matched,polling-station-single-village; polling-station-single-village
2022,士林區,福順里,福順里,陳時中,蔣萬安（不納入黃珊珊及其他候選人）,1256,953,56.858307,43.141693,13.716614,data/raw/openfun/tw.gov.cec~txn~candidates-votes/2022/陳時中-village-votes-page-8.json;data/raw/openfun/tw.gov.cec~txn~candidates-votes/2022/蔣萬安-village-votes-page-8.json,matched,polling-station-single-village; polling-station-single-village
2022,士林區,福德里,福德里,陳時中,蔣萬安（不納入黃珊珊及其他候選人）,835,1045,44.414894,55.585106,-11.170213,data/raw/openfun/tw.gov.cec~txn~candidates-votes/2022/陳時中-village-votes-page-8.json;data/raw/openfun/tw.gov.cec~txn~candidates-votes/2022/蔣萬安-village-votes-page-8.json,matched,polling-station-single-village; polling-station-single-village
2022,士林區,翠山里,翠山里,陳時中,蔣萬安（不納入黃珊珊及其他候選人）,351,858,29.032258,70.967742,-41.935484,data/raw/openfun/tw.gov.cec~txn~candidates-votes/2022/陳時中-village-votes-page-8.json;data/raw/openfun/tw.gov.cec~txn~candidates-votes/2022/蔣萬安-village-votes-page-8.json,matched,polling-station-single-village; polling-station-single-village
2022,士林區,德行里,德行里,陳時中,蔣萬安（不納入黃珊珊及其他候選人）,870,981,47.001621,52.998379,-5.996759,data/raw/openfun/tw.gov.cec~txn~candidates-votes/2022/陳時中-village-votes-page-8.json;data/raw/openfun/tw.gov.cec~txn~candidates-votes/2022/蔣萬安-village-votes-page-8.json,matched,polling-station-single-village; polling-station-single-village
2022,士林區,德華里,德華里,陳時中,蔣萬安（不納入黃珊珊及其他候選人）,1187,1127,51.296456,48.703544,2.592913,data/raw/openfun/tw.gov.cec~txn~candidates-votes/2022/陳時中-village-votes-page-8.json;data/raw/openfun/tw.gov.cec~txn~candidates-votes/2022/蔣萬安-village-votes-page-8.json,matched,polling-station-single-village; polling-station-single-village
2022,士林區,臨溪里,臨溪里,陳時中,蔣萬安（不納入黃珊珊及其他候選人）,525,650,44.680851,55.319149,-10.638298,data/raw/openfun/tw.gov.cec~txn~candidates-votes/2022/陳時中-village-votes-page-8.json;data/raw/openfun/tw.gov.cec~txn~candidates-votes/2022/蔣萬安-village-votes-page-8.json,matched,polling-station-single-village; polling-station-single-village
2022,士林區,舊佳里,舊佳里,陳時中,蔣萬安（不納入黃珊珊及其他候選人）,1267,1301,49.338006,50.661994,-1.323988,data/raw/openfun/tw.gov.cec~txn~candidates-votes/2022/陳時中-village-votes-page-8.json;data/raw/openfun/tw.gov.cec~txn~candidates-votes/2022/蔣萬安-village-votes-page-8.json,matched,polling-station-single-village; polling-station-single-village
2022,士林區,蘭雅里,蘭雅里,陳時中,蔣萬安（不納入黃珊珊及其他候選人）,1639,1919,46.065205,53.934795,-7.869590,data/raw/openfun/tw.gov.cec~txn~candidates-votes/2022/陳時中-village-votes-page-8.json;data/raw/openfun/tw.gov.cec~txn~candidates-votes/2022/蔣萬安-village-votes-page-8.json,matched,polling-station-single-village; polling-station-single-village
2022,士林區,蘭興里,蘭興里,陳時中,蔣萬安（不納入黃珊珊及其他候選人）,1305,1342,49.301096,50.698904,-1.397809,data/raw/openfun/tw.gov.cec~txn~candidates-votes/2022/陳時中-village-votes-page-8.json;data/raw/openfun/tw.gov.cec~txn~candidates-votes/2022/蔣萬安-village-votes-page-8.json,matched,polling-station-single-village; polling-station-single-village
2022,大同區,大有里,大有里,陳時中,蔣萬安（不納入黃珊珊及其他候選人）,1075,734,59.425097,40.574903,18.850193,data/raw/openfun/tw.gov.cec~txn~candidates-votes/2022/陳時中-village-votes-page-4.json;data/raw/openfun/tw.gov.cec~txn~candidates-votes/2022/蔣萬安-village-votes-page-4.json,matched,polling-station-single-village; polling-station-single-village
2022,大同區,民權里,民權里,陳時中,蔣萬安（不納入黃珊珊及其他候選人）,1355,1188,53.283523,46.716477,6.567047,data/raw/openfun/tw.gov.cec~txn~candidates-votes/2022/陳時中-village-votes-page-5.json;data/raw/openfun/tw.gov.cec~txn~candidates-votes/2022/蔣萬安-village-votes-page-5.json,matched,polling-station-single-village; polling-station-single-village
2022,大同區,永樂里,永樂里,陳時中,蔣萬安（不納入黃珊珊及其他候選人）,1191,868,57.843613,42.156387,15.687227,data/raw/openfun/tw.gov.cec~txn~candidates-votes/2022/陳時中-village-votes-page-4.json;data/raw/openfun/tw.gov.cec~txn~candidates-votes/2022/蔣萬安-village-votes-page-4.json,matched,polling-station-single-village; polling-station-single-village
2022,大同區,玉泉里,玉泉里,陳時中,蔣萬安（不納入黃珊珊及其他候選人）,606,537,53.018373,46.981627,6.036745,data/raw/openfun/tw.gov.cec~txn~candidates-votes/2022/陳時中-village-votes-page-4.json;data/raw/openfun/tw.gov.cec~txn~candidates-votes/2022/蔣萬安-village-votes-page-4.json,matched,polling-station-single-village; polling-station-single-village
2022,大同區,光能里,光能里,陳時中,蔣萬安（不納入黃珊珊及其他候選人）,1050,883,54.319710,45.680290,8.639421,data/raw/openfun/tw.gov.cec~txn~candidates-votes/2022/陳時中-village-votes-page-4.json;data/raw/openfun/tw.gov.cec~txn~candidates-votes/2022/蔣萬安-village-votes-page-4.json,matched,polling-station-single-village; polling-station-single-village
2022,大同區,老師里,老師里,陳時中,蔣萬安（不納入黃珊珊及其他候選人）,1308,937,58.262806,41.737194,16.525612,data/raw/openfun/tw.gov.cec~txn~candidates-votes/2022/陳時中-village-votes-page-5.json;data/raw/openfun/tw.gov.cec~txn~candidates-votes/2022/蔣萬安-village-votes-page-5.json,matched,polling-station-single-village; polling-station-single-village
2022,大同區,至聖里,至聖里,陳時中,蔣萬安（不納入黃珊珊及其他候選人）,1758,1472,54.427245,45.572755,8.854489,data/raw/openfun/tw.gov.cec~txn~candidates-votes/2022/陳時中-village-votes-page-5.json;data/raw/openfun/tw.gov.cec~txn~candidates-votes/2022/蔣萬安-village-votes-page-5.json,matched,polling-station-single-village; polling-station-single-village
2022,大同區,延平里,延平里,陳時中,蔣萬安（不納入黃珊珊及其他候選人）,824,776,51.500000,48.500000,3.000000,data/raw/openfun/tw.gov.cec~txn~candidates-votes/2022/陳時中-village-votes-page-4.json;data/raw/openfun/tw.gov.cec~txn~candidates-votes/2022/蔣萬安-village-votes-page-4.json,matched,polling-station-single-village; polling-station-single-village
2022,大同區,保安里,保安里,陳時中,蔣萬安（不納入黃珊珊及其他候選人）,1059,787,57.367281,42.632719,14.734561,data/raw/openfun/tw.gov.cec~txn~candidates-votes/2022/陳時中-village-votes-page-5.json;data/raw/openfun/tw.gov.cec~txn~candidates-votes/2022/蔣萬安-village-votes-page-5.json,matched,polling-station-single-village; polling-station-single-village
2022,大同區,南芳里,南芳里,陳時中,蔣萬安（不納入黃珊珊及其他候選人）,898,724,55.363748,44.636252,10.727497,data/raw/openfun/tw.gov.cec~txn~candidates-votes/2022/陳時中-village-votes-page-4.json;data/raw/openfun/tw.gov.cec~txn~candidates-votes/2022/陳時中-village-votes-page-5.json;data/raw/openfun/tw.gov.cec~txn~candidates-votes/2022/蔣萬安-village-votes-page-4.json;data/raw/openfun/tw.gov.cec~txn~candidates-votes/2022/蔣萬安-village-votes-page-5.json,matched,polling-station-single-village; polling-station-single-village
2022,大同區,建功里,建功里,陳時中,蔣萬安（不納入黃珊珊及其他候選人）,999,838,54.382145,45.617855,8.764290,data/raw/openfun/tw.gov.cec~txn~candidates-votes/2022/陳時中-village-votes-page-4.json;data/raw/openfun/tw.gov.cec~txn~candidates-votes/2022/蔣萬安-village-votes-page-4.json,matched,polling-station-single-village; polling-station-single-village
2022,大同區,建明里,建明里,陳時中,蔣萬安（不納入黃珊珊及其他候選人）,650,568,53.366174,46.633826,6.732348,data/raw/openfun/tw.gov.cec~txn~candidates-votes/2022/陳時中-village-votes-page-4.json;data/raw/openfun/tw.gov.cec~txn~candidates-votes/2022/蔣萬安-village-votes-page-4.json,matched,polling-station-single-village; polling-station-single-village
2022,大同區,建泰里,建泰里,陳時中,蔣萬安（不納入黃珊珊及其他候選人）,804,579,58.134490,41.865510,16.268980,data/raw/openfun/tw.gov.cec~txn~candidates-votes/2022/陳時中-village-votes-page-4.json;data/raw/openfun/tw.gov.cec~txn~candidates-votes/2022/蔣萬安-village-votes-page-4.json,matched,polling-station-single-village; polling-station-single-village
2022,大同區,星明里,星明里,陳時中,蔣萬安（不納入黃珊珊及其他候選人）,1136,1092,50.987433,49.012567,1.974865,data/raw/openfun/tw.gov.cec~txn~candidates-votes/2022/陳時中-village-votes-page-4.json;data/raw/openfun/tw.gov.cec~txn~candidates-votes/2022/蔣萬安-village-votes-page-4.json,matched,polling-station-single-village; polling-station-single-village
2022,大同區,重慶里,重慶里,陳時中,蔣萬安（不納入黃珊珊及其他候選人）,1352,1348,50.074074,49.925926,0.148148,data/raw/openfun/tw.gov.cec~txn~candidates-votes/2022/陳時中-village-votes-page-5.json;data/raw/openfun/tw.gov.cec~txn~candidates-votes/2022/蔣萬安-village-votes-page-5.json,matched,polling-station-single-village; polling-station-single-village
2022,大同區,國順里,國順里,陳時中,蔣萬安（不納入黃珊珊及其他候選人）,682,471,59.150043,40.849957,18.300087,data/raw/openfun/tw.gov.cec~txn~candidates-votes/2022/陳時中-village-votes-page-5.json;data/raw/openfun/tw.gov.cec~txn~candidates-votes/2022/蔣萬安-village-votes-page-5.json,matched,polling-station-single-village; polling-station-single-village
2022,大同區,國慶里,國慶里,陳時中,蔣萬安（不納入黃珊珊及其他候選人）,1041,872,54.417146,45.582854,8.834292,data/raw/openfun/tw.gov.cec~txn~candidates-votes/2022/陳時中-village-votes-page-5.json;data/raw/openfun/tw.gov.cec~txn~candidates-votes/2022/蔣萬安-village-votes-page-5.json,matched,polling-station-single-village; polling-station-single-village
2022,大同區,揚雅里,揚雅里,陳時中,蔣萬安（不納入黃珊珊及其他候選人）,861,649,57.019868,42.980132,14.039735,data/raw/openfun/tw.gov.cec~txn~candidates-votes/2022/陳時中-village-votes-page-5.json;data/raw/openfun/tw.gov.cec~txn~candidates-votes/2022/蔣萬安-village-votes-page-5.json,matched,polling-station-single-village; polling-station-single-village
2022,大同區,斯文里,斯文里,陳時中,蔣萬安（不納入黃珊珊及其他候選人）,1134,841,57.417722,42.582278,14.835443,data/raw/openfun/tw.gov.cec~txn~candidates-votes/2022/陳時中-village-votes-page-5.json;data/raw/openfun/tw.gov.cec~txn~candidates-votes/2022/蔣萬安-village-votes-page-5.json,matched,polling-station-single-village; polling-station-single-village
2022,大同區,景星里,景星里,陳時中,蔣萬安（不納入黃珊珊及其他候選人）,578,468,55.258126,44.741874,10.516252,data/raw/openfun/tw.gov.cec~txn~candidates-votes/2022/陳時中-village-votes-page-5.json;data/raw/openfun/tw.gov.cec~txn~candidates-votes/2022/蔣萬安-village-votes-page-5.json,matched,polling-station-single-village; polling-station-single-village
2022,大同區,朝陽里,朝陽里,陳時中,蔣萬安（不納入黃珊珊及其他候選人）,912,804,53.146853,46.853147,6.293706,data/raw/openfun/tw.gov.cec~txn~candidates-votes/2022/陳時中-village-votes-page-4.json;data/raw/openfun/tw.gov.cec~txn~candidates-votes/2022/蔣萬安-village-votes-page-4.json,matched,polling-station-single-village; polling-station-single-village
2022,大同區,隆和里,隆和里,陳時中,蔣萬安（不納入黃珊珊及其他候選人）,792,601,56.855707,43.144293,13.711414,data/raw/openfun/tw.gov.cec~txn~candidates-votes/2022/陳時中-village-votes-page-5.json;data/raw/openfun/tw.gov.cec~txn~candidates-votes/2022/蔣萬安-village-votes-page-5.json,matched,polling-station-single-village; polling-station-single-village
2022,大同區,蓬萊里,蓬萊里,陳時中,蔣萬安（不納入黃珊珊及其他候選人）,1028,928,52.556237,47.443763,5.112474,data/raw/openfun/tw.gov.cec~txn~candidates-votes/2022/陳時中-village-votes-page-5.json;data/raw/openfun/tw.gov.cec~txn~candidates-votes/2022/蔣萬安-village-votes-page-5.json,matched,polling-station-single-village; polling-station-single-village
2022,大同區,鄰江里,鄰江里,陳時中,蔣萬安（不納入黃珊珊及其他候選人）,1509,1138,57.007934,42.992066,14.015867,data/raw/openfun/tw.gov.cec~txn~candidates-votes/2022/陳時中-village-votes-page-5.json;data/raw/openfun/tw.gov.cec~txn~candidates-votes/2022/蔣萬安-village-votes-page-5.json,matched,polling-station-single-village; polling-station-single-village
2022,大同區,雙連里,雙連里,陳時中,蔣萬安（不納入黃珊珊及其他候選人）,1928,1597,54.695035,45.304965,9.390071,data/raw/openfun/tw.gov.cec~txn~candidates-votes/2022/陳時中-village-votes-page-4.json;data/raw/openfun/tw.gov.cec~txn~candidates-votes/2022/蔣萬安-village-votes-page-4.json,matched,polling-station-single-village; polling-station-single-village
2022,大安區,大學里,大學里,陳時中,蔣萬安（不納入黃珊珊及其他候選人）,1412,1986,41.553855,58.446145,-16.892290,data/raw/openfun/tw.gov.cec~txn~candidates-votes/2022/陳時中-village-votes-page-3.json;data/raw/openfun/tw.gov.cec~txn~candidates-votes/2022/蔣萬安-village-votes-page-3.json,matched,polling-station-single-village; polling-station-single-village
2022,大安區,仁愛里,仁愛里,陳時中,蔣萬安（不納入黃珊珊及其他候選人）,806,1155,41.101479,58.898521,-17.797042,data/raw/openfun/tw.gov.cec~txn~candidates-votes/2022/陳時中-village-votes-page-2.json;data/raw/openfun/tw.gov.cec~txn~candidates-votes/2022/蔣萬安-village-votes-page-2.json,matched,polling-station-single-village; polling-station-single-village
2022,大安區,仁慈里,仁慈里,陳時中,蔣萬安（不納入黃珊珊及其他候選人）,938,1109,45.823156,54.176844,-8.353688,data/raw/openfun/tw.gov.cec~txn~candidates-votes/2022/陳時中-village-votes-page-2.json;data/raw/openfun/tw.gov.cec~txn~candidates-votes/2022/蔣萬安-village-votes-page-2.json,matched,polling-station-single-village; polling-station-single-village
2022,大安區,古風里,古風里,陳時中,蔣萬安（不納入黃珊珊及其他候選人）,723,1010,41.719561,58.280439,-16.560877,data/raw/openfun/tw.gov.cec~txn~candidates-votes/2022/陳時中-village-votes-page-2.json;data/raw/openfun/tw.gov.cec~txn~candidates-votes/2022/蔣萬安-village-votes-page-2.json,matched,polling-station-single-village; polling-station-single-village
2022,大安區,古莊里,古莊里,陳時中,蔣萬安（不納入黃珊珊及其他候選人）,1177,1667,41.385373,58.614627,-17.229255,data/raw/openfun/tw.gov.cec~txn~candidates-votes/2022/陳時中-village-votes-page-2.json;data/raw/openfun/tw.gov.cec~txn~candidates-votes/2022/蔣萬安-village-votes-page-2.json,matched,polling-station-single-village; polling-station-single-village
2022,大安區,正聲里,正聲里,陳時中,蔣萬安（不納入黃珊珊及其他候選人）,691,1092,38.754907,61.245093,-22.490185,data/raw/openfun/tw.gov.cec~txn~candidates-votes/2022/陳時中-village-votes-page-3.json;data/raw/openfun/tw.gov.cec~txn~candidates-votes/2022/蔣萬安-village-votes-page-3.json,matched,polling-station-single-village; polling-station-single-village
2022,大安區,民炤里,民炤里,陳時中,蔣萬安（不納入黃珊珊及其他候選人）,1405,1725,44.888179,55.111821,-10.223642,data/raw/openfun/tw.gov.cec~txn~candidates-votes/2022/陳時中-village-votes-page-2.json;data/raw/openfun/tw.gov.cec~txn~candidates-votes/2022/蔣萬安-village-votes-page-2.json,matched,polling-station-single-village; polling-station-single-village
2022,大安區,民輝里,民輝里,陳時中,蔣萬安（不納入黃珊珊及其他候選人）,1148,1490,43.517817,56.482183,-12.964367,data/raw/openfun/tw.gov.cec~txn~candidates-votes/2022/陳時中-village-votes-page-2.json;data/raw/openfun/tw.gov.cec~txn~candidates-votes/2022/蔣萬安-village-votes-page-2.json,matched,polling-station-single-village; polling-station-single-village
2022,大安區,永康里,永康里,陳時中,蔣萬安（不納入黃珊珊及其他候選人）,537,873,38.085106,61.914894,-23.829787,data/raw/openfun/tw.gov.cec~txn~candidates-votes/2022/陳時中-village-votes-page-2.json;data/raw/openfun/tw.gov.cec~txn~candidates-votes/2022/蔣萬安-village-votes-page-2.json,matched,polling-station-single-village; polling-station-single-village
2022,大安區,光明里,光明里,陳時中,蔣萬安（不納入黃珊珊及其他候選人）,551,826,40.014524,59.985476,-19.970951,data/raw/openfun/tw.gov.cec~txn~candidates-votes/2022/陳時中-village-votes-page-2.json;data/raw/openfun/tw.gov.cec~txn~candidates-votes/2022/蔣萬安-village-votes-page-2.json,matched,polling-station-single-village; polling-station-single-village
2022,大安區,光武里,光武里,陳時中,蔣萬安（不納入黃珊珊及其他候選人）,1194,1672,41.660851,58.339149,-16.678297,data/raw/openfun/tw.gov.cec~txn~candidates-votes/2022/陳時中-village-votes-page-2.json;data/raw/openfun/tw.gov.cec~txn~candidates-votes/2022/蔣萬安-village-votes-page-2.json,matched,polling-station-single-village; polling-station-single-village
2022,大安區,光信里,光信里,陳時中,蔣萬安（不納入黃珊珊及其他候選人）,1197,1813,39.767442,60.232558,-20.465116,data/raw/openfun/tw.gov.cec~txn~candidates-votes/2022/陳時中-village-votes-page-3.json;data/raw/openfun/tw.gov.cec~txn~candidates-votes/2022/蔣萬安-village-votes-page-3.json,matched,polling-station-single-village; polling-station-single-village
2022,大安區,全安里,全安里,陳時中,蔣萬安（不納入黃珊珊及其他候選人）,614,1148,34.846765,65.153235,-30.306470,data/raw/openfun/tw.gov.cec~txn~candidates-votes/2022/陳時中-village-votes-page-3.json;data/raw/openfun/tw.gov.cec~txn~candidates-votes/2022/蔣萬安-village-votes-page-3.json,matched,polling-station-single-village; polling-station-single-village
2022,大安區,住安里,住安里,陳時中,蔣萬安（不納入黃珊珊及其他候選人）,708,1181,37.480148,62.519852,-25.039704,data/raw/openfun/tw.gov.cec~txn~candidates-votes/2022/陳時中-village-votes-page-2.json;data/raw/openfun/tw.gov.cec~txn~candidates-votes/2022/蔣萬安-village-votes-page-2.json,matched,polling-station-single-village; polling-station-single-village
2022,大安區,車層里,車層里,陳時中,蔣萬安（不納入黃珊珊及其他候選人）,1078,1409,43.345396,56.654604,-13.309208,data/raw/openfun/tw.gov.cec~txn~candidates-votes/2022/陳時中-village-votes-page-3.json;data/raw/openfun/tw.gov.cec~txn~candidates-votes/2022/蔣萬安-village-votes-page-3.json,matched,polling-station-single-village; polling-station-single-village
2022,大安區,和安里,和安里,陳時中,蔣萬安（不納入黃珊珊及其他候選人）,984,1602,38.051044,61.948956,-23.897912,data/raw/openfun/tw.gov.cec~txn~candidates-votes/2022/陳時中-village-votes-page-2.json;data/raw/openfun/tw.gov.cec~txn~candidates-votes/2022/蔣萬安-village-votes-page-2.json,matched,polling-station-single-village; polling-station-single-village
2022,大安區,昌隆里,昌隆里,陳時中,蔣萬安（不納入黃珊珊及其他候選人）,624,691,47.452471,52.547529,-5.095057,data/raw/openfun/tw.gov.cec~txn~candidates-votes/2022/陳時中-village-votes-page-2.json;data/raw/openfun/tw.gov.cec~txn~candidates-votes/2022/蔣萬安-village-votes-page-2.json,matched,polling-station-single-village; polling-station-single-village
2022,大安區,法治里,法治里,陳時中,蔣萬安（不納入黃珊珊及其他候選人）,608,1233,33.025530,66.974470,-33.948941,data/raw/openfun/tw.gov.cec~txn~candidates-votes/2022/陳時中-village-votes-page-3.json;data/raw/openfun/tw.gov.cec~txn~candidates-votes/2022/蔣萬安-village-votes-page-3.json,matched,polling-station-single-village; polling-station-single-village
2022,大安區,臥龍里,臥龍里,陳時中,蔣萬安（不納入黃珊珊及其他候選人）,275,519,34.634761,65.365239,-30.730479,data/raw/openfun/tw.gov.cec~txn~candidates-votes/2022/陳時中-village-votes-page-3.json;data/raw/openfun/tw.gov.cec~txn~candidates-votes/2022/蔣萬安-village-votes-page-3.json,matched,polling-station-single-village; polling-station-single-village
2022,大安區,芳和里,芳和里,陳時中,蔣萬安（不納入黃珊珊及其他候選人）,879,1451,37.725322,62.274678,-24.549356,data/raw/openfun/tw.gov.cec~txn~candidates-votes/2022/陳時中-village-votes-page-3.json;data/raw/openfun/tw.gov.cec~txn~candidates-votes/2022/蔣萬安-village-votes-page-3.json,matched,polling-station-single-village; polling-station-single-village
2022,大安區,虎嘯里,虎嘯里,陳時中,蔣萬安（不納入黃珊珊及其他候選人）,604,911,39.867987,60.132013,-20.264026,data/raw/openfun/tw.gov.cec~txn~candidates-votes/2022/陳時中-village-votes-page-3.json;data/raw/openfun/tw.gov.cec~txn~candidates-votes/2022/蔣萬安-village-votes-page-3.json,matched,polling-station-single-village; polling-station-single-village
2022,大安區,建安里,建安里,陳時中,蔣萬安（不納入黃珊珊及其他候選人）,745,1128,39.775761,60.224239,-20.448478,data/raw/openfun/tw.gov.cec~txn~candidates-votes/2022/陳時中-village-votes-page-3.json;data/raw/openfun/tw.gov.cec~txn~candidates-votes/2022/蔣萬安-village-votes-page-3.json,matched,polling-station-single-village; polling-station-single-village
2022,大安區,建倫里,建倫里,陳時中,蔣萬安（不納入黃珊珊及其他候選人）,917,1421,39.221557,60.778443,-21.556886,data/raw/openfun/tw.gov.cec~txn~candidates-votes/2022/陳時中-village-votes-page-3.json;data/raw/openfun/tw.gov.cec~txn~candidates-votes/2022/蔣萬安-village-votes-page-3.json,matched,polling-station-single-village; polling-station-single-village
2022,大安區,通化里,通化里,陳時中,蔣萬安（不納入黃珊珊及其他候選人）,1129,1357,45.414320,54.585680,-9.171360,data/raw/openfun/tw.gov.cec~txn~candidates-votes/2022/陳時中-village-votes-page-3.json;data/raw/openfun/tw.gov.cec~txn~candidates-votes/2022/蔣萬安-village-votes-page-3.json,matched,polling-station-single-village; polling-station-single-village
2022,大安區,通安里,通安里,陳時中,蔣萬安（不納入黃珊珊及其他候選人）,930,1365,40.522876,59.477124,-18.954248,data/raw/openfun/tw.gov.cec~txn~candidates-votes/2022/陳時中-village-votes-page-3.json;data/raw/openfun/tw.gov.cec~txn~candidates-votes/2022/蔣萬安-village-votes-page-3.json,matched,polling-station-single-village; polling-station-single-village
2022,大安區,敦安里,敦安里,陳時中,蔣萬安（不納入黃珊珊及其他候選人）,988,1339,42.458101,57.541899,-15.083799,data/raw/openfun/tw.gov.cec~txn~candidates-votes/2022/陳時中-village-votes-page-3.json;data/raw/openfun/tw.gov.cec~txn~candidates-votes/2022/蔣萬安-village-votes-page-3.json,matched,polling-station-single-village; polling-station-single-village
2022,大安區,敦煌里,敦煌里,陳時中,蔣萬安（不納入黃珊珊及其他候選人）,950,1333,41.611914,58.388086,-16.776172,data/raw/openfun/tw.gov.cec~txn~candidates-votes/2022/陳時中-village-votes-page-3.json;data/raw/openfun/tw.gov.cec~txn~candidates-votes/2022/蔣萬安-village-votes-page-3.json,matched,polling-station-single-village; polling-station-single-village
2022,大安區,華聲里,華聲里,陳時中,蔣萬安（不納入黃珊珊及其他候選人）,626,916,40.596628,59.403372,-18.806744,data/raw/openfun/tw.gov.cec~txn~candidates-votes/2022/陳時中-village-votes-page-3.json;data/raw/openfun/tw.gov.cec~txn~candidates-votes/2022/蔣萬安-village-votes-page-3.json,matched,polling-station-single-village; polling-station-single-village
2022,大安區,新龍里,新龍里,陳時中,蔣萬安（不納入黃珊珊及其他候選人）,769,1931,28.481481,71.518519,-43.037037,data/raw/openfun/tw.gov.cec~txn~candidates-votes/2022/陳時中-village-votes-page-2.json;data/raw/openfun/tw.gov.cec~txn~candidates-votes/2022/蔣萬安-village-votes-page-2.json,matched,polling-station-single-village; polling-station-single-village
2022,大安區,群英里,群英里,陳時中,蔣萬安（不納入黃珊珊及其他候選人）,672,2307,22.557905,77.442095,-54.884189,data/raw/openfun/tw.gov.cec~txn~candidates-votes/2022/陳時中-village-votes-page-3.json;data/raw/openfun/tw.gov.cec~txn~candidates-votes/2022/蔣萬安-village-votes-page-3.json,matched,polling-station-single-village; polling-station-single-village
2022,大安區,群賢里,群賢里,陳時中,蔣萬安（不納入黃珊珊及其他候選人）,799,1507,34.648742,65.351258,-30.702515,data/raw/openfun/tw.gov.cec~txn~candidates-votes/2022/陳時中-village-votes-page-3.json;data/raw/openfun/tw.gov.cec~txn~candidates-votes/2022/蔣萬安-village-votes-page-3.json,matched,polling-station-single-village; polling-station-single-village
2022,大安區,義安里,義安里,陳時中,蔣萬安（不納入黃珊珊及其他候選人）,771,1350,36.350778,63.649222,-27.298444,data/raw/openfun/tw.gov.cec~txn~candidates-votes/2022/陳時中-village-votes-page-2.json;data/raw/openfun/tw.gov.cec~txn~candidates-votes/2022/陳時中-village-votes-page-3.json;data/raw/openfun/tw.gov.cec~txn~candidates-votes/2022/蔣萬安-village-votes-page-2.json;data/raw/openfun/tw.gov.cec~txn~candidates-votes/2022/蔣萬安-village-votes-page-3.json,matched,polling-station-single-village; polling-station-single-village
2022,大安區,義村里,義村里,陳時中,蔣萬安（不納入黃珊珊及其他候選人）,695,1639,29.777207,70.222793,-40.445587,data/raw/openfun/tw.gov.cec~txn~candidates-votes/2022/陳時中-village-votes-page-2.json;data/raw/openfun/tw.gov.cec~txn~candidates-votes/2022/蔣萬安-village-votes-page-2.json,matched,polling-station-single-village; polling-station-single-village
2022,大安區,誠安里,誠安里,陳時中,蔣萬安（不納入黃珊珊及其他候選人）,721,919,43.963415,56.036585,-12.073171,data/raw/openfun/tw.gov.cec~txn~candidates-votes/2022/陳時中-village-votes-page-2.json;data/raw/openfun/tw.gov.cec~txn~candidates-votes/2022/蔣萬安-village-votes-page-2.json,matched,polling-station-single-village; polling-station-single-village
2022,大安區,福住里,福住里,陳時中,蔣萬安（不納入黃珊珊及其他候選人）,943,1257,42.863636,57.136364,-14.272727,data/raw/openfun/tw.gov.cec~txn~candidates-votes/2022/陳時中-village-votes-page-2.json;data/raw/openfun/tw.gov.cec~txn~candidates-votes/2022/蔣萬安-village-votes-page-2.json,matched,polling-station-single-village; polling-station-single-village
2022,大安區,德安里,德安里,陳時中,蔣萬安（不納入黃珊珊及其他候選人）,809,1373,37.076077,62.923923,-25.847846,data/raw/openfun/tw.gov.cec~txn~candidates-votes/2022/陳時中-village-votes-page-2.json;data/raw/openfun/tw.gov.cec~txn~candidates-votes/2022/蔣萬安-village-votes-page-2.json,matched,polling-station-single-village; polling-station-single-village
2022,大安區,黎元里,黎元里,陳時中,蔣萬安（不納入黃珊珊及其他候選人）,902,1324,40.521114,59.478886,-18.957772,data/raw/openfun/tw.gov.cec~txn~candidates-votes/2022/陳時中-village-votes-page-3.json;data/raw/openfun/tw.gov.cec~txn~candidates-votes/2022/蔣萬安-village-votes-page-3.json,matched,polling-station-single-village; polling-station-single-village
2022,大安區,黎孝里,黎孝里,陳時中,蔣萬安（不納入黃珊珊及其他候選人）,1223,1931,38.776157,61.223843,-22.447685,data/raw/openfun/tw.gov.cec~txn~candidates-votes/2022/陳時中-village-votes-page-3.json;data/raw/openfun/tw.gov.cec~txn~candidates-votes/2022/蔣萬安-village-votes-page-3.json,matched,polling-station-single-village; polling-station-single-village
2022,大安區,黎和里,黎和里,陳時中,蔣萬安（不納入黃珊珊及其他候選人）,660,1257,34.428795,65.571205,-31.142410,data/raw/openfun/tw.gov.cec~txn~candidates-votes/2022/陳時中-village-votes-page-3.json;data/raw/openfun/tw.gov.cec~txn~candidates-votes/2022/蔣萬安-village-votes-page-3.json,matched,polling-station-single-village; polling-station-single-village
2022,大安區,學府里,學府里,陳時中,蔣萬安（不納入黃珊珊及其他候選人）,348,669,34.218289,65.781711,-31.563422,data/raw/openfun/tw.gov.cec~txn~candidates-votes/2022/陳時中-village-votes-page-3.json;data/raw/openfun/tw.gov.cec~txn~candidates-votes/2022/蔣萬安-village-votes-page-3.json,matched,polling-station-single-village; polling-station-single-village
2022,大安區,錦安里,錦安里,陳時中,蔣萬安（不納入黃珊珊及其他候選人）,927,1284,41.926730,58.073270,-16.146540,data/raw/openfun/tw.gov.cec~txn~candidates-votes/2022/陳時中-village-votes-page-2.json;data/raw/openfun/tw.gov.cec~txn~candidates-votes/2022/蔣萬安-village-votes-page-2.json,matched,polling-station-single-village; polling-station-single-village
2022,大安區,錦泰里,錦泰里,陳時中,蔣萬安（不納入黃珊珊及其他候選人）,555,882,38.622129,61.377871,-22.755741,data/raw/openfun/tw.gov.cec~txn~candidates-votes/2022/陳時中-village-votes-page-2.json;data/raw/openfun/tw.gov.cec~txn~candidates-votes/2022/蔣萬安-village-votes-page-2.json,matched,polling-station-single-village; polling-station-single-village
2022,大安區,錦華里,錦華里,陳時中,蔣萬安（不納入黃珊珊及其他候選人）,847,1319,39.104340,60.895660,-21.791320,data/raw/openfun/tw.gov.cec~txn~candidates-votes/2022/陳時中-village-votes-page-2.json;data/raw/openfun/tw.gov.cec~txn~candidates-votes/2022/蔣萬安-village-votes-page-2.json,matched,polling-station-single-village; polling-station-single-village
2022,大安區,龍生里,龍生里,陳時中,蔣萬安（不納入黃珊珊及其他候選人）,963,1626,37.195829,62.804171,-25.608343,data/raw/openfun/tw.gov.cec~txn~candidates-votes/2022/陳時中-village-votes-page-2.json;data/raw/openfun/tw.gov.cec~txn~candidates-votes/2022/蔣萬安-village-votes-page-2.json,matched,polling-station-single-village; polling-station-single-village
2022,大安區,龍安里,龍安里,陳時中,蔣萬安（不納入黃珊珊及其他候選人）,1056,1346,43.963364,56.036636,-12.073272,data/raw/openfun/tw.gov.cec~txn~candidates-votes/2022/陳時中-village-votes-page-2.json;data/raw/openfun/tw.gov.cec~txn~candidates-votes/2022/蔣萬安-village-votes-page-2.json,matched,polling-station-single-village; polling-station-single-village
2022,大安區,龍坡里,龍坡里,陳時中,蔣萬安（不納入黃珊珊及其他候選人）,902,1275,41.433165,58.566835,-17.133670,data/raw/openfun/tw.gov.cec~txn~candidates-votes/2022/陳時中-village-votes-page-2.json;data/raw/openfun/tw.gov.cec~txn~candidates-votes/2022/蔣萬安-village-votes-page-2.json,matched,polling-station-single-village; polling-station-single-village
2022,大安區,龍門里,龍門里,陳時中,蔣萬安（不納入黃珊珊及其他候選人）,738,924,44.404332,55.595668,-11.191336,data/raw/openfun/tw.gov.cec~txn~candidates-votes/2022/陳時中-village-votes-page-3.json;data/raw/openfun/tw.gov.cec~txn~candidates-votes/2022/蔣萬安-village-votes-page-3.json,matched,polling-station-single-village; polling-station-single-village
2022,大安區,龍泉里,龍泉里,陳時中,蔣萬安（不納入黃珊珊及其他候選人）,787,1017,43.625277,56.374723,-12.749446,data/raw/openfun/tw.gov.cec~txn~candidates-votes/2022/陳時中-village-votes-page-2.json;data/raw/openfun/tw.gov.cec~txn~candidates-votes/2022/蔣萬安-village-votes-page-2.json,matched,polling-station-single-village; polling-station-single-village
2022,大安區,龍陣里,龍陣里,陳時中,蔣萬安（不納入黃珊珊及其他候選人）,608,882,40.805369,59.194631,-18.389262,data/raw/openfun/tw.gov.cec~txn~candidates-votes/2022/陳時中-village-votes-page-2.json;data/raw/openfun/tw.gov.cec~txn~candidates-votes/2022/蔣萬安-village-votes-page-2.json,matched,polling-station-single-village; polling-station-single-village
2022,大安區,龍淵里,龍淵里,陳時中,蔣萬安（不納入黃珊珊及其他候選人）,1397,2008,41.027900,58.972100,-17.944200,data/raw/openfun/tw.gov.cec~txn~candidates-votes/2022/陳時中-village-votes-page-3.json;data/raw/openfun/tw.gov.cec~txn~candidates-votes/2022/蔣萬安-village-votes-page-3.json,matched,polling-station-single-village; polling-station-single-village
2022,大安區,龍雲里,龍雲里,陳時中,蔣萬安（不納入黃珊珊及其他候選人）,773,1134,40.534872,59.465128,-18.930257,data/raw/openfun/tw.gov.cec~txn~candidates-votes/2022/陳時中-village-votes-page-2.json;data/raw/openfun/tw.gov.cec~txn~candidates-votes/2022/蔣萬安-village-votes-page-2.json,matched,polling-station-single-village; polling-station-single-village
2022,大安區,龍圖里,龍圖里,陳時中,蔣萬安（不納入黃珊珊及其他候選人）,998,1686,37.183308,62.816692,-25.633383,data/raw/openfun/tw.gov.cec~txn~candidates-votes/2022/陳時中-village-votes-page-2.json;data/raw/openfun/tw.gov.cec~txn~candidates-votes/2022/蔣萬安-village-votes-page-2.json,matched,polling-station-single-village; polling-station-single-village
2022,大安區,臨江里,臨江里,陳時中,蔣萬安（不納入黃珊珊及其他候選人）,691,997,40.936019,59.063981,-18.127962,data/raw/openfun/tw.gov.cec~txn~candidates-votes/2022/陳時中-village-votes-page-3.json;data/raw/openfun/tw.gov.cec~txn~candidates-votes/2022/蔣萬安-village-votes-page-3.json,matched,polling-station-single-village; polling-station-single-village
2022,中山區,力行里,力行里,陳時中,蔣萬安（不納入黃珊珊及其他候選人）,1243,1315,48.592651,51.407349,-2.814699,data/raw/openfun/tw.gov.cec~txn~candidates-votes/2022/陳時中-village-votes-page-4.json;data/raw/openfun/tw.gov.cec~txn~candidates-votes/2022/蔣萬安-village-votes-page-4.json,matched,polling-station-single-village; polling-station-single-village
2022,中山區,下埤里,下埤里,陳時中,蔣萬安（不納入黃珊珊及其他候選人）,1502,1689,47.069884,52.930116,-5.860232,data/raw/openfun/tw.gov.cec~txn~candidates-votes/2022/陳時中-village-votes-page-3.json;data/raw/openfun/tw.gov.cec~txn~candidates-votes/2022/蔣萬安-village-votes-page-3.json,matched,polling-station-single-village; polling-station-single-village
2022,中山區,大佳里,大佳里,陳時中,蔣萬安（不納入黃珊珊及其他候選人）,253,187,57.500000,42.500000,15.000000,data/raw/openfun/tw.gov.cec~txn~candidates-votes/2022/陳時中-village-votes-page-3.json;data/raw/openfun/tw.gov.cec~txn~candidates-votes/2022/蔣萬安-village-votes-page-3.json,matched,polling-station-single-village; polling-station-single-village
2022,中山區,大直里,大直里,陳時中,蔣萬安（不納入黃珊珊及其他候選人）,1453,2273,38.996243,61.003757,-22.007515,data/raw/openfun/tw.gov.cec~txn~candidates-votes/2022/陳時中-village-votes-page-3.json;data/raw/openfun/tw.gov.cec~txn~candidates-votes/2022/蔣萬安-village-votes-page-3.json,matched,polling-station-single-village; polling-station-single-village
2022,中山區,中山里,中山里,陳時中,蔣萬安（不納入黃珊珊及其他候選人）,1200,1505,44.362292,55.637708,-11.275416,data/raw/openfun/tw.gov.cec~txn~candidates-votes/2022/陳時中-village-votes-page-3.json;data/raw/openfun/tw.gov.cec~txn~candidates-votes/2022/蔣萬安-village-votes-page-3.json,matched,polling-station-single-village; polling-station-single-village
2022,中山區,中央里,中央里,陳時中,蔣萬安（不納入黃珊珊及其他候選人）,708,817,46.426230,53.573770,-7.147541,data/raw/openfun/tw.gov.cec~txn~candidates-votes/2022/陳時中-village-votes-page-4.json;data/raw/openfun/tw.gov.cec~txn~candidates-votes/2022/蔣萬安-village-votes-page-4.json,matched,polling-station-single-village; polling-station-single-village
2022,中山區,中吉里,中吉里,陳時中,蔣萬安（不納入黃珊珊及其他候選人）,1183,1086,52.137506,47.862494,4.275011,data/raw/openfun/tw.gov.cec~txn~candidates-votes/2022/陳時中-village-votes-page-3.json;data/raw/openfun/tw.gov.cec~txn~candidates-votes/2022/陳時中-village-votes-page-4.json;data/raw/openfun/tw.gov.cec~txn~candidates-votes/2022/蔣萬安-village-votes-page-3.json;data/raw/openfun/tw.gov.cec~txn~candidates-votes/2022/蔣萬安-village-votes-page-4.json,matched,polling-station-single-village; polling-station-single-village
2022,中山區,中庄里,中庄里,陳時中,蔣萬安（不納入黃珊珊及其他候選人）,1063,1017,51.105769,48.894231,2.211538,data/raw/openfun/tw.gov.cec~txn~candidates-votes/2022/陳時中-village-votes-page-3.json;data/raw/openfun/tw.gov.cec~txn~candidates-votes/2022/蔣萬安-village-votes-page-3.json,matched,polling-station-single-village; polling-station-single-village
2022,中山區,中原里,中原里,陳時中,蔣萬安（不納入黃珊珊及其他候選人）,1099,1112,49.706015,50.293985,-0.587969,data/raw/openfun/tw.gov.cec~txn~candidates-votes/2022/陳時中-village-votes-page-4.json;data/raw/openfun/tw.gov.cec~txn~candidates-votes/2022/蔣萬安-village-votes-page-4.json,matched,polling-station-single-village; polling-station-single-village
2022,中山區,北安里,北安里,陳時中,蔣萬安（不納入黃珊珊及其他候選人）,390,728,34.883721,65.116279,-30.232558,data/raw/openfun/tw.gov.cec~txn~candidates-votes/2022/陳時中-village-votes-page-4.json;data/raw/openfun/tw.gov.cec~txn~candidates-votes/2022/蔣萬安-village-votes-page-4.json,matched,polling-station-single-village; polling-station-single-village
2022,中山區,正守里,正守里,陳時中,蔣萬安（不納入黃珊珊及其他候選人）,624,762,45.021645,54.978355,-9.956710,data/raw/openfun/tw.gov.cec~txn~candidates-votes/2022/陳時中-village-votes-page-3.json;data/raw/openfun/tw.gov.cec~txn~candidates-votes/2022/蔣萬安-village-votes-page-3.json,matched,polling-station-single-village; polling-station-single-village
2022,中山區,正得里,正得里,陳時中,蔣萬安（不納入黃珊珊及其他候選人）,636,825,43.531828,56.468172,-12.936345,data/raw/openfun/tw.gov.cec~txn~candidates-votes/2022/陳時中-village-votes-page-3.json;data/raw/openfun/tw.gov.cec~txn~candidates-votes/2022/蔣萬安-village-votes-page-3.json,matched,polling-station-single-village; polling-station-single-village
2022,中山區,正義里,正義里,陳時中,蔣萬安（不納入黃珊珊及其他候選人）,858,1203,41.630277,58.369723,-16.739447,data/raw/openfun/tw.gov.cec~txn~candidates-votes/2022/陳時中-village-votes-page-3.json;data/raw/openfun/tw.gov.cec~txn~candidates-votes/2022/蔣萬安-village-votes-page-3.json,matched,polling-station-single-village; polling-station-single-village
2022,中山區,民安里,民安里,陳時中,蔣萬安（不納入黃珊珊及其他候選人）,949,950,49.973670,50.026330,-0.052659,data/raw/openfun/tw.gov.cec~txn~candidates-votes/2022/陳時中-village-votes-page-3.json;data/raw/openfun/tw.gov.cec~txn~candidates-votes/2022/蔣萬安-village-votes-page-3.json,matched,polling-station-single-village; polling-station-single-village
2022,中山區,永安里,永安里,陳時中,蔣萬安（不納入黃珊珊及其他候選人）,1569,2222,41.387497,58.612503,-17.225007,data/raw/openfun/tw.gov.cec~txn~candidates-votes/2022/陳時中-village-votes-page-3.json;data/raw/openfun/tw.gov.cec~txn~candidates-votes/2022/蔣萬安-village-votes-page-3.json,matched,polling-station-single-village; polling-station-single-village
2022,中山區,成功里,成功里,陳時中,蔣萬安（不納入黃珊珊及其他候選人）,1114,1527,42.180992,57.819008,-15.638016,data/raw/openfun/tw.gov.cec~txn~candidates-votes/2022/陳時中-village-votes-page-3.json;data/raw/openfun/tw.gov.cec~txn~candidates-votes/2022/蔣萬安-village-votes-page-3.json,matched,polling-station-single-village; polling-station-single-village
2022,中山區,朱崙里,朱崙里,陳時中,蔣萬安（不納入黃珊珊及其他候選人）,571,699,44.960630,55.039370,-10.078740,data/raw/openfun/tw.gov.cec~txn~candidates-votes/2022/陳時中-village-votes-page-4.json;data/raw/openfun/tw.gov.cec~txn~candidates-votes/2022/蔣萬安-village-votes-page-4.json,matched,polling-station-single-village; polling-station-single-village
2022,中山區,朱園里,朱園里,陳時中,蔣萬安（不納入黃珊珊及其他候選人）,893,980,47.677523,52.322477,-4.644955,data/raw/openfun/tw.gov.cec~txn~candidates-votes/2022/陳時中-village-votes-page-4.json;data/raw/openfun/tw.gov.cec~txn~candidates-votes/2022/蔣萬安-village-votes-page-4.json,matched,polling-station-single-village; polling-station-single-village
2022,中山區,朱馥里,朱馥里,陳時中,蔣萬安（不納入黃珊珊及其他候選人）,968,1321,42.289209,57.710791,-15.421581,data/raw/openfun/tw.gov.cec~txn~candidates-votes/2022/陳時中-village-votes-page-4.json;data/raw/openfun/tw.gov.cec~txn~candidates-votes/2022/蔣萬安-village-votes-page-4.json,matched,polling-station-single-village; polling-station-single-village
2022,中山區,江山里,江山里,陳時中,蔣萬安（不納入黃珊珊及其他候選人）,1579,1621,49.343750,50.656250,-1.312500,data/raw/openfun/tw.gov.cec~txn~candidates-votes/2022/陳時中-village-votes-page-3.json;data/raw/openfun/tw.gov.cec~txn~candidates-votes/2022/蔣萬安-village-votes-page-3.json,matched,polling-station-single-village; polling-station-single-village
2022,中山區,江寧里,江寧里,陳時中,蔣萬安（不納入黃珊珊及其他候選人）,1292,1633,44.170940,55.829060,-11.658120,data/raw/openfun/tw.gov.cec~txn~candidates-votes/2022/陳時中-village-votes-page-3.json;data/raw/openfun/tw.gov.cec~txn~candidates-votes/2022/蔣萬安-village-votes-page-3.json,matched,polling-station-single-village; polling-station-single-village
2022,中山區,行仁里,行仁里,陳時中,蔣萬安（不納入黃珊珊及其他候選人）,1664,1758,48.626534,51.373466,-2.746932,data/raw/openfun/tw.gov.cec~txn~candidates-votes/2022/陳時中-village-votes-page-3.json;data/raw/openfun/tw.gov.cec~txn~candidates-votes/2022/蔣萬安-village-votes-page-3.json,matched,polling-station-single-village; polling-station-single-village
2022,中山區,行孝里,行孝里,陳時中,蔣萬安（不納入黃珊珊及其他候選人）,820,953,46.249295,53.750705,-7.501410,data/raw/openfun/tw.gov.cec~txn~candidates-votes/2022/陳時中-village-votes-page-3.json;data/raw/openfun/tw.gov.cec~txn~candidates-votes/2022/蔣萬安-village-votes-page-3.json,matched,polling-station-single-village; polling-station-single-village
2022,中山區,行政里,行政里,陳時中,蔣萬安（不納入黃珊珊及其他候選人）,1148,1407,44.931507,55.068493,-10.136986,data/raw/openfun/tw.gov.cec~txn~candidates-votes/2022/陳時中-village-votes-page-3.json;data/raw/openfun/tw.gov.cec~txn~candidates-votes/2022/蔣萬安-village-votes-page-3.json,matched,polling-station-single-village; polling-station-single-village
2022,中山區,松江里,松江里,陳時中,蔣萬安（不納入黃珊珊及其他候選人）,1180,1339,46.843986,53.156014,-6.312029,data/raw/openfun/tw.gov.cec~txn~candidates-votes/2022/陳時中-village-votes-page-3.json;data/raw/openfun/tw.gov.cec~txn~candidates-votes/2022/蔣萬安-village-votes-page-3.json,matched,polling-station-single-village; polling-station-single-village
2022,中山區,金泰里,金泰里,陳時中,蔣萬安（不納入黃珊珊及其他候選人）,1138,1814,38.550136,61.449864,-22.899729,data/raw/openfun/tw.gov.cec~txn~candidates-votes/2022/陳時中-village-votes-page-4.json;data/raw/openfun/tw.gov.cec~txn~candidates-votes/2022/蔣萬安-village-votes-page-4.json,matched,polling-station-single-village; polling-station-single-village
2022,中山區,恆安里,恆安里,陳時中,蔣萬安（不納入黃珊珊及其他候選人）,870,1131,43.478261,56.521739,-13.043478,data/raw/openfun/tw.gov.cec~txn~candidates-votes/2022/陳時中-village-votes-page-3.json;data/raw/openfun/tw.gov.cec~txn~candidates-votes/2022/蔣萬安-village-votes-page-3.json,matched,polling-station-single-village; polling-station-single-village
2022,中山區,埤頭里,埤頭里,陳時中,蔣萬安（不納入黃珊珊及其他候選人）,600,773,43.699927,56.300073,-12.600146,data/raw/openfun/tw.gov.cec~txn~candidates-votes/2022/陳時中-village-votes-page-4.json;data/raw/openfun/tw.gov.cec~txn~candidates-votes/2022/蔣萬安-village-votes-page-4.json,matched,polling-station-single-village; polling-station-single-village
2022,中山區,康樂里,康樂里,陳時中,蔣萬安（不納入黃珊珊及其他候選人）,457,675,40.371025,59.628975,-19.257951,data/raw/openfun/tw.gov.cec~txn~candidates-votes/2022/陳時中-village-votes-page-3.json;data/raw/openfun/tw.gov.cec~txn~candidates-votes/2022/蔣萬安-village-votes-page-3.json,matched,polling-station-single-village; polling-station-single-village
2022,中山區,復華里,復華里,陳時中,蔣萬安（不納入黃珊珊及其他候選人）,712,1175,37.731849,62.268151,-24.536301,data/raw/openfun/tw.gov.cec~txn~candidates-votes/2022/陳時中-village-votes-page-4.json;data/raw/openfun/tw.gov.cec~txn~candidates-votes/2022/蔣萬安-village-votes-page-4.json,matched,polling-station-single-village; polling-station-single-village
2022,中山區,晴光里,晴光里,陳時中,蔣萬安（不納入黃珊珊及其他候選人）,875,1223,41.706387,58.293613,-16.587226,data/raw/openfun/tw.gov.cec~txn~candidates-votes/2022/陳時中-village-votes-page-3.json;data/raw/openfun/tw.gov.cec~txn~candidates-votes/2022/蔣萬安-village-votes-page-3.json,matched,polling-station-single-village; polling-station-single-village
2022,中山區,集英里,集英里,陳時中,蔣萬安（不納入黃珊珊及其他候選人）,1412,1314,51.797506,48.202494,3.595011,data/raw/openfun/tw.gov.cec~txn~candidates-votes/2022/陳時中-village-votes-page-3.json;data/raw/openfun/tw.gov.cec~txn~candidates-votes/2022/蔣萬安-village-votes-page-3.json,matched,polling-station-single-village; polling-station-single-village
2022,中山區,圓山里,圓山里,陳時中,蔣萬安（不納入黃珊珊及其他候選人）,766,879,46.565350,53.434650,-6.869301,data/raw/openfun/tw.gov.cec~txn~candidates-votes/2022/陳時中-village-votes-page-3.json;data/raw/openfun/tw.gov.cec~txn~candidates-votes/2022/蔣萬安-village-votes-page-3.json,matched,polling-station-single-village; polling-station-single-village
2022,中山區,新生里,新生里,陳時中,蔣萬安（不納入黃珊珊及其他候選人）,1010,1026,49.607073,50.392927,-0.785855,data/raw/openfun/tw.gov.cec~txn~candidates-votes/2022/陳時中-village-votes-page-3.json;data/raw/openfun/tw.gov.cec~txn~candidates-votes/2022/蔣萬安-village-votes-page-3.json,matched,polling-station-single-village; polling-station-single-village
2022,中山區,新庄里,新庄里,陳時中,蔣萬安（不納入黃珊珊及其他候選人）,1016,1132,47.299814,52.700186,-5.400372,data/raw/openfun/tw.gov.cec~txn~candidates-votes/2022/陳時中-village-votes-page-3.json;data/raw/openfun/tw.gov.cec~txn~candidates-votes/2022/蔣萬安-village-votes-page-3.json,matched,polling-station-single-village; polling-station-single-village
2022,中山區,新喜里,新喜里,陳時中,蔣萬安（不納入黃珊珊及其他候選人）,1011,1026,49.631811,50.368189,-0.736377,data/raw/openfun/tw.gov.cec~txn~candidates-votes/2022/陳時中-village-votes-page-3.json;data/raw/openfun/tw.gov.cec~txn~candidates-votes/2022/蔣萬安-village-votes-page-3.json,matched,polling-station-single-village; polling-station-single-village
2022,中山區,新福里,新福里,陳時中,蔣萬安（不納入黃珊珊及其他候選人）,1118,953,53.983583,46.016417,7.967166,data/raw/openfun/tw.gov.cec~txn~candidates-votes/2022/陳時中-village-votes-page-3.json;data/raw/openfun/tw.gov.cec~txn~candidates-votes/2022/蔣萬安-village-votes-page-3.json,matched,polling-station-single-village; polling-station-single-village
2022,中山區,聚盛里,聚盛里,陳時中,蔣萬安（不納入黃珊珊及其他候選人）,646,1003,39.175258,60.824742,-21.649485,data/raw/openfun/tw.gov.cec~txn~candidates-votes/2022/陳時中-village-votes-page-3.json;data/raw/openfun/tw.gov.cec~txn~candidates-votes/2022/蔣萬安-village-votes-page-3.json,matched,polling-station-single-village; polling-station-single-village
2022,中山區,聚葉里,聚葉里,陳時中,蔣萬安（不納入黃珊珊及其他候選人）,734,876,45.590062,54.409938,-8.819876,data/raw/openfun/tw.gov.cec~txn~candidates-votes/2022/陳時中-village-votes-page-3.json;data/raw/openfun/tw.gov.cec~txn~candidates-votes/2022/蔣萬安-village-votes-page-3.json,matched,polling-station-single-village; polling-station-single-village
2022,中山區,劍潭里,劍潭里,陳時中,蔣萬安（不納入黃珊珊及其他候選人）,257,1411,15.407674,84.592326,-69.184652,data/raw/openfun/tw.gov.cec~txn~candidates-votes/2022/陳時中-village-votes-page-3.json;data/raw/openfun/tw.gov.cec~txn~candidates-votes/2022/蔣萬安-village-votes-page-3.json,matched,polling-station-single-village; polling-station-single-village
2022,中山區,興亞里,興亞里,陳時中,蔣萬安（不納入黃珊珊及其他候選人）,1072,1177,47.665629,52.334371,-4.668742,data/raw/openfun/tw.gov.cec~txn~candidates-votes/2022/陳時中-village-votes-page-4.json;data/raw/openfun/tw.gov.cec~txn~candidates-votes/2022/蔣萬安-village-votes-page-4.json,matched,polling-station-single-village; polling-station-single-village
2022,中山區,龍洲里,龍洲里,陳時中,蔣萬安（不納入黃珊珊及其他候選人）,580,1707,25.360735,74.639265,-49.278531,data/raw/openfun/tw.gov.cec~txn~candidates-votes/2022/陳時中-village-votes-page-4.json;data/raw/openfun/tw.gov.cec~txn~candidates-votes/2022/蔣萬安-village-votes-page-4.json,matched,polling-station-single-village; polling-station-single-village
2022,中正區,三愛里,三愛里,陳時中,蔣萬安（不納入黃珊珊及其他候選人）,1439,1849,43.765207,56.234793,-12.469586,data/raw/openfun/tw.gov.cec~txn~candidates-votes/2022/陳時中-village-votes-page-4.json;data/raw/openfun/tw.gov.cec~txn~candidates-votes/2022/蔣萬安-village-votes-page-4.json,matched,polling-station-single-village; polling-station-single-village
2022,中正區,文北里,文北里,陳時中,蔣萬安（不納入黃珊珊及其他候選人）,938,1234,43.186004,56.813996,-13.627993,data/raw/openfun/tw.gov.cec~txn~candidates-votes/2022/陳時中-village-votes-page-4.json;data/raw/openfun/tw.gov.cec~txn~candidates-votes/2022/蔣萬安-village-votes-page-4.json,matched,polling-station-single-village; polling-station-single-village
2022,中正區,文盛里,文盛里,陳時中,蔣萬安（不納入黃珊珊及其他候選人）,487,626,43.755615,56.244385,-12.488769,data/raw/openfun/tw.gov.cec~txn~candidates-votes/2022/陳時中-village-votes-page-4.json;data/raw/openfun/tw.gov.cec~txn~candidates-votes/2022/蔣萬安-village-votes-page-4.json,matched,polling-station-single-village; polling-station-single-village
2022,中正區,文祥里,文祥里,陳時中,蔣萬安（不納入黃珊珊及其他候選人）,1285,1629,44.097461,55.902539,-11.805079,data/raw/openfun/tw.gov.cec~txn~candidates-votes/2022/陳時中-village-votes-page-4.json;data/raw/openfun/tw.gov.cec~txn~candidates-votes/2022/蔣萬安-village-votes-page-4.json,matched,polling-station-single-village; polling-station-single-village
2022,中正區,水源里,水源里,陳時中,蔣萬安（不納入黃珊珊及其他候選人）,527,646,44.927536,55.072464,-10.144928,data/raw/openfun/tw.gov.cec~txn~candidates-votes/2022/陳時中-village-votes-page-4.json;data/raw/openfun/tw.gov.cec~txn~candidates-votes/2022/蔣萬安-village-votes-page-4.json,matched,polling-station-single-village; polling-station-single-village
2022,中正區,永功里,永功里,陳時中,蔣萬安（不納入黃珊珊及其他候選人）,1078,1312,45.104603,54.895397,-9.790795,data/raw/openfun/tw.gov.cec~txn~candidates-votes/2022/陳時中-village-votes-page-4.json;data/raw/openfun/tw.gov.cec~txn~candidates-votes/2022/蔣萬安-village-votes-page-4.json,matched,polling-station-single-village; polling-station-single-village
2022,中正區,永昌里,永昌里,陳時中,蔣萬安（不納入黃珊珊及其他候選人）,860,1152,42.743539,57.256461,-14.512922,data/raw/openfun/tw.gov.cec~txn~candidates-votes/2022/陳時中-village-votes-page-4.json;data/raw/openfun/tw.gov.cec~txn~candidates-votes/2022/蔣萬安-village-votes-page-4.json,matched,polling-station-single-village; polling-station-single-village
2022,中正區,光復里,光復里,陳時中,蔣萬安（不納入黃珊珊及其他候選人）,574,803,41.684822,58.315178,-16.630356,data/raw/openfun/tw.gov.cec~txn~candidates-votes/2022/陳時中-village-votes-page-4.json;data/raw/openfun/tw.gov.cec~txn~candidates-votes/2022/蔣萬安-village-votes-page-4.json,matched,polling-station-single-village; polling-station-single-village
2022,中正區,幸市里,幸市里,陳時中,蔣萬安（不納入黃珊珊及其他候選人）,797,982,44.800450,55.199550,-10.399101,data/raw/openfun/tw.gov.cec~txn~candidates-votes/2022/陳時中-village-votes-page-4.json;data/raw/openfun/tw.gov.cec~txn~candidates-votes/2022/蔣萬安-village-votes-page-4.json,matched,polling-station-single-village; polling-station-single-village
2022,中正區,幸福里,幸福里,陳時中,蔣萬安（不納入黃珊珊及其他候選人）,819,1111,42.435233,57.564767,-15.129534,data/raw/openfun/tw.gov.cec~txn~candidates-votes/2022/陳時中-village-votes-page-4.json;data/raw/openfun/tw.gov.cec~txn~candidates-votes/2022/蔣萬安-village-votes-page-4.json,matched,polling-station-single-village; polling-station-single-village
2022,中正區,忠勤里,忠勤里,陳時中,蔣萬安（不納入黃珊珊及其他候選人）,906,1525,37.268614,62.731386,-25.462773,data/raw/openfun/tw.gov.cec~txn~candidates-votes/2022/陳時中-village-votes-page-4.json;data/raw/openfun/tw.gov.cec~txn~candidates-votes/2022/蔣萬安-village-votes-page-4.json,matched,polling-station-single-village; polling-station-single-village
2022,中正區,東門里,東門里,陳時中,蔣萬安（不納入黃珊珊及其他候選人）,529,899,37.044818,62.955182,-25.910364,data/raw/openfun/tw.gov.cec~txn~candidates-votes/2022/陳時中-village-votes-page-4.json;data/raw/openfun/tw.gov.cec~txn~candidates-votes/2022/蔣萬安-village-votes-page-4.json,matched,polling-station-single-village; polling-station-single-village
2022,中正區,板溪里,板溪里,陳時中,蔣萬安（不納入黃珊珊及其他候選人）,535,851,38.600289,61.399711,-22.799423,data/raw/openfun/tw.gov.cec~txn~candidates-votes/2022/陳時中-village-votes-page-4.json;data/raw/openfun/tw.gov.cec~txn~candidates-votes/2022/蔣萬安-village-votes-page-4.json,matched,polling-station-single-village; polling-station-single-village
2022,中正區,林興里,林興里,陳時中,蔣萬安（不納入黃珊珊及其他候選人）,642,1148,35.865922,64.134078,-28.268156,data/raw/openfun/tw.gov.cec~txn~candidates-votes/2022/陳時中-village-votes-page-4.json;data/raw/openfun/tw.gov.cec~txn~candidates-votes/2022/蔣萬安-village-votes-page-4.json,matched,polling-station-single-village; polling-station-single-village
2022,中正區,河堤里,河堤里,陳時中,蔣萬安（不納入黃珊珊及其他候選人）,724,1132,39.008621,60.991379,-21.982759,data/raw/openfun/tw.gov.cec~txn~candidates-votes/2022/陳時中-village-votes-page-4.json;data/raw/openfun/tw.gov.cec~txn~candidates-votes/2022/蔣萬安-village-votes-page-4.json,matched,polling-station-single-village; polling-station-single-village
2022,中正區,南門里,南門里,陳時中,蔣萬安（不納入黃珊珊及其他候選人）,370,638,36.706349,63.293651,-26.587302,data/raw/openfun/tw.gov.cec~txn~candidates-votes/2022/陳時中-village-votes-page-4.json;data/raw/openfun/tw.gov.cec~txn~candidates-votes/2022/蔣萬安-village-votes-page-4.json,matched,polling-station-single-village; polling-station-single-village
2022,中正區,南福里,南福里,陳時中,蔣萬安（不納入黃珊珊及其他候選人）,1646,2478,39.912706,60.087294,-20.174588,data/raw/openfun/tw.gov.cec~txn~candidates-votes/2022/陳時中-village-votes-page-4.json;data/raw/openfun/tw.gov.cec~txn~candidates-votes/2022/蔣萬安-village-votes-page-4.json,matched,polling-station-single-village; polling-station-single-village
2022,中正區,建國里,建國里,陳時中,蔣萬安（不納入黃珊珊及其他候選人）,217,357,37.804878,62.195122,-24.390244,data/raw/openfun/tw.gov.cec~txn~candidates-votes/2022/陳時中-village-votes-page-4.json;data/raw/openfun/tw.gov.cec~txn~candidates-votes/2022/蔣萬安-village-votes-page-4.json,matched,polling-station-single-village; polling-station-single-village
2022,中正區,梅花里,梅花里,陳時中,蔣萬安（不納入黃珊珊及其他候選人）,575,686,45.598731,54.401269,-8.802538,data/raw/openfun/tw.gov.cec~txn~candidates-votes/2022/陳時中-village-votes-page-4.json;data/raw/openfun/tw.gov.cec~txn~candidates-votes/2022/蔣萬安-village-votes-page-4.json,matched,polling-station-single-village; polling-station-single-village
2022,中正區,頂東里,頂東里,陳時中,蔣萬安（不納入黃珊珊及其他候選人）,1049,1444,42.077818,57.922182,-15.844364,data/raw/openfun/tw.gov.cec~txn~candidates-votes/2022/陳時中-village-votes-page-4.json;data/raw/openfun/tw.gov.cec~txn~candidates-votes/2022/蔣萬安-village-votes-page-4.json,matched,polling-station-single-village; polling-station-single-village
2022,中正區,富水里,富水里,陳時中,蔣萬安（不納入黃珊珊及其他候選人）,238,591,28.709288,71.290712,-42.581423,data/raw/openfun/tw.gov.cec~txn~candidates-votes/2022/陳時中-village-votes-page-4.json;data/raw/openfun/tw.gov.cec~txn~candidates-votes/2022/蔣萬安-village-votes-page-4.json,matched,polling-station-single-village; polling-station-single-village
2022,中正區,廈安里,廈安里,陳時中,蔣萬安（不納入黃珊珊及其他候選人）,710,841,45.776918,54.223082,-8.446164,data/raw/openfun/tw.gov.cec~txn~candidates-votes/2022/陳時中-village-votes-page-4.json;data/raw/openfun/tw.gov.cec~txn~candidates-votes/2022/蔣萬安-village-votes-page-4.json,matched,polling-station-single-village; polling-station-single-village
2022,中正區,愛國里,愛國里,陳時中,蔣萬安（不納入黃珊珊及其他候選人）,516,697,42.539159,57.460841,-14.921682,data/raw/openfun/tw.gov.cec~txn~candidates-votes/2022/陳時中-village-votes-page-4.json;data/raw/openfun/tw.gov.cec~txn~candidates-votes/2022/蔣萬安-village-votes-page-4.json,matched,polling-station-single-village; polling-station-single-village
2022,中正區,新營里,新營里,陳時中,蔣萬安（不納入黃珊珊及其他候選人）,1091,1888,36.623028,63.376972,-26.753944,data/raw/openfun/tw.gov.cec~txn~candidates-votes/2022/陳時中-village-votes-page-4.json;data/raw/openfun/tw.gov.cec~txn~candidates-votes/2022/蔣萬安-village-votes-page-4.json,matched,polling-station-single-village; polling-station-single-village
2022,中正區,網溪里,網溪里,陳時中,蔣萬安（不納入黃珊珊及其他候選人）,962,1364,41.358555,58.641445,-17.282889,data/raw/openfun/tw.gov.cec~txn~candidates-votes/2022/陳時中-village-votes-page-4.json;data/raw/openfun/tw.gov.cec~txn~candidates-votes/2022/蔣萬安-village-votes-page-4.json,matched,polling-station-single-village; polling-station-single-village
2022,中正區,黎明里,黎明里,陳時中,蔣萬安（不納入黃珊珊及其他候選人）,445,668,39.982031,60.017969,-20.035939,data/raw/openfun/tw.gov.cec~txn~candidates-votes/2022/陳時中-village-votes-page-4.json;data/raw/openfun/tw.gov.cec~txn~candidates-votes/2022/蔣萬安-village-votes-page-4.json,matched,polling-station-single-village; polling-station-single-village
2022,中正區,螢圃里,螢圃里,陳時中,蔣萬安（不納入黃珊珊及其他候選人）,924,1368,40.314136,59.685864,-19.371728,data/raw/openfun/tw.gov.cec~txn~candidates-votes/2022/陳時中-village-votes-page-4.json;data/raw/openfun/tw.gov.cec~txn~candidates-votes/2022/蔣萬安-village-votes-page-4.json,matched,polling-station-single-village; polling-station-single-village
2022,中正區,螢雪里,螢雪里,陳時中,蔣萬安（不納入黃珊珊及其他候選人）,682,1082,38.662132,61.337868,-22.675737,data/raw/openfun/tw.gov.cec~txn~candidates-votes/2022/陳時中-village-votes-page-4.json;data/raw/openfun/tw.gov.cec~txn~candidates-votes/2022/蔣萬安-village-votes-page-4.json,matched,polling-station-single-village; polling-station-single-village
2022,中正區,龍光里,龍光里,陳時中,蔣萬安（不納入黃珊珊及其他候選人）,499,727,40.701468,59.298532,-18.597064,data/raw/openfun/tw.gov.cec~txn~candidates-votes/2022/陳時中-village-votes-page-4.json;data/raw/openfun/tw.gov.cec~txn~candidates-votes/2022/蔣萬安-village-votes-page-4.json,matched,polling-station-single-village; polling-station-single-village
2022,中正區,龍福里,龍福里,陳時中,蔣萬安（不納入黃珊珊及其他候選人）,819,1061,43.563830,56.436170,-12.872340,data/raw/openfun/tw.gov.cec~txn~candidates-votes/2022/陳時中-village-votes-page-4.json;data/raw/openfun/tw.gov.cec~txn~candidates-votes/2022/蔣萬安-village-votes-page-4.json,matched,polling-station-single-village; polling-station-single-village
2022,中正區,龍興里,龍興里,陳時中,蔣萬安（不納入黃珊珊及其他候選人）,576,714,44.651163,55.348837,-10.697674,data/raw/openfun/tw.gov.cec~txn~candidates-votes/2022/陳時中-village-votes-page-4.json;data/raw/openfun/tw.gov.cec~txn~candidates-votes/2022/蔣萬安-village-votes-page-4.json,matched,polling-station-single-village; polling-station-single-village
2022,內湖區,大湖里,大湖里,陳時中,蔣萬安（不納入黃珊珊及其他候選人）,839,1240,40.355940,59.644060,-19.288119,data/raw/openfun/tw.gov.cec~txn~candidates-votes/2022/陳時中-village-votes-page-7.json;data/raw/openfun/tw.gov.cec~txn~candidates-votes/2022/蔣萬安-village-votes-page-7.json,matched,polling-station-single-village; polling-station-single-village
2022,內湖區,五分里,五分里,陳時中,蔣萬安（不納入黃珊珊及其他候選人）,1528,2001,43.298385,56.701615,-13.403230,data/raw/openfun/tw.gov.cec~txn~candidates-votes/2022/陳時中-village-votes-page-7.json;data/raw/openfun/tw.gov.cec~txn~candidates-votes/2022/蔣萬安-village-votes-page-7.json,matched,polling-station-single-village; polling-station-single-village
2022,內湖區,內湖里,內湖里,陳時中,蔣萬安（不納入黃珊珊及其他候選人）,990,1560,38.823529,61.176471,-22.352941,data/raw/openfun/tw.gov.cec~txn~candidates-votes/2022/陳時中-village-votes-page-7.json;data/raw/openfun/tw.gov.cec~txn~candidates-votes/2022/蔣萬安-village-votes-page-7.json,matched,polling-station-single-village; polling-station-single-village
2022,內湖區,內溝里,內溝里,陳時中,蔣萬安（不納入黃珊珊及其他候選人）,781,967,44.679634,55.320366,-10.640732,data/raw/openfun/tw.gov.cec~txn~candidates-votes/2022/陳時中-village-votes-page-7.json;data/raw/openfun/tw.gov.cec~txn~candidates-votes/2022/蔣萬安-village-votes-page-7.json,matched,polling-station-single-village; polling-station-single-village
2022,內湖區,石潭里,石潭里,陳時中,蔣萬安（不納入黃珊珊及其他候選人）,558,882,38.750000,61.250000,-22.500000,data/raw/openfun/tw.gov.cec~txn~candidates-votes/2022/陳時中-village-votes-page-7.json;data/raw/openfun/tw.gov.cec~txn~candidates-votes/2022/蔣萬安-village-votes-page-7.json,matched,polling-station-single-village; polling-station-single-village
2022,內湖區,安泰里,安泰里,陳時中,蔣萬安（不納入黃珊珊及其他候選人）,772,1197,39.207720,60.792280,-21.584561,data/raw/openfun/tw.gov.cec~txn~candidates-votes/2022/陳時中-village-votes-page-7.json;data/raw/openfun/tw.gov.cec~txn~candidates-votes/2022/蔣萬安-village-votes-page-7.json,matched,polling-station-single-village; polling-station-single-village
2022,內湖區,安湖里,安湖里,陳時中,蔣萬安（不納入黃珊珊及其他候選人）,1172,1566,42.804967,57.195033,-14.390066,data/raw/openfun/tw.gov.cec~txn~candidates-votes/2022/陳時中-village-votes-page-7.json;data/raw/openfun/tw.gov.cec~txn~candidates-votes/2022/蔣萬安-village-votes-page-7.json,matched,polling-station-single-village; polling-station-single-village
2022,內湖區,行善里,行善里,陳時中,蔣萬安（不納入黃珊珊及其他候選人）,1295,1544,45.614653,54.385347,-8.770694,data/raw/openfun/tw.gov.cec~txn~candidates-votes/2022/陳時中-village-votes-page-7.json;data/raw/openfun/tw.gov.cec~txn~candidates-votes/2022/蔣萬安-village-votes-page-7.json,matched,polling-station-single-village; polling-station-single-village
2022,內湖區,西安里,西安里,陳時中,蔣萬安（不納入黃珊珊及其他候選人）,1059,1529,40.919629,59.080371,-18.160742,data/raw/openfun/tw.gov.cec~txn~candidates-votes/2022/陳時中-village-votes-page-7.json;data/raw/openfun/tw.gov.cec~txn~candidates-votes/2022/蔣萬安-village-votes-page-7.json,matched,polling-station-single-village; polling-station-single-village
2022,內湖區,西康里,西康里,陳時中,蔣萬安（不納入黃珊珊及其他候選人）,1497,2279,39.645127,60.354873,-20.709746,data/raw/openfun/tw.gov.cec~txn~candidates-votes/2022/陳時中-village-votes-page-7.json;data/raw/openfun/tw.gov.cec~txn~candidates-votes/2022/蔣萬安-village-votes-page-7.json,matched,polling-station-single-village; polling-station-single-village
2022,內湖區,西湖里,西湖里,陳時中,蔣萬安（不納入黃珊珊及其他候選人）,1309,1510,46.434906,53.565094,-7.130188,data/raw/openfun/tw.gov.cec~txn~candidates-votes/2022/陳時中-village-votes-page-7.json;data/raw/openfun/tw.gov.cec~txn~candidates-votes/2022/蔣萬安-village-votes-page-7.json,matched,polling-station-single-village; polling-station-single-village
2022,內湖區,秀湖里,秀湖里,陳時中,蔣萬安（不納入黃珊珊及其他候選人）,911,1516,37.536053,62.463947,-24.927895,data/raw/openfun/tw.gov.cec~txn~candidates-votes/2022/陳時中-village-votes-page-7.json;data/raw/openfun/tw.gov.cec~txn~candidates-votes/2022/蔣萬安-village-votes-page-7.json,matched,polling-station-single-village; polling-station-single-village
2022,內湖區,明湖里,明湖里,陳時中,蔣萬安（不納入黃珊珊及其他候選人）,827,1106,42.783238,57.216762,-14.433523,data/raw/openfun/tw.gov.cec~txn~candidates-votes/2022/陳時中-village-votes-page-7.json;data/raw/openfun/tw.gov.cec~txn~candidates-votes/2022/蔣萬安-village-votes-page-7.json,matched,polling-station-single-village; polling-station-single-village
2022,內湖區,東湖里,東湖里,陳時中,蔣萬安（不納入黃珊珊及其他候選人）,1302,1675,43.735304,56.264696,-12.529392,data/raw/openfun/tw.gov.cec~txn~candidates-votes/2022/陳時中-village-votes-page-7.json;data/raw/openfun/tw.gov.cec~txn~candidates-votes/2022/蔣萬安-village-votes-page-7.json,matched,polling-station-single-village; polling-station-single-village
2022,內湖區,金湖里,金湖里,陳時中,蔣萬安（不納入黃珊珊及其他候選人）,1437,2226,39.230139,60.769861,-21.539722,data/raw/openfun/tw.gov.cec~txn~candidates-votes/2022/陳時中-village-votes-page-7.json;data/raw/openfun/tw.gov.cec~txn~candidates-votes/2022/蔣萬安-village-votes-page-7.json,matched,polling-station-single-village; polling-station-single-village
2022,內湖區,金瑞里,金瑞里,陳時中,蔣萬安（不納入黃珊珊及其他候選人）,1195,1486,44.572921,55.427079,-10.854159,data/raw/openfun/tw.gov.cec~txn~candidates-votes/2022/陳時中-village-votes-page-7.json;data/raw/openfun/tw.gov.cec~txn~candidates-votes/2022/蔣萬安-village-votes-page-7.json,matched,polling-station-single-village; polling-station-single-village
2022,內湖區,金龍里,金龍里,陳時中,蔣萬安（不納入黃珊珊及其他候選人）,874,1253,41.090738,58.909262,-17.818524,data/raw/openfun/tw.gov.cec~txn~candidates-votes/2022/陳時中-village-votes-page-7.json;data/raw/openfun/tw.gov.cec~txn~candidates-votes/2022/蔣萬安-village-votes-page-7.json,matched,polling-station-single-village; polling-station-single-village
2022,內湖區,南湖里,南湖里,陳時中,蔣萬安（不納入黃珊珊及其他候選人）,772,1237,38.427078,61.572922,-23.145844,data/raw/openfun/tw.gov.cec~txn~candidates-votes/2022/陳時中-village-votes-page-8.json;data/raw/openfun/tw.gov.cec~txn~candidates-votes/2022/蔣萬安-village-votes-page-8.json,matched,polling-station-single-village; polling-station-single-village
2022,內湖區,康寧里,康寧里,陳時中,蔣萬安（不納入黃珊珊及其他候選人）,1188,1991,37.370242,62.629758,-25.259516,data/raw/openfun/tw.gov.cec~txn~candidates-votes/2022/陳時中-village-votes-page-7.json;data/raw/openfun/tw.gov.cec~txn~candidates-votes/2022/蔣萬安-village-votes-page-7.json,matched,polling-station-single-village; polling-station-single-village
2022,內湖區,清白里,清白里,陳時中,蔣萬安（不納入黃珊珊及其他候選人）,1313,1998,39.655693,60.344307,-20.688614,data/raw/openfun/tw.gov.cec~txn~candidates-votes/2022/陳時中-village-votes-page-7.json;data/raw/openfun/tw.gov.cec~txn~candidates-votes/2022/蔣萬安-village-votes-page-7.json,matched,polling-station-single-village; polling-station-single-village
2022,內湖區,港都里,港都里,陳時中,蔣萬安（不納入黃珊珊及其他候選人）,953,1159,45.123106,54.876894,-9.753788,data/raw/openfun/tw.gov.cec~txn~candidates-votes/2022/陳時中-village-votes-page-7.json;data/raw/openfun/tw.gov.cec~txn~candidates-votes/2022/蔣萬安-village-votes-page-7.json,matched,polling-station-single-village; polling-station-single-village
2022,內湖區,港富里,港富里,陳時中,蔣萬安（不納入黃珊珊及其他候選人）,1625,1972,45.176536,54.823464,-9.646928,data/raw/openfun/tw.gov.cec~txn~candidates-votes/2022/陳時中-village-votes-page-7.json;data/raw/openfun/tw.gov.cec~txn~candidates-votes/2022/蔣萬安-village-votes-page-7.json,matched,polling-station-single-village; polling-station-single-village
2022,內湖區,港華里,港華里,陳時中,蔣萬安（不納入黃珊珊及其他候選人）,1451,2000,42.045784,57.954216,-15.908432,data/raw/openfun/tw.gov.cec~txn~candidates-votes/2022/陳時中-village-votes-page-7.json;data/raw/openfun/tw.gov.cec~txn~candidates-votes/2022/蔣萬安-village-votes-page-7.json,matched,polling-station-single-village; polling-station-single-village
2022,內湖區,港墘里,港墘里,陳時中,蔣萬安（不納入黃珊珊及其他候選人）,1034,1347,43.427131,56.572869,-13.145737,data/raw/openfun/tw.gov.cec~txn~candidates-votes/2022/陳時中-village-votes-page-7.json;data/raw/openfun/tw.gov.cec~txn~candidates-votes/2022/蔣萬安-village-votes-page-7.json,matched,polling-station-single-village; polling-station-single-village
2022,內湖區,湖元里,湖元里,陳時中,蔣萬安（不納入黃珊珊及其他候選人）,969,1222,44.226381,55.773619,-11.547239,data/raw/openfun/tw.gov.cec~txn~candidates-votes/2022/陳時中-village-votes-page-7.json;data/raw/openfun/tw.gov.cec~txn~candidates-votes/2022/蔣萬安-village-votes-page-7.json,matched,polling-station-single-village; polling-station-single-village
2022,內湖區,湖興里,湖興里,陳時中,蔣萬安（不納入黃珊珊及其他候選人）,1205,1549,43.754539,56.245461,-12.490922,data/raw/openfun/tw.gov.cec~txn~candidates-votes/2022/陳時中-village-votes-page-7.json;data/raw/openfun/tw.gov.cec~txn~candidates-votes/2022/蔣萬安-village-votes-page-7.json,matched,polling-station-single-village; polling-station-single-village
2022,內湖區,湖濱里,湖濱里,陳時中,蔣萬安（不納入黃珊珊及其他候選人）,1213,2145,36.122692,63.877308,-27.754616,data/raw/openfun/tw.gov.cec~txn~candidates-votes/2022/陳時中-village-votes-page-7.json;data/raw/openfun/tw.gov.cec~txn~candidates-votes/2022/蔣萬安-village-votes-page-7.json,matched,polling-station-single-village; polling-station-single-village
2022,內湖區,紫星里,紫星里,陳時中,蔣萬安（不納入黃珊珊及其他候選人）,1449,1785,44.805195,55.194805,-10.389610,data/raw/openfun/tw.gov.cec~txn~candidates-votes/2022/陳時中-village-votes-page-7.json;data/raw/openfun/tw.gov.cec~txn~candidates-votes/2022/蔣萬安-village-votes-page-7.json,matched,polling-station-single-village; polling-station-single-village
2022,內湖區,紫陽里,紫陽里,陳時中,蔣萬安（不納入黃珊珊及其他候選人）,1388,1847,42.905719,57.094281,-14.188563,data/raw/openfun/tw.gov.cec~txn~candidates-votes/2022/陳時中-village-votes-page-7.json;data/raw/openfun/tw.gov.cec~txn~candidates-votes/2022/蔣萬安-village-votes-page-7.json,matched,polling-station-single-village; polling-station-single-village
2022,內湖區,紫雲里,紫雲里,陳時中,蔣萬安（不納入黃珊珊及其他候選人）,746,1473,33.618747,66.381253,-32.762506,data/raw/openfun/tw.gov.cec~txn~candidates-votes/2022/陳時中-village-votes-page-7.json;data/raw/openfun/tw.gov.cec~txn~candidates-votes/2022/蔣萬安-village-votes-page-7.json,matched,polling-station-single-village; polling-station-single-village
2022,內湖區,週美里,週美里,陳時中,蔣萬安（不納入黃珊珊及其他候選人）,1609,1846,46.570188,53.429812,-6.859624,data/raw/openfun/tw.gov.cec~txn~candidates-votes/2022/陳時中-village-votes-page-7.json;data/raw/openfun/tw.gov.cec~txn~candidates-votes/2022/蔣萬安-village-votes-page-7.json,matched,polling-station-single-village; polling-station-single-village
2022,內湖區,瑞光里,瑞光里,陳時中,蔣萬安（不納入黃珊珊及其他候選人）,611,1165,34.403153,65.596847,-31.193694,data/raw/openfun/tw.gov.cec~txn~candidates-votes/2022/陳時中-village-votes-page-7.json;data/raw/openfun/tw.gov.cec~txn~candidates-votes/2022/蔣萬安-village-votes-page-7.json,matched,polling-station-single-village; polling-station-single-village
2022,內湖區,瑞陽里,瑞陽里,陳時中,蔣萬安（不納入黃珊珊及其他候選人）,1013,2180,31.725650,68.274350,-36.548700,data/raw/openfun/tw.gov.cec~txn~candidates-votes/2022/陳時中-village-votes-page-7.json;data/raw/openfun/tw.gov.cec~txn~candidates-votes/2022/蔣萬安-village-votes-page-7.json,matched,polling-station-single-village; polling-station-single-village
2022,內湖區,葫洲里,葫洲里,陳時中,蔣萬安（不納入黃珊珊及其他候選人）,880,1618,35.228183,64.771817,-29.543635,data/raw/openfun/tw.gov.cec~txn~candidates-votes/2022/陳時中-village-votes-page-7.json;data/raw/openfun/tw.gov.cec~txn~candidates-votes/2022/蔣萬安-village-votes-page-7.json,matched,polling-station-single-village; polling-station-single-village
2022,內湖區,碧山里,碧山里,陳時中,蔣萬安（不納入黃珊珊及其他候選人）,1112,1646,40.319072,59.680928,-19.361856,data/raw/openfun/tw.gov.cec~txn~candidates-votes/2022/陳時中-village-votes-page-7.json;data/raw/openfun/tw.gov.cec~txn~candidates-votes/2022/蔣萬安-village-votes-page-7.json,matched,polling-station-single-village; polling-station-single-village
2022,內湖區,樂康里,樂康里,陳時中,蔣萬安（不納入黃珊珊及其他候選人）,1187,1543,43.479853,56.520147,-13.040293,data/raw/openfun/tw.gov.cec~txn~candidates-votes/2022/陳時中-village-votes-page-7.json;data/raw/openfun/tw.gov.cec~txn~candidates-votes/2022/蔣萬安-village-votes-page-7.json,matched,polling-station-single-village; polling-station-single-village
2022,內湖區,麗山里,麗山里,陳時中,蔣萬安（不納入黃珊珊及其他候選人）,1083,1102,49.565217,50.434783,-0.869565,data/raw/openfun/tw.gov.cec~txn~candidates-votes/2022/陳時中-village-votes-page-7.json;data/raw/openfun/tw.gov.cec~txn~candidates-votes/2022/蔣萬安-village-votes-page-7.json,matched,polling-station-single-village; polling-station-single-village
2022,內湖區,寶湖里,寶湖里,陳時中,蔣萬安（不納入黃珊珊及其他候選人）,1369,2259,37.734289,62.265711,-24.531422,data/raw/openfun/tw.gov.cec~txn~candidates-votes/2022/陳時中-village-votes-page-7.json;data/raw/openfun/tw.gov.cec~txn~candidates-votes/2022/陳時中-village-votes-page-8.json;data/raw/openfun/tw.gov.cec~txn~candidates-votes/2022/蔣萬安-village-votes-page-7.json;data/raw/openfun/tw.gov.cec~txn~candidates-votes/2022/蔣萬安-village-votes-page-8.json,matched,polling-station-single-village; polling-station-single-village
2022,內湖區,蘆洲里,蘆洲里,陳時中,蔣萬安（不納入黃珊珊及其他候選人）,210,221,48.723898,51.276102,-2.552204,data/raw/openfun/tw.gov.cec~txn~candidates-votes/2022/陳時中-village-votes-page-7.json;data/raw/openfun/tw.gov.cec~txn~candidates-votes/2022/蔣萬安-village-votes-page-7.json,matched,polling-station-single-village; polling-station-single-village
2022,文山區,木柵里,木柵里,陳時中,蔣萬安（不納入黃珊珊及其他候選人）,1111,2741,28.842160,71.157840,-42.315680,data/raw/openfun/tw.gov.cec~txn~candidates-votes/2022/陳時中-village-votes-page-6.json;data/raw/openfun/tw.gov.cec~txn~candidates-votes/2022/蔣萬安-village-votes-page-6.json,matched,polling-station-single-village; polling-station-single-village
2022,文山區,木新里,木新里,陳時中,蔣萬安（不納入黃珊珊及其他候選人）,1426,2149,39.888112,60.111888,-20.223776,data/raw/openfun/tw.gov.cec~txn~candidates-votes/2022/陳時中-village-votes-page-6.json;data/raw/openfun/tw.gov.cec~txn~candidates-votes/2022/蔣萬安-village-votes-page-6.json,matched,polling-station-single-village; polling-station-single-village
2022,文山區,老泉里,老泉里,陳時中,蔣萬安（不納入黃珊珊及其他候選人）,242,169,58.880779,41.119221,17.761557,data/raw/openfun/tw.gov.cec~txn~candidates-votes/2022/陳時中-village-votes-page-6.json;data/raw/openfun/tw.gov.cec~txn~candidates-votes/2022/蔣萬安-village-votes-page-6.json,matched,polling-station-single-village; polling-station-single-village
2022,文山區,忠順里,忠順里,陳時中,蔣萬安（不納入黃珊珊及其他候選人）,523,1287,28.895028,71.104972,-42.209945,data/raw/openfun/tw.gov.cec~txn~candidates-votes/2022/陳時中-village-votes-page-6.json;data/raw/openfun/tw.gov.cec~txn~candidates-votes/2022/蔣萬安-village-votes-page-6.json,matched,polling-station-single-village; polling-station-single-village
2022,文山區,明義里,明義里,陳時中,蔣萬安（不納入黃珊珊及其他候選人）,480,1031,31.767042,68.232958,-36.465917,data/raw/openfun/tw.gov.cec~txn~candidates-votes/2022/陳時中-village-votes-page-6.json;data/raw/openfun/tw.gov.cec~txn~candidates-votes/2022/蔣萬安-village-votes-page-6.json,matched,polling-station-single-village; polling-station-single-village
2022,文山區,明興里,明興里,陳時中,蔣萬安（不納入黃珊珊及其他候選人）,912,1783,33.840445,66.159555,-32.319109,data/raw/openfun/tw.gov.cec~txn~candidates-votes/2022/陳時中-village-votes-page-6.json;data/raw/openfun/tw.gov.cec~txn~candidates-votes/2022/蔣萬安-village-votes-page-6.json,matched,polling-station-single-village; polling-station-single-village
2022,文山區,指南里,指南里,陳時中,蔣萬安（不納入黃珊珊及其他候選人）,680,910,42.767296,57.232704,-14.465409,data/raw/openfun/tw.gov.cec~txn~candidates-votes/2022/陳時中-village-votes-page-6.json;data/raw/openfun/tw.gov.cec~txn~candidates-votes/2022/蔣萬安-village-votes-page-6.json,matched,polling-station-single-village; polling-station-single-village
2022,文山區,政大里,政大里,陳時中,蔣萬安（不納入黃珊珊及其他候選人）,1063,1840,36.617292,63.382708,-26.765415,data/raw/openfun/tw.gov.cec~txn~candidates-votes/2022/陳時中-village-votes-page-6.json;data/raw/openfun/tw.gov.cec~txn~candidates-votes/2022/蔣萬安-village-votes-page-6.json,matched,polling-station-single-village; polling-station-single-village
2022,文山區,博嘉里,博嘉里,陳時中,蔣萬安（不納入黃珊珊及其他候選人）,884,1490,37.236731,62.763269,-25.526537,data/raw/openfun/tw.gov.cec~txn~candidates-votes/2022/陳時中-village-votes-page-6.json;data/raw/openfun/tw.gov.cec~txn~candidates-votes/2022/蔣萬安-village-votes-page-6.json,matched,polling-station-single-village; polling-station-single-village
2022,文山區,景仁里,景仁里,陳時中,蔣萬安（不納入黃珊珊及其他候選人）,792,1520,34.256055,65.743945,-31.487889,data/raw/openfun/tw.gov.cec~txn~candidates-votes/2022/陳時中-village-votes-page-6.json;data/raw/openfun/tw.gov.cec~txn~candidates-votes/2022/蔣萬安-village-votes-page-6.json,matched,polling-station-single-village; polling-station-single-village
2022,文山區,景行里,景行里,陳時中,蔣萬安（不納入黃珊珊及其他候選人）,1245,1657,42.901447,57.098553,-14.197105,data/raw/openfun/tw.gov.cec~txn~candidates-votes/2022/陳時中-village-votes-page-5.json;data/raw/openfun/tw.gov.cec~txn~candidates-votes/2022/蔣萬安-village-votes-page-5.json,matched,polling-station-single-village; polling-station-single-village
2022,文山區,景東里,景東里,陳時中,蔣萬安（不納入黃珊珊及其他候選人）,883,1862,32.167577,67.832423,-35.664845,data/raw/openfun/tw.gov.cec~txn~candidates-votes/2022/陳時中-village-votes-page-5.json;data/raw/openfun/tw.gov.cec~txn~candidates-votes/2022/蔣萬安-village-votes-page-5.json,matched,polling-station-single-village; polling-station-single-village
2022,文山區,景美里,景美里,陳時中,蔣萬安（不納入黃珊珊及其他候選人）,810,1250,39.320388,60.679612,-21.359223,data/raw/openfun/tw.gov.cec~txn~candidates-votes/2022/陳時中-village-votes-page-5.json;data/raw/openfun/tw.gov.cec~txn~candidates-votes/2022/蔣萬安-village-votes-page-5.json,matched,polling-station-single-village; polling-station-single-village
2022,文山區,景華里,景華里,陳時中,蔣萬安（不納入黃珊珊及其他候選人）,810,1461,35.667107,64.332893,-28.665786,data/raw/openfun/tw.gov.cec~txn~candidates-votes/2022/陳時中-village-votes-page-6.json;data/raw/openfun/tw.gov.cec~txn~candidates-votes/2022/蔣萬安-village-votes-page-6.json,matched,polling-station-single-village; polling-station-single-village
2022,文山區,景慶里,景慶里,陳時中,蔣萬安（不納入黃珊珊及其他候選人）,928,1603,36.665350,63.334650,-26.669301,data/raw/openfun/tw.gov.cec~txn~candidates-votes/2022/陳時中-village-votes-page-5.json;data/raw/openfun/tw.gov.cec~txn~candidates-votes/2022/陳時中-village-votes-page-6.json;data/raw/openfun/tw.gov.cec~txn~candidates-votes/2022/蔣萬安-village-votes-page-5.json;data/raw/openfun/tw.gov.cec~txn~candidates-votes/2022/蔣萬安-village-votes-page-6.json,matched,polling-station-single-village; polling-station-single-village
2022,文山區,華興里,華興里,陳時中,蔣萬安（不納入黃珊珊及其他候選人）,1171,2429,32.527778,67.472222,-34.944444,data/raw/openfun/tw.gov.cec~txn~candidates-votes/2022/陳時中-village-votes-page-6.json;data/raw/openfun/tw.gov.cec~txn~candidates-votes/2022/蔣萬安-village-votes-page-6.json,matched,polling-station-single-village; polling-station-single-village
2022,文山區,順興里,順興里,陳時中,蔣萬安（不納入黃珊珊及其他候選人）,1078,1902,36.174497,63.825503,-27.651007,data/raw/openfun/tw.gov.cec~txn~candidates-votes/2022/陳時中-village-votes-page-6.json;data/raw/openfun/tw.gov.cec~txn~candidates-votes/2022/蔣萬安-village-votes-page-6.json,matched,polling-station-single-village; polling-station-single-village
2022,文山區,萬年里,萬年里,陳時中,蔣萬安（不納入黃珊珊及其他候選人）,861,1289,40.046512,59.953488,-19.906977,data/raw/openfun/tw.gov.cec~txn~candidates-votes/2022/陳時中-village-votes-page-6.json;data/raw/openfun/tw.gov.cec~txn~candidates-votes/2022/蔣萬安-village-votes-page-6.json,matched,polling-station-single-village; polling-station-single-village
2022,文山區,萬有里,萬有里,陳時中,蔣萬安（不納入黃珊珊及其他候選人）,822,1465,35.942282,64.057718,-28.115435,data/raw/openfun/tw.gov.cec~txn~candidates-votes/2022/陳時中-village-votes-page-6.json;data/raw/openfun/tw.gov.cec~txn~candidates-votes/2022/蔣萬安-village-votes-page-6.json,matched,polling-station-single-village; polling-station-single-village
2022,文山區,萬和里,萬和里,陳時中,蔣萬安（不納入黃珊珊及其他候選人）,361,1066,25.297828,74.702172,-49.404345,data/raw/openfun/tw.gov.cec~txn~candidates-votes/2022/陳時中-village-votes-page-6.json;data/raw/openfun/tw.gov.cec~txn~candidates-votes/2022/蔣萬安-village-votes-page-6.json,matched,polling-station-single-village; polling-station-single-village
2022,文山區,萬芳里,萬芳里,陳時中,蔣萬安（不納入黃珊珊及其他候選人）,1014,2119,32.365145,67.634855,-35.269710,data/raw/openfun/tw.gov.cec~txn~candidates-votes/2022/陳時中-village-votes-page-6.json;data/raw/openfun/tw.gov.cec~txn~candidates-votes/2022/蔣萬安-village-votes-page-6.json,matched,polling-station-single-village; polling-station-single-village
2022,文山區,萬美里,萬美里,陳時中,蔣萬安（不納入黃珊珊及其他候選人）,957,1949,32.931865,67.068135,-34.136270,data/raw/openfun/tw.gov.cec~txn~candidates-votes/2022/陳時中-village-votes-page-6.json;data/raw/openfun/tw.gov.cec~txn~candidates-votes/2022/蔣萬安-village-votes-page-6.json,matched,polling-station-single-village; polling-station-single-village
2022,文山區,萬盛里,萬盛里,陳時中,蔣萬安（不納入黃珊珊及其他候選人）,712,1225,36.757873,63.242127,-26.484254,data/raw/openfun/tw.gov.cec~txn~candidates-votes/2022/陳時中-village-votes-page-6.json;data/raw/openfun/tw.gov.cec~txn~candidates-votes/2022/蔣萬安-village-votes-page-6.json,matched,polling-station-single-village; polling-station-single-village
2022,文山區,萬祥里,萬祥里,陳時中,蔣萬安（不納入黃珊珊及其他候選人）,735,1073,40.652655,59.347345,-18.694690,data/raw/openfun/tw.gov.cec~txn~candidates-votes/2022/陳時中-village-votes-page-6.json;data/raw/openfun/tw.gov.cec~txn~candidates-votes/2022/蔣萬安-village-votes-page-6.json,matched,polling-station-single-village; polling-station-single-village
2022,文山區,萬隆里,萬隆里,陳時中,蔣萬安（不納入黃珊珊及其他候選人）,1018,1945,34.357071,65.642929,-31.285859,data/raw/openfun/tw.gov.cec~txn~candidates-votes/2022/陳時中-village-votes-page-6.json;data/raw/openfun/tw.gov.cec~txn~candidates-votes/2022/蔣萬安-village-votes-page-6.json,matched,polling-station-single-village; polling-station-single-village
2022,文山區,萬興里,萬興里,陳時中,蔣萬安（不納入黃珊珊及其他候選人）,1313,2031,39.264354,60.735646,-21.471292,data/raw/openfun/tw.gov.cec~txn~candidates-votes/2022/陳時中-village-votes-page-6.json;data/raw/openfun/tw.gov.cec~txn~candidates-votes/2022/蔣萬安-village-votes-page-6.json,matched,polling-station-single-village; polling-station-single-village
2022,文山區,試院里,試院里,陳時中,蔣萬安（不納入黃珊珊及其他候選人）,856,1968,30.311615,69.688385,-39.376771,data/raw/openfun/tw.gov.cec~txn~candidates-votes/2022/陳時中-village-votes-page-6.json;data/raw/openfun/tw.gov.cec~txn~candidates-votes/2022/蔣萬安-village-votes-page-6.json,matched,polling-station-single-village; polling-station-single-village
2022,文山區,樟文里,樟文里,陳時中,蔣萬安（不納入黃珊珊及其他候選人）,969,1598,37.748344,62.251656,-24.503311,data/raw/openfun/tw.gov.cec~txn~candidates-votes/2022/陳時中-village-votes-page-6.json;data/raw/openfun/tw.gov.cec~txn~candidates-votes/2022/蔣萬安-village-votes-page-6.json,matched,polling-station-single-village; polling-station-single-village
2022,文山區,樟林里,樟林里,陳時中,蔣萬安（不納入黃珊珊及其他候選人）,1073,2277,32.029851,67.970149,-35.940299,data/raw/openfun/tw.gov.cec~txn~candidates-votes/2022/陳時中-village-votes-page-6.json;data/raw/openfun/tw.gov.cec~txn~candidates-votes/2022/蔣萬安-village-votes-page-6.json,matched,polling-station-single-village; polling-station-single-village
2022,文山區,樟新里,樟新里,陳時中,蔣萬安（不納入黃珊珊及其他候選人）,720,1501,32.417830,67.582170,-35.164340,data/raw/openfun/tw.gov.cec~txn~candidates-votes/2022/陳時中-village-votes-page-6.json;data/raw/openfun/tw.gov.cec~txn~candidates-votes/2022/蔣萬安-village-votes-page-6.json,matched,polling-station-single-village; polling-station-single-village
2022,文山區,樟腳里,樟腳里,陳時中,蔣萬安（不納入黃珊珊及其他候選人）,813,1414,36.506511,63.493489,-26.986978,data/raw/openfun/tw.gov.cec~txn~candidates-votes/2022/陳時中-village-votes-page-6.json;data/raw/openfun/tw.gov.cec~txn~candidates-votes/2022/蔣萬安-village-votes-page-6.json,matched,polling-station-single-village; polling-station-single-village
2022,文山區,樟樹里,樟樹里,陳時中,蔣萬安（不納入黃珊珊及其他候選人）,719,1198,37.506521,62.493479,-24.986959,data/raw/openfun/tw.gov.cec~txn~candidates-votes/2022/陳時中-village-votes-page-6.json;data/raw/openfun/tw.gov.cec~txn~candidates-votes/2022/蔣萬安-village-votes-page-6.json,matched,polling-station-single-village; polling-station-single-village
2022,文山區,興光里,興光里,陳時中,蔣萬安（不納入黃珊珊及其他候選人）,488,1015,32.468397,67.531603,-35.063207,data/raw/openfun/tw.gov.cec~txn~candidates-votes/2022/陳時中-village-votes-page-6.json;data/raw/openfun/tw.gov.cec~txn~candidates-votes/2022/蔣萬安-village-votes-page-6.json,matched,polling-station-single-village; polling-station-single-village
2022,文山區,興安里,興安里,陳時中,蔣萬安（不納入黃珊珊及其他候選人）,900,2005,30.981067,69.018933,-38.037866,data/raw/openfun/tw.gov.cec~txn~candidates-votes/2022/陳時中-village-votes-page-6.json;data/raw/openfun/tw.gov.cec~txn~candidates-votes/2022/蔣萬安-village-votes-page-6.json,matched,polling-station-single-village; polling-station-single-village
2022,文山區,興邦里,興邦里,陳時中,蔣萬安（不納入黃珊珊及其他候選人）,558,1514,26.930502,73.069498,-46.138996,data/raw/openfun/tw.gov.cec~txn~candidates-votes/2022/陳時中-village-votes-page-6.json;data/raw/openfun/tw.gov.cec~txn~candidates-votes/2022/蔣萬安-village-votes-page-6.json,matched,polling-station-single-village; polling-station-single-village
2022,文山區,興旺里,興旺里,陳時中,蔣萬安（不納入黃珊珊及其他候選人）,979,2376,29.180328,70.819672,-41.639344,data/raw/openfun/tw.gov.cec~txn~candidates-votes/2022/陳時中-village-votes-page-6.json;data/raw/openfun/tw.gov.cec~txn~candidates-votes/2022/蔣萬安-village-votes-page-6.json,matched,polling-station-single-village; polling-station-single-village
2022,文山區,興昌里,興昌里,陳時中,蔣萬安（不納入黃珊珊及其他候選人）,877,1744,33.460511,66.539489,-33.078977,data/raw/openfun/tw.gov.cec~txn~candidates-votes/2022/陳時中-village-votes-page-6.json;data/raw/openfun/tw.gov.cec~txn~candidates-votes/2022/蔣萬安-village-votes-page-6.json,matched,polling-station-single-village; polling-station-single-village
2022,文山區,興家里,興家里,陳時中,蔣萬安（不納入黃珊珊及其他候選人）,933,2097,30.792079,69.207921,-38.415842,data/raw/openfun/tw.gov.cec~txn~candidates-votes/2022/陳時中-village-votes-page-6.json;data/raw/openfun/tw.gov.cec~txn~candidates-votes/2022/蔣萬安-village-votes-page-6.json,matched,polling-station-single-village; polling-station-single-village
2022,文山區,興泰里,興泰里,陳時中,蔣萬安（不納入黃珊珊及其他候選人）,617,1147,34.977324,65.022676,-30.045351,data/raw/openfun/tw.gov.cec~txn~candidates-votes/2022/陳時中-village-votes-page-6.json;data/raw/openfun/tw.gov.cec~txn~candidates-votes/2022/蔣萬安-village-votes-page-6.json,matched,polling-station-single-village; polling-station-single-village
2022,文山區,興得里,興得里,陳時中,蔣萬安（不納入黃珊珊及其他候選人）,799,1669,32.374392,67.625608,-35.251216,data/raw/openfun/tw.gov.cec~txn~candidates-votes/2022/陳時中-village-votes-page-6.json;data/raw/openfun/tw.gov.cec~txn~candidates-votes/2022/蔣萬安-village-votes-page-6.json,matched,polling-station-single-village; polling-station-single-village
2022,文山區,興業里,興業里,陳時中,蔣萬安（不納入黃珊珊及其他候選人）,652,1575,29.277054,70.722946,-41.445891,data/raw/openfun/tw.gov.cec~txn~candidates-votes/2022/陳時中-village-votes-page-6.json;data/raw/openfun/tw.gov.cec~txn~candidates-votes/2022/蔣萬安-village-votes-page-6.json,matched,polling-station-single-village; polling-station-single-village
2022,文山區,興福里,興福里,陳時中,蔣萬安（不納入黃珊珊及其他候選人）,880,1389,38.783605,61.216395,-22.432790,data/raw/openfun/tw.gov.cec~txn~candidates-votes/2022/陳時中-village-votes-page-6.json;data/raw/openfun/tw.gov.cec~txn~candidates-votes/2022/蔣萬安-village-votes-page-6.json,matched,polling-station-single-village; polling-station-single-village
2022,文山區,興豐里,興豐里,陳時中,蔣萬安（不納入黃珊珊及其他候選人）,749,1287,36.787819,63.212181,-26.424361,data/raw/openfun/tw.gov.cec~txn~candidates-votes/2022/陳時中-village-votes-page-6.json;data/raw/openfun/tw.gov.cec~txn~candidates-votes/2022/蔣萬安-village-votes-page-6.json,matched,polling-station-single-village; polling-station-single-village
2022,北投區,一德里,一德里,陳時中,蔣萬安（不納入黃珊珊及其他候選人）,1549,1405,52.437373,47.562627,4.874746,data/raw/openfun/tw.gov.cec~txn~candidates-votes/2022/陳時中-village-votes-page-9.json;data/raw/openfun/tw.gov.cec~txn~candidates-votes/2022/蔣萬安-village-votes-page-9.json,matched,polling-station-single-village; polling-station-single-village
2022,北投區,八仙里,八仙里,陳時中,蔣萬安（不納入黃珊珊及其他候選人）,1048,1075,49.364107,50.635893,-1.271785,data/raw/openfun/tw.gov.cec~txn~candidates-votes/2022/陳時中-village-votes-page-9.json;data/raw/openfun/tw.gov.cec~txn~candidates-votes/2022/蔣萬安-village-votes-page-9.json,matched,polling-station-single-village; polling-station-single-village
2022,北投區,大屯里,大屯里,陳時中,蔣萬安（不納入黃珊珊及其他候選人）,328,203,61.770245,38.229755,23.540490,data/raw/openfun/tw.gov.cec~txn~candidates-votes/2022/陳時中-village-votes-page-9.json;data/raw/openfun/tw.gov.cec~txn~candidates-votes/2022/蔣萬安-village-votes-page-9.json,matched,polling-station-single-village; polling-station-single-village
2022,北投區,大同里,大同里,陳時中,蔣萬安（不納入黃珊珊及其他候選人）,1199,1060,53.076583,46.923417,6.153165,data/raw/openfun/tw.gov.cec~txn~candidates-votes/2022/陳時中-village-votes-page-9.json;data/raw/openfun/tw.gov.cec~txn~candidates-votes/2022/蔣萬安-village-votes-page-9.json,matched,polling-station-single-village; polling-station-single-village
2022,北投區,中心里,中心里,陳時中,蔣萬安（不納入黃珊珊及其他候選人）,1141,1334,46.101010,53.898990,-7.797980,data/raw/openfun/tw.gov.cec~txn~candidates-votes/2022/陳時中-village-votes-page-9.json;data/raw/openfun/tw.gov.cec~txn~candidates-votes/2022/蔣萬安-village-votes-page-9.json,matched,polling-station-single-village; polling-station-single-village
2022,北投區,中央里,中央里,陳時中,蔣萬安（不納入黃珊珊及其他候選人）,1667,1513,52.421384,47.578616,4.842767,data/raw/openfun/tw.gov.cec~txn~candidates-votes/2022/陳時中-village-votes-page-9.json;data/raw/openfun/tw.gov.cec~txn~candidates-votes/2022/蔣萬安-village-votes-page-9.json,matched,polling-station-single-village; polling-station-single-village
2022,北投區,中和里,中和里,陳時中,蔣萬安（不納入黃珊珊及其他候選人）,927,1103,45.665025,54.334975,-8.669951,data/raw/openfun/tw.gov.cec~txn~candidates-votes/2022/陳時中-village-votes-page-9.json;data/raw/openfun/tw.gov.cec~txn~candidates-votes/2022/蔣萬安-village-votes-page-9.json,matched,polling-station-single-village; polling-station-single-village
2022,北投區,中庸里,中庸里,陳時中,蔣萬安（不納入黃珊珊及其他候選人）,784,793,49.714648,50.285352,-0.570704,data/raw/openfun/tw.gov.cec~txn~candidates-votes/2022/陳時中-village-votes-page-9.json;data/raw/openfun/tw.gov.cec~txn~candidates-votes/2022/蔣萬安-village-votes-page-9.json,matched,polling-station-single-village; polling-station-single-village
2022,北投區,文化里,文化里,陳時中,蔣萬安（不納入黃珊珊及其他候選人）,479,1246,27.768116,72.231884,-44.463768,data/raw/openfun/tw.gov.cec~txn~candidates-votes/2022/陳時中-village-votes-page-9.json;data/raw/openfun/tw.gov.cec~txn~candidates-votes/2022/蔣萬安-village-votes-page-9.json,matched,polling-station-single-village; polling-station-single-village
2022,北投區,文林里,文林里,陳時中,蔣萬安（不納入黃珊珊及其他候選人）,967,834,53.692393,46.307607,7.384786,data/raw/openfun/tw.gov.cec~txn~candidates-votes/2022/陳時中-village-votes-page-8.json;data/raw/openfun/tw.gov.cec~txn~candidates-votes/2022/蔣萬安-village-votes-page-8.json,matched,polling-station-single-village; polling-station-single-village
2022,北投區,永和里,永和里,陳時中,蔣萬安（不納入黃珊珊及其他候選人）,1877,1939,49.187631,50.812369,-1.624738,data/raw/openfun/tw.gov.cec~txn~candidates-votes/2022/陳時中-village-votes-page-9.json;data/raw/openfun/tw.gov.cec~txn~candidates-votes/2022/蔣萬安-village-votes-page-9.json,matched,polling-station-single-village; polling-station-single-village
2022,北投區,永明里,永明里,陳時中,蔣萬安（不納入黃珊珊及其他候選人）,837,1073,43.821990,56.178010,-12.356021,data/raw/openfun/tw.gov.cec~txn~candidates-votes/2022/陳時中-village-votes-page-9.json;data/raw/openfun/tw.gov.cec~txn~candidates-votes/2022/蔣萬安-village-votes-page-9.json,matched,polling-station-single-village; polling-station-single-village
2022,北投區,永欣里,永欣里,陳時中,蔣萬安（不納入黃珊珊及其他候選人）,1395,1778,43.964702,56.035298,-12.070596,data/raw/openfun/tw.gov.cec~txn~candidates-votes/2022/陳時中-village-votes-page-9.json;data/raw/openfun/tw.gov.cec~txn~candidates-votes/2022/蔣萬安-village-votes-page-9.json,matched,polling-station-single-village; polling-station-single-village
2022,北投區,石牌里,石牌里,陳時中,蔣萬安（不納入黃珊珊及其他候選人）,1092,1065,50.625869,49.374131,1.251739,data/raw/openfun/tw.gov.cec~txn~candidates-votes/2022/陳時中-village-votes-page-8.json;data/raw/openfun/tw.gov.cec~txn~candidates-votes/2022/蔣萬安-village-votes-page-8.json,matched,polling-station-single-village; polling-station-single-village
2022,北投區,立農里,立農里,陳時中,蔣萬安（不納入黃珊珊及其他候選人）,1737,1816,48.888263,51.111737,-2.223473,data/raw/openfun/tw.gov.cec~txn~candidates-votes/2022/陳時中-village-votes-page-9.json;data/raw/openfun/tw.gov.cec~txn~candidates-votes/2022/蔣萬安-village-votes-page-9.json,matched,polling-station-single-village; polling-station-single-village
2022,北投區,立賢里,立賢里,陳時中,蔣萬安（不納入黃珊珊及其他候選人）,1044,1128,48.066298,51.933702,-3.867403,data/raw/openfun/tw.gov.cec~txn~candidates-votes/2022/陳時中-village-votes-page-9.json;data/raw/openfun/tw.gov.cec~txn~candidates-votes/2022/蔣萬安-village-votes-page-9.json,matched,polling-station-single-village; polling-station-single-village
2022,北投區,吉利里,吉利里,陳時中,蔣萬安（不納入黃珊珊及其他候選人）,1108,1565,41.451553,58.548447,-17.096895,data/raw/openfun/tw.gov.cec~txn~candidates-votes/2022/陳時中-village-votes-page-9.json;data/raw/openfun/tw.gov.cec~txn~candidates-votes/2022/蔣萬安-village-votes-page-9.json,matched,polling-station-single-village; polling-station-single-village
2022,北投區,吉慶里,吉慶里,陳時中,蔣萬安（不納入黃珊珊及其他候選人）,1027,961,51.659960,48.340040,3.319920,data/raw/openfun/tw.gov.cec~txn~candidates-votes/2022/陳時中-village-votes-page-9.json;data/raw/openfun/tw.gov.cec~txn~candidates-votes/2022/蔣萬安-village-votes-page-9.json,matched,polling-station-single-village; polling-station-single-village
2022,北投區,秀山里,秀山里,陳時中,蔣萬安（不納入黃珊珊及其他候選人）,599,748,44.469191,55.530809,-11.061618,data/raw/openfun/tw.gov.cec~txn~candidates-votes/2022/陳時中-village-votes-page-9.json;data/raw/openfun/tw.gov.cec~txn~candidates-votes/2022/蔣萬安-village-votes-page-9.json,matched,polling-station-single-village; polling-station-single-village
2022,北投區,奇岩里,奇岩里,陳時中,蔣萬安（不納入黃珊珊及其他候選人）,2180,2413,47.463531,52.536469,-5.072937,data/raw/openfun/tw.gov.cec~txn~candidates-votes/2022/陳時中-village-votes-page-9.json;data/raw/openfun/tw.gov.cec~txn~candidates-votes/2022/蔣萬安-village-votes-page-9.json,matched,polling-station-single-village; polling-station-single-village
2022,北投區,東華里,東華里,陳時中,蔣萬安（不納入黃珊珊及其他候選人）,768,1124,40.591966,59.408034,-18.816068,data/raw/openfun/tw.gov.cec~txn~candidates-votes/2022/陳時中-village-votes-page-9.json;data/raw/openfun/tw.gov.cec~txn~candidates-votes/2022/蔣萬安-village-votes-page-9.json,matched,polling-station-single-village; polling-station-single-village
2022,北投區,林泉里,林泉里,陳時中,蔣萬安（不納入黃珊珊及其他候選人）,458,668,40.674956,59.325044,-18.650089,data/raw/openfun/tw.gov.cec~txn~candidates-votes/2022/陳時中-village-votes-page-9.json;data/raw/openfun/tw.gov.cec~txn~candidates-votes/2022/蔣萬安-village-votes-page-9.json,matched,polling-station-single-village; polling-station-single-village
2022,北投區,長安里,長安里,陳時中,蔣萬安（不納入黃珊珊及其他候選人）,1163,1223,48.742666,51.257334,-2.514669,data/raw/openfun/tw.gov.cec~txn~candidates-votes/2022/陳時中-village-votes-page-9.json;data/raw/openfun/tw.gov.cec~txn~candidates-votes/2022/蔣萬安-village-votes-page-9.json,matched,polling-station-single-village; polling-station-single-village
2022,北投區,建民里,建民里,陳時中,蔣萬安（不納入黃珊珊及其他候選人）,1023,910,52.922918,47.077082,5.845835,data/raw/openfun/tw.gov.cec~txn~candidates-votes/2022/陳時中-village-votes-page-8.json;data/raw/openfun/tw.gov.cec~txn~candidates-votes/2022/蔣萬安-village-votes-page-8.json,matched,polling-station-single-village; polling-station-single-village
2022,北投區,泉源里,泉源里,陳時中,蔣萬安（不納入黃珊珊及其他候選人）,499,439,53.198294,46.801706,6.396588,data/raw/openfun/tw.gov.cec~txn~candidates-votes/2022/陳時中-village-votes-page-9.json;data/raw/openfun/tw.gov.cec~txn~candidates-votes/2022/蔣萬安-village-votes-page-9.json,matched,polling-station-single-village; polling-station-single-village
2022,北投區,洲美里,洲美里,陳時中,蔣萬安（不納入黃珊珊及其他候選人）,642,376,63.064833,36.935167,26.129666,data/raw/openfun/tw.gov.cec~txn~candidates-votes/2022/陳時中-village-votes-page-9.json;data/raw/openfun/tw.gov.cec~txn~candidates-votes/2022/蔣萬安-village-votes-page-9.json,matched,polling-station-single-village; polling-station-single-village
2022,北投區,振華里,振華里,陳時中,蔣萬安（不納入黃珊珊及其他候選人）,1319,1705,43.617725,56.382275,-12.764550,data/raw/openfun/tw.gov.cec~txn~candidates-votes/2022/陳時中-village-votes-page-9.json;data/raw/openfun/tw.gov.cec~txn~candidates-votes/2022/蔣萬安-village-votes-page-9.json,matched,polling-station-single-village; polling-station-single-village
2022,北投區,桃源里,桃源里,陳時中,蔣萬安（不納入黃珊珊及其他候選人）,1282,1248,50.671937,49.328063,1.343874,data/raw/openfun/tw.gov.cec~txn~candidates-votes/2022/陳時中-village-votes-page-9.json;data/raw/openfun/tw.gov.cec~txn~candidates-votes/2022/蔣萬安-village-votes-page-9.json,matched,polling-station-single-village; polling-station-single-village
2022,北投區,清江里,清江里,陳時中,蔣萬安（不納入黃珊珊及其他候選人）,1791,1843,49.284535,50.715465,-1.430930,data/raw/openfun/tw.gov.cec~txn~candidates-votes/2022/陳時中-village-votes-page-9.json;data/raw/openfun/tw.gov.cec~txn~candidates-votes/2022/蔣萬安-village-votes-page-9.json,matched,polling-station-single-village; polling-station-single-village
2022,北投區,尊賢里,尊賢里,陳時中,蔣萬安（不納入黃珊珊及其他候選人）,1066,833,56.134808,43.865192,12.269616,data/raw/openfun/tw.gov.cec~txn~candidates-votes/2022/陳時中-village-votes-page-9.json;data/raw/openfun/tw.gov.cec~txn~candidates-votes/2022/蔣萬安-village-votes-page-9.json,matched,polling-station-single-village; polling-station-single-village
2022,北投區,智仁里,智仁里,陳時中,蔣萬安（不納入黃珊珊及其他候選人）,1078,1390,43.679092,56.320908,-12.641815,data/raw/openfun/tw.gov.cec~txn~candidates-votes/2022/陳時中-village-votes-page-9.json;data/raw/openfun/tw.gov.cec~txn~candidates-votes/2022/蔣萬安-village-votes-page-9.json,matched,polling-station-single-village; polling-station-single-village
2022,北投區,湖山里,湖山里,陳時中,蔣萬安（不納入黃珊珊及其他候選人）,341,364,48.368794,51.631206,-3.262411,data/raw/openfun/tw.gov.cec~txn~candidates-votes/2022/陳時中-village-votes-page-9.json;data/raw/openfun/tw.gov.cec~txn~candidates-votes/2022/蔣萬安-village-votes-page-9.json,matched,polling-station-single-village; polling-station-single-village
2022,北投區,湖田里,湖田里,陳時中,蔣萬安（不納入黃珊珊及其他候選人）,164,213,43.501326,56.498674,-12.997347,data/raw/openfun/tw.gov.cec~txn~candidates-votes/2022/陳時中-village-votes-page-9.json;data/raw/openfun/tw.gov.cec~txn~candidates-votes/2022/蔣萬安-village-votes-page-9.json,matched,polling-station-single-village; polling-station-single-village
2022,北投區,開明里,開明里,陳時中,蔣萬安（不納入黃珊珊及其他候選人）,1242,1553,44.436494,55.563506,-11.127013,data/raw/openfun/tw.gov.cec~txn~candidates-votes/2022/陳時中-village-votes-page-9.json;data/raw/openfun/tw.gov.cec~txn~candidates-votes/2022/蔣萬安-village-votes-page-9.json,matched,polling-station-single-village; polling-station-single-village
2022,北投區,溫泉里,溫泉里,陳時中,蔣萬安（不納入黃珊珊及其他候選人）,1345,1408,48.855794,51.144206,-2.288413,data/raw/openfun/tw.gov.cec~txn~candidates-votes/2022/陳時中-village-votes-page-9.json;data/raw/openfun/tw.gov.cec~txn~candidates-votes/2022/蔣萬安-village-votes-page-9.json,matched,polling-station-single-village; polling-station-single-village
2022,北投區,裕民里,裕民里,陳時中,蔣萬安（不納入黃珊珊及其他候選人）,1455,1711,45.957044,54.042956,-8.085913,data/raw/openfun/tw.gov.cec~txn~candidates-votes/2022/陳時中-village-votes-page-9.json;data/raw/openfun/tw.gov.cec~txn~candidates-votes/2022/蔣萬安-village-votes-page-9.json,matched,polling-station-single-village; polling-station-single-village
2022,北投區,榮光里,榮光里,陳時中,蔣萬安（不納入黃珊珊及其他候選人）,1205,1520,44.220183,55.779817,-11.559633,data/raw/openfun/tw.gov.cec~txn~candidates-votes/2022/陳時中-village-votes-page-9.json;data/raw/openfun/tw.gov.cec~txn~candidates-votes/2022/蔣萬安-village-votes-page-9.json,matched,polling-station-single-village; polling-station-single-village
2022,北投區,榮華里,榮華里,陳時中,蔣萬安（不納入黃珊珊及其他候選人）,1365,1684,44.768777,55.231223,-10.462447,data/raw/openfun/tw.gov.cec~txn~candidates-votes/2022/陳時中-village-votes-page-9.json;data/raw/openfun/tw.gov.cec~txn~candidates-votes/2022/蔣萬安-village-votes-page-9.json,matched,polling-station-single-village; polling-station-single-village
2022,北投區,福興里,福興里,陳時中,蔣萬安（不納入黃珊珊及其他候選人）,1329,1502,46.944543,53.055457,-6.110915,data/raw/openfun/tw.gov.cec~txn~candidates-votes/2022/陳時中-village-votes-page-8.json;data/raw/openfun/tw.gov.cec~txn~candidates-votes/2022/陳時中-village-votes-page-9.json;data/raw/openfun/tw.gov.cec~txn~candidates-votes/2022/蔣萬安-village-votes-page-8.json;data/raw/openfun/tw.gov.cec~txn~candidates-votes/2022/蔣萬安-village-votes-page-9.json,matched,polling-station-single-village; polling-station-single-village
2022,北投區,稻香里,稻香里,陳時中,蔣萬安（不納入黃珊珊及其他候選人）,938,1321,41.522798,58.477202,-16.954405,data/raw/openfun/tw.gov.cec~txn~candidates-votes/2022/陳時中-village-votes-page-9.json;data/raw/openfun/tw.gov.cec~txn~candidates-votes/2022/蔣萬安-village-votes-page-9.json,matched,polling-station-single-village; polling-station-single-village
2022,北投區,豐年里,豐年里,陳時中,蔣萬安（不納入黃珊珊及其他候選人）,780,946,45.191194,54.808806,-9.617613,data/raw/openfun/tw.gov.cec~txn~candidates-votes/2022/陳時中-village-votes-page-9.json;data/raw/openfun/tw.gov.cec~txn~candidates-votes/2022/蔣萬安-village-votes-page-9.json,matched,polling-station-single-village; polling-station-single-village
2022,北投區,關渡里,關渡里,陳時中,蔣萬安（不納入黃珊珊及其他候選人）,2071,2400,46.320734,53.679266,-7.358533,data/raw/openfun/tw.gov.cec~txn~candidates-votes/2022/陳時中-village-votes-page-9.json;data/raw/openfun/tw.gov.cec~txn~candidates-votes/2022/蔣萬安-village-votes-page-9.json,matched,polling-station-single-village; polling-station-single-village
2022,松山區,三民里,三民里,陳時中,蔣萬安（不納入黃珊珊及其他候選人）,1116,1705,39.560440,60.439560,-20.879121,data/raw/openfun/tw.gov.cec~txn~candidates-votes/2022/陳時中-village-votes-page-1.json;data/raw/openfun/tw.gov.cec~txn~candidates-votes/2022/蔣萬安-village-votes-page-1.json,matched,polling-station-single-village; polling-station-single-village
2022,松山區,中正里,中正里,陳時中,蔣萬安（不納入黃珊珊及其他候選人）,1639,1832,47.219821,52.780179,-5.560357,data/raw/openfun/tw.gov.cec~txn~candidates-votes/2022/陳時中-village-votes-page-1.json;data/raw/openfun/tw.gov.cec~txn~candidates-votes/2022/蔣萬安-village-votes-page-1.json,matched,polling-station-single-village; polling-station-single-village
2022,松山區,中崙里,中崙里,陳時中,蔣萬安（不納入黃珊珊及其他候選人）,660,880,42.857143,57.142857,-14.285714,data/raw/openfun/tw.gov.cec~txn~candidates-votes/2022/陳時中-village-votes-page-1.json;data/raw/openfun/tw.gov.cec~txn~candidates-votes/2022/蔣萬安-village-votes-page-1.json,matched,polling-station-single-village; polling-station-single-village
2022,松山區,中華里,中華里,陳時中,蔣萬安（不納入黃珊珊及其他候選人）,1016,1590,38.986953,61.013047,-22.026094,data/raw/openfun/tw.gov.cec~txn~candidates-votes/2022/陳時中-village-votes-page-1.json;data/raw/openfun/tw.gov.cec~txn~candidates-votes/2022/蔣萬安-village-votes-page-1.json,matched,polling-station-single-village; polling-station-single-village
2022,松山區,介壽里,介壽里,陳時中,蔣萬安（不納入黃珊珊及其他候選人）,790,983,44.557248,55.442752,-10.885505,data/raw/openfun/tw.gov.cec~txn~candidates-votes/2022/陳時中-village-votes-page-1.json;data/raw/openfun/tw.gov.cec~txn~candidates-votes/2022/蔣萬安-village-votes-page-1.json,matched,polling-station-single-village; polling-station-single-village
2022,松山區,民有里,民有里,陳時中,蔣萬安（不納入黃珊珊及其他候選人）,1779,1958,47.605031,52.394969,-4.789938,data/raw/openfun/tw.gov.cec~txn~candidates-votes/2022/陳時中-village-votes-page-1.json;data/raw/openfun/tw.gov.cec~txn~candidates-votes/2022/蔣萬安-village-votes-page-1.json,matched,polling-station-single-village; polling-station-single-village
2022,松山區,民福里,民福里,陳時中,蔣萬安（不納入黃珊珊及其他候選人）,969,1766,35.429616,64.570384,-29.140768,data/raw/openfun/tw.gov.cec~txn~candidates-votes/2022/陳時中-village-votes-page-1.json;data/raw/openfun/tw.gov.cec~txn~candidates-votes/2022/蔣萬安-village-votes-page-1.json,matched,polling-station-single-village; polling-station-single-village
2022,松山區,吉仁里,吉仁里,陳時中,蔣萬安（不納入黃珊珊及其他候選人）,669,832,44.570286,55.429714,-10.859427,data/raw/openfun/tw.gov.cec~txn~candidates-votes/2022/陳時中-village-votes-page-1.json;data/raw/openfun/tw.gov.cec~txn~candidates-votes/2022/蔣萬安-village-votes-page-1.json,matched,polling-station-single-village; polling-station-single-village
2022,松山區,吉祥里,吉祥里,陳時中,蔣萬安（不納入黃珊珊及其他候選人）,1392,1964,41.477950,58.522050,-17.044100,data/raw/openfun/tw.gov.cec~txn~candidates-votes/2022/陳時中-village-votes-page-1.json;data/raw/openfun/tw.gov.cec~txn~candidates-votes/2022/蔣萬安-village-votes-page-1.json,matched,polling-station-single-village; polling-station-single-village
2022,松山區,安平里,安平里,陳時中,蔣萬安（不納入黃珊珊及其他候選人）,1556,1911,44.880300,55.119700,-10.239400,data/raw/openfun/tw.gov.cec~txn~candidates-votes/2022/陳時中-village-votes-page-1.json;data/raw/openfun/tw.gov.cec~txn~candidates-votes/2022/蔣萬安-village-votes-page-1.json,matched,polling-station-single-village; polling-station-single-village
2022,松山區,自強里,自強里,陳時中,蔣萬安（不納入黃珊珊及其他候選人）,747,3150,19.168591,80.831409,-61.662818,data/raw/openfun/tw.gov.cec~txn~candidates-votes/2022/陳時中-village-votes-page-1.json;data/raw/openfun/tw.gov.cec~txn~candidates-votes/2022/蔣萬安-village-votes-page-1.json,matched,polling-station-single-village; polling-station-single-village
2022,松山區,東光里,東光里,陳時中,蔣萬安（不納入黃珊珊及其他候選人）,1151,1840,38.482113,61.517887,-23.035774,data/raw/openfun/tw.gov.cec~txn~candidates-votes/2022/陳時中-village-votes-page-1.json;data/raw/openfun/tw.gov.cec~txn~candidates-votes/2022/蔣萬安-village-votes-page-1.json,matched,polling-station-single-village; polling-station-single-village
2022,松山區,東昌里,東昌里,陳時中,蔣萬安（不納入黃珊珊及其他候選人）,486,583,45.463050,54.536950,-9.073901,data/raw/openfun/tw.gov.cec~txn~candidates-votes/2022/陳時中-village-votes-page-1.json;data/raw/openfun/tw.gov.cec~txn~candidates-votes/2022/蔣萬安-village-votes-page-1.json,matched,polling-station-single-village; polling-station-single-village
2022,松山區,東勢里,東勢里,陳時中,蔣萬安（不納入黃珊珊及其他候選人）,796,935,45.984980,54.015020,-8.030040,data/raw/openfun/tw.gov.cec~txn~candidates-votes/2022/陳時中-village-votes-page-1.json;data/raw/openfun/tw.gov.cec~txn~candidates-votes/2022/蔣萬安-village-votes-page-1.json,matched,polling-station-single-village; polling-station-single-village
2022,松山區,東榮里,東榮里,陳時中,蔣萬安（不納入黃珊珊及其他候選人）,1458,1824,44.424132,55.575868,-11.151737,data/raw/openfun/tw.gov.cec~txn~candidates-votes/2022/陳時中-village-votes-page-1.json;data/raw/openfun/tw.gov.cec~txn~candidates-votes/2022/蔣萬安-village-votes-page-1.json,matched,polling-station-single-village; polling-station-single-village
2022,松山區,松基里,松基里,陳時中,蔣萬安（不納入黃珊珊及其他候選人）,691,838,45.192937,54.807063,-9.614127,data/raw/openfun/tw.gov.cec~txn~candidates-votes/2022/陳時中-village-votes-page-1.json;data/raw/openfun/tw.gov.cec~txn~candidates-votes/2022/蔣萬安-village-votes-page-1.json,matched,polling-station-single-village; polling-station-single-village
2022,松山區,美仁里,美仁里,陳時中,蔣萬安（不納入黃珊珊及其他候選人）,631,741,45.991254,54.008746,-8.017493,data/raw/openfun/tw.gov.cec~txn~candidates-votes/2022/陳時中-village-votes-page-1.json;data/raw/openfun/tw.gov.cec~txn~candidates-votes/2022/蔣萬安-village-votes-page-1.json,matched,polling-station-single-village; polling-station-single-village
2022,松山區,莊敬里,莊敬里,陳時中,蔣萬安（不納入黃珊珊及其他候選人）,816,1345,37.760296,62.239704,-24.479408,data/raw/openfun/tw.gov.cec~txn~candidates-votes/2022/陳時中-village-votes-page-1.json;data/raw/openfun/tw.gov.cec~txn~candidates-votes/2022/蔣萬安-village-votes-page-1.json,matched,polling-station-single-village; polling-station-single-village
2022,松山區,富泰里,富泰里,陳時中,蔣萬安（不納入黃珊珊及其他候選人）,649,1277,33.696781,66.303219,-32.606438,data/raw/openfun/tw.gov.cec~txn~candidates-votes/2022/陳時中-village-votes-page-1.json;data/raw/openfun/tw.gov.cec~txn~candidates-votes/2022/蔣萬安-village-votes-page-1.json,matched,polling-station-single-village; polling-station-single-village
2022,松山區,富錦里,富錦里,陳時中,蔣萬安（不納入黃珊珊及其他候選人）,858,1327,39.267735,60.732265,-21.464531,data/raw/openfun/tw.gov.cec~txn~candidates-votes/2022/陳時中-village-votes-page-1.json;data/raw/openfun/tw.gov.cec~txn~candidates-votes/2022/蔣萬安-village-votes-page-1.json,matched,polling-station-single-village; polling-station-single-village
2022,松山區,復建里,復建里,陳時中,蔣萬安（不納入黃珊珊及其他候選人）,728,1034,41.316686,58.683314,-17.366629,data/raw/openfun/tw.gov.cec~txn~candidates-votes/2022/陳時中-village-votes-page-1.json;data/raw/openfun/tw.gov.cec~txn~candidates-votes/2022/蔣萬安-village-votes-page-1.json,matched,polling-station-single-village; polling-station-single-village
2022,松山區,復盛里,復盛里,陳時中,蔣萬安（不納入黃珊珊及其他候選人）,1041,1657,38.584136,61.415864,-22.831727,data/raw/openfun/tw.gov.cec~txn~candidates-votes/2022/陳時中-village-votes-page-1.json;data/raw/openfun/tw.gov.cec~txn~candidates-votes/2022/蔣萬安-village-votes-page-1.json,matched,polling-station-single-village; polling-station-single-village
2022,松山區,復勢里,復勢里,陳時中,蔣萬安（不納入黃珊珊及其他候選人）,1098,1324,45.334434,54.665566,-9.331131,data/raw/openfun/tw.gov.cec~txn~candidates-votes/2022/陳時中-village-votes-page-1.json;data/raw/openfun/tw.gov.cec~txn~candidates-votes/2022/蔣萬安-village-votes-page-1.json,matched,polling-station-single-village; polling-station-single-village
2022,松山區,復源里,復源里,陳時中,蔣萬安（不納入黃珊珊及其他候選人）,531,802,39.834959,60.165041,-20.330083,data/raw/openfun/tw.gov.cec~txn~candidates-votes/2022/陳時中-village-votes-page-1.json;data/raw/openfun/tw.gov.cec~txn~candidates-votes/2022/蔣萬安-village-votes-page-1.json,matched,polling-station-single-village; polling-station-single-village
2022,松山區,敦化里,敦化里,陳時中,蔣萬安（不納入黃珊珊及其他候選人）,1244,1499,45.351805,54.648195,-9.296391,data/raw/openfun/tw.gov.cec~txn~candidates-votes/2022/陳時中-village-votes-page-1.json;data/raw/openfun/tw.gov.cec~txn~candidates-votes/2022/蔣萬安-village-votes-page-1.json,matched,polling-station-single-village; polling-station-single-village
2022,松山區,新東里,新東里,陳時中,蔣萬安（不納入黃珊珊及其他候選人）,853,1235,40.852490,59.147510,-18.295019,data/raw/openfun/tw.gov.cec~txn~candidates-votes/2022/陳時中-village-votes-page-1.json;data/raw/openfun/tw.gov.cec~txn~candidates-votes/2022/蔣萬安-village-votes-page-1.json,matched,polling-station-single-village; polling-station-single-village
2022,松山區,新益里,新益里,陳時中,蔣萬安（不納入黃珊珊及其他候選人）,857,1166,42.362827,57.637173,-15.274345,data/raw/openfun/tw.gov.cec~txn~candidates-votes/2022/陳時中-village-votes-page-1.json;data/raw/openfun/tw.gov.cec~txn~candidates-votes/2022/蔣萬安-village-votes-page-1.json,matched,polling-station-single-village; polling-station-single-village
2022,松山區,新聚里,新聚里,陳時中,蔣萬安（不納入黃珊珊及其他候選人）,1383,1801,43.435930,56.564070,-13.128141,data/raw/openfun/tw.gov.cec~txn~candidates-votes/2022/陳時中-village-votes-page-1.json;data/raw/openfun/tw.gov.cec~txn~candidates-votes/2022/蔣萬安-village-votes-page-1.json,matched,polling-station-single-village; polling-station-single-village
2022,松山區,慈祐里,慈祐里,陳時中,蔣萬安（不納入黃珊珊及其他候選人）,1410,1461,49.111808,50.888192,-1.776385,data/raw/openfun/tw.gov.cec~txn~candidates-votes/2022/陳時中-village-votes-page-1.json;data/raw/openfun/tw.gov.cec~txn~candidates-votes/2022/蔣萬安-village-votes-page-1.json,matched,polling-station-single-village; polling-station-single-village
2022,松山區,福成里,福成里,陳時中,蔣萬安（不納入黃珊珊及其他候選人）,463,585,44.179389,55.820611,-11.641221,data/raw/openfun/tw.gov.cec~txn~candidates-votes/2022/陳時中-village-votes-page-1.json;data/raw/openfun/tw.gov.cec~txn~candidates-votes/2022/蔣萬安-village-votes-page-1.json,matched,polling-station-single-village; polling-station-single-village
2022,松山區,精忠里,精忠里,陳時中,蔣萬安（不納入黃珊珊及其他候選人）,704,1045,40.251572,59.748428,-19.496855,data/raw/openfun/tw.gov.cec~txn~candidates-votes/2022/陳時中-village-votes-page-1.json;data/raw/openfun/tw.gov.cec~txn~candidates-votes/2022/蔣萬安-village-votes-page-1.json,matched,polling-station-single-village; polling-station-single-village
2022,松山區,龍田里,龍田里,陳時中,蔣萬安（不納入黃珊珊及其他候選人）,1183,2985,28.382917,71.617083,-43.234165,data/raw/openfun/tw.gov.cec~txn~candidates-votes/2022/陳時中-village-votes-page-1.json;data/raw/openfun/tw.gov.cec~txn~candidates-votes/2022/蔣萬安-village-votes-page-1.json,matched,polling-station-single-village; polling-station-single-village
2022,松山區,鵬程里,鵬程里,陳時中,蔣萬安（不納入黃珊珊及其他候選人）,734,1420,34.076137,65.923863,-31.847725,data/raw/openfun/tw.gov.cec~txn~candidates-votes/2022/陳時中-village-votes-page-1.json;data/raw/openfun/tw.gov.cec~txn~candidates-votes/2022/蔣萬安-village-votes-page-1.json,matched,polling-station-single-village; polling-station-single-village
2022,信義區,三張里,三張里,陳時中,蔣萬安（不納入黃珊珊及其他候選人）,1365,2254,37.717602,62.282398,-24.564797,data/raw/openfun/tw.gov.cec~txn~candidates-votes/2022/陳時中-village-votes-page-2.json;data/raw/openfun/tw.gov.cec~txn~candidates-votes/2022/蔣萬安-village-votes-page-2.json,matched,polling-station-single-village; polling-station-single-village
2022,信義區,三犁里,三犁里,陳時中,蔣萬安（不納入黃珊珊及其他候選人）,771,1279,37.609756,62.390244,-24.780488,data/raw/openfun/tw.gov.cec~txn~candidates-votes/2022/陳時中-village-votes-page-2.json;data/raw/openfun/tw.gov.cec~txn~candidates-votes/2022/蔣萬安-village-votes-page-2.json,matched,polling-station-single-village; polling-station-single-village
2022,信義區,大仁里,大仁里,陳時中,蔣萬安（不納入黃珊珊及其他候選人）,787,1042,43.028978,56.971022,-13.942045,data/raw/openfun/tw.gov.cec~txn~candidates-votes/2022/陳時中-village-votes-page-2.json;data/raw/openfun/tw.gov.cec~txn~candidates-votes/2022/蔣萬安-village-votes-page-2.json,matched,polling-station-single-village; polling-station-single-village
2022,信義區,大道里,大道里,陳時中,蔣萬安（不納入黃珊珊及其他候選人）,1114,1438,43.652038,56.347962,-12.695925,data/raw/openfun/tw.gov.cec~txn~candidates-votes/2022/陳時中-village-votes-page-2.json;data/raw/openfun/tw.gov.cec~txn~candidates-votes/2022/蔣萬安-village-votes-page-2.json,matched,polling-station-single-village; polling-station-single-village
2022,信義區,中行里,中行里,陳時中,蔣萬安（不納入黃珊珊及其他候選人）,1462,1683,46.486486,53.513514,-7.027027,data/raw/openfun/tw.gov.cec~txn~candidates-votes/2022/陳時中-village-votes-page-2.json;data/raw/openfun/tw.gov.cec~txn~candidates-votes/2022/蔣萬安-village-votes-page-2.json,matched,polling-station-single-village; polling-station-single-village
2022,信義區,中坡里,中坡里,陳時中,蔣萬安（不納入黃珊珊及其他候選人）,798,1081,42.469399,57.530601,-15.061203,data/raw/openfun/tw.gov.cec~txn~candidates-votes/2022/陳時中-village-votes-page-2.json;data/raw/openfun/tw.gov.cec~txn~candidates-votes/2022/蔣萬安-village-votes-page-2.json,matched,polling-station-single-village; polling-station-single-village
2022,信義區,中興里,中興里,陳時中,蔣萬安（不納入黃珊珊及其他候選人）,525,759,40.887850,59.112150,-18.224299,data/raw/openfun/tw.gov.cec~txn~candidates-votes/2022/陳時中-village-votes-page-1.json;data/raw/openfun/tw.gov.cec~txn~candidates-votes/2022/蔣萬安-village-votes-page-1.json,matched,polling-station-single-village; polling-station-single-village
2022,信義區,五全里,五全里,陳時中,蔣萬安（不納入黃珊珊及其他候選人）,971,1037,48.356574,51.643426,-3.286853,data/raw/openfun/tw.gov.cec~txn~candidates-votes/2022/陳時中-village-votes-page-1.json;data/raw/openfun/tw.gov.cec~txn~candidates-votes/2022/蔣萬安-village-votes-page-1.json,matched,polling-station-single-village; polling-station-single-village
2022,信義區,五常里,五常里,陳時中,蔣萬安（不納入黃珊珊及其他候選人）,625,859,42.115903,57.884097,-15.768194,data/raw/openfun/tw.gov.cec~txn~candidates-votes/2022/陳時中-village-votes-page-1.json;data/raw/openfun/tw.gov.cec~txn~candidates-votes/2022/蔣萬安-village-votes-page-1.json,matched,polling-station-single-village; polling-station-single-village
2022,信義區,六合里,六合里,陳時中,蔣萬安（不納入黃珊珊及其他候選人）,890,1832,32.696547,67.303453,-34.606907,data/raw/openfun/tw.gov.cec~txn~candidates-votes/2022/陳時中-village-votes-page-2.json;data/raw/openfun/tw.gov.cec~txn~candidates-votes/2022/蔣萬安-village-votes-page-2.json,matched,polling-station-single-village; polling-station-single-village
2022,信義區,六藝里,六藝里,陳時中,蔣萬安（不納入黃珊珊及其他候選人）,660,825,44.444444,55.555556,-11.111111,data/raw/openfun/tw.gov.cec~txn~candidates-votes/2022/陳時中-village-votes-page-1.json;data/raw/openfun/tw.gov.cec~txn~candidates-votes/2022/蔣萬安-village-votes-page-1.json,matched,polling-station-single-village; polling-station-single-village
2022,信義區,四育里,四育里,陳時中,蔣萬安（不納入黃珊珊及其他候選人）,1173,1248,48.451053,51.548947,-3.097893,data/raw/openfun/tw.gov.cec~txn~candidates-votes/2022/陳時中-village-votes-page-1.json;data/raw/openfun/tw.gov.cec~txn~candidates-votes/2022/蔣萬安-village-votes-page-1.json,matched,polling-station-single-village; polling-station-single-village
2022,信義區,四維里,四維里,陳時中,蔣萬安（不納入黃珊珊及其他候選人）,838,1305,39.104060,60.895940,-21.791881,data/raw/openfun/tw.gov.cec~txn~candidates-votes/2022/陳時中-village-votes-page-1.json;data/raw/openfun/tw.gov.cec~txn~candidates-votes/2022/蔣萬安-village-votes-page-1.json,matched,polling-station-single-village; polling-station-single-village
2022,信義區,正和里,正和里,陳時中,蔣萬安（不納入黃珊珊及其他候選人）,668,1217,35.437666,64.562334,-29.124668,data/raw/openfun/tw.gov.cec~txn~candidates-votes/2022/陳時中-village-votes-page-1.json;data/raw/openfun/tw.gov.cec~txn~candidates-votes/2022/蔣萬安-village-votes-page-1.json,matched,polling-station-single-village; polling-station-single-village
2022,信義區,永吉里,永吉里,陳時中,蔣萬安（不納入黃珊珊及其他候選人）,808,701,53.545394,46.454606,7.090789,data/raw/openfun/tw.gov.cec~txn~candidates-votes/2022/陳時中-village-votes-page-1.json;data/raw/openfun/tw.gov.cec~txn~candidates-votes/2022/蔣萬安-village-votes-page-1.json,matched,polling-station-single-village; polling-station-single-village
2022,信義區,永春里,永春里,陳時中,蔣萬安（不納入黃珊珊及其他候選人）,901,1092,45.208229,54.791771,-9.583542,data/raw/openfun/tw.gov.cec~txn~candidates-votes/2022/陳時中-village-votes-page-1.json;data/raw/openfun/tw.gov.cec~txn~candidates-votes/2022/陳時中-village-votes-page-2.json;data/raw/openfun/tw.gov.cec~txn~candidates-votes/2022/蔣萬安-village-votes-page-1.json;data/raw/openfun/tw.gov.cec~txn~candidates-votes/2022/蔣萬安-village-votes-page-2.json,matched,polling-station-single-village; polling-station-single-village
2022,信義區,安康里,安康里,陳時中,蔣萬安（不納入黃珊珊及其他候選人）,1601,2367,40.347782,59.652218,-19.304435,data/raw/openfun/tw.gov.cec~txn~candidates-votes/2022/陳時中-village-votes-page-1.json;data/raw/openfun/tw.gov.cec~txn~candidates-votes/2022/蔣萬安-village-votes-page-1.json,matched,polling-station-single-village; polling-station-single-village
2022,信義區,西村里,西村里,陳時中,蔣萬安（不納入黃珊珊及其他候選人）,538,1527,26.053269,73.946731,-47.893462,data/raw/openfun/tw.gov.cec~txn~candidates-votes/2022/陳時中-village-votes-page-1.json;data/raw/openfun/tw.gov.cec~txn~candidates-votes/2022/蔣萬安-village-votes-page-1.json,matched,polling-station-single-village; polling-station-single-village
2022,信義區,松友里,松友里,陳時中,蔣萬安（不納入黃珊珊及其他候選人）,1014,1563,39.348079,60.651921,-21.303842,data/raw/openfun/tw.gov.cec~txn~candidates-votes/2022/陳時中-village-votes-page-2.json;data/raw/openfun/tw.gov.cec~txn~candidates-votes/2022/蔣萬安-village-votes-page-2.json,matched,polling-station-single-village; polling-station-single-village
2022,信義區,松光里,松光里,陳時中,蔣萬安（不納入黃珊珊及其他候選人）,885,1115,44.250000,55.750000,-11.500000,data/raw/openfun/tw.gov.cec~txn~candidates-votes/2022/陳時中-village-votes-page-2.json;data/raw/openfun/tw.gov.cec~txn~candidates-votes/2022/蔣萬安-village-votes-page-2.json,matched,polling-station-single-village; polling-station-single-village
2022,信義區,松隆里,松隆里,陳時中,蔣萬安（不納入黃珊珊及其他候選人）,359,529,40.427928,59.572072,-19.144144,data/raw/openfun/tw.gov.cec~txn~candidates-votes/2022/陳時中-village-votes-page-2.json;data/raw/openfun/tw.gov.cec~txn~candidates-votes/2022/蔣萬安-village-votes-page-2.json,matched,polling-station-single-village; polling-station-single-village
2022,信義區,長春里,長春里,陳時中,蔣萬安（不納入黃珊珊及其他候選人）,811,959,45.819209,54.180791,-8.361582,data/raw/openfun/tw.gov.cec~txn~candidates-votes/2022/陳時中-village-votes-page-1.json;data/raw/openfun/tw.gov.cec~txn~candidates-votes/2022/蔣萬安-village-votes-page-1.json,matched,polling-station-single-village; polling-station-single-village
2022,信義區,泰和里,泰和里,陳時中,蔣萬安（不納入黃珊珊及其他候選人）,1153,1830,38.652363,61.347637,-22.695273,data/raw/openfun/tw.gov.cec~txn~candidates-votes/2022/陳時中-village-votes-page-2.json;data/raw/openfun/tw.gov.cec~txn~candidates-votes/2022/蔣萬安-village-votes-page-2.json,matched,polling-station-single-village; polling-station-single-village
2022,信義區,國業里,國業里,陳時中,蔣萬安（不納入黃珊珊及其他候選人）,1157,1703,40.454545,59.545455,-19.090909,data/raw/openfun/tw.gov.cec~txn~candidates-votes/2022/陳時中-village-votes-page-2.json;data/raw/openfun/tw.gov.cec~txn~candidates-votes/2022/蔣萬安-village-votes-page-2.json,matched,polling-station-single-village; polling-station-single-village
2022,信義區,富台里,富台里,陳時中,蔣萬安（不納入黃珊珊及其他候選人）,593,1256,32.071390,67.928610,-35.857220,data/raw/openfun/tw.gov.cec~txn~candidates-votes/2022/陳時中-village-votes-page-2.json;data/raw/openfun/tw.gov.cec~txn~candidates-votes/2022/蔣萬安-village-votes-page-2.json,matched,polling-station-single-village; polling-station-single-village
2022,信義區,惠安里,惠安里,陳時中,蔣萬安（不納入黃珊珊及其他候選人）,852,1722,33.100233,66.899767,-33.799534,data/raw/openfun/tw.gov.cec~txn~candidates-votes/2022/陳時中-village-votes-page-2.json;data/raw/openfun/tw.gov.cec~txn~candidates-votes/2022/蔣萬安-village-votes-page-2.json,matched,polling-station-single-village; polling-station-single-village
2022,信義區,敦厚里,敦厚里,陳時中,蔣萬安（不納入黃珊珊及其他候選人）,800,1182,40.363269,59.636731,-19.273461,data/raw/openfun/tw.gov.cec~txn~candidates-votes/2022/陳時中-village-votes-page-1.json;data/raw/openfun/tw.gov.cec~txn~candidates-votes/2022/蔣萬安-village-votes-page-1.json,matched,polling-station-single-village; polling-station-single-village
2022,信義區,景勤里,景勤里,陳時中,蔣萬安（不納入黃珊珊及其他候選人）,581,983,37.148338,62.851662,-25.703325,data/raw/openfun/tw.gov.cec~txn~candidates-votes/2022/陳時中-village-votes-page-2.json;data/raw/openfun/tw.gov.cec~txn~candidates-votes/2022/蔣萬安-village-votes-page-2.json,matched,polling-station-single-village; polling-station-single-village
2022,信義區,景新里,景新里,陳時中,蔣萬安（不納入黃珊珊及其他候選人）,729,1355,34.980806,65.019194,-30.038388,data/raw/openfun/tw.gov.cec~txn~candidates-votes/2022/陳時中-village-votes-page-2.json;data/raw/openfun/tw.gov.cec~txn~candidates-votes/2022/蔣萬安-village-votes-page-2.json,matched,polling-station-single-village; polling-station-single-village
2022,信義區,景聯里,景聯里,陳時中,蔣萬安（不納入黃珊珊及其他候選人）,739,1093,40.338428,59.661572,-19.323144,data/raw/openfun/tw.gov.cec~txn~candidates-votes/2022/陳時中-village-votes-page-2.json;data/raw/openfun/tw.gov.cec~txn~candidates-votes/2022/蔣萬安-village-votes-page-2.json,matched,polling-station-single-village; polling-station-single-village
2022,信義區,雅祥里,雅祥里,陳時中,蔣萬安（不納入黃珊珊及其他候選人）,1038,1144,47.571036,52.428964,-4.857929,data/raw/openfun/tw.gov.cec~txn~candidates-votes/2022/陳時中-village-votes-page-1.json;data/raw/openfun/tw.gov.cec~txn~candidates-votes/2022/蔣萬安-village-votes-page-1.json,matched,polling-station-single-village; polling-station-single-village
2022,信義區,新仁里,新仁里,陳時中,蔣萬安（不納入黃珊珊及其他候選人）,451,879,33.909774,66.090226,-32.180451,data/raw/openfun/tw.gov.cec~txn~candidates-votes/2022/陳時中-village-votes-page-1.json;data/raw/openfun/tw.gov.cec~txn~candidates-votes/2022/蔣萬安-village-votes-page-1.json,matched,polling-station-single-village; polling-station-single-village
2022,信義區,嘉興里,嘉興里,陳時中,蔣萬安（不納入黃珊珊及其他候選人）,555,780,41.573034,58.426966,-16.853933,data/raw/openfun/tw.gov.cec~txn~candidates-votes/2022/陳時中-village-votes-page-2.json;data/raw/openfun/tw.gov.cec~txn~candidates-votes/2022/蔣萬安-village-votes-page-2.json,matched,polling-station-single-village; polling-station-single-village
2022,信義區,廣居里,廣居里,陳時中,蔣萬安（不納入黃珊珊及其他候選人）,1183,1837,39.172185,60.827815,-21.655629,data/raw/openfun/tw.gov.cec~txn~candidates-votes/2022/陳時中-village-votes-page-1.json;data/raw/openfun/tw.gov.cec~txn~candidates-votes/2022/蔣萬安-village-votes-page-1.json,matched,polling-station-single-village; polling-station-single-village
2022,信義區,黎平里,黎平里,陳時中,蔣萬安（不納入黃珊珊及其他候選人）,1042,1826,36.331939,63.668061,-27.336123,data/raw/openfun/tw.gov.cec~txn~candidates-votes/2022/陳時中-village-votes-page-2.json;data/raw/openfun/tw.gov.cec~txn~candidates-votes/2022/蔣萬安-village-votes-page-2.json,matched,polling-station-single-village; polling-station-single-village
2022,信義區,黎安里,黎安里,陳時中,蔣萬安（不納入黃珊珊及其他候選人）,251,571,30.535280,69.464720,-38.929440,data/raw/openfun/tw.gov.cec~txn~candidates-votes/2022/陳時中-village-votes-page-2.json;data/raw/openfun/tw.gov.cec~txn~candidates-votes/2022/蔣萬安-village-votes-page-2.json,matched,polling-station-single-village; polling-station-single-village
2022,信義區,黎忠里,黎忠里,陳時中,蔣萬安（不納入黃珊珊及其他候選人）,783,1260,38.325991,61.674009,-23.348018,data/raw/openfun/tw.gov.cec~txn~candidates-votes/2022/陳時中-village-votes-page-2.json;data/raw/openfun/tw.gov.cec~txn~candidates-votes/2022/蔣萬安-village-votes-page-2.json,matched,polling-station-single-village; polling-station-single-village
2022,信義區,黎順里,黎順里,陳時中,蔣萬安（不納入黃珊珊及其他候選人）,614,1032,37.302552,62.697448,-25.394897,data/raw/openfun/tw.gov.cec~txn~candidates-votes/2022/陳時中-village-votes-page-2.json;data/raw/openfun/tw.gov.cec~txn~candidates-votes/2022/蔣萬安-village-votes-page-2.json,matched,polling-station-single-village; polling-station-single-village
2022,信義區,興隆里,興隆里,陳時中,蔣萬安（不納入黃珊珊及其他候選人）,368,666,35.589942,64.410058,-28.820116,data/raw/openfun/tw.gov.cec~txn~candidates-votes/2022/陳時中-village-votes-page-1.json;data/raw/openfun/tw.gov.cec~txn~candidates-votes/2022/蔣萬安-village-votes-page-1.json,matched,polling-station-single-village; polling-station-single-village
2022,信義區,興雅里,興雅里,陳時中,蔣萬安（不納入黃珊珊及其他候選人）,907,1304,41.022162,58.977838,-17.955676,data/raw/openfun/tw.gov.cec~txn~candidates-votes/2022/陳時中-village-votes-page-1.json;data/raw/openfun/tw.gov.cec~txn~candidates-votes/2022/蔣萬安-village-votes-page-1.json,matched,polling-station-single-village; polling-station-single-village
2022,信義區,雙和里,雙和里,陳時中,蔣萬安（不納入黃珊珊及其他候選人）,1073,1897,36.127946,63.872054,-27.744108,data/raw/openfun/tw.gov.cec~txn~candidates-votes/2022/陳時中-village-votes-page-2.json;data/raw/openfun/tw.gov.cec~txn~candidates-votes/2022/蔣萬安-village-votes-page-2.json,matched,polling-station-single-village; polling-station-single-village
2022,南港區,九如里,九如里,陳時中,蔣萬安（不納入黃珊珊及其他候選人）,870,1556,35.861500,64.138500,-28.276999,data/raw/openfun/tw.gov.cec~txn~candidates-votes/2022/陳時中-village-votes-page-7.json;data/raw/openfun/tw.gov.cec~txn~candidates-votes/2022/蔣萬安-village-votes-page-7.json,matched,polling-station-single-village; polling-station-single-village
2022,南港區,三重里,三重里,陳時中,蔣萬安（不納入黃珊珊及其他候選人）,1099,1544,41.581536,58.418464,-16.836928,data/raw/openfun/tw.gov.cec~txn~candidates-votes/2022/陳時中-village-votes-page-6.json;data/raw/openfun/tw.gov.cec~txn~candidates-votes/2022/蔣萬安-village-votes-page-6.json,matched,polling-station-single-village; polling-station-single-village
2022,南港區,中南里,中南里,陳時中,蔣萬安（不納入黃珊珊及其他候選人）,613,684,47.262914,52.737086,-5.474171,data/raw/openfun/tw.gov.cec~txn~candidates-votes/2022/陳時中-village-votes-page-6.json;data/raw/openfun/tw.gov.cec~txn~candidates-votes/2022/蔣萬安-village-votes-page-6.json,matched,polling-station-single-village; polling-station-single-village
2022,南港區,中研里,中研里,陳時中,蔣萬安（不納入黃珊珊及其他候選人）,1553,1869,45.382817,54.617183,-9.234366,data/raw/openfun/tw.gov.cec~txn~candidates-votes/2022/陳時中-village-votes-page-7.json;data/raw/openfun/tw.gov.cec~txn~candidates-votes/2022/蔣萬安-village-votes-page-7.json,matched,polling-station-single-village; polling-station-single-village
2022,南港區,仁福里,仁福里,陳時中,蔣萬安（不納入黃珊珊及其他候選人）,779,1447,34.995508,65.004492,-30.008985,data/raw/openfun/tw.gov.cec~txn~candidates-votes/2022/陳時中-village-votes-page-7.json;data/raw/openfun/tw.gov.cec~txn~candidates-votes/2022/蔣萬安-village-votes-page-7.json,matched,polling-station-single-village; polling-station-single-village
2022,南港區,玉成里,玉成里,陳時中,蔣萬安（不納入黃珊珊及其他候選人）,917,990,48.085999,51.914001,-3.828002,data/raw/openfun/tw.gov.cec~txn~candidates-votes/2022/陳時中-village-votes-page-6.json;data/raw/openfun/tw.gov.cec~txn~candidates-votes/2022/蔣萬安-village-votes-page-6.json,matched,polling-station-single-village; polling-station-single-village
2022,南港區,合成里,合成里,陳時中,蔣萬安（不納入黃珊珊及其他候選人）,1185,1444,45.074173,54.925827,-9.851655,data/raw/openfun/tw.gov.cec~txn~candidates-votes/2022/陳時中-village-votes-page-6.json;data/raw/openfun/tw.gov.cec~txn~candidates-votes/2022/蔣萬安-village-votes-page-6.json,matched,polling-station-single-village; polling-station-single-village
2022,南港區,成福里,成福里,陳時中,蔣萬安（不納入黃珊珊及其他候選人）,1136,1944,36.883117,63.116883,-26.233766,data/raw/openfun/tw.gov.cec~txn~candidates-votes/2022/陳時中-village-votes-page-6.json;data/raw/openfun/tw.gov.cec~txn~candidates-votes/2022/陳時中-village-votes-page-7.json;data/raw/openfun/tw.gov.cec~txn~candidates-votes/2022/蔣萬安-village-votes-page-6.json;data/raw/openfun/tw.gov.cec~txn~candidates-votes/2022/蔣萬安-village-votes-page-7.json,matched,polling-station-single-village; polling-station-single-village
2022,南港區,百福里,百福里,陳時中,蔣萬安（不納入黃珊珊及其他候選人）,915,1120,44.963145,55.036855,-10.073710,data/raw/openfun/tw.gov.cec~txn~candidates-votes/2022/陳時中-village-votes-page-7.json;data/raw/openfun/tw.gov.cec~txn~candidates-votes/2022/蔣萬安-village-votes-page-7.json,matched,polling-station-single-village; polling-station-single-village
2022,南港區,西新里,西新里,陳時中,蔣萬安（不納入黃珊珊及其他候選人）,924,848,52.144470,47.855530,4.288939,data/raw/openfun/tw.gov.cec~txn~candidates-votes/2022/陳時中-village-votes-page-6.json;data/raw/openfun/tw.gov.cec~txn~candidates-votes/2022/蔣萬安-village-votes-page-6.json,matched,polling-station-single-village; polling-station-single-village
2022,南港區,東明里,東明里,陳時中,蔣萬安（不納入黃珊珊及其他候選人）,798,1254,38.888889,61.111111,-22.222222,data/raw/openfun/tw.gov.cec~txn~candidates-votes/2022/陳時中-village-votes-page-6.json;data/raw/openfun/tw.gov.cec~txn~candidates-votes/2022/蔣萬安-village-votes-page-6.json,matched,polling-station-single-village; polling-station-single-village
2022,南港區,東新里,東新里,陳時中,蔣萬安（不納入黃珊珊及其他候選人）,1155,1349,46.126198,53.873802,-7.747604,data/raw/openfun/tw.gov.cec~txn~candidates-votes/2022/陳時中-village-votes-page-6.json;data/raw/openfun/tw.gov.cec~txn~candidates-votes/2022/蔣萬安-village-votes-page-6.json,matched,polling-station-single-village; polling-station-single-village
2022,南港區,南港里,南港里,陳時中,蔣萬安（不納入黃珊珊及其他候選人）,947,1176,44.606689,55.393311,-10.786623,data/raw/openfun/tw.gov.cec~txn~candidates-votes/2022/陳時中-village-votes-page-6.json;data/raw/openfun/tw.gov.cec~txn~candidates-votes/2022/蔣萬安-village-votes-page-6.json,matched,polling-station-single-village; polling-station-single-village
2022,南港區,重陽里,重陽里,陳時中,蔣萬安（不納入黃珊珊及其他候選人）,838,1340,38.475666,61.524334,-23.048669,data/raw/openfun/tw.gov.cec~txn~candidates-votes/2022/陳時中-village-votes-page-7.json;data/raw/openfun/tw.gov.cec~txn~candidates-votes/2022/蔣萬安-village-votes-page-7.json,matched,polling-station-single-village; polling-station-single-village
2022,南港區,新光里,新光里,陳時中,蔣萬安（不納入黃珊珊及其他候選人）,620,892,41.005291,58.994709,-17.989418,data/raw/openfun/tw.gov.cec~txn~candidates-votes/2022/陳時中-village-votes-page-6.json;data/raw/openfun/tw.gov.cec~txn~candidates-votes/2022/蔣萬安-village-votes-page-6.json,matched,polling-station-single-village; polling-station-single-village
2022,南港區,新富里,新富里,陳時中,蔣萬安（不納入黃珊珊及其他候選人）,725,770,48.494983,51.505017,-3.010033,data/raw/openfun/tw.gov.cec~txn~candidates-votes/2022/陳時中-village-votes-page-6.json;data/raw/openfun/tw.gov.cec~txn~candidates-votes/2022/蔣萬安-village-votes-page-6.json,matched,polling-station-single-village; polling-station-single-village
2022,南港區,萬福里,萬福里,陳時中,蔣萬安（不納入黃珊珊及其他候選人）,693,1072,39.263456,60.736544,-21.473088,data/raw/openfun/tw.gov.cec~txn~candidates-votes/2022/陳時中-village-votes-page-7.json;data/raw/openfun/tw.gov.cec~txn~candidates-votes/2022/蔣萬安-village-votes-page-7.json,matched,polling-station-single-village; polling-station-single-village
2022,南港區,聯成里,聯成里,陳時中,蔣萬安（不納入黃珊珊及其他候選人）,806,1190,40.380762,59.619238,-19.238477,data/raw/openfun/tw.gov.cec~txn~candidates-votes/2022/陳時中-village-votes-page-7.json;data/raw/openfun/tw.gov.cec~txn~candidates-votes/2022/蔣萬安-village-votes-page-7.json,matched,polling-station-single-village; polling-station-single-village
2022,南港區,鴻福里,鴻福里,陳時中,蔣萬安（不納入黃珊珊及其他候選人）,786,1068,42.394822,57.605178,-15.210356,data/raw/openfun/tw.gov.cec~txn~candidates-votes/2022/陳時中-village-votes-page-7.json;data/raw/openfun/tw.gov.cec~txn~candidates-votes/2022/蔣萬安-village-votes-page-7.json,matched,polling-station-single-village; polling-station-single-village
2022,南港區,舊莊里,舊莊里,陳時中,蔣萬安（不納入黃珊珊及其他候選人）,1357,1704,44.331918,55.668082,-11.336165,data/raw/openfun/tw.gov.cec~txn~candidates-votes/2022/陳時中-village-votes-page-7.json;data/raw/openfun/tw.gov.cec~txn~candidates-votes/2022/蔣萬安-village-votes-page-7.json,matched,polling-station-single-village; polling-station-single-village
2022,萬華區,仁德里,仁德里,陳時中,蔣萬安（不納入黃珊珊及其他候選人）,959,999,48.978550,51.021450,-2.042901,data/raw/openfun/tw.gov.cec~txn~candidates-votes/2022/陳時中-village-votes-page-5.json;data/raw/openfun/tw.gov.cec~txn~candidates-votes/2022/蔣萬安-village-votes-page-5.json,matched,polling-station-single-village; polling-station-single-village
2022,萬華區,日祥里,日祥里,陳時中,蔣萬安（不納入黃珊珊及其他候選人）,806,1715,31.971440,68.028560,-36.057120,data/raw/openfun/tw.gov.cec~txn~candidates-votes/2022/陳時中-village-votes-page-5.json;data/raw/openfun/tw.gov.cec~txn~candidates-votes/2022/蔣萬安-village-votes-page-5.json,matched,polling-station-single-village; polling-station-single-village
2022,萬華區,日善里,日善里,陳時中,蔣萬安（不納入黃珊珊及其他候選人）,744,729,50.509165,49.490835,1.018330,data/raw/openfun/tw.gov.cec~txn~candidates-votes/2022/陳時中-village-votes-page-5.json;data/raw/openfun/tw.gov.cec~txn~candidates-votes/2022/蔣萬安-village-votes-page-5.json,matched,polling-station-single-village; polling-station-single-village
2022,萬華區,全德里,全德里,陳時中,蔣萬安（不納入黃珊珊及其他候選人）,819,862,48.720999,51.279001,-2.558001,data/raw/openfun/tw.gov.cec~txn~candidates-votes/2022/陳時中-village-votes-page-5.json;data/raw/openfun/tw.gov.cec~txn~candidates-votes/2022/蔣萬安-village-votes-page-5.json,matched,polling-station-single-village; polling-station-single-village
2022,萬華區,西門里,西門里,陳時中,蔣萬安（不納入黃珊珊及其他候選人）,561,832,40.272793,59.727207,-19.454415,data/raw/openfun/tw.gov.cec~txn~candidates-votes/2022/陳時中-village-votes-page-5.json;data/raw/openfun/tw.gov.cec~txn~candidates-votes/2022/蔣萬安-village-votes-page-5.json,matched,polling-station-single-village; polling-station-single-village
2022,萬華區,孝德里,孝德里,陳時中,蔣萬安（不納入黃珊珊及其他候選人）,730,577,55.853099,44.146901,11.706197,data/raw/openfun/tw.gov.cec~txn~candidates-votes/2022/陳時中-village-votes-page-5.json;data/raw/openfun/tw.gov.cec~txn~candidates-votes/2022/蔣萬安-village-votes-page-5.json,matched,polling-station-single-village; polling-station-single-village
2022,萬華區,和平里,和平里,陳時中,蔣萬安（不納入黃珊珊及其他候選人）,1523,1087,58.352490,41.647510,16.704981,data/raw/openfun/tw.gov.cec~txn~candidates-votes/2022/陳時中-village-votes-page-5.json;data/raw/openfun/tw.gov.cec~txn~candidates-votes/2022/蔣萬安-village-votes-page-5.json,matched,polling-station-single-village; polling-station-single-village
2022,萬華區,和德里,和德里,陳時中,蔣萬安（不納入黃珊珊及其他候選人）,1251,1119,52.784810,47.215190,5.569620,data/raw/openfun/tw.gov.cec~txn~candidates-votes/2022/陳時中-village-votes-page-5.json;data/raw/openfun/tw.gov.cec~txn~candidates-votes/2022/蔣萬安-village-votes-page-5.json,matched,polling-station-single-village; polling-station-single-village
2022,萬華區,忠貞里,忠貞里,陳時中,蔣萬安（不納入黃珊珊及其他候選人）,582,1530,27.556818,72.443182,-44.886364,data/raw/openfun/tw.gov.cec~txn~candidates-votes/2022/陳時中-village-votes-page-5.json;data/raw/openfun/tw.gov.cec~txn~candidates-votes/2022/蔣萬安-village-votes-page-5.json,matched,polling-station-single-village; polling-station-single-village
2022,萬華區,忠德里,忠德里,陳時中,蔣萬安（不納入黃珊珊及其他候選人）,924,850,52.085682,47.914318,4.171364,data/raw/openfun/tw.gov.cec~txn~candidates-votes/2022/陳時中-village-votes-page-5.json;data/raw/openfun/tw.gov.cec~txn~candidates-votes/2022/蔣萬安-village-votes-page-5.json,matched,polling-station-single-village; polling-station-single-village
2022,萬華區,青山里,青山里,陳時中,蔣萬安（不納入黃珊珊及其他候選人）,1159,1177,49.614726,50.385274,-0.770548,data/raw/openfun/tw.gov.cec~txn~candidates-votes/2022/陳時中-village-votes-page-5.json;data/raw/openfun/tw.gov.cec~txn~candidates-votes/2022/蔣萬安-village-votes-page-5.json,matched,polling-station-single-village; polling-station-single-village
2022,萬華區,保德里,保德里,陳時中,蔣萬安（不納入黃珊珊及其他候選人）,642,676,48.710167,51.289833,-2.579666,data/raw/openfun/tw.gov.cec~txn~candidates-votes/2022/陳時中-village-votes-page-5.json;data/raw/openfun/tw.gov.cec~txn~candidates-votes/2022/蔣萬安-village-votes-page-5.json,matched,polling-station-single-village; polling-station-single-village
2022,萬華區,柳鄉里,柳鄉里,陳時中,蔣萬安（不納入黃珊珊及其他候選人）,1053,870,54.758190,45.241810,9.516381,data/raw/openfun/tw.gov.cec~txn~candidates-votes/2022/陳時中-village-votes-page-5.json;data/raw/openfun/tw.gov.cec~txn~candidates-votes/2022/蔣萬安-village-votes-page-5.json,matched,polling-station-single-village; polling-station-single-village
2022,萬華區,凌霄里,凌霄里,陳時中,蔣萬安（不納入黃珊珊及其他候選人）,470,1031,31.312458,68.687542,-37.375083,data/raw/openfun/tw.gov.cec~txn~candidates-votes/2022/陳時中-village-votes-page-5.json;data/raw/openfun/tw.gov.cec~txn~candidates-votes/2022/蔣萬安-village-votes-page-5.json,matched,polling-station-single-village; polling-station-single-village
2022,萬華區,頂碩里,頂碩里,陳時中,蔣萬安（不納入黃珊珊及其他候選人）,1570,1317,54.381711,45.618289,8.763422,data/raw/openfun/tw.gov.cec~txn~candidates-votes/2022/陳時中-village-votes-page-5.json;data/raw/openfun/tw.gov.cec~txn~candidates-votes/2022/蔣萬安-village-votes-page-5.json,matched,polling-station-single-village; polling-station-single-village
2022,萬華區,富民里,富民里,陳時中,蔣萬安（不納入黃珊珊及其他候選人）,1102,877,55.684689,44.315311,11.369378,data/raw/openfun/tw.gov.cec~txn~candidates-votes/2022/陳時中-village-votes-page-5.json;data/raw/openfun/tw.gov.cec~txn~candidates-votes/2022/蔣萬安-village-votes-page-5.json,matched,polling-station-single-village; polling-station-single-village
2022,萬華區,富福里,富福里,陳時中,蔣萬安（不納入黃珊珊及其他候選人）,1001,895,52.795359,47.204641,5.590717,data/raw/openfun/tw.gov.cec~txn~candidates-votes/2022/陳時中-village-votes-page-5.json;data/raw/openfun/tw.gov.cec~txn~candidates-votes/2022/蔣萬安-village-votes-page-5.json,matched,polling-station-single-village; polling-station-single-village
2022,萬華區,菜園里,菜園里,陳時中,蔣萬安（不納入黃珊珊及其他候選人）,1166,1208,49.115417,50.884583,-1.769166,data/raw/openfun/tw.gov.cec~txn~candidates-votes/2022/陳時中-village-votes-page-5.json;data/raw/openfun/tw.gov.cec~txn~candidates-votes/2022/蔣萬安-village-votes-page-5.json,matched,polling-station-single-village; polling-station-single-village
2022,萬華區,華中里,華中里,陳時中,蔣萬安（不納入黃珊珊及其他候選人）,1332,1232,51.950078,48.049922,3.900156,data/raw/openfun/tw.gov.cec~txn~candidates-votes/2022/陳時中-village-votes-page-5.json;data/raw/openfun/tw.gov.cec~txn~candidates-votes/2022/蔣萬安-village-votes-page-5.json,matched,polling-station-single-village; polling-station-single-village
2022,萬華區,華江里,華江里,陳時中,蔣萬安（不納入黃珊珊及其他候選人）,1641,1654,49.802731,50.197269,-0.394537,data/raw/openfun/tw.gov.cec~txn~candidates-votes/2022/陳時中-village-votes-page-5.json;data/raw/openfun/tw.gov.cec~txn~candidates-votes/2022/蔣萬安-village-votes-page-5.json,matched,polling-station-single-village; polling-station-single-village
2022,萬華區,新安里,新安里,陳時中,蔣萬安（不納入黃珊珊及其他候選人）,767,1458,34.471910,65.528090,-31.056180,data/raw/openfun/tw.gov.cec~txn~candidates-votes/2022/陳時中-village-votes-page-5.json;data/raw/openfun/tw.gov.cec~txn~candidates-votes/2022/蔣萬安-village-votes-page-5.json,matched,polling-station-single-village; polling-station-single-village
2022,萬華區,新和里,新和里,陳時中,蔣萬安（不納入黃珊珊及其他候選人）,812,2747,22.815398,77.184602,-54.369205,data/raw/openfun/tw.gov.cec~txn~candidates-votes/2022/陳時中-village-votes-page-5.json;data/raw/openfun/tw.gov.cec~txn~candidates-votes/2022/蔣萬安-village-votes-page-5.json,matched,polling-station-single-village; polling-station-single-village
2022,萬華區,新忠里,新忠里,陳時中,蔣萬安（不納入黃珊珊及其他候選人）,310,1206,20.448549,79.551451,-59.102902,data/raw/openfun/tw.gov.cec~txn~candidates-votes/2022/陳時中-village-votes-page-5.json;data/raw/openfun/tw.gov.cec~txn~candidates-votes/2022/蔣萬安-village-votes-page-5.json,matched,polling-station-single-village; polling-station-single-village
2022,萬華區,新起里,新起里,陳時中,蔣萬安（不納入黃珊珊及其他候選人）,1251,1417,46.889055,53.110945,-6.221889,data/raw/openfun/tw.gov.cec~txn~candidates-votes/2022/陳時中-village-votes-page-5.json;data/raw/openfun/tw.gov.cec~txn~candidates-votes/2022/蔣萬安-village-votes-page-5.json,matched,polling-station-single-village; polling-station-single-village
2022,萬華區,萬壽里,萬壽里,陳時中,蔣萬安（不納入黃珊珊及其他候選人）,477,707,40.287162,59.712838,-19.425676,data/raw/openfun/tw.gov.cec~txn~candidates-votes/2022/陳時中-village-votes-page-5.json;data/raw/openfun/tw.gov.cec~txn~candidates-votes/2022/蔣萬安-village-votes-page-5.json,matched,polling-station-single-village; polling-station-single-village
2022,萬華區,壽德里,壽德里,陳時中,蔣萬安（不納入黃珊珊及其他候選人）,966,1037,48.227659,51.772341,-3.544683,data/raw/openfun/tw.gov.cec~txn~candidates-votes/2022/陳時中-village-votes-page-5.json;data/raw/openfun/tw.gov.cec~txn~candidates-votes/2022/蔣萬安-village-votes-page-5.json,matched,polling-station-single-village; polling-station-single-village
2022,萬華區,榮德里,榮德里,陳時中,蔣萬安（不納入黃珊珊及其他候選人）,747,711,51.234568,48.765432,2.469136,data/raw/openfun/tw.gov.cec~txn~candidates-votes/2022/陳時中-village-votes-page-5.json;data/raw/openfun/tw.gov.cec~txn~candidates-votes/2022/蔣萬安-village-votes-page-5.json,matched,polling-station-single-village; polling-station-single-village
2022,萬華區,福星里,福星里,陳時中,蔣萬安（不納入黃珊珊及其他候選人）,845,1264,40.066382,59.933618,-19.867236,data/raw/openfun/tw.gov.cec~txn~candidates-votes/2022/陳時中-village-votes-page-5.json;data/raw/openfun/tw.gov.cec~txn~candidates-votes/2022/蔣萬安-village-votes-page-5.json,matched,polling-station-single-village; polling-station-single-village
2022,萬華區,福音里,福音里,陳時中,蔣萬安（不納入黃珊珊及其他候選人）,740,772,48.941799,51.058201,-2.116402,data/raw/openfun/tw.gov.cec~txn~candidates-votes/2022/陳時中-village-votes-page-5.json;data/raw/openfun/tw.gov.cec~txn~candidates-votes/2022/蔣萬安-village-votes-page-5.json,matched,polling-station-single-village; polling-station-single-village
2022,萬華區,綠堤里,綠堤里,陳時中,蔣萬安（不納入黃珊珊及其他候選人）,769,924,45.422327,54.577673,-9.155346,data/raw/openfun/tw.gov.cec~txn~candidates-votes/2022/陳時中-village-votes-page-5.json;data/raw/openfun/tw.gov.cec~txn~candidates-votes/2022/蔣萬安-village-votes-page-5.json,matched,polling-station-single-village; polling-station-single-village
2022,萬華區,銘德里,銘德里,陳時中,蔣萬安（不納入黃珊珊及其他候選人）,930,916,50.379198,49.620802,0.758397,data/raw/openfun/tw.gov.cec~txn~candidates-votes/2022/陳時中-village-votes-page-5.json;data/raw/openfun/tw.gov.cec~txn~candidates-votes/2022/蔣萬安-village-votes-page-5.json,matched,polling-station-single-village; polling-station-single-village
2022,萬華區,糖廍里,糖廍里,陳時中,蔣萬安（不納入黃珊珊及其他候選人）,1160,1098,51.372896,48.627104,2.745793,data/raw/openfun/tw.gov.cec~txn~candidates-votes/2022/陳時中-village-votes-page-5.json;data/raw/openfun/tw.gov.cec~txn~candidates-votes/2022/蔣萬安-village-votes-page-5.json,matched,polling-station-single-village; polling-station-single-village
2022,萬華區,興德里,興德里,陳時中,蔣萬安（不納入黃珊珊及其他候選人）,899,873,50.733634,49.266366,1.467269,data/raw/openfun/tw.gov.cec~txn~candidates-votes/2022/陳時中-village-votes-page-5.json;data/raw/openfun/tw.gov.cec~txn~candidates-votes/2022/蔣萬安-village-votes-page-5.json,matched,polling-station-single-village; polling-station-single-village
2022,萬華區,錦德里,錦德里,陳時中,蔣萬安（不納入黃珊珊及其他候選人）,1165,1031,53.051002,46.948998,6.102004,data/raw/openfun/tw.gov.cec~txn~candidates-votes/2022/陳時中-village-votes-page-5.json;data/raw/openfun/tw.gov.cec~txn~candidates-votes/2022/蔣萬安-village-votes-page-5.json,matched,polling-station-single-village; polling-station-single-village
2022,萬華區,雙園里,雙園里,陳時中,蔣萬安（不納入黃珊珊及其他候選人）,896,856,51.141553,48.858447,2.283105,data/raw/openfun/tw.gov.cec~txn~candidates-votes/2022/陳時中-village-votes-page-5.json;data/raw/openfun/tw.gov.cec~txn~candidates-votes/2022/蔣萬安-village-votes-page-5.json,matched,polling-station-single-village; polling-station-single-village
2022,萬華區,騰雲里,騰雲里,陳時中,蔣萬安（不納入黃珊珊及其他候選人）,445,886,33.433509,66.566491,-33.132983,data/raw/openfun/tw.gov.cec~txn~candidates-votes/2022/陳時中-village-votes-page-5.json;data/raw/openfun/tw.gov.cec~txn~candidates-votes/2022/蔣萬安-village-votes-page-5.json,matched,polling-station-single-village; polling-station-single-village
