year,district,li_name_source,li_name_2022,candidate_name,votes,source_file,mapping_status,notes
1994,士林區,三玉里,三玉里,陳水扁,1517,data/raw/openfun/tw.gov.cec~txn~candidates-votes/1994/陳水扁-village-votes-page-2.json,matched,exact-village-id
1994,士林區,三玉里,三玉里,黃大洲,775,data/raw/openfun/tw.gov.cec~txn~candidates-votes/1994/黃大洲-village-votes-page-2.json,matched,exact-village-id
1994,士林區,三玉里,三玉里,趙少康,920,data/raw/openfun/tw.gov.cec~txn~candidates-votes/1994/趙少康-village-votes-page-2.json,matched,exact-village-id
1994,士林區,仁勇里,仁勇里,陳水扁,1700,data/raw/openfun/tw.gov.cec~txn~candidates-votes/1994/陳水扁-village-votes-page-2.json,matched,exact-village-id
1994,士林區,仁勇里,仁勇里,黃大洲,944,data/raw/openfun/tw.gov.cec~txn~candidates-votes/1994/黃大洲-village-votes-page-2.json,matched,exact-village-id
1994,士林區,仁勇里,仁勇里,趙少康,508,data/raw/openfun/tw.gov.cec~txn~candidates-votes/1994/趙少康-village-votes-page-2.json,matched,exact-village-id
1994,士林區,公館里,公館里,陳水扁,556,data/raw/openfun/tw.gov.cec~txn~candidates-votes/1994/陳水扁-village-votes-page-2.json,matched,exact-village-id
1994,士林區,公館里,公館里,黃大洲,244,data/raw/openfun/tw.gov.cec~txn~candidates-votes/1994/黃大洲-village-votes-page-2.json,matched,exact-village-id
1994,士林區,公館里,公館里,趙少康,66,data/raw/openfun/tw.gov.cec~txn~candidates-votes/1994/趙少康-village-votes-page-2.json,matched,exact-village-id
1994,士林區,天山里,天山里,陳水扁,1735,data/raw/openfun/tw.gov.cec~txn~candidates-votes/1994/陳水扁-village-votes-page-2.json,matched,exact-village-id
1994,士林區,天山里,天山里,黃大洲,942,data/raw/openfun/tw.gov.cec~txn~candidates-votes/1994/黃大洲-village-votes-page-2.json,matched,exact-village-id
1994,士林區,天山里,天山里,趙少康,1259,data/raw/openfun/tw.gov.cec~txn~candidates-votes/1994/趙少康-village-votes-page-2.json,matched,exact-village-id
1994,士林區,天母里,天母里,陳水扁,1562,data/raw/openfun/tw.gov.cec~txn~candidates-votes/1994/陳水扁-village-votes-page-2.json,matched,exact-village-id
1994,士林區,天母里,天母里,黃大洲,899,data/raw/openfun/tw.gov.cec~txn~candidates-votes/1994/黃大洲-village-votes-page-2.json,matched,exact-village-id
1994,士林區,天母里,天母里,趙少康,1228,data/raw/openfun/tw.gov.cec~txn~candidates-votes/1994/趙少康-village-votes-page-2.json,matched,exact-village-id
1994,士林區,天玉里,天玉里,陳水扁,1989,data/raw/openfun/tw.gov.cec~txn~candidates-votes/1994/陳水扁-village-votes-page-2.json,matched,exact-village-id
1994,士林區,天玉里,天玉里,黃大洲,1066,data/raw/openfun/tw.gov.cec~txn~candidates-votes/1994/黃大洲-village-votes-page-2.json,matched,exact-village-id
1994,士林區,天玉里,天玉里,趙少康,1508,data/raw/openfun/tw.gov.cec~txn~candidates-votes/1994/趙少康-village-votes-page-2.json,matched,exact-village-id
1994,士林區,天和里,天和里,陳水扁,1752,data/raw/openfun/tw.gov.cec~txn~candidates-votes/1994/陳水扁-village-votes-page-2.json,matched,exact-village-id
1994,士林區,天和里,天和里,黃大洲,1002,data/raw/openfun/tw.gov.cec~txn~candidates-votes/1994/黃大洲-village-votes-page-2.json,matched,exact-village-id
1994,士林區,天和里,天和里,趙少康,1386,data/raw/openfun/tw.gov.cec~txn~candidates-votes/1994/趙少康-village-votes-page-2.json,matched,exact-village-id
1994,士林區,天祿里,天祿里,陳水扁,1420,data/raw/openfun/tw.gov.cec~txn~candidates-votes/1994/陳水扁-village-votes-page-2.json,matched,exact-village-id
1994,士林區,天祿里,天祿里,黃大洲,736,data/raw/openfun/tw.gov.cec~txn~candidates-votes/1994/黃大洲-village-votes-page-2.json,matched,exact-village-id
1994,士林區,天祿里,天祿里,趙少康,760,data/raw/openfun/tw.gov.cec~txn~candidates-votes/1994/趙少康-village-votes-page-2.json,matched,exact-village-id
1994,士林區,天壽里,天壽里,陳水扁,1226,data/raw/openfun/tw.gov.cec~txn~candidates-votes/1994/陳水扁-village-votes-page-2.json,matched,exact-village-id
1994,士林區,天壽里,天壽里,黃大洲,617,data/raw/openfun/tw.gov.cec~txn~candidates-votes/1994/黃大洲-village-votes-page-2.json,matched,exact-village-id
1994,士林區,天壽里,天壽里,趙少康,659,data/raw/openfun/tw.gov.cec~txn~candidates-votes/1994/趙少康-village-votes-page-2.json,matched,exact-village-id
1994,士林區,天福里,天福里,陳水扁,1711,data/raw/openfun/tw.gov.cec~txn~candidates-votes/1994/陳水扁-village-votes-page-2.json,matched,exact-village-id
1994,士林區,天福里,天福里,黃大洲,901,data/raw/openfun/tw.gov.cec~txn~candidates-votes/1994/黃大洲-village-votes-page-2.json,matched,exact-village-id
1994,士林區,天福里,天福里,趙少康,1112,data/raw/openfun/tw.gov.cec~txn~candidates-votes/1994/趙少康-village-votes-page-2.json,matched,exact-village-id
1994,士林區,平等里,平等里,陳水扁,744,data/raw/openfun/tw.gov.cec~txn~candidates-votes/1994/陳水扁-village-votes-page-2.json,matched,exact-village-id
1994,士林區,平等里,平等里,黃大洲,149,data/raw/openfun/tw.gov.cec~txn~candidates-votes/1994/黃大洲-village-votes-page-2.json,matched,exact-village-id
1994,士林區,平等里,平等里,趙少康,81,data/raw/openfun/tw.gov.cec~txn~candidates-votes/1994/趙少康-village-votes-page-2.json,matched,exact-village-id
1994,士林區,永倫里,永倫里,陳水扁,2791,data/raw/openfun/tw.gov.cec~txn~candidates-votes/1994/陳水扁-village-votes-page-2.json,matched,exact-village-id
1994,士林區,永倫里,永倫里,黃大洲,1243,data/raw/openfun/tw.gov.cec~txn~candidates-votes/1994/黃大洲-village-votes-page-2.json,matched,exact-village-id
1994,士林區,永倫里,永倫里,趙少康,568,data/raw/openfun/tw.gov.cec~txn~candidates-votes/1994/趙少康-village-votes-page-2.json,matched,exact-village-id
1994,士林區,永福里,永福里,陳水扁,476,data/raw/openfun/tw.gov.cec~txn~candidates-votes/1994/陳水扁-village-votes-page-2.json,matched,exact-village-id
1994,士林區,永福里,永福里,黃大洲,209,data/raw/openfun/tw.gov.cec~txn~candidates-votes/1994/黃大洲-village-votes-page-2.json,matched,exact-village-id
1994,士林區,永福里,永福里,趙少康,120,data/raw/openfun/tw.gov.cec~txn~candidates-votes/1994/趙少康-village-votes-page-2.json,matched,exact-village-id
1994,士林區,名山里,名山里,陳水扁,1718,data/raw/openfun/tw.gov.cec~txn~candidates-votes/1994/陳水扁-village-votes-page-2.json,matched,exact-village-id
1994,士林區,名山里,名山里,黃大洲,947,data/raw/openfun/tw.gov.cec~txn~candidates-votes/1994/黃大洲-village-votes-page-2.json,matched,exact-village-id
1994,士林區,名山里,名山里,趙少康,1215,data/raw/openfun/tw.gov.cec~txn~candidates-votes/1994/趙少康-village-votes-page-2.json,matched,exact-village-id
1994,士林區,百齡里,百齡里,陳水扁,2445,data/raw/openfun/tw.gov.cec~txn~candidates-votes/1994/陳水扁-village-votes-page-2.json,matched,exact-village-id
1994,士林區,百齡里,百齡里,黃大洲,1124,data/raw/openfun/tw.gov.cec~txn~candidates-votes/1994/黃大洲-village-votes-page-2.json,matched,exact-village-id
1994,士林區,百齡里,百齡里,趙少康,749,data/raw/openfun/tw.gov.cec~txn~candidates-votes/1994/趙少康-village-votes-page-2.json,matched,exact-village-id
1994,士林區,岩山里,岩山里,陳水扁,1036,data/raw/openfun/tw.gov.cec~txn~candidates-votes/1994/陳水扁-village-votes-page-2.json,matched,exact-village-id
1994,士林區,岩山里,岩山里,黃大洲,642,data/raw/openfun/tw.gov.cec~txn~candidates-votes/1994/黃大洲-village-votes-page-2.json,matched,exact-village-id
1994,士林區,岩山里,岩山里,趙少康,945,data/raw/openfun/tw.gov.cec~txn~candidates-votes/1994/趙少康-village-votes-page-2.json,matched,exact-village-id
1994,士林區,忠誠里,忠誠里,陳水扁,1024,data/raw/openfun/tw.gov.cec~txn~candidates-votes/1994/陳水扁-village-votes-page-2.json,matched,exact-village-id
1994,士林區,忠誠里,忠誠里,黃大洲,1042,data/raw/openfun/tw.gov.cec~txn~candidates-votes/1994/黃大洲-village-votes-page-2.json,matched,exact-village-id
1994,士林區,忠誠里,忠誠里,趙少康,1433,data/raw/openfun/tw.gov.cec~txn~candidates-votes/1994/趙少康-village-votes-page-2.json,matched,exact-village-id
1994,士林區,承德里,承德里,陳水扁,1274,data/raw/openfun/tw.gov.cec~txn~candidates-votes/1994/陳水扁-village-votes-page-2.json,matched,exact-village-id
1994,士林區,承德里,承德里,黃大洲,628,data/raw/openfun/tw.gov.cec~txn~candidates-votes/1994/黃大洲-village-votes-page-2.json,matched,exact-village-id
1994,士林區,承德里,承德里,趙少康,561,data/raw/openfun/tw.gov.cec~txn~candidates-votes/1994/趙少康-village-votes-page-2.json,matched,exact-village-id
1994,士林區,明勝里,明勝里,陳水扁,1609,data/raw/openfun/tw.gov.cec~txn~candidates-votes/1994/陳水扁-village-votes-page-2.json,matched,exact-village-id
1994,士林區,明勝里,明勝里,黃大洲,797,data/raw/openfun/tw.gov.cec~txn~candidates-votes/1994/黃大洲-village-votes-page-2.json,matched,exact-village-id
1994,士林區,明勝里,明勝里,趙少康,552,data/raw/openfun/tw.gov.cec~txn~candidates-votes/1994/趙少康-village-votes-page-2.json,matched,exact-village-id
1994,士林區,東山里,東山里,陳水扁,1145,data/raw/openfun/tw.gov.cec~txn~candidates-votes/1994/陳水扁-village-votes-page-2.json,matched,exact-village-id
1994,士林區,東山里,東山里,黃大洲,853,data/raw/openfun/tw.gov.cec~txn~candidates-votes/1994/黃大洲-village-votes-page-2.json,matched,exact-village-id
1994,士林區,東山里,東山里,趙少康,1068,data/raw/openfun/tw.gov.cec~txn~candidates-votes/1994/趙少康-village-votes-page-2.json,matched,exact-village-id
1994,士林區,社子里,社子里,陳水扁,2207,data/raw/openfun/tw.gov.cec~txn~candidates-votes/1994/陳水扁-village-votes-page-2.json,matched,exact-village-id
1994,士林區,社子里,社子里,黃大洲,1100,data/raw/openfun/tw.gov.cec~txn~candidates-votes/1994/黃大洲-village-votes-page-2.json,matched,exact-village-id
1994,士林區,社子里,社子里,趙少康,500,data/raw/openfun/tw.gov.cec~txn~candidates-votes/1994/趙少康-village-votes-page-2.json,matched,exact-village-id
1994,士林區,社園里,社園里,陳水扁,2478,data/raw/openfun/tw.gov.cec~txn~candidates-votes/1994/陳水扁-village-votes-page-2.json,matched,exact-village-id
1994,士林區,社園里,社園里,黃大洲,1140,data/raw/openfun/tw.gov.cec~txn~candidates-votes/1994/黃大洲-village-votes-page-2.json,matched,exact-village-id
1994,士林區,社園里,社園里,趙少康,525,data/raw/openfun/tw.gov.cec~txn~candidates-votes/1994/趙少康-village-votes-page-2.json,matched,exact-village-id
1994,士林區,社新里,社新里,陳水扁,3039,data/raw/openfun/tw.gov.cec~txn~candidates-votes/1994/陳水扁-village-votes-page-2.json,matched,exact-village-id
1994,士林區,社新里,社新里,黃大洲,1273,data/raw/openfun/tw.gov.cec~txn~candidates-votes/1994/黃大洲-village-votes-page-2.json,matched,exact-village-id
1994,士林區,社新里,社新里,趙少康,639,data/raw/openfun/tw.gov.cec~txn~candidates-votes/1994/趙少康-village-votes-page-2.json,matched,exact-village-id
1994,士林區,芝山里,芝山里,陳水扁,1720,data/raw/openfun/tw.gov.cec~txn~candidates-votes/1994/陳水扁-village-votes-page-2.json,matched,exact-village-id
1994,士林區,芝山里,芝山里,黃大洲,947,data/raw/openfun/tw.gov.cec~txn~candidates-votes/1994/黃大洲-village-votes-page-2.json,matched,exact-village-id
1994,士林區,芝山里,芝山里,趙少康,1098,data/raw/openfun/tw.gov.cec~txn~candidates-votes/1994/趙少康-village-votes-page-2.json,matched,exact-village-id
1994,士林區,前港里,前港里,陳水扁,1384,data/raw/openfun/tw.gov.cec~txn~candidates-votes/1994/陳水扁-village-votes-page-2.json,matched,exact-village-id
1994,士林區,前港里,前港里,黃大洲,607,data/raw/openfun/tw.gov.cec~txn~candidates-votes/1994/黃大洲-village-votes-page-2.json,matched,exact-village-id
1994,士林區,前港里,前港里,趙少康,417,data/raw/openfun/tw.gov.cec~txn~candidates-votes/1994/趙少康-village-votes-page-2.json,matched,exact-village-id
1994,士林區,後港里,後港里,陳水扁,2814,data/raw/openfun/tw.gov.cec~txn~candidates-votes/1994/陳水扁-village-votes-page-2.json,matched,exact-village-id
1994,士林區,後港里,後港里,黃大洲,1270,data/raw/openfun/tw.gov.cec~txn~candidates-votes/1994/黃大洲-village-votes-page-2.json,matched,exact-village-id
1994,士林區,後港里,後港里,趙少康,792,data/raw/openfun/tw.gov.cec~txn~candidates-votes/1994/趙少康-village-votes-page-2.json,matched,exact-village-id
1994,士林區,富光里,富光里,陳水扁,2275,data/raw/openfun/tw.gov.cec~txn~candidates-votes/1994/陳水扁-village-votes-page-2.json,matched,exact-village-id
1994,士林區,富光里,富光里,黃大洲,933,data/raw/openfun/tw.gov.cec~txn~candidates-votes/1994/黃大洲-village-votes-page-2.json,matched,exact-village-id
1994,士林區,富光里,富光里,趙少康,457,data/raw/openfun/tw.gov.cec~txn~candidates-votes/1994/趙少康-village-votes-page-2.json,matched,exact-village-id
1994,士林區,富洲里,富洲里,陳水扁,2304,data/raw/openfun/tw.gov.cec~txn~candidates-votes/1994/陳水扁-village-votes-page-2.json,matched,exact-village-id
1994,士林區,富洲里,富洲里,黃大洲,770,data/raw/openfun/tw.gov.cec~txn~candidates-votes/1994/黃大洲-village-votes-page-2.json,matched,exact-village-id
1994,士林區,富洲里,富洲里,趙少康,258,data/raw/openfun/tw.gov.cec~txn~candidates-votes/1994/趙少康-village-votes-page-2.json,matched,exact-village-id
1994,士林區,菁山里,菁山里,陳水扁,592,data/raw/openfun/tw.gov.cec~txn~candidates-votes/1994/陳水扁-village-votes-page-2.json,matched,exact-village-id
1994,士林區,菁山里,菁山里,黃大洲,301,data/raw/openfun/tw.gov.cec~txn~candidates-votes/1994/黃大洲-village-votes-page-2.json,matched,exact-village-id
1994,士林區,菁山里,菁山里,趙少康,101,data/raw/openfun/tw.gov.cec~txn~candidates-votes/1994/趙少康-village-votes-page-2.json,matched,exact-village-id
1994,士林區,陽明里,陽明里,陳水扁,814,data/raw/openfun/tw.gov.cec~txn~candidates-votes/1994/陳水扁-village-votes-page-2.json,matched,exact-village-id
1994,士林區,陽明里,陽明里,黃大洲,553,data/raw/openfun/tw.gov.cec~txn~candidates-votes/1994/黃大洲-village-votes-page-2.json,matched,exact-village-id
1994,士林區,陽明里,陽明里,趙少康,522,data/raw/openfun/tw.gov.cec~txn~candidates-votes/1994/趙少康-village-votes-page-2.json,matched,exact-village-id
1994,士林區,新安里,新安里,陳水扁,746,data/raw/openfun/tw.gov.cec~txn~candidates-votes/1994/陳水扁-village-votes-page-2.json,matched,exact-village-id
1994,士林區,新安里,新安里,黃大洲,285,data/raw/openfun/tw.gov.cec~txn~candidates-votes/1994/黃大洲-village-votes-page-2.json,matched,exact-village-id
1994,士林區,新安里,新安里,趙少康,224,data/raw/openfun/tw.gov.cec~txn~candidates-votes/1994/趙少康-village-votes-page-2.json,matched,exact-village-id
1994,士林區,溪山里,溪山里,陳水扁,664,data/raw/openfun/tw.gov.cec~txn~candidates-votes/1994/陳水扁-village-votes-page-2.json,matched,exact-village-id
1994,士林區,溪山里,溪山里,黃大洲,249,data/raw/openfun/tw.gov.cec~txn~candidates-votes/1994/黃大洲-village-votes-page-2.json,matched,exact-village-id
1994,士林區,溪山里,溪山里,趙少康,80,data/raw/openfun/tw.gov.cec~txn~candidates-votes/1994/趙少康-village-votes-page-2.json,matched,exact-village-id
1994,士林區,義信里,義信里,陳水扁,939,data/raw/openfun/tw.gov.cec~txn~candidates-votes/1994/陳水扁-village-votes-page-2.json,matched,exact-village-id
1994,士林區,義信里,義信里,黃大洲,639,data/raw/openfun/tw.gov.cec~txn~candidates-votes/1994/黃大洲-village-votes-page-2.json,matched,exact-village-id
1994,士林區,義信里,義信里,趙少康,247,data/raw/openfun/tw.gov.cec~txn~candidates-votes/1994/趙少康-village-votes-page-2.json,matched,exact-village-id
1994,士林區,聖山里,聖山里,陳水扁,962,data/raw/openfun/tw.gov.cec~txn~candidates-votes/1994/陳水扁-village-votes-page-2.json,matched,exact-village-id
1994,士林區,聖山里,聖山里,黃大洲,827,data/raw/openfun/tw.gov.cec~txn~candidates-votes/1994/黃大洲-village-votes-page-2.json,matched,exact-village-id
1994,士林區,聖山里,聖山里,趙少康,1175,data/raw/openfun/tw.gov.cec~txn~candidates-votes/1994/趙少康-village-votes-page-2.json,matched,exact-village-id
1994,士林區,葫東里,葫東里,陳水扁,1613,data/raw/openfun/tw.gov.cec~txn~candidates-votes/1994/陳水扁-village-votes-page-2.json,matched,exact-village-id
1994,士林區,葫東里,葫東里,黃大洲,579,data/raw/openfun/tw.gov.cec~txn~candidates-votes/1994/黃大洲-village-votes-page-2.json,matched,exact-village-id
1994,士林區,葫東里,葫東里,趙少康,289,data/raw/openfun/tw.gov.cec~txn~candidates-votes/1994/趙少康-village-votes-page-2.json,matched,exact-village-id
1994,士林區,葫蘆里,葫蘆里,陳水扁,2475,data/raw/openfun/tw.gov.cec~txn~candidates-votes/1994/陳水扁-village-votes-page-2.json,matched,exact-village-id
1994,士林區,葫蘆里,葫蘆里,黃大洲,1278,data/raw/openfun/tw.gov.cec~txn~candidates-votes/1994/黃大洲-village-votes-page-2.json,matched,exact-village-id
1994,士林區,葫蘆里,葫蘆里,趙少康,1011,data/raw/openfun/tw.gov.cec~txn~candidates-votes/1994/趙少康-village-votes-page-2.json,matched,exact-village-id
1994,士林區,福中里,福中里,陳水扁,1960,data/raw/openfun/tw.gov.cec~txn~candidates-votes/1994/陳水扁-village-votes-page-2.json,matched,exact-village-id
1994,士林區,福中里,福中里,黃大洲,820,data/raw/openfun/tw.gov.cec~txn~candidates-votes/1994/黃大洲-village-votes-page-2.json,matched,exact-village-id
1994,士林區,福中里,福中里,趙少康,529,data/raw/openfun/tw.gov.cec~txn~candidates-votes/1994/趙少康-village-votes-page-2.json,matched,exact-village-id
1994,士林區,福安里,福安里,陳水扁,2413,data/raw/openfun/tw.gov.cec~txn~candidates-votes/1994/陳水扁-village-votes-page-2.json,matched,exact-village-id
1994,士林區,福安里,福安里,黃大洲,471,data/raw/openfun/tw.gov.cec~txn~candidates-votes/1994/黃大洲-village-votes-page-2.json,matched,exact-village-id
1994,士林區,福安里,福安里,趙少康,203,data/raw/openfun/tw.gov.cec~txn~candidates-votes/1994/趙少康-village-votes-page-2.json,matched,exact-village-id
1994,士林區,福志里,福志里,陳水扁,1975,data/raw/openfun/tw.gov.cec~txn~candidates-votes/1994/陳水扁-village-votes-page-2.json,matched,exact-village-id
1994,士林區,福志里,福志里,黃大洲,1320,data/raw/openfun/tw.gov.cec~txn~candidates-votes/1994/黃大洲-village-votes-page-2.json,matched,exact-village-id
1994,士林區,福志里,福志里,趙少康,1526,data/raw/openfun/tw.gov.cec~txn~candidates-votes/1994/趙少康-village-votes-page-2.json,matched,exact-village-id
1994,士林區,福佳里,福佳里,陳水扁,2475,data/raw/openfun/tw.gov.cec~txn~candidates-votes/1994/陳水扁-village-votes-page-2.json,matched,exact-village-id
1994,士林區,福佳里,福佳里,黃大洲,1357,data/raw/openfun/tw.gov.cec~txn~candidates-votes/1994/黃大洲-village-votes-page-2.json,matched,exact-village-id
1994,士林區,福佳里,福佳里,趙少康,843,data/raw/openfun/tw.gov.cec~txn~candidates-votes/1994/趙少康-village-votes-page-2.json,matched,exact-village-id
1994,士林區,福林里,福林里,陳水扁,1102,data/raw/openfun/tw.gov.cec~txn~candidates-votes/1994/陳水扁-village-votes-page-2.json,matched,exact-village-id
1994,士林區,福林里,福林里,黃大洲,801,data/raw/openfun/tw.gov.cec~txn~candidates-votes/1994/黃大洲-village-votes-page-2.json,matched,exact-village-id
1994,士林區,福林里,福林里,趙少康,965,data/raw/openfun/tw.gov.cec~txn~candidates-votes/1994/趙少康-village-votes-page-2.json,matched,exact-village-id
1994,士林區,福華里,福華里,陳水扁,2029,data/raw/openfun/tw.gov.cec~txn~candidates-votes/1994/陳水扁-village-votes-page-2.json,matched,exact-village-id
1994,士林區,福華里,福華里,黃大洲,1173,data/raw/openfun/tw.gov.cec~txn~candidates-votes/1994/黃大洲-village-votes-page-2.json,matched,exact-village-id
1994,士林區,福華里,福華里,趙少康,1103,data/raw/openfun/tw.gov.cec~txn~candidates-votes/1994/趙少康-village-votes-page-2.json,matched,exact-village-id
1994,士林區,福順里,福順里,陳水扁,2324,data/raw/openfun/tw.gov.cec~txn~candidates-votes/1994/陳水扁-village-votes-page-2.json,matched,exact-village-id
1994,士林區,福順里,福順里,黃大洲,922,data/raw/openfun/tw.gov.cec~txn~candidates-votes/1994/黃大洲-village-votes-page-2.json,matched,exact-village-id
1994,士林區,福順里,福順里,趙少康,421,data/raw/openfun/tw.gov.cec~txn~candidates-votes/1994/趙少康-village-votes-page-2.json,matched,exact-village-id
1994,士林區,福德里,福德里,陳水扁,1253,data/raw/openfun/tw.gov.cec~txn~candidates-votes/1994/陳水扁-village-votes-page-2.json,matched,exact-village-id
1994,士林區,福德里,福德里,黃大洲,909,data/raw/openfun/tw.gov.cec~txn~candidates-votes/1994/黃大洲-village-votes-page-2.json,matched,exact-village-id
1994,士林區,福德里,福德里,趙少康,471,data/raw/openfun/tw.gov.cec~txn~candidates-votes/1994/趙少康-village-votes-page-2.json,matched,exact-village-id
1994,士林區,翠山里,翠山里,陳水扁,1069,data/raw/openfun/tw.gov.cec~txn~candidates-votes/1994/陳水扁-village-votes-page-2.json,matched,exact-village-id
1994,士林區,翠山里,翠山里,黃大洲,907,data/raw/openfun/tw.gov.cec~txn~candidates-votes/1994/黃大洲-village-votes-page-2.json,matched,exact-village-id
1994,士林區,翠山里,翠山里,趙少康,1862,data/raw/openfun/tw.gov.cec~txn~candidates-votes/1994/趙少康-village-votes-page-2.json,matched,exact-village-id
1994,士林區,德行里,德行里,陳水扁,1300,data/raw/openfun/tw.gov.cec~txn~candidates-votes/1994/陳水扁-village-votes-page-2.json,matched,exact-village-id
1994,士林區,德行里,德行里,黃大洲,638,data/raw/openfun/tw.gov.cec~txn~candidates-votes/1994/黃大洲-village-votes-page-2.json,matched,exact-village-id
1994,士林區,德行里,德行里,趙少康,510,data/raw/openfun/tw.gov.cec~txn~candidates-votes/1994/趙少康-village-votes-page-2.json,matched,exact-village-id
1994,士林區,德華里,德華里,陳水扁,1756,data/raw/openfun/tw.gov.cec~txn~candidates-votes/1994/陳水扁-village-votes-page-2.json,matched,exact-village-id
1994,士林區,德華里,德華里,黃大洲,906,data/raw/openfun/tw.gov.cec~txn~candidates-votes/1994/黃大洲-village-votes-page-2.json,matched,exact-village-id
1994,士林區,德華里,德華里,趙少康,717,data/raw/openfun/tw.gov.cec~txn~candidates-votes/1994/趙少康-village-votes-page-2.json,matched,exact-village-id
1994,士林區,舊佳里,舊佳里,陳水扁,2248,data/raw/openfun/tw.gov.cec~txn~candidates-votes/1994/陳水扁-village-votes-page-2.json,matched,exact-village-id
1994,士林區,舊佳里,舊佳里,黃大洲,1205,data/raw/openfun/tw.gov.cec~txn~candidates-votes/1994/黃大洲-village-votes-page-2.json,matched,exact-village-id
1994,士林區,舊佳里,舊佳里,趙少康,826,data/raw/openfun/tw.gov.cec~txn~candidates-votes/1994/趙少康-village-votes-page-2.json,matched,exact-village-id
1994,士林區,蘭雅里,蘭雅里,陳水扁,2402,data/raw/openfun/tw.gov.cec~txn~candidates-votes/1994/陳水扁-village-votes-page-2.json,matched,exact-village-id
1994,士林區,蘭雅里,蘭雅里,黃大洲,1314,data/raw/openfun/tw.gov.cec~txn~candidates-votes/1994/黃大洲-village-votes-page-2.json,matched,exact-village-id
1994,士林區,蘭雅里,蘭雅里,趙少康,1175,data/raw/openfun/tw.gov.cec~txn~candidates-votes/1994/趙少康-village-votes-page-2.json,matched,exact-village-id
1994,士林區,蘭興里,蘭興里,陳水扁,1827,data/raw/openfun/tw.gov.cec~txn~candidates-votes/1994/陳水扁-village-votes-page-2.json,matched,exact-village-id
1994,士林區,蘭興里,蘭興里,黃大洲,821,data/raw/openfun/tw.gov.cec~txn~candidates-votes/1994/黃大洲-village-votes-page-2.json,matched,exact-village-id
1994,士林區,蘭興里,蘭興里,趙少康,814,data/raw/openfun/tw.gov.cec~txn~candidates-votes/1994/趙少康-village-votes-page-2.json,matched,exact-village-id
1994,大同區,大有里,大有里,陳水扁,1914,data/raw/openfun/tw.gov.cec~txn~candidates-votes/1994/陳水扁-village-votes-page-2.json,matched,exact-village-id
1994,大同區,大有里,大有里,黃大洲,905,data/raw/openfun/tw.gov.cec~txn~candidates-votes/1994/黃大洲-village-votes-page-2.json,matched,exact-village-id
1994,大同區,大有里,大有里,趙少康,339,data/raw/openfun/tw.gov.cec~txn~candidates-votes/1994/趙少康-village-votes-page-2.json,matched,exact-village-id
1994,大同區,民權里,民權里,陳水扁,2078,data/raw/openfun/tw.gov.cec~txn~candidates-votes/1994/陳水扁-village-votes-page-2.json,matched,exact-village-id
1994,大同區,民權里,民權里,黃大洲,1101,data/raw/openfun/tw.gov.cec~txn~candidates-votes/1994/黃大洲-village-votes-page-2.json,matched,exact-village-id
1994,大同區,民權里,民權里,趙少康,905,data/raw/openfun/tw.gov.cec~txn~candidates-votes/1994/趙少康-village-votes-page-2.json,matched,exact-village-id
1994,大同區,永樂里,永樂里,陳水扁,1868,data/raw/openfun/tw.gov.cec~txn~candidates-votes/1994/陳水扁-village-votes-page-2.json,matched,exact-village-id
1994,大同區,永樂里,永樂里,黃大洲,918,data/raw/openfun/tw.gov.cec~txn~candidates-votes/1994/黃大洲-village-votes-page-2.json,matched,exact-village-id
1994,大同區,永樂里,永樂里,趙少康,406,data/raw/openfun/tw.gov.cec~txn~candidates-votes/1994/趙少康-village-votes-page-2.json,matched,exact-village-id
1994,大同區,玉泉里,玉泉里,陳水扁,1128,data/raw/openfun/tw.gov.cec~txn~candidates-votes/1994/陳水扁-village-votes-page-1.json,matched,exact-village-id
1994,大同區,玉泉里,玉泉里,黃大洲,800,data/raw/openfun/tw.gov.cec~txn~candidates-votes/1994/黃大洲-village-votes-page-1.json,matched,exact-village-id
1994,大同區,玉泉里,玉泉里,趙少康,478,data/raw/openfun/tw.gov.cec~txn~candidates-votes/1994/趙少康-village-votes-page-1.json,matched,exact-village-id
1994,大同區,光能里,光能里,陳水扁,2146,data/raw/openfun/tw.gov.cec~txn~candidates-votes/1994/陳水扁-village-votes-page-2.json,matched,exact-village-id
1994,大同區,光能里,光能里,黃大洲,909,data/raw/openfun/tw.gov.cec~txn~candidates-votes/1994/黃大洲-village-votes-page-2.json,matched,exact-village-id
1994,大同區,光能里,光能里,趙少康,411,data/raw/openfun/tw.gov.cec~txn~candidates-votes/1994/趙少康-village-votes-page-2.json,matched,exact-village-id
1994,大同區,老師里,老師里,陳水扁,1797,data/raw/openfun/tw.gov.cec~txn~candidates-votes/1994/陳水扁-village-votes-page-2.json,matched,exact-village-id
1994,大同區,老師里,老師里,黃大洲,725,data/raw/openfun/tw.gov.cec~txn~candidates-votes/1994/黃大洲-village-votes-page-2.json,matched,exact-village-id
1994,大同區,老師里,老師里,趙少康,439,data/raw/openfun/tw.gov.cec~txn~candidates-votes/1994/趙少康-village-votes-page-2.json,matched,exact-village-id
1994,大同區,至聖里,至聖里,陳水扁,3010,data/raw/openfun/tw.gov.cec~txn~candidates-votes/1994/陳水扁-village-votes-page-2.json,matched,exact-village-id
1994,大同區,至聖里,至聖里,黃大洲,1298,data/raw/openfun/tw.gov.cec~txn~candidates-votes/1994/黃大洲-village-votes-page-2.json,matched,exact-village-id
1994,大同區,至聖里,至聖里,趙少康,823,data/raw/openfun/tw.gov.cec~txn~candidates-votes/1994/趙少康-village-votes-page-2.json,matched,exact-village-id
1994,大同區,延平里,延平里,陳水扁,1255,data/raw/openfun/tw.gov.cec~txn~candidates-votes/1994/陳水扁-village-votes-page-2.json,matched,exact-village-id
1994,大同區,延平里,延平里,黃大洲,570,data/raw/openfun/tw.gov.cec~txn~candidates-votes/1994/黃大洲-village-votes-page-2.json,matched,exact-village-id
1994,大同區,延平里,延平里,趙少康,370,data/raw/openfun/tw.gov.cec~txn~candidates-votes/1994/趙少康-village-votes-page-2.json,matched,exact-village-id
1994,大同區,保安里,保安里,陳水扁,2289,data/raw/openfun/tw.gov.cec~txn~candidates-votes/1994/陳水扁-village-votes-page-2.json,matched,exact-village-id
1994,大同區,保安里,保安里,黃大洲,1003,data/raw/openfun/tw.gov.cec~txn~candidates-votes/1994/黃大洲-village-votes-page-2.json,matched,exact-village-id
1994,大同區,保安里,保安里,趙少康,558,data/raw/openfun/tw.gov.cec~txn~candidates-votes/1994/趙少康-village-votes-page-2.json,matched,exact-village-id
1994,大同區,南芳里,南芳里,陳水扁,1494,data/raw/openfun/tw.gov.cec~txn~candidates-votes/1994/陳水扁-village-votes-page-2.json,matched,exact-village-id
1994,大同區,南芳里,南芳里,黃大洲,700,data/raw/openfun/tw.gov.cec~txn~candidates-votes/1994/黃大洲-village-votes-page-2.json,matched,exact-village-id
1994,大同區,南芳里,南芳里,趙少康,332,data/raw/openfun/tw.gov.cec~txn~candidates-votes/1994/趙少康-village-votes-page-2.json,matched,exact-village-id
1994,大同區,建功里,建功里,陳水扁,1474,data/raw/openfun/tw.gov.cec~txn~candidates-votes/1994/陳水扁-village-votes-page-1.json,matched,exact-village-id
1994,大同區,建功里,建功里,黃大洲,691,data/raw/openfun/tw.gov.cec~txn~candidates-votes/1994/黃大洲-village-votes-page-1.json,matched,exact-village-id
1994,大同區,建功里,建功里,趙少康,372,data/raw/openfun/tw.gov.cec~txn~candidates-votes/1994/趙少康-village-votes-page-1.json,matched,exact-village-id
1994,大同區,建明里,建明里,陳水扁,1463,data/raw/openfun/tw.gov.cec~txn~candidates-votes/1994/陳水扁-village-votes-page-1.json,matched,exact-village-id
1994,大同區,建明里,建明里,黃大洲,658,data/raw/openfun/tw.gov.cec~txn~candidates-votes/1994/黃大洲-village-votes-page-1.json,matched,exact-village-id
1994,大同區,建明里,建明里,趙少康,315,data/raw/openfun/tw.gov.cec~txn~candidates-votes/1994/趙少康-village-votes-page-1.json,matched,exact-village-id
1994,大同區,建泰里,建泰里,陳水扁,1329,data/raw/openfun/tw.gov.cec~txn~candidates-votes/1994/陳水扁-village-votes-page-2.json,matched,exact-village-id
1994,大同區,建泰里,建泰里,黃大洲,535,data/raw/openfun/tw.gov.cec~txn~candidates-votes/1994/黃大洲-village-votes-page-2.json,matched,exact-village-id
1994,大同區,建泰里,建泰里,趙少康,298,data/raw/openfun/tw.gov.cec~txn~candidates-votes/1994/趙少康-village-votes-page-2.json,matched,exact-village-id
1994,大同區,星明里,星明里,陳水扁,1623,data/raw/openfun/tw.gov.cec~txn~candidates-votes/1994/陳水扁-village-votes-page-2.json,matched,exact-village-id
1994,大同區,星明里,星明里,黃大洲,701,data/raw/openfun/tw.gov.cec~txn~candidates-votes/1994/黃大洲-village-votes-page-2.json,matched,exact-village-id
1994,大同區,星明里,星明里,趙少康,315,data/raw/openfun/tw.gov.cec~txn~candidates-votes/1994/趙少康-village-votes-page-2.json,matched,exact-village-id
1994,大同區,重慶里,重慶里,陳水扁,1488,data/raw/openfun/tw.gov.cec~txn~candidates-votes/1994/陳水扁-village-votes-page-2.json,matched,exact-village-id
1994,大同區,重慶里,重慶里,黃大洲,716,data/raw/openfun/tw.gov.cec~txn~candidates-votes/1994/黃大洲-village-votes-page-2.json,matched,exact-village-id
1994,大同區,重慶里,重慶里,趙少康,414,data/raw/openfun/tw.gov.cec~txn~candidates-votes/1994/趙少康-village-votes-page-2.json,matched,exact-village-id
1994,大同區,國順里,國順里,陳水扁,1906,data/raw/openfun/tw.gov.cec~txn~candidates-votes/1994/陳水扁-village-votes-page-2.json,matched,exact-village-id
1994,大同區,國順里,國順里,黃大洲,666,data/raw/openfun/tw.gov.cec~txn~candidates-votes/1994/黃大洲-village-votes-page-2.json,matched,exact-village-id
1994,大同區,國順里,國順里,趙少康,273,data/raw/openfun/tw.gov.cec~txn~candidates-votes/1994/趙少康-village-votes-page-2.json,matched,exact-village-id
1994,大同區,國慶里,國慶里,陳水扁,908,data/raw/openfun/tw.gov.cec~txn~candidates-votes/1994/陳水扁-village-votes-page-2.json,matched,exact-village-id
1994,大同區,國慶里,國慶里,黃大洲,465,data/raw/openfun/tw.gov.cec~txn~candidates-votes/1994/黃大洲-village-votes-page-2.json,matched,exact-village-id
1994,大同區,國慶里,國慶里,趙少康,231,data/raw/openfun/tw.gov.cec~txn~candidates-votes/1994/趙少康-village-votes-page-2.json,matched,exact-village-id
1994,大同區,揚雅里,揚雅里,陳水扁,1319,data/raw/openfun/tw.gov.cec~txn~candidates-votes/1994/陳水扁-village-votes-page-2.json,matched,exact-village-id
1994,大同區,揚雅里,揚雅里,黃大洲,471,data/raw/openfun/tw.gov.cec~txn~candidates-votes/1994/黃大洲-village-votes-page-2.json,matched,exact-village-id
1994,大同區,揚雅里,揚雅里,趙少康,321,data/raw/openfun/tw.gov.cec~txn~candidates-votes/1994/趙少康-village-votes-page-2.json,matched,exact-village-id
1994,大同區,斯文里,斯文里,陳水扁,1987,data/raw/openfun/tw.gov.cec~txn~candidates-votes/1994/陳水扁-village-votes-page-2.json,matched,exact-village-id
1994,大同區,斯文里,斯文里,黃大洲,797,data/raw/openfun/tw.gov.cec~txn~candidates-votes/1994/黃大洲-village-votes-page-2.json,matched,exact-village-id
1994,大同區,斯文里,斯文里,趙少康,448,data/raw/openfun/tw.gov.cec~txn~candidates-votes/1994/趙少康-village-votes-page-2.json,matched,exact-village-id
1994,大同區,景星里,景星里,陳水扁,1292,data/raw/openfun/tw.gov.cec~txn~candidates-votes/1994/陳水扁-village-votes-page-2.json,matched,exact-village-id
1994,大同區,景星里,景星里,黃大洲,500,data/raw/openfun/tw.gov.cec~txn~candidates-votes/1994/黃大洲-village-votes-page-2.json,matched,exact-village-id
1994,大同區,景星里,景星里,趙少康,219,data/raw/openfun/tw.gov.cec~txn~candidates-votes/1994/趙少康-village-votes-page-2.json,matched,exact-village-id
1994,大同區,朝陽里,朝陽里,陳水扁,1237,data/raw/openfun/tw.gov.cec~txn~candidates-votes/1994/陳水扁-village-votes-page-2.json,matched,exact-village-id
1994,大同區,朝陽里,朝陽里,黃大洲,623,data/raw/openfun/tw.gov.cec~txn~candidates-votes/1994/黃大洲-village-votes-page-2.json,matched,exact-village-id
1994,大同區,朝陽里,朝陽里,趙少康,294,data/raw/openfun/tw.gov.cec~txn~candidates-votes/1994/趙少康-village-votes-page-2.json,matched,exact-village-id
1994,大同區,隆和里,隆和里,陳水扁,1301,data/raw/openfun/tw.gov.cec~txn~candidates-votes/1994/陳水扁-village-votes-page-2.json,matched,exact-village-id
1994,大同區,隆和里,隆和里,黃大洲,575,data/raw/openfun/tw.gov.cec~txn~candidates-votes/1994/黃大洲-village-votes-page-2.json,matched,exact-village-id
1994,大同區,隆和里,隆和里,趙少康,249,data/raw/openfun/tw.gov.cec~txn~candidates-votes/1994/趙少康-village-votes-page-2.json,matched,exact-village-id
1994,大同區,蓬萊里,蓬萊里,陳水扁,1809,data/raw/openfun/tw.gov.cec~txn~candidates-votes/1994/陳水扁-village-votes-page-2.json,matched,exact-village-id
1994,大同區,蓬萊里,蓬萊里,黃大洲,772,data/raw/openfun/tw.gov.cec~txn~candidates-votes/1994/黃大洲-village-votes-page-2.json,matched,exact-village-id
1994,大同區,蓬萊里,蓬萊里,趙少康,422,data/raw/openfun/tw.gov.cec~txn~candidates-votes/1994/趙少康-village-votes-page-2.json,matched,exact-village-id
1994,大同區,鄰江里,鄰江里,陳水扁,2646,data/raw/openfun/tw.gov.cec~txn~candidates-votes/1994/陳水扁-village-votes-page-2.json,matched,exact-village-id
1994,大同區,鄰江里,鄰江里,黃大洲,927,data/raw/openfun/tw.gov.cec~txn~candidates-votes/1994/黃大洲-village-votes-page-2.json,matched,exact-village-id
1994,大同區,鄰江里,鄰江里,趙少康,563,data/raw/openfun/tw.gov.cec~txn~candidates-votes/1994/趙少康-village-votes-page-2.json,matched,exact-village-id
1994,大同區,雙連里,雙連里,陳水扁,3323,data/raw/openfun/tw.gov.cec~txn~candidates-votes/1994/陳水扁-village-votes-page-2.json,matched,exact-village-id
1994,大同區,雙連里,雙連里,黃大洲,1321,data/raw/openfun/tw.gov.cec~txn~candidates-votes/1994/黃大洲-village-votes-page-2.json,matched,exact-village-id
1994,大同區,雙連里,雙連里,趙少康,751,data/raw/openfun/tw.gov.cec~txn~candidates-votes/1994/趙少康-village-votes-page-2.json,matched,exact-village-id
1994,大安區,大學里,大學里,陳水扁,1766,data/raw/openfun/tw.gov.cec~txn~candidates-votes/1994/陳水扁-village-votes-page-1.json,matched,exact-village-id
1994,大安區,大學里,大學里,黃大洲,1125,data/raw/openfun/tw.gov.cec~txn~candidates-votes/1994/黃大洲-village-votes-page-1.json,matched,exact-village-id
1994,大安區,大學里,大學里,趙少康,1827,data/raw/openfun/tw.gov.cec~txn~candidates-votes/1994/趙少康-village-votes-page-1.json,matched,exact-village-id
1994,大安區,仁愛里,仁愛里,陳水扁,1170,data/raw/openfun/tw.gov.cec~txn~candidates-votes/1994/陳水扁-village-votes-page-1.json,matched,exact-village-id
1994,大安區,仁愛里,仁愛里,黃大洲,760,data/raw/openfun/tw.gov.cec~txn~candidates-votes/1994/黃大洲-village-votes-page-1.json,matched,exact-village-id
1994,大安區,仁愛里,仁愛里,趙少康,1067,data/raw/openfun/tw.gov.cec~txn~candidates-votes/1994/趙少康-village-votes-page-1.json,matched,exact-village-id
1994,大安區,仁慈里,仁慈里,陳水扁,982,data/raw/openfun/tw.gov.cec~txn~candidates-votes/1994/陳水扁-village-votes-page-1.json,matched,exact-village-id
1994,大安區,仁慈里,仁慈里,黃大洲,615,data/raw/openfun/tw.gov.cec~txn~candidates-votes/1994/黃大洲-village-votes-page-1.json,matched,exact-village-id
1994,大安區,仁慈里,仁慈里,趙少康,1034,data/raw/openfun/tw.gov.cec~txn~candidates-votes/1994/趙少康-village-votes-page-1.json,matched,exact-village-id
1994,大安區,古風里,古風里,陳水扁,966,data/raw/openfun/tw.gov.cec~txn~candidates-votes/1994/陳水扁-village-votes-page-1.json,matched,exact-village-id
1994,大安區,古風里,古風里,黃大洲,596,data/raw/openfun/tw.gov.cec~txn~candidates-votes/1994/黃大洲-village-votes-page-1.json,matched,exact-village-id
1994,大安區,古風里,古風里,趙少康,796,data/raw/openfun/tw.gov.cec~txn~candidates-votes/1994/趙少康-village-votes-page-1.json,matched,exact-village-id
1994,大安區,古莊里,古莊里,陳水扁,1409,data/raw/openfun/tw.gov.cec~txn~candidates-votes/1994/陳水扁-village-votes-page-1.json,matched,exact-village-id
1994,大安區,古莊里,古莊里,黃大洲,941,data/raw/openfun/tw.gov.cec~txn~candidates-votes/1994/黃大洲-village-votes-page-1.json,matched,exact-village-id
1994,大安區,古莊里,古莊里,趙少康,1372,data/raw/openfun/tw.gov.cec~txn~candidates-votes/1994/趙少康-village-votes-page-1.json,matched,exact-village-id
1994,大安區,正聲里,正聲里,陳水扁,902,data/raw/openfun/tw.gov.cec~txn~candidates-votes/1994/陳水扁-village-votes-page-1.json,matched,exact-village-id
1994,大安區,正聲里,正聲里,黃大洲,625,data/raw/openfun/tw.gov.cec~txn~candidates-votes/1994/黃大洲-village-votes-page-1.json,matched,exact-village-id
1994,大安區,正聲里,正聲里,趙少康,1184,data/raw/openfun/tw.gov.cec~txn~candidates-votes/1994/趙少康-village-votes-page-1.json,matched,exact-village-id
1994,大安區,民炤里,民炤里,陳水扁,1881,data/raw/openfun/tw.gov.cec~txn~candidates-votes/1994/陳水扁-village-votes-page-1.json,matched,exact-village-id
1994,大安區,民炤里,民炤里,黃大洲,1073,data/raw/openfun/tw.gov.cec~txn~candidates-votes/1994/黃大洲-village-votes-page-1.json,matched,exact-village-id
1994,大安區,民炤里,民炤里,趙少康,1552,data/raw/openfun/tw.gov.cec~txn~candidates-votes/1994/趙少康-village-votes-page-1.json,matched,exact-village-id
1994,大安區,民輝里,民輝里,陳水扁,1398,data/raw/openfun/tw.gov.cec~txn~candidates-votes/1994/陳水扁-village-votes-page-1.json,matched,exact-village-id
1994,大安區,民輝里,民輝里,黃大洲,830,data/raw/openfun/tw.gov.cec~txn~candidates-votes/1994/黃大洲-village-votes-page-1.json,matched,exact-village-id
1994,大安區,民輝里,民輝里,趙少康,1070,data/raw/openfun/tw.gov.cec~txn~candidates-votes/1994/趙少康-village-votes-page-1.json,matched,exact-village-id
1994,大安區,永康里,永康里,陳水扁,706,data/raw/openfun/tw.gov.cec~txn~candidates-votes/1994/陳水扁-village-votes-page-1.json,matched,exact-village-id
1994,大安區,永康里,永康里,黃大洲,460,data/raw/openfun/tw.gov.cec~txn~candidates-votes/1994/黃大洲-village-votes-page-1.json,matched,exact-village-id
1994,大安區,永康里,永康里,趙少康,740,data/raw/openfun/tw.gov.cec~txn~candidates-votes/1994/趙少康-village-votes-page-1.json,matched,exact-village-id
1994,大安區,光明里,光明里,陳水扁,874,data/raw/openfun/tw.gov.cec~txn~candidates-votes/1994/陳水扁-village-votes-page-1.json,matched,exact-village-id
1994,大安區,光明里,光明里,黃大洲,634,data/raw/openfun/tw.gov.cec~txn~candidates-votes/1994/黃大洲-village-votes-page-1.json,matched,exact-village-id
1994,大安區,光明里,光明里,趙少康,1059,data/raw/openfun/tw.gov.cec~txn~candidates-votes/1994/趙少康-village-votes-page-1.json,matched,exact-village-id
1994,大安區,光武里,光武里,陳水扁,1603,data/raw/openfun/tw.gov.cec~txn~candidates-votes/1994/陳水扁-village-votes-page-1.json,matched,exact-village-id
1994,大安區,光武里,光武里,黃大洲,886,data/raw/openfun/tw.gov.cec~txn~candidates-votes/1994/黃大洲-village-votes-page-1.json,matched,exact-village-id
1994,大安區,光武里,光武里,趙少康,1582,data/raw/openfun/tw.gov.cec~txn~candidates-votes/1994/趙少康-village-votes-page-1.json,matched,exact-village-id
1994,大安區,光信里,光信里,陳水扁,1771,data/raw/openfun/tw.gov.cec~txn~candidates-votes/1994/陳水扁-village-votes-page-1.json,matched,exact-village-id
1994,大安區,光信里,光信里,黃大洲,1009,data/raw/openfun/tw.gov.cec~txn~candidates-votes/1994/黃大洲-village-votes-page-1.json,matched,exact-village-id
1994,大安區,光信里,光信里,趙少康,1576,data/raw/openfun/tw.gov.cec~txn~candidates-votes/1994/趙少康-village-votes-page-1.json,matched,exact-village-id
1994,大安區,全安里,全安里,陳水扁,894,data/raw/openfun/tw.gov.cec~txn~candidates-votes/1994/陳水扁-village-votes-page-1.json,matched,exact-village-id
1994,大安區,全安里,全安里,黃大洲,603,data/raw/openfun/tw.gov.cec~txn~candidates-votes/1994/黃大洲-village-votes-page-1.json,matched,exact-village-id
1994,大安區,全安里,全安里,趙少康,1033,data/raw/openfun/tw.gov.cec~txn~candidates-votes/1994/趙少康-village-votes-page-1.json,matched,exact-village-id
1994,大安區,住安里,住安里,陳水扁,1235,data/raw/openfun/tw.gov.cec~txn~candidates-votes/1994/陳水扁-village-votes-page-1.json,matched,exact-village-id
1994,大安區,住安里,住安里,黃大洲,848,data/raw/openfun/tw.gov.cec~txn~candidates-votes/1994/黃大洲-village-votes-page-1.json,matched,exact-village-id
1994,大安區,住安里,住安里,趙少康,1290,data/raw/openfun/tw.gov.cec~txn~candidates-votes/1994/趙少康-village-votes-page-1.json,matched,exact-village-id
1994,大安區,車層里,車層里,陳水扁,1494,data/raw/openfun/tw.gov.cec~txn~candidates-votes/1994/陳水扁-village-votes-page-1.json,matched,exact-village-id
1994,大安區,車層里,車層里,黃大洲,896,data/raw/openfun/tw.gov.cec~txn~candidates-votes/1994/黃大洲-village-votes-page-1.json,matched,exact-village-id
1994,大安區,車層里,車層里,趙少康,1315,data/raw/openfun/tw.gov.cec~txn~candidates-votes/1994/趙少康-village-votes-page-1.json,matched,exact-village-id
1994,大安區,和安里,和安里,陳水扁,1289,data/raw/openfun/tw.gov.cec~txn~candidates-votes/1994/陳水扁-village-votes-page-1.json,matched,exact-village-id
1994,大安區,和安里,和安里,黃大洲,959,data/raw/openfun/tw.gov.cec~txn~candidates-votes/1994/黃大洲-village-votes-page-1.json,matched,exact-village-id
1994,大安區,和安里,和安里,趙少康,1501,data/raw/openfun/tw.gov.cec~txn~candidates-votes/1994/趙少康-village-votes-page-1.json,matched,exact-village-id
1994,大安區,昌隆里,昌隆里,陳水扁,1074,data/raw/openfun/tw.gov.cec~txn~candidates-votes/1994/陳水扁-village-votes-page-1.json,matched,exact-village-id
1994,大安區,昌隆里,昌隆里,黃大洲,628,data/raw/openfun/tw.gov.cec~txn~candidates-votes/1994/黃大洲-village-votes-page-1.json,matched,exact-village-id
1994,大安區,昌隆里,昌隆里,趙少康,766,data/raw/openfun/tw.gov.cec~txn~candidates-votes/1994/趙少康-village-votes-page-1.json,matched,exact-village-id
1994,大安區,法治里,法治里,陳水扁,888,data/raw/openfun/tw.gov.cec~txn~candidates-votes/1994/陳水扁-village-votes-page-1.json,matched,exact-village-id
1994,大安區,法治里,法治里,黃大洲,504,data/raw/openfun/tw.gov.cec~txn~candidates-votes/1994/黃大洲-village-votes-page-1.json,matched,exact-village-id
1994,大安區,法治里,法治里,趙少康,1011,data/raw/openfun/tw.gov.cec~txn~candidates-votes/1994/趙少康-village-votes-page-1.json,matched,exact-village-id
1994,大安區,臥龍里,臥龍里,陳水扁,555,data/raw/openfun/tw.gov.cec~txn~candidates-votes/1994/陳水扁-village-votes-page-1.json,matched,exact-village-id
1994,大安區,臥龍里,臥龍里,黃大洲,502,data/raw/openfun/tw.gov.cec~txn~candidates-votes/1994/黃大洲-village-votes-page-1.json,matched,exact-village-id
1994,大安區,臥龍里,臥龍里,趙少康,957,data/raw/openfun/tw.gov.cec~txn~candidates-votes/1994/趙少康-village-votes-page-1.json,matched,exact-village-id
1994,大安區,芳和里,芳和里,陳水扁,1422,data/raw/openfun/tw.gov.cec~txn~candidates-votes/1994/陳水扁-village-votes-page-1.json,matched,exact-village-id
1994,大安區,芳和里,芳和里,黃大洲,996,data/raw/openfun/tw.gov.cec~txn~candidates-votes/1994/黃大洲-village-votes-page-1.json,matched,exact-village-id
1994,大安區,芳和里,芳和里,趙少康,1675,data/raw/openfun/tw.gov.cec~txn~candidates-votes/1994/趙少康-village-votes-page-1.json,matched,exact-village-id
1994,大安區,虎嘯里,虎嘯里,陳水扁,622,data/raw/openfun/tw.gov.cec~txn~candidates-votes/1994/陳水扁-village-votes-page-1.json,matched,exact-village-id
1994,大安區,虎嘯里,虎嘯里,黃大洲,511,data/raw/openfun/tw.gov.cec~txn~candidates-votes/1994/黃大洲-village-votes-page-1.json,matched,exact-village-id
1994,大安區,虎嘯里,虎嘯里,趙少康,835,data/raw/openfun/tw.gov.cec~txn~candidates-votes/1994/趙少康-village-votes-page-1.json,matched,exact-village-id
1994,大安區,建安里,建安里,陳水扁,1044,data/raw/openfun/tw.gov.cec~txn~candidates-votes/1994/陳水扁-village-votes-page-1.json,matched,exact-village-id
1994,大安區,建安里,建安里,黃大洲,642,data/raw/openfun/tw.gov.cec~txn~candidates-votes/1994/黃大洲-village-votes-page-1.json,matched,exact-village-id
1994,大安區,建安里,建安里,趙少康,1074,data/raw/openfun/tw.gov.cec~txn~candidates-votes/1994/趙少康-village-votes-page-1.json,matched,exact-village-id
1994,大安區,建倫里,建倫里,陳水扁,1165,data/raw/openfun/tw.gov.cec~txn~candidates-votes/1994/陳水扁-village-votes-page-1.json,matched,exact-village-id
1994,大安區,建倫里,建倫里,黃大洲,775,data/raw/openfun/tw.gov.cec~txn~candidates-votes/1994/黃大洲-village-votes-page-1.json,matched,exact-village-id
1994,大安區,建倫里,建倫里,趙少康,1193,data/raw/openfun/tw.gov.cec~txn~candidates-votes/1994/趙少康-village-votes-page-1.json,matched,exact-village-id
1994,大安區,通化里,通化里,陳水扁,1937,data/raw/openfun/tw.gov.cec~txn~candidates-votes/1994/陳水扁-village-votes-page-1.json,matched,exact-village-id
1994,大安區,通化里,通化里,黃大洲,933,data/raw/openfun/tw.gov.cec~txn~candidates-votes/1994/黃大洲-village-votes-page-1.json,matched,exact-village-id
1994,大安區,通化里,通化里,趙少康,1130,data/raw/openfun/tw.gov.cec~txn~candidates-votes/1994/趙少康-village-votes-page-1.json,matched,exact-village-id
1994,大安區,通安里,通安里,陳水扁,1455,data/raw/openfun/tw.gov.cec~txn~candidates-votes/1994/陳水扁-village-votes-page-1.json,matched,exact-village-id
1994,大安區,通安里,通安里,黃大洲,883,data/raw/openfun/tw.gov.cec~txn~candidates-votes/1994/黃大洲-village-votes-page-1.json,matched,exact-village-id
1994,大安區,通安里,通安里,趙少康,1301,data/raw/openfun/tw.gov.cec~txn~candidates-votes/1994/趙少康-village-votes-page-1.json,matched,exact-village-id
1994,大安區,敦安里,敦安里,陳水扁,1472,data/raw/openfun/tw.gov.cec~txn~candidates-votes/1994/陳水扁-village-votes-page-1.json,matched,exact-village-id
1994,大安區,敦安里,敦安里,黃大洲,926,data/raw/openfun/tw.gov.cec~txn~candidates-votes/1994/黃大洲-village-votes-page-1.json,matched,exact-village-id
1994,大安區,敦安里,敦安里,趙少康,1099,data/raw/openfun/tw.gov.cec~txn~candidates-votes/1994/趙少康-village-votes-page-1.json,matched,exact-village-id
1994,大安區,敦煌里,敦煌里,陳水扁,1345,data/raw/openfun/tw.gov.cec~txn~candidates-votes/1994/陳水扁-village-votes-page-1.json,matched,exact-village-id
1994,大安區,敦煌里,敦煌里,黃大洲,846,data/raw/openfun/tw.gov.cec~txn~candidates-votes/1994/黃大洲-village-votes-page-1.json,matched,exact-village-id
1994,大安區,敦煌里,敦煌里,趙少康,1207,data/raw/openfun/tw.gov.cec~txn~candidates-votes/1994/趙少康-village-votes-page-1.json,matched,exact-village-id
1994,大安區,華聲里,華聲里,陳水扁,998,data/raw/openfun/tw.gov.cec~txn~candidates-votes/1994/陳水扁-village-votes-page-1.json,matched,exact-village-id
1994,大安區,華聲里,華聲里,黃大洲,584,data/raw/openfun/tw.gov.cec~txn~candidates-votes/1994/黃大洲-village-votes-page-1.json,matched,exact-village-id
1994,大安區,華聲里,華聲里,趙少康,1013,data/raw/openfun/tw.gov.cec~txn~candidates-votes/1994/趙少康-village-votes-page-1.json,matched,exact-village-id
1994,大安區,新龍里,新龍里,陳水扁,884,data/raw/openfun/tw.gov.cec~txn~candidates-votes/1994/陳水扁-village-votes-page-1.json,matched,exact-village-id
1994,大安區,新龍里,新龍里,黃大洲,804,data/raw/openfun/tw.gov.cec~txn~candidates-votes/1994/黃大洲-village-votes-page-1.json,matched,exact-village-id
1994,大安區,新龍里,新龍里,趙少康,2041,data/raw/openfun/tw.gov.cec~txn~candidates-votes/1994/趙少康-village-votes-page-1.json,matched,exact-village-id
1994,大安區,群英里,群英里,陳水扁,901,data/raw/openfun/tw.gov.cec~txn~candidates-votes/1994/陳水扁-village-votes-page-1.json,matched,exact-village-id
1994,大安區,群英里,群英里,黃大洲,916,data/raw/openfun/tw.gov.cec~txn~candidates-votes/1994/黃大洲-village-votes-page-1.json,matched,exact-village-id
1994,大安區,群英里,群英里,趙少康,2901,data/raw/openfun/tw.gov.cec~txn~candidates-votes/1994/趙少康-village-votes-page-1.json,matched,exact-village-id
1994,大安區,群賢里,群賢里,陳水扁,1143,data/raw/openfun/tw.gov.cec~txn~candidates-votes/1994/陳水扁-village-votes-page-1.json,matched,exact-village-id
1994,大安區,群賢里,群賢里,黃大洲,859,data/raw/openfun/tw.gov.cec~txn~candidates-votes/1994/黃大洲-village-votes-page-1.json,matched,exact-village-id
1994,大安區,群賢里,群賢里,趙少康,1603,data/raw/openfun/tw.gov.cec~txn~candidates-votes/1994/趙少康-village-votes-page-1.json,matched,exact-village-id
1994,大安區,義安里,義安里,陳水扁,1118,data/raw/openfun/tw.gov.cec~txn~candidates-votes/1994/陳水扁-village-votes-page-1.json,matched,exact-village-id
1994,大安區,義安里,義安里,黃大洲,709,data/raw/openfun/tw.gov.cec~txn~candidates-votes/1994/黃大洲-village-votes-page-1.json,matched,exact-village-id
1994,大安區,義安里,義安里,趙少康,1373,data/raw/openfun/tw.gov.cec~txn~candidates-votes/1994/趙少康-village-votes-page-1.json,matched,exact-village-id
1994,大安區,義村里,義村里,陳水扁,932,data/raw/openfun/tw.gov.cec~txn~candidates-votes/1994/陳水扁-village-votes-page-1.json,matched,exact-village-id
1994,大安區,義村里,義村里,黃大洲,937,data/raw/openfun/tw.gov.cec~txn~candidates-votes/1994/黃大洲-village-votes-page-1.json,matched,exact-village-id
1994,大安區,義村里,義村里,趙少康,2420,data/raw/openfun/tw.gov.cec~txn~candidates-votes/1994/趙少康-village-votes-page-1.json,matched,exact-village-id
1994,大安區,誠安里,誠安里,陳水扁,1077,data/raw/openfun/tw.gov.cec~txn~candidates-votes/1994/陳水扁-village-votes-page-1.json,matched,exact-village-id
1994,大安區,誠安里,誠安里,黃大洲,663,data/raw/openfun/tw.gov.cec~txn~candidates-votes/1994/黃大洲-village-votes-page-1.json,matched,exact-village-id
1994,大安區,誠安里,誠安里,趙少康,864,data/raw/openfun/tw.gov.cec~txn~candidates-votes/1994/趙少康-village-votes-page-1.json,matched,exact-village-id
1994,大安區,福住里,福住里,陳水扁,983,data/raw/openfun/tw.gov.cec~txn~candidates-votes/1994/陳水扁-village-votes-page-1.json,matched,exact-village-id
1994,大安區,福住里,福住里,黃大洲,653,data/raw/openfun/tw.gov.cec~txn~candidates-votes/1994/黃大洲-village-votes-page-1.json,matched,exact-village-id
1994,大安區,福住里,福住里,趙少康,1057,data/raw/openfun/tw.gov.cec~txn~candidates-votes/1994/趙少康-village-votes-page-1.json,matched,exact-village-id
1994,大安區,德安里,德安里,陳水扁,1055,data/raw/openfun/tw.gov.cec~txn~candidates-votes/1994/陳水扁-village-votes-page-1.json,matched,exact-village-id
1994,大安區,德安里,德安里,黃大洲,664,data/raw/openfun/tw.gov.cec~txn~candidates-votes/1994/黃大洲-village-votes-page-1.json,matched,exact-village-id
1994,大安區,德安里,德安里,趙少康,1201,data/raw/openfun/tw.gov.cec~txn~candidates-votes/1994/趙少康-village-votes-page-1.json,matched,exact-village-id
1994,大安區,黎元里,黎元里,陳水扁,1429,data/raw/openfun/tw.gov.cec~txn~candidates-votes/1994/陳水扁-village-votes-page-1.json,matched,exact-village-id
1994,大安區,黎元里,黎元里,黃大洲,839,data/raw/openfun/tw.gov.cec~txn~candidates-votes/1994/黃大洲-village-votes-page-1.json,matched,exact-village-id
1994,大安區,黎元里,黎元里,趙少康,1238,data/raw/openfun/tw.gov.cec~txn~candidates-votes/1994/趙少康-village-votes-page-1.json,matched,exact-village-id
1994,大安區,黎孝里,黎孝里,陳水扁,1603,data/raw/openfun/tw.gov.cec~txn~candidates-votes/1994/陳水扁-village-votes-page-1.json,matched,exact-village-id
1994,大安區,黎孝里,黎孝里,黃大洲,1081,data/raw/openfun/tw.gov.cec~txn~candidates-votes/1994/黃大洲-village-votes-page-1.json,matched,exact-village-id
1994,大安區,黎孝里,黎孝里,趙少康,1907,data/raw/openfun/tw.gov.cec~txn~candidates-votes/1994/趙少康-village-votes-page-1.json,matched,exact-village-id
1994,大安區,黎和里,黎和里,陳水扁,832,data/raw/openfun/tw.gov.cec~txn~candidates-votes/1994/陳水扁-village-votes-page-1.json,matched,exact-village-id
1994,大安區,黎和里,黎和里,黃大洲,687,data/raw/openfun/tw.gov.cec~txn~candidates-votes/1994/黃大洲-village-votes-page-1.json,matched,exact-village-id
1994,大安區,黎和里,黎和里,趙少康,994,data/raw/openfun/tw.gov.cec~txn~candidates-votes/1994/趙少康-village-votes-page-1.json,matched,exact-village-id
1994,大安區,錦安里,錦安里,陳水扁,1054,data/raw/openfun/tw.gov.cec~txn~candidates-votes/1994/陳水扁-village-votes-page-1.json,matched,exact-village-id
1994,大安區,錦安里,錦安里,黃大洲,704,data/raw/openfun/tw.gov.cec~txn~candidates-votes/1994/黃大洲-village-votes-page-1.json,matched,exact-village-id
1994,大安區,錦安里,錦安里,趙少康,1088,data/raw/openfun/tw.gov.cec~txn~candidates-votes/1994/趙少康-village-votes-page-1.json,matched,exact-village-id
1994,大安區,錦泰里,錦泰里,陳水扁,916,data/raw/openfun/tw.gov.cec~txn~candidates-votes/1994/陳水扁-village-votes-page-1.json,matched,exact-village-id
1994,大安區,錦泰里,錦泰里,黃大洲,815,data/raw/openfun/tw.gov.cec~txn~candidates-votes/1994/黃大洲-village-votes-page-1.json,matched,exact-village-id
1994,大安區,錦泰里,錦泰里,趙少康,1568,data/raw/openfun/tw.gov.cec~txn~candidates-votes/1994/趙少康-village-votes-page-1.json,matched,exact-village-id
1994,大安區,錦華里,錦華里,陳水扁,1188,data/raw/openfun/tw.gov.cec~txn~candidates-votes/1994/陳水扁-village-votes-page-1.json,matched,exact-village-id
1994,大安區,錦華里,錦華里,黃大洲,862,data/raw/openfun/tw.gov.cec~txn~candidates-votes/1994/黃大洲-village-votes-page-1.json,matched,exact-village-id
1994,大安區,錦華里,錦華里,趙少康,1162,data/raw/openfun/tw.gov.cec~txn~candidates-votes/1994/趙少康-village-votes-page-1.json,matched,exact-village-id
1994,大安區,龍生里,龍生里,陳水扁,1171,data/raw/openfun/tw.gov.cec~txn~candidates-votes/1994/陳水扁-village-votes-page-1.json,matched,exact-village-id
1994,大安區,龍生里,龍生里,黃大洲,870,data/raw/openfun/tw.gov.cec~txn~candidates-votes/1994/黃大洲-village-votes-page-1.json,matched,exact-village-id
1994,大安區,龍生里,龍生里,趙少康,1552,data/raw/openfun/tw.gov.cec~txn~candidates-votes/1994/趙少康-village-votes-page-1.json,matched,exact-village-id
1994,大安區,龍安里,龍安里,陳水扁,1094,data/raw/openfun/tw.gov.cec~txn~candidates-votes/1994/陳水扁-village-votes-page-1.json,matched,exact-village-id
1994,大安區,龍安里,龍安里,黃大洲,702,data/raw/openfun/tw.gov.cec~txn~candidates-votes/1994/黃大洲-village-votes-page-1.json,matched,exact-village-id
1994,大安區,龍安里,龍安里,趙少康,1096,data/raw/openfun/tw.gov.cec~txn~candidates-votes/1994/趙少康-village-votes-page-1.json,matched,exact-village-id
1994,大安區,龍坡里,龍坡里,陳水扁,981,data/raw/openfun/tw.gov.cec~txn~candidates-votes/1994/陳水扁-village-votes-page-1.json,matched,exact-village-id
1994,大安區,龍坡里,龍坡里,黃大洲,720,data/raw/openfun/tw.gov.cec~txn~candidates-votes/1994/黃大洲-village-votes-page-1.json,matched,exact-village-id
1994,大安區,龍坡里,龍坡里,趙少康,1418,data/raw/openfun/tw.gov.cec~txn~candidates-votes/1994/趙少康-village-votes-page-1.json,matched,exact-village-id
1994,大安區,龍門里,龍門里,陳水扁,907,data/raw/openfun/tw.gov.cec~txn~candidates-votes/1994/陳水扁-village-votes-page-1.json,matched,exact-village-id
1994,大安區,龍門里,龍門里,黃大洲,608,data/raw/openfun/tw.gov.cec~txn~candidates-votes/1994/黃大洲-village-votes-page-1.json,matched,exact-village-id
1994,大安區,龍門里,龍門里,趙少康,1173,data/raw/openfun/tw.gov.cec~txn~candidates-votes/1994/趙少康-village-votes-page-1.json,matched,exact-village-id
1994,大安區,龍泉里,龍泉里,陳水扁,1003,data/raw/openfun/tw.gov.cec~txn~candidates-votes/1994/陳水扁-village-votes-page-1.json,matched,exact-village-id
1994,大安區,龍泉里,龍泉里,黃大洲,579,data/raw/openfun/tw.gov.cec~txn~candidates-votes/1994/黃大洲-village-votes-page-1.json,matched,exact-village-id
1994,大安區,龍泉里,龍泉里,趙少康,967,data/raw/openfun/tw.gov.cec~txn~candidates-votes/1994/趙少康-village-votes-page-1.json,matched,exact-village-id
1994,大安區,龍陣里,龍陣里,陳水扁,793,data/raw/openfun/tw.gov.cec~txn~candidates-votes/1994/陳水扁-village-votes-page-1.json,matched,exact-village-id
1994,大安區,龍陣里,龍陣里,黃大洲,533,data/raw/openfun/tw.gov.cec~txn~candidates-votes/1994/黃大洲-village-votes-page-1.json,matched,exact-village-id
1994,大安區,龍陣里,龍陣里,趙少康,921,data/raw/openfun/tw.gov.cec~txn~candidates-votes/1994/趙少康-village-votes-page-1.json,matched,exact-village-id
1994,大安區,龍淵里,龍淵里,陳水扁,1807,data/raw/openfun/tw.gov.cec~txn~candidates-votes/1994/陳水扁-village-votes-page-1.json,matched,exact-village-id
1994,大安區,龍淵里,龍淵里,黃大洲,1171,data/raw/openfun/tw.gov.cec~txn~candidates-votes/1994/黃大洲-village-votes-page-1.json,matched,exact-village-id
1994,大安區,龍淵里,龍淵里,趙少康,2143,data/raw/openfun/tw.gov.cec~txn~candidates-votes/1994/趙少康-village-votes-page-1.json,matched,exact-village-id
1994,大安區,龍雲里,龍雲里,陳水扁,1240,data/raw/openfun/tw.gov.cec~txn~candidates-votes/1994/陳水扁-village-votes-page-1.json,matched,exact-village-id
1994,大安區,龍雲里,龍雲里,黃大洲,637,data/raw/openfun/tw.gov.cec~txn~candidates-votes/1994/黃大洲-village-votes-page-1.json,matched,exact-village-id
1994,大安區,龍雲里,龍雲里,趙少康,1131,data/raw/openfun/tw.gov.cec~txn~candidates-votes/1994/趙少康-village-votes-page-1.json,matched,exact-village-id
1994,大安區,龍圖里,龍圖里,陳水扁,1331,data/raw/openfun/tw.gov.cec~txn~candidates-votes/1994/陳水扁-village-votes-page-1.json,matched,exact-village-id
1994,大安區,龍圖里,龍圖里,黃大洲,905,data/raw/openfun/tw.gov.cec~txn~candidates-votes/1994/黃大洲-village-votes-page-1.json,matched,exact-village-id
1994,大安區,龍圖里,龍圖里,趙少康,1540,data/raw/openfun/tw.gov.cec~txn~candidates-votes/1994/趙少康-village-votes-page-1.json,matched,exact-village-id
1994,大安區,臨江里,臨江里,陳水扁,1232,data/raw/openfun/tw.gov.cec~txn~candidates-votes/1994/陳水扁-village-votes-page-1.json,matched,exact-village-id
1994,大安區,臨江里,臨江里,黃大洲,679,data/raw/openfun/tw.gov.cec~txn~candidates-votes/1994/黃大洲-village-votes-page-1.json,matched,exact-village-id
1994,大安區,臨江里,臨江里,趙少康,881,data/raw/openfun/tw.gov.cec~txn~candidates-votes/1994/趙少康-village-votes-page-1.json,matched,exact-village-id
1994,中山區,力行里,力行里,陳水扁,1991,data/raw/openfun/tw.gov.cec~txn~candidates-votes/1994/陳水扁-village-votes-page-1.json,matched,exact-village-id
1994,中山區,力行里,力行里,黃大洲,933,data/raw/openfun/tw.gov.cec~txn~candidates-votes/1994/黃大洲-village-votes-page-1.json,matched,exact-village-id
1994,中山區,力行里,力行里,趙少康,910,data/raw/openfun/tw.gov.cec~txn~candidates-votes/1994/趙少康-village-votes-page-1.json,matched,exact-village-id
1994,中山區,下埤里,下埤里,陳水扁,2264,data/raw/openfun/tw.gov.cec~txn~candidates-votes/1994/陳水扁-village-votes-page-1.json,matched,exact-village-id
1994,中山區,下埤里,下埤里,黃大洲,1060,data/raw/openfun/tw.gov.cec~txn~candidates-votes/1994/黃大洲-village-votes-page-1.json,matched,exact-village-id
1994,中山區,下埤里,下埤里,趙少康,958,data/raw/openfun/tw.gov.cec~txn~candidates-votes/1994/趙少康-village-votes-page-1.json,matched,exact-village-id
1994,中山區,大佳里,大佳里,陳水扁,430,data/raw/openfun/tw.gov.cec~txn~candidates-votes/1994/陳水扁-village-votes-page-1.json,matched,exact-village-id
1994,中山區,大佳里,大佳里,黃大洲,172,data/raw/openfun/tw.gov.cec~txn~candidates-votes/1994/黃大洲-village-votes-page-1.json,matched,exact-village-id
1994,中山區,大佳里,大佳里,趙少康,58,data/raw/openfun/tw.gov.cec~txn~candidates-votes/1994/趙少康-village-votes-page-1.json,matched,exact-village-id
1994,中山區,大直里,大直里,陳水扁,2498,data/raw/openfun/tw.gov.cec~txn~candidates-votes/1994/陳水扁-village-votes-page-1.json,matched,exact-village-id
1994,中山區,大直里,大直里,黃大洲,1627,data/raw/openfun/tw.gov.cec~txn~candidates-votes/1994/黃大洲-village-votes-page-1.json,matched,exact-village-id
1994,中山區,大直里,大直里,趙少康,2101,data/raw/openfun/tw.gov.cec~txn~candidates-votes/1994/趙少康-village-votes-page-1.json,matched,exact-village-id
1994,中山區,中山里,中山里,陳水扁,1402,data/raw/openfun/tw.gov.cec~txn~candidates-votes/1994/陳水扁-village-votes-page-1.json,matched,exact-village-id
1994,中山區,中山里,中山里,黃大洲,731,data/raw/openfun/tw.gov.cec~txn~candidates-votes/1994/黃大洲-village-votes-page-1.json,matched,exact-village-id
1994,中山區,中山里,中山里,趙少康,534,data/raw/openfun/tw.gov.cec~txn~candidates-votes/1994/趙少康-village-votes-page-1.json,matched,exact-village-id
1994,中山區,中央里,中央里,陳水扁,966,data/raw/openfun/tw.gov.cec~txn~candidates-votes/1994/陳水扁-village-votes-page-1.json,matched,exact-village-id
1994,中山區,中央里,中央里,黃大洲,541,data/raw/openfun/tw.gov.cec~txn~candidates-votes/1994/黃大洲-village-votes-page-1.json,matched,exact-village-id
1994,中山區,中央里,中央里,趙少康,652,data/raw/openfun/tw.gov.cec~txn~candidates-votes/1994/趙少康-village-votes-page-1.json,matched,exact-village-id
1994,中山區,中吉里,中吉里,陳水扁,1702,data/raw/openfun/tw.gov.cec~txn~candidates-votes/1994/陳水扁-village-votes-page-1.json,matched,exact-village-id
1994,中山區,中吉里,中吉里,黃大洲,748,data/raw/openfun/tw.gov.cec~txn~candidates-votes/1994/黃大洲-village-votes-page-1.json,matched,exact-village-id
1994,中山區,中吉里,中吉里,趙少康,528,data/raw/openfun/tw.gov.cec~txn~candidates-votes/1994/趙少康-village-votes-page-1.json,matched,exact-village-id
1994,中山區,中庄里,中庄里,陳水扁,1902,data/raw/openfun/tw.gov.cec~txn~candidates-votes/1994/陳水扁-village-votes-page-1.json,matched,exact-village-id
1994,中山區,中庄里,中庄里,黃大洲,820,data/raw/openfun/tw.gov.cec~txn~candidates-votes/1994/黃大洲-village-votes-page-1.json,matched,exact-village-id
1994,中山區,中庄里,中庄里,趙少康,594,data/raw/openfun/tw.gov.cec~txn~candidates-votes/1994/趙少康-village-votes-page-1.json,matched,exact-village-id
1994,中山區,中原里,中原里,陳水扁,1428,data/raw/openfun/tw.gov.cec~txn~candidates-votes/1994/陳水扁-village-votes-page-1.json,matched,exact-village-id
1994,中山區,中原里,中原里,黃大洲,651,data/raw/openfun/tw.gov.cec~txn~candidates-votes/1994/黃大洲-village-votes-page-1.json,matched,exact-village-id
1994,中山區,中原里,中原里,趙少康,482,data/raw/openfun/tw.gov.cec~txn~candidates-votes/1994/趙少康-village-votes-page-1.json,matched,exact-village-id
1994,中山區,正守里,正守里,陳水扁,1140,data/raw/openfun/tw.gov.cec~txn~candidates-votes/1994/陳水扁-village-votes-page-1.json,matched,exact-village-id
1994,中山區,正守里,正守里,黃大洲,669,data/raw/openfun/tw.gov.cec~txn~candidates-votes/1994/黃大洲-village-votes-page-1.json,matched,exact-village-id
1994,中山區,正守里,正守里,趙少康,484,data/raw/openfun/tw.gov.cec~txn~candidates-votes/1994/趙少康-village-votes-page-1.json,matched,exact-village-id
1994,中山區,正得里,正得里,陳水扁,838,data/raw/openfun/tw.gov.cec~txn~candidates-votes/1994/陳水扁-village-votes-page-1.json,matched,exact-village-id
1994,中山區,正得里,正得里,黃大洲,564,data/raw/openfun/tw.gov.cec~txn~candidates-votes/1994/黃大洲-village-votes-page-1.json,matched,exact-village-id
1994,中山區,正得里,正得里,趙少康,427,data/raw/openfun/tw.gov.cec~txn~candidates-votes/1994/趙少康-village-votes-page-1.json,matched,exact-village-id
1994,中山區,正義里,正義里,陳水扁,1033,data/raw/openfun/tw.gov.cec~txn~candidates-votes/1994/陳水扁-village-votes-page-1.json,matched,exact-village-id
1994,中山區,正義里,正義里,黃大洲,665,data/raw/openfun/tw.gov.cec~txn~candidates-votes/1994/黃大洲-village-votes-page-1.json,matched,exact-village-id
1994,中山區,正義里,正義里,趙少康,522,data/raw/openfun/tw.gov.cec~txn~candidates-votes/1994/趙少康-village-votes-page-1.json,matched,exact-village-id
1994,中山區,民安里,民安里,陳水扁,1593,data/raw/openfun/tw.gov.cec~txn~candidates-votes/1994/陳水扁-village-votes-page-1.json,matched,exact-village-id
1994,中山區,民安里,民安里,黃大洲,814,data/raw/openfun/tw.gov.cec~txn~candidates-votes/1994/黃大洲-village-votes-page-1.json,matched,exact-village-id
1994,中山區,民安里,民安里,趙少康,641,data/raw/openfun/tw.gov.cec~txn~candidates-votes/1994/趙少康-village-votes-page-1.json,matched,exact-village-id
1994,中山區,永安里,永安里,陳水扁,1082,data/raw/openfun/tw.gov.cec~txn~candidates-votes/1994/陳水扁-village-votes-page-1.json,matched,exact-village-id
1994,中山區,永安里,永安里,黃大洲,628,data/raw/openfun/tw.gov.cec~txn~candidates-votes/1994/黃大洲-village-votes-page-1.json,matched,exact-village-id
1994,中山區,永安里,永安里,趙少康,769,data/raw/openfun/tw.gov.cec~txn~candidates-votes/1994/趙少康-village-votes-page-1.json,matched,exact-village-id
1994,中山區,成功里,成功里,陳水扁,1140,data/raw/openfun/tw.gov.cec~txn~candidates-votes/1994/陳水扁-village-votes-page-1.json,matched,exact-village-id
1994,中山區,成功里,成功里,黃大洲,698,data/raw/openfun/tw.gov.cec~txn~candidates-votes/1994/黃大洲-village-votes-page-1.json,matched,exact-village-id
1994,中山區,成功里,成功里,趙少康,1120,data/raw/openfun/tw.gov.cec~txn~candidates-votes/1994/趙少康-village-votes-page-1.json,matched,exact-village-id
1994,中山區,朱崙里,朱崙里,陳水扁,1083,data/raw/openfun/tw.gov.cec~txn~candidates-votes/1994/陳水扁-village-votes-page-1.json,matched,exact-village-id
1994,中山區,朱崙里,朱崙里,黃大洲,461,data/raw/openfun/tw.gov.cec~txn~candidates-votes/1994/黃大洲-village-votes-page-1.json,matched,exact-village-id
1994,中山區,朱崙里,朱崙里,趙少康,507,data/raw/openfun/tw.gov.cec~txn~candidates-votes/1994/趙少康-village-votes-page-1.json,matched,exact-village-id
1994,中山區,朱園里,朱園里,陳水扁,1299,data/raw/openfun/tw.gov.cec~txn~candidates-votes/1994/陳水扁-village-votes-page-1.json,matched,exact-village-id
1994,中山區,朱園里,朱園里,黃大洲,668,data/raw/openfun/tw.gov.cec~txn~candidates-votes/1994/黃大洲-village-votes-page-1.json,matched,exact-village-id
1994,中山區,朱園里,朱園里,趙少康,544,data/raw/openfun/tw.gov.cec~txn~candidates-votes/1994/趙少康-village-votes-page-1.json,matched,exact-village-id
1994,中山區,朱馥里,朱馥里,陳水扁,1729,data/raw/openfun/tw.gov.cec~txn~candidates-votes/1994/陳水扁-village-votes-page-1.json,matched,exact-village-id
1994,中山區,朱馥里,朱馥里,黃大洲,985,data/raw/openfun/tw.gov.cec~txn~candidates-votes/1994/黃大洲-village-votes-page-1.json,matched,exact-village-id
1994,中山區,朱馥里,朱馥里,趙少康,1041,data/raw/openfun/tw.gov.cec~txn~candidates-votes/1994/趙少康-village-votes-page-1.json,matched,exact-village-id
1994,中山區,江山里,江山里,陳水扁,2319,data/raw/openfun/tw.gov.cec~txn~candidates-votes/1994/陳水扁-village-votes-page-1.json,matched,exact-village-id
1994,中山區,江山里,江山里,黃大洲,1120,data/raw/openfun/tw.gov.cec~txn~candidates-votes/1994/黃大洲-village-votes-page-1.json,matched,exact-village-id
1994,中山區,江山里,江山里,趙少康,1057,data/raw/openfun/tw.gov.cec~txn~candidates-votes/1994/趙少康-village-votes-page-1.json,matched,exact-village-id
1994,中山區,江寧里,江寧里,陳水扁,1836,data/raw/openfun/tw.gov.cec~txn~candidates-votes/1994/陳水扁-village-votes-page-1.json,matched,exact-village-id
1994,中山區,江寧里,江寧里,黃大洲,958,data/raw/openfun/tw.gov.cec~txn~candidates-votes/1994/黃大洲-village-votes-page-1.json,matched,exact-village-id
1994,中山區,江寧里,江寧里,趙少康,833,data/raw/openfun/tw.gov.cec~txn~candidates-votes/1994/趙少康-village-votes-page-1.json,matched,exact-village-id
1994,中山區,行仁里,行仁里,陳水扁,2712,data/raw/openfun/tw.gov.cec~txn~candidates-votes/1994/陳水扁-village-votes-page-1.json,matched,exact-village-id
1994,中山區,行仁里,行仁里,黃大洲,1180,data/raw/openfun/tw.gov.cec~txn~candidates-votes/1994/黃大洲-village-votes-page-1.json,matched,exact-village-id
1994,中山區,行仁里,行仁里,趙少康,957,data/raw/openfun/tw.gov.cec~txn~candidates-votes/1994/趙少康-village-votes-page-1.json,matched,exact-village-id
1994,中山區,行孝里,行孝里,陳水扁,1198,data/raw/openfun/tw.gov.cec~txn~candidates-votes/1994/陳水扁-village-votes-page-1.json,matched,exact-village-id
1994,中山區,行孝里,行孝里,黃大洲,615,data/raw/openfun/tw.gov.cec~txn~candidates-votes/1994/黃大洲-village-votes-page-1.json,matched,exact-village-id
1994,中山區,行孝里,行孝里,趙少康,535,data/raw/openfun/tw.gov.cec~txn~candidates-votes/1994/趙少康-village-votes-page-1.json,matched,exact-village-id
1994,中山區,行政里,行政里,陳水扁,1631,data/raw/openfun/tw.gov.cec~txn~candidates-votes/1994/陳水扁-village-votes-page-1.json,matched,exact-village-id
1994,中山區,行政里,行政里,黃大洲,744,data/raw/openfun/tw.gov.cec~txn~candidates-votes/1994/黃大洲-village-votes-page-1.json,matched,exact-village-id
1994,中山區,行政里,行政里,趙少康,645,data/raw/openfun/tw.gov.cec~txn~candidates-votes/1994/趙少康-village-votes-page-1.json,matched,exact-village-id
1994,中山區,松江里,松江里,陳水扁,1850,data/raw/openfun/tw.gov.cec~txn~candidates-votes/1994/陳水扁-village-votes-page-1.json,matched,exact-village-id
1994,中山區,松江里,松江里,黃大洲,1034,data/raw/openfun/tw.gov.cec~txn~candidates-votes/1994/黃大洲-village-votes-page-1.json,matched,exact-village-id
1994,中山區,松江里,松江里,趙少康,901,data/raw/openfun/tw.gov.cec~txn~candidates-votes/1994/趙少康-village-votes-page-1.json,matched,exact-village-id
1994,中山區,恆安里,恆安里,陳水扁,891,data/raw/openfun/tw.gov.cec~txn~candidates-votes/1994/陳水扁-village-votes-page-1.json,matched,exact-village-id
1994,中山區,恆安里,恆安里,黃大洲,482,data/raw/openfun/tw.gov.cec~txn~candidates-votes/1994/黃大洲-village-votes-page-1.json,matched,exact-village-id
1994,中山區,恆安里,恆安里,趙少康,342,data/raw/openfun/tw.gov.cec~txn~candidates-votes/1994/趙少康-village-votes-page-1.json,matched,exact-village-id
1994,中山區,埤頭里,埤頭里,陳水扁,1181,data/raw/openfun/tw.gov.cec~txn~candidates-votes/1994/陳水扁-village-votes-page-1.json,matched,exact-village-id
1994,中山區,埤頭里,埤頭里,黃大洲,783,data/raw/openfun/tw.gov.cec~txn~candidates-votes/1994/黃大洲-village-votes-page-1.json,matched,exact-village-id
1994,中山區,埤頭里,埤頭里,趙少康,912,data/raw/openfun/tw.gov.cec~txn~candidates-votes/1994/趙少康-village-votes-page-1.json,matched,exact-village-id
1994,中山區,康樂里,康樂里,陳水扁,1250,data/raw/openfun/tw.gov.cec~txn~candidates-votes/1994/陳水扁-village-votes-page-1.json,matched,exact-village-id
1994,中山區,康樂里,康樂里,黃大洲,762,data/raw/openfun/tw.gov.cec~txn~candidates-votes/1994/黃大洲-village-votes-page-1.json,matched,exact-village-id
1994,中山區,康樂里,康樂里,趙少康,1091,data/raw/openfun/tw.gov.cec~txn~candidates-votes/1994/趙少康-village-votes-page-1.json,matched,exact-village-id
1994,中山區,復華里,復華里,陳水扁,875,data/raw/openfun/tw.gov.cec~txn~candidates-votes/1994/陳水扁-village-votes-page-1.json,matched,exact-village-id
1994,中山區,復華里,復華里,黃大洲,665,data/raw/openfun/tw.gov.cec~txn~candidates-votes/1994/黃大洲-village-votes-page-1.json,matched,exact-village-id
1994,中山區,復華里,復華里,趙少康,750,data/raw/openfun/tw.gov.cec~txn~candidates-votes/1994/趙少康-village-votes-page-1.json,matched,exact-village-id
1994,中山區,晴光里,晴光里,陳水扁,967,data/raw/openfun/tw.gov.cec~txn~candidates-votes/1994/陳水扁-village-votes-page-1.json,matched,exact-village-id
1994,中山區,晴光里,晴光里,黃大洲,585,data/raw/openfun/tw.gov.cec~txn~candidates-votes/1994/黃大洲-village-votes-page-1.json,matched,exact-village-id
1994,中山區,晴光里,晴光里,趙少康,422,data/raw/openfun/tw.gov.cec~txn~candidates-votes/1994/趙少康-village-votes-page-1.json,matched,exact-village-id
1994,中山區,集英里,集英里,陳水扁,1885,data/raw/openfun/tw.gov.cec~txn~candidates-votes/1994/陳水扁-village-votes-page-1.json,matched,exact-village-id
1994,中山區,集英里,集英里,黃大洲,864,data/raw/openfun/tw.gov.cec~txn~candidates-votes/1994/黃大洲-village-votes-page-1.json,matched,exact-village-id
1994,中山區,集英里,集英里,趙少康,584,data/raw/openfun/tw.gov.cec~txn~candidates-votes/1994/趙少康-village-votes-page-1.json,matched,exact-village-id
1994,中山區,圓山里,圓山里,陳水扁,1167,data/raw/openfun/tw.gov.cec~txn~candidates-votes/1994/陳水扁-village-votes-page-1.json,matched,exact-village-id
1994,中山區,圓山里,圓山里,黃大洲,709,data/raw/openfun/tw.gov.cec~txn~candidates-votes/1994/黃大洲-village-votes-page-1.json,matched,exact-village-id
1994,中山區,圓山里,圓山里,趙少康,844,data/raw/openfun/tw.gov.cec~txn~candidates-votes/1994/趙少康-village-votes-page-1.json,matched,exact-village-id
1994,中山區,新生里,新生里,陳水扁,1603,data/raw/openfun/tw.gov.cec~txn~candidates-votes/1994/陳水扁-village-votes-page-1.json,matched,exact-village-id
1994,中山區,新生里,新生里,黃大洲,720,data/raw/openfun/tw.gov.cec~txn~candidates-votes/1994/黃大洲-village-votes-page-1.json,matched,exact-village-id
1994,中山區,新生里,新生里,趙少康,454,data/raw/openfun/tw.gov.cec~txn~candidates-votes/1994/趙少康-village-votes-page-1.json,matched,exact-village-id
1994,中山區,新庄里,新庄里,陳水扁,1634,data/raw/openfun/tw.gov.cec~txn~candidates-votes/1994/陳水扁-village-votes-page-1.json,matched,exact-village-id
1994,中山區,新庄里,新庄里,黃大洲,797,data/raw/openfun/tw.gov.cec~txn~candidates-votes/1994/黃大洲-village-votes-page-1.json,matched,exact-village-id
1994,中山區,新庄里,新庄里,趙少康,553,data/raw/openfun/tw.gov.cec~txn~candidates-votes/1994/趙少康-village-votes-page-1.json,matched,exact-village-id
1994,中山區,新喜里,新喜里,陳水扁,1716,data/raw/openfun/tw.gov.cec~txn~candidates-votes/1994/陳水扁-village-votes-page-1.json,matched,exact-village-id
1994,中山區,新喜里,新喜里,黃大洲,767,data/raw/openfun/tw.gov.cec~txn~candidates-votes/1994/黃大洲-village-votes-page-1.json,matched,exact-village-id
1994,中山區,新喜里,新喜里,趙少康,492,data/raw/openfun/tw.gov.cec~txn~candidates-votes/1994/趙少康-village-votes-page-1.json,matched,exact-village-id
1994,中山區,新福里,新福里,陳水扁,1779,data/raw/openfun/tw.gov.cec~txn~candidates-votes/1994/陳水扁-village-votes-page-1.json,matched,exact-village-id
1994,中山區,新福里,新福里,黃大洲,751,data/raw/openfun/tw.gov.cec~txn~candidates-votes/1994/黃大洲-village-votes-page-1.json,matched,exact-village-id
1994,中山區,新福里,新福里,趙少康,471,data/raw/openfun/tw.gov.cec~txn~candidates-votes/1994/趙少康-village-votes-page-1.json,matched,exact-village-id
1994,中山區,聚盛里,聚盛里,陳水扁,861,data/raw/openfun/tw.gov.cec~txn~candidates-votes/1994/陳水扁-village-votes-page-1.json,matched,exact-village-id
1994,中山區,聚盛里,聚盛里,黃大洲,483,data/raw/openfun/tw.gov.cec~txn~candidates-votes/1994/黃大洲-village-votes-page-1.json,matched,exact-village-id
1994,中山區,聚盛里,聚盛里,趙少康,398,data/raw/openfun/tw.gov.cec~txn~candidates-votes/1994/趙少康-village-votes-page-1.json,matched,exact-village-id
1994,中山區,聚葉里,聚葉里,陳水扁,1137,data/raw/openfun/tw.gov.cec~txn~candidates-votes/1994/陳水扁-village-votes-page-1.json,matched,exact-village-id
1994,中山區,聚葉里,聚葉里,黃大洲,629,data/raw/openfun/tw.gov.cec~txn~candidates-votes/1994/黃大洲-village-votes-page-1.json,matched,exact-village-id
1994,中山區,聚葉里,聚葉里,趙少康,385,data/raw/openfun/tw.gov.cec~txn~candidates-votes/1994/趙少康-village-votes-page-1.json,matched,exact-village-id
1994,中山區,劍潭里,劍潭里,陳水扁,274,data/raw/openfun/tw.gov.cec~txn~candidates-votes/1994/陳水扁-village-votes-page-1.json,matched,exact-village-id
1994,中山區,劍潭里,劍潭里,黃大洲,433,data/raw/openfun/tw.gov.cec~txn~candidates-votes/1994/黃大洲-village-votes-page-1.json,matched,exact-village-id
1994,中山區,劍潭里,劍潭里,趙少康,698,data/raw/openfun/tw.gov.cec~txn~candidates-votes/1994/趙少康-village-votes-page-1.json,matched,exact-village-id
1994,中山區,興亞里,興亞里,陳水扁,1545,data/raw/openfun/tw.gov.cec~txn~candidates-votes/1994/陳水扁-village-votes-page-1.json,matched,exact-village-id
1994,中山區,興亞里,興亞里,黃大洲,757,data/raw/openfun/tw.gov.cec~txn~candidates-votes/1994/黃大洲-village-votes-page-1.json,matched,exact-village-id
1994,中山區,興亞里,興亞里,趙少康,655,data/raw/openfun/tw.gov.cec~txn~candidates-votes/1994/趙少康-village-votes-page-1.json,matched,exact-village-id
1994,中山區,龍洲里,龍洲里,陳水扁,809,data/raw/openfun/tw.gov.cec~txn~candidates-votes/1994/陳水扁-village-votes-page-1.json,matched,exact-village-id
1994,中山區,龍洲里,龍洲里,黃大洲,780,data/raw/openfun/tw.gov.cec~txn~candidates-votes/1994/黃大洲-village-votes-page-1.json,matched,exact-village-id
1994,中山區,龍洲里,龍洲里,趙少康,1899,data/raw/openfun/tw.gov.cec~txn~candidates-votes/1994/趙少康-village-votes-page-1.json,matched,exact-village-id
1994,中正區,三愛里,三愛里,陳水扁,1808,data/raw/openfun/tw.gov.cec~txn~candidates-votes/1994/陳水扁-village-votes-page-1.json,matched,exact-village-id
1994,中正區,三愛里,三愛里,黃大洲,1041,data/raw/openfun/tw.gov.cec~txn~candidates-votes/1994/黃大洲-village-votes-page-1.json,matched,exact-village-id
1994,中正區,三愛里,三愛里,趙少康,1623,data/raw/openfun/tw.gov.cec~txn~candidates-votes/1994/趙少康-village-votes-page-1.json,matched,exact-village-id
1994,中正區,文北里,文北里,陳水扁,1145,data/raw/openfun/tw.gov.cec~txn~candidates-votes/1994/陳水扁-village-votes-page-1.json,matched,exact-village-id
1994,中正區,文北里,文北里,黃大洲,793,data/raw/openfun/tw.gov.cec~txn~candidates-votes/1994/黃大洲-village-votes-page-1.json,matched,exact-village-id
1994,中正區,文北里,文北里,趙少康,936,data/raw/openfun/tw.gov.cec~txn~candidates-votes/1994/趙少康-village-votes-page-1.json,matched,exact-village-id
1994,中正區,文盛里,文盛里,陳水扁,698,data/raw/openfun/tw.gov.cec~txn~candidates-votes/1994/陳水扁-village-votes-page-1.json,matched,exact-village-id
1994,中正區,文盛里,文盛里,黃大洲,378,data/raw/openfun/tw.gov.cec~txn~candidates-votes/1994/黃大洲-village-votes-page-1.json,matched,exact-village-id
1994,中正區,文盛里,文盛里,趙少康,597,data/raw/openfun/tw.gov.cec~txn~candidates-votes/1994/趙少康-village-votes-page-1.json,matched,exact-village-id
1994,中正區,文祥里,文祥里,陳水扁,1660,data/raw/openfun/tw.gov.cec~txn~candidates-votes/1994/陳水扁-village-votes-page-1.json,matched,exact-village-id
1994,中正區,文祥里,文祥里,黃大洲,1069,data/raw/openfun/tw.gov.cec~txn~candidates-votes/1994/黃大洲-village-votes-page-1.json,matched,exact-village-id
1994,中正區,文祥里,文祥里,趙少康,1317,data/raw/openfun/tw.gov.cec~txn~candidates-votes/1994/趙少康-village-votes-page-1.json,matched,exact-village-id
1994,中正區,水源里,水源里,陳水扁,995,data/raw/openfun/tw.gov.cec~txn~candidates-votes/1994/陳水扁-village-votes-page-1.json,matched,exact-village-id
1994,中正區,水源里,水源里,黃大洲,629,data/raw/openfun/tw.gov.cec~txn~candidates-votes/1994/黃大洲-village-votes-page-1.json,matched,exact-village-id
1994,中正區,水源里,水源里,趙少康,740,data/raw/openfun/tw.gov.cec~txn~candidates-votes/1994/趙少康-village-votes-page-1.json,matched,exact-village-id
1994,中正區,永功里,永功里,陳水扁,1990,data/raw/openfun/tw.gov.cec~txn~candidates-votes/1994/陳水扁-village-votes-page-1.json,matched,exact-village-id
1994,中正區,永功里,永功里,黃大洲,1206,data/raw/openfun/tw.gov.cec~txn~candidates-votes/1994/黃大洲-village-votes-page-1.json,matched,exact-village-id
1994,中正區,永功里,永功里,趙少康,1207,data/raw/openfun/tw.gov.cec~txn~candidates-votes/1994/趙少康-village-votes-page-1.json,matched,exact-village-id
1994,中正區,永昌里,永昌里,陳水扁,1581,data/raw/openfun/tw.gov.cec~txn~candidates-votes/1994/陳水扁-village-votes-page-1.json,matched,exact-village-id
1994,中正區,永昌里,永昌里,黃大洲,969,data/raw/openfun/tw.gov.cec~txn~candidates-votes/1994/黃大洲-village-votes-page-1.json,matched,exact-village-id
1994,中正區,永昌里,永昌里,趙少康,925,data/raw/openfun/tw.gov.cec~txn~candidates-votes/1994/趙少康-village-votes-page-1.json,matched,exact-village-id
1994,中正區,光復里,光復里,陳水扁,1000,data/raw/openfun/tw.gov.cec~txn~candidates-votes/1994/陳水扁-village-votes-page-1.json,matched,exact-village-id
1994,中正區,光復里,光復里,黃大洲,588,data/raw/openfun/tw.gov.cec~txn~candidates-votes/1994/黃大洲-village-votes-page-1.json,matched,exact-village-id
1994,中正區,光復里,光復里,趙少康,489,data/raw/openfun/tw.gov.cec~txn~candidates-votes/1994/趙少康-village-votes-page-1.json,matched,exact-village-id
1994,中正區,幸市里,幸市里,陳水扁,1154,data/raw/openfun/tw.gov.cec~txn~candidates-votes/1994/陳水扁-village-votes-page-1.json,matched,exact-village-id
1994,中正區,幸市里,幸市里,黃大洲,675,data/raw/openfun/tw.gov.cec~txn~candidates-votes/1994/黃大洲-village-votes-page-1.json,matched,exact-village-id
1994,中正區,幸市里,幸市里,趙少康,724,data/raw/openfun/tw.gov.cec~txn~candidates-votes/1994/趙少康-village-votes-page-1.json,matched,exact-village-id
1994,中正區,幸福里,幸福里,陳水扁,1075,data/raw/openfun/tw.gov.cec~txn~candidates-votes/1994/陳水扁-village-votes-page-1.json,matched,exact-village-id
1994,中正區,幸福里,幸福里,黃大洲,645,data/raw/openfun/tw.gov.cec~txn~candidates-votes/1994/黃大洲-village-votes-page-1.json,matched,exact-village-id
1994,中正區,幸福里,幸福里,趙少康,876,data/raw/openfun/tw.gov.cec~txn~candidates-votes/1994/趙少康-village-votes-page-1.json,matched,exact-village-id
1994,中正區,忠勤里,忠勤里,陳水扁,1720,data/raw/openfun/tw.gov.cec~txn~candidates-votes/1994/陳水扁-village-votes-page-1.json,matched,exact-village-id
1994,中正區,忠勤里,忠勤里,黃大洲,1397,data/raw/openfun/tw.gov.cec~txn~candidates-votes/1994/黃大洲-village-votes-page-1.json,matched,exact-village-id
1994,中正區,忠勤里,忠勤里,趙少康,1523,data/raw/openfun/tw.gov.cec~txn~candidates-votes/1994/趙少康-village-votes-page-1.json,matched,exact-village-id
1994,中正區,東門里,東門里,陳水扁,714,data/raw/openfun/tw.gov.cec~txn~candidates-votes/1994/陳水扁-village-votes-page-1.json,matched,exact-village-id
1994,中正區,東門里,東門里,黃大洲,498,data/raw/openfun/tw.gov.cec~txn~candidates-votes/1994/黃大洲-village-votes-page-1.json,matched,exact-village-id
1994,中正區,東門里,東門里,趙少康,775,data/raw/openfun/tw.gov.cec~txn~candidates-votes/1994/趙少康-village-votes-page-1.json,matched,exact-village-id
1994,中正區,板溪里,板溪里,陳水扁,936,data/raw/openfun/tw.gov.cec~txn~candidates-votes/1994/陳水扁-village-votes-page-1.json,matched,exact-village-id
1994,中正區,板溪里,板溪里,黃大洲,611,data/raw/openfun/tw.gov.cec~txn~candidates-votes/1994/黃大洲-village-votes-page-1.json,matched,exact-village-id
1994,中正區,板溪里,板溪里,趙少康,634,data/raw/openfun/tw.gov.cec~txn~candidates-votes/1994/趙少康-village-votes-page-1.json,matched,exact-village-id
1994,中正區,林興里,林興里,陳水扁,1043,data/raw/openfun/tw.gov.cec~txn~candidates-votes/1994/陳水扁-village-votes-page-1.json,matched,exact-village-id
1994,中正區,林興里,林興里,黃大洲,844,data/raw/openfun/tw.gov.cec~txn~candidates-votes/1994/黃大洲-village-votes-page-1.json,matched,exact-village-id
1994,中正區,林興里,林興里,趙少康,1201,data/raw/openfun/tw.gov.cec~txn~candidates-votes/1994/趙少康-village-votes-page-1.json,matched,exact-village-id
1994,中正區,河堤里,河堤里,陳水扁,1006,data/raw/openfun/tw.gov.cec~txn~candidates-votes/1994/陳水扁-village-votes-page-1.json,matched,exact-village-id
1994,中正區,河堤里,河堤里,黃大洲,709,data/raw/openfun/tw.gov.cec~txn~candidates-votes/1994/黃大洲-village-votes-page-1.json,matched,exact-village-id
1994,中正區,河堤里,河堤里,趙少康,1320,data/raw/openfun/tw.gov.cec~txn~candidates-votes/1994/趙少康-village-votes-page-1.json,matched,exact-village-id
1994,中正區,南門里,南門里,陳水扁,725,data/raw/openfun/tw.gov.cec~txn~candidates-votes/1994/陳水扁-village-votes-page-1.json,matched,exact-village-id
1994,中正區,南門里,南門里,黃大洲,696,data/raw/openfun/tw.gov.cec~txn~candidates-votes/1994/黃大洲-village-votes-page-1.json,matched,exact-village-id
1994,中正區,南門里,南門里,趙少康,1212,data/raw/openfun/tw.gov.cec~txn~candidates-votes/1994/趙少康-village-votes-page-1.json,matched,exact-village-id
1994,中正區,南福里,南福里,陳水扁,1816,data/raw/openfun/tw.gov.cec~txn~candidates-votes/1994/陳水扁-village-votes-page-1.json,matched,exact-village-id
1994,中正區,南福里,南福里,黃大洲,1210,data/raw/openfun/tw.gov.cec~txn~candidates-votes/1994/黃大洲-village-votes-page-1.json,matched,exact-village-id
1994,中正區,南福里,南福里,趙少康,1387,data/raw/openfun/tw.gov.cec~txn~candidates-votes/1994/趙少康-village-votes-page-1.json,matched,exact-village-id
1994,中正區,建國里,建國里,陳水扁,222,data/raw/openfun/tw.gov.cec~txn~candidates-votes/1994/陳水扁-village-votes-page-1.json,matched,exact-village-id
1994,中正區,建國里,建國里,黃大洲,246,data/raw/openfun/tw.gov.cec~txn~candidates-votes/1994/黃大洲-village-votes-page-1.json,matched,exact-village-id
1994,中正區,建國里,建國里,趙少康,331,data/raw/openfun/tw.gov.cec~txn~candidates-votes/1994/趙少康-village-votes-page-1.json,matched,exact-village-id
1994,中正區,梅花里,梅花里,陳水扁,959,data/raw/openfun/tw.gov.cec~txn~candidates-votes/1994/陳水扁-village-votes-page-1.json,matched,exact-village-id
1994,中正區,梅花里,梅花里,黃大洲,602,data/raw/openfun/tw.gov.cec~txn~candidates-votes/1994/黃大洲-village-votes-page-1.json,matched,exact-village-id
1994,中正區,梅花里,梅花里,趙少康,683,data/raw/openfun/tw.gov.cec~txn~candidates-votes/1994/趙少康-village-votes-page-1.json,matched,exact-village-id
1994,中正區,頂東里,頂東里,陳水扁,1506,data/raw/openfun/tw.gov.cec~txn~candidates-votes/1994/陳水扁-village-votes-page-1.json,matched,exact-village-id
1994,中正區,頂東里,頂東里,黃大洲,937,data/raw/openfun/tw.gov.cec~txn~candidates-votes/1994/黃大洲-village-votes-page-1.json,matched,exact-village-id
1994,中正區,頂東里,頂東里,趙少康,1074,data/raw/openfun/tw.gov.cec~txn~candidates-votes/1994/趙少康-village-votes-page-1.json,matched,exact-village-id
1994,中正區,富水里,富水里,陳水扁,345,data/raw/openfun/tw.gov.cec~txn~candidates-votes/1994/陳水扁-village-votes-page-1.json,matched,exact-village-id
1994,中正區,富水里,富水里,黃大洲,464,data/raw/openfun/tw.gov.cec~txn~candidates-votes/1994/黃大洲-village-votes-page-1.json,matched,exact-village-id
1994,中正區,富水里,富水里,趙少康,920,data/raw/openfun/tw.gov.cec~txn~candidates-votes/1994/趙少康-village-votes-page-1.json,matched,exact-village-id
1994,中正區,廈安里,廈安里,陳水扁,927,data/raw/openfun/tw.gov.cec~txn~candidates-votes/1994/陳水扁-village-votes-page-1.json,matched,exact-village-id
1994,中正區,廈安里,廈安里,黃大洲,555,data/raw/openfun/tw.gov.cec~txn~candidates-votes/1994/黃大洲-village-votes-page-1.json,matched,exact-village-id
1994,中正區,廈安里,廈安里,趙少康,522,data/raw/openfun/tw.gov.cec~txn~candidates-votes/1994/趙少康-village-votes-page-1.json,matched,exact-village-id
1994,中正區,愛國里,愛國里,陳水扁,926,data/raw/openfun/tw.gov.cec~txn~candidates-votes/1994/陳水扁-village-votes-page-1.json,matched,exact-village-id
1994,中正區,愛國里,愛國里,黃大洲,561,data/raw/openfun/tw.gov.cec~txn~candidates-votes/1994/黃大洲-village-votes-page-1.json,matched,exact-village-id
1994,中正區,愛國里,愛國里,趙少康,686,data/raw/openfun/tw.gov.cec~txn~candidates-votes/1994/趙少康-village-votes-page-1.json,matched,exact-village-id
1994,中正區,新營里,新營里,陳水扁,1714,data/raw/openfun/tw.gov.cec~txn~candidates-votes/1994/陳水扁-village-votes-page-1.json,matched,exact-village-id
1994,中正區,新營里,新營里,黃大洲,1351,data/raw/openfun/tw.gov.cec~txn~candidates-votes/1994/黃大洲-village-votes-page-1.json,matched,exact-village-id
1994,中正區,新營里,新營里,趙少康,1946,data/raw/openfun/tw.gov.cec~txn~candidates-votes/1994/趙少康-village-votes-page-1.json,matched,exact-village-id
1994,中正區,網溪里,網溪里,陳水扁,1268,data/raw/openfun/tw.gov.cec~txn~candidates-votes/1994/陳水扁-village-votes-page-1.json,matched,exact-village-id
1994,中正區,網溪里,網溪里,黃大洲,855,data/raw/openfun/tw.gov.cec~txn~candidates-votes/1994/黃大洲-village-votes-page-1.json,matched,exact-village-id
1994,中正區,網溪里,網溪里,趙少康,1205,data/raw/openfun/tw.gov.cec~txn~candidates-votes/1994/趙少康-village-votes-page-1.json,matched,exact-village-id
1994,中正區,黎明里,黎明里,陳水扁,552,data/raw/openfun/tw.gov.cec~txn~candidates-votes/1994/陳水扁-village-votes-page-1.json,matched,exact-village-id
1994,中正區,黎明里,黎明里,黃大洲,368,data/raw/openfun/tw.gov.cec~txn~candidates-votes/1994/黃大洲-village-votes-page-1.json,matched,exact-village-id
1994,中正區,黎明里,黎明里,趙少康,426,data/raw/openfun/tw.gov.cec~txn~candidates-votes/1994/趙少康-village-votes-page-1.json,matched,exact-village-id
1994,中正區,螢圃里,螢圃里,陳水扁,1264,data/raw/openfun/tw.gov.cec~txn~candidates-votes/1994/陳水扁-village-votes-page-1.json,matched,exact-village-id
1994,中正區,螢圃里,螢圃里,黃大洲,964,data/raw/openfun/tw.gov.cec~txn~candidates-votes/1994/黃大洲-village-votes-page-1.json,matched,exact-village-id
1994,中正區,螢圃里,螢圃里,趙少康,1084,data/raw/openfun/tw.gov.cec~txn~candidates-votes/1994/趙少康-village-votes-page-1.json,matched,exact-village-id
1994,中正區,螢雪里,螢雪里,陳水扁,1170,data/raw/openfun/tw.gov.cec~txn~candidates-votes/1994/陳水扁-village-votes-page-1.json,matched,exact-village-id
1994,中正區,螢雪里,螢雪里,黃大洲,776,data/raw/openfun/tw.gov.cec~txn~candidates-votes/1994/黃大洲-village-votes-page-1.json,matched,exact-village-id
1994,中正區,螢雪里,螢雪里,趙少康,844,data/raw/openfun/tw.gov.cec~txn~candidates-votes/1994/趙少康-village-votes-page-1.json,matched,exact-village-id
1994,中正區,龍光里,龍光里,陳水扁,908,data/raw/openfun/tw.gov.cec~txn~candidates-votes/1994/陳水扁-village-votes-page-1.json,matched,exact-village-id
1994,中正區,龍光里,龍光里,黃大洲,790,data/raw/openfun/tw.gov.cec~txn~candidates-votes/1994/黃大洲-village-votes-page-1.json,matched,exact-village-id
1994,中正區,龍光里,龍光里,趙少康,1151,data/raw/openfun/tw.gov.cec~txn~candidates-votes/1994/趙少康-village-votes-page-1.json,matched,exact-village-id
1994,中正區,龍福里,龍福里,陳水扁,1250,data/raw/openfun/tw.gov.cec~txn~candidates-votes/1994/陳水扁-village-votes-page-1.json,matched,exact-village-id
1994,中正區,龍福里,龍福里,黃大洲,968,data/raw/openfun/tw.gov.cec~txn~candidates-votes/1994/黃大洲-village-votes-page-1.json,matched,exact-village-id
1994,中正區,龍福里,龍福里,趙少康,1157,data/raw/openfun/tw.gov.cec~txn~candidates-votes/1994/趙少康-village-votes-page-1.json,matched,exact-village-id
1994,中正區,龍興里,龍興里,陳水扁,1273,data/raw/openfun/tw.gov.cec~txn~candidates-votes/1994/陳水扁-village-votes-page-1.json,matched,exact-village-id
1994,中正區,龍興里,龍興里,黃大洲,935,data/raw/openfun/tw.gov.cec~txn~candidates-votes/1994/黃大洲-village-votes-page-1.json,matched,exact-village-id
1994,中正區,龍興里,龍興里,趙少康,808,data/raw/openfun/tw.gov.cec~txn~candidates-votes/1994/趙少康-village-votes-page-1.json,matched,exact-village-id
1994,內湖區,大湖里,大湖里,陳水扁,1805,data/raw/openfun/tw.gov.cec~txn~candidates-votes/1994/陳水扁-village-votes-page-2.json,matched,exact-village-id
1994,內湖區,大湖里,大湖里,黃大洲,1029,data/raw/openfun/tw.gov.cec~txn~candidates-votes/1994/黃大洲-village-votes-page-2.json,matched,exact-village-id
1994,內湖區,大湖里,大湖里,趙少康,1813,data/raw/openfun/tw.gov.cec~txn~candidates-votes/1994/趙少康-village-votes-page-2.json,matched,exact-village-id
1994,內湖區,五分里,五分里,陳水扁,2164,data/raw/openfun/tw.gov.cec~txn~candidates-votes/1994/陳水扁-village-votes-page-2.json,matched,exact-village-id
1994,內湖區,五分里,五分里,黃大洲,1095,data/raw/openfun/tw.gov.cec~txn~candidates-votes/1994/黃大洲-village-votes-page-2.json,matched,exact-village-id
1994,內湖區,五分里,五分里,趙少康,997,data/raw/openfun/tw.gov.cec~txn~candidates-votes/1994/趙少康-village-votes-page-2.json,matched,exact-village-id
1994,內湖區,內湖里,內湖里,陳水扁,1009,data/raw/openfun/tw.gov.cec~txn~candidates-votes/1994/陳水扁-village-votes-page-2.json,matched,exact-village-id
1994,內湖區,內湖里,內湖里,黃大洲,676,data/raw/openfun/tw.gov.cec~txn~candidates-votes/1994/黃大洲-village-votes-page-2.json,matched,exact-village-id
1994,內湖區,內湖里,內湖里,趙少康,815,data/raw/openfun/tw.gov.cec~txn~candidates-votes/1994/趙少康-village-votes-page-2.json,matched,exact-village-id
1994,內湖區,內溝里,內溝里,陳水扁,1761,data/raw/openfun/tw.gov.cec~txn~candidates-votes/1994/陳水扁-village-votes-page-2.json,matched,exact-village-id
1994,內湖區,內溝里,內溝里,黃大洲,1024,data/raw/openfun/tw.gov.cec~txn~candidates-votes/1994/黃大洲-village-votes-page-2.json,matched,exact-village-id
1994,內湖區,內溝里,內溝里,趙少康,1238,data/raw/openfun/tw.gov.cec~txn~candidates-votes/1994/趙少康-village-votes-page-2.json,matched,exact-village-id
1994,內湖區,石潭里,石潭里,陳水扁,946,data/raw/openfun/tw.gov.cec~txn~candidates-votes/1994/陳水扁-village-votes-page-2.json,matched,exact-village-id
1994,內湖區,石潭里,石潭里,黃大洲,688,data/raw/openfun/tw.gov.cec~txn~candidates-votes/1994/黃大洲-village-votes-page-2.json,matched,exact-village-id
1994,內湖區,石潭里,石潭里,趙少康,385,data/raw/openfun/tw.gov.cec~txn~candidates-votes/1994/趙少康-village-votes-page-2.json,matched,exact-village-id
1994,內湖區,行善里,行善里,陳水扁,1116,data/raw/openfun/tw.gov.cec~txn~candidates-votes/1994/陳水扁-village-votes-page-2.json,matched,exact-village-id
1994,內湖區,行善里,行善里,黃大洲,554,data/raw/openfun/tw.gov.cec~txn~candidates-votes/1994/黃大洲-village-votes-page-2.json,matched,exact-village-id
1994,內湖區,行善里,行善里,趙少康,372,data/raw/openfun/tw.gov.cec~txn~candidates-votes/1994/趙少康-village-votes-page-2.json,matched,exact-village-id
1994,內湖區,西安里,西安里,陳水扁,1373,data/raw/openfun/tw.gov.cec~txn~candidates-votes/1994/陳水扁-village-votes-page-2.json,matched,exact-village-id
1994,內湖區,西安里,西安里,黃大洲,828,data/raw/openfun/tw.gov.cec~txn~candidates-votes/1994/黃大洲-village-votes-page-2.json,matched,exact-village-id
1994,內湖區,西安里,西安里,趙少康,1109,data/raw/openfun/tw.gov.cec~txn~candidates-votes/1994/趙少康-village-votes-page-2.json,matched,exact-village-id
1994,內湖區,西康里,西康里,陳水扁,1548,data/raw/openfun/tw.gov.cec~txn~candidates-votes/1994/陳水扁-village-votes-page-2.json,matched,exact-village-id
1994,內湖區,西康里,西康里,黃大洲,1045,data/raw/openfun/tw.gov.cec~txn~candidates-votes/1994/黃大洲-village-votes-page-2.json,matched,exact-village-id
1994,內湖區,西康里,西康里,趙少康,1550,data/raw/openfun/tw.gov.cec~txn~candidates-votes/1994/趙少康-village-votes-page-2.json,matched,exact-village-id
1994,內湖區,西湖里,西湖里,陳水扁,2187,data/raw/openfun/tw.gov.cec~txn~candidates-votes/1994/陳水扁-village-votes-page-2.json,matched,exact-village-id
1994,內湖區,西湖里,西湖里,黃大洲,1173,data/raw/openfun/tw.gov.cec~txn~candidates-votes/1994/黃大洲-village-votes-page-2.json,matched,exact-village-id
1994,內湖區,西湖里,西湖里,趙少康,1394,data/raw/openfun/tw.gov.cec~txn~candidates-votes/1994/趙少康-village-votes-page-2.json,matched,exact-village-id
1994,內湖區,東湖里,東湖里,陳水扁,3247,data/raw/openfun/tw.gov.cec~txn~candidates-votes/1994/陳水扁-village-votes-page-2.json,matched,exact-village-id
1994,內湖區,東湖里,東湖里,黃大洲,1879,data/raw/openfun/tw.gov.cec~txn~candidates-votes/1994/黃大洲-village-votes-page-2.json,matched,exact-village-id
1994,內湖區,東湖里,東湖里,趙少康,2119,data/raw/openfun/tw.gov.cec~txn~candidates-votes/1994/趙少康-village-votes-page-2.json,matched,exact-village-id
1994,內湖區,金瑞里,金瑞里,陳水扁,1403,data/raw/openfun/tw.gov.cec~txn~candidates-votes/1994/陳水扁-village-votes-page-2.json,matched,exact-village-id
1994,內湖區,金瑞里,金瑞里,黃大洲,862,data/raw/openfun/tw.gov.cec~txn~candidates-votes/1994/黃大洲-village-votes-page-2.json,matched,exact-village-id
1994,內湖區,金瑞里,金瑞里,趙少康,1190,data/raw/openfun/tw.gov.cec~txn~candidates-votes/1994/趙少康-village-votes-page-2.json,matched,exact-village-id
1994,內湖區,金龍里,金龍里,陳水扁,1342,data/raw/openfun/tw.gov.cec~txn~candidates-votes/1994/陳水扁-village-votes-page-2.json,matched,exact-village-id
1994,內湖區,金龍里,金龍里,黃大洲,876,data/raw/openfun/tw.gov.cec~txn~candidates-votes/1994/黃大洲-village-votes-page-2.json,matched,exact-village-id
1994,內湖區,金龍里,金龍里,趙少康,1243,data/raw/openfun/tw.gov.cec~txn~candidates-votes/1994/趙少康-village-votes-page-2.json,matched,exact-village-id
1994,內湖區,清白里,清白里,陳水扁,825,data/raw/openfun/tw.gov.cec~txn~candidates-votes/1994/陳水扁-village-votes-page-2.json,matched,exact-village-id
1994,內湖區,清白里,清白里,黃大洲,629,data/raw/openfun/tw.gov.cec~txn~candidates-votes/1994/黃大洲-village-votes-page-2.json,matched,exact-village-id
1994,內湖區,清白里,清白里,趙少康,882,data/raw/openfun/tw.gov.cec~txn~candidates-votes/1994/趙少康-village-votes-page-2.json,matched,exact-village-id
1994,內湖區,港都里,港都里,陳水扁,3001,data/raw/openfun/tw.gov.cec~txn~candidates-votes/1994/陳水扁-village-votes-page-2.json,matched,exact-village-id
1994,內湖區,港都里,港都里,黃大洲,1500,data/raw/openfun/tw.gov.cec~txn~candidates-votes/1994/黃大洲-village-votes-page-2.json,matched,exact-village-id
1994,內湖區,港都里,港都里,趙少康,1739,data/raw/openfun/tw.gov.cec~txn~candidates-votes/1994/趙少康-village-votes-page-2.json,matched,exact-village-id
1994,內湖區,港富里,港富里,陳水扁,2440,data/raw/openfun/tw.gov.cec~txn~candidates-votes/1994/陳水扁-village-votes-page-2.json,matched,exact-village-id
1994,內湖區,港富里,港富里,黃大洲,1272,data/raw/openfun/tw.gov.cec~txn~candidates-votes/1994/黃大洲-village-votes-page-2.json,matched,exact-village-id
1994,內湖區,港富里,港富里,趙少康,1598,data/raw/openfun/tw.gov.cec~txn~candidates-votes/1994/趙少康-village-votes-page-2.json,matched,exact-village-id
1994,內湖區,港華里,港華里,陳水扁,1855,data/raw/openfun/tw.gov.cec~txn~candidates-votes/1994/陳水扁-village-votes-page-2.json,matched,exact-village-id
1994,內湖區,港華里,港華里,黃大洲,1074,data/raw/openfun/tw.gov.cec~txn~candidates-votes/1994/黃大洲-village-votes-page-2.json,matched,exact-village-id
1994,內湖區,港華里,港華里,趙少康,1391,data/raw/openfun/tw.gov.cec~txn~candidates-votes/1994/趙少康-village-votes-page-2.json,matched,exact-village-id
1994,內湖區,港墘里,港墘里,陳水扁,1243,data/raw/openfun/tw.gov.cec~txn~candidates-votes/1994/陳水扁-village-votes-page-2.json,matched,exact-village-id
1994,內湖區,港墘里,港墘里,黃大洲,617,data/raw/openfun/tw.gov.cec~txn~candidates-votes/1994/黃大洲-village-votes-page-2.json,matched,exact-village-id
1994,內湖區,港墘里,港墘里,趙少康,817,data/raw/openfun/tw.gov.cec~txn~candidates-votes/1994/趙少康-village-votes-page-2.json,matched,exact-village-id
1994,內湖區,湖元里,湖元里,陳水扁,1084,data/raw/openfun/tw.gov.cec~txn~candidates-votes/1994/陳水扁-village-votes-page-2.json,matched,exact-village-id
1994,內湖區,湖元里,湖元里,黃大洲,647,data/raw/openfun/tw.gov.cec~txn~candidates-votes/1994/黃大洲-village-votes-page-2.json,matched,exact-village-id
1994,內湖區,湖元里,湖元里,趙少康,767,data/raw/openfun/tw.gov.cec~txn~candidates-votes/1994/趙少康-village-votes-page-2.json,matched,exact-village-id
1994,內湖區,湖興里,湖興里,陳水扁,1603,data/raw/openfun/tw.gov.cec~txn~candidates-votes/1994/陳水扁-village-votes-page-2.json,matched,exact-village-id
1994,內湖區,湖興里,湖興里,黃大洲,973,data/raw/openfun/tw.gov.cec~txn~candidates-votes/1994/黃大洲-village-votes-page-2.json,matched,exact-village-id
1994,內湖區,湖興里,湖興里,趙少康,1110,data/raw/openfun/tw.gov.cec~txn~candidates-votes/1994/趙少康-village-votes-page-2.json,matched,exact-village-id
1994,內湖區,湖濱里,湖濱里,陳水扁,1407,data/raw/openfun/tw.gov.cec~txn~candidates-votes/1994/陳水扁-village-votes-page-2.json,matched,exact-village-id
1994,內湖區,湖濱里,湖濱里,黃大洲,898,data/raw/openfun/tw.gov.cec~txn~candidates-votes/1994/黃大洲-village-votes-page-2.json,matched,exact-village-id
1994,內湖區,湖濱里,湖濱里,趙少康,1787,data/raw/openfun/tw.gov.cec~txn~candidates-votes/1994/趙少康-village-votes-page-2.json,matched,exact-village-id
1994,內湖區,紫星里,紫星里,陳水扁,1981,data/raw/openfun/tw.gov.cec~txn~candidates-votes/1994/陳水扁-village-votes-page-2.json,matched,exact-village-id
1994,內湖區,紫星里,紫星里,黃大洲,1108,data/raw/openfun/tw.gov.cec~txn~candidates-votes/1994/黃大洲-village-votes-page-2.json,matched,exact-village-id
1994,內湖區,紫星里,紫星里,趙少康,1581,data/raw/openfun/tw.gov.cec~txn~candidates-votes/1994/趙少康-village-votes-page-2.json,matched,exact-village-id
1994,內湖區,紫陽里,紫陽里,陳水扁,1448,data/raw/openfun/tw.gov.cec~txn~candidates-votes/1994/陳水扁-village-votes-page-2.json,matched,exact-village-id
1994,內湖區,紫陽里,紫陽里,黃大洲,847,data/raw/openfun/tw.gov.cec~txn~candidates-votes/1994/黃大洲-village-votes-page-2.json,matched,exact-village-id
1994,內湖區,紫陽里,紫陽里,趙少康,1454,data/raw/openfun/tw.gov.cec~txn~candidates-votes/1994/趙少康-village-votes-page-2.json,matched,exact-village-id
1994,內湖區,紫雲里,紫雲里,陳水扁,856,data/raw/openfun/tw.gov.cec~txn~candidates-votes/1994/陳水扁-village-votes-page-2.json,matched,exact-village-id
1994,內湖區,紫雲里,紫雲里,黃大洲,825,data/raw/openfun/tw.gov.cec~txn~candidates-votes/1994/黃大洲-village-votes-page-2.json,matched,exact-village-id
1994,內湖區,紫雲里,紫雲里,趙少康,1296,data/raw/openfun/tw.gov.cec~txn~candidates-votes/1994/趙少康-village-votes-page-2.json,matched,exact-village-id
1994,內湖區,週美里,週美里,陳水扁,1666,data/raw/openfun/tw.gov.cec~txn~candidates-votes/1994/陳水扁-village-votes-page-2.json,matched,exact-village-id
1994,內湖區,週美里,週美里,黃大洲,836,data/raw/openfun/tw.gov.cec~txn~candidates-votes/1994/黃大洲-village-votes-page-2.json,matched,exact-village-id
1994,內湖區,週美里,週美里,趙少康,363,data/raw/openfun/tw.gov.cec~txn~candidates-votes/1994/趙少康-village-votes-page-2.json,matched,exact-village-id
1994,內湖區,瑞光里,瑞光里,陳水扁,801,data/raw/openfun/tw.gov.cec~txn~candidates-votes/1994/陳水扁-village-votes-page-2.json,matched,exact-village-id
1994,內湖區,瑞光里,瑞光里,黃大洲,629,data/raw/openfun/tw.gov.cec~txn~candidates-votes/1994/黃大洲-village-votes-page-2.json,matched,exact-village-id
1994,內湖區,瑞光里,瑞光里,趙少康,1333,data/raw/openfun/tw.gov.cec~txn~candidates-votes/1994/趙少康-village-votes-page-2.json,matched,exact-village-id
1994,內湖區,瑞陽里,瑞陽里,陳水扁,1086,data/raw/openfun/tw.gov.cec~txn~candidates-votes/1994/陳水扁-village-votes-page-2.json,matched,exact-village-id
1994,內湖區,瑞陽里,瑞陽里,黃大洲,1188,data/raw/openfun/tw.gov.cec~txn~candidates-votes/1994/黃大洲-village-votes-page-2.json,matched,exact-village-id
1994,內湖區,瑞陽里,瑞陽里,趙少康,2119,data/raw/openfun/tw.gov.cec~txn~candidates-votes/1994/趙少康-village-votes-page-2.json,matched,exact-village-id
1994,內湖區,葫洲里,葫洲里,陳水扁,3558,data/raw/openfun/tw.gov.cec~txn~candidates-votes/1994/陳水扁-village-votes-page-2.json,matched,exact-village-id
1994,內湖區,葫洲里,葫洲里,黃大洲,2108,data/raw/openfun/tw.gov.cec~txn~candidates-votes/1994/黃大洲-village-votes-page-2.json,matched,exact-village-id
1994,內湖區,葫洲里,葫洲里,趙少康,2752,data/raw/openfun/tw.gov.cec~txn~candidates-votes/1994/趙少康-village-votes-page-2.json,matched,exact-village-id
1994,內湖區,碧山里,碧山里,陳水扁,1411,data/raw/openfun/tw.gov.cec~txn~candidates-votes/1994/陳水扁-village-votes-page-2.json,matched,exact-village-id
1994,內湖區,碧山里,碧山里,黃大洲,822,data/raw/openfun/tw.gov.cec~txn~candidates-votes/1994/黃大洲-village-votes-page-2.json,matched,exact-village-id
1994,內湖區,碧山里,碧山里,趙少康,1186,data/raw/openfun/tw.gov.cec~txn~candidates-votes/1994/趙少康-village-votes-page-2.json,matched,exact-village-id
1994,內湖區,樂康里,樂康里,陳水扁,1728,data/raw/openfun/tw.gov.cec~txn~candidates-votes/1994/陳水扁-village-votes-page-2.json,matched,exact-village-id
1994,內湖區,樂康里,樂康里,黃大洲,965,data/raw/openfun/tw.gov.cec~txn~candidates-votes/1994/黃大洲-village-votes-page-2.json,matched,exact-village-id
1994,內湖區,樂康里,樂康里,趙少康,1128,data/raw/openfun/tw.gov.cec~txn~candidates-votes/1994/趙少康-village-votes-page-2.json,matched,exact-village-id
1994,文山區,木柵里,木柵里,陳水扁,1147,data/raw/openfun/tw.gov.cec~txn~candidates-votes/1994/陳水扁-village-votes-page-2.json,matched,exact-village-id
1994,文山區,木柵里,木柵里,黃大洲,1102,data/raw/openfun/tw.gov.cec~txn~candidates-votes/1994/黃大洲-village-votes-page-2.json,matched,exact-village-id
1994,文山區,木柵里,木柵里,趙少康,1690,data/raw/openfun/tw.gov.cec~txn~candidates-votes/1994/趙少康-village-votes-page-2.json,matched,exact-village-id
1994,文山區,木新里,木新里,陳水扁,1794,data/raw/openfun/tw.gov.cec~txn~candidates-votes/1994/陳水扁-village-votes-page-2.json,matched,exact-village-id
1994,文山區,木新里,木新里,黃大洲,1147,data/raw/openfun/tw.gov.cec~txn~candidates-votes/1994/黃大洲-village-votes-page-2.json,matched,exact-village-id
1994,文山區,木新里,木新里,趙少康,1483,data/raw/openfun/tw.gov.cec~txn~candidates-votes/1994/趙少康-village-votes-page-2.json,matched,exact-village-id
1994,文山區,老泉里,老泉里,陳水扁,320,data/raw/openfun/tw.gov.cec~txn~candidates-votes/1994/陳水扁-village-votes-page-2.json,matched,exact-village-id
1994,文山區,老泉里,老泉里,黃大洲,129,data/raw/openfun/tw.gov.cec~txn~candidates-votes/1994/黃大洲-village-votes-page-2.json,matched,exact-village-id
1994,文山區,老泉里,老泉里,趙少康,49,data/raw/openfun/tw.gov.cec~txn~candidates-votes/1994/趙少康-village-votes-page-2.json,matched,exact-village-id
1994,文山區,明義里,明義里,陳水扁,698,data/raw/openfun/tw.gov.cec~txn~candidates-votes/1994/陳水扁-village-votes-page-2.json,matched,exact-village-id
1994,文山區,明義里,明義里,黃大洲,945,data/raw/openfun/tw.gov.cec~txn~candidates-votes/1994/黃大洲-village-votes-page-2.json,matched,exact-village-id
1994,文山區,明義里,明義里,趙少康,898,data/raw/openfun/tw.gov.cec~txn~candidates-votes/1994/趙少康-village-votes-page-2.json,matched,exact-village-id
1994,文山區,明興里,明興里,陳水扁,1024,data/raw/openfun/tw.gov.cec~txn~candidates-votes/1994/陳水扁-village-votes-page-2.json,matched,exact-village-id
1994,文山區,明興里,明興里,黃大洲,831,data/raw/openfun/tw.gov.cec~txn~candidates-votes/1994/黃大洲-village-votes-page-2.json,matched,exact-village-id
1994,文山區,明興里,明興里,趙少康,1450,data/raw/openfun/tw.gov.cec~txn~candidates-votes/1994/趙少康-village-votes-page-2.json,matched,exact-village-id
1994,文山區,指南里,指南里,陳水扁,725,data/raw/openfun/tw.gov.cec~txn~candidates-votes/1994/陳水扁-village-votes-page-2.json,matched,exact-village-id
1994,文山區,指南里,指南里,黃大洲,352,data/raw/openfun/tw.gov.cec~txn~candidates-votes/1994/黃大洲-village-votes-page-2.json,matched,exact-village-id
1994,文山區,指南里,指南里,趙少康,364,data/raw/openfun/tw.gov.cec~txn~candidates-votes/1994/趙少康-village-votes-page-2.json,matched,exact-village-id
1994,文山區,博嘉里,博嘉里,陳水扁,781,data/raw/openfun/tw.gov.cec~txn~candidates-votes/1994/陳水扁-village-votes-page-2.json,matched,exact-village-id
1994,文山區,博嘉里,博嘉里,黃大洲,599,data/raw/openfun/tw.gov.cec~txn~candidates-votes/1994/黃大洲-village-votes-page-2.json,matched,exact-village-id
1994,文山區,博嘉里,博嘉里,趙少康,748,data/raw/openfun/tw.gov.cec~txn~candidates-votes/1994/趙少康-village-votes-page-2.json,matched,exact-village-id
1994,文山區,景仁里,景仁里,陳水扁,942,data/raw/openfun/tw.gov.cec~txn~candidates-votes/1994/陳水扁-village-votes-page-2.json,matched,exact-village-id
1994,文山區,景仁里,景仁里,黃大洲,639,data/raw/openfun/tw.gov.cec~txn~candidates-votes/1994/黃大洲-village-votes-page-2.json,matched,exact-village-id
1994,文山區,景仁里,景仁里,趙少康,843,data/raw/openfun/tw.gov.cec~txn~candidates-votes/1994/趙少康-village-votes-page-2.json,matched,exact-village-id
1994,文山區,景行里,景行里,陳水扁,1646,data/raw/openfun/tw.gov.cec~txn~candidates-votes/1994/陳水扁-village-votes-page-2.json,matched,exact-village-id
1994,文山區,景行里,景行里,黃大洲,712,data/raw/openfun/tw.gov.cec~txn~candidates-votes/1994/黃大洲-village-votes-page-2.json,matched,exact-village-id
1994,文山區,景行里,景行里,趙少康,662,data/raw/openfun/tw.gov.cec~txn~candidates-votes/1994/趙少康-village-votes-page-2.json,matched,exact-village-id
1994,文山區,景東里,景東里,陳水扁,939,data/raw/openfun/tw.gov.cec~txn~candidates-votes/1994/陳水扁-village-votes-page-2.json,matched,exact-village-id
1994,文山區,景東里,景東里,黃大洲,780,data/raw/openfun/tw.gov.cec~txn~candidates-votes/1994/黃大洲-village-votes-page-2.json,matched,exact-village-id
1994,文山區,景東里,景東里,趙少康,1427,data/raw/openfun/tw.gov.cec~txn~candidates-votes/1994/趙少康-village-votes-page-2.json,matched,exact-village-id
1994,文山區,景美里,景美里,陳水扁,946,data/raw/openfun/tw.gov.cec~txn~candidates-votes/1994/陳水扁-village-votes-page-2.json,matched,exact-village-id
1994,文山區,景美里,景美里,黃大洲,630,data/raw/openfun/tw.gov.cec~txn~candidates-votes/1994/黃大洲-village-votes-page-2.json,matched,exact-village-id
1994,文山區,景美里,景美里,趙少康,1000,data/raw/openfun/tw.gov.cec~txn~candidates-votes/1994/趙少康-village-votes-page-2.json,matched,exact-village-id
1994,文山區,景華里,景華里,陳水扁,1237,data/raw/openfun/tw.gov.cec~txn~candidates-votes/1994/陳水扁-village-votes-page-2.json,matched,exact-village-id
1994,文山區,景華里,景華里,黃大洲,832,data/raw/openfun/tw.gov.cec~txn~candidates-votes/1994/黃大洲-village-votes-page-2.json,matched,exact-village-id
1994,文山區,景華里,景華里,趙少康,1357,data/raw/openfun/tw.gov.cec~txn~candidates-votes/1994/趙少康-village-votes-page-2.json,matched,exact-village-id
1994,文山區,景慶里,景慶里,陳水扁,1317,data/raw/openfun/tw.gov.cec~txn~candidates-votes/1994/陳水扁-village-votes-page-2.json,matched,exact-village-id
1994,文山區,景慶里,景慶里,黃大洲,925,data/raw/openfun/tw.gov.cec~txn~candidates-votes/1994/黃大洲-village-votes-page-2.json,matched,exact-village-id
1994,文山區,景慶里,景慶里,趙少康,1357,data/raw/openfun/tw.gov.cec~txn~candidates-votes/1994/趙少康-village-votes-page-2.json,matched,exact-village-id
1994,文山區,華興里,華興里,陳水扁,1276,data/raw/openfun/tw.gov.cec~txn~candidates-votes/1994/陳水扁-village-votes-page-2.json,matched,exact-village-id
1994,文山區,華興里,華興里,黃大洲,1018,data/raw/openfun/tw.gov.cec~txn~candidates-votes/1994/黃大洲-village-votes-page-2.json,matched,exact-village-id
1994,文山區,華興里,華興里,趙少康,1585,data/raw/openfun/tw.gov.cec~txn~candidates-votes/1994/趙少康-village-votes-page-2.json,matched,exact-village-id
1994,文山區,順興里,順興里,陳水扁,1865,data/raw/openfun/tw.gov.cec~txn~candidates-votes/1994/陳水扁-village-votes-page-2.json,matched,exact-village-id
1994,文山區,順興里,順興里,黃大洲,1433,data/raw/openfun/tw.gov.cec~txn~candidates-votes/1994/黃大洲-village-votes-page-2.json,matched,exact-village-id
1994,文山區,順興里,順興里,趙少康,2103,data/raw/openfun/tw.gov.cec~txn~candidates-votes/1994/趙少康-village-votes-page-2.json,matched,exact-village-id
1994,文山區,萬年里,萬年里,陳水扁,1164,data/raw/openfun/tw.gov.cec~txn~candidates-votes/1994/陳水扁-village-votes-page-2.json,matched,exact-village-id
1994,文山區,萬年里,萬年里,黃大洲,770,data/raw/openfun/tw.gov.cec~txn~candidates-votes/1994/黃大洲-village-votes-page-2.json,matched,exact-village-id
1994,文山區,萬年里,萬年里,趙少康,1264,data/raw/openfun/tw.gov.cec~txn~candidates-votes/1994/趙少康-village-votes-page-2.json,matched,exact-village-id
1994,文山區,萬有里,萬有里,陳水扁,1007,data/raw/openfun/tw.gov.cec~txn~candidates-votes/1994/陳水扁-village-votes-page-2.json,matched,exact-village-id
1994,文山區,萬有里,萬有里,黃大洲,715,data/raw/openfun/tw.gov.cec~txn~candidates-votes/1994/黃大洲-village-votes-page-2.json,matched,exact-village-id
1994,文山區,萬有里,萬有里,趙少康,1061,data/raw/openfun/tw.gov.cec~txn~candidates-votes/1994/趙少康-village-votes-page-2.json,matched,exact-village-id
1994,文山區,萬和里,萬和里,陳水扁,508,data/raw/openfun/tw.gov.cec~txn~candidates-votes/1994/陳水扁-village-votes-page-2.json,matched,exact-village-id
1994,文山區,萬和里,萬和里,黃大洲,808,data/raw/openfun/tw.gov.cec~txn~candidates-votes/1994/黃大洲-village-votes-page-2.json,matched,exact-village-id
1994,文山區,萬和里,萬和里,趙少康,1164,data/raw/openfun/tw.gov.cec~txn~candidates-votes/1994/趙少康-village-votes-page-2.json,matched,exact-village-id
1994,文山區,萬芳里,萬芳里,陳水扁,1701,data/raw/openfun/tw.gov.cec~txn~candidates-votes/1994/陳水扁-village-votes-page-2.json,matched,exact-village-id
1994,文山區,萬芳里,萬芳里,黃大洲,1241,data/raw/openfun/tw.gov.cec~txn~candidates-votes/1994/黃大洲-village-votes-page-2.json,matched,exact-village-id
1994,文山區,萬芳里,萬芳里,趙少康,2422,data/raw/openfun/tw.gov.cec~txn~candidates-votes/1994/趙少康-village-votes-page-2.json,matched,exact-village-id
1994,文山區,萬盛里,萬盛里,陳水扁,866,data/raw/openfun/tw.gov.cec~txn~candidates-votes/1994/陳水扁-village-votes-page-2.json,matched,exact-village-id
1994,文山區,萬盛里,萬盛里,黃大洲,708,data/raw/openfun/tw.gov.cec~txn~candidates-votes/1994/黃大洲-village-votes-page-2.json,matched,exact-village-id
1994,文山區,萬盛里,萬盛里,趙少康,1267,data/raw/openfun/tw.gov.cec~txn~candidates-votes/1994/趙少康-village-votes-page-2.json,matched,exact-village-id
1994,文山區,萬祥里,萬祥里,陳水扁,1106,data/raw/openfun/tw.gov.cec~txn~candidates-votes/1994/陳水扁-village-votes-page-2.json,matched,exact-village-id
1994,文山區,萬祥里,萬祥里,黃大洲,798,data/raw/openfun/tw.gov.cec~txn~candidates-votes/1994/黃大洲-village-votes-page-2.json,matched,exact-village-id
1994,文山區,萬祥里,萬祥里,趙少康,1095,data/raw/openfun/tw.gov.cec~txn~candidates-votes/1994/趙少康-village-votes-page-2.json,matched,exact-village-id
1994,文山區,萬隆里,萬隆里,陳水扁,1036,data/raw/openfun/tw.gov.cec~txn~candidates-votes/1994/陳水扁-village-votes-page-2.json,matched,exact-village-id
1994,文山區,萬隆里,萬隆里,黃大洲,769,data/raw/openfun/tw.gov.cec~txn~candidates-votes/1994/黃大洲-village-votes-page-2.json,matched,exact-village-id
1994,文山區,萬隆里,萬隆里,趙少康,1414,data/raw/openfun/tw.gov.cec~txn~candidates-votes/1994/趙少康-village-votes-page-2.json,matched,exact-village-id
1994,文山區,萬興里,萬興里,陳水扁,1453,data/raw/openfun/tw.gov.cec~txn~candidates-votes/1994/陳水扁-village-votes-page-2.json,matched,exact-village-id
1994,文山區,萬興里,萬興里,黃大洲,833,data/raw/openfun/tw.gov.cec~txn~candidates-votes/1994/黃大洲-village-votes-page-2.json,matched,exact-village-id
1994,文山區,萬興里,萬興里,趙少康,1402,data/raw/openfun/tw.gov.cec~txn~candidates-votes/1994/趙少康-village-votes-page-2.json,matched,exact-village-id
1994,文山區,試院里,試院里,陳水扁,919,data/raw/openfun/tw.gov.cec~txn~candidates-votes/1994/陳水扁-village-votes-page-2.json,matched,exact-village-id
1994,文山區,試院里,試院里,黃大洲,829,data/raw/openfun/tw.gov.cec~txn~candidates-votes/1994/黃大洲-village-votes-page-2.json,matched,exact-village-id
1994,文山區,試院里,試院里,趙少康,1718,data/raw/openfun/tw.gov.cec~txn~candidates-votes/1994/趙少康-village-votes-page-2.json,matched,exact-village-id
1994,文山區,樟林里,樟林里,陳水扁,1432,data/raw/openfun/tw.gov.cec~txn~candidates-votes/1994/陳水扁-village-votes-page-2.json,matched,exact-village-id
1994,文山區,樟林里,樟林里,黃大洲,1256,data/raw/openfun/tw.gov.cec~txn~candidates-votes/1994/黃大洲-village-votes-page-2.json,matched,exact-village-id
1994,文山區,樟林里,樟林里,趙少康,2120,data/raw/openfun/tw.gov.cec~txn~candidates-votes/1994/趙少康-village-votes-page-2.json,matched,exact-village-id
1994,文山區,樟新里,樟新里,陳水扁,1954,data/raw/openfun/tw.gov.cec~txn~candidates-votes/1994/陳水扁-village-votes-page-2.json,matched,exact-village-id
1994,文山區,樟新里,樟新里,黃大洲,1436,data/raw/openfun/tw.gov.cec~txn~candidates-votes/1994/黃大洲-village-votes-page-2.json,matched,exact-village-id
1994,文山區,樟新里,樟新里,趙少康,2021,data/raw/openfun/tw.gov.cec~txn~candidates-votes/1994/趙少康-village-votes-page-2.json,matched,exact-village-id
1994,文山區,樟腳里,樟腳里,陳水扁,1983,data/raw/openfun/tw.gov.cec~txn~candidates-votes/1994/陳水扁-village-votes-page-2.json,matched,exact-village-id
1994,文山區,樟腳里,樟腳里,黃大洲,1223,data/raw/openfun/tw.gov.cec~txn~candidates-votes/1994/黃大洲-village-votes-page-2.json,matched,exact-village-id
1994,文山區,樟腳里,樟腳里,趙少康,1886,data/raw/openfun/tw.gov.cec~txn~candidates-votes/1994/趙少康-village-votes-page-2.json,matched,exact-village-id
1994,文山區,興光里,興光里,陳水扁,863,data/raw/openfun/tw.gov.cec~txn~candidates-votes/1994/陳水扁-village-votes-page-2.json,matched,exact-village-id
1994,文山區,興光里,興光里,黃大洲,607,data/raw/openfun/tw.gov.cec~txn~candidates-votes/1994/黃大洲-village-votes-page-2.json,matched,exact-village-id
1994,文山區,興光里,興光里,趙少康,980,data/raw/openfun/tw.gov.cec~txn~candidates-votes/1994/趙少康-village-votes-page-2.json,matched,exact-village-id
1994,文山區,興安里,興安里,陳水扁,854,data/raw/openfun/tw.gov.cec~txn~candidates-votes/1994/陳水扁-village-votes-page-2.json,matched,exact-village-id
1994,文山區,興安里,興安里,黃大洲,615,data/raw/openfun/tw.gov.cec~txn~candidates-votes/1994/黃大洲-village-votes-page-2.json,matched,exact-village-id
1994,文山區,興安里,興安里,趙少康,1262,data/raw/openfun/tw.gov.cec~txn~candidates-votes/1994/趙少康-village-votes-page-2.json,matched,exact-village-id
1994,文山區,興旺里,興旺里,陳水扁,888,data/raw/openfun/tw.gov.cec~txn~candidates-votes/1994/陳水扁-village-votes-page-2.json,matched,exact-village-id
1994,文山區,興旺里,興旺里,黃大洲,679,data/raw/openfun/tw.gov.cec~txn~candidates-votes/1994/黃大洲-village-votes-page-2.json,matched,exact-village-id
1994,文山區,興旺里,興旺里,趙少康,1370,data/raw/openfun/tw.gov.cec~txn~candidates-votes/1994/趙少康-village-votes-page-2.json,matched,exact-village-id
1994,文山區,興昌里,興昌里,陳水扁,623,data/raw/openfun/tw.gov.cec~txn~candidates-votes/1994/陳水扁-village-votes-page-2.json,matched,exact-village-id
1994,文山區,興昌里,興昌里,黃大洲,467,data/raw/openfun/tw.gov.cec~txn~candidates-votes/1994/黃大洲-village-votes-page-2.json,matched,exact-village-id
1994,文山區,興昌里,興昌里,趙少康,1148,data/raw/openfun/tw.gov.cec~txn~candidates-votes/1994/趙少康-village-votes-page-2.json,matched,exact-village-id
1994,文山區,興家里,興家里,陳水扁,954,data/raw/openfun/tw.gov.cec~txn~candidates-votes/1994/陳水扁-village-votes-page-2.json,matched,exact-village-id
1994,文山區,興家里,興家里,黃大洲,818,data/raw/openfun/tw.gov.cec~txn~candidates-votes/1994/黃大洲-village-votes-page-2.json,matched,exact-village-id
1994,文山區,興家里,興家里,趙少康,1571,data/raw/openfun/tw.gov.cec~txn~candidates-votes/1994/趙少康-village-votes-page-2.json,matched,exact-village-id
1994,文山區,興泰里,興泰里,陳水扁,589,data/raw/openfun/tw.gov.cec~txn~candidates-votes/1994/陳水扁-village-votes-page-2.json,matched,exact-village-id
1994,文山區,興泰里,興泰里,黃大洲,482,data/raw/openfun/tw.gov.cec~txn~candidates-votes/1994/黃大洲-village-votes-page-2.json,matched,exact-village-id
1994,文山區,興泰里,興泰里,趙少康,861,data/raw/openfun/tw.gov.cec~txn~candidates-votes/1994/趙少康-village-votes-page-2.json,matched,exact-village-id
1994,文山區,興得里,興得里,陳水扁,1108,data/raw/openfun/tw.gov.cec~txn~candidates-votes/1994/陳水扁-village-votes-page-2.json,matched,exact-village-id
1994,文山區,興得里,興得里,黃大洲,924,data/raw/openfun/tw.gov.cec~txn~candidates-votes/1994/黃大洲-village-votes-page-2.json,matched,exact-village-id
1994,文山區,興得里,興得里,趙少康,1435,data/raw/openfun/tw.gov.cec~txn~candidates-votes/1994/趙少康-village-votes-page-2.json,matched,exact-village-id
1994,文山區,興業里,興業里,陳水扁,868,data/raw/openfun/tw.gov.cec~txn~candidates-votes/1994/陳水扁-village-votes-page-2.json,matched,exact-village-id
1994,文山區,興業里,興業里,黃大洲,716,data/raw/openfun/tw.gov.cec~txn~candidates-votes/1994/黃大洲-village-votes-page-2.json,matched,exact-village-id
1994,文山區,興業里,興業里,趙少康,1565,data/raw/openfun/tw.gov.cec~txn~candidates-votes/1994/趙少康-village-votes-page-2.json,matched,exact-village-id
1994,文山區,興福里,興福里,陳水扁,1304,data/raw/openfun/tw.gov.cec~txn~candidates-votes/1994/陳水扁-village-votes-page-2.json,matched,exact-village-id
1994,文山區,興福里,興福里,黃大洲,939,data/raw/openfun/tw.gov.cec~txn~candidates-votes/1994/黃大洲-village-votes-page-2.json,matched,exact-village-id
1994,文山區,興福里,興福里,趙少康,1190,data/raw/openfun/tw.gov.cec~txn~candidates-votes/1994/趙少康-village-votes-page-2.json,matched,exact-village-id
1994,文山區,興豐里,興豐里,陳水扁,1330,data/raw/openfun/tw.gov.cec~txn~candidates-votes/1994/陳水扁-village-votes-page-2.json,matched,exact-village-id
1994,文山區,興豐里,興豐里,黃大洲,1023,data/raw/openfun/tw.gov.cec~txn~candidates-votes/1994/黃大洲-village-votes-page-2.json,matched,exact-village-id
1994,文山區,興豐里,興豐里,趙少康,1486,data/raw/openfun/tw.gov.cec~txn~candidates-votes/1994/趙少康-village-votes-page-2.json,matched,exact-village-id
1994,北投區,一德里,一德里,陳水扁,2031,data/raw/openfun/tw.gov.cec~txn~candidates-votes/1994/陳水扁-village-votes-page-3.json,matched,exact-village-id
1994,北投區,一德里,一德里,黃大洲,957,data/raw/openfun/tw.gov.cec~txn~candidates-votes/1994/黃大洲-village-votes-page-3.json,matched,exact-village-id
1994,北投區,一德里,一德里,趙少康,608,data/raw/openfun/tw.gov.cec~txn~candidates-votes/1994/趙少康-village-votes-page-3.json,matched,exact-village-id
1994,北投區,八仙里,八仙里,陳水扁,1424,data/raw/openfun/tw.gov.cec~txn~candidates-votes/1994/陳水扁-village-votes-page-3.json,matched,exact-village-id
1994,北投區,八仙里,八仙里,黃大洲,609,data/raw/openfun/tw.gov.cec~txn~candidates-votes/1994/黃大洲-village-votes-page-3.json,matched,exact-village-id
1994,北投區,八仙里,八仙里,趙少康,464,data/raw/openfun/tw.gov.cec~txn~candidates-votes/1994/趙少康-village-votes-page-3.json,matched,exact-village-id
1994,北投區,大同里,大同里,陳水扁,1770,data/raw/openfun/tw.gov.cec~txn~candidates-votes/1994/陳水扁-village-votes-page-3.json,matched,exact-village-id
1994,北投區,大同里,大同里,黃大洲,814,data/raw/openfun/tw.gov.cec~txn~candidates-votes/1994/黃大洲-village-votes-page-3.json,matched,exact-village-id
1994,北投區,大同里,大同里,趙少康,436,data/raw/openfun/tw.gov.cec~txn~candidates-votes/1994/趙少康-village-votes-page-3.json,matched,exact-village-id
1994,北投區,中心里,中心里,陳水扁,1478,data/raw/openfun/tw.gov.cec~txn~candidates-votes/1994/陳水扁-village-votes-page-3.json,matched,exact-village-id
1994,北投區,中心里,中心里,黃大洲,886,data/raw/openfun/tw.gov.cec~txn~candidates-votes/1994/黃大洲-village-votes-page-3.json,matched,exact-village-id
1994,北投區,中心里,中心里,趙少康,838,data/raw/openfun/tw.gov.cec~txn~candidates-votes/1994/趙少康-village-votes-page-3.json,matched,exact-village-id
1994,北投區,中央里,中央里,陳水扁,2600,data/raw/openfun/tw.gov.cec~txn~candidates-votes/1994/陳水扁-village-votes-page-3.json,matched,exact-village-id
1994,北投區,中央里,中央里,黃大洲,1407,data/raw/openfun/tw.gov.cec~txn~candidates-votes/1994/黃大洲-village-votes-page-3.json,matched,exact-village-id
1994,北投區,中央里,中央里,趙少康,598,data/raw/openfun/tw.gov.cec~txn~candidates-votes/1994/趙少康-village-votes-page-3.json,matched,exact-village-id
1994,北投區,中和里,中和里,陳水扁,1484,data/raw/openfun/tw.gov.cec~txn~candidates-votes/1994/陳水扁-village-votes-page-3.json,matched,exact-village-id
1994,北投區,中和里,中和里,黃大洲,862,data/raw/openfun/tw.gov.cec~txn~candidates-votes/1994/黃大洲-village-votes-page-3.json,matched,exact-village-id
1994,北投區,中和里,中和里,趙少康,843,data/raw/openfun/tw.gov.cec~txn~candidates-votes/1994/趙少康-village-votes-page-3.json,matched,exact-village-id
1994,北投區,中庸里,中庸里,陳水扁,1369,data/raw/openfun/tw.gov.cec~txn~candidates-votes/1994/陳水扁-village-votes-page-3.json,matched,exact-village-id
1994,北投區,中庸里,中庸里,黃大洲,790,data/raw/openfun/tw.gov.cec~txn~candidates-votes/1994/黃大洲-village-votes-page-3.json,matched,exact-village-id
1994,北投區,中庸里,中庸里,趙少康,567,data/raw/openfun/tw.gov.cec~txn~candidates-votes/1994/趙少康-village-votes-page-3.json,matched,exact-village-id
1994,北投區,文化里,文化里,陳水扁,505,data/raw/openfun/tw.gov.cec~txn~candidates-votes/1994/陳水扁-village-votes-page-3.json,matched,exact-village-id
1994,北投區,文化里,文化里,黃大洲,634,data/raw/openfun/tw.gov.cec~txn~candidates-votes/1994/黃大洲-village-votes-page-3.json,matched,exact-village-id
1994,北投區,文化里,文化里,趙少康,948,data/raw/openfun/tw.gov.cec~txn~candidates-votes/1994/趙少康-village-votes-page-3.json,matched,exact-village-id
1994,北投區,文林里,文林里,陳水扁,1396,data/raw/openfun/tw.gov.cec~txn~candidates-votes/1994/陳水扁-village-votes-page-2.json,matched,exact-village-id
1994,北投區,文林里,文林里,黃大洲,647,data/raw/openfun/tw.gov.cec~txn~candidates-votes/1994/黃大洲-village-votes-page-2.json,matched,exact-village-id
1994,北投區,文林里,文林里,趙少康,516,data/raw/openfun/tw.gov.cec~txn~candidates-votes/1994/趙少康-village-votes-page-2.json,matched,exact-village-id
1994,北投區,永和里,永和里,陳水扁,1821,data/raw/openfun/tw.gov.cec~txn~candidates-votes/1994/陳水扁-village-votes-page-3.json,matched,exact-village-id
1994,北投區,永和里,永和里,黃大洲,962,data/raw/openfun/tw.gov.cec~txn~candidates-votes/1994/黃大洲-village-votes-page-3.json,matched,exact-village-id
1994,北投區,永和里,永和里,趙少康,1167,data/raw/openfun/tw.gov.cec~txn~candidates-votes/1994/趙少康-village-votes-page-3.json,matched,exact-village-id
1994,北投區,永明里,永明里,陳水扁,1097,data/raw/openfun/tw.gov.cec~txn~candidates-votes/1994/陳水扁-village-votes-page-3.json,matched,exact-village-id
1994,北投區,永明里,永明里,黃大洲,640,data/raw/openfun/tw.gov.cec~txn~candidates-votes/1994/黃大洲-village-votes-page-3.json,matched,exact-village-id
1994,北投區,永明里,永明里,趙少康,699,data/raw/openfun/tw.gov.cec~txn~candidates-votes/1994/趙少康-village-votes-page-3.json,matched,exact-village-id
1994,北投區,永欣里,永欣里,陳水扁,1171,data/raw/openfun/tw.gov.cec~txn~candidates-votes/1994/陳水扁-village-votes-page-3.json,matched,exact-village-id
1994,北投區,永欣里,永欣里,黃大洲,797,data/raw/openfun/tw.gov.cec~txn~candidates-votes/1994/黃大洲-village-votes-page-3.json,matched,exact-village-id
1994,北投區,永欣里,永欣里,趙少康,1376,data/raw/openfun/tw.gov.cec~txn~candidates-votes/1994/趙少康-village-votes-page-3.json,matched,exact-village-id
1994,北投區,石牌里,石牌里,陳水扁,1759,data/raw/openfun/tw.gov.cec~txn~candidates-votes/1994/陳水扁-village-votes-page-2.json,matched,exact-village-id
1994,北投區,石牌里,石牌里,黃大洲,940,data/raw/openfun/tw.gov.cec~txn~candidates-votes/1994/黃大洲-village-votes-page-2.json,matched,exact-village-id
1994,北投區,石牌里,石牌里,趙少康,650,data/raw/openfun/tw.gov.cec~txn~candidates-votes/1994/趙少康-village-votes-page-2.json,matched,exact-village-id
1994,北投區,立農里,立農里,陳水扁,2478,data/raw/openfun/tw.gov.cec~txn~candidates-votes/1994/陳水扁-village-votes-page-3.json,matched,exact-village-id
1994,北投區,立農里,立農里,黃大洲,1372,data/raw/openfun/tw.gov.cec~txn~candidates-votes/1994/黃大洲-village-votes-page-3.json,matched,exact-village-id
1994,北投區,立農里,立農里,趙少康,988,data/raw/openfun/tw.gov.cec~txn~candidates-votes/1994/趙少康-village-votes-page-3.json,matched,exact-village-id
1994,北投區,立賢里,立賢里,陳水扁,1511,data/raw/openfun/tw.gov.cec~txn~candidates-votes/1994/陳水扁-village-votes-page-3.json,matched,exact-village-id
1994,北投區,立賢里,立賢里,黃大洲,856,data/raw/openfun/tw.gov.cec~txn~candidates-votes/1994/黃大洲-village-votes-page-3.json,matched,exact-village-id
1994,北投區,立賢里,立賢里,趙少康,670,data/raw/openfun/tw.gov.cec~txn~candidates-votes/1994/趙少康-village-votes-page-3.json,matched,exact-village-id
1994,北投區,吉利里,吉利里,陳水扁,1491,data/raw/openfun/tw.gov.cec~txn~candidates-votes/1994/陳水扁-village-votes-page-3.json,matched,exact-village-id
1994,北投區,吉利里,吉利里,黃大洲,1136,data/raw/openfun/tw.gov.cec~txn~candidates-votes/1994/黃大洲-village-votes-page-3.json,matched,exact-village-id
1994,北投區,吉利里,吉利里,趙少康,905,data/raw/openfun/tw.gov.cec~txn~candidates-votes/1994/趙少康-village-votes-page-3.json,matched,exact-village-id
1994,北投區,吉慶里,吉慶里,陳水扁,1558,data/raw/openfun/tw.gov.cec~txn~candidates-votes/1994/陳水扁-village-votes-page-3.json,matched,exact-village-id
1994,北投區,吉慶里,吉慶里,黃大洲,777,data/raw/openfun/tw.gov.cec~txn~candidates-votes/1994/黃大洲-village-votes-page-3.json,matched,exact-village-id
1994,北投區,吉慶里,吉慶里,趙少康,639,data/raw/openfun/tw.gov.cec~txn~candidates-votes/1994/趙少康-village-votes-page-3.json,matched,exact-village-id
1994,北投區,秀山里,秀山里,陳水扁,1085,data/raw/openfun/tw.gov.cec~txn~candidates-votes/1994/陳水扁-village-votes-page-3.json,matched,exact-village-id
1994,北投區,秀山里,秀山里,黃大洲,592,data/raw/openfun/tw.gov.cec~txn~candidates-votes/1994/黃大洲-village-votes-page-3.json,matched,exact-village-id
1994,北投區,秀山里,秀山里,趙少康,688,data/raw/openfun/tw.gov.cec~txn~candidates-votes/1994/趙少康-village-votes-page-3.json,matched,exact-village-id
1994,北投區,奇岩里,奇岩里,陳水扁,2566,data/raw/openfun/tw.gov.cec~txn~candidates-votes/1994/陳水扁-village-votes-page-3.json,matched,exact-village-id
1994,北投區,奇岩里,奇岩里,黃大洲,1409,data/raw/openfun/tw.gov.cec~txn~candidates-votes/1994/黃大洲-village-votes-page-3.json,matched,exact-village-id
1994,北投區,奇岩里,奇岩里,趙少康,1173,data/raw/openfun/tw.gov.cec~txn~candidates-votes/1994/趙少康-village-votes-page-3.json,matched,exact-village-id
1994,北投區,東華里,東華里,陳水扁,1081,data/raw/openfun/tw.gov.cec~txn~candidates-votes/1994/陳水扁-village-votes-page-3.json,matched,exact-village-id
1994,北投區,東華里,東華里,黃大洲,716,data/raw/openfun/tw.gov.cec~txn~candidates-votes/1994/黃大洲-village-votes-page-3.json,matched,exact-village-id
1994,北投區,東華里,東華里,趙少康,1047,data/raw/openfun/tw.gov.cec~txn~candidates-votes/1994/趙少康-village-votes-page-3.json,matched,exact-village-id
1994,北投區,林泉里,林泉里,陳水扁,738,data/raw/openfun/tw.gov.cec~txn~candidates-votes/1994/陳水扁-village-votes-page-3.json,matched,exact-village-id
1994,北投區,林泉里,林泉里,黃大洲,628,data/raw/openfun/tw.gov.cec~txn~candidates-votes/1994/黃大洲-village-votes-page-3.json,matched,exact-village-id
1994,北投區,林泉里,林泉里,趙少康,738,data/raw/openfun/tw.gov.cec~txn~candidates-votes/1994/趙少康-village-votes-page-3.json,matched,exact-village-id
1994,北投區,長安里,長安里,陳水扁,1561,data/raw/openfun/tw.gov.cec~txn~candidates-votes/1994/陳水扁-village-votes-page-3.json,matched,exact-village-id
1994,北投區,長安里,長安里,黃大洲,994,data/raw/openfun/tw.gov.cec~txn~candidates-votes/1994/黃大洲-village-votes-page-3.json,matched,exact-village-id
1994,北投區,長安里,長安里,趙少康,658,data/raw/openfun/tw.gov.cec~txn~candidates-votes/1994/趙少康-village-votes-page-3.json,matched,exact-village-id
1994,北投區,建民里,建民里,陳水扁,1499,data/raw/openfun/tw.gov.cec~txn~candidates-votes/1994/陳水扁-village-votes-page-2.json,matched,exact-village-id
1994,北投區,建民里,建民里,黃大洲,757,data/raw/openfun/tw.gov.cec~txn~candidates-votes/1994/黃大洲-village-votes-page-2.json,matched,exact-village-id
1994,北投區,建民里,建民里,趙少康,646,data/raw/openfun/tw.gov.cec~txn~candidates-votes/1994/趙少康-village-votes-page-2.json,matched,exact-village-id
1994,北投區,泉源里,泉源里,陳水扁,771,data/raw/openfun/tw.gov.cec~txn~candidates-votes/1994/陳水扁-village-votes-page-3.json,matched,exact-village-id
1994,北投區,泉源里,泉源里,黃大洲,453,data/raw/openfun/tw.gov.cec~txn~candidates-votes/1994/黃大洲-village-votes-page-3.json,matched,exact-village-id
1994,北投區,泉源里,泉源里,趙少康,171,data/raw/openfun/tw.gov.cec~txn~candidates-votes/1994/趙少康-village-votes-page-3.json,matched,exact-village-id
1994,北投區,洲美里,洲美里,陳水扁,702,data/raw/openfun/tw.gov.cec~txn~candidates-votes/1994/陳水扁-village-votes-page-3.json,matched,exact-village-id
1994,北投區,洲美里,洲美里,黃大洲,245,data/raw/openfun/tw.gov.cec~txn~candidates-votes/1994/黃大洲-village-votes-page-3.json,matched,exact-village-id
1994,北投區,洲美里,洲美里,趙少康,50,data/raw/openfun/tw.gov.cec~txn~candidates-votes/1994/趙少康-village-votes-page-3.json,matched,exact-village-id
1994,北投區,振華里,振華里,陳水扁,2117,data/raw/openfun/tw.gov.cec~txn~candidates-votes/1994/陳水扁-village-votes-page-2.json,matched,exact-village-id
1994,北投區,振華里,振華里,黃大洲,1236,data/raw/openfun/tw.gov.cec~txn~candidates-votes/1994/黃大洲-village-votes-page-2.json,matched,exact-village-id
1994,北投區,振華里,振華里,趙少康,1418,data/raw/openfun/tw.gov.cec~txn~candidates-votes/1994/趙少康-village-votes-page-2.json,matched,exact-village-id
1994,北投區,桃源里,桃源里,陳水扁,1646,data/raw/openfun/tw.gov.cec~txn~candidates-votes/1994/陳水扁-village-votes-page-3.json,matched,exact-village-id
1994,北投區,桃源里,桃源里,黃大洲,897,data/raw/openfun/tw.gov.cec~txn~candidates-votes/1994/黃大洲-village-votes-page-3.json,matched,exact-village-id
1994,北投區,桃源里,桃源里,趙少康,530,data/raw/openfun/tw.gov.cec~txn~candidates-votes/1994/趙少康-village-votes-page-3.json,matched,exact-village-id
1994,北投區,清江里,清江里,陳水扁,2789,data/raw/openfun/tw.gov.cec~txn~candidates-votes/1994/陳水扁-village-votes-page-3.json,matched,exact-village-id
1994,北投區,清江里,清江里,黃大洲,1505,data/raw/openfun/tw.gov.cec~txn~candidates-votes/1994/黃大洲-village-votes-page-3.json,matched,exact-village-id
1994,北投區,清江里,清江里,趙少康,773,data/raw/openfun/tw.gov.cec~txn~candidates-votes/1994/趙少康-village-votes-page-3.json,matched,exact-village-id
1994,北投區,尊賢里,尊賢里,陳水扁,1520,data/raw/openfun/tw.gov.cec~txn~candidates-votes/1994/陳水扁-village-votes-page-3.json,matched,exact-village-id
1994,北投區,尊賢里,尊賢里,黃大洲,776,data/raw/openfun/tw.gov.cec~txn~candidates-votes/1994/黃大洲-village-votes-page-3.json,matched,exact-village-id
1994,北投區,尊賢里,尊賢里,趙少康,494,data/raw/openfun/tw.gov.cec~txn~candidates-votes/1994/趙少康-village-votes-page-3.json,matched,exact-village-id
1994,北投區,智仁里,智仁里,陳水扁,1464,data/raw/openfun/tw.gov.cec~txn~candidates-votes/1994/陳水扁-village-votes-page-3.json,matched,exact-village-id
1994,北投區,智仁里,智仁里,黃大洲,981,data/raw/openfun/tw.gov.cec~txn~candidates-votes/1994/黃大洲-village-votes-page-3.json,matched,exact-village-id
1994,北投區,智仁里,智仁里,趙少康,1131,data/raw/openfun/tw.gov.cec~txn~candidates-votes/1994/趙少康-village-votes-page-3.json,matched,exact-village-id
1994,北投區,湖山里,湖山里,陳水扁,853,data/raw/openfun/tw.gov.cec~txn~candidates-votes/1994/陳水扁-village-votes-page-3.json,matched,exact-village-id
1994,北投區,湖山里,湖山里,黃大洲,593,data/raw/openfun/tw.gov.cec~txn~candidates-votes/1994/黃大洲-village-votes-page-3.json,matched,exact-village-id
1994,北投區,湖山里,湖山里,趙少康,334,data/raw/openfun/tw.gov.cec~txn~candidates-votes/1994/趙少康-village-votes-page-3.json,matched,exact-village-id
1994,北投區,開明里,開明里,陳水扁,1535,data/raw/openfun/tw.gov.cec~txn~candidates-votes/1994/陳水扁-village-votes-page-3.json,matched,exact-village-id
1994,北投區,開明里,開明里,黃大洲,967,data/raw/openfun/tw.gov.cec~txn~candidates-votes/1994/黃大洲-village-votes-page-3.json,matched,exact-village-id
1994,北投區,開明里,開明里,趙少康,900,data/raw/openfun/tw.gov.cec~txn~candidates-votes/1994/趙少康-village-votes-page-3.json,matched,exact-village-id
1994,北投區,溫泉里,溫泉里,陳水扁,1767,data/raw/openfun/tw.gov.cec~txn~candidates-votes/1994/陳水扁-village-votes-page-3.json,matched,exact-village-id
1994,北投區,溫泉里,溫泉里,黃大洲,1119,data/raw/openfun/tw.gov.cec~txn~candidates-votes/1994/黃大洲-village-votes-page-3.json,matched,exact-village-id
1994,北投區,溫泉里,溫泉里,趙少康,891,data/raw/openfun/tw.gov.cec~txn~candidates-votes/1994/趙少康-village-votes-page-3.json,matched,exact-village-id
1994,北投區,裕民里,裕民里,陳水扁,1816,data/raw/openfun/tw.gov.cec~txn~candidates-votes/1994/陳水扁-village-votes-page-2.json,matched,exact-village-id
1994,北投區,裕民里,裕民里,黃大洲,1049,data/raw/openfun/tw.gov.cec~txn~candidates-votes/1994/黃大洲-village-votes-page-2.json,matched,exact-village-id
1994,北投區,裕民里,裕民里,趙少康,949,data/raw/openfun/tw.gov.cec~txn~candidates-votes/1994/趙少康-village-votes-page-2.json,matched,exact-village-id
1994,北投區,榮光里,榮光里,陳水扁,2089,data/raw/openfun/tw.gov.cec~txn~candidates-votes/1994/陳水扁-village-votes-page-2.json,matched,exact-village-id
1994,北投區,榮光里,榮光里,黃大洲,1198,data/raw/openfun/tw.gov.cec~txn~candidates-votes/1994/黃大洲-village-votes-page-2.json,matched,exact-village-id
1994,北投區,榮光里,榮光里,趙少康,1043,data/raw/openfun/tw.gov.cec~txn~candidates-votes/1994/趙少康-village-votes-page-2.json,matched,exact-village-id
1994,北投區,榮華里,榮華里,陳水扁,1859,data/raw/openfun/tw.gov.cec~txn~candidates-votes/1994/陳水扁-village-votes-page-2.json,matched,exact-village-id
1994,北投區,榮華里,榮華里,黃大洲,938,data/raw/openfun/tw.gov.cec~txn~candidates-votes/1994/黃大洲-village-votes-page-2.json,matched,exact-village-id
1994,北投區,榮華里,榮華里,趙少康,1284,data/raw/openfun/tw.gov.cec~txn~candidates-votes/1994/趙少康-village-votes-page-2.json,matched,exact-village-id
1994,北投區,福興里,福興里,陳水扁,1883,data/raw/openfun/tw.gov.cec~txn~candidates-votes/1994/陳水扁-village-votes-page-2.json,matched,exact-village-id
1994,北投區,福興里,福興里,黃大洲,1176,data/raw/openfun/tw.gov.cec~txn~candidates-votes/1994/黃大洲-village-votes-page-2.json,matched,exact-village-id
1994,北投區,福興里,福興里,趙少康,819,data/raw/openfun/tw.gov.cec~txn~candidates-votes/1994/趙少康-village-votes-page-2.json,matched,exact-village-id
1994,北投區,稻香里,稻香里,陳水扁,1044,data/raw/openfun/tw.gov.cec~txn~candidates-votes/1994/陳水扁-village-votes-page-3.json,matched,exact-village-id
1994,北投區,稻香里,稻香里,黃大洲,835,data/raw/openfun/tw.gov.cec~txn~candidates-votes/1994/黃大洲-village-votes-page-3.json,matched,exact-village-id
1994,北投區,稻香里,稻香里,趙少康,821,data/raw/openfun/tw.gov.cec~txn~candidates-votes/1994/趙少康-village-votes-page-3.json,matched,exact-village-id
1994,北投區,豐年里,豐年里,陳水扁,1347,data/raw/openfun/tw.gov.cec~txn~candidates-votes/1994/陳水扁-village-votes-page-3.json,matched,exact-village-id
1994,北投區,豐年里,豐年里,黃大洲,878,data/raw/openfun/tw.gov.cec~txn~candidates-votes/1994/黃大洲-village-votes-page-3.json,matched,exact-village-id
1994,北投區,豐年里,豐年里,趙少康,468,data/raw/openfun/tw.gov.cec~txn~candidates-votes/1994/趙少康-village-votes-page-3.json,matched,exact-village-id
1994,北投區,關渡里,關渡里,陳水扁,2642,data/raw/openfun/tw.gov.cec~txn~candidates-votes/1994/陳水扁-village-votes-page-3.json,matched,exact-village-id
1994,北投區,關渡里,關渡里,黃大洲,1982,data/raw/openfun/tw.gov.cec~txn~candidates-votes/1994/黃大洲-village-votes-page-3.json,matched,exact-village-id
1994,北投區,關渡里,關渡里,趙少康,1013,data/raw/openfun/tw.gov.cec~txn~candidates-votes/1994/趙少康-village-votes-page-3.json,matched,exact-village-id
1994,松山區,三民里,三民里,陳水扁,1489,data/raw/openfun/tw.gov.cec~txn~candidates-votes/1994/陳水扁-village-votes-page-1.json,matched,exact-village-id
1994,松山區,三民里,三民里,黃大洲,851,data/raw/openfun/tw.gov.cec~txn~candidates-votes/1994/黃大洲-village-votes-page-1.json,matched,exact-village-id
1994,松山區,三民里,三民里,趙少康,1698,data/raw/openfun/tw.gov.cec~txn~candidates-votes/1994/趙少康-village-votes-page-1.json,matched,exact-village-id
1994,松山區,中正里,中正里,陳水扁,2195,data/raw/openfun/tw.gov.cec~txn~candidates-votes/1994/陳水扁-village-votes-page-1.json,matched,exact-village-id
1994,松山區,中正里,中正里,黃大洲,1042,data/raw/openfun/tw.gov.cec~txn~candidates-votes/1994/黃大洲-village-votes-page-1.json,matched,exact-village-id
1994,松山區,中正里,中正里,趙少康,1219,data/raw/openfun/tw.gov.cec~txn~candidates-votes/1994/趙少康-village-votes-page-1.json,matched,exact-village-id
1994,松山區,中崙里,中崙里,陳水扁,1107,data/raw/openfun/tw.gov.cec~txn~candidates-votes/1994/陳水扁-village-votes-page-1.json,matched,exact-village-id
1994,松山區,中崙里,中崙里,黃大洲,638,data/raw/openfun/tw.gov.cec~txn~candidates-votes/1994/黃大洲-village-votes-page-1.json,matched,exact-village-id
1994,松山區,中崙里,中崙里,趙少康,683,data/raw/openfun/tw.gov.cec~txn~candidates-votes/1994/趙少康-village-votes-page-1.json,matched,exact-village-id
1994,松山區,中華里,中華里,陳水扁,904,data/raw/openfun/tw.gov.cec~txn~candidates-votes/1994/陳水扁-village-votes-page-1.json,matched,exact-village-id
1994,松山區,中華里,中華里,黃大洲,656,data/raw/openfun/tw.gov.cec~txn~candidates-votes/1994/黃大洲-village-votes-page-1.json,matched,exact-village-id
1994,松山區,中華里,中華里,趙少康,1114,data/raw/openfun/tw.gov.cec~txn~candidates-votes/1994/趙少康-village-votes-page-1.json,matched,exact-village-id
1994,松山區,介壽里,介壽里,陳水扁,1238,data/raw/openfun/tw.gov.cec~txn~candidates-votes/1994/陳水扁-village-votes-page-1.json,matched,exact-village-id
1994,松山區,介壽里,介壽里,黃大洲,575,data/raw/openfun/tw.gov.cec~txn~candidates-votes/1994/黃大洲-village-votes-page-1.json,matched,exact-village-id
1994,松山區,介壽里,介壽里,趙少康,991,data/raw/openfun/tw.gov.cec~txn~candidates-votes/1994/趙少康-village-votes-page-1.json,matched,exact-village-id
1994,松山區,民有里,民有里,陳水扁,2311,data/raw/openfun/tw.gov.cec~txn~candidates-votes/1994/陳水扁-village-votes-page-1.json,matched,exact-village-id
1994,松山區,民有里,民有里,黃大洲,1232,data/raw/openfun/tw.gov.cec~txn~candidates-votes/1994/黃大洲-village-votes-page-1.json,matched,exact-village-id
1994,松山區,民有里,民有里,趙少康,1520,data/raw/openfun/tw.gov.cec~txn~candidates-votes/1994/趙少康-village-votes-page-1.json,matched,exact-village-id
1994,松山區,民福里,民福里,陳水扁,1342,data/raw/openfun/tw.gov.cec~txn~candidates-votes/1994/陳水扁-village-votes-page-1.json,matched,exact-village-id
1994,松山區,民福里,民福里,黃大洲,997,data/raw/openfun/tw.gov.cec~txn~candidates-votes/1994/黃大洲-village-votes-page-1.json,matched,exact-village-id
1994,松山區,民福里,民福里,趙少康,1567,data/raw/openfun/tw.gov.cec~txn~candidates-votes/1994/趙少康-village-votes-page-1.json,matched,exact-village-id
1994,松山區,吉仁里,吉仁里,陳水扁,1013,data/raw/openfun/tw.gov.cec~txn~candidates-votes/1994/陳水扁-village-votes-page-1.json,matched,exact-village-id
1994,松山區,吉仁里,吉仁里,黃大洲,612,data/raw/openfun/tw.gov.cec~txn~candidates-votes/1994/黃大洲-village-votes-page-1.json,matched,exact-village-id
1994,松山區,吉仁里,吉仁里,趙少康,678,data/raw/openfun/tw.gov.cec~txn~candidates-votes/1994/趙少康-village-votes-page-1.json,matched,exact-village-id
1994,松山區,吉祥里,吉祥里,陳水扁,1829,data/raw/openfun/tw.gov.cec~txn~candidates-votes/1994/陳水扁-village-votes-page-1.json,matched,exact-village-id
1994,松山區,吉祥里,吉祥里,黃大洲,976,data/raw/openfun/tw.gov.cec~txn~candidates-votes/1994/黃大洲-village-votes-page-1.json,matched,exact-village-id
1994,松山區,吉祥里,吉祥里,趙少康,1531,data/raw/openfun/tw.gov.cec~txn~candidates-votes/1994/趙少康-village-votes-page-1.json,matched,exact-village-id
1994,松山區,安平里,安平里,陳水扁,2847,data/raw/openfun/tw.gov.cec~txn~candidates-votes/1994/陳水扁-village-votes-page-1.json,matched,exact-village-id
1994,松山區,安平里,安平里,黃大洲,1359,data/raw/openfun/tw.gov.cec~txn~candidates-votes/1994/黃大洲-village-votes-page-1.json,matched,exact-village-id
1994,松山區,安平里,安平里,趙少康,1409,data/raw/openfun/tw.gov.cec~txn~candidates-votes/1994/趙少康-village-votes-page-1.json,matched,exact-village-id
1994,松山區,自強里,自強里,陳水扁,759,data/raw/openfun/tw.gov.cec~txn~candidates-votes/1994/陳水扁-village-votes-page-1.json,matched,exact-village-id
1994,松山區,自強里,自強里,黃大洲,792,data/raw/openfun/tw.gov.cec~txn~candidates-votes/1994/黃大洲-village-votes-page-1.json,matched,exact-village-id
1994,松山區,自強里,自強里,趙少康,2672,data/raw/openfun/tw.gov.cec~txn~candidates-votes/1994/趙少康-village-votes-page-1.json,matched,exact-village-id
1994,松山區,東光里,東光里,陳水扁,1761,data/raw/openfun/tw.gov.cec~txn~candidates-votes/1994/陳水扁-village-votes-page-1.json,matched,exact-village-id
1994,松山區,東光里,東光里,黃大洲,1011,data/raw/openfun/tw.gov.cec~txn~candidates-votes/1994/黃大洲-village-votes-page-1.json,matched,exact-village-id
1994,松山區,東光里,東光里,趙少康,1795,data/raw/openfun/tw.gov.cec~txn~candidates-votes/1994/趙少康-village-votes-page-1.json,matched,exact-village-id
1994,松山區,東昌里,東昌里,陳水扁,1286,data/raw/openfun/tw.gov.cec~txn~candidates-votes/1994/陳水扁-village-votes-page-1.json,matched,exact-village-id
1994,松山區,東昌里,東昌里,黃大洲,644,data/raw/openfun/tw.gov.cec~txn~candidates-votes/1994/黃大洲-village-votes-page-1.json,matched,exact-village-id
1994,松山區,東昌里,東昌里,趙少康,983,data/raw/openfun/tw.gov.cec~txn~candidates-votes/1994/趙少康-village-votes-page-1.json,matched,exact-village-id
1994,松山區,東勢里,東勢里,陳水扁,878,data/raw/openfun/tw.gov.cec~txn~candidates-votes/1994/陳水扁-village-votes-page-1.json,matched,exact-village-id
1994,松山區,東勢里,東勢里,黃大洲,398,data/raw/openfun/tw.gov.cec~txn~candidates-votes/1994/黃大洲-village-votes-page-1.json,matched,exact-village-id
1994,松山區,東勢里,東勢里,趙少康,704,data/raw/openfun/tw.gov.cec~txn~candidates-votes/1994/趙少康-village-votes-page-1.json,matched,exact-village-id
1994,松山區,東榮里,東榮里,陳水扁,1972,data/raw/openfun/tw.gov.cec~txn~candidates-votes/1994/陳水扁-village-votes-page-1.json,matched,exact-village-id
1994,松山區,東榮里,東榮里,黃大洲,1083,data/raw/openfun/tw.gov.cec~txn~candidates-votes/1994/黃大洲-village-votes-page-1.json,matched,exact-village-id
1994,松山區,東榮里,東榮里,趙少康,2067,data/raw/openfun/tw.gov.cec~txn~candidates-votes/1994/趙少康-village-votes-page-1.json,matched,exact-village-id
1994,松山區,松基里,松基里,陳水扁,1023,data/raw/openfun/tw.gov.cec~txn~candidates-votes/1994/陳水扁-village-votes-page-1.json,matched,exact-village-id
1994,松山區,松基里,松基里,黃大洲,583,data/raw/openfun/tw.gov.cec~txn~candidates-votes/1994/黃大洲-village-votes-page-1.json,matched,exact-village-id
1994,松山區,松基里,松基里,趙少康,596,data/raw/openfun/tw.gov.cec~txn~candidates-votes/1994/趙少康-village-votes-page-1.json,matched,exact-village-id
1994,松山區,美仁里,美仁里,陳水扁,1059,data/raw/openfun/tw.gov.cec~txn~candidates-votes/1994/陳水扁-village-votes-page-1.json,matched,exact-village-id
1994,松山區,美仁里,美仁里,黃大洲,473,data/raw/openfun/tw.gov.cec~txn~candidates-votes/1994/黃大洲-village-votes-page-1.json,matched,exact-village-id
1994,松山區,美仁里,美仁里,趙少康,633,data/raw/openfun/tw.gov.cec~txn~candidates-votes/1994/趙少康-village-votes-page-1.json,matched,exact-village-id
1994,松山區,莊敬里,莊敬里,陳水扁,1569,data/raw/openfun/tw.gov.cec~txn~candidates-votes/1994/陳水扁-village-votes-page-1.json,matched,exact-village-id
1994,松山區,莊敬里,莊敬里,黃大洲,928,data/raw/openfun/tw.gov.cec~txn~candidates-votes/1994/黃大洲-village-votes-page-1.json,matched,exact-village-id
1994,松山區,莊敬里,莊敬里,趙少康,1353,data/raw/openfun/tw.gov.cec~txn~candidates-votes/1994/趙少康-village-votes-page-1.json,matched,exact-village-id
1994,松山區,富泰里,富泰里,陳水扁,867,data/raw/openfun/tw.gov.cec~txn~candidates-votes/1994/陳水扁-village-votes-page-1.json,matched,exact-village-id
1994,松山區,富泰里,富泰里,黃大洲,548,data/raw/openfun/tw.gov.cec~txn~candidates-votes/1994/黃大洲-village-votes-page-1.json,matched,exact-village-id
1994,松山區,富泰里,富泰里,趙少康,1145,data/raw/openfun/tw.gov.cec~txn~candidates-votes/1994/趙少康-village-votes-page-1.json,matched,exact-village-id
1994,松山區,富錦里,富錦里,陳水扁,1172,data/raw/openfun/tw.gov.cec~txn~candidates-votes/1994/陳水扁-village-votes-page-1.json,matched,exact-village-id
1994,松山區,富錦里,富錦里,黃大洲,785,data/raw/openfun/tw.gov.cec~txn~candidates-votes/1994/黃大洲-village-votes-page-1.json,matched,exact-village-id
1994,松山區,富錦里,富錦里,趙少康,1272,data/raw/openfun/tw.gov.cec~txn~candidates-votes/1994/趙少康-village-votes-page-1.json,matched,exact-village-id
1994,松山區,復建里,復建里,陳水扁,754,data/raw/openfun/tw.gov.cec~txn~candidates-votes/1994/陳水扁-village-votes-page-1.json,matched,exact-village-id
1994,松山區,復建里,復建里,黃大洲,493,data/raw/openfun/tw.gov.cec~txn~candidates-votes/1994/黃大洲-village-votes-page-1.json,matched,exact-village-id
1994,松山區,復建里,復建里,趙少康,622,data/raw/openfun/tw.gov.cec~txn~candidates-votes/1994/趙少康-village-votes-page-1.json,matched,exact-village-id
1994,松山區,復盛里,復盛里,陳水扁,1494,data/raw/openfun/tw.gov.cec~txn~candidates-votes/1994/陳水扁-village-votes-page-1.json,matched,exact-village-id
1994,松山區,復盛里,復盛里,黃大洲,948,data/raw/openfun/tw.gov.cec~txn~candidates-votes/1994/黃大洲-village-votes-page-1.json,matched,exact-village-id
1994,松山區,復盛里,復盛里,趙少康,1419,data/raw/openfun/tw.gov.cec~txn~candidates-votes/1994/趙少康-village-votes-page-1.json,matched,exact-village-id
1994,松山區,復勢里,復勢里,陳水扁,1777,data/raw/openfun/tw.gov.cec~txn~candidates-votes/1994/陳水扁-village-votes-page-1.json,matched,exact-village-id
1994,松山區,復勢里,復勢里,黃大洲,824,data/raw/openfun/tw.gov.cec~txn~candidates-votes/1994/黃大洲-village-votes-page-1.json,matched,exact-village-id
1994,松山區,復勢里,復勢里,趙少康,994,data/raw/openfun/tw.gov.cec~txn~candidates-votes/1994/趙少康-village-votes-page-1.json,matched,exact-village-id
1994,松山區,復源里,復源里,陳水扁,802,data/raw/openfun/tw.gov.cec~txn~candidates-votes/1994/陳水扁-village-votes-page-1.json,matched,exact-village-id
1994,松山區,復源里,復源里,黃大洲,517,data/raw/openfun/tw.gov.cec~txn~candidates-votes/1994/黃大洲-village-votes-page-1.json,matched,exact-village-id
1994,松山區,復源里,復源里,趙少康,686,data/raw/openfun/tw.gov.cec~txn~candidates-votes/1994/趙少康-village-votes-page-1.json,matched,exact-village-id
1994,松山區,敦化里,敦化里,陳水扁,2030,data/raw/openfun/tw.gov.cec~txn~candidates-votes/1994/陳水扁-village-votes-page-1.json,matched,exact-village-id
1994,松山區,敦化里,敦化里,黃大洲,1099,data/raw/openfun/tw.gov.cec~txn~candidates-votes/1994/黃大洲-village-votes-page-1.json,matched,exact-village-id
1994,松山區,敦化里,敦化里,趙少康,1308,data/raw/openfun/tw.gov.cec~txn~candidates-votes/1994/趙少康-village-votes-page-1.json,matched,exact-village-id
1994,松山區,新東里,新東里,陳水扁,1228,data/raw/openfun/tw.gov.cec~txn~candidates-votes/1994/陳水扁-village-votes-page-1.json,matched,exact-village-id
1994,松山區,新東里,新東里,黃大洲,722,data/raw/openfun/tw.gov.cec~txn~candidates-votes/1994/黃大洲-village-votes-page-1.json,matched,exact-village-id
1994,松山區,新東里,新東里,趙少康,949,data/raw/openfun/tw.gov.cec~txn~candidates-votes/1994/趙少康-village-votes-page-1.json,matched,exact-village-id
1994,松山區,新益里,新益里,陳水扁,1316,data/raw/openfun/tw.gov.cec~txn~candidates-votes/1994/陳水扁-village-votes-page-1.json,matched,exact-village-id
1994,松山區,新益里,新益里,黃大洲,733,data/raw/openfun/tw.gov.cec~txn~candidates-votes/1994/黃大洲-village-votes-page-1.json,matched,exact-village-id
1994,松山區,新益里,新益里,趙少康,886,data/raw/openfun/tw.gov.cec~txn~candidates-votes/1994/趙少康-village-votes-page-1.json,matched,exact-village-id
1994,松山區,新聚里,新聚里,陳水扁,1847,data/raw/openfun/tw.gov.cec~txn~candidates-votes/1994/陳水扁-village-votes-page-1.json,matched,exact-village-id
1994,松山區,新聚里,新聚里,黃大洲,1104,data/raw/openfun/tw.gov.cec~txn~candidates-votes/1994/黃大洲-village-votes-page-1.json,matched,exact-village-id
1994,松山區,新聚里,新聚里,趙少康,1280,data/raw/openfun/tw.gov.cec~txn~candidates-votes/1994/趙少康-village-votes-page-1.json,matched,exact-village-id
1994,松山區,慈祐里,慈祐里,陳水扁,2140,data/raw/openfun/tw.gov.cec~txn~candidates-votes/1994/陳水扁-village-votes-page-1.json,matched,exact-village-id
1994,松山區,慈祐里,慈祐里,黃大洲,943,data/raw/openfun/tw.gov.cec~txn~candidates-votes/1994/黃大洲-village-votes-page-1.json,matched,exact-village-id
1994,松山區,慈祐里,慈祐里,趙少康,590,data/raw/openfun/tw.gov.cec~txn~candidates-votes/1994/趙少康-village-votes-page-1.json,matched,exact-village-id
1994,松山區,福成里,福成里,陳水扁,738,data/raw/openfun/tw.gov.cec~txn~candidates-votes/1994/陳水扁-village-votes-page-1.json,matched,exact-village-id
1994,松山區,福成里,福成里,黃大洲,392,data/raw/openfun/tw.gov.cec~txn~candidates-votes/1994/黃大洲-village-votes-page-1.json,matched,exact-village-id
1994,松山區,福成里,福成里,趙少康,470,data/raw/openfun/tw.gov.cec~txn~candidates-votes/1994/趙少康-village-votes-page-1.json,matched,exact-village-id
1994,松山區,精忠里,精忠里,陳水扁,995,data/raw/openfun/tw.gov.cec~txn~candidates-votes/1994/陳水扁-village-votes-page-1.json,matched,exact-village-id
1994,松山區,精忠里,精忠里,黃大洲,581,data/raw/openfun/tw.gov.cec~txn~candidates-votes/1994/黃大洲-village-votes-page-1.json,matched,exact-village-id
1994,松山區,精忠里,精忠里,趙少康,1083,data/raw/openfun/tw.gov.cec~txn~candidates-votes/1994/趙少康-village-votes-page-1.json,matched,exact-village-id
1994,松山區,龍田里,龍田里,陳水扁,808,data/raw/openfun/tw.gov.cec~txn~candidates-votes/1994/陳水扁-village-votes-page-1.json,matched,exact-village-id
1994,松山區,龍田里,龍田里,黃大洲,506,data/raw/openfun/tw.gov.cec~txn~candidates-votes/1994/黃大洲-village-votes-page-1.json,matched,exact-village-id
1994,松山區,龍田里,龍田里,趙少康,1130,data/raw/openfun/tw.gov.cec~txn~candidates-votes/1994/趙少康-village-votes-page-1.json,matched,exact-village-id
1994,松山區,鵬程里,鵬程里,陳水扁,918,data/raw/openfun/tw.gov.cec~txn~candidates-votes/1994/陳水扁-village-votes-page-1.json,matched,exact-village-id
1994,松山區,鵬程里,鵬程里,黃大洲,696,data/raw/openfun/tw.gov.cec~txn~candidates-votes/1994/黃大洲-village-votes-page-1.json,matched,exact-village-id
1994,松山區,鵬程里,鵬程里,趙少康,1528,data/raw/openfun/tw.gov.cec~txn~candidates-votes/1994/趙少康-village-votes-page-1.json,matched,exact-village-id
1994,信義區,三張里,三張里,陳水扁,2012,data/raw/openfun/tw.gov.cec~txn~candidates-votes/1994/陳水扁-village-votes-page-1.json,matched,exact-village-id
1994,信義區,三張里,三張里,黃大洲,1189,data/raw/openfun/tw.gov.cec~txn~candidates-votes/1994/黃大洲-village-votes-page-1.json,matched,exact-village-id
1994,信義區,三張里,三張里,趙少康,2208,data/raw/openfun/tw.gov.cec~txn~candidates-votes/1994/趙少康-village-votes-page-1.json,matched,exact-village-id
1994,信義區,三犁里,三犁里,陳水扁,985,data/raw/openfun/tw.gov.cec~txn~candidates-votes/1994/陳水扁-village-votes-page-1.json,matched,exact-village-id
1994,信義區,三犁里,三犁里,黃大洲,602,data/raw/openfun/tw.gov.cec~txn~candidates-votes/1994/黃大洲-village-votes-page-1.json,matched,exact-village-id
1994,信義區,三犁里,三犁里,趙少康,1212,data/raw/openfun/tw.gov.cec~txn~candidates-votes/1994/趙少康-village-votes-page-1.json,matched,exact-village-id
1994,信義區,大仁里,大仁里,陳水扁,1352,data/raw/openfun/tw.gov.cec~txn~candidates-votes/1994/陳水扁-village-votes-page-1.json,matched,exact-village-id
1994,信義區,大仁里,大仁里,黃大洲,1353,data/raw/openfun/tw.gov.cec~txn~candidates-votes/1994/黃大洲-village-votes-page-1.json,matched,exact-village-id
1994,信義區,大仁里,大仁里,趙少康,1346,data/raw/openfun/tw.gov.cec~txn~candidates-votes/1994/趙少康-village-votes-page-1.json,matched,exact-village-id
1994,信義區,大道里,大道里,陳水扁,1790,data/raw/openfun/tw.gov.cec~txn~candidates-votes/1994/陳水扁-village-votes-page-1.json,matched,exact-village-id
1994,信義區,大道里,大道里,黃大洲,1053,data/raw/openfun/tw.gov.cec~txn~candidates-votes/1994/黃大洲-village-votes-page-1.json,matched,exact-village-id
1994,信義區,大道里,大道里,趙少康,1244,data/raw/openfun/tw.gov.cec~txn~candidates-votes/1994/趙少康-village-votes-page-1.json,matched,exact-village-id
1994,信義區,中行里,中行里,陳水扁,2206,data/raw/openfun/tw.gov.cec~txn~candidates-votes/1994/陳水扁-village-votes-page-1.json,matched,exact-village-id
1994,信義區,中行里,中行里,黃大洲,1280,data/raw/openfun/tw.gov.cec~txn~candidates-votes/1994/黃大洲-village-votes-page-1.json,matched,exact-village-id
1994,信義區,中行里,中行里,趙少康,1527,data/raw/openfun/tw.gov.cec~txn~candidates-votes/1994/趙少康-village-votes-page-1.json,matched,exact-village-id
1994,信義區,中坡里,中坡里,陳水扁,1276,data/raw/openfun/tw.gov.cec~txn~candidates-votes/1994/陳水扁-village-votes-page-1.json,matched,exact-village-id
1994,信義區,中坡里,中坡里,黃大洲,757,data/raw/openfun/tw.gov.cec~txn~candidates-votes/1994/黃大洲-village-votes-page-1.json,matched,exact-village-id
1994,信義區,中坡里,中坡里,趙少康,969,data/raw/openfun/tw.gov.cec~txn~candidates-votes/1994/趙少康-village-votes-page-1.json,matched,exact-village-id
1994,信義區,中興里,中興里,陳水扁,642,data/raw/openfun/tw.gov.cec~txn~candidates-votes/1994/陳水扁-village-votes-page-1.json,matched,exact-village-id
1994,信義區,中興里,中興里,黃大洲,376,data/raw/openfun/tw.gov.cec~txn~candidates-votes/1994/黃大洲-village-votes-page-1.json,matched,exact-village-id
1994,信義區,中興里,中興里,趙少康,714,data/raw/openfun/tw.gov.cec~txn~candidates-votes/1994/趙少康-village-votes-page-1.json,matched,exact-village-id
1994,信義區,五全里,五全里,陳水扁,1636,data/raw/openfun/tw.gov.cec~txn~candidates-votes/1994/陳水扁-village-votes-page-1.json,matched,exact-village-id
1994,信義區,五全里,五全里,黃大洲,853,data/raw/openfun/tw.gov.cec~txn~candidates-votes/1994/黃大洲-village-votes-page-1.json,matched,exact-village-id
1994,信義區,五全里,五全里,趙少康,816,data/raw/openfun/tw.gov.cec~txn~candidates-votes/1994/趙少康-village-votes-page-1.json,matched,exact-village-id
1994,信義區,五常里,五常里,陳水扁,1035,data/raw/openfun/tw.gov.cec~txn~candidates-votes/1994/陳水扁-village-votes-page-1.json,matched,exact-village-id
1994,信義區,五常里,五常里,黃大洲,630,data/raw/openfun/tw.gov.cec~txn~candidates-votes/1994/黃大洲-village-votes-page-1.json,matched,exact-village-id
1994,信義區,五常里,五常里,趙少康,673,data/raw/openfun/tw.gov.cec~txn~candidates-votes/1994/趙少康-village-votes-page-1.json,matched,exact-village-id
1994,信義區,六合里,六合里,陳水扁,1042,data/raw/openfun/tw.gov.cec~txn~candidates-votes/1994/陳水扁-village-votes-page-1.json,matched,exact-village-id
1994,信義區,六合里,六合里,黃大洲,852,data/raw/openfun/tw.gov.cec~txn~candidates-votes/1994/黃大洲-village-votes-page-1.json,matched,exact-village-id
1994,信義區,六合里,六合里,趙少康,1727,data/raw/openfun/tw.gov.cec~txn~candidates-votes/1994/趙少康-village-votes-page-1.json,matched,exact-village-id
1994,信義區,六藝里,六藝里,陳水扁,1125,data/raw/openfun/tw.gov.cec~txn~candidates-votes/1994/陳水扁-village-votes-page-1.json,matched,exact-village-id
1994,信義區,六藝里,六藝里,黃大洲,630,data/raw/openfun/tw.gov.cec~txn~candidates-votes/1994/黃大洲-village-votes-page-1.json,matched,exact-village-id
1994,信義區,六藝里,六藝里,趙少康,568,data/raw/openfun/tw.gov.cec~txn~candidates-votes/1994/趙少康-village-votes-page-1.json,matched,exact-village-id
1994,信義區,四育里,四育里,陳水扁,1931,data/raw/openfun/tw.gov.cec~txn~candidates-votes/1994/陳水扁-village-votes-page-1.json,matched,exact-village-id
1994,信義區,四育里,四育里,黃大洲,967,data/raw/openfun/tw.gov.cec~txn~candidates-votes/1994/黃大洲-village-votes-page-1.json,matched,exact-village-id
1994,信義區,四育里,四育里,趙少康,864,data/raw/openfun/tw.gov.cec~txn~candidates-votes/1994/趙少康-village-votes-page-1.json,matched,exact-village-id
1994,信義區,四維里,四維里,陳水扁,1409,data/raw/openfun/tw.gov.cec~txn~candidates-votes/1994/陳水扁-village-votes-page-1.json,matched,exact-village-id
1994,信義區,四維里,四維里,黃大洲,1021,data/raw/openfun/tw.gov.cec~txn~candidates-votes/1994/黃大洲-village-votes-page-1.json,matched,exact-village-id
1994,信義區,四維里,四維里,趙少康,1203,data/raw/openfun/tw.gov.cec~txn~candidates-votes/1994/趙少康-village-votes-page-1.json,matched,exact-village-id
1994,信義區,正和里,正和里,陳水扁,912,data/raw/openfun/tw.gov.cec~txn~candidates-votes/1994/陳水扁-village-votes-page-1.json,matched,exact-village-id
1994,信義區,正和里,正和里,黃大洲,628,data/raw/openfun/tw.gov.cec~txn~candidates-votes/1994/黃大洲-village-votes-page-1.json,matched,exact-village-id
1994,信義區,正和里,正和里,趙少康,1397,data/raw/openfun/tw.gov.cec~txn~candidates-votes/1994/趙少康-village-votes-page-1.json,matched,exact-village-id
1994,信義區,永吉里,永吉里,陳水扁,1621,data/raw/openfun/tw.gov.cec~txn~candidates-votes/1994/陳水扁-village-votes-page-1.json,matched,exact-village-id
1994,信義區,永吉里,永吉里,黃大洲,793,data/raw/openfun/tw.gov.cec~txn~candidates-votes/1994/黃大洲-village-votes-page-1.json,matched,exact-village-id
1994,信義區,永吉里,永吉里,趙少康,469,data/raw/openfun/tw.gov.cec~txn~candidates-votes/1994/趙少康-village-votes-page-1.json,matched,exact-village-id
1994,信義區,永春里,永春里,陳水扁,1799,data/raw/openfun/tw.gov.cec~txn~candidates-votes/1994/陳水扁-village-votes-page-1.json,matched,exact-village-id
1994,信義區,永春里,永春里,黃大洲,861,data/raw/openfun/tw.gov.cec~txn~candidates-votes/1994/黃大洲-village-votes-page-1.json,matched,exact-village-id
1994,信義區,永春里,永春里,趙少康,950,data/raw/openfun/tw.gov.cec~txn~candidates-votes/1994/趙少康-village-votes-page-1.json,matched,exact-village-id
1994,信義區,安康里,安康里,陳水扁,1330,data/raw/openfun/tw.gov.cec~txn~candidates-votes/1994/陳水扁-village-votes-page-1.json,matched,exact-village-id
1994,信義區,安康里,安康里,黃大洲,926,data/raw/openfun/tw.gov.cec~txn~candidates-votes/1994/黃大洲-village-votes-page-1.json,matched,exact-village-id
1994,信義區,安康里,安康里,趙少康,1330,data/raw/openfun/tw.gov.cec~txn~candidates-votes/1994/趙少康-village-votes-page-1.json,matched,exact-village-id
1994,信義區,西村里,西村里,陳水扁,550,data/raw/openfun/tw.gov.cec~txn~candidates-votes/1994/陳水扁-village-votes-page-1.json,matched,exact-village-id
1994,信義區,西村里,西村里,黃大洲,645,data/raw/openfun/tw.gov.cec~txn~candidates-votes/1994/黃大洲-village-votes-page-1.json,matched,exact-village-id
1994,信義區,西村里,西村里,趙少康,1755,data/raw/openfun/tw.gov.cec~txn~candidates-votes/1994/趙少康-village-votes-page-1.json,matched,exact-village-id
1994,信義區,松友里,松友里,陳水扁,1376,data/raw/openfun/tw.gov.cec~txn~candidates-votes/1994/陳水扁-village-votes-page-1.json,matched,exact-village-id
1994,信義區,松友里,松友里,黃大洲,932,data/raw/openfun/tw.gov.cec~txn~candidates-votes/1994/黃大洲-village-votes-page-1.json,matched,exact-village-id
1994,信義區,松友里,松友里,趙少康,1406,data/raw/openfun/tw.gov.cec~txn~candidates-votes/1994/趙少康-village-votes-page-1.json,matched,exact-village-id
1994,信義區,松光里,松光里,陳水扁,1567,data/raw/openfun/tw.gov.cec~txn~candidates-votes/1994/陳水扁-village-votes-page-1.json,matched,exact-village-id
1994,信義區,松光里,松光里,黃大洲,1000,data/raw/openfun/tw.gov.cec~txn~candidates-votes/1994/黃大洲-village-votes-page-1.json,matched,exact-village-id
1994,信義區,松光里,松光里,趙少康,1091,data/raw/openfun/tw.gov.cec~txn~candidates-votes/1994/趙少康-village-votes-page-1.json,matched,exact-village-id
1994,信義區,松隆里,松隆里,陳水扁,684,data/raw/openfun/tw.gov.cec~txn~candidates-votes/1994/陳水扁-village-votes-page-1.json,matched,exact-village-id
1994,信義區,松隆里,松隆里,黃大洲,479,data/raw/openfun/tw.gov.cec~txn~candidates-votes/1994/黃大洲-village-votes-page-1.json,matched,exact-village-id
1994,信義區,松隆里,松隆里,趙少康,523,data/raw/openfun/tw.gov.cec~txn~candidates-votes/1994/趙少康-village-votes-page-1.json,matched,exact-village-id
1994,信義區,長春里,長春里,陳水扁,1410,data/raw/openfun/tw.gov.cec~txn~candidates-votes/1994/陳水扁-village-votes-page-1.json,matched,exact-village-id
1994,信義區,長春里,長春里,黃大洲,804,data/raw/openfun/tw.gov.cec~txn~candidates-votes/1994/黃大洲-village-votes-page-1.json,matched,exact-village-id
1994,信義區,長春里,長春里,趙少康,795,data/raw/openfun/tw.gov.cec~txn~candidates-votes/1994/趙少康-village-votes-page-1.json,matched,exact-village-id
1994,信義區,泰和里,泰和里,陳水扁,1834,data/raw/openfun/tw.gov.cec~txn~candidates-votes/1994/陳水扁-village-votes-page-1.json,matched,exact-village-id
1994,信義區,泰和里,泰和里,黃大洲,1071,data/raw/openfun/tw.gov.cec~txn~candidates-votes/1994/黃大洲-village-votes-page-1.json,matched,exact-village-id
1994,信義區,泰和里,泰和里,趙少康,2137,data/raw/openfun/tw.gov.cec~txn~candidates-votes/1994/趙少康-village-votes-page-1.json,matched,exact-village-id
1994,信義區,國業里,國業里,陳水扁,1626,data/raw/openfun/tw.gov.cec~txn~candidates-votes/1994/陳水扁-village-votes-page-1.json,matched,exact-village-id
1994,信義區,國業里,國業里,黃大洲,940,data/raw/openfun/tw.gov.cec~txn~candidates-votes/1994/黃大洲-village-votes-page-1.json,matched,exact-village-id
1994,信義區,國業里,國業里,趙少康,1559,data/raw/openfun/tw.gov.cec~txn~candidates-votes/1994/趙少康-village-votes-page-1.json,matched,exact-village-id
1994,信義區,富台里,富台里,陳水扁,552,data/raw/openfun/tw.gov.cec~txn~candidates-votes/1994/陳水扁-village-votes-page-1.json,matched,exact-village-id
1994,信義區,富台里,富台里,黃大洲,615,data/raw/openfun/tw.gov.cec~txn~candidates-votes/1994/黃大洲-village-votes-page-1.json,matched,exact-village-id
1994,信義區,富台里,富台里,趙少康,1247,data/raw/openfun/tw.gov.cec~txn~candidates-votes/1994/趙少康-village-votes-page-1.json,matched,exact-village-id
1994,信義區,惠安里,惠安里,陳水扁,1493,data/raw/openfun/tw.gov.cec~txn~candidates-votes/1994/陳水扁-village-votes-page-1.json,matched,exact-village-id
1994,信義區,惠安里,惠安里,黃大洲,1096,data/raw/openfun/tw.gov.cec~txn~candidates-votes/1994/黃大洲-village-votes-page-1.json,matched,exact-village-id
1994,信義區,惠安里,惠安里,趙少康,1900,data/raw/openfun/tw.gov.cec~txn~candidates-votes/1994/趙少康-village-votes-page-1.json,matched,exact-village-id
1994,信義區,敦厚里,敦厚里,陳水扁,1140,data/raw/openfun/tw.gov.cec~txn~candidates-votes/1994/陳水扁-village-votes-page-1.json,matched,exact-village-id
1994,信義區,敦厚里,敦厚里,黃大洲,771,data/raw/openfun/tw.gov.cec~txn~candidates-votes/1994/黃大洲-village-votes-page-1.json,matched,exact-village-id
1994,信義區,敦厚里,敦厚里,趙少康,939,data/raw/openfun/tw.gov.cec~txn~candidates-votes/1994/趙少康-village-votes-page-1.json,matched,exact-village-id
1994,信義區,景勤里,景勤里,陳水扁,1014,data/raw/openfun/tw.gov.cec~txn~candidates-votes/1994/陳水扁-village-votes-page-1.json,matched,exact-village-id
1994,信義區,景勤里,景勤里,黃大洲,731,data/raw/openfun/tw.gov.cec~txn~candidates-votes/1994/黃大洲-village-votes-page-1.json,matched,exact-village-id
1994,信義區,景勤里,景勤里,趙少康,1325,data/raw/openfun/tw.gov.cec~txn~candidates-votes/1994/趙少康-village-votes-page-1.json,matched,exact-village-id
1994,信義區,景新里,景新里,陳水扁,934,data/raw/openfun/tw.gov.cec~txn~candidates-votes/1994/陳水扁-village-votes-page-1.json,matched,exact-village-id
1994,信義區,景新里,景新里,黃大洲,799,data/raw/openfun/tw.gov.cec~txn~candidates-votes/1994/黃大洲-village-votes-page-1.json,matched,exact-village-id
1994,信義區,景新里,景新里,趙少康,1779,data/raw/openfun/tw.gov.cec~txn~candidates-votes/1994/趙少康-village-votes-page-1.json,matched,exact-village-id
1994,信義區,景聯里,景聯里,陳水扁,1270,data/raw/openfun/tw.gov.cec~txn~candidates-votes/1994/陳水扁-village-votes-page-1.json,matched,exact-village-id
1994,信義區,景聯里,景聯里,黃大洲,753,data/raw/openfun/tw.gov.cec~txn~candidates-votes/1994/黃大洲-village-votes-page-1.json,matched,exact-village-id
1994,信義區,景聯里,景聯里,趙少康,1107,data/raw/openfun/tw.gov.cec~txn~candidates-votes/1994/趙少康-village-votes-page-1.json,matched,exact-village-id
1994,信義區,雅祥里,雅祥里,陳水扁,1578,data/raw/openfun/tw.gov.cec~txn~candidates-votes/1994/陳水扁-village-votes-page-1.json,matched,exact-village-id
1994,信義區,雅祥里,雅祥里,黃大洲,767,data/raw/openfun/tw.gov.cec~txn~candidates-votes/1994/黃大洲-village-votes-page-1.json,matched,exact-village-id
1994,信義區,雅祥里,雅祥里,趙少康,748,data/raw/openfun/tw.gov.cec~txn~candidates-votes/1994/趙少康-village-votes-page-1.json,matched,exact-village-id
1994,信義區,新仁里,新仁里,陳水扁,775,data/raw/openfun/tw.gov.cec~txn~candidates-votes/1994/陳水扁-village-votes-page-1.json,matched,exact-village-id
1994,信義區,新仁里,新仁里,黃大洲,729,data/raw/openfun/tw.gov.cec~txn~candidates-votes/1994/黃大洲-village-votes-page-1.json,matched,exact-village-id
1994,信義區,新仁里,新仁里,趙少康,1160,data/raw/openfun/tw.gov.cec~txn~candidates-votes/1994/趙少康-village-votes-page-1.json,matched,exact-village-id
1994,信義區,嘉興里,嘉興里,陳水扁,816,data/raw/openfun/tw.gov.cec~txn~candidates-votes/1994/陳水扁-village-votes-page-1.json,matched,exact-village-id
1994,信義區,嘉興里,嘉興里,黃大洲,475,data/raw/openfun/tw.gov.cec~txn~candidates-votes/1994/黃大洲-village-votes-page-1.json,matched,exact-village-id
1994,信義區,嘉興里,嘉興里,趙少康,731,data/raw/openfun/tw.gov.cec~txn~candidates-votes/1994/趙少康-village-votes-page-1.json,matched,exact-village-id
1994,信義區,廣居里,廣居里,陳水扁,1304,data/raw/openfun/tw.gov.cec~txn~candidates-votes/1994/陳水扁-village-votes-page-1.json,matched,exact-village-id
1994,信義區,廣居里,廣居里,黃大洲,949,data/raw/openfun/tw.gov.cec~txn~candidates-votes/1994/黃大洲-village-votes-page-1.json,matched,exact-village-id
1994,信義區,廣居里,廣居里,趙少康,1620,data/raw/openfun/tw.gov.cec~txn~candidates-votes/1994/趙少康-village-votes-page-1.json,matched,exact-village-id
1994,信義區,黎平里,黎平里,陳水扁,1591,data/raw/openfun/tw.gov.cec~txn~candidates-votes/1994/陳水扁-village-votes-page-1.json,matched,exact-village-id
1994,信義區,黎平里,黎平里,黃大洲,972,data/raw/openfun/tw.gov.cec~txn~candidates-votes/1994/黃大洲-village-votes-page-1.json,matched,exact-village-id
1994,信義區,黎平里,黎平里,趙少康,1634,data/raw/openfun/tw.gov.cec~txn~candidates-votes/1994/趙少康-village-votes-page-1.json,matched,exact-village-id
1994,信義區,黎安里,黎安里,陳水扁,350,data/raw/openfun/tw.gov.cec~txn~candidates-votes/1994/陳水扁-village-votes-page-1.json,matched,exact-village-id
1994,信義區,黎安里,黎安里,黃大洲,1033,data/raw/openfun/tw.gov.cec~txn~candidates-votes/1994/黃大洲-village-votes-page-1.json,matched,exact-village-id
1994,信義區,黎安里,黎安里,趙少康,561,data/raw/openfun/tw.gov.cec~txn~candidates-votes/1994/趙少康-village-votes-page-1.json,matched,exact-village-id
1994,信義區,黎忠里,黎忠里,陳水扁,1185,data/raw/openfun/tw.gov.cec~txn~candidates-votes/1994/陳水扁-village-votes-page-1.json,matched,exact-village-id
1994,信義區,黎忠里,黎忠里,黃大洲,814,data/raw/openfun/tw.gov.cec~txn~candidates-votes/1994/黃大洲-village-votes-page-1.json,matched,exact-village-id
1994,信義區,黎忠里,黎忠里,趙少康,1047,data/raw/openfun/tw.gov.cec~txn~candidates-votes/1994/趙少康-village-votes-page-1.json,matched,exact-village-id
1994,信義區,黎順里,黎順里,陳水扁,1006,data/raw/openfun/tw.gov.cec~txn~candidates-votes/1994/陳水扁-village-votes-page-1.json,matched,exact-village-id
1994,信義區,黎順里,黎順里,黃大洲,616,data/raw/openfun/tw.gov.cec~txn~candidates-votes/1994/黃大洲-village-votes-page-1.json,matched,exact-village-id
1994,信義區,黎順里,黎順里,趙少康,1127,data/raw/openfun/tw.gov.cec~txn~candidates-votes/1994/趙少康-village-votes-page-1.json,matched,exact-village-id
1994,信義區,興隆里,興隆里,陳水扁,555,data/raw/openfun/tw.gov.cec~txn~candidates-votes/1994/陳水扁-village-votes-page-1.json,matched,exact-village-id
1994,信義區,興隆里,興隆里,黃大洲,466,data/raw/openfun/tw.gov.cec~txn~candidates-votes/1994/黃大洲-village-votes-page-1.json,matched,exact-village-id
1994,信義區,興隆里,興隆里,趙少康,809,data/raw/openfun/tw.gov.cec~txn~candidates-votes/1994/趙少康-village-votes-page-1.json,matched,exact-village-id
1994,信義區,興雅里,興雅里,陳水扁,1492,data/raw/openfun/tw.gov.cec~txn~candidates-votes/1994/陳水扁-village-votes-page-1.json,matched,exact-village-id
1994,信義區,興雅里,興雅里,黃大洲,938,data/raw/openfun/tw.gov.cec~txn~candidates-votes/1994/黃大洲-village-votes-page-1.json,matched,exact-village-id
1994,信義區,興雅里,興雅里,趙少康,1319,data/raw/openfun/tw.gov.cec~txn~candidates-votes/1994/趙少康-village-votes-page-1.json,matched,exact-village-id
1994,信義區,雙和里,雙和里,陳水扁,1382,data/raw/openfun/tw.gov.cec~txn~candidates-votes/1994/陳水扁-village-votes-page-1.json,matched,exact-village-id
1994,信義區,雙和里,雙和里,黃大洲,861,data/raw/openfun/tw.gov.cec~txn~candidates-votes/1994/黃大洲-village-votes-page-1.json,matched,exact-village-id
1994,信義區,雙和里,雙和里,趙少康,1818,data/raw/openfun/tw.gov.cec~txn~candidates-votes/1994/趙少康-village-votes-page-1.json,matched,exact-village-id
1994,南港區,九如里,九如里,陳水扁,1342,data/raw/openfun/tw.gov.cec~txn~candidates-votes/1994/陳水扁-village-votes-page-2.json,matched,exact-village-id
1994,南港區,九如里,九如里,黃大洲,1153,data/raw/openfun/tw.gov.cec~txn~candidates-votes/1994/黃大洲-village-votes-page-2.json,matched,exact-village-id
1994,南港區,九如里,九如里,趙少康,1424,data/raw/openfun/tw.gov.cec~txn~candidates-votes/1994/趙少康-village-votes-page-2.json,matched,exact-village-id
1994,南港區,三重里,三重里,陳水扁,1020,data/raw/openfun/tw.gov.cec~txn~candidates-votes/1994/陳水扁-village-votes-page-2.json,matched,exact-village-id
1994,南港區,三重里,三重里,黃大洲,772,data/raw/openfun/tw.gov.cec~txn~candidates-votes/1994/黃大洲-village-votes-page-2.json,matched,exact-village-id
1994,南港區,三重里,三重里,趙少康,327,data/raw/openfun/tw.gov.cec~txn~candidates-votes/1994/趙少康-village-votes-page-2.json,matched,exact-village-id
1994,南港區,中南里,中南里,陳水扁,1334,data/raw/openfun/tw.gov.cec~txn~candidates-votes/1994/陳水扁-village-votes-page-2.json,matched,exact-village-id
1994,南港區,中南里,中南里,黃大洲,906,data/raw/openfun/tw.gov.cec~txn~candidates-votes/1994/黃大洲-village-votes-page-2.json,matched,exact-village-id
1994,南港區,中南里,中南里,趙少康,483,data/raw/openfun/tw.gov.cec~txn~candidates-votes/1994/趙少康-village-votes-page-2.json,matched,exact-village-id
1994,南港區,中研里,中研里,陳水扁,2293,data/raw/openfun/tw.gov.cec~txn~candidates-votes/1994/陳水扁-village-votes-page-2.json,matched,exact-village-id
1994,南港區,中研里,中研里,黃大洲,1518,data/raw/openfun/tw.gov.cec~txn~candidates-votes/1994/黃大洲-village-votes-page-2.json,matched,exact-village-id
1994,南港區,中研里,中研里,趙少康,1687,data/raw/openfun/tw.gov.cec~txn~candidates-votes/1994/趙少康-village-votes-page-2.json,matched,exact-village-id
1994,南港區,玉成里,玉成里,陳水扁,1446,data/raw/openfun/tw.gov.cec~txn~candidates-votes/1994/陳水扁-village-votes-page-2.json,matched,exact-village-id
1994,南港區,玉成里,玉成里,黃大洲,803,data/raw/openfun/tw.gov.cec~txn~candidates-votes/1994/黃大洲-village-votes-page-2.json,matched,exact-village-id
1994,南港區,玉成里,玉成里,趙少康,675,data/raw/openfun/tw.gov.cec~txn~candidates-votes/1994/趙少康-village-votes-page-2.json,matched,exact-village-id
1994,南港區,合成里,合成里,陳水扁,1773,data/raw/openfun/tw.gov.cec~txn~candidates-votes/1994/陳水扁-village-votes-page-2.json,matched,exact-village-id
1994,南港區,合成里,合成里,黃大洲,1132,data/raw/openfun/tw.gov.cec~txn~candidates-votes/1994/黃大洲-village-votes-page-2.json,matched,exact-village-id
1994,南港區,合成里,合成里,趙少康,956,data/raw/openfun/tw.gov.cec~txn~candidates-votes/1994/趙少康-village-votes-page-2.json,matched,exact-village-id
1994,南港區,成福里,成福里,陳水扁,1656,data/raw/openfun/tw.gov.cec~txn~candidates-votes/1994/陳水扁-village-votes-page-2.json,matched,exact-village-id
1994,南港區,成福里,成福里,黃大洲,1203,data/raw/openfun/tw.gov.cec~txn~candidates-votes/1994/黃大洲-village-votes-page-2.json,matched,exact-village-id
1994,南港區,成福里,成福里,趙少康,1568,data/raw/openfun/tw.gov.cec~txn~candidates-votes/1994/趙少康-village-votes-page-2.json,matched,exact-village-id
1994,南港區,百福里,百福里,陳水扁,1333,data/raw/openfun/tw.gov.cec~txn~candidates-votes/1994/陳水扁-village-votes-page-2.json,matched,exact-village-id
1994,南港區,百福里,百福里,黃大洲,860,data/raw/openfun/tw.gov.cec~txn~candidates-votes/1994/黃大洲-village-votes-page-2.json,matched,exact-village-id
1994,南港區,百福里,百福里,趙少康,890,data/raw/openfun/tw.gov.cec~txn~candidates-votes/1994/趙少康-village-votes-page-2.json,matched,exact-village-id
1994,南港區,西新里,西新里,陳水扁,1549,data/raw/openfun/tw.gov.cec~txn~candidates-votes/1994/陳水扁-village-votes-page-2.json,matched,exact-village-id
1994,南港區,西新里,西新里,黃大洲,880,data/raw/openfun/tw.gov.cec~txn~candidates-votes/1994/黃大洲-village-votes-page-2.json,matched,exact-village-id
1994,南港區,西新里,西新里,趙少康,522,data/raw/openfun/tw.gov.cec~txn~candidates-votes/1994/趙少康-village-votes-page-2.json,matched,exact-village-id
1994,南港區,東明里,東明里,陳水扁,1077,data/raw/openfun/tw.gov.cec~txn~candidates-votes/1994/陳水扁-village-votes-page-2.json,matched,exact-village-id
1994,南港區,東明里,東明里,黃大洲,835,data/raw/openfun/tw.gov.cec~txn~candidates-votes/1994/黃大洲-village-votes-page-2.json,matched,exact-village-id
1994,南港區,東明里,東明里,趙少康,774,data/raw/openfun/tw.gov.cec~txn~candidates-votes/1994/趙少康-village-votes-page-2.json,matched,exact-village-id
1994,南港區,東新里,東新里,陳水扁,1838,data/raw/openfun/tw.gov.cec~txn~candidates-votes/1994/陳水扁-village-votes-page-2.json,matched,exact-village-id
1994,南港區,東新里,東新里,黃大洲,1322,data/raw/openfun/tw.gov.cec~txn~candidates-votes/1994/黃大洲-village-votes-page-2.json,matched,exact-village-id
1994,南港區,東新里,東新里,趙少康,1048,data/raw/openfun/tw.gov.cec~txn~candidates-votes/1994/趙少康-village-votes-page-2.json,matched,exact-village-id
1994,南港區,南港里,南港里,陳水扁,1724,data/raw/openfun/tw.gov.cec~txn~candidates-votes/1994/陳水扁-village-votes-page-2.json,matched,exact-village-id
1994,南港區,南港里,南港里,黃大洲,1112,data/raw/openfun/tw.gov.cec~txn~candidates-votes/1994/黃大洲-village-votes-page-2.json,matched,exact-village-id
1994,南港區,南港里,南港里,趙少康,522,data/raw/openfun/tw.gov.cec~txn~candidates-votes/1994/趙少康-village-votes-page-2.json,matched,exact-village-id
1994,南港區,新光里,新光里,陳水扁,942,data/raw/openfun/tw.gov.cec~txn~candidates-votes/1994/陳水扁-village-votes-page-2.json,matched,exact-village-id
1994,南港區,新光里,新光里,黃大洲,920,data/raw/openfun/tw.gov.cec~txn~candidates-votes/1994/黃大洲-village-votes-page-2.json,matched,exact-village-id
1994,南港區,新光里,新光里,趙少康,1027,data/raw/openfun/tw.gov.cec~txn~candidates-votes/1994/趙少康-village-votes-page-2.json,matched,exact-village-id
1994,南港區,新富里,新富里,陳水扁,1340,data/raw/openfun/tw.gov.cec~txn~candidates-votes/1994/陳水扁-village-votes-page-2.json,matched,exact-village-id
1994,南港區,新富里,新富里,黃大洲,836,data/raw/openfun/tw.gov.cec~txn~candidates-votes/1994/黃大洲-village-votes-page-2.json,matched,exact-village-id
1994,南港區,新富里,新富里,趙少康,502,data/raw/openfun/tw.gov.cec~txn~candidates-votes/1994/趙少康-village-votes-page-2.json,matched,exact-village-id
1994,南港區,萬福里,萬福里,陳水扁,988,data/raw/openfun/tw.gov.cec~txn~candidates-votes/1994/陳水扁-village-votes-page-2.json,matched,exact-village-id
1994,南港區,萬福里,萬福里,黃大洲,801,data/raw/openfun/tw.gov.cec~txn~candidates-votes/1994/黃大洲-village-votes-page-2.json,matched,exact-village-id
1994,南港區,萬福里,萬福里,趙少康,938,data/raw/openfun/tw.gov.cec~txn~candidates-votes/1994/趙少康-village-votes-page-2.json,matched,exact-village-id
1994,南港區,聯成里,聯成里,陳水扁,1323,data/raw/openfun/tw.gov.cec~txn~candidates-votes/1994/陳水扁-village-votes-page-2.json,matched,exact-village-id
1994,南港區,聯成里,聯成里,黃大洲,828,data/raw/openfun/tw.gov.cec~txn~candidates-votes/1994/黃大洲-village-votes-page-2.json,matched,exact-village-id
1994,南港區,聯成里,聯成里,趙少康,1106,data/raw/openfun/tw.gov.cec~txn~candidates-votes/1994/趙少康-village-votes-page-2.json,matched,exact-village-id
1994,南港區,鴻福里,鴻福里,陳水扁,1195,data/raw/openfun/tw.gov.cec~txn~candidates-votes/1994/陳水扁-village-votes-page-2.json,matched,exact-village-id
1994,南港區,鴻福里,鴻福里,黃大洲,776,data/raw/openfun/tw.gov.cec~txn~candidates-votes/1994/黃大洲-village-votes-page-2.json,matched,exact-village-id
1994,南港區,鴻福里,鴻福里,趙少康,839,data/raw/openfun/tw.gov.cec~txn~candidates-votes/1994/趙少康-village-votes-page-2.json,matched,exact-village-id
1994,南港區,舊莊里,舊莊里,陳水扁,2430,data/raw/openfun/tw.gov.cec~txn~candidates-votes/1994/陳水扁-village-votes-page-2.json,matched,exact-village-id
1994,南港區,舊莊里,舊莊里,黃大洲,1319,data/raw/openfun/tw.gov.cec~txn~candidates-votes/1994/黃大洲-village-votes-page-2.json,matched,exact-village-id
1994,南港區,舊莊里,舊莊里,趙少康,1080,data/raw/openfun/tw.gov.cec~txn~candidates-votes/1994/趙少康-village-votes-page-2.json,matched,exact-village-id
1994,萬華區,仁德里,仁德里,陳水扁,1478,data/raw/openfun/tw.gov.cec~txn~candidates-votes/1994/陳水扁-village-votes-page-2.json,matched,exact-village-id
1994,萬華區,仁德里,仁德里,黃大洲,910,data/raw/openfun/tw.gov.cec~txn~candidates-votes/1994/黃大洲-village-votes-page-2.json,matched,exact-village-id
1994,萬華區,仁德里,仁德里,趙少康,598,data/raw/openfun/tw.gov.cec~txn~candidates-votes/1994/趙少康-village-votes-page-2.json,matched,exact-village-id
1994,萬華區,日祥里,日祥里,陳水扁,1042,data/raw/openfun/tw.gov.cec~txn~candidates-votes/1994/陳水扁-village-votes-page-2.json,matched,exact-village-id
1994,萬華區,日祥里,日祥里,黃大洲,965,data/raw/openfun/tw.gov.cec~txn~candidates-votes/1994/黃大洲-village-votes-page-2.json,matched,exact-village-id
1994,萬華區,日祥里,日祥里,趙少康,1135,data/raw/openfun/tw.gov.cec~txn~candidates-votes/1994/趙少康-village-votes-page-2.json,matched,exact-village-id
1994,萬華區,日善里,日善里,陳水扁,1290,data/raw/openfun/tw.gov.cec~txn~candidates-votes/1994/陳水扁-village-votes-page-2.json,matched,exact-village-id
1994,萬華區,日善里,日善里,黃大洲,691,data/raw/openfun/tw.gov.cec~txn~candidates-votes/1994/黃大洲-village-votes-page-2.json,matched,exact-village-id
1994,萬華區,日善里,日善里,趙少康,444,data/raw/openfun/tw.gov.cec~txn~candidates-votes/1994/趙少康-village-votes-page-2.json,matched,exact-village-id
1994,萬華區,全德里,全德里,陳水扁,1382,data/raw/openfun/tw.gov.cec~txn~candidates-votes/1994/陳水扁-village-votes-page-2.json,matched,exact-village-id
1994,萬華區,全德里,全德里,黃大洲,728,data/raw/openfun/tw.gov.cec~txn~candidates-votes/1994/黃大洲-village-votes-page-2.json,matched,exact-village-id
1994,萬華區,全德里,全德里,趙少康,536,data/raw/openfun/tw.gov.cec~txn~candidates-votes/1994/趙少康-village-votes-page-2.json,matched,exact-village-id
1994,萬華區,西門里,西門里,陳水扁,870,data/raw/openfun/tw.gov.cec~txn~candidates-votes/1994/陳水扁-village-votes-page-2.json,matched,exact-village-id
1994,萬華區,西門里,西門里,黃大洲,676,data/raw/openfun/tw.gov.cec~txn~candidates-votes/1994/黃大洲-village-votes-page-2.json,matched,exact-village-id
1994,萬華區,西門里,西門里,趙少康,518,data/raw/openfun/tw.gov.cec~txn~candidates-votes/1994/趙少康-village-votes-page-2.json,matched,exact-village-id
1994,萬華區,孝德里,孝德里,陳水扁,1281,data/raw/openfun/tw.gov.cec~txn~candidates-votes/1994/陳水扁-village-votes-page-2.json,matched,exact-village-id
1994,萬華區,孝德里,孝德里,黃大洲,561,data/raw/openfun/tw.gov.cec~txn~candidates-votes/1994/黃大洲-village-votes-page-2.json,matched,exact-village-id
1994,萬華區,孝德里,孝德里,趙少康,294,data/raw/openfun/tw.gov.cec~txn~candidates-votes/1994/趙少康-village-votes-page-2.json,matched,exact-village-id
1994,萬華區,和平里,和平里,陳水扁,2840,data/raw/openfun/tw.gov.cec~txn~candidates-votes/1994/陳水扁-village-votes-page-2.json,matched,exact-village-id
1994,萬華區,和平里,和平里,黃大洲,1235,data/raw/openfun/tw.gov.cec~txn~candidates-votes/1994/黃大洲-village-votes-page-2.json,matched,exact-village-id
1994,萬華區,和平里,和平里,趙少康,662,data/raw/openfun/tw.gov.cec~txn~candidates-votes/1994/趙少康-village-votes-page-2.json,matched,exact-village-id
1994,萬華區,和德里,和德里,陳水扁,2519,data/raw/openfun/tw.gov.cec~txn~candidates-votes/1994/陳水扁-village-votes-page-2.json,matched,exact-village-id
1994,萬華區,和德里,和德里,黃大洲,1393,data/raw/openfun/tw.gov.cec~txn~candidates-votes/1994/黃大洲-village-votes-page-2.json,matched,exact-village-id
1994,萬華區,和德里,和德里,趙少康,732,data/raw/openfun/tw.gov.cec~txn~candidates-votes/1994/趙少康-village-votes-page-2.json,matched,exact-village-id
1994,萬華區,忠貞里,忠貞里,陳水扁,967,data/raw/openfun/tw.gov.cec~txn~candidates-votes/1994/陳水扁-village-votes-page-2.json,matched,exact-village-id
1994,萬華區,忠貞里,忠貞里,黃大洲,970,data/raw/openfun/tw.gov.cec~txn~candidates-votes/1994/黃大洲-village-votes-page-2.json,matched,exact-village-id
1994,萬華區,忠貞里,忠貞里,趙少康,1625,data/raw/openfun/tw.gov.cec~txn~candidates-votes/1994/趙少康-village-votes-page-2.json,matched,exact-village-id
1994,萬華區,忠德里,忠德里,陳水扁,1662,data/raw/openfun/tw.gov.cec~txn~candidates-votes/1994/陳水扁-village-votes-page-2.json,matched,exact-village-id
1994,萬華區,忠德里,忠德里,黃大洲,728,data/raw/openfun/tw.gov.cec~txn~candidates-votes/1994/黃大洲-village-votes-page-2.json,matched,exact-village-id
1994,萬華區,忠德里,忠德里,趙少康,488,data/raw/openfun/tw.gov.cec~txn~candidates-votes/1994/趙少康-village-votes-page-2.json,matched,exact-village-id
1994,萬華區,青山里,青山里,陳水扁,1801,data/raw/openfun/tw.gov.cec~txn~candidates-votes/1994/陳水扁-village-votes-page-2.json,matched,exact-village-id
1994,萬華區,青山里,青山里,黃大洲,1021,data/raw/openfun/tw.gov.cec~txn~candidates-votes/1994/黃大洲-village-votes-page-2.json,matched,exact-village-id
1994,萬華區,青山里,青山里,趙少康,433,data/raw/openfun/tw.gov.cec~txn~candidates-votes/1994/趙少康-village-votes-page-2.json,matched,exact-village-id
1994,萬華區,保德里,保德里,陳水扁,1155,data/raw/openfun/tw.gov.cec~txn~candidates-votes/1994/陳水扁-village-votes-page-2.json,matched,exact-village-id
1994,萬華區,保德里,保德里,黃大洲,567,data/raw/openfun/tw.gov.cec~txn~candidates-votes/1994/黃大洲-village-votes-page-2.json,matched,exact-village-id
1994,萬華區,保德里,保德里,趙少康,344,data/raw/openfun/tw.gov.cec~txn~candidates-votes/1994/趙少康-village-votes-page-2.json,matched,exact-village-id
1994,萬華區,柳鄉里,柳鄉里,陳水扁,2090,data/raw/openfun/tw.gov.cec~txn~candidates-votes/1994/陳水扁-village-votes-page-2.json,matched,exact-village-id
1994,萬華區,柳鄉里,柳鄉里,黃大洲,1047,data/raw/openfun/tw.gov.cec~txn~candidates-votes/1994/黃大洲-village-votes-page-2.json,matched,exact-village-id
1994,萬華區,柳鄉里,柳鄉里,趙少康,450,data/raw/openfun/tw.gov.cec~txn~candidates-votes/1994/趙少康-village-votes-page-2.json,matched,exact-village-id
1994,萬華區,凌霄里,凌霄里,陳水扁,846,data/raw/openfun/tw.gov.cec~txn~candidates-votes/1994/陳水扁-village-votes-page-2.json,matched,exact-village-id
1994,萬華區,凌霄里,凌霄里,黃大洲,851,data/raw/openfun/tw.gov.cec~txn~candidates-votes/1994/黃大洲-village-votes-page-2.json,matched,exact-village-id
1994,萬華區,凌霄里,凌霄里,趙少康,1152,data/raw/openfun/tw.gov.cec~txn~candidates-votes/1994/趙少康-village-votes-page-2.json,matched,exact-village-id
1994,萬華區,頂碩里,頂碩里,陳水扁,3176,data/raw/openfun/tw.gov.cec~txn~candidates-votes/1994/陳水扁-village-votes-page-2.json,matched,exact-village-id
1994,萬華區,頂碩里,頂碩里,黃大洲,1255,data/raw/openfun/tw.gov.cec~txn~candidates-votes/1994/黃大洲-village-votes-page-2.json,matched,exact-village-id
1994,萬華區,頂碩里,頂碩里,趙少康,777,data/raw/openfun/tw.gov.cec~txn~candidates-votes/1994/趙少康-village-votes-page-2.json,matched,exact-village-id
1994,萬華區,富民里,富民里,陳水扁,1745,data/raw/openfun/tw.gov.cec~txn~candidates-votes/1994/陳水扁-village-votes-page-2.json,matched,exact-village-id
1994,萬華區,富民里,富民里,黃大洲,986,data/raw/openfun/tw.gov.cec~txn~candidates-votes/1994/黃大洲-village-votes-page-2.json,matched,exact-village-id
1994,萬華區,富民里,富民里,趙少康,349,data/raw/openfun/tw.gov.cec~txn~candidates-votes/1994/趙少康-village-votes-page-2.json,matched,exact-village-id
1994,萬華區,富福里,富福里,陳水扁,1806,data/raw/openfun/tw.gov.cec~txn~candidates-votes/1994/陳水扁-village-votes-page-2.json,matched,exact-village-id
1994,萬華區,富福里,富福里,黃大洲,872,data/raw/openfun/tw.gov.cec~txn~candidates-votes/1994/黃大洲-village-votes-page-2.json,matched,exact-village-id
1994,萬華區,富福里,富福里,趙少康,429,data/raw/openfun/tw.gov.cec~txn~candidates-votes/1994/趙少康-village-votes-page-2.json,matched,exact-village-id
1994,萬華區,菜園里,菜園里,陳水扁,1944,data/raw/openfun/tw.gov.cec~txn~candidates-votes/1994/陳水扁-village-votes-page-2.json,matched,exact-village-id
1994,萬華區,菜園里,菜園里,黃大洲,1000,data/raw/openfun/tw.gov.cec~txn~candidates-votes/1994/黃大洲-village-votes-page-2.json,matched,exact-village-id
1994,萬華區,菜園里,菜園里,趙少康,564,data/raw/openfun/tw.gov.cec~txn~candidates-votes/1994/趙少康-village-votes-page-2.json,matched,exact-village-id
1994,萬華區,華中里,華中里,陳水扁,2351,data/raw/openfun/tw.gov.cec~txn~candidates-votes/1994/陳水扁-village-votes-page-2.json,matched,exact-village-id
1994,萬華區,華中里,華中里,黃大洲,1075,data/raw/openfun/tw.gov.cec~txn~candidates-votes/1994/黃大洲-village-votes-page-2.json,matched,exact-village-id
1994,萬華區,華中里,華中里,趙少康,884,data/raw/openfun/tw.gov.cec~txn~candidates-votes/1994/趙少康-village-votes-page-2.json,matched,exact-village-id
1994,萬華區,華江里,華江里,陳水扁,2995,data/raw/openfun/tw.gov.cec~txn~candidates-votes/1994/陳水扁-village-votes-page-2.json,matched,exact-village-id
1994,萬華區,華江里,華江里,黃大洲,1606,data/raw/openfun/tw.gov.cec~txn~candidates-votes/1994/黃大洲-village-votes-page-2.json,matched,exact-village-id
1994,萬華區,華江里,華江里,趙少康,932,data/raw/openfun/tw.gov.cec~txn~candidates-votes/1994/趙少康-village-votes-page-2.json,matched,exact-village-id
1994,萬華區,新安里,新安里,陳水扁,1550,data/raw/openfun/tw.gov.cec~txn~candidates-votes/1994/陳水扁-village-votes-page-2.json,matched,exact-village-id
1994,萬華區,新安里,新安里,黃大洲,1210,data/raw/openfun/tw.gov.cec~txn~candidates-votes/1994/黃大洲-village-votes-page-2.json,matched,exact-village-id
1994,萬華區,新安里,新安里,趙少康,1760,data/raw/openfun/tw.gov.cec~txn~candidates-votes/1994/趙少康-village-votes-page-2.json,matched,exact-village-id
1994,萬華區,新和里,新和里,陳水扁,1151,data/raw/openfun/tw.gov.cec~txn~candidates-votes/1994/陳水扁-village-votes-page-2.json,matched,exact-village-id
1994,萬華區,新和里,新和里,黃大洲,1417,data/raw/openfun/tw.gov.cec~txn~candidates-votes/1994/黃大洲-village-votes-page-2.json,matched,exact-village-id
1994,萬華區,新和里,新和里,趙少康,3218,data/raw/openfun/tw.gov.cec~txn~candidates-votes/1994/趙少康-village-votes-page-2.json,matched,exact-village-id
1994,萬華區,新忠里,新忠里,陳水扁,492,data/raw/openfun/tw.gov.cec~txn~candidates-votes/1994/陳水扁-village-votes-page-2.json,matched,exact-village-id
1994,萬華區,新忠里,新忠里,黃大洲,730,data/raw/openfun/tw.gov.cec~txn~candidates-votes/1994/黃大洲-village-votes-page-2.json,matched,exact-village-id
1994,萬華區,新忠里,新忠里,趙少康,1527,data/raw/openfun/tw.gov.cec~txn~candidates-votes/1994/趙少康-village-votes-page-2.json,matched,exact-village-id
1994,萬華區,新起里,新起里,陳水扁,1937,data/raw/openfun/tw.gov.cec~txn~candidates-votes/1994/陳水扁-village-votes-page-2.json,matched,exact-village-id
1994,萬華區,新起里,新起里,黃大洲,1297,data/raw/openfun/tw.gov.cec~txn~candidates-votes/1994/黃大洲-village-votes-page-2.json,matched,exact-village-id
1994,萬華區,新起里,新起里,趙少康,993,data/raw/openfun/tw.gov.cec~txn~candidates-votes/1994/趙少康-village-votes-page-2.json,matched,exact-village-id
1994,萬華區,萬壽里,萬壽里,陳水扁,859,data/raw/openfun/tw.gov.cec~txn~candidates-votes/1994/陳水扁-village-votes-page-2.json,matched,exact-village-id
1994,萬華區,萬壽里,萬壽里,黃大洲,557,data/raw/openfun/tw.gov.cec~txn~candidates-votes/1994/黃大洲-village-votes-page-2.json,matched,exact-village-id
1994,萬華區,萬壽里,萬壽里,趙少康,387,data/raw/openfun/tw.gov.cec~txn~candidates-votes/1994/趙少康-village-votes-page-2.json,matched,exact-village-id
1994,萬華區,壽德里,壽德里,陳水扁,1615,data/raw/openfun/tw.gov.cec~txn~candidates-votes/1994/陳水扁-village-votes-page-2.json,matched,exact-village-id
1994,萬華區,壽德里,壽德里,黃大洲,829,data/raw/openfun/tw.gov.cec~txn~candidates-votes/1994/黃大洲-village-votes-page-2.json,matched,exact-village-id
1994,萬華區,壽德里,壽德里,趙少康,742,data/raw/openfun/tw.gov.cec~txn~candidates-votes/1994/趙少康-village-votes-page-2.json,matched,exact-village-id
1994,萬華區,榮德里,榮德里,陳水扁,1388,data/raw/openfun/tw.gov.cec~txn~candidates-votes/1994/陳水扁-village-votes-page-2.json,matched,exact-village-id
1994,萬華區,榮德里,榮德里,黃大洲,732,data/raw/openfun/tw.gov.cec~txn~candidates-votes/1994/黃大洲-village-votes-page-2.json,matched,exact-village-id
1994,萬華區,榮德里,榮德里,趙少康,499,data/raw/openfun/tw.gov.cec~txn~candidates-votes/1994/趙少康-village-votes-page-2.json,matched,exact-village-id
1994,萬華區,福星里,福星里,陳水扁,1383,data/raw/openfun/tw.gov.cec~txn~candidates-votes/1994/陳水扁-village-votes-page-2.json,matched,exact-village-id
1994,萬華區,福星里,福星里,黃大洲,785,data/raw/openfun/tw.gov.cec~txn~candidates-votes/1994/黃大洲-village-votes-page-2.json,matched,exact-village-id
1994,萬華區,福星里,福星里,趙少康,646,data/raw/openfun/tw.gov.cec~txn~candidates-votes/1994/趙少康-village-votes-page-2.json,matched,exact-village-id
1994,萬華區,福音里,福音里,陳水扁,1493,data/raw/openfun/tw.gov.cec~txn~candidates-votes/1994/陳水扁-village-votes-page-2.json,matched,exact-village-id
1994,萬華區,福音里,福音里,黃大洲,774,data/raw/openfun/tw.gov.cec~txn~candidates-votes/1994/黃大洲-village-votes-page-2.json,matched,exact-village-id
1994,萬華區,福音里,福音里,趙少康,368,data/raw/openfun/tw.gov.cec~txn~candidates-votes/1994/趙少康-village-votes-page-2.json,matched,exact-village-id
1994,萬華區,綠堤里,綠堤里,陳水扁,1943,data/raw/openfun/tw.gov.cec~txn~candidates-votes/1994/陳水扁-village-votes-page-2.json,matched,exact-village-id
1994,萬華區,綠堤里,綠堤里,黃大洲,1049,data/raw/openfun/tw.gov.cec~txn~candidates-votes/1994/黃大洲-village-votes-page-2.json,matched,exact-village-id
1994,萬華區,綠堤里,綠堤里,趙少康,773,data/raw/openfun/tw.gov.cec~txn~candidates-votes/1994/趙少康-village-votes-page-2.json,matched,exact-village-id
1994,萬華區,銘德里,銘德里,陳水扁,1618,data/raw/openfun/tw.gov.cec~txn~candidates-votes/1994/陳水扁-village-votes-page-2.json,matched,exact-village-id
1994,萬華區,銘德里,銘德里,黃大洲,893,data/raw/openfun/tw.gov.cec~txn~candidates-votes/1994/黃大洲-village-votes-page-2.json,matched,exact-village-id
1994,萬華區,銘德里,銘德里,趙少康,586,data/raw/openfun/tw.gov.cec~txn~candidates-votes/1994/趙少康-village-votes-page-2.json,matched,exact-village-id
1994,萬華區,糖廍里,糖廍里,陳水扁,1517,data/raw/openfun/tw.gov.cec~txn~candidates-votes/1994/陳水扁-village-votes-page-2.json,matched,exact-village-id
1994,萬華區,糖廍里,糖廍里,黃大洲,830,data/raw/openfun/tw.gov.cec~txn~candidates-votes/1994/黃大洲-village-votes-page-2.json,matched,exact-village-id
1994,萬華區,糖廍里,糖廍里,趙少康,429,data/raw/openfun/tw.gov.cec~txn~candidates-votes/1994/趙少康-village-votes-page-2.json,matched,exact-village-id
1994,萬華區,興德里,興德里,陳水扁,1559,data/raw/openfun/tw.gov.cec~txn~candidates-votes/1994/陳水扁-village-votes-page-2.json,matched,exact-village-id
1994,萬華區,興德里,興德里,黃大洲,822,data/raw/openfun/tw.gov.cec~txn~candidates-votes/1994/黃大洲-village-votes-page-2.json,matched,exact-village-id
1994,萬華區,興德里,興德里,趙少康,616,data/raw/openfun/tw.gov.cec~txn~candidates-votes/1994/趙少康-village-votes-page-2.json,matched,exact-village-id
1994,萬華區,錦德里,錦德里,陳水扁,1804,data/raw/openfun/tw.gov.cec~txn~candidates-votes/1994/陳水扁-village-votes-page-2.json,matched,exact-village-id
1994,萬華區,錦德里,錦德里,黃大洲,991,data/raw/openfun/tw.gov.cec~txn~candidates-votes/1994/黃大洲-village-votes-page-2.json,matched,exact-village-id
1994,萬華區,錦德里,錦德里,趙少康,602,data/raw/openfun/tw.gov.cec~txn~candidates-votes/1994/趙少康-village-votes-page-2.json,matched,exact-village-id
1994,萬華區,雙園里,雙園里,陳水扁,1764,data/raw/openfun/tw.gov.cec~txn~candidates-votes/1994/陳水扁-village-votes-page-2.json,matched,exact-village-id
1994,萬華區,雙園里,雙園里,黃大洲,867,data/raw/openfun/tw.gov.cec~txn~candidates-votes/1994/黃大洲-village-votes-page-2.json,matched,exact-village-id
1994,萬華區,雙園里,雙園里,趙少康,582,data/raw/openfun/tw.gov.cec~txn~candidates-votes/1994/趙少康-village-votes-page-2.json,matched,exact-village-id
1994,萬華區,騰雲里,騰雲里,陳水扁,617,data/raw/openfun/tw.gov.cec~txn~candidates-votes/1994/陳水扁-village-votes-page-2.json,matched,exact-village-id
1994,萬華區,騰雲里,騰雲里,黃大洲,532,data/raw/openfun/tw.gov.cec~txn~candidates-votes/1994/黃大洲-village-votes-page-2.json,matched,exact-village-id
1994,萬華區,騰雲里,騰雲里,趙少康,716,data/raw/openfun/tw.gov.cec~txn~candidates-votes/1994/趙少康-village-votes-page-2.json,matched,exact-village-id
1998,士林區,三玉里,三玉里,馬英九,1651,data/raw/openfun/tw.gov.cec~txn~candidates-votes/1998/馬英九-village-votes-page-2.json,matched,exact-village-id
1998,士林區,三玉里,三玉里,陳水扁,1748,data/raw/openfun/tw.gov.cec~txn~candidates-votes/1998/陳水扁-village-votes-page-2.json,matched,exact-village-id
1998,士林區,仁勇里,仁勇里,馬英九,1316,data/raw/openfun/tw.gov.cec~txn~candidates-votes/1998/馬英九-village-votes-page-2.json,matched,exact-village-id
1998,士林區,仁勇里,仁勇里,陳水扁,1691,data/raw/openfun/tw.gov.cec~txn~candidates-votes/1998/陳水扁-village-votes-page-2.json,matched,exact-village-id
1998,士林區,公館里,公館里,馬英九,346,data/raw/openfun/tw.gov.cec~txn~candidates-votes/1998/馬英九-village-votes-page-2.json,matched,exact-village-id
1998,士林區,公館里,公館里,陳水扁,563,data/raw/openfun/tw.gov.cec~txn~candidates-votes/1998/陳水扁-village-votes-page-2.json,matched,exact-village-id
1998,士林區,天山里,天山里,馬英九,2068,data/raw/openfun/tw.gov.cec~txn~candidates-votes/1998/馬英九-village-votes-page-2.json,matched,exact-village-id
1998,士林區,天山里,天山里,陳水扁,1971,data/raw/openfun/tw.gov.cec~txn~candidates-votes/1998/陳水扁-village-votes-page-2.json,matched,exact-village-id
1998,士林區,天母里,天母里,馬英九,1970,data/raw/openfun/tw.gov.cec~txn~candidates-votes/1998/馬英九-village-votes-page-2.json,matched,exact-village-id
1998,士林區,天母里,天母里,陳水扁,1790,data/raw/openfun/tw.gov.cec~txn~candidates-votes/1998/陳水扁-village-votes-page-2.json,matched,exact-village-id
1998,士林區,天玉里,天玉里,馬英九,2543,data/raw/openfun/tw.gov.cec~txn~candidates-votes/1998/馬英九-village-votes-page-2.json,matched,exact-village-id
1998,士林區,天玉里,天玉里,陳水扁,2283,data/raw/openfun/tw.gov.cec~txn~candidates-votes/1998/陳水扁-village-votes-page-2.json,matched,exact-village-id
1998,士林區,天和里,天和里,馬英九,2304,data/raw/openfun/tw.gov.cec~txn~candidates-votes/1998/馬英九-village-votes-page-2.json,matched,exact-village-id
1998,士林區,天和里,天和里,陳水扁,2086,data/raw/openfun/tw.gov.cec~txn~candidates-votes/1998/陳水扁-village-votes-page-2.json,matched,exact-village-id
1998,士林區,天祿里,天祿里,馬英九,1509,data/raw/openfun/tw.gov.cec~txn~candidates-votes/1998/馬英九-village-votes-page-2.json,matched,exact-village-id
1998,士林區,天祿里,天祿里,陳水扁,1595,data/raw/openfun/tw.gov.cec~txn~candidates-votes/1998/陳水扁-village-votes-page-2.json,matched,exact-village-id
1998,士林區,天壽里,天壽里,馬英九,1290,data/raw/openfun/tw.gov.cec~txn~candidates-votes/1998/馬英九-village-votes-page-2.json,matched,exact-village-id
1998,士林區,天壽里,天壽里,陳水扁,1401,data/raw/openfun/tw.gov.cec~txn~candidates-votes/1998/陳水扁-village-votes-page-2.json,matched,exact-village-id
1998,士林區,天福里,天福里,馬英九,2007,data/raw/openfun/tw.gov.cec~txn~candidates-votes/1998/馬英九-village-votes-page-2.json,matched,exact-village-id
1998,士林區,天福里,天福里,陳水扁,1896,data/raw/openfun/tw.gov.cec~txn~candidates-votes/1998/陳水扁-village-votes-page-2.json,matched,exact-village-id
1998,士林區,平等里,平等里,馬英九,220,data/raw/openfun/tw.gov.cec~txn~candidates-votes/1998/馬英九-village-votes-page-2.json,matched,exact-village-id
1998,士林區,平等里,平等里,陳水扁,759,data/raw/openfun/tw.gov.cec~txn~candidates-votes/1998/陳水扁-village-votes-page-2.json,matched,exact-village-id
1998,士林區,永倫里,永倫里,馬英九,1733,data/raw/openfun/tw.gov.cec~txn~candidates-votes/1998/馬英九-village-votes-page-2.json,matched,exact-village-id
1998,士林區,永倫里,永倫里,陳水扁,2904,data/raw/openfun/tw.gov.cec~txn~candidates-votes/1998/陳水扁-village-votes-page-2.json,matched,exact-village-id
1998,士林區,永福里,永福里,馬英九,338,data/raw/openfun/tw.gov.cec~txn~candidates-votes/1998/馬英九-village-votes-page-2.json,matched,exact-village-id
1998,士林區,永福里,永福里,陳水扁,510,data/raw/openfun/tw.gov.cec~txn~candidates-votes/1998/陳水扁-village-votes-page-2.json,matched,exact-village-id
1998,士林區,名山里,名山里,馬英九,2053,data/raw/openfun/tw.gov.cec~txn~candidates-votes/1998/馬英九-village-votes-page-2.json,matched,exact-village-id
1998,士林區,名山里,名山里,陳水扁,1857,data/raw/openfun/tw.gov.cec~txn~candidates-votes/1998/陳水扁-village-votes-page-2.json,matched,exact-village-id
1998,士林區,百齡里,百齡里,馬英九,1872,data/raw/openfun/tw.gov.cec~txn~candidates-votes/1998/馬英九-village-votes-page-2.json,matched,exact-village-id
1998,士林區,百齡里,百齡里,陳水扁,2667,data/raw/openfun/tw.gov.cec~txn~candidates-votes/1998/陳水扁-village-votes-page-2.json,matched,exact-village-id
1998,士林區,岩山里,岩山里,馬英九,1517,data/raw/openfun/tw.gov.cec~txn~candidates-votes/1998/馬英九-village-votes-page-2.json,matched,exact-village-id
1998,士林區,岩山里,岩山里,陳水扁,1136,data/raw/openfun/tw.gov.cec~txn~candidates-votes/1998/陳水扁-village-votes-page-2.json,matched,exact-village-id
1998,士林區,忠誠里,忠誠里,馬英九,2345,data/raw/openfun/tw.gov.cec~txn~candidates-votes/1998/馬英九-village-votes-page-2.json,matched,exact-village-id
1998,士林區,忠誠里,忠誠里,陳水扁,1185,data/raw/openfun/tw.gov.cec~txn~candidates-votes/1998/陳水扁-village-votes-page-2.json,matched,exact-village-id
1998,士林區,承德里,承德里,馬英九,1433,data/raw/openfun/tw.gov.cec~txn~candidates-votes/1998/馬英九-village-votes-page-2.json,matched,exact-village-id
1998,士林區,承德里,承德里,陳水扁,1694,data/raw/openfun/tw.gov.cec~txn~candidates-votes/1998/陳水扁-village-votes-page-2.json,matched,exact-village-id
1998,士林區,明勝里,明勝里,馬英九,1300,data/raw/openfun/tw.gov.cec~txn~candidates-votes/1998/馬英九-village-votes-page-2.json,matched,exact-village-id
1998,士林區,明勝里,明勝里,陳水扁,1804,data/raw/openfun/tw.gov.cec~txn~candidates-votes/1998/陳水扁-village-votes-page-2.json,matched,exact-village-id
1998,士林區,東山里,東山里,馬英九,1871,data/raw/openfun/tw.gov.cec~txn~candidates-votes/1998/馬英九-village-votes-page-2.json,matched,exact-village-id
1998,士林區,東山里,東山里,陳水扁,1201,data/raw/openfun/tw.gov.cec~txn~candidates-votes/1998/陳水扁-village-votes-page-2.json,matched,exact-village-id
1998,士林區,社子里,社子里,馬英九,1636,data/raw/openfun/tw.gov.cec~txn~candidates-votes/1998/馬英九-village-votes-page-2.json,matched,exact-village-id
1998,士林區,社子里,社子里,陳水扁,2455,data/raw/openfun/tw.gov.cec~txn~candidates-votes/1998/陳水扁-village-votes-page-2.json,matched,exact-village-id
1998,士林區,社園里,社園里,馬英九,1652,data/raw/openfun/tw.gov.cec~txn~candidates-votes/1998/馬英九-village-votes-page-2.json,matched,exact-village-id
1998,士林區,社園里,社園里,陳水扁,2608,data/raw/openfun/tw.gov.cec~txn~candidates-votes/1998/陳水扁-village-votes-page-2.json,matched,exact-village-id
1998,士林區,社新里,社新里,馬英九,1970,data/raw/openfun/tw.gov.cec~txn~candidates-votes/1998/馬英九-village-votes-page-2.json,matched,exact-village-id
1998,士林區,社新里,社新里,陳水扁,3249,data/raw/openfun/tw.gov.cec~txn~candidates-votes/1998/陳水扁-village-votes-page-2.json,matched,exact-village-id
1998,士林區,芝山里,芝山里,馬英九,2064,data/raw/openfun/tw.gov.cec~txn~candidates-votes/1998/馬英九-village-votes-page-2.json,matched,exact-village-id
1998,士林區,芝山里,芝山里,陳水扁,2022,data/raw/openfun/tw.gov.cec~txn~candidates-votes/1998/陳水扁-village-votes-page-2.json,matched,exact-village-id
1998,士林區,前港里,前港里,馬英九,1053,data/raw/openfun/tw.gov.cec~txn~candidates-votes/1998/馬英九-village-votes-page-2.json,matched,exact-village-id
1998,士林區,前港里,前港里,陳水扁,1589,data/raw/openfun/tw.gov.cec~txn~candidates-votes/1998/陳水扁-village-votes-page-2.json,matched,exact-village-id
1998,士林區,後港里,後港里,馬英九,2064,data/raw/openfun/tw.gov.cec~txn~candidates-votes/1998/馬英九-village-votes-page-2.json,matched,exact-village-id
1998,士林區,後港里,後港里,陳水扁,2934,data/raw/openfun/tw.gov.cec~txn~candidates-votes/1998/陳水扁-village-votes-page-2.json,matched,exact-village-id
1998,士林區,富光里,富光里,馬英九,1485,data/raw/openfun/tw.gov.cec~txn~candidates-votes/1998/馬英九-village-votes-page-2.json,matched,exact-village-id
1998,士林區,富光里,富光里,陳水扁,2320,data/raw/openfun/tw.gov.cec~txn~candidates-votes/1998/陳水扁-village-votes-page-2.json,matched,exact-village-id
1998,士林區,富洲里,富洲里,馬英九,1033,data/raw/openfun/tw.gov.cec~txn~candidates-votes/1998/馬英九-village-votes-page-2.json,matched,exact-village-id
1998,士林區,富洲里,富洲里,陳水扁,2496,data/raw/openfun/tw.gov.cec~txn~candidates-votes/1998/陳水扁-village-votes-page-2.json,matched,exact-village-id
1998,士林區,菁山里,菁山里,馬英九,461,data/raw/openfun/tw.gov.cec~txn~candidates-votes/1998/馬英九-village-votes-page-2.json,matched,exact-village-id
1998,士林區,菁山里,菁山里,陳水扁,597,data/raw/openfun/tw.gov.cec~txn~candidates-votes/1998/陳水扁-village-votes-page-2.json,matched,exact-village-id
1998,士林區,陽明里,陽明里,馬英九,1013,data/raw/openfun/tw.gov.cec~txn~candidates-votes/1998/馬英九-village-votes-page-2.json,matched,exact-village-id
1998,士林區,陽明里,陽明里,陳水扁,949,data/raw/openfun/tw.gov.cec~txn~candidates-votes/1998/陳水扁-village-votes-page-2.json,matched,exact-village-id
1998,士林區,新安里,新安里,馬英九,531,data/raw/openfun/tw.gov.cec~txn~candidates-votes/1998/馬英九-village-votes-page-2.json,matched,exact-village-id
1998,士林區,新安里,新安里,陳水扁,779,data/raw/openfun/tw.gov.cec~txn~candidates-votes/1998/陳水扁-village-votes-page-2.json,matched,exact-village-id
1998,士林區,溪山里,溪山里,馬英九,434,data/raw/openfun/tw.gov.cec~txn~candidates-votes/1998/馬英九-village-votes-page-2.json,matched,exact-village-id
1998,士林區,溪山里,溪山里,陳水扁,541,data/raw/openfun/tw.gov.cec~txn~candidates-votes/1998/陳水扁-village-votes-page-2.json,matched,exact-village-id
1998,士林區,義信里,義信里,馬英九,913,data/raw/openfun/tw.gov.cec~txn~candidates-votes/1998/馬英九-village-votes-page-2.json,matched,exact-village-id
1998,士林區,義信里,義信里,陳水扁,1002,data/raw/openfun/tw.gov.cec~txn~candidates-votes/1998/陳水扁-village-votes-page-2.json,matched,exact-village-id
1998,士林區,聖山里,聖山里,馬英九,1920,data/raw/openfun/tw.gov.cec~txn~candidates-votes/1998/馬英九-village-votes-page-2.json,matched,exact-village-id
1998,士林區,聖山里,聖山里,陳水扁,1145,data/raw/openfun/tw.gov.cec~txn~candidates-votes/1998/陳水扁-village-votes-page-2.json,matched,exact-village-id
1998,士林區,葫東里,葫東里,馬英九,850,data/raw/openfun/tw.gov.cec~txn~candidates-votes/1998/馬英九-village-votes-page-2.json,matched,exact-village-id
1998,士林區,葫東里,葫東里,陳水扁,1583,data/raw/openfun/tw.gov.cec~txn~candidates-votes/1998/陳水扁-village-votes-page-2.json,matched,exact-village-id
1998,士林區,葫蘆里,葫蘆里,馬英九,2215,data/raw/openfun/tw.gov.cec~txn~candidates-votes/1998/馬英九-village-votes-page-2.json,matched,exact-village-id
1998,士林區,葫蘆里,葫蘆里,陳水扁,2424,data/raw/openfun/tw.gov.cec~txn~candidates-votes/1998/陳水扁-village-votes-page-2.json,matched,exact-village-id
1998,士林區,福中里,福中里,馬英九,1359,data/raw/openfun/tw.gov.cec~txn~candidates-votes/1998/馬英九-village-votes-page-2.json,matched,exact-village-id
1998,士林區,福中里,福中里,陳水扁,2085,data/raw/openfun/tw.gov.cec~txn~candidates-votes/1998/陳水扁-village-votes-page-2.json,matched,exact-village-id
1998,士林區,福安里,福安里,馬英九,751,data/raw/openfun/tw.gov.cec~txn~candidates-votes/1998/馬英九-village-votes-page-2.json,matched,exact-village-id
1998,士林區,福安里,福安里,陳水扁,2498,data/raw/openfun/tw.gov.cec~txn~candidates-votes/1998/陳水扁-village-votes-page-2.json,matched,exact-village-id
1998,士林區,福志里,福志里,馬英九,2730,data/raw/openfun/tw.gov.cec~txn~candidates-votes/1998/馬英九-village-votes-page-2.json,matched,exact-village-id
1998,士林區,福志里,福志里,陳水扁,2124,data/raw/openfun/tw.gov.cec~txn~candidates-votes/1998/陳水扁-village-votes-page-2.json,matched,exact-village-id
1998,士林區,福佳里,福佳里,馬英九,2118,data/raw/openfun/tw.gov.cec~txn~candidates-votes/1998/馬英九-village-votes-page-2.json,matched,exact-village-id
1998,士林區,福佳里,福佳里,陳水扁,2488,data/raw/openfun/tw.gov.cec~txn~candidates-votes/1998/陳水扁-village-votes-page-2.json,matched,exact-village-id
1998,士林區,福林里,福林里,馬英九,1611,data/raw/openfun/tw.gov.cec~txn~candidates-votes/1998/馬英九-village-votes-page-2.json,matched,exact-village-id
1998,士林區,福林里,福林里,陳水扁,1077,data/raw/openfun/tw.gov.cec~txn~candidates-votes/1998/陳水扁-village-votes-page-2.json,matched,exact-village-id
1998,士林區,福華里,福華里,馬英九,2124,data/raw/openfun/tw.gov.cec~txn~candidates-votes/1998/馬英九-village-votes-page-2.json,matched,exact-village-id
1998,士林區,福華里,福華里,陳水扁,2207,data/raw/openfun/tw.gov.cec~txn~candidates-votes/1998/陳水扁-village-votes-page-2.json,matched,exact-village-id
1998,士林區,福順里,福順里,馬英九,1295,data/raw/openfun/tw.gov.cec~txn~candidates-votes/1998/馬英九-village-votes-page-2.json,matched,exact-village-id
1998,士林區,福順里,福順里,陳水扁,2240,data/raw/openfun/tw.gov.cec~txn~candidates-votes/1998/陳水扁-village-votes-page-2.json,matched,exact-village-id
1998,士林區,福德里,福德里,馬英九,1256,data/raw/openfun/tw.gov.cec~txn~candidates-votes/1998/馬英九-village-votes-page-2.json,matched,exact-village-id
1998,士林區,福德里,福德里,陳水扁,1339,data/raw/openfun/tw.gov.cec~txn~candidates-votes/1998/陳水扁-village-votes-page-2.json,matched,exact-village-id
1998,士林區,翠山里,翠山里,馬英九,2415,data/raw/openfun/tw.gov.cec~txn~candidates-votes/1998/馬英九-village-votes-page-2.json,matched,exact-village-id
1998,士林區,翠山里,翠山里,陳水扁,1225,data/raw/openfun/tw.gov.cec~txn~candidates-votes/1998/陳水扁-village-votes-page-2.json,matched,exact-village-id
1998,士林區,德行里,德行里,馬英九,1182,data/raw/openfun/tw.gov.cec~txn~candidates-votes/1998/馬英九-village-votes-page-2.json,matched,exact-village-id
1998,士林區,德行里,德行里,陳水扁,1432,data/raw/openfun/tw.gov.cec~txn~candidates-votes/1998/陳水扁-village-votes-page-2.json,matched,exact-village-id
1998,士林區,德華里,德華里,馬英九,1544,data/raw/openfun/tw.gov.cec~txn~candidates-votes/1998/馬英九-village-votes-page-2.json,matched,exact-village-id
1998,士林區,德華里,德華里,陳水扁,1904,data/raw/openfun/tw.gov.cec~txn~candidates-votes/1998/陳水扁-village-votes-page-2.json,matched,exact-village-id
1998,士林區,舊佳里,舊佳里,馬英九,1928,data/raw/openfun/tw.gov.cec~txn~candidates-votes/1998/馬英九-village-votes-page-2.json,matched,exact-village-id
1998,士林區,舊佳里,舊佳里,陳水扁,2370,data/raw/openfun/tw.gov.cec~txn~candidates-votes/1998/陳水扁-village-votes-page-2.json,matched,exact-village-id
1998,士林區,蘭雅里,蘭雅里,馬英九,2510,data/raw/openfun/tw.gov.cec~txn~candidates-votes/1998/馬英九-village-votes-page-2.json,matched,exact-village-id
1998,士林區,蘭雅里,蘭雅里,陳水扁,2673,data/raw/openfun/tw.gov.cec~txn~candidates-votes/1998/陳水扁-village-votes-page-2.json,matched,exact-village-id
1998,士林區,蘭興里,蘭興里,馬英九,1696,data/raw/openfun/tw.gov.cec~txn~candidates-votes/1998/馬英九-village-votes-page-2.json,matched,exact-village-id
1998,士林區,蘭興里,蘭興里,陳水扁,1921,data/raw/openfun/tw.gov.cec~txn~candidates-votes/1998/陳水扁-village-votes-page-2.json,matched,exact-village-id
1998,大同區,大有里,大有里,馬英九,1283,data/raw/openfun/tw.gov.cec~txn~candidates-votes/1998/馬英九-village-votes-page-2.json,matched,exact-village-id
1998,大同區,大有里,大有里,陳水扁,1987,data/raw/openfun/tw.gov.cec~txn~candidates-votes/1998/陳水扁-village-votes-page-2.json,matched,exact-village-id
1998,大同區,民權里,民權里,馬英九,1951,data/raw/openfun/tw.gov.cec~txn~candidates-votes/1998/馬英九-village-votes-page-2.json,matched,exact-village-id
1998,大同區,民權里,民權里,陳水扁,2181,data/raw/openfun/tw.gov.cec~txn~candidates-votes/1998/陳水扁-village-votes-page-2.json,matched,exact-village-id
1998,大同區,永樂里,永樂里,馬英九,1218,data/raw/openfun/tw.gov.cec~txn~candidates-votes/1998/馬英九-village-votes-page-2.json,matched,exact-village-id
1998,大同區,永樂里,永樂里,陳水扁,2018,data/raw/openfun/tw.gov.cec~txn~candidates-votes/1998/陳水扁-village-votes-page-2.json,matched,exact-village-id
1998,大同區,玉泉里,玉泉里,馬英九,1199,data/raw/openfun/tw.gov.cec~txn~candidates-votes/1998/馬英九-village-votes-page-1.json,matched,exact-village-id
1998,大同區,玉泉里,玉泉里,陳水扁,1238,data/raw/openfun/tw.gov.cec~txn~candidates-votes/1998/陳水扁-village-votes-page-1.json,matched,exact-village-id
1998,大同區,光能里,光能里,馬英九,1369,data/raw/openfun/tw.gov.cec~txn~candidates-votes/1998/馬英九-village-votes-page-2.json,matched,exact-village-id
1998,大同區,光能里,光能里,陳水扁,2062,data/raw/openfun/tw.gov.cec~txn~candidates-votes/1998/陳水扁-village-votes-page-2.json,matched,exact-village-id
1998,大同區,老師里,老師里,馬英九,1078,data/raw/openfun/tw.gov.cec~txn~candidates-votes/1998/馬英九-village-votes-page-2.json,matched,exact-village-id
1998,大同區,老師里,老師里,陳水扁,1823,data/raw/openfun/tw.gov.cec~txn~candidates-votes/1998/陳水扁-village-votes-page-2.json,matched,exact-village-id
1998,大同區,至聖里,至聖里,馬英九,2159,data/raw/openfun/tw.gov.cec~txn~candidates-votes/1998/馬英九-village-votes-page-2.json,matched,exact-village-id
1998,大同區,至聖里,至聖里,陳水扁,2999,data/raw/openfun/tw.gov.cec~txn~candidates-votes/1998/陳水扁-village-votes-page-2.json,matched,exact-village-id
1998,大同區,延平里,延平里,馬英九,1087,data/raw/openfun/tw.gov.cec~txn~candidates-votes/1998/馬英九-village-votes-page-2.json,matched,exact-village-id
1998,大同區,延平里,延平里,陳水扁,1318,data/raw/openfun/tw.gov.cec~txn~candidates-votes/1998/陳水扁-village-votes-page-2.json,matched,exact-village-id
1998,大同區,保安里,保安里,馬英九,1425,data/raw/openfun/tw.gov.cec~txn~candidates-votes/1998/馬英九-village-votes-page-2.json,matched,exact-village-id
1998,大同區,保安里,保安里,陳水扁,2459,data/raw/openfun/tw.gov.cec~txn~candidates-votes/1998/陳水扁-village-votes-page-2.json,matched,exact-village-id
1998,大同區,南芳里,南芳里,馬英九,1042,data/raw/openfun/tw.gov.cec~txn~candidates-votes/1998/馬英九-village-votes-page-2.json,matched,exact-village-id
1998,大同區,南芳里,南芳里,陳水扁,1506,data/raw/openfun/tw.gov.cec~txn~candidates-votes/1998/陳水扁-village-votes-page-2.json,matched,exact-village-id
1998,大同區,建功里,建功里,馬英九,981,data/raw/openfun/tw.gov.cec~txn~candidates-votes/1998/馬英九-village-votes-page-1.json,matched,exact-village-id
1998,大同區,建功里,建功里,陳水扁,1572,data/raw/openfun/tw.gov.cec~txn~candidates-votes/1998/陳水扁-village-votes-page-1.json,matched,exact-village-id
1998,大同區,建明里,建明里,馬英九,899,data/raw/openfun/tw.gov.cec~txn~candidates-votes/1998/馬英九-village-votes-page-1.json,matched,exact-village-id
1998,大同區,建明里,建明里,陳水扁,1471,data/raw/openfun/tw.gov.cec~txn~candidates-votes/1998/陳水扁-village-votes-page-1.json,matched,exact-village-id
1998,大同區,建泰里,建泰里,馬英九,854,data/raw/openfun/tw.gov.cec~txn~candidates-votes/1998/馬英九-village-votes-page-2.json,matched,exact-village-id
1998,大同區,建泰里,建泰里,陳水扁,1342,data/raw/openfun/tw.gov.cec~txn~candidates-votes/1998/陳水扁-village-votes-page-2.json,matched,exact-village-id
1998,大同區,星明里,星明里,馬英九,1207,data/raw/openfun/tw.gov.cec~txn~candidates-votes/1998/馬英九-village-votes-page-2.json,matched,exact-village-id
1998,大同區,星明里,星明里,陳水扁,1647,data/raw/openfun/tw.gov.cec~txn~candidates-votes/1998/陳水扁-village-votes-page-2.json,matched,exact-village-id
1998,大同區,重慶里,重慶里,馬英九,1069,data/raw/openfun/tw.gov.cec~txn~candidates-votes/1998/馬英九-village-votes-page-2.json,matched,exact-village-id
1998,大同區,重慶里,重慶里,陳水扁,1549,data/raw/openfun/tw.gov.cec~txn~candidates-votes/1998/陳水扁-village-votes-page-2.json,matched,exact-village-id
1998,大同區,國順里,國順里,馬英九,1053,data/raw/openfun/tw.gov.cec~txn~candidates-votes/1998/馬英九-village-votes-page-2.json,matched,exact-village-id
1998,大同區,國順里,國順里,陳水扁,1837,data/raw/openfun/tw.gov.cec~txn~candidates-votes/1998/陳水扁-village-votes-page-2.json,matched,exact-village-id
1998,大同區,國慶里,國慶里,馬英九,673,data/raw/openfun/tw.gov.cec~txn~candidates-votes/1998/馬英九-village-votes-page-2.json,matched,exact-village-id
1998,大同區,國慶里,國慶里,陳水扁,894,data/raw/openfun/tw.gov.cec~txn~candidates-votes/1998/陳水扁-village-votes-page-2.json,matched,exact-village-id
1998,大同區,揚雅里,揚雅里,馬英九,739,data/raw/openfun/tw.gov.cec~txn~candidates-votes/1998/馬英九-village-votes-page-2.json,matched,exact-village-id
1998,大同區,揚雅里,揚雅里,陳水扁,1280,data/raw/openfun/tw.gov.cec~txn~candidates-votes/1998/陳水扁-village-votes-page-2.json,matched,exact-village-id
1998,大同區,斯文里,斯文里,馬英九,1386,data/raw/openfun/tw.gov.cec~txn~candidates-votes/1998/馬英九-village-votes-page-2.json,matched,exact-village-id
1998,大同區,斯文里,斯文里,陳水扁,2172,data/raw/openfun/tw.gov.cec~txn~candidates-votes/1998/陳水扁-village-votes-page-2.json,matched,exact-village-id
1998,大同區,景星里,景星里,馬英九,751,data/raw/openfun/tw.gov.cec~txn~candidates-votes/1998/馬英九-village-votes-page-2.json,matched,exact-village-id
1998,大同區,景星里,景星里,陳水扁,1193,data/raw/openfun/tw.gov.cec~txn~candidates-votes/1998/陳水扁-village-votes-page-2.json,matched,exact-village-id
1998,大同區,朝陽里,朝陽里,馬英九,970,data/raw/openfun/tw.gov.cec~txn~candidates-votes/1998/馬英九-village-votes-page-2.json,matched,exact-village-id
1998,大同區,朝陽里,朝陽里,陳水扁,1360,data/raw/openfun/tw.gov.cec~txn~candidates-votes/1998/陳水扁-village-votes-page-2.json,matched,exact-village-id
1998,大同區,隆和里,隆和里,馬英九,787,data/raw/openfun/tw.gov.cec~txn~candidates-votes/1998/馬英九-village-votes-page-2.json,matched,exact-village-id
1998,大同區,隆和里,隆和里,陳水扁,1373,data/raw/openfun/tw.gov.cec~txn~candidates-votes/1998/陳水扁-village-votes-page-2.json,matched,exact-village-id
1998,大同區,蓬萊里,蓬萊里,馬英九,1165,data/raw/openfun/tw.gov.cec~txn~candidates-votes/1998/馬英九-village-votes-page-2.json,matched,exact-village-id
1998,大同區,蓬萊里,蓬萊里,陳水扁,1878,data/raw/openfun/tw.gov.cec~txn~candidates-votes/1998/陳水扁-village-votes-page-2.json,matched,exact-village-id
1998,大同區,鄰江里,鄰江里,馬英九,1590,data/raw/openfun/tw.gov.cec~txn~candidates-votes/1998/馬英九-village-votes-page-2.json,matched,exact-village-id
1998,大同區,鄰江里,鄰江里,陳水扁,2613,data/raw/openfun/tw.gov.cec~txn~candidates-votes/1998/陳水扁-village-votes-page-2.json,matched,exact-village-id
1998,大同區,雙連里,雙連里,馬英九,2231,data/raw/openfun/tw.gov.cec~txn~candidates-votes/1998/馬英九-village-votes-page-2.json,matched,exact-village-id
1998,大同區,雙連里,雙連里,陳水扁,3477,data/raw/openfun/tw.gov.cec~txn~candidates-votes/1998/陳水扁-village-votes-page-2.json,matched,exact-village-id
1998,大安區,大學里,大學里,馬英九,2716,data/raw/openfun/tw.gov.cec~txn~candidates-votes/1998/馬英九-village-votes-page-1.json,matched,exact-village-id
1998,大安區,大學里,大學里,陳水扁,1964,data/raw/openfun/tw.gov.cec~txn~candidates-votes/1998/陳水扁-village-votes-page-1.json,matched,exact-village-id
1998,大安區,仁愛里,仁愛里,馬英九,1656,data/raw/openfun/tw.gov.cec~txn~candidates-votes/1998/馬英九-village-votes-page-1.json,matched,exact-village-id
1998,大安區,仁愛里,仁愛里,陳水扁,1386,data/raw/openfun/tw.gov.cec~txn~candidates-votes/1998/陳水扁-village-votes-page-1.json,matched,exact-village-id
1998,大安區,仁慈里,仁慈里,馬英九,1484,data/raw/openfun/tw.gov.cec~txn~candidates-votes/1998/馬英九-village-votes-page-1.json,matched,exact-village-id
1998,大安區,仁慈里,仁慈里,陳水扁,1179,data/raw/openfun/tw.gov.cec~txn~candidates-votes/1998/陳水扁-village-votes-page-1.json,matched,exact-village-id
1998,大安區,古風里,古風里,馬英九,1317,data/raw/openfun/tw.gov.cec~txn~candidates-votes/1998/馬英九-village-votes-page-1.json,matched,exact-village-id
1998,大安區,古風里,古風里,陳水扁,1127,data/raw/openfun/tw.gov.cec~txn~candidates-votes/1998/陳水扁-village-votes-page-1.json,matched,exact-village-id
1998,大安區,古莊里,古莊里,馬英九,2075,data/raw/openfun/tw.gov.cec~txn~candidates-votes/1998/馬英九-village-votes-page-1.json,matched,exact-village-id
1998,大安區,古莊里,古莊里,陳水扁,1668,data/raw/openfun/tw.gov.cec~txn~candidates-votes/1998/陳水扁-village-votes-page-1.json,matched,exact-village-id
1998,大安區,正聲里,正聲里,馬英九,1681,data/raw/openfun/tw.gov.cec~txn~candidates-votes/1998/馬英九-village-votes-page-1.json,matched,exact-village-id
1998,大安區,正聲里,正聲里,陳水扁,1069,data/raw/openfun/tw.gov.cec~txn~candidates-votes/1998/陳水扁-village-votes-page-1.json,matched,exact-village-id
1998,大安區,民炤里,民炤里,馬英九,2304,data/raw/openfun/tw.gov.cec~txn~candidates-votes/1998/馬英九-village-votes-page-1.json,matched,exact-village-id
1998,大安區,民炤里,民炤里,陳水扁,2166,data/raw/openfun/tw.gov.cec~txn~candidates-votes/1998/陳水扁-village-votes-page-1.json,matched,exact-village-id
1998,大安區,民輝里,民輝里,馬英九,1752,data/raw/openfun/tw.gov.cec~txn~candidates-votes/1998/馬英九-village-votes-page-1.json,matched,exact-village-id
1998,大安區,民輝里,民輝里,陳水扁,1740,data/raw/openfun/tw.gov.cec~txn~candidates-votes/1998/陳水扁-village-votes-page-1.json,matched,exact-village-id
1998,大安區,永康里,永康里,馬英九,1088,data/raw/openfun/tw.gov.cec~txn~candidates-votes/1998/馬英九-village-votes-page-1.json,matched,exact-village-id
1998,大安區,永康里,永康里,陳水扁,858,data/raw/openfun/tw.gov.cec~txn~candidates-votes/1998/陳水扁-village-votes-page-1.json,matched,exact-village-id
1998,大安區,光明里,光明里,馬英九,1299,data/raw/openfun/tw.gov.cec~txn~candidates-votes/1998/馬英九-village-votes-page-1.json,matched,exact-village-id
1998,大安區,光明里,光明里,陳水扁,866,data/raw/openfun/tw.gov.cec~txn~candidates-votes/1998/陳水扁-village-votes-page-1.json,matched,exact-village-id
1998,大安區,光武里,光武里,馬英九,2375,data/raw/openfun/tw.gov.cec~txn~candidates-votes/1998/馬英九-village-votes-page-1.json,matched,exact-village-id
1998,大安區,光武里,光武里,陳水扁,1898,data/raw/openfun/tw.gov.cec~txn~candidates-votes/1998/陳水扁-village-votes-page-1.json,matched,exact-village-id
1998,大安區,光信里,光信里,馬英九,2467,data/raw/openfun/tw.gov.cec~txn~candidates-votes/1998/馬英九-village-votes-page-1.json,matched,exact-village-id
1998,大安區,光信里,光信里,陳水扁,2017,data/raw/openfun/tw.gov.cec~txn~candidates-votes/1998/陳水扁-village-votes-page-1.json,matched,exact-village-id
1998,大安區,全安里,全安里,馬英九,1469,data/raw/openfun/tw.gov.cec~txn~candidates-votes/1998/馬英九-village-votes-page-1.json,matched,exact-village-id
1998,大安區,全安里,全安里,陳水扁,1078,data/raw/openfun/tw.gov.cec~txn~candidates-votes/1998/陳水扁-village-votes-page-1.json,matched,exact-village-id
1998,大安區,住安里,住安里,馬英九,1934,data/raw/openfun/tw.gov.cec~txn~candidates-votes/1998/馬英九-village-votes-page-1.json,matched,exact-village-id
1998,大安區,住安里,住安里,陳水扁,1434,data/raw/openfun/tw.gov.cec~txn~candidates-votes/1998/陳水扁-village-votes-page-1.json,matched,exact-village-id
1998,大安區,車層里,車層里,馬英九,2028,data/raw/openfun/tw.gov.cec~txn~candidates-votes/1998/馬英九-village-votes-page-1.json,matched,exact-village-id
1998,大安區,車層里,車層里,陳水扁,1736,data/raw/openfun/tw.gov.cec~txn~candidates-votes/1998/陳水扁-village-votes-page-1.json,matched,exact-village-id
1998,大安區,和安里,和安里,馬英九,2195,data/raw/openfun/tw.gov.cec~txn~candidates-votes/1998/馬英九-village-votes-page-1.json,matched,exact-village-id
1998,大安區,和安里,和安里,陳水扁,1621,data/raw/openfun/tw.gov.cec~txn~candidates-votes/1998/陳水扁-village-votes-page-1.json,matched,exact-village-id
1998,大安區,昌隆里,昌隆里,馬英九,1305,data/raw/openfun/tw.gov.cec~txn~candidates-votes/1998/馬英九-village-votes-page-1.json,matched,exact-village-id
1998,大安區,昌隆里,昌隆里,陳水扁,1079,data/raw/openfun/tw.gov.cec~txn~candidates-votes/1998/陳水扁-village-votes-page-1.json,matched,exact-village-id
1998,大安區,法治里,法治里,馬英九,1599,data/raw/openfun/tw.gov.cec~txn~candidates-votes/1998/馬英九-village-votes-page-1.json,matched,exact-village-id
1998,大安區,法治里,法治里,陳水扁,1001,data/raw/openfun/tw.gov.cec~txn~candidates-votes/1998/陳水扁-village-votes-page-1.json,matched,exact-village-id
1998,大安區,臥龍里,臥龍里,馬英九,1289,data/raw/openfun/tw.gov.cec~txn~candidates-votes/1998/馬英九-village-votes-page-1.json,matched,exact-village-id
1998,大安區,臥龍里,臥龍里,陳水扁,613,data/raw/openfun/tw.gov.cec~txn~candidates-votes/1998/陳水扁-village-votes-page-1.json,matched,exact-village-id
1998,大安區,芳和里,芳和里,馬英九,2299,data/raw/openfun/tw.gov.cec~txn~candidates-votes/1998/馬英九-village-votes-page-1.json,matched,exact-village-id
1998,大安區,芳和里,芳和里,陳水扁,1489,data/raw/openfun/tw.gov.cec~txn~candidates-votes/1998/陳水扁-village-votes-page-1.json,matched,exact-village-id
1998,大安區,虎嘯里,虎嘯里,馬英九,1135,data/raw/openfun/tw.gov.cec~txn~candidates-votes/1998/馬英九-village-votes-page-1.json,matched,exact-village-id
1998,大安區,虎嘯里,虎嘯里,陳水扁,751,data/raw/openfun/tw.gov.cec~txn~candidates-votes/1998/陳水扁-village-votes-page-1.json,matched,exact-village-id
1998,大安區,建安里,建安里,馬英九,1577,data/raw/openfun/tw.gov.cec~txn~candidates-votes/1998/馬英九-village-votes-page-1.json,matched,exact-village-id
1998,大安區,建安里,建安里,陳水扁,1232,data/raw/openfun/tw.gov.cec~txn~candidates-votes/1998/陳水扁-village-votes-page-1.json,matched,exact-village-id
1998,大安區,建倫里,建倫里,馬英九,1837,data/raw/openfun/tw.gov.cec~txn~candidates-votes/1998/馬英九-village-votes-page-1.json,matched,exact-village-id
1998,大安區,建倫里,建倫里,陳水扁,1482,data/raw/openfun/tw.gov.cec~txn~candidates-votes/1998/陳水扁-village-votes-page-1.json,matched,exact-village-id
1998,大安區,通化里,通化里,馬英九,1803,data/raw/openfun/tw.gov.cec~txn~candidates-votes/1998/馬英九-village-votes-page-1.json,matched,exact-village-id
1998,大安區,通化里,通化里,陳水扁,2084,data/raw/openfun/tw.gov.cec~txn~candidates-votes/1998/陳水扁-village-votes-page-1.json,matched,exact-village-id
1998,大安區,通安里,通安里,馬英九,1912,data/raw/openfun/tw.gov.cec~txn~candidates-votes/1998/馬英九-village-votes-page-1.json,matched,exact-village-id
1998,大安區,通安里,通安里,陳水扁,1531,data/raw/openfun/tw.gov.cec~txn~candidates-votes/1998/陳水扁-village-votes-page-1.json,matched,exact-village-id
1998,大安區,敦安里,敦安里,馬英九,1825,data/raw/openfun/tw.gov.cec~txn~candidates-votes/1998/馬英九-village-votes-page-1.json,matched,exact-village-id
1998,大安區,敦安里,敦安里,陳水扁,1715,data/raw/openfun/tw.gov.cec~txn~candidates-votes/1998/陳水扁-village-votes-page-1.json,matched,exact-village-id
1998,大安區,敦煌里,敦煌里,馬英九,1866,data/raw/openfun/tw.gov.cec~txn~candidates-votes/1998/馬英九-village-votes-page-1.json,matched,exact-village-id
1998,大安區,敦煌里,敦煌里,陳水扁,1605,data/raw/openfun/tw.gov.cec~txn~candidates-votes/1998/陳水扁-village-votes-page-1.json,matched,exact-village-id
1998,大安區,華聲里,華聲里,馬英九,1433,data/raw/openfun/tw.gov.cec~txn~candidates-votes/1998/馬英九-village-votes-page-1.json,matched,exact-village-id
1998,大安區,華聲里,華聲里,陳水扁,1043,data/raw/openfun/tw.gov.cec~txn~candidates-votes/1998/陳水扁-village-votes-page-1.json,matched,exact-village-id
1998,大安區,新龍里,新龍里,馬英九,2647,data/raw/openfun/tw.gov.cec~txn~candidates-votes/1998/馬英九-village-votes-page-1.json,matched,exact-village-id
1998,大安區,新龍里,新龍里,陳水扁,1059,data/raw/openfun/tw.gov.cec~txn~candidates-votes/1998/陳水扁-village-votes-page-1.json,matched,exact-village-id
1998,大安區,群英里,群英里,馬英九,3330,data/raw/openfun/tw.gov.cec~txn~candidates-votes/1998/馬英九-village-votes-page-1.json,matched,exact-village-id
1998,大安區,群英里,群英里,陳水扁,1089,data/raw/openfun/tw.gov.cec~txn~candidates-votes/1998/陳水扁-village-votes-page-1.json,matched,exact-village-id
1998,大安區,群賢里,群賢里,馬英九,2267,data/raw/openfun/tw.gov.cec~txn~candidates-votes/1998/馬英九-village-votes-page-1.json,matched,exact-village-id
1998,大安區,群賢里,群賢里,陳水扁,1396,data/raw/openfun/tw.gov.cec~txn~candidates-votes/1998/陳水扁-village-votes-page-1.json,matched,exact-village-id
1998,大安區,義安里,義安里,馬英九,1871,data/raw/openfun/tw.gov.cec~txn~candidates-votes/1998/馬英九-village-votes-page-1.json,matched,exact-village-id
1998,大安區,義安里,義安里,陳水扁,1311,data/raw/openfun/tw.gov.cec~txn~candidates-votes/1998/陳水扁-village-votes-page-1.json,matched,exact-village-id
1998,大安區,義村里,義村里,馬英九,2966,data/raw/openfun/tw.gov.cec~txn~candidates-votes/1998/馬英九-village-votes-page-1.json,matched,exact-village-id
1998,大安區,義村里,義村里,陳水扁,1207,data/raw/openfun/tw.gov.cec~txn~candidates-votes/1998/陳水扁-village-votes-page-1.json,matched,exact-village-id
1998,大安區,誠安里,誠安里,馬英九,1359,data/raw/openfun/tw.gov.cec~txn~candidates-votes/1998/馬英九-village-votes-page-1.json,matched,exact-village-id
1998,大安區,誠安里,誠安里,陳水扁,1265,data/raw/openfun/tw.gov.cec~txn~candidates-votes/1998/陳水扁-village-votes-page-1.json,matched,exact-village-id
1998,大安區,福住里,福住里,馬英九,1607,data/raw/openfun/tw.gov.cec~txn~candidates-votes/1998/馬英九-village-votes-page-1.json,matched,exact-village-id
1998,大安區,福住里,福住里,陳水扁,1326,data/raw/openfun/tw.gov.cec~txn~candidates-votes/1998/陳水扁-village-votes-page-1.json,matched,exact-village-id
1998,大安區,德安里,德安里,馬英九,1910,data/raw/openfun/tw.gov.cec~txn~candidates-votes/1998/馬英九-village-votes-page-1.json,matched,exact-village-id
1998,大安區,德安里,德安里,陳水扁,1229,data/raw/openfun/tw.gov.cec~txn~candidates-votes/1998/陳水扁-village-votes-page-1.json,matched,exact-village-id
1998,大安區,黎元里,黎元里,馬英九,1984,data/raw/openfun/tw.gov.cec~txn~candidates-votes/1998/馬英九-village-votes-page-1.json,matched,exact-village-id
1998,大安區,黎元里,黎元里,陳水扁,1502,data/raw/openfun/tw.gov.cec~txn~candidates-votes/1998/陳水扁-village-votes-page-1.json,matched,exact-village-id
1998,大安區,黎孝里,黎孝里,馬英九,2793,data/raw/openfun/tw.gov.cec~txn~candidates-votes/1998/馬英九-village-votes-page-1.json,matched,exact-village-id
1998,大安區,黎孝里,黎孝里,陳水扁,1899,data/raw/openfun/tw.gov.cec~txn~candidates-votes/1998/陳水扁-village-votes-page-1.json,matched,exact-village-id
1998,大安區,黎和里,黎和里,馬英九,1635,data/raw/openfun/tw.gov.cec~txn~candidates-votes/1998/馬英九-village-votes-page-1.json,matched,exact-village-id
1998,大安區,黎和里,黎和里,陳水扁,964,data/raw/openfun/tw.gov.cec~txn~candidates-votes/1998/陳水扁-village-votes-page-1.json,matched,exact-village-id
1998,大安區,錦安里,錦安里,馬英九,1611,data/raw/openfun/tw.gov.cec~txn~candidates-votes/1998/馬英九-village-votes-page-1.json,matched,exact-village-id
1998,大安區,錦安里,錦安里,陳水扁,1166,data/raw/openfun/tw.gov.cec~txn~candidates-votes/1998/陳水扁-village-votes-page-1.json,matched,exact-village-id
1998,大安區,錦泰里,錦泰里,馬英九,2117,data/raw/openfun/tw.gov.cec~txn~candidates-votes/1998/馬英九-village-votes-page-1.json,matched,exact-village-id
1998,大安區,錦泰里,錦泰里,陳水扁,1047,data/raw/openfun/tw.gov.cec~txn~candidates-votes/1998/陳水扁-village-votes-page-1.json,matched,exact-village-id
1998,大安區,錦華里,錦華里,馬英九,1828,data/raw/openfun/tw.gov.cec~txn~candidates-votes/1998/馬英九-village-votes-page-1.json,matched,exact-village-id
1998,大安區,錦華里,錦華里,陳水扁,1344,data/raw/openfun/tw.gov.cec~txn~candidates-votes/1998/陳水扁-village-votes-page-1.json,matched,exact-village-id
1998,大安區,龍生里,龍生里,馬英九,2230,data/raw/openfun/tw.gov.cec~txn~candidates-votes/1998/馬英九-village-votes-page-1.json,matched,exact-village-id
1998,大安區,龍生里,龍生里,陳水扁,1370,data/raw/openfun/tw.gov.cec~txn~candidates-votes/1998/陳水扁-village-votes-page-1.json,matched,exact-village-id
1998,大安區,龍安里,龍安里,馬英九,1614,data/raw/openfun/tw.gov.cec~txn~candidates-votes/1998/馬英九-village-votes-page-1.json,matched,exact-village-id
1998,大安區,龍安里,龍安里,陳水扁,1231,data/raw/openfun/tw.gov.cec~txn~candidates-votes/1998/陳水扁-village-votes-page-1.json,matched,exact-village-id
1998,大安區,龍坡里,龍坡里,馬英九,1954,data/raw/openfun/tw.gov.cec~txn~candidates-votes/1998/馬英九-village-votes-page-1.json,matched,exact-village-id
1998,大安區,龍坡里,龍坡里,陳水扁,1216,data/raw/openfun/tw.gov.cec~txn~candidates-votes/1998/陳水扁-village-votes-page-1.json,matched,exact-village-id
1998,大安區,龍門里,龍門里,馬英九,1627,data/raw/openfun/tw.gov.cec~txn~candidates-votes/1998/馬英九-village-votes-page-1.json,matched,exact-village-id
1998,大安區,龍門里,龍門里,陳水扁,1145,data/raw/openfun/tw.gov.cec~txn~candidates-votes/1998/陳水扁-village-votes-page-1.json,matched,exact-village-id
1998,大安區,龍泉里,龍泉里,馬英九,1335,data/raw/openfun/tw.gov.cec~txn~candidates-votes/1998/馬英九-village-votes-page-1.json,matched,exact-village-id
1998,大安區,龍泉里,龍泉里,陳水扁,1192,data/raw/openfun/tw.gov.cec~txn~candidates-votes/1998/陳水扁-village-votes-page-1.json,matched,exact-village-id
1998,大安區,龍陣里,龍陣里,馬英九,1251,data/raw/openfun/tw.gov.cec~txn~candidates-votes/1998/馬英九-village-votes-page-1.json,matched,exact-village-id
1998,大安區,龍陣里,龍陣里,陳水扁,960,data/raw/openfun/tw.gov.cec~txn~candidates-votes/1998/陳水扁-village-votes-page-1.json,matched,exact-village-id
1998,大安區,龍淵里,龍淵里,馬英九,2945,data/raw/openfun/tw.gov.cec~txn~candidates-votes/1998/馬英九-village-votes-page-1.json,matched,exact-village-id
1998,大安區,龍淵里,龍淵里,陳水扁,2162,data/raw/openfun/tw.gov.cec~txn~candidates-votes/1998/陳水扁-village-votes-page-1.json,matched,exact-village-id
1998,大安區,龍雲里,龍雲里,馬英九,1685,data/raw/openfun/tw.gov.cec~txn~candidates-votes/1998/馬英九-village-votes-page-1.json,matched,exact-village-id
1998,大安區,龍雲里,龍雲里,陳水扁,1392,data/raw/openfun/tw.gov.cec~txn~candidates-votes/1998/陳水扁-village-votes-page-1.json,matched,exact-village-id
1998,大安區,龍圖里,龍圖里,馬英九,2293,data/raw/openfun/tw.gov.cec~txn~candidates-votes/1998/馬英九-village-votes-page-1.json,matched,exact-village-id
1998,大安區,龍圖里,龍圖里,陳水扁,1611,data/raw/openfun/tw.gov.cec~txn~candidates-votes/1998/陳水扁-village-votes-page-1.json,matched,exact-village-id
1998,大安區,臨江里,臨江里,馬英九,1461,data/raw/openfun/tw.gov.cec~txn~candidates-votes/1998/馬英九-village-votes-page-1.json,matched,exact-village-id
1998,大安區,臨江里,臨江里,陳水扁,1311,data/raw/openfun/tw.gov.cec~txn~candidates-votes/1998/陳水扁-village-votes-page-1.json,matched,exact-village-id
1998,中山區,力行里,力行里,馬英九,1602,data/raw/openfun/tw.gov.cec~txn~candidates-votes/1998/馬英九-village-votes-page-1.json,matched,exact-village-id
1998,中山區,力行里,力行里,陳水扁,2178,data/raw/openfun/tw.gov.cec~txn~candidates-votes/1998/陳水扁-village-votes-page-1.json,matched,exact-village-id
1998,中山區,下埤里,下埤里,馬英九,2066,data/raw/openfun/tw.gov.cec~txn~candidates-votes/1998/馬英九-village-votes-page-1.json,matched,exact-village-id
1998,中山區,下埤里,下埤里,陳水扁,2381,data/raw/openfun/tw.gov.cec~txn~candidates-votes/1998/陳水扁-village-votes-page-1.json,matched,exact-village-id
1998,中山區,大佳里,大佳里,馬英九,252,data/raw/openfun/tw.gov.cec~txn~candidates-votes/1998/馬英九-village-votes-page-1.json,matched,exact-village-id
1998,中山區,大佳里,大佳里,陳水扁,480,data/raw/openfun/tw.gov.cec~txn~candidates-votes/1998/陳水扁-village-votes-page-1.json,matched,exact-village-id
1998,中山區,大直里,大直里,馬英九,3494,data/raw/openfun/tw.gov.cec~txn~candidates-votes/1998/馬英九-village-votes-page-1.json,matched,exact-village-id
1998,中山區,大直里,大直里,陳水扁,2602,data/raw/openfun/tw.gov.cec~txn~candidates-votes/1998/陳水扁-village-votes-page-1.json,matched,exact-village-id
1998,中山區,中山里,中山里,馬英九,1373,data/raw/openfun/tw.gov.cec~txn~candidates-votes/1998/馬英九-village-votes-page-1.json,matched,exact-village-id
1998,中山區,中山里,中山里,陳水扁,1472,data/raw/openfun/tw.gov.cec~txn~candidates-votes/1998/陳水扁-village-votes-page-1.json,matched,exact-village-id
1998,中山區,中央里,中央里,馬英九,1050,data/raw/openfun/tw.gov.cec~txn~candidates-votes/1998/馬英九-village-votes-page-1.json,matched,exact-village-id
1998,中山區,中央里,中央里,陳水扁,1124,data/raw/openfun/tw.gov.cec~txn~candidates-votes/1998/陳水扁-village-votes-page-1.json,matched,exact-village-id
1998,中山區,中吉里,中吉里,馬英九,1279,data/raw/openfun/tw.gov.cec~txn~candidates-votes/1998/馬英九-village-votes-page-1.json,matched,exact-village-id
1998,中山區,中吉里,中吉里,陳水扁,1860,data/raw/openfun/tw.gov.cec~txn~candidates-votes/1998/陳水扁-village-votes-page-1.json,matched,exact-village-id
1998,中山區,中庄里,中庄里,馬英九,1502,data/raw/openfun/tw.gov.cec~txn~candidates-votes/1998/馬英九-village-votes-page-1.json,matched,exact-village-id
1998,中山區,中庄里,中庄里,陳水扁,1975,data/raw/openfun/tw.gov.cec~txn~candidates-votes/1998/陳水扁-village-votes-page-1.json,matched,exact-village-id
1998,中山區,中原里,中原里,馬英九,1199,data/raw/openfun/tw.gov.cec~txn~candidates-votes/1998/馬英九-village-votes-page-1.json,matched,exact-village-id
1998,中山區,中原里,中原里,陳水扁,1652,data/raw/openfun/tw.gov.cec~txn~candidates-votes/1998/陳水扁-village-votes-page-1.json,matched,exact-village-id
1998,中山區,正守里,正守里,馬英九,892,data/raw/openfun/tw.gov.cec~txn~candidates-votes/1998/馬英九-village-votes-page-1.json,matched,exact-village-id
1998,中山區,正守里,正守里,陳水扁,1032,data/raw/openfun/tw.gov.cec~txn~candidates-votes/1998/陳水扁-village-votes-page-1.json,matched,exact-village-id
1998,中山區,正得里,正得里,馬英九,905,data/raw/openfun/tw.gov.cec~txn~candidates-votes/1998/馬英九-village-votes-page-1.json,matched,exact-village-id
1998,中山區,正得里,正得里,陳水扁,907,data/raw/openfun/tw.gov.cec~txn~candidates-votes/1998/陳水扁-village-votes-page-1.json,matched,exact-village-id
1998,中山區,正義里,正義里,馬英九,1384,data/raw/openfun/tw.gov.cec~txn~candidates-votes/1998/馬英九-village-votes-page-1.json,matched,exact-village-id
1998,中山區,正義里,正義里,陳水扁,1150,data/raw/openfun/tw.gov.cec~txn~candidates-votes/1998/陳水扁-village-votes-page-1.json,matched,exact-village-id
1998,中山區,民安里,民安里,馬英九,1403,data/raw/openfun/tw.gov.cec~txn~candidates-votes/1998/馬英九-village-votes-page-1.json,matched,exact-village-id
1998,中山區,民安里,民安里,陳水扁,1646,data/raw/openfun/tw.gov.cec~txn~candidates-votes/1998/陳水扁-village-votes-page-1.json,matched,exact-village-id
1998,中山區,永安里,永安里,馬英九,2197,data/raw/openfun/tw.gov.cec~txn~candidates-votes/1998/馬英九-village-votes-page-1.json,matched,exact-village-id
1998,中山區,永安里,永安里,陳水扁,2030,data/raw/openfun/tw.gov.cec~txn~candidates-votes/1998/陳水扁-village-votes-page-1.json,matched,exact-village-id
1998,中山區,成功里,成功里,馬英九,1911,data/raw/openfun/tw.gov.cec~txn~candidates-votes/1998/馬英九-village-votes-page-1.json,matched,exact-village-id
1998,中山區,成功里,成功里,陳水扁,1406,data/raw/openfun/tw.gov.cec~txn~candidates-votes/1998/陳水扁-village-votes-page-1.json,matched,exact-village-id
1998,中山區,朱崙里,朱崙里,馬英九,879,data/raw/openfun/tw.gov.cec~txn~candidates-votes/1998/馬英九-village-votes-page-1.json,matched,exact-village-id
1998,中山區,朱崙里,朱崙里,陳水扁,1140,data/raw/openfun/tw.gov.cec~txn~candidates-votes/1998/陳水扁-village-votes-page-1.json,matched,exact-village-id
1998,中山區,朱園里,朱園里,馬英九,1229,data/raw/openfun/tw.gov.cec~txn~candidates-votes/1998/馬英九-village-votes-page-1.json,matched,exact-village-id
1998,中山區,朱園里,朱園里,陳水扁,1388,data/raw/openfun/tw.gov.cec~txn~candidates-votes/1998/陳水扁-village-votes-page-1.json,matched,exact-village-id
1998,中山區,朱馥里,朱馥里,馬英九,1898,data/raw/openfun/tw.gov.cec~txn~candidates-votes/1998/馬英九-village-votes-page-1.json,matched,exact-village-id
1998,中山區,朱馥里,朱馥里,陳水扁,1929,data/raw/openfun/tw.gov.cec~txn~candidates-votes/1998/陳水扁-village-votes-page-1.json,matched,exact-village-id
1998,中山區,江山里,江山里,馬英九,2058,data/raw/openfun/tw.gov.cec~txn~candidates-votes/1998/馬英九-village-votes-page-1.json,matched,exact-village-id
1998,中山區,江山里,江山里,陳水扁,2585,data/raw/openfun/tw.gov.cec~txn~candidates-votes/1998/陳水扁-village-votes-page-1.json,matched,exact-village-id
1998,中山區,江寧里,江寧里,馬英九,1881,data/raw/openfun/tw.gov.cec~txn~candidates-votes/1998/馬英九-village-votes-page-1.json,matched,exact-village-id
1998,中山區,江寧里,江寧里,陳水扁,2112,data/raw/openfun/tw.gov.cec~txn~candidates-votes/1998/陳水扁-village-votes-page-1.json,matched,exact-village-id
1998,中山區,行仁里,行仁里,馬英九,2231,data/raw/openfun/tw.gov.cec~txn~candidates-votes/1998/馬英九-village-votes-page-1.json,matched,exact-village-id
1998,中山區,行仁里,行仁里,陳水扁,2945,data/raw/openfun/tw.gov.cec~txn~candidates-votes/1998/陳水扁-village-votes-page-1.json,matched,exact-village-id
1998,中山區,行孝里,行孝里,馬英九,1145,data/raw/openfun/tw.gov.cec~txn~candidates-votes/1998/馬英九-village-votes-page-1.json,matched,exact-village-id
1998,中山區,行孝里,行孝里,陳水扁,1261,data/raw/openfun/tw.gov.cec~txn~candidates-votes/1998/陳水扁-village-votes-page-1.json,matched,exact-village-id
1998,中山區,行政里,行政里,馬英九,1448,data/raw/openfun/tw.gov.cec~txn~candidates-votes/1998/馬英九-village-votes-page-1.json,matched,exact-village-id
1998,中山區,行政里,行政里,陳水扁,1761,data/raw/openfun/tw.gov.cec~txn~candidates-votes/1998/陳水扁-village-votes-page-1.json,matched,exact-village-id
1998,中山區,松江里,松江里,馬英九,1867,data/raw/openfun/tw.gov.cec~txn~candidates-votes/1998/馬英九-village-votes-page-1.json,matched,exact-village-id
1998,中山區,松江里,松江里,陳水扁,2021,data/raw/openfun/tw.gov.cec~txn~candidates-votes/1998/陳水扁-village-votes-page-1.json,matched,exact-village-id
1998,中山區,恆安里,恆安里,馬英九,909,data/raw/openfun/tw.gov.cec~txn~candidates-votes/1998/馬英九-village-votes-page-1.json,matched,exact-village-id
1998,中山區,恆安里,恆安里,陳水扁,934,data/raw/openfun/tw.gov.cec~txn~candidates-votes/1998/陳水扁-village-votes-page-1.json,matched,exact-village-id
1998,中山區,埤頭里,埤頭里,馬英九,1431,data/raw/openfun/tw.gov.cec~txn~candidates-votes/1998/馬英九-village-votes-page-1.json,matched,exact-village-id
1998,中山區,埤頭里,埤頭里,陳水扁,1201,data/raw/openfun/tw.gov.cec~txn~candidates-votes/1998/陳水扁-village-votes-page-1.json,matched,exact-village-id
1998,中山區,康樂里,康樂里,馬英九,648,data/raw/openfun/tw.gov.cec~txn~candidates-votes/1998/馬英九-village-votes-page-1.json,matched,exact-village-id
1998,中山區,康樂里,康樂里,陳水扁,603,data/raw/openfun/tw.gov.cec~txn~candidates-votes/1998/陳水扁-village-votes-page-1.json,matched,exact-village-id
1998,中山區,復華里,復華里,馬英九,1247,data/raw/openfun/tw.gov.cec~txn~candidates-votes/1998/馬英九-village-votes-page-1.json,matched,exact-village-id
1998,中山區,復華里,復華里,陳水扁,985,data/raw/openfun/tw.gov.cec~txn~candidates-votes/1998/陳水扁-village-votes-page-1.json,matched,exact-village-id
1998,中山區,晴光里,晴光里,馬英九,1151,data/raw/openfun/tw.gov.cec~txn~candidates-votes/1998/馬英九-village-votes-page-1.json,matched,exact-village-id
1998,中山區,晴光里,晴光里,陳水扁,1117,data/raw/openfun/tw.gov.cec~txn~candidates-votes/1998/陳水扁-village-votes-page-1.json,matched,exact-village-id
1998,中山區,集英里,集英里,馬英九,1428,data/raw/openfun/tw.gov.cec~txn~candidates-votes/1998/馬英九-village-votes-page-1.json,matched,exact-village-id
1998,中山區,集英里,集英里,陳水扁,2074,data/raw/openfun/tw.gov.cec~txn~candidates-votes/1998/陳水扁-village-votes-page-1.json,matched,exact-village-id
1998,中山區,圓山里,圓山里,馬英九,1441,data/raw/openfun/tw.gov.cec~txn~candidates-votes/1998/馬英九-village-votes-page-1.json,matched,exact-village-id
1998,中山區,圓山里,圓山里,陳水扁,1281,data/raw/openfun/tw.gov.cec~txn~candidates-votes/1998/陳水扁-village-votes-page-1.json,matched,exact-village-id
1998,中山區,新生里,新生里,馬英九,1349,data/raw/openfun/tw.gov.cec~txn~candidates-votes/1998/馬英九-village-votes-page-1.json,matched,exact-village-id
1998,中山區,新生里,新生里,陳水扁,1661,data/raw/openfun/tw.gov.cec~txn~candidates-votes/1998/陳水扁-village-votes-page-1.json,matched,exact-village-id
1998,中山區,新庄里,新庄里,馬英九,1383,data/raw/openfun/tw.gov.cec~txn~candidates-votes/1998/馬英九-village-votes-page-1.json,matched,exact-village-id
1998,中山區,新庄里,新庄里,陳水扁,1624,data/raw/openfun/tw.gov.cec~txn~candidates-votes/1998/陳水扁-village-votes-page-1.json,matched,exact-village-id
1998,中山區,新喜里,新喜里,馬英九,1323,data/raw/openfun/tw.gov.cec~txn~candidates-votes/1998/馬英九-village-votes-page-1.json,matched,exact-village-id
1998,中山區,新喜里,新喜里,陳水扁,1835,data/raw/openfun/tw.gov.cec~txn~candidates-votes/1998/陳水扁-village-votes-page-1.json,matched,exact-village-id
1998,中山區,新福里,新福里,馬英九,1286,data/raw/openfun/tw.gov.cec~txn~candidates-votes/1998/馬英九-village-votes-page-1.json,matched,exact-village-id
1998,中山區,新福里,新福里,陳水扁,1858,data/raw/openfun/tw.gov.cec~txn~candidates-votes/1998/陳水扁-village-votes-page-1.json,matched,exact-village-id
1998,中山區,聚盛里,聚盛里,馬英九,996,data/raw/openfun/tw.gov.cec~txn~candidates-votes/1998/馬英九-village-votes-page-1.json,matched,exact-village-id
1998,中山區,聚盛里,聚盛里,陳水扁,1003,data/raw/openfun/tw.gov.cec~txn~candidates-votes/1998/陳水扁-village-votes-page-1.json,matched,exact-village-id
1998,中山區,聚葉里,聚葉里,馬英九,1036,data/raw/openfun/tw.gov.cec~txn~candidates-votes/1998/馬英九-village-votes-page-1.json,matched,exact-village-id
1998,中山區,聚葉里,聚葉里,陳水扁,1162,data/raw/openfun/tw.gov.cec~txn~candidates-votes/1998/陳水扁-village-votes-page-1.json,matched,exact-village-id
1998,中山區,劍潭里,劍潭里,馬英九,1534,data/raw/openfun/tw.gov.cec~txn~candidates-votes/1998/馬英九-village-votes-page-1.json,matched,exact-village-id
1998,中山區,劍潭里,劍潭里,陳水扁,282,data/raw/openfun/tw.gov.cec~txn~candidates-votes/1998/陳水扁-village-votes-page-1.json,matched,exact-village-id
1998,中山區,興亞里,興亞里,馬英九,1359,data/raw/openfun/tw.gov.cec~txn~candidates-votes/1998/馬英九-village-votes-page-1.json,matched,exact-village-id
1998,中山區,興亞里,興亞里,陳水扁,1671,data/raw/openfun/tw.gov.cec~txn~candidates-votes/1998/陳水扁-village-votes-page-1.json,matched,exact-village-id
1998,中山區,龍洲里,龍洲里,馬英九,2360,data/raw/openfun/tw.gov.cec~txn~candidates-votes/1998/馬英九-village-votes-page-1.json,matched,exact-village-id
1998,中山區,龍洲里,龍洲里,陳水扁,981,data/raw/openfun/tw.gov.cec~txn~candidates-votes/1998/陳水扁-village-votes-page-1.json,matched,exact-village-id
1998,中正區,三愛里,三愛里,馬英九,2351,data/raw/openfun/tw.gov.cec~txn~candidates-votes/1998/馬英九-village-votes-page-1.json,matched,exact-village-id
1998,中正區,三愛里,三愛里,陳水扁,2106,data/raw/openfun/tw.gov.cec~txn~candidates-votes/1998/陳水扁-village-votes-page-1.json,matched,exact-village-id
1998,中正區,文北里,文北里,馬英九,1483,data/raw/openfun/tw.gov.cec~txn~candidates-votes/1998/馬英九-village-votes-page-1.json,matched,exact-village-id
1998,中正區,文北里,文北里,陳水扁,1442,data/raw/openfun/tw.gov.cec~txn~candidates-votes/1998/陳水扁-village-votes-page-1.json,matched,exact-village-id
1998,中正區,文盛里,文盛里,馬英九,890,data/raw/openfun/tw.gov.cec~txn~candidates-votes/1998/馬英九-village-votes-page-1.json,matched,exact-village-id
1998,中正區,文盛里,文盛里,陳水扁,747,data/raw/openfun/tw.gov.cec~txn~candidates-votes/1998/陳水扁-village-votes-page-1.json,matched,exact-village-id
1998,中正區,文祥里,文祥里,馬英九,2115,data/raw/openfun/tw.gov.cec~txn~candidates-votes/1998/馬英九-village-votes-page-1.json,matched,exact-village-id
1998,中正區,文祥里,文祥里,陳水扁,1960,data/raw/openfun/tw.gov.cec~txn~candidates-votes/1998/陳水扁-village-votes-page-1.json,matched,exact-village-id
1998,中正區,水源里,水源里,馬英九,1183,data/raw/openfun/tw.gov.cec~txn~candidates-votes/1998/馬英九-village-votes-page-1.json,matched,exact-village-id
1998,中正區,水源里,水源里,陳水扁,992,data/raw/openfun/tw.gov.cec~txn~candidates-votes/1998/陳水扁-village-votes-page-1.json,matched,exact-village-id
1998,中正區,永功里,永功里,馬英九,2108,data/raw/openfun/tw.gov.cec~txn~candidates-votes/1998/馬英九-village-votes-page-1.json,matched,exact-village-id
1998,中正區,永功里,永功里,陳水扁,2114,data/raw/openfun/tw.gov.cec~txn~candidates-votes/1998/陳水扁-village-votes-page-1.json,matched,exact-village-id
1998,中正區,永昌里,永昌里,馬英九,1739,data/raw/openfun/tw.gov.cec~txn~candidates-votes/1998/馬英九-village-votes-page-1.json,matched,exact-village-id
1998,中正區,永昌里,永昌里,陳水扁,1717,data/raw/openfun/tw.gov.cec~txn~candidates-votes/1998/陳水扁-village-votes-page-1.json,matched,exact-village-id
1998,中正區,光復里,光復里,馬英九,1059,data/raw/openfun/tw.gov.cec~txn~candidates-votes/1998/馬英九-village-votes-page-1.json,matched,exact-village-id
1998,中正區,光復里,光復里,陳水扁,1044,data/raw/openfun/tw.gov.cec~txn~candidates-votes/1998/陳水扁-village-votes-page-1.json,matched,exact-village-id
1998,中正區,幸市里,幸市里,馬英九,1257,data/raw/openfun/tw.gov.cec~txn~candidates-votes/1998/馬英九-village-votes-page-1.json,matched,exact-village-id
1998,中正區,幸市里,幸市里,陳水扁,1323,data/raw/openfun/tw.gov.cec~txn~candidates-votes/1998/陳水扁-village-votes-page-1.json,matched,exact-village-id
1998,中正區,幸福里,幸福里,馬英九,1408,data/raw/openfun/tw.gov.cec~txn~candidates-votes/1998/馬英九-village-votes-page-1.json,matched,exact-village-id
1998,中正區,幸福里,幸福里,陳水扁,1138,data/raw/openfun/tw.gov.cec~txn~candidates-votes/1998/陳水扁-village-votes-page-1.json,matched,exact-village-id
1998,中正區,忠勤里,忠勤里,馬英九,2660,data/raw/openfun/tw.gov.cec~txn~candidates-votes/1998/馬英九-village-votes-page-1.json,matched,exact-village-id
1998,中正區,忠勤里,忠勤里,陳水扁,1934,data/raw/openfun/tw.gov.cec~txn~candidates-votes/1998/陳水扁-village-votes-page-1.json,matched,exact-village-id
1998,中正區,東門里,東門里,馬英九,1444,data/raw/openfun/tw.gov.cec~txn~candidates-votes/1998/馬英九-village-votes-page-1.json,matched,exact-village-id
1998,中正區,東門里,東門里,陳水扁,856,data/raw/openfun/tw.gov.cec~txn~candidates-votes/1998/陳水扁-village-votes-page-1.json,matched,exact-village-id
1998,中正區,板溪里,板溪里,馬英九,1161,data/raw/openfun/tw.gov.cec~txn~candidates-votes/1998/馬英九-village-votes-page-1.json,matched,exact-village-id
1998,中正區,板溪里,板溪里,陳水扁,980,data/raw/openfun/tw.gov.cec~txn~candidates-votes/1998/陳水扁-village-votes-page-1.json,matched,exact-village-id
1998,中正區,林興里,林興里,馬英九,1807,data/raw/openfun/tw.gov.cec~txn~candidates-votes/1998/馬英九-village-votes-page-1.json,matched,exact-village-id
1998,中正區,林興里,林興里,陳水扁,1122,data/raw/openfun/tw.gov.cec~txn~candidates-votes/1998/陳水扁-village-votes-page-1.json,matched,exact-village-id
1998,中正區,河堤里,河堤里,馬英九,1743,data/raw/openfun/tw.gov.cec~txn~candidates-votes/1998/馬英九-village-votes-page-1.json,matched,exact-village-id
1998,中正區,河堤里,河堤里,陳水扁,1111,data/raw/openfun/tw.gov.cec~txn~candidates-votes/1998/陳水扁-village-votes-page-1.json,matched,exact-village-id
1998,中正區,南門里,南門里,馬英九,1563,data/raw/openfun/tw.gov.cec~txn~candidates-votes/1998/馬英九-village-votes-page-1.json,matched,exact-village-id
1998,中正區,南門里,南門里,陳水扁,727,data/raw/openfun/tw.gov.cec~txn~candidates-votes/1998/陳水扁-village-votes-page-1.json,matched,exact-village-id
1998,中正區,南福里,南福里,馬英九,2478,data/raw/openfun/tw.gov.cec~txn~candidates-votes/1998/馬英九-village-votes-page-1.json,matched,exact-village-id
1998,中正區,南福里,南福里,陳水扁,2097,data/raw/openfun/tw.gov.cec~txn~candidates-votes/1998/陳水扁-village-votes-page-1.json,matched,exact-village-id
1998,中正區,建國里,建國里,馬英九,576,data/raw/openfun/tw.gov.cec~txn~candidates-votes/1998/馬英九-village-votes-page-1.json,matched,exact-village-id
1998,中正區,建國里,建國里,陳水扁,272,data/raw/openfun/tw.gov.cec~txn~candidates-votes/1998/陳水扁-village-votes-page-1.json,matched,exact-village-id
1998,中正區,梅花里,梅花里,馬英九,1204,data/raw/openfun/tw.gov.cec~txn~candidates-votes/1998/馬英九-village-votes-page-1.json,matched,exact-village-id
1998,中正區,梅花里,梅花里,陳水扁,1033,data/raw/openfun/tw.gov.cec~txn~candidates-votes/1998/陳水扁-village-votes-page-1.json,matched,exact-village-id
1998,中正區,頂東里,頂東里,馬英九,1818,data/raw/openfun/tw.gov.cec~txn~candidates-votes/1998/馬英九-village-votes-page-1.json,matched,exact-village-id
1998,中正區,頂東里,頂東里,陳水扁,1653,data/raw/openfun/tw.gov.cec~txn~candidates-votes/1998/陳水扁-village-votes-page-1.json,matched,exact-village-id
1998,中正區,富水里,富水里,馬英九,1260,data/raw/openfun/tw.gov.cec~txn~candidates-votes/1998/馬英九-village-votes-page-1.json,matched,exact-village-id
1998,中正區,富水里,富水里,陳水扁,319,data/raw/openfun/tw.gov.cec~txn~candidates-votes/1998/陳水扁-village-votes-page-1.json,matched,exact-village-id
1998,中正區,廈安里,廈安里,馬英九,1128,data/raw/openfun/tw.gov.cec~txn~candidates-votes/1998/馬英九-village-votes-page-1.json,matched,exact-village-id
1998,中正區,廈安里,廈安里,陳水扁,1155,data/raw/openfun/tw.gov.cec~txn~candidates-votes/1998/陳水扁-village-votes-page-1.json,matched,exact-village-id
1998,中正區,愛國里,愛國里,馬英九,1125,data/raw/openfun/tw.gov.cec~txn~candidates-votes/1998/馬英九-village-votes-page-1.json,matched,exact-village-id
1998,中正區,愛國里,愛國里,陳水扁,906,data/raw/openfun/tw.gov.cec~txn~candidates-votes/1998/陳水扁-village-votes-page-1.json,matched,exact-village-id
1998,中正區,新營里,新營里,馬英九,2992,data/raw/openfun/tw.gov.cec~txn~candidates-votes/1998/馬英九-village-votes-page-1.json,matched,exact-village-id
1998,中正區,新營里,新營里,陳水扁,1891,data/raw/openfun/tw.gov.cec~txn~candidates-votes/1998/陳水扁-village-votes-page-1.json,matched,exact-village-id
1998,中正區,網溪里,網溪里,馬英九,1931,data/raw/openfun/tw.gov.cec~txn~candidates-votes/1998/馬英九-village-votes-page-1.json,matched,exact-village-id
1998,中正區,網溪里,網溪里,陳水扁,1474,data/raw/openfun/tw.gov.cec~txn~candidates-votes/1998/陳水扁-village-votes-page-1.json,matched,exact-village-id
1998,中正區,黎明里,黎明里,馬英九,812,data/raw/openfun/tw.gov.cec~txn~candidates-votes/1998/馬英九-village-votes-page-1.json,matched,exact-village-id
1998,中正區,黎明里,黎明里,陳水扁,652,data/raw/openfun/tw.gov.cec~txn~candidates-votes/1998/陳水扁-village-votes-page-1.json,matched,exact-village-id
1998,中正區,螢圃里,螢圃里,馬英九,1835,data/raw/openfun/tw.gov.cec~txn~candidates-votes/1998/馬英九-village-votes-page-1.json,matched,exact-village-id
1998,中正區,螢圃里,螢圃里,陳水扁,1468,data/raw/openfun/tw.gov.cec~txn~candidates-votes/1998/陳水扁-village-votes-page-1.json,matched,exact-village-id
1998,中正區,螢雪里,螢雪里,馬英九,1585,data/raw/openfun/tw.gov.cec~txn~candidates-votes/1998/馬英九-village-votes-page-1.json,matched,exact-village-id
1998,中正區,螢雪里,螢雪里,陳水扁,1262,data/raw/openfun/tw.gov.cec~txn~candidates-votes/1998/陳水扁-village-votes-page-1.json,matched,exact-village-id
1998,中正區,龍光里,龍光里,馬英九,1497,data/raw/openfun/tw.gov.cec~txn~candidates-votes/1998/馬英九-village-votes-page-1.json,matched,exact-village-id
1998,中正區,龍光里,龍光里,陳水扁,938,data/raw/openfun/tw.gov.cec~txn~candidates-votes/1998/陳水扁-village-votes-page-1.json,matched,exact-village-id
1998,中正區,龍福里,龍福里,馬英九,2081,data/raw/openfun/tw.gov.cec~txn~candidates-votes/1998/馬英九-village-votes-page-1.json,matched,exact-village-id
1998,中正區,龍福里,龍福里,陳水扁,1450,data/raw/openfun/tw.gov.cec~txn~candidates-votes/1998/陳水扁-village-votes-page-1.json,matched,exact-village-id
1998,中正區,龍興里,龍興里,馬英九,1571,data/raw/openfun/tw.gov.cec~txn~candidates-votes/1998/馬英九-village-votes-page-1.json,matched,exact-village-id
1998,中正區,龍興里,龍興里,陳水扁,1368,data/raw/openfun/tw.gov.cec~txn~candidates-votes/1998/陳水扁-village-votes-page-1.json,matched,exact-village-id
1998,內湖區,大湖里,大湖里,馬英九,3504,data/raw/openfun/tw.gov.cec~txn~candidates-votes/1998/馬英九-village-votes-page-2.json,matched,exact-village-id
1998,內湖區,大湖里,大湖里,陳水扁,2709,data/raw/openfun/tw.gov.cec~txn~candidates-votes/1998/陳水扁-village-votes-page-2.json,matched,exact-village-id
1998,內湖區,五分里,五分里,馬英九,2377,data/raw/openfun/tw.gov.cec~txn~candidates-votes/1998/馬英九-village-votes-page-2.json,matched,exact-village-id
1998,內湖區,五分里,五分里,陳水扁,2439,data/raw/openfun/tw.gov.cec~txn~candidates-votes/1998/陳水扁-village-votes-page-2.json,matched,exact-village-id
1998,內湖區,內湖里,內湖里,馬英九,1729,data/raw/openfun/tw.gov.cec~txn~candidates-votes/1998/馬英九-village-votes-page-2.json,matched,exact-village-id
1998,內湖區,內湖里,內湖里,陳水扁,1378,data/raw/openfun/tw.gov.cec~txn~candidates-votes/1998/陳水扁-village-votes-page-2.json,matched,exact-village-id
1998,內湖區,內溝里,內溝里,馬英九,2668,data/raw/openfun/tw.gov.cec~txn~candidates-votes/1998/馬英九-village-votes-page-2.json,matched,exact-village-id
1998,內湖區,內溝里,內溝里,陳水扁,2119,data/raw/openfun/tw.gov.cec~txn~candidates-votes/1998/陳水扁-village-votes-page-2.json,matched,exact-village-id
1998,內湖區,石潭里,石潭里,馬英九,782,data/raw/openfun/tw.gov.cec~txn~candidates-votes/1998/馬英九-village-votes-page-2.json,matched,exact-village-id
1998,內湖區,石潭里,石潭里,陳水扁,874,data/raw/openfun/tw.gov.cec~txn~candidates-votes/1998/陳水扁-village-votes-page-2.json,matched,exact-village-id
1998,內湖區,行善里,行善里,馬英九,1342,data/raw/openfun/tw.gov.cec~txn~candidates-votes/1998/馬英九-village-votes-page-2.json,matched,exact-village-id
1998,內湖區,行善里,行善里,陳水扁,1539,data/raw/openfun/tw.gov.cec~txn~candidates-votes/1998/陳水扁-village-votes-page-2.json,matched,exact-village-id
1998,內湖區,西安里,西安里,馬英九,2030,data/raw/openfun/tw.gov.cec~txn~candidates-votes/1998/馬英九-village-votes-page-2.json,matched,exact-village-id
1998,內湖區,西安里,西安里,陳水扁,1663,data/raw/openfun/tw.gov.cec~txn~candidates-votes/1998/陳水扁-village-votes-page-2.json,matched,exact-village-id
1998,內湖區,西康里,西康里,馬英九,2707,data/raw/openfun/tw.gov.cec~txn~candidates-votes/1998/馬英九-village-votes-page-2.json,matched,exact-village-id
1998,內湖區,西康里,西康里,陳水扁,1915,data/raw/openfun/tw.gov.cec~txn~candidates-votes/1998/陳水扁-village-votes-page-2.json,matched,exact-village-id
1998,內湖區,西湖里,西湖里,馬英九,2482,data/raw/openfun/tw.gov.cec~txn~candidates-votes/1998/馬英九-village-votes-page-2.json,matched,exact-village-id
1998,內湖區,西湖里,西湖里,陳水扁,2440,data/raw/openfun/tw.gov.cec~txn~candidates-votes/1998/陳水扁-village-votes-page-2.json,matched,exact-village-id
1998,內湖區,東湖里,東湖里,馬英九,4120,data/raw/openfun/tw.gov.cec~txn~candidates-votes/1998/馬英九-village-votes-page-2.json,matched,exact-village-id
1998,內湖區,東湖里,東湖里,陳水扁,3822,data/raw/openfun/tw.gov.cec~txn~candidates-votes/1998/陳水扁-village-votes-page-2.json,matched,exact-village-id
1998,內湖區,金瑞里,金瑞里,馬英九,2085,data/raw/openfun/tw.gov.cec~txn~candidates-votes/1998/馬英九-village-votes-page-2.json,matched,exact-village-id
1998,內湖區,金瑞里,金瑞里,陳水扁,1669,data/raw/openfun/tw.gov.cec~txn~candidates-votes/1998/陳水扁-village-votes-page-2.json,matched,exact-village-id
1998,內湖區,金龍里,金龍里,馬英九,1932,data/raw/openfun/tw.gov.cec~txn~candidates-votes/1998/馬英九-village-votes-page-2.json,matched,exact-village-id
1998,內湖區,金龍里,金龍里,陳水扁,1506,data/raw/openfun/tw.gov.cec~txn~candidates-votes/1998/陳水扁-village-votes-page-2.json,matched,exact-village-id
1998,內湖區,清白里,清白里,馬英九,1883,data/raw/openfun/tw.gov.cec~txn~candidates-votes/1998/馬英九-village-votes-page-2.json,matched,exact-village-id
1998,內湖區,清白里,清白里,陳水扁,1258,data/raw/openfun/tw.gov.cec~txn~candidates-votes/1998/陳水扁-village-votes-page-2.json,matched,exact-village-id
1998,內湖區,港都里,港都里,馬英九,3152,data/raw/openfun/tw.gov.cec~txn~candidates-votes/1998/馬英九-village-votes-page-2.json,matched,exact-village-id
1998,內湖區,港都里,港都里,陳水扁,3256,data/raw/openfun/tw.gov.cec~txn~candidates-votes/1998/陳水扁-village-votes-page-2.json,matched,exact-village-id
1998,內湖區,港富里,港富里,馬英九,2773,data/raw/openfun/tw.gov.cec~txn~candidates-votes/1998/馬英九-village-votes-page-2.json,matched,exact-village-id
1998,內湖區,港富里,港富里,陳水扁,2729,data/raw/openfun/tw.gov.cec~txn~candidates-votes/1998/陳水扁-village-votes-page-2.json,matched,exact-village-id
1998,內湖區,港華里,港華里,馬英九,2499,data/raw/openfun/tw.gov.cec~txn~candidates-votes/1998/馬英九-village-votes-page-2.json,matched,exact-village-id
1998,內湖區,港華里,港華里,陳水扁,2179,data/raw/openfun/tw.gov.cec~txn~candidates-votes/1998/陳水扁-village-votes-page-2.json,matched,exact-village-id
1998,內湖區,港墘里,港墘里,馬英九,1613,data/raw/openfun/tw.gov.cec~txn~candidates-votes/1998/馬英九-village-votes-page-2.json,matched,exact-village-id
1998,內湖區,港墘里,港墘里,陳水扁,1570,data/raw/openfun/tw.gov.cec~txn~candidates-votes/1998/陳水扁-village-votes-page-2.json,matched,exact-village-id
1998,內湖區,湖元里,湖元里,馬英九,1460,data/raw/openfun/tw.gov.cec~txn~candidates-votes/1998/馬英九-village-votes-page-2.json,matched,exact-village-id
1998,內湖區,湖元里,湖元里,陳水扁,1233,data/raw/openfun/tw.gov.cec~txn~candidates-votes/1998/陳水扁-village-votes-page-2.json,matched,exact-village-id
1998,內湖區,湖興里,湖興里,馬英九,2089,data/raw/openfun/tw.gov.cec~txn~candidates-votes/1998/馬英九-village-votes-page-2.json,matched,exact-village-id
1998,內湖區,湖興里,湖興里,陳水扁,1856,data/raw/openfun/tw.gov.cec~txn~candidates-votes/1998/陳水扁-village-votes-page-2.json,matched,exact-village-id
1998,內湖區,湖濱里,湖濱里,馬英九,2584,data/raw/openfun/tw.gov.cec~txn~candidates-votes/1998/馬英九-village-votes-page-2.json,matched,exact-village-id
1998,內湖區,湖濱里,湖濱里,陳水扁,1603,data/raw/openfun/tw.gov.cec~txn~candidates-votes/1998/陳水扁-village-votes-page-2.json,matched,exact-village-id
1998,內湖區,紫星里,紫星里,馬英九,2588,data/raw/openfun/tw.gov.cec~txn~candidates-votes/1998/馬英九-village-votes-page-2.json,matched,exact-village-id
1998,內湖區,紫星里,紫星里,陳水扁,2322,data/raw/openfun/tw.gov.cec~txn~candidates-votes/1998/陳水扁-village-votes-page-2.json,matched,exact-village-id
1998,內湖區,紫陽里,紫陽里,馬英九,2200,data/raw/openfun/tw.gov.cec~txn~candidates-votes/1998/馬英九-village-votes-page-2.json,matched,exact-village-id
1998,內湖區,紫陽里,紫陽里,陳水扁,1781,data/raw/openfun/tw.gov.cec~txn~candidates-votes/1998/陳水扁-village-votes-page-2.json,matched,exact-village-id
1998,內湖區,紫雲里,紫雲里,馬英九,2031,data/raw/openfun/tw.gov.cec~txn~candidates-votes/1998/馬英九-village-votes-page-2.json,matched,exact-village-id
1998,內湖區,紫雲里,紫雲里,陳水扁,1005,data/raw/openfun/tw.gov.cec~txn~candidates-votes/1998/陳水扁-village-votes-page-2.json,matched,exact-village-id
1998,內湖區,週美里,週美里,馬英九,1101,data/raw/openfun/tw.gov.cec~txn~candidates-votes/1998/馬英九-village-votes-page-2.json,matched,exact-village-id
1998,內湖區,週美里,週美里,陳水扁,1837,data/raw/openfun/tw.gov.cec~txn~candidates-votes/1998/陳水扁-village-votes-page-2.json,matched,exact-village-id
1998,內湖區,瑞光里,瑞光里,馬英九,1867,data/raw/openfun/tw.gov.cec~txn~candidates-votes/1998/馬英九-village-votes-page-2.json,matched,exact-village-id
1998,內湖區,瑞光里,瑞光里,陳水扁,991,data/raw/openfun/tw.gov.cec~txn~candidates-votes/1998/陳水扁-village-votes-page-2.json,matched,exact-village-id
1998,內湖區,瑞陽里,瑞陽里,馬英九,3469,data/raw/openfun/tw.gov.cec~txn~candidates-votes/1998/馬英九-village-votes-page-2.json,matched,exact-village-id
1998,內湖區,瑞陽里,瑞陽里,陳水扁,1480,data/raw/openfun/tw.gov.cec~txn~candidates-votes/1998/陳水扁-village-votes-page-2.json,matched,exact-village-id
1998,內湖區,葫洲里,葫洲里,馬英九,6837,data/raw/openfun/tw.gov.cec~txn~candidates-votes/1998/馬英九-village-votes-page-2.json,matched,exact-village-id
1998,內湖區,葫洲里,葫洲里,陳水扁,5638,data/raw/openfun/tw.gov.cec~txn~candidates-votes/1998/陳水扁-village-votes-page-2.json,matched,exact-village-id
1998,內湖區,碧山里,碧山里,馬英九,2241,data/raw/openfun/tw.gov.cec~txn~candidates-votes/1998/馬英九-village-votes-page-2.json,matched,exact-village-id
1998,內湖區,碧山里,碧山里,陳水扁,1754,data/raw/openfun/tw.gov.cec~txn~candidates-votes/1998/陳水扁-village-votes-page-2.json,matched,exact-village-id
1998,內湖區,樂康里,樂康里,馬英九,2191,data/raw/openfun/tw.gov.cec~txn~candidates-votes/1998/馬英九-village-votes-page-2.json,matched,exact-village-id
1998,內湖區,樂康里,樂康里,陳水扁,2015,data/raw/openfun/tw.gov.cec~txn~candidates-votes/1998/陳水扁-village-votes-page-2.json,matched,exact-village-id
1998,文山區,木柵里,木柵里,馬英九,3162,data/raw/openfun/tw.gov.cec~txn~candidates-votes/1998/馬英九-village-votes-page-2.json,matched,exact-village-id
1998,文山區,木柵里,木柵里,陳水扁,1471,data/raw/openfun/tw.gov.cec~txn~candidates-votes/1998/陳水扁-village-votes-page-2.json,matched,exact-village-id
1998,文山區,木新里,木新里,馬英九,2925,data/raw/openfun/tw.gov.cec~txn~candidates-votes/1998/馬英九-village-votes-page-2.json,matched,exact-village-id
1998,文山區,木新里,木新里,陳水扁,2180,data/raw/openfun/tw.gov.cec~txn~candidates-votes/1998/陳水扁-village-votes-page-2.json,matched,exact-village-id
1998,文山區,老泉里,老泉里,馬英九,184,data/raw/openfun/tw.gov.cec~txn~candidates-votes/1998/馬英九-village-votes-page-2.json,matched,exact-village-id
1998,文山區,老泉里,老泉里,陳水扁,336,data/raw/openfun/tw.gov.cec~txn~candidates-votes/1998/陳水扁-village-votes-page-2.json,matched,exact-village-id
1998,文山區,明義里,明義里,馬英九,1742,data/raw/openfun/tw.gov.cec~txn~candidates-votes/1998/馬英九-village-votes-page-2.json,matched,exact-village-id
1998,文山區,明義里,明義里,陳水扁,902,data/raw/openfun/tw.gov.cec~txn~candidates-votes/1998/陳水扁-village-votes-page-2.json,matched,exact-village-id
1998,文山區,明興里,明興里,馬英九,2609,data/raw/openfun/tw.gov.cec~txn~candidates-votes/1998/馬英九-village-votes-page-2.json,matched,exact-village-id
1998,文山區,明興里,明興里,陳水扁,1473,data/raw/openfun/tw.gov.cec~txn~candidates-votes/1998/陳水扁-village-votes-page-2.json,matched,exact-village-id
1998,文山區,指南里,指南里,馬英九,796,data/raw/openfun/tw.gov.cec~txn~candidates-votes/1998/馬英九-village-votes-page-2.json,matched,exact-village-id
1998,文山區,指南里,指南里,陳水扁,829,data/raw/openfun/tw.gov.cec~txn~candidates-votes/1998/陳水扁-village-votes-page-2.json,matched,exact-village-id
1998,文山區,博嘉里,博嘉里,馬英九,1374,data/raw/openfun/tw.gov.cec~txn~candidates-votes/1998/馬英九-village-votes-page-2.json,matched,exact-village-id
1998,文山區,博嘉里,博嘉里,陳水扁,875,data/raw/openfun/tw.gov.cec~txn~candidates-votes/1998/陳水扁-village-votes-page-2.json,matched,exact-village-id
1998,文山區,景仁里,景仁里,馬英九,1708,data/raw/openfun/tw.gov.cec~txn~candidates-votes/1998/馬英九-village-votes-page-2.json,matched,exact-village-id
1998,文山區,景仁里,景仁里,陳水扁,1208,data/raw/openfun/tw.gov.cec~txn~candidates-votes/1998/陳水扁-village-votes-page-2.json,matched,exact-village-id
1998,文山區,景行里,景行里,馬英九,1448,data/raw/openfun/tw.gov.cec~txn~candidates-votes/1998/馬英九-village-votes-page-2.json,matched,exact-village-id
1998,文山區,景行里,景行里,陳水扁,1680,data/raw/openfun/tw.gov.cec~txn~candidates-votes/1998/陳水扁-village-votes-page-2.json,matched,exact-village-id
1998,文山區,景東里,景東里,馬英九,2474,data/raw/openfun/tw.gov.cec~txn~candidates-votes/1998/馬英九-village-votes-page-2.json,matched,exact-village-id
1998,文山區,景東里,景東里,陳水扁,1260,data/raw/openfun/tw.gov.cec~txn~candidates-votes/1998/陳水扁-village-votes-page-2.json,matched,exact-village-id
1998,文山區,景美里,景美里,馬英九,1531,data/raw/openfun/tw.gov.cec~txn~candidates-votes/1998/馬英九-village-votes-page-2.json,matched,exact-village-id
1998,文山區,景美里,景美里,陳水扁,1135,data/raw/openfun/tw.gov.cec~txn~candidates-votes/1998/陳水扁-village-votes-page-2.json,matched,exact-village-id
1998,文山區,景華里,景華里,馬英九,2037,data/raw/openfun/tw.gov.cec~txn~candidates-votes/1998/馬英九-village-votes-page-2.json,matched,exact-village-id
1998,文山區,景華里,景華里,陳水扁,1336,data/raw/openfun/tw.gov.cec~txn~candidates-votes/1998/陳水扁-village-votes-page-2.json,matched,exact-village-id
1998,文山區,景慶里,景慶里,馬英九,2163,data/raw/openfun/tw.gov.cec~txn~candidates-votes/1998/馬英九-village-votes-page-2.json,matched,exact-village-id
1998,文山區,景慶里,景慶里,陳水扁,1575,data/raw/openfun/tw.gov.cec~txn~candidates-votes/1998/陳水扁-village-votes-page-2.json,matched,exact-village-id
1998,文山區,華興里,華興里,馬英九,2593,data/raw/openfun/tw.gov.cec~txn~candidates-votes/1998/馬英九-village-votes-page-2.json,matched,exact-village-id
1998,文山區,華興里,華興里,陳水扁,1489,data/raw/openfun/tw.gov.cec~txn~candidates-votes/1998/陳水扁-village-votes-page-2.json,matched,exact-village-id
1998,文山區,順興里,順興里,馬英九,3734,data/raw/openfun/tw.gov.cec~txn~candidates-votes/1998/馬英九-village-votes-page-2.json,matched,exact-village-id
1998,文山區,順興里,順興里,陳水扁,2255,data/raw/openfun/tw.gov.cec~txn~candidates-votes/1998/陳水扁-village-votes-page-2.json,matched,exact-village-id
1998,文山區,萬年里,萬年里,馬英九,1791,data/raw/openfun/tw.gov.cec~txn~candidates-votes/1998/馬英九-village-votes-page-2.json,matched,exact-village-id
1998,文山區,萬年里,萬年里,陳水扁,1281,data/raw/openfun/tw.gov.cec~txn~candidates-votes/1998/陳水扁-village-votes-page-2.json,matched,exact-village-id
1998,文山區,萬有里,萬有里,馬英九,1656,data/raw/openfun/tw.gov.cec~txn~candidates-votes/1998/馬英九-village-votes-page-2.json,matched,exact-village-id
1998,文山區,萬有里,萬有里,陳水扁,1189,data/raw/openfun/tw.gov.cec~txn~candidates-votes/1998/陳水扁-village-votes-page-2.json,matched,exact-village-id
1998,文山區,萬和里,萬和里,馬英九,1730,data/raw/openfun/tw.gov.cec~txn~candidates-votes/1998/馬英九-village-votes-page-2.json,matched,exact-village-id
1998,文山區,萬和里,萬和里,陳水扁,586,data/raw/openfun/tw.gov.cec~txn~candidates-votes/1998/陳水扁-village-votes-page-2.json,matched,exact-village-id
1998,文山區,萬芳里,萬芳里,馬英九,4054,data/raw/openfun/tw.gov.cec~txn~candidates-votes/1998/馬英九-village-votes-page-2.json,matched,exact-village-id
1998,文山區,萬芳里,萬芳里,陳水扁,2375,data/raw/openfun/tw.gov.cec~txn~candidates-votes/1998/陳水扁-village-votes-page-2.json,matched,exact-village-id
1998,文山區,萬盛里,萬盛里,馬英九,1852,data/raw/openfun/tw.gov.cec~txn~candidates-votes/1998/馬英九-village-votes-page-2.json,matched,exact-village-id
1998,文山區,萬盛里,萬盛里,陳水扁,1012,data/raw/openfun/tw.gov.cec~txn~candidates-votes/1998/陳水扁-village-votes-page-2.json,matched,exact-village-id
1998,文山區,萬祥里,萬祥里,馬英九,1697,data/raw/openfun/tw.gov.cec~txn~candidates-votes/1998/馬英九-village-votes-page-2.json,matched,exact-village-id
1998,文山區,萬祥里,萬祥里,陳水扁,1132,data/raw/openfun/tw.gov.cec~txn~candidates-votes/1998/陳水扁-village-votes-page-2.json,matched,exact-village-id
1998,文山區,萬隆里,萬隆里,馬英九,2110,data/raw/openfun/tw.gov.cec~txn~candidates-votes/1998/馬英九-village-votes-page-2.json,matched,exact-village-id
1998,文山區,萬隆里,萬隆里,陳水扁,1301,data/raw/openfun/tw.gov.cec~txn~candidates-votes/1998/陳水扁-village-votes-page-2.json,matched,exact-village-id
1998,文山區,萬興里,萬興里,馬英九,2749,data/raw/openfun/tw.gov.cec~txn~candidates-votes/1998/馬英九-village-votes-page-2.json,matched,exact-village-id
1998,文山區,萬興里,萬興里,陳水扁,1964,data/raw/openfun/tw.gov.cec~txn~candidates-votes/1998/陳水扁-village-votes-page-2.json,matched,exact-village-id
1998,文山區,試院里,試院里,馬英九,2535,data/raw/openfun/tw.gov.cec~txn~candidates-votes/1998/馬英九-village-votes-page-2.json,matched,exact-village-id
1998,文山區,試院里,試院里,陳水扁,1155,data/raw/openfun/tw.gov.cec~txn~candidates-votes/1998/陳水扁-village-votes-page-2.json,matched,exact-village-id
1998,文山區,樟林里,樟林里,馬英九,3256,data/raw/openfun/tw.gov.cec~txn~candidates-votes/1998/馬英九-village-votes-page-2.json,matched,exact-village-id
1998,文山區,樟林里,樟林里,陳水扁,1847,data/raw/openfun/tw.gov.cec~txn~candidates-votes/1998/陳水扁-village-votes-page-2.json,matched,exact-village-id
1998,文山區,樟新里,樟新里,馬英九,3818,data/raw/openfun/tw.gov.cec~txn~candidates-votes/1998/馬英九-village-votes-page-2.json,matched,exact-village-id
1998,文山區,樟新里,樟新里,陳水扁,2557,data/raw/openfun/tw.gov.cec~txn~candidates-votes/1998/陳水扁-village-votes-page-2.json,matched,exact-village-id
1998,文山區,樟腳里,樟腳里,馬英九,3283,data/raw/openfun/tw.gov.cec~txn~candidates-votes/1998/馬英九-village-votes-page-2.json,matched,exact-village-id
1998,文山區,樟腳里,樟腳里,陳水扁,2352,data/raw/openfun/tw.gov.cec~txn~candidates-votes/1998/陳水扁-village-votes-page-2.json,matched,exact-village-id
1998,文山區,興光里,興光里,馬英九,1810,data/raw/openfun/tw.gov.cec~txn~candidates-votes/1998/馬英九-village-votes-page-2.json,matched,exact-village-id
1998,文山區,興光里,興光里,陳水扁,1082,data/raw/openfun/tw.gov.cec~txn~candidates-votes/1998/陳水扁-village-votes-page-2.json,matched,exact-village-id
1998,文山區,興安里,興安里,馬英九,2307,data/raw/openfun/tw.gov.cec~txn~candidates-votes/1998/馬英九-village-votes-page-2.json,matched,exact-village-id
1998,文山區,興安里,興安里,陳水扁,1091,data/raw/openfun/tw.gov.cec~txn~candidates-votes/1998/陳水扁-village-votes-page-2.json,matched,exact-village-id
1998,文山區,興旺里,興旺里,馬英九,2329,data/raw/openfun/tw.gov.cec~txn~candidates-votes/1998/馬英九-village-votes-page-2.json,matched,exact-village-id
1998,文山區,興旺里,興旺里,陳水扁,1114,data/raw/openfun/tw.gov.cec~txn~candidates-votes/1998/陳水扁-village-votes-page-2.json,matched,exact-village-id
1998,文山區,興昌里,興昌里,馬英九,2151,data/raw/openfun/tw.gov.cec~txn~candidates-votes/1998/馬英九-village-votes-page-2.json,matched,exact-village-id
1998,文山區,興昌里,興昌里,陳水扁,1007,data/raw/openfun/tw.gov.cec~txn~candidates-votes/1998/陳水扁-village-votes-page-2.json,matched,exact-village-id
1998,文山區,興家里,興家里,馬英九,2242,data/raw/openfun/tw.gov.cec~txn~candidates-votes/1998/馬英九-village-votes-page-2.json,matched,exact-village-id
1998,文山區,興家里,興家里,陳水扁,1117,data/raw/openfun/tw.gov.cec~txn~candidates-votes/1998/陳水扁-village-votes-page-2.json,matched,exact-village-id
1998,文山區,興泰里,興泰里,馬英九,1508,data/raw/openfun/tw.gov.cec~txn~candidates-votes/1998/馬英九-village-votes-page-2.json,matched,exact-village-id
1998,文山區,興泰里,興泰里,陳水扁,796,data/raw/openfun/tw.gov.cec~txn~candidates-votes/1998/陳水扁-village-votes-page-2.json,matched,exact-village-id
1998,文山區,興得里,興得里,馬英九,2300,data/raw/openfun/tw.gov.cec~txn~candidates-votes/1998/馬英九-village-votes-page-2.json,matched,exact-village-id
1998,文山區,興得里,興得里,陳水扁,1287,data/raw/openfun/tw.gov.cec~txn~candidates-votes/1998/陳水扁-village-votes-page-2.json,matched,exact-village-id
1998,文山區,興業里,興業里,馬英九,2358,data/raw/openfun/tw.gov.cec~txn~candidates-votes/1998/馬英九-village-votes-page-2.json,matched,exact-village-id
1998,文山區,興業里,興業里,陳水扁,989,data/raw/openfun/tw.gov.cec~txn~candidates-votes/1998/陳水扁-village-votes-page-2.json,matched,exact-village-id
1998,文山區,興福里,興福里,馬英九,2046,data/raw/openfun/tw.gov.cec~txn~candidates-votes/1998/馬英九-village-votes-page-2.json,matched,exact-village-id
1998,文山區,興福里,興福里,陳水扁,1423,data/raw/openfun/tw.gov.cec~txn~candidates-votes/1998/陳水扁-village-votes-page-2.json,matched,exact-village-id
1998,文山區,興豐里,興豐里,馬英九,2855,data/raw/openfun/tw.gov.cec~txn~candidates-votes/1998/馬英九-village-votes-page-2.json,matched,exact-village-id
1998,文山區,興豐里,興豐里,陳水扁,1725,data/raw/openfun/tw.gov.cec~txn~candidates-votes/1998/陳水扁-village-votes-page-2.json,matched,exact-village-id
1998,北投區,一德里,一德里,馬英九,1653,data/raw/openfun/tw.gov.cec~txn~candidates-votes/1998/馬英九-village-votes-page-3.json,matched,exact-village-id
1998,北投區,一德里,一德里,陳水扁,2154,data/raw/openfun/tw.gov.cec~txn~candidates-votes/1998/陳水扁-village-votes-page-3.json,matched,exact-village-id
1998,北投區,八仙里,八仙里,馬英九,1217,data/raw/openfun/tw.gov.cec~txn~candidates-votes/1998/馬英九-village-votes-page-3.json,matched,exact-village-id
1998,北投區,八仙里,八仙里,陳水扁,1557,data/raw/openfun/tw.gov.cec~txn~candidates-votes/1998/陳水扁-village-votes-page-3.json,matched,exact-village-id
1998,北投區,大同里,大同里,馬英九,1528,data/raw/openfun/tw.gov.cec~txn~candidates-votes/1998/馬英九-village-votes-page-3.json,matched,exact-village-id
1998,北投區,大同里,大同里,陳水扁,1978,data/raw/openfun/tw.gov.cec~txn~candidates-votes/1998/陳水扁-village-votes-page-3.json,matched,exact-village-id
1998,北投區,中心里,中心里,馬英九,1651,data/raw/openfun/tw.gov.cec~txn~candidates-votes/1998/馬英九-village-votes-page-3.json,matched,exact-village-id
1998,北投區,中心里,中心里,陳水扁,1558,data/raw/openfun/tw.gov.cec~txn~candidates-votes/1998/陳水扁-village-votes-page-3.json,matched,exact-village-id
1998,北投區,中央里,中央里,馬英九,1956,data/raw/openfun/tw.gov.cec~txn~candidates-votes/1998/馬英九-village-votes-page-3.json,matched,exact-village-id
1998,北投區,中央里,中央里,陳水扁,2676,data/raw/openfun/tw.gov.cec~txn~candidates-votes/1998/陳水扁-village-votes-page-3.json,matched,exact-village-id
1998,北投區,中和里,中和里,馬英九,1782,data/raw/openfun/tw.gov.cec~txn~candidates-votes/1998/馬英九-village-votes-page-3.json,matched,exact-village-id
1998,北投區,中和里,中和里,陳水扁,1724,data/raw/openfun/tw.gov.cec~txn~candidates-votes/1998/陳水扁-village-votes-page-3.json,matched,exact-village-id
1998,北投區,中庸里,中庸里,馬英九,1265,data/raw/openfun/tw.gov.cec~txn~candidates-votes/1998/馬英九-village-votes-page-3.json,matched,exact-village-id
1998,北投區,中庸里,中庸里,陳水扁,1468,data/raw/openfun/tw.gov.cec~txn~candidates-votes/1998/陳水扁-village-votes-page-3.json,matched,exact-village-id
1998,北投區,文化里,文化里,馬英九,1779,data/raw/openfun/tw.gov.cec~txn~candidates-votes/1998/馬英九-village-votes-page-3.json,matched,exact-village-id
1998,北投區,文化里,文化里,陳水扁,765,data/raw/openfun/tw.gov.cec~txn~candidates-votes/1998/陳水扁-village-votes-page-3.json,matched,exact-village-id
1998,北投區,文林里,文林里,馬英九,1143,data/raw/openfun/tw.gov.cec~txn~candidates-votes/1998/馬英九-village-votes-page-2.json,matched,exact-village-id
1998,北投區,文林里,文林里,陳水扁,1537,data/raw/openfun/tw.gov.cec~txn~candidates-votes/1998/陳水扁-village-votes-page-2.json,matched,exact-village-id
1998,北投區,永和里,永和里,馬英九,2146,data/raw/openfun/tw.gov.cec~txn~candidates-votes/1998/馬英九-village-votes-page-3.json,matched,exact-village-id
1998,北投區,永和里,永和里,陳水扁,2224,data/raw/openfun/tw.gov.cec~txn~candidates-votes/1998/陳水扁-village-votes-page-3.json,matched,exact-village-id
1998,北投區,永明里,永明里,馬英九,1396,data/raw/openfun/tw.gov.cec~txn~candidates-votes/1998/馬英九-village-votes-page-3.json,matched,exact-village-id
1998,北投區,永明里,永明里,陳水扁,1279,data/raw/openfun/tw.gov.cec~txn~candidates-votes/1998/陳水扁-village-votes-page-3.json,matched,exact-village-id
1998,北投區,永欣里,永欣里,馬英九,2177,data/raw/openfun/tw.gov.cec~txn~candidates-votes/1998/馬英九-village-votes-page-3.json,matched,exact-village-id
1998,北投區,永欣里,永欣里,陳水扁,1458,data/raw/openfun/tw.gov.cec~txn~candidates-votes/1998/陳水扁-village-votes-page-3.json,matched,exact-village-id
1998,北投區,石牌里,石牌里,馬英九,1498,data/raw/openfun/tw.gov.cec~txn~candidates-votes/1998/馬英九-village-votes-page-2.json,matched,exact-village-id
1998,北投區,石牌里,石牌里,陳水扁,1901,data/raw/openfun/tw.gov.cec~txn~candidates-votes/1998/陳水扁-village-votes-page-2.json,matched,exact-village-id
1998,北投區,立農里,立農里,馬英九,2336,data/raw/openfun/tw.gov.cec~txn~candidates-votes/1998/馬英九-village-votes-page-3.json,matched,exact-village-id
1998,北投區,立農里,立農里,陳水扁,2734,data/raw/openfun/tw.gov.cec~txn~candidates-votes/1998/陳水扁-village-votes-page-3.json,matched,exact-village-id
1998,北投區,立賢里,立賢里,馬英九,1519,data/raw/openfun/tw.gov.cec~txn~candidates-votes/1998/馬英九-village-votes-page-3.json,matched,exact-village-id
1998,北投區,立賢里,立賢里,陳水扁,1651,data/raw/openfun/tw.gov.cec~txn~candidates-votes/1998/陳水扁-village-votes-page-3.json,matched,exact-village-id
1998,北投區,吉利里,吉利里,馬英九,2079,data/raw/openfun/tw.gov.cec~txn~candidates-votes/1998/馬英九-village-votes-page-3.json,matched,exact-village-id
1998,北投區,吉利里,吉利里,陳水扁,1658,data/raw/openfun/tw.gov.cec~txn~candidates-votes/1998/陳水扁-village-votes-page-3.json,matched,exact-village-id
1998,北投區,吉慶里,吉慶里,馬英九,1415,data/raw/openfun/tw.gov.cec~txn~candidates-votes/1998/馬英九-village-votes-page-3.json,matched,exact-village-id
1998,北投區,吉慶里,吉慶里,陳水扁,1729,data/raw/openfun/tw.gov.cec~txn~candidates-votes/1998/陳水扁-village-votes-page-3.json,matched,exact-village-id
1998,北投區,秀山里,秀山里,馬英九,1250,data/raw/openfun/tw.gov.cec~txn~candidates-votes/1998/馬英九-village-votes-page-3.json,matched,exact-village-id
1998,北投區,秀山里,秀山里,陳水扁,1042,data/raw/openfun/tw.gov.cec~txn~candidates-votes/1998/陳水扁-village-votes-page-3.json,matched,exact-village-id
1998,北投區,奇岩里,奇岩里,馬英九,2689,data/raw/openfun/tw.gov.cec~txn~candidates-votes/1998/馬英九-village-votes-page-3.json,matched,exact-village-id
1998,北投區,奇岩里,奇岩里,陳水扁,2862,data/raw/openfun/tw.gov.cec~txn~candidates-votes/1998/陳水扁-village-votes-page-3.json,matched,exact-village-id
1998,北投區,東華里,東華里,馬英九,1733,data/raw/openfun/tw.gov.cec~txn~candidates-votes/1998/馬英九-village-votes-page-3.json,matched,exact-village-id
1998,北投區,東華里,東華里,陳水扁,1248,data/raw/openfun/tw.gov.cec~txn~candidates-votes/1998/陳水扁-village-votes-page-3.json,matched,exact-village-id
1998,北投區,林泉里,林泉里,馬英九,1255,data/raw/openfun/tw.gov.cec~txn~candidates-votes/1998/馬英九-village-votes-page-3.json,matched,exact-village-id
1998,北投區,林泉里,林泉里,陳水扁,771,data/raw/openfun/tw.gov.cec~txn~candidates-votes/1998/陳水扁-village-votes-page-3.json,matched,exact-village-id
1998,北投區,長安里,長安里,馬英九,1667,data/raw/openfun/tw.gov.cec~txn~candidates-votes/1998/馬英九-village-votes-page-3.json,matched,exact-village-id
1998,北投區,長安里,長安里,陳水扁,1759,data/raw/openfun/tw.gov.cec~txn~candidates-votes/1998/陳水扁-village-votes-page-3.json,matched,exact-village-id
1998,北投區,建民里,建民里,馬英九,1409,data/raw/openfun/tw.gov.cec~txn~candidates-votes/1998/馬英九-village-votes-page-2.json,matched,exact-village-id
1998,北投區,建民里,建民里,陳水扁,1626,data/raw/openfun/tw.gov.cec~txn~candidates-votes/1998/陳水扁-village-votes-page-2.json,matched,exact-village-id
1998,北投區,泉源里,泉源里,馬英九,686,data/raw/openfun/tw.gov.cec~txn~candidates-votes/1998/馬英九-village-votes-page-3.json,matched,exact-village-id
1998,北投區,泉源里,泉源里,陳水扁,841,data/raw/openfun/tw.gov.cec~txn~candidates-votes/1998/陳水扁-village-votes-page-3.json,matched,exact-village-id
1998,北投區,洲美里,洲美里,馬英九,369,data/raw/openfun/tw.gov.cec~txn~candidates-votes/1998/馬英九-village-votes-page-3.json,matched,exact-village-id
1998,北投區,洲美里,洲美里,陳水扁,713,data/raw/openfun/tw.gov.cec~txn~candidates-votes/1998/陳水扁-village-votes-page-3.json,matched,exact-village-id
1998,北投區,振華里,振華里,馬英九,2512,data/raw/openfun/tw.gov.cec~txn~candidates-votes/1998/馬英九-village-votes-page-2.json,matched,exact-village-id
1998,北投區,振華里,振華里,陳水扁,2340,data/raw/openfun/tw.gov.cec~txn~candidates-votes/1998/陳水扁-village-votes-page-2.json,matched,exact-village-id
1998,北投區,桃源里,桃源里,馬英九,1411,data/raw/openfun/tw.gov.cec~txn~candidates-votes/1998/馬英九-village-votes-page-3.json,matched,exact-village-id
1998,北投區,桃源里,桃源里,陳水扁,1796,data/raw/openfun/tw.gov.cec~txn~candidates-votes/1998/陳水扁-village-votes-page-3.json,matched,exact-village-id
1998,北投區,清江里,清江里,馬英九,2180,data/raw/openfun/tw.gov.cec~txn~candidates-votes/1998/馬英九-village-votes-page-3.json,matched,exact-village-id
1998,北投區,清江里,清江里,陳水扁,2734,data/raw/openfun/tw.gov.cec~txn~candidates-votes/1998/陳水扁-village-votes-page-3.json,matched,exact-village-id
1998,北投區,尊賢里,尊賢里,馬英九,1286,data/raw/openfun/tw.gov.cec~txn~candidates-votes/1998/馬英九-village-votes-page-3.json,matched,exact-village-id
1998,北投區,尊賢里,尊賢里,陳水扁,1690,data/raw/openfun/tw.gov.cec~txn~candidates-votes/1998/陳水扁-village-votes-page-3.json,matched,exact-village-id
1998,北投區,智仁里,智仁里,馬英九,2064,data/raw/openfun/tw.gov.cec~txn~candidates-votes/1998/馬英九-village-votes-page-3.json,matched,exact-village-id
1998,北投區,智仁里,智仁里,陳水扁,1663,data/raw/openfun/tw.gov.cec~txn~candidates-votes/1998/陳水扁-village-votes-page-3.json,matched,exact-village-id
1998,北投區,湖山里,湖山里,馬英九,886,data/raw/openfun/tw.gov.cec~txn~candidates-votes/1998/馬英九-village-votes-page-3.json,matched,exact-village-id
1998,北投區,湖山里,湖山里,陳水扁,969,data/raw/openfun/tw.gov.cec~txn~candidates-votes/1998/陳水扁-village-votes-page-3.json,matched,exact-village-id
1998,北投區,開明里,開明里,馬英九,2141,data/raw/openfun/tw.gov.cec~txn~candidates-votes/1998/馬英九-village-votes-page-3.json,matched,exact-village-id
1998,北投區,開明里,開明里,陳水扁,1839,data/raw/openfun/tw.gov.cec~txn~candidates-votes/1998/陳水扁-village-votes-page-3.json,matched,exact-village-id
1998,北投區,溫泉里,溫泉里,馬英九,1891,data/raw/openfun/tw.gov.cec~txn~candidates-votes/1998/馬英九-village-votes-page-3.json,matched,exact-village-id
1998,北投區,溫泉里,溫泉里,陳水扁,1942,data/raw/openfun/tw.gov.cec~txn~candidates-votes/1998/陳水扁-village-votes-page-3.json,matched,exact-village-id
1998,北投區,裕民里,裕民里,馬英九,2005,data/raw/openfun/tw.gov.cec~txn~candidates-votes/1998/馬英九-village-votes-page-2.json,matched,exact-village-id
1998,北投區,裕民里,裕民里,陳水扁,2087,data/raw/openfun/tw.gov.cec~txn~candidates-votes/1998/陳水扁-village-votes-page-2.json,matched,exact-village-id
1998,北投區,榮光里,榮光里,馬英九,2116,data/raw/openfun/tw.gov.cec~txn~candidates-votes/1998/馬英九-village-votes-page-2.json,matched,exact-village-id
1998,北投區,榮光里,榮光里,陳水扁,2191,data/raw/openfun/tw.gov.cec~txn~candidates-votes/1998/陳水扁-village-votes-page-2.json,matched,exact-village-id
1998,北投區,榮華里,榮華里,馬英九,2208,data/raw/openfun/tw.gov.cec~txn~candidates-votes/1998/馬英九-village-votes-page-2.json,matched,exact-village-id
1998,北投區,榮華里,榮華里,陳水扁,2055,data/raw/openfun/tw.gov.cec~txn~candidates-votes/1998/陳水扁-village-votes-page-2.json,matched,exact-village-id
1998,北投區,福興里,福興里,馬英九,1932,data/raw/openfun/tw.gov.cec~txn~candidates-votes/1998/馬英九-village-votes-page-2.json,matched,exact-village-id
1998,北投區,福興里,福興里,陳水扁,2098,data/raw/openfun/tw.gov.cec~txn~candidates-votes/1998/陳水扁-village-votes-page-2.json,matched,exact-village-id
1998,北投區,稻香里,稻香里,馬英九,1631,data/raw/openfun/tw.gov.cec~txn~candidates-votes/1998/馬英九-village-votes-page-3.json,matched,exact-village-id
1998,北投區,稻香里,稻香里,陳水扁,1172,data/raw/openfun/tw.gov.cec~txn~candidates-votes/1998/陳水扁-village-votes-page-3.json,matched,exact-village-id
1998,北投區,豐年里,豐年里,馬英九,1375,data/raw/openfun/tw.gov.cec~txn~candidates-votes/1998/馬英九-village-votes-page-3.json,matched,exact-village-id
1998,北投區,豐年里,豐年里,陳水扁,1299,data/raw/openfun/tw.gov.cec~txn~candidates-votes/1998/陳水扁-village-votes-page-3.json,matched,exact-village-id
1998,北投區,關渡里,關渡里,馬英九,2926,data/raw/openfun/tw.gov.cec~txn~candidates-votes/1998/馬英九-village-votes-page-3.json,matched,exact-village-id
1998,北投區,關渡里,關渡里,陳水扁,3099,data/raw/openfun/tw.gov.cec~txn~candidates-votes/1998/陳水扁-village-votes-page-3.json,matched,exact-village-id
1998,松山區,三民里,三民里,馬英九,2340,data/raw/openfun/tw.gov.cec~txn~candidates-votes/1998/馬英九-village-votes-page-1.json,matched,exact-village-id
1998,松山區,三民里,三民里,陳水扁,1797,data/raw/openfun/tw.gov.cec~txn~candidates-votes/1998/陳水扁-village-votes-page-1.json,matched,exact-village-id
1998,松山區,中正里,中正里,馬英九,2092,data/raw/openfun/tw.gov.cec~txn~candidates-votes/1998/馬英九-village-votes-page-1.json,matched,exact-village-id
1998,松山區,中正里,中正里,陳水扁,2454,data/raw/openfun/tw.gov.cec~txn~candidates-votes/1998/陳水扁-village-votes-page-1.json,matched,exact-village-id
1998,松山區,中崙里,中崙里,馬英九,1188,data/raw/openfun/tw.gov.cec~txn~candidates-votes/1998/馬英九-village-votes-page-1.json,matched,exact-village-id
1998,松山區,中崙里,中崙里,陳水扁,1264,data/raw/openfun/tw.gov.cec~txn~candidates-votes/1998/陳水扁-village-votes-page-1.json,matched,exact-village-id
1998,松山區,中華里,中華里,馬英九,1729,data/raw/openfun/tw.gov.cec~txn~candidates-votes/1998/馬英九-village-votes-page-1.json,matched,exact-village-id
1998,松山區,中華里,中華里,陳水扁,1220,data/raw/openfun/tw.gov.cec~txn~candidates-votes/1998/陳水扁-village-votes-page-1.json,matched,exact-village-id
1998,松山區,介壽里,介壽里,馬英九,1417,data/raw/openfun/tw.gov.cec~txn~candidates-votes/1998/馬英九-village-votes-page-1.json,matched,exact-village-id
1998,松山區,介壽里,介壽里,陳水扁,1341,data/raw/openfun/tw.gov.cec~txn~candidates-votes/1998/陳水扁-village-votes-page-1.json,matched,exact-village-id
1998,松山區,民有里,民有里,馬英九,2466,data/raw/openfun/tw.gov.cec~txn~candidates-votes/1998/馬英九-village-votes-page-1.json,matched,exact-village-id
1998,松山區,民有里,民有里,陳水扁,2683,data/raw/openfun/tw.gov.cec~txn~candidates-votes/1998/陳水扁-village-votes-page-1.json,matched,exact-village-id
1998,松山區,民福里,民福里,馬英九,2470,data/raw/openfun/tw.gov.cec~txn~candidates-votes/1998/馬英九-village-votes-page-1.json,matched,exact-village-id
1998,松山區,民福里,民福里,陳水扁,1638,data/raw/openfun/tw.gov.cec~txn~candidates-votes/1998/陳水扁-village-votes-page-1.json,matched,exact-village-id
1998,松山區,吉仁里,吉仁里,馬英九,1259,data/raw/openfun/tw.gov.cec~txn~candidates-votes/1998/馬英九-village-votes-page-1.json,matched,exact-village-id
1998,松山區,吉仁里,吉仁里,陳水扁,1067,data/raw/openfun/tw.gov.cec~txn~candidates-votes/1998/陳水扁-village-votes-page-1.json,matched,exact-village-id
1998,松山區,吉祥里,吉祥里,馬英九,2418,data/raw/openfun/tw.gov.cec~txn~candidates-votes/1998/馬英九-village-votes-page-1.json,matched,exact-village-id
1998,松山區,吉祥里,吉祥里,陳水扁,2264,data/raw/openfun/tw.gov.cec~txn~candidates-votes/1998/陳水扁-village-votes-page-1.json,matched,exact-village-id
1998,松山區,安平里,安平里,馬英九,2570,data/raw/openfun/tw.gov.cec~txn~candidates-votes/1998/馬英九-village-votes-page-1.json,matched,exact-village-id
1998,松山區,安平里,安平里,陳水扁,3067,data/raw/openfun/tw.gov.cec~txn~candidates-votes/1998/陳水扁-village-votes-page-1.json,matched,exact-village-id
1998,松山區,自強里,自強里,馬英九,3267,data/raw/openfun/tw.gov.cec~txn~candidates-votes/1998/馬英九-village-votes-page-1.json,matched,exact-village-id
1998,松山區,自強里,自強里,陳水扁,1047,data/raw/openfun/tw.gov.cec~txn~candidates-votes/1998/陳水扁-village-votes-page-1.json,matched,exact-village-id
1998,松山區,東光里,東光里,馬英九,2493,data/raw/openfun/tw.gov.cec~txn~candidates-votes/1998/馬英九-village-votes-page-1.json,matched,exact-village-id
1998,松山區,東光里,東光里,陳水扁,2059,data/raw/openfun/tw.gov.cec~txn~candidates-votes/1998/陳水扁-village-votes-page-1.json,matched,exact-village-id
1998,松山區,東昌里,東昌里,馬英九,1356,data/raw/openfun/tw.gov.cec~txn~candidates-votes/1998/馬英九-village-votes-page-1.json,matched,exact-village-id
1998,松山區,東昌里,東昌里,陳水扁,1441,data/raw/openfun/tw.gov.cec~txn~candidates-votes/1998/陳水扁-village-votes-page-1.json,matched,exact-village-id
1998,松山區,東勢里,東勢里,馬英九,985,data/raw/openfun/tw.gov.cec~txn~candidates-votes/1998/馬英九-village-votes-page-1.json,matched,exact-village-id
1998,松山區,東勢里,東勢里,陳水扁,993,data/raw/openfun/tw.gov.cec~txn~candidates-votes/1998/陳水扁-village-votes-page-1.json,matched,exact-village-id
1998,松山區,東榮里,東榮里,馬英九,2779,data/raw/openfun/tw.gov.cec~txn~candidates-votes/1998/馬英九-village-votes-page-1.json,matched,exact-village-id
1998,松山區,東榮里,東榮里,陳水扁,2381,data/raw/openfun/tw.gov.cec~txn~candidates-votes/1998/陳水扁-village-votes-page-1.json,matched,exact-village-id
1998,松山區,松基里,松基里,馬英九,1038,data/raw/openfun/tw.gov.cec~txn~candidates-votes/1998/馬英九-village-votes-page-1.json,matched,exact-village-id
1998,松山區,松基里,松基里,陳水扁,1193,data/raw/openfun/tw.gov.cec~txn~candidates-votes/1998/陳水扁-village-votes-page-1.json,matched,exact-village-id
1998,松山區,美仁里,美仁里,馬英九,1014,data/raw/openfun/tw.gov.cec~txn~candidates-votes/1998/馬英九-village-votes-page-1.json,matched,exact-village-id
1998,松山區,美仁里,美仁里,陳水扁,1103,data/raw/openfun/tw.gov.cec~txn~candidates-votes/1998/陳水扁-village-votes-page-1.json,matched,exact-village-id
1998,松山區,莊敬里,莊敬里,馬英九,2022,data/raw/openfun/tw.gov.cec~txn~candidates-votes/1998/馬英九-village-votes-page-1.json,matched,exact-village-id
1998,松山區,莊敬里,莊敬里,陳水扁,1718,data/raw/openfun/tw.gov.cec~txn~candidates-votes/1998/陳水扁-village-votes-page-1.json,matched,exact-village-id
1998,松山區,富泰里,富泰里,馬英九,1531,data/raw/openfun/tw.gov.cec~txn~candidates-votes/1998/馬英九-village-votes-page-1.json,matched,exact-village-id
1998,松山區,富泰里,富泰里,陳水扁,1125,data/raw/openfun/tw.gov.cec~txn~candidates-votes/1998/陳水扁-village-votes-page-1.json,matched,exact-village-id
1998,松山區,富錦里,富錦里,馬英九,1873,data/raw/openfun/tw.gov.cec~txn~candidates-votes/1998/馬英九-village-votes-page-1.json,matched,exact-village-id
1998,松山區,富錦里,富錦里,陳水扁,1371,data/raw/openfun/tw.gov.cec~txn~candidates-votes/1998/陳水扁-village-votes-page-1.json,matched,exact-village-id
1998,松山區,復建里,復建里,馬英九,1225,data/raw/openfun/tw.gov.cec~txn~candidates-votes/1998/馬英九-village-votes-page-1.json,matched,exact-village-id
1998,松山區,復建里,復建里,陳水扁,953,data/raw/openfun/tw.gov.cec~txn~candidates-votes/1998/陳水扁-village-votes-page-1.json,matched,exact-village-id
1998,松山區,復盛里,復盛里,馬英九,2242,data/raw/openfun/tw.gov.cec~txn~candidates-votes/1998/馬英九-village-votes-page-1.json,matched,exact-village-id
1998,松山區,復盛里,復盛里,陳水扁,1713,data/raw/openfun/tw.gov.cec~txn~candidates-votes/1998/陳水扁-village-votes-page-1.json,matched,exact-village-id
1998,松山區,復勢里,復勢里,馬英九,1778,data/raw/openfun/tw.gov.cec~txn~candidates-votes/1998/馬英九-village-votes-page-1.json,matched,exact-village-id
1998,松山區,復勢里,復勢里,陳水扁,1903,data/raw/openfun/tw.gov.cec~txn~candidates-votes/1998/陳水扁-village-votes-page-1.json,matched,exact-village-id
1998,松山區,復源里,復源里,馬英九,1120,data/raw/openfun/tw.gov.cec~txn~candidates-votes/1998/馬英九-village-votes-page-1.json,matched,exact-village-id
1998,松山區,復源里,復源里,陳水扁,826,data/raw/openfun/tw.gov.cec~txn~candidates-votes/1998/陳水扁-village-votes-page-1.json,matched,exact-village-id
1998,松山區,敦化里,敦化里,馬英九,2092,data/raw/openfun/tw.gov.cec~txn~candidates-votes/1998/馬英九-village-votes-page-1.json,matched,exact-village-id
1998,松山區,敦化里,敦化里,陳水扁,2186,data/raw/openfun/tw.gov.cec~txn~candidates-votes/1998/陳水扁-village-votes-page-1.json,matched,exact-village-id
1998,松山區,新東里,新東里,馬英九,1540,data/raw/openfun/tw.gov.cec~txn~candidates-votes/1998/馬英九-village-votes-page-1.json,matched,exact-village-id
1998,松山區,新東里,新東里,陳水扁,1447,data/raw/openfun/tw.gov.cec~txn~candidates-votes/1998/陳水扁-village-votes-page-1.json,matched,exact-village-id
1998,松山區,新益里,新益里,馬英九,1487,data/raw/openfun/tw.gov.cec~txn~candidates-votes/1998/馬英九-village-votes-page-1.json,matched,exact-village-id
1998,松山區,新益里,新益里,陳水扁,1466,data/raw/openfun/tw.gov.cec~txn~candidates-votes/1998/陳水扁-village-votes-page-1.json,matched,exact-village-id
1998,松山區,新聚里,新聚里,馬英九,2195,data/raw/openfun/tw.gov.cec~txn~candidates-votes/1998/馬英九-village-votes-page-1.json,matched,exact-village-id
1998,松山區,新聚里,新聚里,陳水扁,2131,data/raw/openfun/tw.gov.cec~txn~candidates-votes/1998/陳水扁-village-votes-page-1.json,matched,exact-village-id
1998,松山區,慈祐里,慈祐里,馬英九,1509,data/raw/openfun/tw.gov.cec~txn~candidates-votes/1998/馬英九-village-votes-page-1.json,matched,exact-village-id
1998,松山區,慈祐里,慈祐里,陳水扁,2290,data/raw/openfun/tw.gov.cec~txn~candidates-votes/1998/陳水扁-village-votes-page-1.json,matched,exact-village-id
1998,松山區,福成里,福成里,馬英九,763,data/raw/openfun/tw.gov.cec~txn~candidates-votes/1998/馬英九-village-votes-page-1.json,matched,exact-village-id
1998,松山區,福成里,福成里,陳水扁,791,data/raw/openfun/tw.gov.cec~txn~candidates-votes/1998/陳水扁-village-votes-page-1.json,matched,exact-village-id
1998,松山區,精忠里,精忠里,馬英九,1497,data/raw/openfun/tw.gov.cec~txn~candidates-votes/1998/馬英九-village-votes-page-1.json,matched,exact-village-id
1998,松山區,精忠里,精忠里,陳水扁,1252,data/raw/openfun/tw.gov.cec~txn~candidates-votes/1998/陳水扁-village-votes-page-1.json,matched,exact-village-id
1998,松山區,龍田里,龍田里,馬英九,2392,data/raw/openfun/tw.gov.cec~txn~candidates-votes/1998/馬英九-village-votes-page-1.json,matched,exact-village-id
1998,松山區,龍田里,龍田里,陳水扁,964,data/raw/openfun/tw.gov.cec~txn~candidates-votes/1998/陳水扁-village-votes-page-1.json,matched,exact-village-id
1998,松山區,鵬程里,鵬程里,馬英九,2096,data/raw/openfun/tw.gov.cec~txn~candidates-votes/1998/馬英九-village-votes-page-1.json,matched,exact-village-id
1998,松山區,鵬程里,鵬程里,陳水扁,1071,data/raw/openfun/tw.gov.cec~txn~candidates-votes/1998/陳水扁-village-votes-page-1.json,matched,exact-village-id
1998,信義區,三張里,三張里,馬英九,3314,data/raw/openfun/tw.gov.cec~txn~candidates-votes/1998/馬英九-village-votes-page-1.json,matched,exact-village-id
1998,信義區,三張里,三張里,陳水扁,2316,data/raw/openfun/tw.gov.cec~txn~candidates-votes/1998/陳水扁-village-votes-page-1.json,matched,exact-village-id
1998,信義區,三犁里,三犁里,馬英九,1800,data/raw/openfun/tw.gov.cec~txn~candidates-votes/1998/馬英九-village-votes-page-1.json,matched,exact-village-id
1998,信義區,三犁里,三犁里,陳水扁,1189,data/raw/openfun/tw.gov.cec~txn~candidates-votes/1998/陳水扁-village-votes-page-1.json,matched,exact-village-id
1998,信義區,大仁里,大仁里,馬英九,2295,data/raw/openfun/tw.gov.cec~txn~candidates-votes/1998/馬英九-village-votes-page-1.json,matched,exact-village-id
1998,信義區,大仁里,大仁里,陳水扁,1507,data/raw/openfun/tw.gov.cec~txn~candidates-votes/1998/陳水扁-village-votes-page-1.json,matched,exact-village-id
1998,信義區,大道里,大道里,馬英九,2018,data/raw/openfun/tw.gov.cec~txn~candidates-votes/1998/馬英九-village-votes-page-1.json,matched,exact-village-id
1998,信義區,大道里,大道里,陳水扁,2129,data/raw/openfun/tw.gov.cec~txn~candidates-votes/1998/陳水扁-village-votes-page-1.json,matched,exact-village-id
1998,信義區,中行里,中行里,馬英九,2607,data/raw/openfun/tw.gov.cec~txn~candidates-votes/1998/馬英九-village-votes-page-1.json,matched,exact-village-id
1998,信義區,中行里,中行里,陳水扁,2430,data/raw/openfun/tw.gov.cec~txn~candidates-votes/1998/陳水扁-village-votes-page-1.json,matched,exact-village-id
1998,信義區,中坡里,中坡里,馬英九,1594,data/raw/openfun/tw.gov.cec~txn~candidates-votes/1998/馬英九-village-votes-page-1.json,matched,exact-village-id
1998,信義區,中坡里,中坡里,陳水扁,1418,data/raw/openfun/tw.gov.cec~txn~candidates-votes/1998/陳水扁-village-votes-page-1.json,matched,exact-village-id
1998,信義區,中興里,中興里,馬英九,912,data/raw/openfun/tw.gov.cec~txn~candidates-votes/1998/馬英九-village-votes-page-1.json,matched,exact-village-id
1998,信義區,中興里,中興里,陳水扁,686,data/raw/openfun/tw.gov.cec~txn~candidates-votes/1998/陳水扁-village-votes-page-1.json,matched,exact-village-id
1998,信義區,五全里,五全里,馬英九,1500,data/raw/openfun/tw.gov.cec~txn~candidates-votes/1998/馬英九-village-votes-page-1.json,matched,exact-village-id
1998,信義區,五全里,五全里,陳水扁,1841,data/raw/openfun/tw.gov.cec~txn~candidates-votes/1998/陳水扁-village-votes-page-1.json,matched,exact-village-id
1998,信義區,五常里,五常里,馬英九,1185,data/raw/openfun/tw.gov.cec~txn~candidates-votes/1998/馬英九-village-votes-page-1.json,matched,exact-village-id
1998,信義區,五常里,五常里,陳水扁,1178,data/raw/openfun/tw.gov.cec~txn~candidates-votes/1998/陳水扁-village-votes-page-1.json,matched,exact-village-id
1998,信義區,六合里,六合里,馬英九,2577,data/raw/openfun/tw.gov.cec~txn~candidates-votes/1998/馬英九-village-votes-page-1.json,matched,exact-village-id
1998,信義區,六合里,六合里,陳水扁,1371,data/raw/openfun/tw.gov.cec~txn~candidates-votes/1998/陳水扁-village-votes-page-1.json,matched,exact-village-id
1998,信義區,六藝里,六藝里,馬英九,1109,data/raw/openfun/tw.gov.cec~txn~candidates-votes/1998/馬英九-village-votes-page-1.json,matched,exact-village-id
1998,信義區,六藝里,六藝里,陳水扁,1143,data/raw/openfun/tw.gov.cec~txn~candidates-votes/1998/陳水扁-village-votes-page-1.json,matched,exact-village-id
1998,信義區,四育里,四育里,馬英九,1656,data/raw/openfun/tw.gov.cec~txn~candidates-votes/1998/馬英九-village-votes-page-1.json,matched,exact-village-id
1998,信義區,四育里,四育里,陳水扁,2015,data/raw/openfun/tw.gov.cec~txn~candidates-votes/1998/陳水扁-village-votes-page-1.json,matched,exact-village-id
1998,信義區,四維里,四維里,馬英九,2011,data/raw/openfun/tw.gov.cec~txn~candidates-votes/1998/馬英九-village-votes-page-1.json,matched,exact-village-id
1998,信義區,四維里,四維里,陳水扁,1589,data/raw/openfun/tw.gov.cec~txn~candidates-votes/1998/陳水扁-village-votes-page-1.json,matched,exact-village-id
1998,信義區,正和里,正和里,馬英九,1829,data/raw/openfun/tw.gov.cec~txn~candidates-votes/1998/馬英九-village-votes-page-1.json,matched,exact-village-id
1998,信義區,正和里,正和里,陳水扁,1119,data/raw/openfun/tw.gov.cec~txn~candidates-votes/1998/陳水扁-village-votes-page-1.json,matched,exact-village-id
1998,信義區,永吉里,永吉里,馬英九,1217,data/raw/openfun/tw.gov.cec~txn~candidates-votes/1998/馬英九-village-votes-page-1.json,matched,exact-village-id
1998,信義區,永吉里,永吉里,陳水扁,1812,data/raw/openfun/tw.gov.cec~txn~candidates-votes/1998/陳水扁-village-votes-page-1.json,matched,exact-village-id
1998,信義區,永春里,永春里,馬英九,1757,data/raw/openfun/tw.gov.cec~txn~candidates-votes/1998/馬英九-village-votes-page-1.json,matched,exact-village-id
1998,信義區,永春里,永春里,陳水扁,1823,data/raw/openfun/tw.gov.cec~txn~candidates-votes/1998/陳水扁-village-votes-page-1.json,matched,exact-village-id
1998,信義區,安康里,安康里,馬英九,2549,data/raw/openfun/tw.gov.cec~txn~candidates-votes/1998/馬英九-village-votes-page-1.json,matched,exact-village-id
1998,信義區,安康里,安康里,陳水扁,1994,data/raw/openfun/tw.gov.cec~txn~candidates-votes/1998/陳水扁-village-votes-page-1.json,matched,exact-village-id
1998,信義區,西村里,西村里,馬英九,2253,data/raw/openfun/tw.gov.cec~txn~candidates-votes/1998/馬英九-village-votes-page-1.json,matched,exact-village-id
1998,信義區,西村里,西村里,陳水扁,718,data/raw/openfun/tw.gov.cec~txn~candidates-votes/1998/陳水扁-village-votes-page-1.json,matched,exact-village-id
1998,信義區,松友里,松友里,馬英九,2271,data/raw/openfun/tw.gov.cec~txn~candidates-votes/1998/馬英九-village-votes-page-1.json,matched,exact-village-id
1998,信義區,松友里,松友里,陳水扁,1684,data/raw/openfun/tw.gov.cec~txn~candidates-votes/1998/陳水扁-village-votes-page-1.json,matched,exact-village-id
1998,信義區,松光里,松光里,馬英九,1783,data/raw/openfun/tw.gov.cec~txn~candidates-votes/1998/馬英九-village-votes-page-1.json,matched,exact-village-id
1998,信義區,松光里,松光里,陳水扁,1798,data/raw/openfun/tw.gov.cec~txn~candidates-votes/1998/陳水扁-village-votes-page-1.json,matched,exact-village-id
1998,信義區,松隆里,松隆里,馬英九,1106,data/raw/openfun/tw.gov.cec~txn~candidates-votes/1998/馬英九-village-votes-page-1.json,matched,exact-village-id
1998,信義區,松隆里,松隆里,陳水扁,720,data/raw/openfun/tw.gov.cec~txn~candidates-votes/1998/陳水扁-village-votes-page-1.json,matched,exact-village-id
1998,信義區,長春里,長春里,馬英九,1413,data/raw/openfun/tw.gov.cec~txn~candidates-votes/1998/馬英九-village-votes-page-1.json,matched,exact-village-id
1998,信義區,長春里,長春里,陳水扁,1521,data/raw/openfun/tw.gov.cec~txn~candidates-votes/1998/陳水扁-village-votes-page-1.json,matched,exact-village-id
1998,信義區,泰和里,泰和里,馬英九,2969,data/raw/openfun/tw.gov.cec~txn~candidates-votes/1998/馬英九-village-votes-page-1.json,matched,exact-village-id
1998,信義區,泰和里,泰和里,陳水扁,2119,data/raw/openfun/tw.gov.cec~txn~candidates-votes/1998/陳水扁-village-votes-page-1.json,matched,exact-village-id
1998,信義區,國業里,國業里,馬英九,2366,data/raw/openfun/tw.gov.cec~txn~candidates-votes/1998/馬英九-village-votes-page-1.json,matched,exact-village-id
1998,信義區,國業里,國業里,陳水扁,1817,data/raw/openfun/tw.gov.cec~txn~candidates-votes/1998/陳水扁-village-votes-page-1.json,matched,exact-village-id
1998,信義區,富台里,富台里,馬英九,1713,data/raw/openfun/tw.gov.cec~txn~candidates-votes/1998/馬英九-village-votes-page-1.json,matched,exact-village-id
1998,信義區,富台里,富台里,陳水扁,706,data/raw/openfun/tw.gov.cec~txn~candidates-votes/1998/陳水扁-village-votes-page-1.json,matched,exact-village-id
1998,信義區,惠安里,惠安里,馬英九,2691,data/raw/openfun/tw.gov.cec~txn~candidates-votes/1998/馬英九-village-votes-page-1.json,matched,exact-village-id
1998,信義區,惠安里,惠安里,陳水扁,1675,data/raw/openfun/tw.gov.cec~txn~candidates-votes/1998/陳水扁-village-votes-page-1.json,matched,exact-village-id
1998,信義區,敦厚里,敦厚里,馬英九,1571,data/raw/openfun/tw.gov.cec~txn~candidates-votes/1998/馬英九-village-votes-page-1.json,matched,exact-village-id
1998,信義區,敦厚里,敦厚里,陳水扁,1255,data/raw/openfun/tw.gov.cec~txn~candidates-votes/1998/陳水扁-village-votes-page-1.json,matched,exact-village-id
1998,信義區,景勤里,景勤里,馬英九,1887,data/raw/openfun/tw.gov.cec~txn~candidates-votes/1998/馬英九-village-votes-page-1.json,matched,exact-village-id
1998,信義區,景勤里,景勤里,陳水扁,1176,data/raw/openfun/tw.gov.cec~txn~candidates-votes/1998/陳水扁-village-votes-page-1.json,matched,exact-village-id
1998,信義區,景新里,景新里,馬英九,1977,data/raw/openfun/tw.gov.cec~txn~candidates-votes/1998/馬英九-village-votes-page-1.json,matched,exact-village-id
1998,信義區,景新里,景新里,陳水扁,1070,data/raw/openfun/tw.gov.cec~txn~candidates-votes/1998/陳水扁-village-votes-page-1.json,matched,exact-village-id
1998,信義區,景聯里,景聯里,馬英九,1689,data/raw/openfun/tw.gov.cec~txn~candidates-votes/1998/馬英九-village-votes-page-1.json,matched,exact-village-id
1998,信義區,景聯里,景聯里,陳水扁,1363,data/raw/openfun/tw.gov.cec~txn~candidates-votes/1998/陳水扁-village-votes-page-1.json,matched,exact-village-id
1998,信義區,雅祥里,雅祥里,馬英九,1425,data/raw/openfun/tw.gov.cec~txn~candidates-votes/1998/馬英九-village-votes-page-1.json,matched,exact-village-id
1998,信義區,雅祥里,雅祥里,陳水扁,1527,data/raw/openfun/tw.gov.cec~txn~candidates-votes/1998/陳水扁-village-votes-page-1.json,matched,exact-village-id
1998,信義區,新仁里,新仁里,馬英九,1673,data/raw/openfun/tw.gov.cec~txn~candidates-votes/1998/馬英九-village-votes-page-1.json,matched,exact-village-id
1998,信義區,新仁里,新仁里,陳水扁,841,data/raw/openfun/tw.gov.cec~txn~candidates-votes/1998/陳水扁-village-votes-page-1.json,matched,exact-village-id
1998,信義區,嘉興里,嘉興里,馬英九,1155,data/raw/openfun/tw.gov.cec~txn~candidates-votes/1998/馬英九-village-votes-page-1.json,matched,exact-village-id
1998,信義區,嘉興里,嘉興里,陳水扁,939,data/raw/openfun/tw.gov.cec~txn~candidates-votes/1998/陳水扁-village-votes-page-1.json,matched,exact-village-id
1998,信義區,廣居里,廣居里,馬英九,2248,data/raw/openfun/tw.gov.cec~txn~candidates-votes/1998/馬英九-village-votes-page-1.json,matched,exact-village-id
1998,信義區,廣居里,廣居里,陳水扁,1453,data/raw/openfun/tw.gov.cec~txn~candidates-votes/1998/陳水扁-village-votes-page-1.json,matched,exact-village-id
1998,信義區,黎平里,黎平里,馬英九,2469,data/raw/openfun/tw.gov.cec~txn~candidates-votes/1998/馬英九-village-votes-page-1.json,matched,exact-village-id
1998,信義區,黎平里,黎平里,陳水扁,1930,data/raw/openfun/tw.gov.cec~txn~candidates-votes/1998/陳水扁-village-votes-page-1.json,matched,exact-village-id
1998,信義區,黎安里,黎安里,馬英九,1554,data/raw/openfun/tw.gov.cec~txn~candidates-votes/1998/馬英九-village-votes-page-1.json,matched,exact-village-id
1998,信義區,黎安里,黎安里,陳水扁,353,data/raw/openfun/tw.gov.cec~txn~candidates-votes/1998/陳水扁-village-votes-page-1.json,matched,exact-village-id
1998,信義區,黎忠里,黎忠里,馬英九,1674,data/raw/openfun/tw.gov.cec~txn~candidates-votes/1998/馬英九-village-votes-page-1.json,matched,exact-village-id
1998,信義區,黎忠里,黎忠里,陳水扁,1384,data/raw/openfun/tw.gov.cec~txn~candidates-votes/1998/陳水扁-village-votes-page-1.json,matched,exact-village-id
1998,信義區,黎順里,黎順里,馬英九,1621,data/raw/openfun/tw.gov.cec~txn~candidates-votes/1998/馬英九-village-votes-page-1.json,matched,exact-village-id
1998,信義區,黎順里,黎順里,陳水扁,1100,data/raw/openfun/tw.gov.cec~txn~candidates-votes/1998/陳水扁-village-votes-page-1.json,matched,exact-village-id
1998,信義區,興隆里,興隆里,馬英九,1151,data/raw/openfun/tw.gov.cec~txn~candidates-votes/1998/馬英九-village-votes-page-1.json,matched,exact-village-id
1998,信義區,興隆里,興隆里,陳水扁,682,data/raw/openfun/tw.gov.cec~txn~candidates-votes/1998/陳水扁-village-votes-page-1.json,matched,exact-village-id
1998,信義區,興雅里,興雅里,馬英九,2046,data/raw/openfun/tw.gov.cec~txn~candidates-votes/1998/馬英九-village-votes-page-1.json,matched,exact-village-id
1998,信義區,興雅里,興雅里,陳水扁,1706,data/raw/openfun/tw.gov.cec~txn~candidates-votes/1998/陳水扁-village-votes-page-1.json,matched,exact-village-id
1998,信義區,雙和里,雙和里,馬英九,2501,data/raw/openfun/tw.gov.cec~txn~candidates-votes/1998/馬英九-village-votes-page-1.json,matched,exact-village-id
1998,信義區,雙和里,雙和里,陳水扁,1747,data/raw/openfun/tw.gov.cec~txn~candidates-votes/1998/陳水扁-village-votes-page-1.json,matched,exact-village-id
1998,南港區,九如里,九如里,馬英九,2343,data/raw/openfun/tw.gov.cec~txn~candidates-votes/1998/馬英九-village-votes-page-2.json,matched,exact-village-id
1998,南港區,九如里,九如里,陳水扁,1415,data/raw/openfun/tw.gov.cec~txn~candidates-votes/1998/陳水扁-village-votes-page-2.json,matched,exact-village-id
1998,南港區,三重里,三重里,馬英九,1104,data/raw/openfun/tw.gov.cec~txn~candidates-votes/1998/馬英九-village-votes-page-2.json,matched,exact-village-id
1998,南港區,三重里,三重里,陳水扁,1133,data/raw/openfun/tw.gov.cec~txn~candidates-votes/1998/陳水扁-village-votes-page-2.json,matched,exact-village-id
1998,南港區,中南里,中南里,馬英九,1251,data/raw/openfun/tw.gov.cec~txn~candidates-votes/1998/馬英九-village-votes-page-2.json,matched,exact-village-id
1998,南港區,中南里,中南里,陳水扁,1431,data/raw/openfun/tw.gov.cec~txn~candidates-votes/1998/陳水扁-village-votes-page-2.json,matched,exact-village-id
1998,南港區,中研里,中研里,馬英九,3021,data/raw/openfun/tw.gov.cec~txn~candidates-votes/1998/馬英九-village-votes-page-2.json,matched,exact-village-id
1998,南港區,中研里,中研里,陳水扁,2650,data/raw/openfun/tw.gov.cec~txn~candidates-votes/1998/陳水扁-village-votes-page-2.json,matched,exact-village-id
1998,南港區,玉成里,玉成里,馬英九,1459,data/raw/openfun/tw.gov.cec~txn~candidates-votes/1998/馬英九-village-votes-page-2.json,matched,exact-village-id
1998,南港區,玉成里,玉成里,陳水扁,1571,data/raw/openfun/tw.gov.cec~txn~candidates-votes/1998/陳水扁-village-votes-page-2.json,matched,exact-village-id
1998,南港區,合成里,合成里,馬英九,1959,data/raw/openfun/tw.gov.cec~txn~candidates-votes/1998/馬英九-village-votes-page-2.json,matched,exact-village-id
1998,南港區,合成里,合成里,陳水扁,1966,data/raw/openfun/tw.gov.cec~txn~candidates-votes/1998/陳水扁-village-votes-page-2.json,matched,exact-village-id
1998,南港區,成福里,成福里,馬英九,2895,data/raw/openfun/tw.gov.cec~txn~candidates-votes/1998/馬英九-village-votes-page-2.json,matched,exact-village-id
1998,南港區,成福里,成福里,陳水扁,2151,data/raw/openfun/tw.gov.cec~txn~candidates-votes/1998/陳水扁-village-votes-page-2.json,matched,exact-village-id
1998,南港區,百福里,百福里,馬英九,1606,data/raw/openfun/tw.gov.cec~txn~candidates-votes/1998/馬英九-village-votes-page-2.json,matched,exact-village-id
1998,南港區,百福里,百福里,陳水扁,1640,data/raw/openfun/tw.gov.cec~txn~candidates-votes/1998/陳水扁-village-votes-page-2.json,matched,exact-village-id
1998,南港區,西新里,西新里,馬英九,1179,data/raw/openfun/tw.gov.cec~txn~candidates-votes/1998/馬英九-village-votes-page-2.json,matched,exact-village-id
1998,南港區,西新里,西新里,陳水扁,1662,data/raw/openfun/tw.gov.cec~txn~candidates-votes/1998/陳水扁-village-votes-page-2.json,matched,exact-village-id
1998,南港區,東明里,東明里,馬英九,1581,data/raw/openfun/tw.gov.cec~txn~candidates-votes/1998/馬英九-village-votes-page-2.json,matched,exact-village-id
1998,南港區,東明里,東明里,陳水扁,1211,data/raw/openfun/tw.gov.cec~txn~candidates-votes/1998/陳水扁-village-votes-page-2.json,matched,exact-village-id
1998,南港區,東新里,東新里,馬英九,2214,data/raw/openfun/tw.gov.cec~txn~candidates-votes/1998/馬英九-village-votes-page-2.json,matched,exact-village-id
1998,南港區,東新里,東新里,陳水扁,2031,data/raw/openfun/tw.gov.cec~txn~candidates-votes/1998/陳水扁-village-votes-page-2.json,matched,exact-village-id
1998,南港區,南港里,南港里,馬英九,1639,data/raw/openfun/tw.gov.cec~txn~candidates-votes/1998/馬英九-village-votes-page-2.json,matched,exact-village-id
1998,南港區,南港里,南港里,陳水扁,1866,data/raw/openfun/tw.gov.cec~txn~candidates-votes/1998/陳水扁-village-votes-page-2.json,matched,exact-village-id
1998,南港區,新光里,新光里,馬英九,1661,data/raw/openfun/tw.gov.cec~txn~candidates-votes/1998/馬英九-village-votes-page-2.json,matched,exact-village-id
1998,南港區,新光里,新光里,陳水扁,1055,data/raw/openfun/tw.gov.cec~txn~candidates-votes/1998/陳水扁-village-votes-page-2.json,matched,exact-village-id
1998,南港區,新富里,新富里,馬英九,1274,data/raw/openfun/tw.gov.cec~txn~candidates-votes/1998/馬英九-village-votes-page-2.json,matched,exact-village-id
1998,南港區,新富里,新富里,陳水扁,1434,data/raw/openfun/tw.gov.cec~txn~candidates-votes/1998/陳水扁-village-votes-page-2.json,matched,exact-village-id
1998,南港區,萬福里,萬福里,馬英九,1598,data/raw/openfun/tw.gov.cec~txn~candidates-votes/1998/馬英九-village-votes-page-2.json,matched,exact-village-id
1998,南港區,萬福里,萬福里,陳水扁,1135,data/raw/openfun/tw.gov.cec~txn~candidates-votes/1998/陳水扁-village-votes-page-2.json,matched,exact-village-id
1998,南港區,聯成里,聯成里,馬英九,1848,data/raw/openfun/tw.gov.cec~txn~candidates-votes/1998/馬英九-village-votes-page-2.json,matched,exact-village-id
1998,南港區,聯成里,聯成里,陳水扁,1484,data/raw/openfun/tw.gov.cec~txn~candidates-votes/1998/陳水扁-village-votes-page-2.json,matched,exact-village-id
1998,南港區,鴻福里,鴻福里,馬英九,1480,data/raw/openfun/tw.gov.cec~txn~candidates-votes/1998/馬英九-village-votes-page-2.json,matched,exact-village-id
1998,南港區,鴻福里,鴻福里,陳水扁,1493,data/raw/openfun/tw.gov.cec~txn~candidates-votes/1998/陳水扁-village-votes-page-2.json,matched,exact-village-id
1998,南港區,舊莊里,舊莊里,馬英九,2539,data/raw/openfun/tw.gov.cec~txn~candidates-votes/1998/馬英九-village-votes-page-2.json,matched,exact-village-id
1998,南港區,舊莊里,舊莊里,陳水扁,2400,data/raw/openfun/tw.gov.cec~txn~candidates-votes/1998/陳水扁-village-votes-page-2.json,matched,exact-village-id
1998,萬華區,仁德里,仁德里,馬英九,1322,data/raw/openfun/tw.gov.cec~txn~candidates-votes/1998/馬英九-village-votes-page-2.json,matched,exact-village-id
1998,萬華區,仁德里,仁德里,陳水扁,1609,data/raw/openfun/tw.gov.cec~txn~candidates-votes/1998/陳水扁-village-votes-page-2.json,matched,exact-village-id
1998,萬華區,日祥里,日祥里,馬英九,2176,data/raw/openfun/tw.gov.cec~txn~candidates-votes/1998/馬英九-village-votes-page-2.json,matched,exact-village-id
1998,萬華區,日祥里,日祥里,陳水扁,1186,data/raw/openfun/tw.gov.cec~txn~candidates-votes/1998/陳水扁-village-votes-page-2.json,matched,exact-village-id
1998,萬華區,日善里,日善里,馬英九,1147,data/raw/openfun/tw.gov.cec~txn~candidates-votes/1998/馬英九-village-votes-page-2.json,matched,exact-village-id
1998,萬華區,日善里,日善里,陳水扁,1435,data/raw/openfun/tw.gov.cec~txn~candidates-votes/1998/陳水扁-village-votes-page-2.json,matched,exact-village-id
1998,萬華區,全德里,全德里,馬英九,1117,data/raw/openfun/tw.gov.cec~txn~candidates-votes/1998/馬英九-village-votes-page-2.json,matched,exact-village-id
1998,萬華區,全德里,全德里,陳水扁,1413,data/raw/openfun/tw.gov.cec~txn~candidates-votes/1998/陳水扁-village-votes-page-2.json,matched,exact-village-id
1998,萬華區,西門里,西門里,馬英九,1169,data/raw/openfun/tw.gov.cec~txn~candidates-votes/1998/馬英九-village-votes-page-2.json,matched,exact-village-id
1998,萬華區,西門里,西門里,陳水扁,924,data/raw/openfun/tw.gov.cec~txn~candidates-votes/1998/陳水扁-village-votes-page-2.json,matched,exact-village-id
1998,萬華區,孝德里,孝德里,馬英九,803,data/raw/openfun/tw.gov.cec~txn~candidates-votes/1998/馬英九-village-votes-page-2.json,matched,exact-village-id
1998,萬華區,孝德里,孝德里,陳水扁,1350,data/raw/openfun/tw.gov.cec~txn~candidates-votes/1998/陳水扁-village-votes-page-2.json,matched,exact-village-id
1998,萬華區,和平里,和平里,馬英九,1819,data/raw/openfun/tw.gov.cec~txn~candidates-votes/1998/馬英九-village-votes-page-2.json,matched,exact-village-id
1998,萬華區,和平里,和平里,陳水扁,3005,data/raw/openfun/tw.gov.cec~txn~candidates-votes/1998/陳水扁-village-votes-page-2.json,matched,exact-village-id
1998,萬華區,和德里,和德里,馬英九,1910,data/raw/openfun/tw.gov.cec~txn~candidates-votes/1998/馬英九-village-votes-page-2.json,matched,exact-village-id
1998,萬華區,和德里,和德里,陳水扁,2642,data/raw/openfun/tw.gov.cec~txn~candidates-votes/1998/陳水扁-village-votes-page-2.json,matched,exact-village-id
1998,萬華區,忠貞里,忠貞里,馬英九,2379,data/raw/openfun/tw.gov.cec~txn~candidates-votes/1998/馬英九-village-votes-page-2.json,matched,exact-village-id
1998,萬華區,忠貞里,忠貞里,陳水扁,1079,data/raw/openfun/tw.gov.cec~txn~candidates-votes/1998/陳水扁-village-votes-page-2.json,matched,exact-village-id
1998,萬華區,忠德里,忠德里,馬英九,1187,data/raw/openfun/tw.gov.cec~txn~candidates-votes/1998/馬英九-village-votes-page-2.json,matched,exact-village-id
1998,萬華區,忠德里,忠德里,陳水扁,1726,data/raw/openfun/tw.gov.cec~txn~candidates-votes/1998/陳水扁-village-votes-page-2.json,matched,exact-village-id
1998,萬華區,青山里,青山里,馬英九,1492,data/raw/openfun/tw.gov.cec~txn~candidates-votes/1998/馬英九-village-votes-page-2.json,matched,exact-village-id
1998,萬華區,青山里,青山里,陳水扁,1844,data/raw/openfun/tw.gov.cec~txn~candidates-votes/1998/陳水扁-village-votes-page-2.json,matched,exact-village-id
1998,萬華區,保德里,保德里,馬英九,921,data/raw/openfun/tw.gov.cec~txn~candidates-votes/1998/馬英九-village-votes-page-2.json,matched,exact-village-id
1998,萬華區,保德里,保德里,陳水扁,1119,data/raw/openfun/tw.gov.cec~txn~candidates-votes/1998/陳水扁-village-votes-page-2.json,matched,exact-village-id
1998,萬華區,柳鄉里,柳鄉里,馬英九,1531,data/raw/openfun/tw.gov.cec~txn~candidates-votes/1998/馬英九-village-votes-page-2.json,matched,exact-village-id
1998,萬華區,柳鄉里,柳鄉里,陳水扁,2125,data/raw/openfun/tw.gov.cec~txn~candidates-votes/1998/陳水扁-village-votes-page-2.json,matched,exact-village-id
1998,萬華區,凌霄里,凌霄里,馬英九,1877,data/raw/openfun/tw.gov.cec~txn~candidates-votes/1998/馬英九-village-votes-page-2.json,matched,exact-village-id
1998,萬華區,凌霄里,凌霄里,陳水扁,968,data/raw/openfun/tw.gov.cec~txn~candidates-votes/1998/陳水扁-village-votes-page-2.json,matched,exact-village-id
1998,萬華區,頂碩里,頂碩里,馬英九,2077,data/raw/openfun/tw.gov.cec~txn~candidates-votes/1998/馬英九-village-votes-page-2.json,matched,exact-village-id
1998,萬華區,頂碩里,頂碩里,陳水扁,3349,data/raw/openfun/tw.gov.cec~txn~candidates-votes/1998/陳水扁-village-votes-page-2.json,matched,exact-village-id
1998,萬華區,富民里,富民里,馬英九,1341,data/raw/openfun/tw.gov.cec~txn~candidates-votes/1998/馬英九-village-votes-page-2.json,matched,exact-village-id
1998,萬華區,富民里,富民里,陳水扁,1952,data/raw/openfun/tw.gov.cec~txn~candidates-votes/1998/陳水扁-village-votes-page-2.json,matched,exact-village-id
1998,萬華區,富福里,富福里,馬英九,1324,data/raw/openfun/tw.gov.cec~txn~candidates-votes/1998/馬英九-village-votes-page-2.json,matched,exact-village-id
1998,萬華區,富福里,富福里,陳水扁,1847,data/raw/openfun/tw.gov.cec~txn~candidates-votes/1998/陳水扁-village-votes-page-2.json,matched,exact-village-id
1998,萬華區,菜園里,菜園里,馬英九,1633,data/raw/openfun/tw.gov.cec~txn~candidates-votes/1998/馬英九-village-votes-page-2.json,matched,exact-village-id
1998,萬華區,菜園里,菜園里,陳水扁,1974,data/raw/openfun/tw.gov.cec~txn~candidates-votes/1998/陳水扁-village-votes-page-2.json,matched,exact-village-id
1998,萬華區,華中里,華中里,馬英九,1811,data/raw/openfun/tw.gov.cec~txn~candidates-votes/1998/馬英九-village-votes-page-2.json,matched,exact-village-id
1998,萬華區,華中里,華中里,陳水扁,2429,data/raw/openfun/tw.gov.cec~txn~candidates-votes/1998/陳水扁-village-votes-page-2.json,matched,exact-village-id
1998,萬華區,華江里,華江里,馬英九,2460,data/raw/openfun/tw.gov.cec~txn~candidates-votes/1998/馬英九-village-votes-page-2.json,matched,exact-village-id
1998,萬華區,華江里,華江里,陳水扁,3097,data/raw/openfun/tw.gov.cec~txn~candidates-votes/1998/陳水扁-village-votes-page-2.json,matched,exact-village-id
1998,萬華區,新安里,新安里,馬英九,2689,data/raw/openfun/tw.gov.cec~txn~candidates-votes/1998/馬英九-village-votes-page-2.json,matched,exact-village-id
1998,萬華區,新安里,新安里,陳水扁,1631,data/raw/openfun/tw.gov.cec~txn~candidates-votes/1998/陳水扁-village-votes-page-2.json,matched,exact-village-id
1998,萬華區,新和里,新和里,馬英九,4263,data/raw/openfun/tw.gov.cec~txn~candidates-votes/1998/馬英九-village-votes-page-2.json,matched,exact-village-id
1998,萬華區,新和里,新和里,陳水扁,1380,data/raw/openfun/tw.gov.cec~txn~candidates-votes/1998/陳水扁-village-votes-page-2.json,matched,exact-village-id
1998,萬華區,新忠里,新忠里,馬英九,2073,data/raw/openfun/tw.gov.cec~txn~candidates-votes/1998/馬英九-village-votes-page-2.json,matched,exact-village-id
1998,萬華區,新忠里,新忠里,陳水扁,519,data/raw/openfun/tw.gov.cec~txn~candidates-votes/1998/陳水扁-village-votes-page-2.json,matched,exact-village-id
1998,萬華區,新起里,新起里,馬英九,2313,data/raw/openfun/tw.gov.cec~txn~candidates-votes/1998/馬英九-village-votes-page-2.json,matched,exact-village-id
1998,萬華區,新起里,新起里,陳水扁,2088,data/raw/openfun/tw.gov.cec~txn~candidates-votes/1998/陳水扁-village-votes-page-2.json,matched,exact-village-id
1998,萬華區,萬壽里,萬壽里,馬英九,919,data/raw/openfun/tw.gov.cec~txn~candidates-votes/1998/馬英九-village-votes-page-2.json,matched,exact-village-id
1998,萬華區,萬壽里,萬壽里,陳水扁,894,data/raw/openfun/tw.gov.cec~txn~candidates-votes/1998/陳水扁-village-votes-page-2.json,matched,exact-village-id
1998,萬華區,壽德里,壽德里,馬英九,1533,data/raw/openfun/tw.gov.cec~txn~candidates-votes/1998/馬英九-village-votes-page-2.json,matched,exact-village-id
1998,萬華區,壽德里,壽德里,陳水扁,1752,data/raw/openfun/tw.gov.cec~txn~candidates-votes/1998/陳水扁-village-votes-page-2.json,matched,exact-village-id
1998,萬華區,榮德里,榮德里,馬英九,1234,data/raw/openfun/tw.gov.cec~txn~candidates-votes/1998/馬英九-village-votes-page-2.json,matched,exact-village-id
1998,萬華區,榮德里,榮德里,陳水扁,1543,data/raw/openfun/tw.gov.cec~txn~candidates-votes/1998/陳水扁-village-votes-page-2.json,matched,exact-village-id
1998,萬華區,福星里,福星里,馬英九,1522,data/raw/openfun/tw.gov.cec~txn~candidates-votes/1998/馬英九-village-votes-page-2.json,matched,exact-village-id
1998,萬華區,福星里,福星里,陳水扁,1423,data/raw/openfun/tw.gov.cec~txn~candidates-votes/1998/陳水扁-village-votes-page-2.json,matched,exact-village-id
1998,萬華區,福音里,福音里,馬英九,1154,data/raw/openfun/tw.gov.cec~txn~candidates-votes/1998/馬英九-village-votes-page-2.json,matched,exact-village-id
1998,萬華區,福音里,福音里,陳水扁,1388,data/raw/openfun/tw.gov.cec~txn~candidates-votes/1998/陳水扁-village-votes-page-2.json,matched,exact-village-id
1998,萬華區,綠堤里,綠堤里,馬英九,1804,data/raw/openfun/tw.gov.cec~txn~candidates-votes/1998/馬英九-village-votes-page-2.json,matched,exact-village-id
1998,萬華區,綠堤里,綠堤里,陳水扁,1989,data/raw/openfun/tw.gov.cec~txn~candidates-votes/1998/陳水扁-village-votes-page-2.json,matched,exact-village-id
1998,萬華區,銘德里,銘德里,馬英九,1403,data/raw/openfun/tw.gov.cec~txn~candidates-votes/1998/馬英九-village-votes-page-2.json,matched,exact-village-id
1998,萬華區,銘德里,銘德里,陳水扁,1784,data/raw/openfun/tw.gov.cec~txn~candidates-votes/1998/陳水扁-village-votes-page-2.json,matched,exact-village-id
1998,萬華區,糖廍里,糖廍里,馬英九,1278,data/raw/openfun/tw.gov.cec~txn~candidates-votes/1998/馬英九-village-votes-page-2.json,matched,exact-village-id
1998,萬華區,糖廍里,糖廍里,陳水扁,1537,data/raw/openfun/tw.gov.cec~txn~candidates-votes/1998/陳水扁-village-votes-page-2.json,matched,exact-village-id
1998,萬華區,興德里,興德里,馬英九,1328,data/raw/openfun/tw.gov.cec~txn~candidates-votes/1998/馬英九-village-votes-page-2.json,matched,exact-village-id
1998,萬華區,興德里,興德里,陳水扁,1754,data/raw/openfun/tw.gov.cec~txn~candidates-votes/1998/陳水扁-village-votes-page-2.json,matched,exact-village-id
1998,萬華區,錦德里,錦德里,馬英九,1604,data/raw/openfun/tw.gov.cec~txn~candidates-votes/1998/馬英九-village-votes-page-2.json,matched,exact-village-id
1998,萬華區,錦德里,錦德里,陳水扁,1911,data/raw/openfun/tw.gov.cec~txn~candidates-votes/1998/陳水扁-village-votes-page-2.json,matched,exact-village-id
1998,萬華區,雙園里,雙園里,馬英九,1396,data/raw/openfun/tw.gov.cec~txn~candidates-votes/1998/馬英九-village-votes-page-2.json,matched,exact-village-id
1998,萬華區,雙園里,雙園里,陳水扁,1868,data/raw/openfun/tw.gov.cec~txn~candidates-votes/1998/陳水扁-village-votes-page-2.json,matched,exact-village-id
1998,萬華區,騰雲里,騰雲里,馬英九,1215,data/raw/openfun/tw.gov.cec~txn~candidates-votes/1998/馬英九-village-votes-page-2.json,matched,exact-village-id
1998,萬華區,騰雲里,騰雲里,陳水扁,754,data/raw/openfun/tw.gov.cec~txn~candidates-votes/1998/陳水扁-village-votes-page-2.json,matched,exact-village-id
2002,士林區,三玉里,三玉里,李應元,1254,data/raw/openfun/tw.gov.cec~txn~candidates-votes/2002/李應元-village-votes-page-2.json,matched,exact-district-li-name
2002,士林區,三玉里,三玉里,馬英九,1872,data/raw/openfun/tw.gov.cec~txn~candidates-votes/2002/馬英九-village-votes-page-2.json,matched,exact-district-li-name
2002,士林區,仁勇里,仁勇里,李應元,1217,data/raw/openfun/tw.gov.cec~txn~candidates-votes/2002/李應元-village-votes-page-1.json,matched,exact-district-li-name
2002,士林區,仁勇里,仁勇里,馬英九,1426,data/raw/openfun/tw.gov.cec~txn~candidates-votes/2002/馬英九-village-votes-page-1.json,matched,exact-district-li-name
2002,士林區,公館里,公館里,李應元,474,data/raw/openfun/tw.gov.cec~txn~candidates-votes/2002/李應元-village-votes-page-2.json,matched,exact-district-li-name
2002,士林區,公館里,公館里,馬英九,399,data/raw/openfun/tw.gov.cec~txn~candidates-votes/2002/馬英九-village-votes-page-2.json,matched,exact-district-li-name
2002,士林區,天山里,天山里,李應元,1412,data/raw/openfun/tw.gov.cec~txn~candidates-votes/2002/李應元-village-votes-page-2.json,matched,exact-district-li-name
2002,士林區,天山里,天山里,馬英九,2199,data/raw/openfun/tw.gov.cec~txn~candidates-votes/2002/馬英九-village-votes-page-2.json,matched,exact-district-li-name
2002,士林區,天母里,天母里,李應元,1313,data/raw/openfun/tw.gov.cec~txn~candidates-votes/2002/李應元-village-votes-page-2.json,matched,exact-district-li-name
2002,士林區,天母里,天母里,馬英九,2280,data/raw/openfun/tw.gov.cec~txn~candidates-votes/2002/馬英九-village-votes-page-2.json,matched,exact-district-li-name
2002,士林區,天玉里,天玉里,李應元,1663,data/raw/openfun/tw.gov.cec~txn~candidates-votes/2002/李應元-village-votes-page-2.json,matched,exact-district-li-name
2002,士林區,天玉里,天玉里,馬英九,2831,data/raw/openfun/tw.gov.cec~txn~candidates-votes/2002/馬英九-village-votes-page-2.json,matched,exact-district-li-name
2002,士林區,天和里,天和里,李應元,1488,data/raw/openfun/tw.gov.cec~txn~candidates-votes/2002/李應元-village-votes-page-2.json,matched,exact-district-li-name
2002,士林區,天和里,天和里,馬英九,2522,data/raw/openfun/tw.gov.cec~txn~candidates-votes/2002/馬英九-village-votes-page-2.json,matched,exact-district-li-name
2002,士林區,天祿里,天祿里,李應元,1198,data/raw/openfun/tw.gov.cec~txn~candidates-votes/2002/李應元-village-votes-page-2.json,matched,exact-district-li-name
2002,士林區,天祿里,天祿里,馬英九,1721,data/raw/openfun/tw.gov.cec~txn~candidates-votes/2002/馬英九-village-votes-page-2.json,matched,exact-district-li-name
2002,士林區,天壽里,天壽里,李應元,1018,data/raw/openfun/tw.gov.cec~txn~candidates-votes/2002/李應元-village-votes-page-2.json,matched,exact-district-li-name
2002,士林區,天壽里,天壽里,馬英九,1576,data/raw/openfun/tw.gov.cec~txn~candidates-votes/2002/馬英九-village-votes-page-2.json,matched,exact-district-li-name
2002,士林區,天福里,天福里,李應元,1284,data/raw/openfun/tw.gov.cec~txn~candidates-votes/2002/李應元-village-votes-page-2.json,matched,exact-district-li-name
2002,士林區,天福里,天福里,馬英九,2189,data/raw/openfun/tw.gov.cec~txn~candidates-votes/2002/馬英九-village-votes-page-2.json,matched,exact-district-li-name
2002,士林區,平等里,平等里,李應元,590,data/raw/openfun/tw.gov.cec~txn~candidates-votes/2002/李應元-village-votes-page-2.json,matched,exact-district-li-name
2002,士林區,平等里,平等里,馬英九,331,data/raw/openfun/tw.gov.cec~txn~candidates-votes/2002/馬英九-village-votes-page-2.json,matched,exact-district-li-name
2002,士林區,永倫里,永倫里,李應元,2132,data/raw/openfun/tw.gov.cec~txn~candidates-votes/2002/李應元-village-votes-page-1.json,matched,exact-district-li-name
2002,士林區,永倫里,永倫里,馬英九,2052,data/raw/openfun/tw.gov.cec~txn~candidates-votes/2002/馬英九-village-votes-page-1.json,matched,exact-district-li-name
2002,士林區,永福里,永福里,李應元,416,data/raw/openfun/tw.gov.cec~txn~candidates-votes/2002/李應元-village-votes-page-2.json,matched,exact-district-li-name
2002,士林區,永福里,永福里,馬英九,351,data/raw/openfun/tw.gov.cec~txn~candidates-votes/2002/馬英九-village-votes-page-2.json,matched,exact-district-li-name
2002,士林區,名山里,名山里,李應元,1485,data/raw/openfun/tw.gov.cec~txn~candidates-votes/2002/李應元-village-votes-page-1.json,matched,exact-district-li-name
2002,士林區,名山里,名山里,馬英九,2562,data/raw/openfun/tw.gov.cec~txn~candidates-votes/2002/馬英九-village-votes-page-1.json,matched,exact-district-li-name
2002,士林區,百齡里,百齡里,李應元,1877,data/raw/openfun/tw.gov.cec~txn~candidates-votes/2002/李應元-village-votes-page-1.json,matched,exact-district-li-name
2002,士林區,百齡里,百齡里,馬英九,2215,data/raw/openfun/tw.gov.cec~txn~candidates-votes/2002/馬英九-village-votes-page-1.json,matched,exact-district-li-name
2002,士林區,岩山里,岩山里,李應元,645,data/raw/openfun/tw.gov.cec~txn~candidates-votes/2002/李應元-village-votes-page-1.json,matched,exact-district-li-name
2002,士林區,岩山里,岩山里,馬英九,1447,data/raw/openfun/tw.gov.cec~txn~candidates-votes/2002/馬英九-village-votes-page-1.json,matched,exact-district-li-name
2002,士林區,忠誠里,忠誠里,李應元,817,data/raw/openfun/tw.gov.cec~txn~candidates-votes/2002/李應元-village-votes-page-2.json,matched,exact-district-li-name
2002,士林區,忠誠里,忠誠里,馬英九,2496,data/raw/openfun/tw.gov.cec~txn~candidates-votes/2002/馬英九-village-votes-page-2.json,matched,exact-district-li-name
2002,士林區,承德里,承德里,李應元,1201,data/raw/openfun/tw.gov.cec~txn~candidates-votes/2002/李應元-village-votes-page-1.json,matched,exact-district-li-name
2002,士林區,承德里,承德里,馬英九,1783,data/raw/openfun/tw.gov.cec~txn~candidates-votes/2002/馬英九-village-votes-page-1.json,matched,exact-district-li-name
2002,士林區,明勝里,明勝里,李應元,1296,data/raw/openfun/tw.gov.cec~txn~candidates-votes/2002/李應元-village-votes-page-1.json,matched,exact-district-li-name
2002,士林區,明勝里,明勝里,馬英九,1488,data/raw/openfun/tw.gov.cec~txn~candidates-votes/2002/馬英九-village-votes-page-1.json,matched,exact-district-li-name
2002,士林區,東山里,東山里,李應元,799,data/raw/openfun/tw.gov.cec~txn~candidates-votes/2002/李應元-village-votes-page-2.json,matched,exact-district-li-name
2002,士林區,東山里,東山里,馬英九,2000,data/raw/openfun/tw.gov.cec~txn~candidates-votes/2002/馬英九-village-votes-page-2.json,matched,exact-district-li-name
2002,士林區,社子里,社子里,李應元,1674,data/raw/openfun/tw.gov.cec~txn~candidates-votes/2002/李應元-village-votes-page-1.json,matched,exact-district-li-name
2002,士林區,社子里,社子里,馬英九,1814,data/raw/openfun/tw.gov.cec~txn~candidates-votes/2002/馬英九-village-votes-page-1.json,matched,exact-district-li-name
2002,士林區,社園里,社園里,李應元,2048,data/raw/openfun/tw.gov.cec~txn~candidates-votes/2002/李應元-village-votes-page-1.json,matched,exact-district-li-name
2002,士林區,社園里,社園里,馬英九,2008,data/raw/openfun/tw.gov.cec~txn~candidates-votes/2002/馬英九-village-votes-page-1.json,matched,exact-district-li-name
2002,士林區,社新里,社新里,李應元,2284,data/raw/openfun/tw.gov.cec~txn~candidates-votes/2002/李應元-village-votes-page-1.json,matched,exact-district-li-name
2002,士林區,社新里,社新里,馬英九,2336,data/raw/openfun/tw.gov.cec~txn~candidates-votes/2002/馬英九-village-votes-page-1.json,matched,exact-district-li-name
2002,士林區,芝山里,芝山里,李應元,1439,data/raw/openfun/tw.gov.cec~txn~candidates-votes/2002/李應元-village-votes-page-2.json,matched,exact-district-li-name
2002,士林區,芝山里,芝山里,馬英九,2522,data/raw/openfun/tw.gov.cec~txn~candidates-votes/2002/馬英九-village-votes-page-2.json,matched,exact-district-li-name
2002,士林區,前港里,前港里,李應元,1195,data/raw/openfun/tw.gov.cec~txn~candidates-votes/2002/李應元-village-votes-page-1.json,matched,exact-district-li-name
2002,士林區,前港里,前港里,馬英九,1332,data/raw/openfun/tw.gov.cec~txn~candidates-votes/2002/馬英九-village-votes-page-1.json,matched,exact-district-li-name
2002,士林區,後港里,後港里,李應元,2100,data/raw/openfun/tw.gov.cec~txn~candidates-votes/2002/李應元-village-votes-page-1.json,matched,exact-district-li-name
2002,士林區,後港里,後港里,馬英九,2289,data/raw/openfun/tw.gov.cec~txn~candidates-votes/2002/馬英九-village-votes-page-1.json,matched,exact-district-li-name
2002,士林區,富光里,富光里,李應元,1635,data/raw/openfun/tw.gov.cec~txn~candidates-votes/2002/李應元-village-votes-page-1.json,matched,exact-district-li-name
2002,士林區,富光里,富光里,馬英九,1691,data/raw/openfun/tw.gov.cec~txn~candidates-votes/2002/馬英九-village-votes-page-1.json,matched,exact-district-li-name
2002,士林區,富洲里,富洲里,李應元,1872,data/raw/openfun/tw.gov.cec~txn~candidates-votes/2002/李應元-village-votes-page-1.json,matched,exact-district-li-name
2002,士林區,富洲里,富洲里,馬英九,1371,data/raw/openfun/tw.gov.cec~txn~candidates-votes/2002/馬英九-village-votes-page-1.json,matched,exact-district-li-name
2002,士林區,菁山里,菁山里,李應元,439,data/raw/openfun/tw.gov.cec~txn~candidates-votes/2002/李應元-village-votes-page-2.json,matched,exact-district-li-name
2002,士林區,菁山里,菁山里,馬英九,538,data/raw/openfun/tw.gov.cec~txn~candidates-votes/2002/馬英九-village-votes-page-2.json,matched,exact-district-li-name
2002,士林區,陽明里,陽明里,李應元,730,data/raw/openfun/tw.gov.cec~txn~candidates-votes/2002/李應元-village-votes-page-2.json,matched,exact-district-li-name
2002,士林區,陽明里,陽明里,馬英九,1126,data/raw/openfun/tw.gov.cec~txn~candidates-votes/2002/馬英九-village-votes-page-2.json,matched,exact-district-li-name
2002,士林區,新安里,新安里,李應元,581,data/raw/openfun/tw.gov.cec~txn~candidates-votes/2002/李應元-village-votes-page-2.json,matched,exact-district-li-name
2002,士林區,新安里,新安里,馬英九,641,data/raw/openfun/tw.gov.cec~txn~candidates-votes/2002/馬英九-village-votes-page-2.json,matched,exact-district-li-name
2002,士林區,溪山里,溪山里,李應元,420,data/raw/openfun/tw.gov.cec~txn~candidates-votes/2002/李應元-village-votes-page-2.json,matched,exact-district-li-name
2002,士林區,溪山里,溪山里,馬英九,458,data/raw/openfun/tw.gov.cec~txn~candidates-votes/2002/馬英九-village-votes-page-2.json,matched,exact-district-li-name
2002,士林區,義信里,義信里,李應元,737,data/raw/openfun/tw.gov.cec~txn~candidates-votes/2002/李應元-village-votes-page-1.json,matched,exact-district-li-name
2002,士林區,義信里,義信里,馬英九,1037,data/raw/openfun/tw.gov.cec~txn~candidates-votes/2002/馬英九-village-votes-page-1.json,matched,exact-district-li-name
2002,士林區,聖山里,聖山里,李應元,846,data/raw/openfun/tw.gov.cec~txn~candidates-votes/2002/李應元-village-votes-page-2.json,matched,exact-district-li-name
2002,士林區,聖山里,聖山里,馬英九,2169,data/raw/openfun/tw.gov.cec~txn~candidates-votes/2002/馬英九-village-votes-page-2.json,matched,exact-district-li-name
2002,士林區,葫東里,葫東里,李應元,1125,data/raw/openfun/tw.gov.cec~txn~candidates-votes/2002/李應元-village-votes-page-1.json,matched,exact-district-li-name
2002,士林區,葫東里,葫東里,馬英九,1110,data/raw/openfun/tw.gov.cec~txn~candidates-votes/2002/馬英九-village-votes-page-1.json,matched,exact-district-li-name
2002,士林區,葫蘆里,葫蘆里,李應元,1764,data/raw/openfun/tw.gov.cec~txn~candidates-votes/2002/李應元-village-votes-page-1.json,matched,exact-district-li-name
2002,士林區,葫蘆里,葫蘆里,馬英九,2474,data/raw/openfun/tw.gov.cec~txn~candidates-votes/2002/馬英九-village-votes-page-1.json,matched,exact-district-li-name
2002,士林區,福中里,福中里,李應元,1555,data/raw/openfun/tw.gov.cec~txn~candidates-votes/2002/李應元-village-votes-page-1.json,matched,exact-district-li-name
2002,士林區,福中里,福中里,馬英九,1582,data/raw/openfun/tw.gov.cec~txn~candidates-votes/2002/馬英九-village-votes-page-1.json,matched,exact-district-li-name
2002,士林區,福安里,福安里,李應元,1972,data/raw/openfun/tw.gov.cec~txn~candidates-votes/2002/李應元-village-votes-page-1.json,matched,exact-district-li-name
2002,士林區,福安里,福安里,馬英九,994,data/raw/openfun/tw.gov.cec~txn~candidates-votes/2002/馬英九-village-votes-page-1.json,matched,exact-district-li-name
2002,士林區,福志里,福志里,李應元,1537,data/raw/openfun/tw.gov.cec~txn~candidates-votes/2002/李應元-village-votes-page-1.json,matched,exact-district-li-name
2002,士林區,福志里,福志里,馬英九,2478,data/raw/openfun/tw.gov.cec~txn~candidates-votes/2002/馬英九-village-votes-page-1.json,matched,exact-district-li-name
2002,士林區,福佳里,福佳里,李應元,1831,data/raw/openfun/tw.gov.cec~txn~candidates-votes/2002/李應元-village-votes-page-1.json,matched,exact-district-li-name
2002,士林區,福佳里,福佳里,馬英九,2471,data/raw/openfun/tw.gov.cec~txn~candidates-votes/2002/馬英九-village-votes-page-1.json,matched,exact-district-li-name
2002,士林區,福林里,福林里,李應元,715,data/raw/openfun/tw.gov.cec~txn~candidates-votes/2002/李應元-village-votes-page-1.json,matched,exact-district-li-name
2002,士林區,福林里,福林里,馬英九,1588,data/raw/openfun/tw.gov.cec~txn~candidates-votes/2002/馬英九-village-votes-page-1.json,matched,exact-district-li-name
2002,士林區,福華里,福華里,李應元,1541,data/raw/openfun/tw.gov.cec~txn~candidates-votes/2002/李應元-village-votes-page-1.json,matched,exact-district-li-name
2002,士林區,福華里,福華里,馬英九,2271,data/raw/openfun/tw.gov.cec~txn~candidates-votes/2002/馬英九-village-votes-page-1.json,matched,exact-district-li-name
2002,士林區,福順里,福順里,李應元,1541,data/raw/openfun/tw.gov.cec~txn~candidates-votes/2002/李應元-village-votes-page-1.json,matched,exact-district-li-name
2002,士林區,福順里,福順里,馬英九,1428,data/raw/openfun/tw.gov.cec~txn~candidates-votes/2002/馬英九-village-votes-page-1.json,matched,exact-district-li-name
2002,士林區,福德里,福德里,李應元,1033,data/raw/openfun/tw.gov.cec~txn~candidates-votes/2002/李應元-village-votes-page-1.json,matched,exact-district-li-name
2002,士林區,福德里,福德里,馬英九,1542,data/raw/openfun/tw.gov.cec~txn~candidates-votes/2002/馬英九-village-votes-page-1.json,matched,exact-district-li-name
2002,士林區,翠山里,翠山里,李應元,298,data/raw/openfun/tw.gov.cec~txn~candidates-votes/2002/李應元-village-votes-page-2.json,matched,exact-district-li-name
2002,士林區,翠山里,翠山里,馬英九,1520,data/raw/openfun/tw.gov.cec~txn~candidates-votes/2002/馬英九-village-votes-page-2.json,matched,exact-district-li-name
2002,士林區,德行里,德行里,李應元,998,data/raw/openfun/tw.gov.cec~txn~candidates-votes/2002/李應元-village-votes-page-1.json,matched,exact-district-li-name
2002,士林區,德行里,德行里,馬英九,1358,data/raw/openfun/tw.gov.cec~txn~candidates-votes/2002/馬英九-village-votes-page-1.json,matched,exact-district-li-name
2002,士林區,德華里,德華里,李應元,1394,data/raw/openfun/tw.gov.cec~txn~candidates-votes/2002/李應元-village-votes-page-1.json;data/raw/openfun/tw.gov.cec~txn~candidates-votes/2002/李應元-village-votes-page-2.json,matched,exact-district-li-name
2002,士林區,德華里,德華里,馬英九,1739,data/raw/openfun/tw.gov.cec~txn~candidates-votes/2002/馬英九-village-votes-page-1.json;data/raw/openfun/tw.gov.cec~txn~candidates-votes/2002/馬英九-village-votes-page-2.json,matched,exact-district-li-name
2002,士林區,臨溪里,臨溪里,李應元,576,data/raw/openfun/tw.gov.cec~txn~candidates-votes/2002/李應元-village-votes-page-2.json,matched,exact-district-li-name
2002,士林區,臨溪里,臨溪里,馬英九,1023,data/raw/openfun/tw.gov.cec~txn~candidates-votes/2002/馬英九-village-votes-page-2.json,matched,exact-district-li-name
2002,士林區,舊佳里,舊佳里,李應元,1687,data/raw/openfun/tw.gov.cec~txn~candidates-votes/2002/李應元-village-votes-page-1.json,matched,exact-district-li-name
2002,士林區,舊佳里,舊佳里,馬英九,2189,data/raw/openfun/tw.gov.cec~txn~candidates-votes/2002/馬英九-village-votes-page-1.json,matched,exact-district-li-name
2002,士林區,蘭雅里,蘭雅里,李應元,1816,data/raw/openfun/tw.gov.cec~txn~candidates-votes/2002/李應元-village-votes-page-2.json,matched,exact-district-li-name
2002,士林區,蘭雅里,蘭雅里,馬英九,2818,data/raw/openfun/tw.gov.cec~txn~candidates-votes/2002/馬英九-village-votes-page-2.json,matched,exact-district-li-name
2002,士林區,蘭興里,蘭興里,李應元,1552,data/raw/openfun/tw.gov.cec~txn~candidates-votes/2002/李應元-village-votes-page-2.json,matched,exact-district-li-name
2002,士林區,蘭興里,蘭興里,馬英九,1995,data/raw/openfun/tw.gov.cec~txn~candidates-votes/2002/馬英九-village-votes-page-2.json,matched,exact-district-li-name
2002,大同區,大有里,大有里,李應元,1433,data/raw/openfun/tw.gov.cec~txn~candidates-votes/2002/李應元-village-votes-page-4.json,matched,exact-district-li-name
2002,大同區,大有里,大有里,馬英九,1428,data/raw/openfun/tw.gov.cec~txn~candidates-votes/2002/馬英九-village-votes-page-4.json,matched,exact-district-li-name
2002,大同區,民權里,民權里,李應元,1469,data/raw/openfun/tw.gov.cec~txn~candidates-votes/2002/李應元-village-votes-page-4.json,matched,exact-district-li-name
2002,大同區,民權里,民權里,馬英九,2050,data/raw/openfun/tw.gov.cec~txn~candidates-votes/2002/馬英九-village-votes-page-4.json,matched,exact-district-li-name
2002,大同區,永樂里,永樂里,李應元,1474,data/raw/openfun/tw.gov.cec~txn~candidates-votes/2002/李應元-village-votes-page-4.json,matched,exact-district-li-name
2002,大同區,永樂里,永樂里,馬英九,1451,data/raw/openfun/tw.gov.cec~txn~candidates-votes/2002/馬英九-village-votes-page-4.json,matched,exact-district-li-name
2002,大同區,玉泉里,玉泉里,李應元,775,data/raw/openfun/tw.gov.cec~txn~candidates-votes/2002/李應元-village-votes-page-4.json,matched,exact-district-li-name
2002,大同區,玉泉里,玉泉里,馬英九,1090,data/raw/openfun/tw.gov.cec~txn~candidates-votes/2002/馬英九-village-votes-page-4.json,matched,exact-district-li-name
2002,大同區,光能里,光能里,李應元,1477,data/raw/openfun/tw.gov.cec~txn~candidates-votes/2002/李應元-village-votes-page-4.json,matched,exact-district-li-name
2002,大同區,光能里,光能里,馬英九,1524,data/raw/openfun/tw.gov.cec~txn~candidates-votes/2002/馬英九-village-votes-page-4.json,matched,exact-district-li-name
2002,大同區,老師里,老師里,李應元,1659,data/raw/openfun/tw.gov.cec~txn~candidates-votes/2002/李應元-village-votes-page-5.json,matched,exact-district-li-name
2002,大同區,老師里,老師里,馬英九,1658,data/raw/openfun/tw.gov.cec~txn~candidates-votes/2002/馬英九-village-votes-page-5.json,matched,exact-district-li-name
2002,大同區,至聖里,至聖里,李應元,2201,data/raw/openfun/tw.gov.cec~txn~candidates-votes/2002/李應元-village-votes-page-4.json,matched,exact-district-li-name
2002,大同區,至聖里,至聖里,馬英九,2299,data/raw/openfun/tw.gov.cec~txn~candidates-votes/2002/馬英九-village-votes-page-4.json,matched,exact-district-li-name
2002,大同區,延平里,延平里,李應元,932,data/raw/openfun/tw.gov.cec~txn~candidates-votes/2002/李應元-village-votes-page-4.json,matched,exact-district-li-name
2002,大同區,延平里,延平里,馬英九,1180,data/raw/openfun/tw.gov.cec~txn~candidates-votes/2002/馬英九-village-votes-page-4.json,matched,exact-district-li-name
2002,大同區,保安里,保安里,李應元,1365,data/raw/openfun/tw.gov.cec~txn~candidates-votes/2002/李應元-village-votes-page-5.json,matched,exact-district-li-name
2002,大同區,保安里,保安里,馬英九,1224,data/raw/openfun/tw.gov.cec~txn~candidates-votes/2002/馬英九-village-votes-page-5.json,matched,exact-district-li-name
2002,大同區,南芳里,南芳里,李應元,1018,data/raw/openfun/tw.gov.cec~txn~candidates-votes/2002/李應元-village-votes-page-4.json,matched,exact-district-li-name
2002,大同區,南芳里,南芳里,馬英九,1146,data/raw/openfun/tw.gov.cec~txn~candidates-votes/2002/馬英九-village-votes-page-4.json,matched,exact-district-li-name
2002,大同區,建功里,建功里,李應元,1241,data/raw/openfun/tw.gov.cec~txn~candidates-votes/2002/李應元-village-votes-page-4.json,matched,exact-district-li-name
2002,大同區,建功里,建功里,馬英九,1386,data/raw/openfun/tw.gov.cec~txn~candidates-votes/2002/馬英九-village-votes-page-4.json,matched,exact-district-li-name
2002,大同區,建明里,建明里,李應元,957,data/raw/openfun/tw.gov.cec~txn~candidates-votes/2002/李應元-village-votes-page-4.json,matched,exact-district-li-name
2002,大同區,建明里,建明里,馬英九,937,data/raw/openfun/tw.gov.cec~txn~candidates-votes/2002/馬英九-village-votes-page-4.json,matched,exact-district-li-name
2002,大同區,建泰里,建泰里,李應元,1029,data/raw/openfun/tw.gov.cec~txn~candidates-votes/2002/李應元-village-votes-page-4.json,matched,exact-district-li-name
2002,大同區,建泰里,建泰里,馬英九,991,data/raw/openfun/tw.gov.cec~txn~candidates-votes/2002/馬英九-village-votes-page-4.json,matched,exact-district-li-name
2002,大同區,星明里,星明里,李應元,1182,data/raw/openfun/tw.gov.cec~txn~candidates-votes/2002/李應元-village-votes-page-4.json,matched,exact-district-li-name
2002,大同區,星明里,星明里,馬英九,1435,data/raw/openfun/tw.gov.cec~txn~candidates-votes/2002/馬英九-village-votes-page-4.json,matched,exact-district-li-name
2002,大同區,重慶里,重慶里,李應元,1504,data/raw/openfun/tw.gov.cec~txn~candidates-votes/2002/李應元-village-votes-page-5.json,matched,exact-district-li-name
2002,大同區,重慶里,重慶里,馬英九,1864,data/raw/openfun/tw.gov.cec~txn~candidates-votes/2002/馬英九-village-votes-page-5.json,matched,exact-district-li-name
2002,大同區,國順里,國順里,李應元,1027,data/raw/openfun/tw.gov.cec~txn~candidates-votes/2002/李應元-village-votes-page-4.json,matched,exact-district-li-name
2002,大同區,國順里,國順里,馬英九,778,data/raw/openfun/tw.gov.cec~txn~candidates-votes/2002/馬英九-village-votes-page-4.json,matched,exact-district-li-name
2002,大同區,國慶里,國慶里,李應元,1040,data/raw/openfun/tw.gov.cec~txn~candidates-votes/2002/李應元-village-votes-page-4.json,matched,exact-district-li-name
2002,大同區,國慶里,國慶里,馬英九,1125,data/raw/openfun/tw.gov.cec~txn~candidates-votes/2002/馬英九-village-votes-page-4.json,matched,exact-district-li-name
2002,大同區,揚雅里,揚雅里,李應元,967,data/raw/openfun/tw.gov.cec~txn~candidates-votes/2002/李應元-village-votes-page-4.json,matched,exact-district-li-name
2002,大同區,揚雅里,揚雅里,馬英九,909,data/raw/openfun/tw.gov.cec~txn~candidates-votes/2002/馬英九-village-votes-page-4.json,matched,exact-district-li-name
2002,大同區,斯文里,斯文里,李應元,1597,data/raw/openfun/tw.gov.cec~txn~candidates-votes/2002/李應元-village-votes-page-4.json,matched,exact-district-li-name
2002,大同區,斯文里,斯文里,馬英九,1561,data/raw/openfun/tw.gov.cec~txn~candidates-votes/2002/馬英九-village-votes-page-4.json,matched,exact-district-li-name
2002,大同區,景星里,景星里,李應元,831,data/raw/openfun/tw.gov.cec~txn~candidates-votes/2002/李應元-village-votes-page-4.json,matched,exact-district-li-name
2002,大同區,景星里,景星里,馬英九,823,data/raw/openfun/tw.gov.cec~txn~candidates-votes/2002/馬英九-village-votes-page-4.json,matched,exact-district-li-name
2002,大同區,朝陽里,朝陽里,李應元,1027,data/raw/openfun/tw.gov.cec~txn~candidates-votes/2002/李應元-village-votes-page-4.json,matched,exact-district-li-name
2002,大同區,朝陽里,朝陽里,馬英九,1133,data/raw/openfun/tw.gov.cec~txn~candidates-votes/2002/馬英九-village-votes-page-4.json,matched,exact-district-li-name
2002,大同區,隆和里,隆和里,李應元,980,data/raw/openfun/tw.gov.cec~txn~candidates-votes/2002/李應元-village-votes-page-4.json,matched,exact-district-li-name
2002,大同區,隆和里,隆和里,馬英九,894,data/raw/openfun/tw.gov.cec~txn~candidates-votes/2002/馬英九-village-votes-page-4.json,matched,exact-district-li-name
2002,大同區,蓬萊里,蓬萊里,李應元,1304,data/raw/openfun/tw.gov.cec~txn~candidates-votes/2002/李應元-village-votes-page-4.json,matched,exact-district-li-name
2002,大同區,蓬萊里,蓬萊里,馬英九,1351,data/raw/openfun/tw.gov.cec~txn~candidates-votes/2002/馬英九-village-votes-page-4.json,matched,exact-district-li-name
2002,大同區,鄰江里,鄰江里,李應元,1931,data/raw/openfun/tw.gov.cec~txn~candidates-votes/2002/李應元-village-votes-page-4.json,matched,exact-district-li-name
2002,大同區,鄰江里,鄰江里,馬英九,1791,data/raw/openfun/tw.gov.cec~txn~candidates-votes/2002/馬英九-village-votes-page-4.json,matched,exact-district-li-name
2002,大同區,雙連里,雙連里,李應元,2492,data/raw/openfun/tw.gov.cec~txn~candidates-votes/2002/李應元-village-votes-page-4.json,matched,exact-district-li-name
2002,大同區,雙連里,雙連里,馬英九,2705,data/raw/openfun/tw.gov.cec~txn~candidates-votes/2002/馬英九-village-votes-page-4.json,matched,exact-district-li-name
2002,大安區,大學里,大學里,李應元,1334,data/raw/openfun/tw.gov.cec~txn~candidates-votes/2002/李應元-village-votes-page-6.json,matched,exact-district-li-name
2002,大安區,大學里,大學里,馬英九,2934,data/raw/openfun/tw.gov.cec~txn~candidates-votes/2002/馬英九-village-votes-page-6.json,matched,exact-district-li-name
2002,大安區,仁愛里,仁愛里,李應元,989,data/raw/openfun/tw.gov.cec~txn~candidates-votes/2002/李應元-village-votes-page-6.json,matched,exact-district-li-name
2002,大安區,仁愛里,仁愛里,馬英九,1817,data/raw/openfun/tw.gov.cec~txn~candidates-votes/2002/馬英九-village-votes-page-6.json,matched,exact-district-li-name
2002,大安區,仁慈里,仁慈里,李應元,897,data/raw/openfun/tw.gov.cec~txn~candidates-votes/2002/李應元-village-votes-page-5.json,matched,exact-district-li-name
2002,大安區,仁慈里,仁慈里,馬英九,1711,data/raw/openfun/tw.gov.cec~txn~candidates-votes/2002/馬英九-village-votes-page-5.json,matched,exact-district-li-name
2002,大安區,古風里,古風里,李應元,745,data/raw/openfun/tw.gov.cec~txn~candidates-votes/2002/李應元-village-votes-page-6.json,matched,exact-district-li-name
2002,大安區,古風里,古風里,馬英九,1510,data/raw/openfun/tw.gov.cec~txn~candidates-votes/2002/馬英九-village-votes-page-6.json,matched,exact-district-li-name
2002,大安區,古莊里,古莊里,李應元,1150,data/raw/openfun/tw.gov.cec~txn~candidates-votes/2002/李應元-village-votes-page-6.json,matched,exact-district-li-name
2002,大安區,古莊里,古莊里,馬英九,2344,data/raw/openfun/tw.gov.cec~txn~candidates-votes/2002/馬英九-village-votes-page-6.json,matched,exact-district-li-name
2002,大安區,正聲里,正聲里,李應元,733,data/raw/openfun/tw.gov.cec~txn~candidates-votes/2002/李應元-village-votes-page-6.json,matched,exact-district-li-name
2002,大安區,正聲里,正聲里,馬英九,1813,data/raw/openfun/tw.gov.cec~txn~candidates-votes/2002/馬英九-village-votes-page-6.json,matched,exact-district-li-name
2002,大安區,民炤里,民炤里,李應元,1572,data/raw/openfun/tw.gov.cec~txn~candidates-votes/2002/李應元-village-votes-page-6.json,matched,exact-district-li-name
2002,大安區,民炤里,民炤里,馬英九,2629,data/raw/openfun/tw.gov.cec~txn~candidates-votes/2002/馬英九-village-votes-page-6.json,matched,exact-district-li-name
2002,大安區,民輝里,民輝里,李應元,1256,data/raw/openfun/tw.gov.cec~txn~candidates-votes/2002/李應元-village-votes-page-6.json,matched,exact-district-li-name
2002,大安區,民輝里,民輝里,馬英九,2273,data/raw/openfun/tw.gov.cec~txn~candidates-votes/2002/馬英九-village-votes-page-6.json,matched,exact-district-li-name
2002,大安區,永康里,永康里,李應元,592,data/raw/openfun/tw.gov.cec~txn~candidates-votes/2002/李應元-village-votes-page-6.json,matched,exact-district-li-name
2002,大安區,永康里,永康里,馬英九,1270,data/raw/openfun/tw.gov.cec~txn~candidates-votes/2002/馬英九-village-votes-page-6.json,matched,exact-district-li-name
2002,大安區,光明里,光明里,李應元,623,data/raw/openfun/tw.gov.cec~txn~candidates-votes/2002/李應元-village-votes-page-6.json,matched,exact-district-li-name
2002,大安區,光明里,光明里,馬英九,1431,data/raw/openfun/tw.gov.cec~txn~candidates-votes/2002/馬英九-village-votes-page-6.json,matched,exact-district-li-name
2002,大安區,光武里,光武里,李應元,1398,data/raw/openfun/tw.gov.cec~txn~candidates-votes/2002/李應元-village-votes-page-6.json,matched,exact-district-li-name
2002,大安區,光武里,光武里,馬英九,2686,data/raw/openfun/tw.gov.cec~txn~candidates-votes/2002/馬英九-village-votes-page-6.json,matched,exact-district-li-name
2002,大安區,光信里,光信里,李應元,1482,data/raw/openfun/tw.gov.cec~txn~candidates-votes/2002/李應元-village-votes-page-6.json,matched,exact-district-li-name
2002,大安區,光信里,光信里,馬英九,2942,data/raw/openfun/tw.gov.cec~txn~candidates-votes/2002/馬英九-village-votes-page-6.json,matched,exact-district-li-name
2002,大安區,全安里,全安里,李應元,745,data/raw/openfun/tw.gov.cec~txn~candidates-votes/2002/李應元-village-votes-page-6.json,matched,exact-district-li-name
2002,大安區,全安里,全安里,馬英九,1615,data/raw/openfun/tw.gov.cec~txn~candidates-votes/2002/馬英九-village-votes-page-6.json,matched,exact-district-li-name
2002,大安區,住安里,住安里,李應元,922,data/raw/openfun/tw.gov.cec~txn~candidates-votes/2002/李應元-village-votes-page-6.json,matched,exact-district-li-name
2002,大安區,住安里,住安里,馬英九,2056,data/raw/openfun/tw.gov.cec~txn~candidates-votes/2002/馬英九-village-votes-page-6.json,matched,exact-district-li-name
2002,大安區,車層里,車層里,李應元,1314,data/raw/openfun/tw.gov.cec~txn~candidates-votes/2002/李應元-village-votes-page-6.json,matched,exact-district-li-name
2002,大安區,車層里,車層里,馬英九,2315,data/raw/openfun/tw.gov.cec~txn~candidates-votes/2002/馬英九-village-votes-page-6.json,matched,exact-district-li-name
2002,大安區,和安里,和安里,李應元,982,data/raw/openfun/tw.gov.cec~txn~candidates-votes/2002/李應元-village-votes-page-5.json;data/raw/openfun/tw.gov.cec~txn~candidates-votes/2002/李應元-village-votes-page-6.json,matched,exact-district-li-name
2002,大安區,和安里,和安里,馬英九,2396,data/raw/openfun/tw.gov.cec~txn~candidates-votes/2002/馬英九-village-votes-page-5.json;data/raw/openfun/tw.gov.cec~txn~candidates-votes/2002/馬英九-village-votes-page-6.json,matched,exact-district-li-name
2002,大安區,昌隆里,昌隆里,李應元,763,data/raw/openfun/tw.gov.cec~txn~candidates-votes/2002/李應元-village-votes-page-6.json,matched,exact-district-li-name
2002,大安區,昌隆里,昌隆里,馬英九,1132,data/raw/openfun/tw.gov.cec~txn~candidates-votes/2002/馬英九-village-votes-page-6.json,matched,exact-district-li-name
2002,大安區,法治里,法治里,李應元,683,data/raw/openfun/tw.gov.cec~txn~candidates-votes/2002/李應元-village-votes-page-6.json,matched,exact-district-li-name
2002,大安區,法治里,法治里,馬英九,1817,data/raw/openfun/tw.gov.cec~txn~candidates-votes/2002/馬英九-village-votes-page-6.json,matched,exact-district-li-name
2002,大安區,臥龍里,臥龍里,李應元,407,data/raw/openfun/tw.gov.cec~txn~candidates-votes/2002/李應元-village-votes-page-6.json,matched,exact-district-li-name
2002,大安區,臥龍里,臥龍里,馬英九,1261,data/raw/openfun/tw.gov.cec~txn~candidates-votes/2002/馬英九-village-votes-page-6.json,matched,exact-district-li-name
2002,大安區,芳和里,芳和里,李應元,1032,data/raw/openfun/tw.gov.cec~txn~candidates-votes/2002/李應元-village-votes-page-6.json,matched,exact-district-li-name
2002,大安區,芳和里,芳和里,馬英九,2514,data/raw/openfun/tw.gov.cec~txn~candidates-votes/2002/馬英九-village-votes-page-6.json,matched,exact-district-li-name
2002,大安區,虎嘯里,虎嘯里,李應元,506,data/raw/openfun/tw.gov.cec~txn~candidates-votes/2002/李應元-village-votes-page-6.json,matched,exact-district-li-name
2002,大安區,虎嘯里,虎嘯里,馬英九,1280,data/raw/openfun/tw.gov.cec~txn~candidates-votes/2002/馬英九-village-votes-page-6.json,matched,exact-district-li-name
2002,大安區,建安里,建安里,李應元,798,data/raw/openfun/tw.gov.cec~txn~candidates-votes/2002/李應元-village-votes-page-6.json,matched,exact-district-li-name
2002,大安區,建安里,建安里,馬英九,1805,data/raw/openfun/tw.gov.cec~txn~candidates-votes/2002/馬英九-village-votes-page-6.json,matched,exact-district-li-name
2002,大安區,建倫里,建倫里,李應元,1009,data/raw/openfun/tw.gov.cec~txn~candidates-votes/2002/李應元-village-votes-page-6.json,matched,exact-district-li-name
2002,大安區,建倫里,建倫里,馬英九,2084,data/raw/openfun/tw.gov.cec~txn~candidates-votes/2002/馬英九-village-votes-page-6.json,matched,exact-district-li-name
2002,大安區,通化里,通化里,李應元,1422,data/raw/openfun/tw.gov.cec~txn~candidates-votes/2002/李應元-village-votes-page-6.json,matched,exact-district-li-name
2002,大安區,通化里,通化里,馬英九,2066,data/raw/openfun/tw.gov.cec~txn~candidates-votes/2002/馬英九-village-votes-page-6.json,matched,exact-district-li-name
2002,大安區,通安里,通安里,李應元,1090,data/raw/openfun/tw.gov.cec~txn~candidates-votes/2002/李應元-village-votes-page-6.json,matched,exact-district-li-name
2002,大安區,通安里,通安里,馬英九,2191,data/raw/openfun/tw.gov.cec~txn~candidates-votes/2002/馬英九-village-votes-page-6.json,matched,exact-district-li-name
2002,大安區,敦安里,敦安里,李應元,1171,data/raw/openfun/tw.gov.cec~txn~candidates-votes/2002/李應元-village-votes-page-6.json,matched,exact-district-li-name
2002,大安區,敦安里,敦安里,馬英九,2161,data/raw/openfun/tw.gov.cec~txn~candidates-votes/2002/馬英九-village-votes-page-6.json,matched,exact-district-li-name
2002,大安區,敦煌里,敦煌里,李應元,1094,data/raw/openfun/tw.gov.cec~txn~candidates-votes/2002/李應元-village-votes-page-6.json,matched,exact-district-li-name
2002,大安區,敦煌里,敦煌里,馬英九,2083,data/raw/openfun/tw.gov.cec~txn~candidates-votes/2002/馬英九-village-votes-page-6.json,matched,exact-district-li-name
2002,大安區,華聲里,華聲里,李應元,710,data/raw/openfun/tw.gov.cec~txn~candidates-votes/2002/李應元-village-votes-page-6.json,matched,exact-district-li-name
2002,大安區,華聲里,華聲里,馬英九,1639,data/raw/openfun/tw.gov.cec~txn~candidates-votes/2002/馬英九-village-votes-page-6.json,matched,exact-district-li-name
2002,大安區,新龍里,新龍里,李應元,717,data/raw/openfun/tw.gov.cec~txn~candidates-votes/2002/李應元-village-votes-page-6.json,matched,exact-district-li-name
2002,大安區,新龍里,新龍里,馬英九,2911,data/raw/openfun/tw.gov.cec~txn~candidates-votes/2002/馬英九-village-votes-page-6.json,matched,exact-district-li-name
2002,大安區,群英里,群英里,李應元,713,data/raw/openfun/tw.gov.cec~txn~candidates-votes/2002/李應元-village-votes-page-6.json,matched,exact-district-li-name
2002,大安區,群英里,群英里,馬英九,3636,data/raw/openfun/tw.gov.cec~txn~candidates-votes/2002/馬英九-village-votes-page-6.json,matched,exact-district-li-name
2002,大安區,群賢里,群賢里,李應元,928,data/raw/openfun/tw.gov.cec~txn~candidates-votes/2002/李應元-village-votes-page-6.json,matched,exact-district-li-name
2002,大安區,群賢里,群賢里,馬英九,2425,data/raw/openfun/tw.gov.cec~txn~candidates-votes/2002/馬英九-village-votes-page-6.json,matched,exact-district-li-name
2002,大安區,義安里,義安里,李應元,865,data/raw/openfun/tw.gov.cec~txn~candidates-votes/2002/李應元-village-votes-page-6.json,matched,exact-district-li-name
2002,大安區,義安里,義安里,馬英九,2114,data/raw/openfun/tw.gov.cec~txn~candidates-votes/2002/馬英九-village-votes-page-6.json,matched,exact-district-li-name
2002,大安區,義村里,義村里,李應元,737,data/raw/openfun/tw.gov.cec~txn~candidates-votes/2002/李應元-village-votes-page-6.json,matched,exact-district-li-name
2002,大安區,義村里,義村里,馬英九,3076,data/raw/openfun/tw.gov.cec~txn~candidates-votes/2002/馬英九-village-votes-page-6.json,matched,exact-district-li-name
2002,大安區,誠安里,誠安里,李應元,925,data/raw/openfun/tw.gov.cec~txn~candidates-votes/2002/李應元-village-votes-page-6.json,matched,exact-district-li-name
2002,大安區,誠安里,誠安里,馬英九,1552,data/raw/openfun/tw.gov.cec~txn~candidates-votes/2002/馬英九-village-votes-page-6.json,matched,exact-district-li-name
2002,大安區,福住里,福住里,李應元,996,data/raw/openfun/tw.gov.cec~txn~candidates-votes/2002/李應元-village-votes-page-6.json,matched,exact-district-li-name
2002,大安區,福住里,福住里,馬英九,2025,data/raw/openfun/tw.gov.cec~txn~candidates-votes/2002/馬英九-village-votes-page-6.json,matched,exact-district-li-name
2002,大安區,德安里,德安里,李應元,932,data/raw/openfun/tw.gov.cec~txn~candidates-votes/2002/李應元-village-votes-page-5.json,matched,exact-district-li-name
2002,大安區,德安里,德安里,馬英九,2148,data/raw/openfun/tw.gov.cec~txn~candidates-votes/2002/馬英九-village-votes-page-5.json,matched,exact-district-li-name
2002,大安區,黎元里,黎元里,李應元,993,data/raw/openfun/tw.gov.cec~txn~candidates-votes/2002/李應元-village-votes-page-6.json,matched,exact-district-li-name
2002,大安區,黎元里,黎元里,馬英九,2235,data/raw/openfun/tw.gov.cec~txn~candidates-votes/2002/馬英九-village-votes-page-6.json,matched,exact-district-li-name
2002,大安區,黎孝里,黎孝里,李應元,1334,data/raw/openfun/tw.gov.cec~txn~candidates-votes/2002/李應元-village-votes-page-6.json,matched,exact-district-li-name
2002,大安區,黎孝里,黎孝里,馬英九,3080,data/raw/openfun/tw.gov.cec~txn~candidates-votes/2002/馬英九-village-votes-page-6.json,matched,exact-district-li-name
2002,大安區,黎和里,黎和里,李應元,653,data/raw/openfun/tw.gov.cec~txn~candidates-votes/2002/李應元-village-votes-page-6.json,matched,exact-district-li-name
2002,大安區,黎和里,黎和里,馬英九,1781,data/raw/openfun/tw.gov.cec~txn~candidates-votes/2002/馬英九-village-votes-page-6.json,matched,exact-district-li-name
2002,大安區,學府里,學府里,李應元,627,data/raw/openfun/tw.gov.cec~txn~candidates-votes/2002/李應元-village-votes-page-6.json,matched,exact-district-li-name
2002,大安區,學府里,學府里,馬英九,1685,data/raw/openfun/tw.gov.cec~txn~candidates-votes/2002/馬英九-village-votes-page-6.json,matched,exact-district-li-name
2002,大安區,錦安里,錦安里,李應元,818,data/raw/openfun/tw.gov.cec~txn~candidates-votes/2002/李應元-village-votes-page-6.json,matched,exact-district-li-name
2002,大安區,錦安里,錦安里,馬英九,1915,data/raw/openfun/tw.gov.cec~txn~candidates-votes/2002/馬英九-village-votes-page-6.json,matched,exact-district-li-name
2002,大安區,錦泰里,錦泰里,李應元,676,data/raw/openfun/tw.gov.cec~txn~candidates-votes/2002/李應元-village-votes-page-6.json,matched,exact-district-li-name
2002,大安區,錦泰里,錦泰里,馬英九,2208,data/raw/openfun/tw.gov.cec~txn~candidates-votes/2002/馬英九-village-votes-page-6.json,matched,exact-district-li-name
2002,大安區,錦華里,錦華里,李應元,896,data/raw/openfun/tw.gov.cec~txn~candidates-votes/2002/李應元-village-votes-page-6.json,matched,exact-district-li-name
2002,大安區,錦華里,錦華里,馬英九,2030,data/raw/openfun/tw.gov.cec~txn~candidates-votes/2002/馬英九-village-votes-page-6.json,matched,exact-district-li-name
2002,大安區,龍生里,龍生里,李應元,959,data/raw/openfun/tw.gov.cec~txn~candidates-votes/2002/李應元-village-votes-page-6.json,matched,exact-district-li-name
2002,大安區,龍生里,龍生里,馬英九,2436,data/raw/openfun/tw.gov.cec~txn~candidates-votes/2002/馬英九-village-votes-page-6.json,matched,exact-district-li-name
2002,大安區,龍安里,龍安里,李應元,1008,data/raw/openfun/tw.gov.cec~txn~candidates-votes/2002/李應元-village-votes-page-6.json,matched,exact-district-li-name
2002,大安區,龍安里,龍安里,馬英九,2056,data/raw/openfun/tw.gov.cec~txn~candidates-votes/2002/馬英九-village-votes-page-6.json,matched,exact-district-li-name
2002,大安區,龍坡里,龍坡里,李應元,1220,data/raw/openfun/tw.gov.cec~txn~candidates-votes/2002/李應元-village-votes-page-6.json,matched,exact-district-li-name
2002,大安區,龍坡里,龍坡里,馬英九,1940,data/raw/openfun/tw.gov.cec~txn~candidates-votes/2002/馬英九-village-votes-page-6.json,matched,exact-district-li-name
2002,大安區,龍門里,龍門里,李應元,718,data/raw/openfun/tw.gov.cec~txn~candidates-votes/2002/李應元-village-votes-page-6.json,matched,exact-district-li-name
2002,大安區,龍門里,龍門里,馬英九,1430,data/raw/openfun/tw.gov.cec~txn~candidates-votes/2002/馬英九-village-votes-page-6.json,matched,exact-district-li-name
2002,大安區,龍泉里,龍泉里,李應元,847,data/raw/openfun/tw.gov.cec~txn~candidates-votes/2002/李應元-village-votes-page-6.json,matched,exact-district-li-name
2002,大安區,龍泉里,龍泉里,馬英九,1599,data/raw/openfun/tw.gov.cec~txn~candidates-votes/2002/馬英九-village-votes-page-6.json,matched,exact-district-li-name
2002,大安區,龍陣里,龍陣里,李應元,614,data/raw/openfun/tw.gov.cec~txn~candidates-votes/2002/李應元-village-votes-page-6.json,matched,exact-district-li-name
2002,大安區,龍陣里,龍陣里,馬英九,1405,data/raw/openfun/tw.gov.cec~txn~candidates-votes/2002/馬英九-village-votes-page-6.json,matched,exact-district-li-name
2002,大安區,龍淵里,龍淵里,李應元,1476,data/raw/openfun/tw.gov.cec~txn~candidates-votes/2002/李應元-village-votes-page-6.json,matched,exact-district-li-name
2002,大安區,龍淵里,龍淵里,馬英九,3330,data/raw/openfun/tw.gov.cec~txn~candidates-votes/2002/馬英九-village-votes-page-6.json,matched,exact-district-li-name
2002,大安區,龍雲里,龍雲里,李應元,933,data/raw/openfun/tw.gov.cec~txn~candidates-votes/2002/李應元-village-votes-page-6.json,matched,exact-district-li-name
2002,大安區,龍雲里,龍雲里,馬英九,1858,data/raw/openfun/tw.gov.cec~txn~candidates-votes/2002/馬英九-village-votes-page-6.json,matched,exact-district-li-name
2002,大安區,龍圖里,龍圖里,李應元,1089,data/raw/openfun/tw.gov.cec~txn~candidates-votes/2002/李應元-village-votes-page-6.json,matched,exact-district-li-name
2002,大安區,龍圖里,龍圖里,馬英九,2561,data/raw/openfun/tw.gov.cec~txn~candidates-votes/2002/馬英九-village-votes-page-6.json,matched,exact-district-li-name
2002,大安區,臨江里,臨江里,李應元,884,data/raw/openfun/tw.gov.cec~txn~candidates-votes/2002/李應元-village-votes-page-6.json,matched,exact-district-li-name
2002,大安區,臨江里,臨江里,馬英九,1628,data/raw/openfun/tw.gov.cec~txn~candidates-votes/2002/馬英九-village-votes-page-6.json,matched,exact-district-li-name
2002,中山區,力行里,力行里,李應元,1499,data/raw/openfun/tw.gov.cec~txn~candidates-votes/2002/李應元-village-votes-page-4.json,matched,exact-district-li-name
2002,中山區,力行里,力行里,馬英九,1781,data/raw/openfun/tw.gov.cec~txn~candidates-votes/2002/馬英九-village-votes-page-4.json,matched,exact-district-li-name
2002,中山區,下埤里,下埤里,李應元,1687,data/raw/openfun/tw.gov.cec~txn~candidates-votes/2002/李應元-village-votes-page-4.json,matched,exact-district-li-name
2002,中山區,下埤里,下埤里,馬英九,2399,data/raw/openfun/tw.gov.cec~txn~candidates-votes/2002/馬英九-village-votes-page-4.json,matched,exact-district-li-name
2002,中山區,大佳里,大佳里,李應元,397,data/raw/openfun/tw.gov.cec~txn~candidates-votes/2002/李應元-village-votes-page-4.json,matched,exact-district-li-name
2002,中山區,大佳里,大佳里,馬英九,322,data/raw/openfun/tw.gov.cec~txn~candidates-votes/2002/馬英九-village-votes-page-4.json,matched,exact-district-li-name
2002,中山區,大直里,大直里,李應元,1810,data/raw/openfun/tw.gov.cec~txn~candidates-votes/2002/李應元-village-votes-page-4.json,matched,exact-district-li-name
2002,中山區,大直里,大直里,馬英九,3646,data/raw/openfun/tw.gov.cec~txn~candidates-votes/2002/馬英九-village-votes-page-4.json,matched,exact-district-li-name
2002,中山區,中山里,中山里,李應元,1092,data/raw/openfun/tw.gov.cec~txn~candidates-votes/2002/李應元-village-votes-page-4.json,matched,exact-district-li-name
2002,中山區,中山里,中山里,馬英九,1734,data/raw/openfun/tw.gov.cec~txn~candidates-votes/2002/馬英九-village-votes-page-4.json,matched,exact-district-li-name
2002,中山區,中央里,中央里,李應元,784,data/raw/openfun/tw.gov.cec~txn~candidates-votes/2002/李應元-village-votes-page-4.json,matched,exact-district-li-name
2002,中山區,中央里,中央里,馬英九,1225,data/raw/openfun/tw.gov.cec~txn~candidates-votes/2002/馬英九-village-votes-page-4.json,matched,exact-district-li-name
2002,中山區,中吉里,中吉里,李應元,1379,data/raw/openfun/tw.gov.cec~txn~candidates-votes/2002/李應元-village-votes-page-4.json,matched,exact-district-li-name
2002,中山區,中吉里,中吉里,馬英九,1499,data/raw/openfun/tw.gov.cec~txn~candidates-votes/2002/馬英九-village-votes-page-4.json,matched,exact-district-li-name
2002,中山區,中庄里,中庄里,李應元,1441,data/raw/openfun/tw.gov.cec~txn~candidates-votes/2002/李應元-village-votes-page-4.json,matched,exact-district-li-name
2002,中山區,中庄里,中庄里,馬英九,1601,data/raw/openfun/tw.gov.cec~txn~candidates-votes/2002/馬英九-village-votes-page-4.json,matched,exact-district-li-name
2002,中山區,中原里,中原里,李應元,1143,data/raw/openfun/tw.gov.cec~txn~candidates-votes/2002/李應元-village-votes-page-4.json,matched,exact-district-li-name
2002,中山區,中原里,中原里,馬英九,1402,data/raw/openfun/tw.gov.cec~txn~candidates-votes/2002/馬英九-village-votes-page-4.json,matched,exact-district-li-name
2002,中山區,北安里,北安里,李應元,443,data/raw/openfun/tw.gov.cec~txn~candidates-votes/2002/李應元-village-votes-page-4.json,matched,exact-district-li-name
2002,中山區,北安里,北安里,馬英九,1314,data/raw/openfun/tw.gov.cec~txn~candidates-votes/2002/馬英九-village-votes-page-4.json,matched,exact-district-li-name
2002,中山區,正守里,正守里,李應元,705,data/raw/openfun/tw.gov.cec~txn~candidates-votes/2002/李應元-village-votes-page-4.json,matched,exact-district-li-name
2002,中山區,正守里,正守里,馬英九,979,data/raw/openfun/tw.gov.cec~txn~candidates-votes/2002/馬英九-village-votes-page-4.json,matched,exact-district-li-name
2002,中山區,正得里,正得里,李應元,606,data/raw/openfun/tw.gov.cec~txn~candidates-votes/2002/李應元-village-votes-page-4.json,matched,exact-district-li-name
2002,中山區,正得里,正得里,馬英九,1006,data/raw/openfun/tw.gov.cec~txn~candidates-votes/2002/馬英九-village-votes-page-4.json,matched,exact-district-li-name
2002,中山區,正義里,正義里,李應元,821,data/raw/openfun/tw.gov.cec~txn~candidates-votes/2002/李應元-village-votes-page-4.json,matched,exact-district-li-name
2002,中山區,正義里,正義里,馬英九,1488,data/raw/openfun/tw.gov.cec~txn~candidates-votes/2002/馬英九-village-votes-page-4.json,matched,exact-district-li-name
2002,中山區,民安里,民安里,李應元,1224,data/raw/openfun/tw.gov.cec~txn~candidates-votes/2002/李應元-village-votes-page-4.json,matched,exact-district-li-name
2002,中山區,民安里,民安里,馬英九,1560,data/raw/openfun/tw.gov.cec~txn~candidates-votes/2002/馬英九-village-votes-page-4.json,matched,exact-district-li-name
2002,中山區,永安里,永安里,李應元,1663,data/raw/openfun/tw.gov.cec~txn~candidates-votes/2002/李應元-village-votes-page-4.json,matched,exact-district-li-name
2002,中山區,永安里,永安里,馬英九,2894,data/raw/openfun/tw.gov.cec~txn~candidates-votes/2002/馬英九-village-votes-page-4.json,matched,exact-district-li-name
2002,中山區,成功里,成功里,李應元,609,data/raw/openfun/tw.gov.cec~txn~candidates-votes/2002/李應元-village-votes-page-4.json,matched,exact-district-li-name
2002,中山區,成功里,成功里,馬英九,993,data/raw/openfun/tw.gov.cec~txn~candidates-votes/2002/馬英九-village-votes-page-4.json,matched,exact-district-li-name
2002,中山區,朱崙里,朱崙里,李應元,759,data/raw/openfun/tw.gov.cec~txn~candidates-votes/2002/李應元-village-votes-page-4.json,matched,exact-district-li-name
2002,中山區,朱崙里,朱崙里,馬英九,964,data/raw/openfun/tw.gov.cec~txn~candidates-votes/2002/馬英九-village-votes-page-4.json,matched,exact-district-li-name
2002,中山區,朱園里,朱園里,李應元,1058,data/raw/openfun/tw.gov.cec~txn~candidates-votes/2002/李應元-village-votes-page-4.json,matched,exact-district-li-name
2002,中山區,朱園里,朱園里,馬英九,1389,data/raw/openfun/tw.gov.cec~txn~candidates-votes/2002/馬英九-village-votes-page-4.json,matched,exact-district-li-name
2002,中山區,朱馥里,朱馥里,李應元,1327,data/raw/openfun/tw.gov.cec~txn~candidates-votes/2002/李應元-village-votes-page-4.json,matched,exact-district-li-name
2002,中山區,朱馥里,朱馥里,馬英九,2101,data/raw/openfun/tw.gov.cec~txn~candidates-votes/2002/馬英九-village-votes-page-4.json,matched,exact-district-li-name
2002,中山區,江山里,江山里,李應元,1874,data/raw/openfun/tw.gov.cec~txn~candidates-votes/2002/李應元-village-votes-page-4.json,matched,exact-district-li-name
2002,中山區,江山里,江山里,馬英九,2346,data/raw/openfun/tw.gov.cec~txn~candidates-votes/2002/馬英九-village-votes-page-4.json,matched,exact-district-li-name
2002,中山區,江寧里,江寧里,李應元,1417,data/raw/openfun/tw.gov.cec~txn~candidates-votes/2002/李應元-village-votes-page-4.json,matched,exact-district-li-name
2002,中山區,江寧里,江寧里,馬英九,2264,data/raw/openfun/tw.gov.cec~txn~candidates-votes/2002/馬英九-village-votes-page-4.json,matched,exact-district-li-name
2002,中山區,行仁里,行仁里,李應元,2037,data/raw/openfun/tw.gov.cec~txn~candidates-votes/2002/李應元-village-votes-page-4.json,matched,exact-district-li-name
2002,中山區,行仁里,行仁里,馬英九,2665,data/raw/openfun/tw.gov.cec~txn~candidates-votes/2002/馬英九-village-votes-page-4.json,matched,exact-district-li-name
2002,中山區,行孝里,行孝里,李應元,1023,data/raw/openfun/tw.gov.cec~txn~candidates-votes/2002/李應元-village-votes-page-4.json,matched,exact-district-li-name
2002,中山區,行孝里,行孝里,馬英九,1386,data/raw/openfun/tw.gov.cec~txn~candidates-votes/2002/馬英九-village-votes-page-4.json,matched,exact-district-li-name
2002,中山區,行政里,行政里,李應元,1312,data/raw/openfun/tw.gov.cec~txn~candidates-votes/2002/李應元-village-votes-page-4.json,matched,exact-district-li-name
2002,中山區,行政里,行政里,馬英九,1710,data/raw/openfun/tw.gov.cec~txn~candidates-votes/2002/馬英九-village-votes-page-4.json,matched,exact-district-li-name
2002,中山區,松江里,松江里,李應元,1624,data/raw/openfun/tw.gov.cec~txn~candidates-votes/2002/李應元-village-votes-page-4.json,matched,exact-district-li-name
2002,中山區,松江里,松江里,馬英九,1899,data/raw/openfun/tw.gov.cec~txn~candidates-votes/2002/馬英九-village-votes-page-4.json,matched,exact-district-li-name
2002,中山區,金泰里,金泰里,李應元,811,data/raw/openfun/tw.gov.cec~txn~candidates-votes/2002/李應元-village-votes-page-4.json,matched,exact-district-li-name
2002,中山區,金泰里,金泰里,馬英九,1287,data/raw/openfun/tw.gov.cec~txn~candidates-votes/2002/馬英九-village-votes-page-4.json,matched,exact-district-li-name
2002,中山區,恆安里,恆安里,李應元,705,data/raw/openfun/tw.gov.cec~txn~candidates-votes/2002/李應元-village-votes-page-4.json,matched,exact-district-li-name
2002,中山區,恆安里,恆安里,馬英九,1016,data/raw/openfun/tw.gov.cec~txn~candidates-votes/2002/馬英九-village-votes-page-4.json,matched,exact-district-li-name
2002,中山區,埤頭里,埤頭里,李應元,845,data/raw/openfun/tw.gov.cec~txn~candidates-votes/2002/李應元-village-votes-page-4.json,matched,exact-district-li-name
2002,中山區,埤頭里,埤頭里,馬英九,1494,data/raw/openfun/tw.gov.cec~txn~candidates-votes/2002/馬英九-village-votes-page-4.json,matched,exact-district-li-name
2002,中山區,康樂里,康樂里,李應元,389,data/raw/openfun/tw.gov.cec~txn~candidates-votes/2002/李應元-village-votes-page-4.json,matched,exact-district-li-name
2002,中山區,康樂里,康樂里,馬英九,750,data/raw/openfun/tw.gov.cec~txn~candidates-votes/2002/馬英九-village-votes-page-4.json,matched,exact-district-li-name
2002,中山區,復華里,復華里,李應元,668,data/raw/openfun/tw.gov.cec~txn~candidates-votes/2002/李應元-village-votes-page-4.json,matched,exact-district-li-name
2002,中山區,復華里,復華里,馬英九,1453,data/raw/openfun/tw.gov.cec~txn~candidates-votes/2002/馬英九-village-votes-page-4.json,matched,exact-district-li-name
2002,中山區,晴光里,晴光里,李應元,773,data/raw/openfun/tw.gov.cec~txn~candidates-votes/2002/李應元-village-votes-page-4.json,matched,exact-district-li-name
2002,中山區,晴光里,晴光里,馬英九,1277,data/raw/openfun/tw.gov.cec~txn~candidates-votes/2002/馬英九-village-votes-page-4.json,matched,exact-district-li-name
2002,中山區,集英里,集英里,李應元,1503,data/raw/openfun/tw.gov.cec~txn~candidates-votes/2002/李應元-village-votes-page-4.json,matched,exact-district-li-name
2002,中山區,集英里,集英里,馬英九,1678,data/raw/openfun/tw.gov.cec~txn~candidates-votes/2002/馬英九-village-votes-page-4.json,matched,exact-district-li-name
2002,中山區,圓山里,圓山里,李應元,850,data/raw/openfun/tw.gov.cec~txn~candidates-votes/2002/李應元-village-votes-page-4.json,matched,exact-district-li-name
2002,中山區,圓山里,圓山里,馬英九,1102,data/raw/openfun/tw.gov.cec~txn~candidates-votes/2002/馬英九-village-votes-page-4.json,matched,exact-district-li-name
2002,中山區,新生里,新生里,李應元,1274,data/raw/openfun/tw.gov.cec~txn~candidates-votes/2002/李應元-village-votes-page-4.json,matched,exact-district-li-name
2002,中山區,新生里,新生里,馬英九,1522,data/raw/openfun/tw.gov.cec~txn~candidates-votes/2002/馬英九-village-votes-page-4.json,matched,exact-district-li-name
2002,中山區,新庄里,新庄里,李應元,1217,data/raw/openfun/tw.gov.cec~txn~candidates-votes/2002/李應元-village-votes-page-4.json,matched,exact-district-li-name
2002,中山區,新庄里,新庄里,馬英九,1555,data/raw/openfun/tw.gov.cec~txn~candidates-votes/2002/馬英九-village-votes-page-4.json,matched,exact-district-li-name
2002,中山區,新喜里,新喜里,李應元,1270,data/raw/openfun/tw.gov.cec~txn~candidates-votes/2002/李應元-village-votes-page-4.json,matched,exact-district-li-name
2002,中山區,新喜里,新喜里,馬英九,1550,data/raw/openfun/tw.gov.cec~txn~candidates-votes/2002/馬英九-village-votes-page-4.json,matched,exact-district-li-name
2002,中山區,新福里,新福里,李應元,1337,data/raw/openfun/tw.gov.cec~txn~candidates-votes/2002/李應元-village-votes-page-4.json,matched,exact-district-li-name
2002,中山區,新福里,新福里,馬英九,1452,data/raw/openfun/tw.gov.cec~txn~candidates-votes/2002/馬英九-village-votes-page-4.json,matched,exact-district-li-name
2002,中山區,聚盛里,聚盛里,李應元,681,data/raw/openfun/tw.gov.cec~txn~candidates-votes/2002/李應元-village-votes-page-4.json,matched,exact-district-li-name
2002,中山區,聚盛里,聚盛里,馬英九,1008,data/raw/openfun/tw.gov.cec~txn~candidates-votes/2002/馬英九-village-votes-page-4.json,matched,exact-district-li-name
2002,中山區,聚葉里,聚葉里,李應元,841,data/raw/openfun/tw.gov.cec~txn~candidates-votes/2002/李應元-village-votes-page-4.json,matched,exact-district-li-name
2002,中山區,聚葉里,聚葉里,馬英九,1079,data/raw/openfun/tw.gov.cec~txn~candidates-votes/2002/馬英九-village-votes-page-4.json,matched,exact-district-li-name
2002,中山區,劍潭里,劍潭里,李應元,206,data/raw/openfun/tw.gov.cec~txn~candidates-votes/2002/李應元-village-votes-page-4.json,matched,exact-district-li-name
2002,中山區,劍潭里,劍潭里,馬英九,2101,data/raw/openfun/tw.gov.cec~txn~candidates-votes/2002/馬英九-village-votes-page-4.json,matched,exact-district-li-name
2002,中山區,興亞里,興亞里,李應元,1214,data/raw/openfun/tw.gov.cec~txn~candidates-votes/2002/李應元-village-votes-page-4.json,matched,exact-district-li-name
2002,中山區,興亞里,興亞里,馬英九,1563,data/raw/openfun/tw.gov.cec~txn~candidates-votes/2002/馬英九-village-votes-page-4.json,matched,exact-district-li-name
2002,中山區,龍洲里,龍洲里,李應元,664,data/raw/openfun/tw.gov.cec~txn~candidates-votes/2002/李應元-village-votes-page-4.json,matched,exact-district-li-name
2002,中山區,龍洲里,龍洲里,馬英九,2542,data/raw/openfun/tw.gov.cec~txn~candidates-votes/2002/馬英九-village-votes-page-4.json,matched,exact-district-li-name
2002,中正區,三愛里,三愛里,李應元,1475,data/raw/openfun/tw.gov.cec~txn~candidates-votes/2002/李應元-village-votes-page-5.json,matched,exact-district-li-name
2002,中正區,三愛里,三愛里,馬英九,2603,data/raw/openfun/tw.gov.cec~txn~candidates-votes/2002/馬英九-village-votes-page-5.json,matched,exact-district-li-name
2002,中正區,文北里,文北里,李應元,993,data/raw/openfun/tw.gov.cec~txn~candidates-votes/2002/李應元-village-votes-page-5.json,matched,exact-district-li-name
2002,中正區,文北里,文北里,馬英九,1664,data/raw/openfun/tw.gov.cec~txn~candidates-votes/2002/馬英九-village-votes-page-5.json,matched,exact-district-li-name
2002,中正區,文盛里,文盛里,李應元,533,data/raw/openfun/tw.gov.cec~txn~candidates-votes/2002/李應元-village-votes-page-5.json,matched,exact-district-li-name
2002,中正區,文盛里,文盛里,馬英九,1011,data/raw/openfun/tw.gov.cec~txn~candidates-votes/2002/馬英九-village-votes-page-5.json,matched,exact-district-li-name
2002,中正區,文祥里,文祥里,李應元,1324,data/raw/openfun/tw.gov.cec~txn~candidates-votes/2002/李應元-village-votes-page-5.json,matched,exact-district-li-name
2002,中正區,文祥里,文祥里,馬英九,2428,data/raw/openfun/tw.gov.cec~txn~candidates-votes/2002/馬英九-village-votes-page-5.json,matched,exact-district-li-name
2002,中正區,水源里,水源里,李應元,645,data/raw/openfun/tw.gov.cec~txn~candidates-votes/2002/李應元-village-votes-page-5.json,matched,exact-district-li-name
2002,中正區,水源里,水源里,馬英九,1113,data/raw/openfun/tw.gov.cec~txn~candidates-votes/2002/馬英九-village-votes-page-5.json,matched,exact-district-li-name
2002,中正區,永功里,永功里,李應元,1317,data/raw/openfun/tw.gov.cec~txn~candidates-votes/2002/李應元-village-votes-page-5.json,matched,exact-district-li-name
2002,中正區,永功里,永功里,馬英九,2212,data/raw/openfun/tw.gov.cec~txn~candidates-votes/2002/馬英九-village-votes-page-5.json,matched,exact-district-li-name
2002,中正區,永昌里,永昌里,李應元,1132,data/raw/openfun/tw.gov.cec~txn~candidates-votes/2002/李應元-village-votes-page-5.json,matched,exact-district-li-name
2002,中正區,永昌里,永昌里,馬英九,1943,data/raw/openfun/tw.gov.cec~txn~candidates-votes/2002/馬英九-village-votes-page-5.json,matched,exact-district-li-name
2002,中正區,光復里,光復里,李應元,699,data/raw/openfun/tw.gov.cec~txn~candidates-votes/2002/李應元-village-votes-page-5.json,matched,exact-district-li-name
2002,中正區,光復里,光復里,馬英九,1177,data/raw/openfun/tw.gov.cec~txn~candidates-votes/2002/馬英九-village-votes-page-5.json,matched,exact-district-li-name
2002,中正區,幸市里,幸市里,李應元,1135,data/raw/openfun/tw.gov.cec~txn~candidates-votes/2002/李應元-village-votes-page-5.json,matched,exact-district-li-name
2002,中正區,幸市里,幸市里,馬英九,1184,data/raw/openfun/tw.gov.cec~txn~candidates-votes/2002/馬英九-village-votes-page-5.json,matched,exact-district-li-name
2002,中正區,幸福里,幸福里,李應元,796,data/raw/openfun/tw.gov.cec~txn~candidates-votes/2002/李應元-village-votes-page-5.json,matched,exact-district-li-name
2002,中正區,幸福里,幸福里,馬英九,1556,data/raw/openfun/tw.gov.cec~txn~candidates-votes/2002/馬英九-village-votes-page-5.json,matched,exact-district-li-name
2002,中正區,忠勤里,忠勤里,李應元,1215,data/raw/openfun/tw.gov.cec~txn~candidates-votes/2002/李應元-village-votes-page-5.json,matched,exact-district-li-name
2002,中正區,忠勤里,忠勤里,馬英九,2751,data/raw/openfun/tw.gov.cec~txn~candidates-votes/2002/馬英九-village-votes-page-5.json,matched,exact-district-li-name
2002,中正區,東門里,東門里,李應元,618,data/raw/openfun/tw.gov.cec~txn~candidates-votes/2002/李應元-village-votes-page-5.json,matched,exact-district-li-name
2002,中正區,東門里,東門里,馬英九,1823,data/raw/openfun/tw.gov.cec~txn~candidates-votes/2002/馬英九-village-votes-page-5.json,matched,exact-district-li-name
2002,中正區,板溪里,板溪里,李應元,694,data/raw/openfun/tw.gov.cec~txn~candidates-votes/2002/李應元-village-votes-page-5.json,matched,exact-district-li-name
2002,中正區,板溪里,板溪里,馬英九,1284,data/raw/openfun/tw.gov.cec~txn~candidates-votes/2002/馬英九-village-votes-page-5.json,matched,exact-district-li-name
2002,中正區,林興里,林興里,李應元,739,data/raw/openfun/tw.gov.cec~txn~candidates-votes/2002/李應元-village-votes-page-5.json,matched,exact-district-li-name
2002,中正區,林興里,林興里,馬英九,1932,data/raw/openfun/tw.gov.cec~txn~candidates-votes/2002/馬英九-village-votes-page-5.json,matched,exact-district-li-name
2002,中正區,河堤里,河堤里,李應元,786,data/raw/openfun/tw.gov.cec~txn~candidates-votes/2002/李應元-village-votes-page-5.json,matched,exact-district-li-name
2002,中正區,河堤里,河堤里,馬英九,1874,data/raw/openfun/tw.gov.cec~txn~candidates-votes/2002/馬英九-village-votes-page-5.json,matched,exact-district-li-name
2002,中正區,南門里,南門里,李應元,427,data/raw/openfun/tw.gov.cec~txn~candidates-votes/2002/李應元-village-votes-page-5.json,matched,exact-district-li-name
2002,中正區,南門里,南門里,馬英九,1397,data/raw/openfun/tw.gov.cec~txn~candidates-votes/2002/馬英九-village-votes-page-5.json,matched,exact-district-li-name
2002,中正區,南福里,南福里,李應元,1394,data/raw/openfun/tw.gov.cec~txn~candidates-votes/2002/李應元-village-votes-page-5.json,matched,exact-district-li-name
2002,中正區,南福里,南福里,馬英九,2836,data/raw/openfun/tw.gov.cec~txn~candidates-votes/2002/馬英九-village-votes-page-5.json,matched,exact-district-li-name
2002,中正區,建國里,建國里,李應元,182,data/raw/openfun/tw.gov.cec~txn~candidates-votes/2002/李應元-village-votes-page-5.json,matched,exact-district-li-name
2002,中正區,建國里,建國里,馬英九,512,data/raw/openfun/tw.gov.cec~txn~candidates-votes/2002/馬英九-village-votes-page-5.json,matched,exact-district-li-name
2002,中正區,梅花里,梅花里,李應元,695,data/raw/openfun/tw.gov.cec~txn~candidates-votes/2002/李應元-village-votes-page-5.json,matched,exact-district-li-name
2002,中正區,梅花里,梅花里,馬英九,1210,data/raw/openfun/tw.gov.cec~txn~candidates-votes/2002/馬英九-village-votes-page-5.json,matched,exact-district-li-name
2002,中正區,頂東里,頂東里,李應元,1153,data/raw/openfun/tw.gov.cec~txn~candidates-votes/2002/李應元-village-votes-page-5.json,matched,exact-district-li-name
2002,中正區,頂東里,頂東里,馬英九,2128,data/raw/openfun/tw.gov.cec~txn~candidates-votes/2002/馬英九-village-votes-page-5.json,matched,exact-district-li-name
2002,中正區,富水里,富水里,李應元,277,data/raw/openfun/tw.gov.cec~txn~candidates-votes/2002/李應元-village-votes-page-5.json,matched,exact-district-li-name
2002,中正區,富水里,富水里,馬英九,1466,data/raw/openfun/tw.gov.cec~txn~candidates-votes/2002/馬英九-village-votes-page-5.json,matched,exact-district-li-name
2002,中正區,廈安里,廈安里,李應元,731,data/raw/openfun/tw.gov.cec~txn~candidates-votes/2002/李應元-village-votes-page-5.json,matched,exact-district-li-name
2002,中正區,廈安里,廈安里,馬英九,1299,data/raw/openfun/tw.gov.cec~txn~candidates-votes/2002/馬英九-village-votes-page-5.json,matched,exact-district-li-name
2002,中正區,愛國里,愛國里,李應元,634,data/raw/openfun/tw.gov.cec~txn~candidates-votes/2002/李應元-village-votes-page-5.json,matched,exact-district-li-name
2002,中正區,愛國里,愛國里,馬英九,1168,data/raw/openfun/tw.gov.cec~txn~candidates-votes/2002/馬英九-village-votes-page-5.json,matched,exact-district-li-name
2002,中正區,新營里,新營里,李應元,1189,data/raw/openfun/tw.gov.cec~txn~candidates-votes/2002/李應元-village-votes-page-5.json,matched,exact-district-li-name
2002,中正區,新營里,新營里,馬英九,3236,data/raw/openfun/tw.gov.cec~txn~candidates-votes/2002/馬英九-village-votes-page-5.json,matched,exact-district-li-name
2002,中正區,網溪里,網溪里,李應元,1041,data/raw/openfun/tw.gov.cec~txn~candidates-votes/2002/李應元-village-votes-page-5.json,matched,exact-district-li-name
2002,中正區,網溪里,網溪里,馬英九,2095,data/raw/openfun/tw.gov.cec~txn~candidates-votes/2002/馬英九-village-votes-page-5.json,matched,exact-district-li-name
2002,中正區,黎明里,黎明里,李應元,499,data/raw/openfun/tw.gov.cec~txn~candidates-votes/2002/李應元-village-votes-page-5.json,matched,exact-district-li-name
2002,中正區,黎明里,黎明里,馬英九,1049,data/raw/openfun/tw.gov.cec~txn~candidates-votes/2002/馬英九-village-votes-page-5.json,matched,exact-district-li-name
2002,中正區,螢圃里,螢圃里,李應元,1058,data/raw/openfun/tw.gov.cec~txn~candidates-votes/2002/李應元-village-votes-page-5.json,matched,exact-district-li-name
2002,中正區,螢圃里,螢圃里,馬英九,2078,data/raw/openfun/tw.gov.cec~txn~candidates-votes/2002/馬英九-village-votes-page-5.json,matched,exact-district-li-name
2002,中正區,螢雪里,螢雪里,李應元,861,data/raw/openfun/tw.gov.cec~txn~candidates-votes/2002/李應元-village-votes-page-5.json,matched,exact-district-li-name
2002,中正區,螢雪里,螢雪里,馬英九,1716,data/raw/openfun/tw.gov.cec~txn~candidates-votes/2002/馬英九-village-votes-page-5.json,matched,exact-district-li-name
2002,中正區,龍光里,龍光里,李應元,585,data/raw/openfun/tw.gov.cec~txn~candidates-votes/2002/李應元-village-votes-page-5.json,matched,exact-district-li-name
2002,中正區,龍光里,龍光里,馬英九,1435,data/raw/openfun/tw.gov.cec~txn~candidates-votes/2002/馬英九-village-votes-page-5.json,matched,exact-district-li-name
2002,中正區,龍福里,龍福里,李應元,1073,data/raw/openfun/tw.gov.cec~txn~candidates-votes/2002/李應元-village-votes-page-5.json,matched,exact-district-li-name
2002,中正區,龍福里,龍福里,馬英九,2297,data/raw/openfun/tw.gov.cec~txn~candidates-votes/2002/馬英九-village-votes-page-5.json,matched,exact-district-li-name
2002,中正區,龍興里,龍興里,李應元,745,data/raw/openfun/tw.gov.cec~txn~candidates-votes/2002/李應元-village-votes-page-5.json,matched,exact-district-li-name
2002,中正區,龍興里,龍興里,馬英九,1473,data/raw/openfun/tw.gov.cec~txn~candidates-votes/2002/馬英九-village-votes-page-5.json,matched,exact-district-li-name
2002,內湖區,大湖里,大湖里,李應元,848,data/raw/openfun/tw.gov.cec~txn~candidates-votes/2002/李應元-village-votes-page-2.json,matched,exact-district-li-name
2002,內湖區,大湖里,大湖里,馬英九,1840,data/raw/openfun/tw.gov.cec~txn~candidates-votes/2002/馬英九-village-votes-page-2.json,matched,exact-district-li-name
2002,內湖區,五分里,五分里,李應元,1663,data/raw/openfun/tw.gov.cec~txn~candidates-votes/2002/李應元-village-votes-page-2.json,matched,exact-district-li-name
2002,內湖區,五分里,五分里,馬英九,2994,data/raw/openfun/tw.gov.cec~txn~candidates-votes/2002/馬英九-village-votes-page-2.json,matched,exact-district-li-name
2002,內湖區,內湖里,內湖里,李應元,906,data/raw/openfun/tw.gov.cec~txn~candidates-votes/2002/李應元-village-votes-page-2.json,matched,exact-district-li-name
2002,內湖區,內湖里,內湖里,馬英九,2152,data/raw/openfun/tw.gov.cec~txn~candidates-votes/2002/馬英九-village-votes-page-2.json,matched,exact-district-li-name
2002,內湖區,內溝里,內溝里,李應元,748,data/raw/openfun/tw.gov.cec~txn~candidates-votes/2002/李應元-village-votes-page-2.json,matched,exact-district-li-name
2002,內湖區,內溝里,內溝里,馬英九,1466,data/raw/openfun/tw.gov.cec~txn~candidates-votes/2002/馬英九-village-votes-page-2.json,matched,exact-district-li-name
2002,內湖區,石潭里,石潭里,李應元,751,data/raw/openfun/tw.gov.cec~txn~candidates-votes/2002/李應元-village-votes-page-2.json,matched,exact-district-li-name
2002,內湖區,石潭里,石潭里,馬英九,754,data/raw/openfun/tw.gov.cec~txn~candidates-votes/2002/馬英九-village-votes-page-2.json,matched,exact-district-li-name
2002,內湖區,安泰里,安泰里,李應元,787,data/raw/openfun/tw.gov.cec~txn~candidates-votes/2002/李應元-village-votes-page-2.json,matched,exact-district-li-name
2002,內湖區,安泰里,安泰里,馬英九,1722,data/raw/openfun/tw.gov.cec~txn~candidates-votes/2002/馬英九-village-votes-page-2.json,matched,exact-district-li-name
2002,內湖區,安湖里,安湖里,李應元,1184,data/raw/openfun/tw.gov.cec~txn~candidates-votes/2002/李應元-village-votes-page-2.json,matched,exact-district-li-name
2002,內湖區,安湖里,安湖里,馬英九,2451,data/raw/openfun/tw.gov.cec~txn~candidates-votes/2002/馬英九-village-votes-page-2.json,matched,exact-district-li-name
2002,內湖區,行善里,行善里,李應元,1363,data/raw/openfun/tw.gov.cec~txn~candidates-votes/2002/李應元-village-votes-page-2.json,matched,exact-district-li-name
2002,內湖區,行善里,行善里,馬英九,2232,data/raw/openfun/tw.gov.cec~txn~candidates-votes/2002/馬英九-village-votes-page-2.json,matched,exact-district-li-name
2002,內湖區,西安里,西安里,李應元,1120,data/raw/openfun/tw.gov.cec~txn~candidates-votes/2002/李應元-village-votes-page-2.json,matched,exact-district-li-name
2002,內湖區,西安里,西安里,馬英九,2300,data/raw/openfun/tw.gov.cec~txn~candidates-votes/2002/馬英九-village-votes-page-2.json,matched,exact-district-li-name
2002,內湖區,西康里,西康里,李應元,1305,data/raw/openfun/tw.gov.cec~txn~candidates-votes/2002/李應元-village-votes-page-2.json,matched,exact-district-li-name
2002,內湖區,西康里,西康里,馬英九,3108,data/raw/openfun/tw.gov.cec~txn~candidates-votes/2002/馬英九-village-votes-page-2.json,matched,exact-district-li-name
2002,內湖區,西湖里,西湖里,李應元,1697,data/raw/openfun/tw.gov.cec~txn~candidates-votes/2002/李應元-village-votes-page-2.json,matched,exact-district-li-name
2002,內湖區,西湖里,西湖里,馬英九,2655,data/raw/openfun/tw.gov.cec~txn~candidates-votes/2002/馬英九-village-votes-page-2.json,matched,exact-district-li-name
2002,內湖區,秀湖里,秀湖里,李應元,1073,data/raw/openfun/tw.gov.cec~txn~candidates-votes/2002/李應元-village-votes-page-2.json,matched,exact-district-li-name
2002,內湖區,秀湖里,秀湖里,馬英九,2229,data/raw/openfun/tw.gov.cec~txn~candidates-votes/2002/馬英九-village-votes-page-2.json,matched,exact-district-li-name
2002,內湖區,明湖里,明湖里,李應元,829,data/raw/openfun/tw.gov.cec~txn~candidates-votes/2002/李應元-village-votes-page-2.json,matched,exact-district-li-name
2002,內湖區,明湖里,明湖里,馬英九,1707,data/raw/openfun/tw.gov.cec~txn~candidates-votes/2002/馬英九-village-votes-page-2.json,matched,exact-district-li-name
2002,內湖區,東湖里,東湖里,李應元,1403,data/raw/openfun/tw.gov.cec~txn~candidates-votes/2002/李應元-village-votes-page-2.json,matched,exact-district-li-name
2002,內湖區,東湖里,東湖里,馬英九,2610,data/raw/openfun/tw.gov.cec~txn~candidates-votes/2002/馬英九-village-votes-page-2.json,matched,exact-district-li-name
2002,內湖區,金湖里,金湖里,李應元,828,data/raw/openfun/tw.gov.cec~txn~candidates-votes/2002/李應元-village-votes-page-2.json,matched,exact-district-li-name
2002,內湖區,金湖里,金湖里,馬英九,2099,data/raw/openfun/tw.gov.cec~txn~candidates-votes/2002/馬英九-village-votes-page-2.json,matched,exact-district-li-name
2002,內湖區,金瑞里,金瑞里,李應元,1140,data/raw/openfun/tw.gov.cec~txn~candidates-votes/2002/李應元-village-votes-page-2.json,matched,exact-district-li-name
2002,內湖區,金瑞里,金瑞里,馬英九,2369,data/raw/openfun/tw.gov.cec~txn~candidates-votes/2002/馬英九-village-votes-page-2.json,matched,exact-district-li-name
2002,內湖區,金龍里,金龍里,李應元,1033,data/raw/openfun/tw.gov.cec~txn~candidates-votes/2002/李應元-village-votes-page-2.json,matched,exact-district-li-name
2002,內湖區,金龍里,金龍里,馬英九,2134,data/raw/openfun/tw.gov.cec~txn~candidates-votes/2002/馬英九-village-votes-page-2.json,matched,exact-district-li-name
2002,內湖區,康寧里,康寧里,李應元,1225,data/raw/openfun/tw.gov.cec~txn~candidates-votes/2002/李應元-village-votes-page-2.json,matched,exact-district-li-name
2002,內湖區,康寧里,康寧里,馬英九,2798,data/raw/openfun/tw.gov.cec~txn~candidates-votes/2002/馬英九-village-votes-page-2.json,matched,exact-district-li-name
2002,內湖區,清白里,清白里,李應元,1003,data/raw/openfun/tw.gov.cec~txn~candidates-votes/2002/李應元-village-votes-page-2.json,matched,exact-district-li-name
2002,內湖區,清白里,清白里,馬英九,2493,data/raw/openfun/tw.gov.cec~txn~candidates-votes/2002/馬英九-village-votes-page-2.json,matched,exact-district-li-name
2002,內湖區,港都里,港都里,李應元,1075,data/raw/openfun/tw.gov.cec~txn~candidates-votes/2002/李應元-village-votes-page-2.json,matched,exact-district-li-name
2002,內湖區,港都里,港都里,馬英九,1823,data/raw/openfun/tw.gov.cec~txn~candidates-votes/2002/馬英九-village-votes-page-2.json,matched,exact-district-li-name
2002,內湖區,港富里,港富里,李應元,1932,data/raw/openfun/tw.gov.cec~txn~candidates-votes/2002/李應元-village-votes-page-2.json,matched,exact-district-li-name
2002,內湖區,港富里,港富里,馬英九,3097,data/raw/openfun/tw.gov.cec~txn~candidates-votes/2002/馬英九-village-votes-page-2.json,matched,exact-district-li-name
2002,內湖區,港華里,港華里,李應元,1539,data/raw/openfun/tw.gov.cec~txn~candidates-votes/2002/李應元-village-votes-page-2.json,matched,exact-district-li-name
2002,內湖區,港華里,港華里,馬英九,2874,data/raw/openfun/tw.gov.cec~txn~candidates-votes/2002/馬英九-village-votes-page-2.json,matched,exact-district-li-name
2002,內湖區,港墘里,港墘里,李應元,1135,data/raw/openfun/tw.gov.cec~txn~candidates-votes/2002/李應元-village-votes-page-2.json,matched,exact-district-li-name
2002,內湖區,港墘里,港墘里,馬英九,2009,data/raw/openfun/tw.gov.cec~txn~candidates-votes/2002/馬英九-village-votes-page-2.json,matched,exact-district-li-name
2002,內湖區,湖元里,湖元里,李應元,962,data/raw/openfun/tw.gov.cec~txn~candidates-votes/2002/李應元-village-votes-page-2.json,matched,exact-district-li-name
2002,內湖區,湖元里,湖元里,馬英九,1788,data/raw/openfun/tw.gov.cec~txn~candidates-votes/2002/馬英九-village-votes-page-2.json,matched,exact-district-li-name
2002,內湖區,湖興里,湖興里,李應元,1628,data/raw/openfun/tw.gov.cec~txn~candidates-votes/2002/李應元-village-votes-page-2.json,matched,exact-district-li-name
2002,內湖區,湖興里,湖興里,馬英九,2962,data/raw/openfun/tw.gov.cec~txn~candidates-votes/2002/馬英九-village-votes-page-2.json,matched,exact-district-li-name
2002,內湖區,湖濱里,湖濱里,李應元,1132,data/raw/openfun/tw.gov.cec~txn~candidates-votes/2002/李應元-village-votes-page-2.json,matched,exact-district-li-name
2002,內湖區,湖濱里,湖濱里,馬英九,2960,data/raw/openfun/tw.gov.cec~txn~candidates-votes/2002/馬英九-village-votes-page-2.json,matched,exact-district-li-name
2002,內湖區,紫星里,紫星里,李應元,1596,data/raw/openfun/tw.gov.cec~txn~candidates-votes/2002/李應元-village-votes-page-2.json,matched,exact-district-li-name
2002,內湖區,紫星里,紫星里,馬英九,3051,data/raw/openfun/tw.gov.cec~txn~candidates-votes/2002/馬英九-village-votes-page-2.json,matched,exact-district-li-name
2002,內湖區,紫陽里,紫陽里,李應元,1743,data/raw/openfun/tw.gov.cec~txn~candidates-votes/2002/李應元-village-votes-page-2.json,matched,exact-district-li-name
2002,內湖區,紫陽里,紫陽里,馬英九,2187,data/raw/openfun/tw.gov.cec~txn~candidates-votes/2002/馬英九-village-votes-page-2.json,matched,exact-district-li-name
2002,內湖區,紫雲里,紫雲里,李應元,771,data/raw/openfun/tw.gov.cec~txn~candidates-votes/2002/李應元-village-votes-page-2.json,matched,exact-district-li-name
2002,內湖區,紫雲里,紫雲里,馬英九,2527,data/raw/openfun/tw.gov.cec~txn~candidates-votes/2002/馬英九-village-votes-page-2.json,matched,exact-district-li-name
2002,內湖區,週美里,週美里,李應元,1335,data/raw/openfun/tw.gov.cec~txn~candidates-votes/2002/李應元-village-votes-page-2.json,matched,exact-district-li-name
2002,內湖區,週美里,週美里,馬英九,1350,data/raw/openfun/tw.gov.cec~txn~candidates-votes/2002/馬英九-village-votes-page-2.json,matched,exact-district-li-name
2002,內湖區,瑞光里,瑞光里,李應元,683,data/raw/openfun/tw.gov.cec~txn~candidates-votes/2002/李應元-village-votes-page-2.json,matched,exact-district-li-name
2002,內湖區,瑞光里,瑞光里,馬英九,2089,data/raw/openfun/tw.gov.cec~txn~candidates-votes/2002/馬英九-village-votes-page-2.json,matched,exact-district-li-name
2002,內湖區,瑞陽里,瑞陽里,李應元,1059,data/raw/openfun/tw.gov.cec~txn~candidates-votes/2002/李應元-village-votes-page-2.json,matched,exact-district-li-name
2002,內湖區,瑞陽里,瑞陽里,馬英九,3791,data/raw/openfun/tw.gov.cec~txn~candidates-votes/2002/馬英九-village-votes-page-2.json,matched,exact-district-li-name
2002,內湖區,葫洲里,葫洲里,李應元,1372,data/raw/openfun/tw.gov.cec~txn~candidates-votes/2002/李應元-village-votes-page-2.json,matched,exact-district-li-name
2002,內湖區,葫洲里,葫洲里,馬英九,3410,data/raw/openfun/tw.gov.cec~txn~candidates-votes/2002/馬英九-village-votes-page-2.json,matched,exact-district-li-name
2002,內湖區,碧山里,碧山里,李應元,1229,data/raw/openfun/tw.gov.cec~txn~candidates-votes/2002/李應元-village-votes-page-2.json,matched,exact-district-li-name
2002,內湖區,碧山里,碧山里,馬英九,2510,data/raw/openfun/tw.gov.cec~txn~candidates-votes/2002/馬英九-village-votes-page-2.json,matched,exact-district-li-name
2002,內湖區,樂康里,樂康里,李應元,1429,data/raw/openfun/tw.gov.cec~txn~candidates-votes/2002/李應元-village-votes-page-2.json,matched,exact-district-li-name
2002,內湖區,樂康里,樂康里,馬英九,2655,data/raw/openfun/tw.gov.cec~txn~candidates-votes/2002/馬英九-village-votes-page-2.json,matched,exact-district-li-name
2002,內湖區,麗山里,麗山里,李應元,1164,data/raw/openfun/tw.gov.cec~txn~candidates-votes/2002/李應元-village-votes-page-2.json,matched,exact-district-li-name
2002,內湖區,麗山里,麗山里,馬英九,1790,data/raw/openfun/tw.gov.cec~txn~candidates-votes/2002/馬英九-village-votes-page-2.json,matched,exact-district-li-name
2002,內湖區,蘆洲里,蘆洲里,李應元,204,data/raw/openfun/tw.gov.cec~txn~candidates-votes/2002/李應元-village-votes-page-2.json,matched,exact-district-li-name
2002,內湖區,蘆洲里,蘆洲里,馬英九,320,data/raw/openfun/tw.gov.cec~txn~candidates-votes/2002/馬英九-village-votes-page-2.json,matched,exact-district-li-name
2002,文山區,木柵里,木柵里,李應元,984,data/raw/openfun/tw.gov.cec~txn~candidates-votes/2002/李應元-village-votes-page-7.json,matched,exact-district-li-name
2002,文山區,木柵里,木柵里,馬英九,3355,data/raw/openfun/tw.gov.cec~txn~candidates-votes/2002/馬英九-village-votes-page-7.json,matched,exact-district-li-name
2002,文山區,木新里,木新里,李應元,1492,data/raw/openfun/tw.gov.cec~txn~candidates-votes/2002/李應元-village-votes-page-7.json,matched,exact-district-li-name
2002,文山區,木新里,木新里,馬英九,3388,data/raw/openfun/tw.gov.cec~txn~candidates-votes/2002/馬英九-village-votes-page-7.json,matched,exact-district-li-name
2002,文山區,老泉里,老泉里,李應元,247,data/raw/openfun/tw.gov.cec~txn~candidates-votes/2002/李應元-village-votes-page-7.json,matched,exact-district-li-name
2002,文山區,老泉里,老泉里,馬英九,249,data/raw/openfun/tw.gov.cec~txn~candidates-votes/2002/馬英九-village-votes-page-7.json,matched,exact-district-li-name
2002,文山區,忠順里,忠順里,李應元,422,data/raw/openfun/tw.gov.cec~txn~candidates-votes/2002/李應元-village-votes-page-7.json,matched,exact-district-li-name
2002,文山區,忠順里,忠順里,馬英九,1712,data/raw/openfun/tw.gov.cec~txn~candidates-votes/2002/馬英九-village-votes-page-7.json,matched,exact-district-li-name
2002,文山區,明義里,明義里,李應元,593,data/raw/openfun/tw.gov.cec~txn~candidates-votes/2002/李應元-village-votes-page-7.json,matched,exact-district-li-name
2002,文山區,明義里,明義里,馬英九,1969,data/raw/openfun/tw.gov.cec~txn~candidates-votes/2002/馬英九-village-votes-page-7.json,matched,exact-district-li-name
2002,文山區,明興里,明興里,李應元,886,data/raw/openfun/tw.gov.cec~txn~candidates-votes/2002/李應元-village-votes-page-7.json,matched,exact-district-li-name
2002,文山區,明興里,明興里,馬英九,3040,data/raw/openfun/tw.gov.cec~txn~candidates-votes/2002/馬英九-village-votes-page-7.json,matched,exact-district-li-name
2002,文山區,指南里,指南里,李應元,655,data/raw/openfun/tw.gov.cec~txn~candidates-votes/2002/李應元-village-votes-page-7.json,matched,exact-district-li-name
2002,文山區,指南里,指南里,馬英九,1017,data/raw/openfun/tw.gov.cec~txn~candidates-votes/2002/馬英九-village-votes-page-7.json,matched,exact-district-li-name
2002,文山區,博嘉里,博嘉里,李應元,759,data/raw/openfun/tw.gov.cec~txn~candidates-votes/2002/李應元-village-votes-page-7.json,matched,exact-district-li-name
2002,文山區,博嘉里,博嘉里,馬英九,1852,data/raw/openfun/tw.gov.cec~txn~candidates-votes/2002/馬英九-village-votes-page-7.json,matched,exact-district-li-name
2002,文山區,景仁里,景仁里,李應元,736,data/raw/openfun/tw.gov.cec~txn~candidates-votes/2002/李應元-village-votes-page-6.json,matched,exact-district-li-name
2002,文山區,景仁里,景仁里,馬英九,1939,data/raw/openfun/tw.gov.cec~txn~candidates-votes/2002/馬英九-village-votes-page-6.json,matched,exact-district-li-name
2002,文山區,景行里,景行里,李應元,1209,data/raw/openfun/tw.gov.cec~txn~candidates-votes/2002/李應元-village-votes-page-6.json,matched,exact-district-li-name
2002,文山區,景行里,景行里,馬英九,1800,data/raw/openfun/tw.gov.cec~txn~candidates-votes/2002/馬英九-village-votes-page-6.json,matched,exact-district-li-name
2002,文山區,景東里,景東里,李應元,856,data/raw/openfun/tw.gov.cec~txn~candidates-votes/2002/李應元-village-votes-page-6.json,matched,exact-district-li-name
2002,文山區,景東里,景東里,馬英九,2828,data/raw/openfun/tw.gov.cec~txn~candidates-votes/2002/馬英九-village-votes-page-6.json,matched,exact-district-li-name
2002,文山區,景美里,景美里,李應元,788,data/raw/openfun/tw.gov.cec~txn~candidates-votes/2002/李應元-village-votes-page-6.json,matched,exact-district-li-name
2002,文山區,景美里,景美里,馬英九,1732,data/raw/openfun/tw.gov.cec~txn~candidates-votes/2002/馬英九-village-votes-page-6.json,matched,exact-district-li-name
2002,文山區,景華里,景華里,李應元,877,data/raw/openfun/tw.gov.cec~txn~candidates-votes/2002/李應元-village-votes-page-6.json,matched,exact-district-li-name
2002,文山區,景華里,景華里,馬英九,2265,data/raw/openfun/tw.gov.cec~txn~candidates-votes/2002/馬英九-village-votes-page-6.json,matched,exact-district-li-name
2002,文山區,景慶里,景慶里,李應元,1020,data/raw/openfun/tw.gov.cec~txn~candidates-votes/2002/李應元-village-votes-page-6.json,matched,exact-district-li-name
2002,文山區,景慶里,景慶里,馬英九,2547,data/raw/openfun/tw.gov.cec~txn~candidates-votes/2002/馬英九-village-votes-page-6.json,matched,exact-district-li-name
2002,文山區,華興里,華興里,李應元,1051,data/raw/openfun/tw.gov.cec~txn~candidates-votes/2002/李應元-village-votes-page-7.json,matched,exact-district-li-name
2002,文山區,華興里,華興里,馬英九,3147,data/raw/openfun/tw.gov.cec~txn~candidates-votes/2002/馬英九-village-votes-page-7.json,matched,exact-district-li-name
2002,文山區,順興里,順興里,李應元,1148,data/raw/openfun/tw.gov.cec~txn~candidates-votes/2002/李應元-village-votes-page-7.json,matched,exact-district-li-name
2002,文山區,順興里,順興里,馬英九,2789,data/raw/openfun/tw.gov.cec~txn~candidates-votes/2002/馬英九-village-votes-page-7.json,matched,exact-district-li-name
2002,文山區,萬年里,萬年里,李應元,935,data/raw/openfun/tw.gov.cec~txn~candidates-votes/2002/李應元-village-votes-page-6.json,matched,exact-district-li-name
2002,文山區,萬年里,萬年里,馬英九,2029,data/raw/openfun/tw.gov.cec~txn~candidates-votes/2002/馬英九-village-votes-page-6.json,matched,exact-district-li-name
2002,文山區,萬有里,萬有里,李應元,791,data/raw/openfun/tw.gov.cec~txn~candidates-votes/2002/李應元-village-votes-page-6.json,matched,exact-district-li-name
2002,文山區,萬有里,萬有里,馬英九,1942,data/raw/openfun/tw.gov.cec~txn~candidates-votes/2002/馬英九-village-votes-page-6.json,matched,exact-district-li-name
2002,文山區,萬和里,萬和里,李應元,347,data/raw/openfun/tw.gov.cec~txn~candidates-votes/2002/李應元-village-votes-page-6.json,matched,exact-district-li-name
2002,文山區,萬和里,萬和里,馬英九,1761,data/raw/openfun/tw.gov.cec~txn~candidates-votes/2002/馬英九-village-votes-page-6.json,matched,exact-district-li-name
2002,文山區,萬芳里,萬芳里,李應元,932,data/raw/openfun/tw.gov.cec~txn~candidates-votes/2002/李應元-village-votes-page-7.json,matched,exact-district-li-name
2002,文山區,萬芳里,萬芳里,馬英九,3055,data/raw/openfun/tw.gov.cec~txn~candidates-votes/2002/馬英九-village-votes-page-7.json,matched,exact-district-li-name
2002,文山區,萬美里,萬美里,李應元,879,data/raw/openfun/tw.gov.cec~txn~candidates-votes/2002/李應元-village-votes-page-7.json,matched,exact-district-li-name
2002,文山區,萬美里,萬美里,馬英九,2645,data/raw/openfun/tw.gov.cec~txn~candidates-votes/2002/馬英九-village-votes-page-7.json,matched,exact-district-li-name
2002,文山區,萬盛里,萬盛里,李應元,705,data/raw/openfun/tw.gov.cec~txn~candidates-votes/2002/李應元-village-votes-page-6.json,matched,exact-district-li-name
2002,文山區,萬盛里,萬盛里,馬英九,2059,data/raw/openfun/tw.gov.cec~txn~candidates-votes/2002/馬英九-village-votes-page-6.json,matched,exact-district-li-name
2002,文山區,萬祥里,萬祥里,李應元,727,data/raw/openfun/tw.gov.cec~txn~candidates-votes/2002/李應元-village-votes-page-6.json,matched,exact-district-li-name
2002,文山區,萬祥里,萬祥里,馬英九,1791,data/raw/openfun/tw.gov.cec~txn~candidates-votes/2002/馬英九-village-votes-page-6.json,matched,exact-district-li-name
2002,文山區,萬隆里,萬隆里,李應元,1019,data/raw/openfun/tw.gov.cec~txn~candidates-votes/2002/李應元-village-votes-page-6.json,matched,exact-district-li-name
2002,文山區,萬隆里,萬隆里,馬英九,2928,data/raw/openfun/tw.gov.cec~txn~candidates-votes/2002/馬英九-village-votes-page-6.json,matched,exact-district-li-name
2002,文山區,萬興里,萬興里,李應元,1607,data/raw/openfun/tw.gov.cec~txn~candidates-votes/2002/李應元-village-votes-page-7.json,matched,exact-district-li-name
2002,文山區,萬興里,萬興里,馬英九,3991,data/raw/openfun/tw.gov.cec~txn~candidates-votes/2002/馬英九-village-votes-page-7.json,matched,exact-district-li-name
2002,文山區,試院里,試院里,李應元,755,data/raw/openfun/tw.gov.cec~txn~candidates-votes/2002/李應元-village-votes-page-6.json,matched,exact-district-li-name
2002,文山區,試院里,試院里,馬英九,2856,data/raw/openfun/tw.gov.cec~txn~candidates-votes/2002/馬英九-village-votes-page-6.json,matched,exact-district-li-name
2002,文山區,樟林里,樟林里,李應元,1143,data/raw/openfun/tw.gov.cec~txn~candidates-votes/2002/李應元-village-votes-page-7.json,matched,exact-district-li-name
2002,文山區,樟林里,樟林里,馬英九,3608,data/raw/openfun/tw.gov.cec~txn~candidates-votes/2002/馬英九-village-votes-page-7.json,matched,exact-district-li-name
2002,文山區,樟新里,樟新里,李應元,1757,data/raw/openfun/tw.gov.cec~txn~candidates-votes/2002/李應元-village-votes-page-7.json,matched,exact-district-li-name
2002,文山區,樟新里,樟新里,馬英九,4468,data/raw/openfun/tw.gov.cec~txn~candidates-votes/2002/馬英九-village-votes-page-7.json,matched,exact-district-li-name
2002,文山區,樟腳里,樟腳里,李應元,1518,data/raw/openfun/tw.gov.cec~txn~candidates-votes/2002/李應元-village-votes-page-7.json,matched,exact-district-li-name
2002,文山區,樟腳里,樟腳里,馬英九,3758,data/raw/openfun/tw.gov.cec~txn~candidates-votes/2002/馬英九-village-votes-page-7.json,matched,exact-district-li-name
2002,文山區,興光里,興光里,李應元,468,data/raw/openfun/tw.gov.cec~txn~candidates-votes/2002/李應元-village-votes-page-6.json,matched,exact-district-li-name
2002,文山區,興光里,興光里,馬英九,1298,data/raw/openfun/tw.gov.cec~txn~candidates-votes/2002/馬英九-village-votes-page-6.json,matched,exact-district-li-name
2002,文山區,興安里,興安里,李應元,847,data/raw/openfun/tw.gov.cec~txn~candidates-votes/2002/李應元-village-votes-page-6.json,matched,exact-district-li-name
2002,文山區,興安里,興安里,馬英九,2720,data/raw/openfun/tw.gov.cec~txn~candidates-votes/2002/馬英九-village-votes-page-6.json,matched,exact-district-li-name
2002,文山區,興旺里,興旺里,李應元,1621,data/raw/openfun/tw.gov.cec~txn~candidates-votes/2002/李應元-village-votes-page-6.json,matched,exact-district-li-name
2002,文山區,興旺里,興旺里,馬英九,2278,data/raw/openfun/tw.gov.cec~txn~candidates-votes/2002/馬英九-village-votes-page-6.json,matched,exact-district-li-name
2002,文山區,興昌里,興昌里,李應元,740,data/raw/openfun/tw.gov.cec~txn~candidates-votes/2002/李應元-village-votes-page-6.json,matched,exact-district-li-name
2002,文山區,興昌里,興昌里,馬英九,2579,data/raw/openfun/tw.gov.cec~txn~candidates-votes/2002/馬英九-village-votes-page-6.json,matched,exact-district-li-name
2002,文山區,興家里,興家里,李應元,968,data/raw/openfun/tw.gov.cec~txn~candidates-votes/2002/李應元-village-votes-page-6.json,matched,exact-district-li-name
2002,文山區,興家里,興家里,馬英九,3191,data/raw/openfun/tw.gov.cec~txn~candidates-votes/2002/馬英九-village-votes-page-6.json,matched,exact-district-li-name
2002,文山區,興泰里,興泰里,李應元,495,data/raw/openfun/tw.gov.cec~txn~candidates-votes/2002/李應元-village-votes-page-6.json,matched,exact-district-li-name
2002,文山區,興泰里,興泰里,馬英九,1664,data/raw/openfun/tw.gov.cec~txn~candidates-votes/2002/馬英九-village-votes-page-6.json,matched,exact-district-li-name
2002,文山區,興得里,興得里,李應元,848,data/raw/openfun/tw.gov.cec~txn~candidates-votes/2002/李應元-village-votes-page-6.json,matched,exact-district-li-name
2002,文山區,興得里,興得里,馬英九,2613,data/raw/openfun/tw.gov.cec~txn~candidates-votes/2002/馬英九-village-votes-page-6.json,matched,exact-district-li-name
2002,文山區,興業里,興業里,李應元,584,data/raw/openfun/tw.gov.cec~txn~candidates-votes/2002/李應元-village-votes-page-6.json,matched,exact-district-li-name
2002,文山區,興業里,興業里,馬英九,2548,data/raw/openfun/tw.gov.cec~txn~candidates-votes/2002/馬英九-village-votes-page-6.json,matched,exact-district-li-name
2002,文山區,興福里,興福里,李應元,974,data/raw/openfun/tw.gov.cec~txn~candidates-votes/2002/李應元-village-votes-page-6.json,matched,exact-district-li-name
2002,文山區,興福里,興福里,馬英九,2430,data/raw/openfun/tw.gov.cec~txn~candidates-votes/2002/馬英九-village-votes-page-6.json,matched,exact-district-li-name
2002,文山區,興豐里,興豐里,李應元,1228,data/raw/openfun/tw.gov.cec~txn~candidates-votes/2002/李應元-village-votes-page-6.json,matched,exact-district-li-name
2002,文山區,興豐里,興豐里,馬英九,3674,data/raw/openfun/tw.gov.cec~txn~candidates-votes/2002/馬英九-village-votes-page-6.json,matched,exact-district-li-name
2002,北投區,一德里,一德里,李應元,1501,data/raw/openfun/tw.gov.cec~txn~candidates-votes/2002/李應元-village-votes-page-1.json,matched,exact-district-li-name
2002,北投區,一德里,一德里,馬英九,1805,data/raw/openfun/tw.gov.cec~txn~candidates-votes/2002/馬英九-village-votes-page-1.json,matched,exact-district-li-name
2002,北投區,八仙里,八仙里,李應元,1224,data/raw/openfun/tw.gov.cec~txn~candidates-votes/2002/李應元-village-votes-page-1.json,matched,exact-district-li-name
2002,北投區,八仙里,八仙里,馬英九,1522,data/raw/openfun/tw.gov.cec~txn~candidates-votes/2002/馬英九-village-votes-page-1.json,matched,exact-district-li-name
2002,北投區,大屯里,大屯里,李應元,372,data/raw/openfun/tw.gov.cec~txn~candidates-votes/2002/李應元-village-votes-page-1.json,matched,exact-district-li-name
2002,北投區,大屯里,大屯里,馬英九,308,data/raw/openfun/tw.gov.cec~txn~candidates-votes/2002/馬英九-village-votes-page-1.json,matched,exact-district-li-name
2002,北投區,大同里,大同里,李應元,1484,data/raw/openfun/tw.gov.cec~txn~candidates-votes/2002/李應元-village-votes-page-1.json,matched,exact-district-li-name
2002,北投區,大同里,大同里,馬英九,1871,data/raw/openfun/tw.gov.cec~txn~candidates-votes/2002/馬英九-village-votes-page-1.json,matched,exact-district-li-name
2002,北投區,中心里,中心里,李應元,1130,data/raw/openfun/tw.gov.cec~txn~candidates-votes/2002/李應元-village-votes-page-1.json,matched,exact-district-li-name
2002,北投區,中心里,中心里,馬英九,1983,data/raw/openfun/tw.gov.cec~txn~candidates-votes/2002/馬英九-village-votes-page-1.json,matched,exact-district-li-name
2002,北投區,中央里,中央里,李應元,1869,data/raw/openfun/tw.gov.cec~txn~candidates-votes/2002/李應元-village-votes-page-1.json,matched,exact-district-li-name
2002,北投區,中央里,中央里,馬英九,2329,data/raw/openfun/tw.gov.cec~txn~candidates-votes/2002/馬英九-village-votes-page-1.json,matched,exact-district-li-name
2002,北投區,中和里,中和里,李應元,981,data/raw/openfun/tw.gov.cec~txn~candidates-votes/2002/李應元-village-votes-page-1.json,matched,exact-district-li-name
2002,北投區,中和里,中和里,馬英九,1824,data/raw/openfun/tw.gov.cec~txn~candidates-votes/2002/馬英九-village-votes-page-1.json,matched,exact-district-li-name
2002,北投區,中庸里,中庸里,李應元,1040,data/raw/openfun/tw.gov.cec~txn~candidates-votes/2002/李應元-village-votes-page-1.json,matched,exact-district-li-name
2002,北投區,中庸里,中庸里,馬英九,1413,data/raw/openfun/tw.gov.cec~txn~candidates-votes/2002/馬英九-village-votes-page-1.json,matched,exact-district-li-name
2002,北投區,文化里,文化里,李應元,546,data/raw/openfun/tw.gov.cec~txn~candidates-votes/2002/李應元-village-votes-page-1.json,matched,exact-district-li-name
2002,北投區,文化里,文化里,馬英九,1944,data/raw/openfun/tw.gov.cec~txn~candidates-votes/2002/馬英九-village-votes-page-1.json,matched,exact-district-li-name
2002,北投區,文林里,文林里,李應元,1180,data/raw/openfun/tw.gov.cec~txn~candidates-votes/2002/李應元-village-votes-page-1.json,matched,exact-district-li-name
2002,北投區,文林里,文林里,馬英九,1374,data/raw/openfun/tw.gov.cec~txn~candidates-votes/2002/馬英九-village-votes-page-1.json,matched,exact-district-li-name
2002,北投區,永和里,永和里,李應元,1736,data/raw/openfun/tw.gov.cec~txn~candidates-votes/2002/李應元-village-votes-page-1.json,matched,exact-district-li-name
2002,北投區,永和里,永和里,馬英九,2639,data/raw/openfun/tw.gov.cec~txn~candidates-votes/2002/馬英九-village-votes-page-1.json,matched,exact-district-li-name
2002,北投區,永明里,永明里,李應元,955,data/raw/openfun/tw.gov.cec~txn~candidates-votes/2002/李應元-village-votes-page-1.json,matched,exact-district-li-name
2002,北投區,永明里,永明里,馬英九,1634,data/raw/openfun/tw.gov.cec~txn~candidates-votes/2002/馬英九-village-votes-page-1.json,matched,exact-district-li-name
2002,北投區,永欣里,永欣里,李應元,1068,data/raw/openfun/tw.gov.cec~txn~candidates-votes/2002/李應元-village-votes-page-1.json,matched,exact-district-li-name
2002,北投區,永欣里,永欣里,馬英九,2502,data/raw/openfun/tw.gov.cec~txn~candidates-votes/2002/馬英九-village-votes-page-1.json,matched,exact-district-li-name
2002,北投區,石牌里,石牌里,李應元,1331,data/raw/openfun/tw.gov.cec~txn~candidates-votes/2002/李應元-village-votes-page-1.json,matched,exact-district-li-name
2002,北投區,石牌里,石牌里,馬英九,1686,data/raw/openfun/tw.gov.cec~txn~candidates-votes/2002/馬英九-village-votes-page-1.json,matched,exact-district-li-name
2002,北投區,立農里,立農里,李應元,2055,data/raw/openfun/tw.gov.cec~txn~candidates-votes/2002/李應元-village-votes-page-1.json,matched,exact-district-li-name
2002,北投區,立農里,立農里,馬英九,2776,data/raw/openfun/tw.gov.cec~txn~candidates-votes/2002/馬英九-village-votes-page-1.json,matched,exact-district-li-name
2002,北投區,立賢里,立賢里,李應元,1196,data/raw/openfun/tw.gov.cec~txn~candidates-votes/2002/李應元-village-votes-page-1.json,matched,exact-district-li-name
2002,北投區,立賢里,立賢里,馬英九,1779,data/raw/openfun/tw.gov.cec~txn~candidates-votes/2002/馬英九-village-votes-page-1.json,matched,exact-district-li-name
2002,北投區,吉利里,吉利里,李應元,1202,data/raw/openfun/tw.gov.cec~txn~candidates-votes/2002/李應元-village-votes-page-1.json,matched,exact-district-li-name
2002,北投區,吉利里,吉利里,馬英九,2492,data/raw/openfun/tw.gov.cec~txn~candidates-votes/2002/馬英九-village-votes-page-1.json,matched,exact-district-li-name
2002,北投區,吉慶里,吉慶里,李應元,1304,data/raw/openfun/tw.gov.cec~txn~candidates-votes/2002/李應元-village-votes-page-1.json,matched,exact-district-li-name
2002,北投區,吉慶里,吉慶里,馬英九,1662,data/raw/openfun/tw.gov.cec~txn~candidates-votes/2002/馬英九-village-votes-page-1.json,matched,exact-district-li-name
2002,北投區,秀山里,秀山里,李應元,707,data/raw/openfun/tw.gov.cec~txn~candidates-votes/2002/李應元-village-votes-page-1.json,matched,exact-district-li-name
2002,北投區,秀山里,秀山里,馬英九,1335,data/raw/openfun/tw.gov.cec~txn~candidates-votes/2002/馬英九-village-votes-page-1.json,matched,exact-district-li-name
2002,北投區,奇岩里,奇岩里,李應元,2081,data/raw/openfun/tw.gov.cec~txn~candidates-votes/2002/李應元-village-votes-page-1.json,matched,exact-district-li-name
2002,北投區,奇岩里,奇岩里,馬英九,3155,data/raw/openfun/tw.gov.cec~txn~candidates-votes/2002/馬英九-village-votes-page-1.json,matched,exact-district-li-name
2002,北投區,東華里,東華里,李應元,946,data/raw/openfun/tw.gov.cec~txn~candidates-votes/2002/李應元-village-votes-page-1.json,matched,exact-district-li-name
2002,北投區,東華里,東華里,馬英九,1780,data/raw/openfun/tw.gov.cec~txn~candidates-votes/2002/馬英九-village-votes-page-1.json,matched,exact-district-li-name
2002,北投區,林泉里,林泉里,李應元,509,data/raw/openfun/tw.gov.cec~txn~candidates-votes/2002/李應元-village-votes-page-1.json,matched,exact-district-li-name
2002,北投區,林泉里,林泉里,馬英九,1294,data/raw/openfun/tw.gov.cec~txn~candidates-votes/2002/馬英九-village-votes-page-1.json,matched,exact-district-li-name
2002,北投區,長安里,長安里,李應元,1311,data/raw/openfun/tw.gov.cec~txn~candidates-votes/2002/李應元-village-votes-page-1.json,matched,exact-district-li-name
2002,北投區,長安里,長安里,馬英九,1884,data/raw/openfun/tw.gov.cec~txn~candidates-votes/2002/馬英九-village-votes-page-1.json,matched,exact-district-li-name
2002,北投區,建民里,建民里,李應元,1277,data/raw/openfun/tw.gov.cec~txn~candidates-votes/2002/李應元-village-votes-page-1.json,matched,exact-district-li-name
2002,北投區,建民里,建民里,馬英九,1421,data/raw/openfun/tw.gov.cec~txn~candidates-votes/2002/馬英九-village-votes-page-1.json,matched,exact-district-li-name
2002,北投區,泉源里,泉源里,李應元,620,data/raw/openfun/tw.gov.cec~txn~candidates-votes/2002/李應元-village-votes-page-1.json,matched,exact-district-li-name
2002,北投區,泉源里,泉源里,馬英九,772,data/raw/openfun/tw.gov.cec~txn~candidates-votes/2002/馬英九-village-votes-page-1.json,matched,exact-district-li-name
2002,北投區,洲美里,洲美里,李應元,601,data/raw/openfun/tw.gov.cec~txn~candidates-votes/2002/李應元-village-votes-page-1.json,matched,exact-district-li-name
2002,北投區,洲美里,洲美里,馬英九,462,data/raw/openfun/tw.gov.cec~txn~candidates-votes/2002/馬英九-village-votes-page-1.json,matched,exact-district-li-name
2002,北投區,振華里,振華里,李應元,1655,data/raw/openfun/tw.gov.cec~txn~candidates-votes/2002/李應元-village-votes-page-1.json,matched,exact-district-li-name
2002,北投區,振華里,振華里,馬英九,2790,data/raw/openfun/tw.gov.cec~txn~candidates-votes/2002/馬英九-village-votes-page-1.json,matched,exact-district-li-name
2002,北投區,桃源里,桃源里,李應元,1261,data/raw/openfun/tw.gov.cec~txn~candidates-votes/2002/李應元-village-votes-page-1.json,matched,exact-district-li-name
2002,北投區,桃源里,桃源里,馬英九,1714,data/raw/openfun/tw.gov.cec~txn~candidates-votes/2002/馬英九-village-votes-page-1.json,matched,exact-district-li-name
2002,北投區,清江里,清江里,李應元,2138,data/raw/openfun/tw.gov.cec~txn~candidates-votes/2002/李應元-village-votes-page-1.json,matched,exact-district-li-name
2002,北投區,清江里,清江里,馬英九,2833,data/raw/openfun/tw.gov.cec~txn~candidates-votes/2002/馬英九-village-votes-page-1.json,matched,exact-district-li-name
2002,北投區,尊賢里,尊賢里,李應元,1225,data/raw/openfun/tw.gov.cec~txn~candidates-votes/2002/李應元-village-votes-page-1.json,matched,exact-district-li-name
2002,北投區,尊賢里,尊賢里,馬英九,1553,data/raw/openfun/tw.gov.cec~txn~candidates-votes/2002/馬英九-village-votes-page-1.json,matched,exact-district-li-name
2002,北投區,智仁里,智仁里,李應元,1199,data/raw/openfun/tw.gov.cec~txn~candidates-votes/2002/李應元-village-votes-page-1.json,matched,exact-district-li-name
2002,北投區,智仁里,智仁里,馬英九,2312,data/raw/openfun/tw.gov.cec~txn~candidates-votes/2002/馬英九-village-votes-page-1.json,matched,exact-district-li-name
2002,北投區,湖山里,湖山里,李應元,481,data/raw/openfun/tw.gov.cec~txn~candidates-votes/2002/李應元-village-votes-page-1.json,matched,exact-district-li-name
2002,北投區,湖山里,湖山里,馬英九,712,data/raw/openfun/tw.gov.cec~txn~candidates-votes/2002/馬英九-village-votes-page-1.json,matched,exact-district-li-name
2002,北投區,湖田里,湖田里,李應元,225,data/raw/openfun/tw.gov.cec~txn~candidates-votes/2002/李應元-village-votes-page-1.json,matched,exact-district-li-name
2002,北投區,湖田里,湖田里,馬英九,295,data/raw/openfun/tw.gov.cec~txn~candidates-votes/2002/馬英九-village-votes-page-1.json,matched,exact-district-li-name
2002,北投區,開明里,開明里,李應元,1286,data/raw/openfun/tw.gov.cec~txn~candidates-votes/2002/李應元-village-votes-page-1.json,matched,exact-district-li-name
2002,北投區,開明里,開明里,馬英九,2294,data/raw/openfun/tw.gov.cec~txn~candidates-votes/2002/馬英九-village-votes-page-1.json,matched,exact-district-li-name
2002,北投區,溫泉里,溫泉里,李應元,1404,data/raw/openfun/tw.gov.cec~txn~candidates-votes/2002/李應元-village-votes-page-1.json,matched,exact-district-li-name
2002,北投區,溫泉里,溫泉里,馬英九,2146,data/raw/openfun/tw.gov.cec~txn~candidates-votes/2002/馬英九-village-votes-page-1.json,matched,exact-district-li-name
2002,北投區,裕民里,裕民里,李應元,1485,data/raw/openfun/tw.gov.cec~txn~candidates-votes/2002/李應元-village-votes-page-1.json,matched,exact-district-li-name
2002,北投區,裕民里,裕民里,馬英九,2371,data/raw/openfun/tw.gov.cec~txn~candidates-votes/2002/馬英九-village-votes-page-1.json,matched,exact-district-li-name
2002,北投區,榮光里,榮光里,李應元,1547,data/raw/openfun/tw.gov.cec~txn~candidates-votes/2002/李應元-village-votes-page-1.json,matched,exact-district-li-name
2002,北投區,榮光里,榮光里,馬英九,2404,data/raw/openfun/tw.gov.cec~txn~candidates-votes/2002/馬英九-village-votes-page-1.json,matched,exact-district-li-name
2002,北投區,榮華里,榮華里,李應元,1502,data/raw/openfun/tw.gov.cec~txn~candidates-votes/2002/李應元-village-votes-page-1.json,matched,exact-district-li-name
2002,北投區,榮華里,榮華里,馬英九,2561,data/raw/openfun/tw.gov.cec~txn~candidates-votes/2002/馬英九-village-votes-page-1.json,matched,exact-district-li-name
2002,北投區,福興里,福興里,李應元,1633,data/raw/openfun/tw.gov.cec~txn~candidates-votes/2002/李應元-village-votes-page-1.json,matched,exact-district-li-name
2002,北投區,福興里,福興里,馬英九,2294,data/raw/openfun/tw.gov.cec~txn~candidates-votes/2002/馬英九-village-votes-page-1.json,matched,exact-district-li-name
2002,北投區,稻香里,稻香里,李應元,873,data/raw/openfun/tw.gov.cec~txn~candidates-votes/2002/李應元-village-votes-page-1.json,matched,exact-district-li-name
2002,北投區,稻香里,稻香里,馬英九,1883,data/raw/openfun/tw.gov.cec~txn~candidates-votes/2002/馬英九-village-votes-page-1.json,matched,exact-district-li-name
2002,北投區,豐年里,豐年里,李應元,917,data/raw/openfun/tw.gov.cec~txn~candidates-votes/2002/李應元-village-votes-page-1.json,matched,exact-district-li-name
2002,北投區,豐年里,豐年里,馬英九,1549,data/raw/openfun/tw.gov.cec~txn~candidates-votes/2002/馬英九-village-votes-page-1.json,matched,exact-district-li-name
2002,北投區,關渡里,關渡里,李應元,2151,data/raw/openfun/tw.gov.cec~txn~candidates-votes/2002/李應元-village-votes-page-1.json,matched,exact-district-li-name
2002,北投區,關渡里,關渡里,馬英九,3488,data/raw/openfun/tw.gov.cec~txn~candidates-votes/2002/馬英九-village-votes-page-1.json,matched,exact-district-li-name
2002,松山區,三民里,三民里,李應元,1248,data/raw/openfun/tw.gov.cec~txn~candidates-votes/2002/李應元-village-votes-page-3.json,matched,exact-district-li-name
2002,松山區,三民里,三民里,馬英九,2649,data/raw/openfun/tw.gov.cec~txn~candidates-votes/2002/馬英九-village-votes-page-3.json,matched,exact-district-li-name
2002,松山區,中正里,中正里,李應元,1700,data/raw/openfun/tw.gov.cec~txn~candidates-votes/2002/李應元-village-votes-page-3.json,matched,exact-district-li-name
2002,松山區,中正里,中正里,馬英九,2375,data/raw/openfun/tw.gov.cec~txn~candidates-votes/2002/馬英九-village-votes-page-3.json,matched,exact-district-li-name
2002,松山區,中崙里,中崙里,李應元,870,data/raw/openfun/tw.gov.cec~txn~candidates-votes/2002/李應元-village-votes-page-3.json,matched,exact-district-li-name
2002,松山區,中崙里,中崙里,馬英九,1329,data/raw/openfun/tw.gov.cec~txn~candidates-votes/2002/馬英九-village-votes-page-3.json,matched,exact-district-li-name
2002,松山區,中華里,中華里,李應元,1059,data/raw/openfun/tw.gov.cec~txn~candidates-votes/2002/李應元-village-votes-page-3.json,matched,exact-district-li-name
2002,松山區,中華里,中華里,馬英九,2281,data/raw/openfun/tw.gov.cec~txn~candidates-votes/2002/馬英九-village-votes-page-3.json,matched,exact-district-li-name
2002,松山區,介壽里,介壽里,李應元,967,data/raw/openfun/tw.gov.cec~txn~candidates-votes/2002/李應元-village-votes-page-3.json,matched,exact-district-li-name
2002,松山區,介壽里,介壽里,馬英九,1499,data/raw/openfun/tw.gov.cec~txn~candidates-votes/2002/馬英九-village-votes-page-3.json,matched,exact-district-li-name
2002,松山區,民有里,民有里,李應元,1816,data/raw/openfun/tw.gov.cec~txn~candidates-votes/2002/李應元-village-votes-page-3.json,matched,exact-district-li-name
2002,松山區,民有里,民有里,馬英九,2845,data/raw/openfun/tw.gov.cec~txn~candidates-votes/2002/馬英九-village-votes-page-3.json,matched,exact-district-li-name
2002,松山區,民福里,民福里,李應元,1111,data/raw/openfun/tw.gov.cec~txn~candidates-votes/2002/李應元-village-votes-page-3.json,matched,exact-district-li-name
2002,松山區,民福里,民福里,馬英九,2752,data/raw/openfun/tw.gov.cec~txn~candidates-votes/2002/馬英九-village-votes-page-3.json,matched,exact-district-li-name
2002,松山區,吉仁里,吉仁里,李應元,788,data/raw/openfun/tw.gov.cec~txn~candidates-votes/2002/李應元-village-votes-page-3.json,matched,exact-district-li-name
2002,松山區,吉仁里,吉仁里,馬英九,1395,data/raw/openfun/tw.gov.cec~txn~candidates-votes/2002/馬英九-village-votes-page-3.json,matched,exact-district-li-name
2002,松山區,吉祥里,吉祥里,李應元,1575,data/raw/openfun/tw.gov.cec~txn~candidates-votes/2002/李應元-village-votes-page-3.json,matched,exact-district-li-name
2002,松山區,吉祥里,吉祥里,馬英九,2868,data/raw/openfun/tw.gov.cec~txn~candidates-votes/2002/馬英九-village-votes-page-3.json,matched,exact-district-li-name
2002,松山區,安平里,安平里,李應元,2235,data/raw/openfun/tw.gov.cec~txn~candidates-votes/2002/李應元-village-votes-page-3.json,matched,exact-district-li-name
2002,松山區,安平里,安平里,馬英九,2851,data/raw/openfun/tw.gov.cec~txn~candidates-votes/2002/馬英九-village-votes-page-3.json,matched,exact-district-li-name
2002,松山區,自強里,自強里,李應元,646,data/raw/openfun/tw.gov.cec~txn~candidates-votes/2002/李應元-village-votes-page-3.json,matched,exact-district-li-name
2002,松山區,自強里,自強里,馬英九,3403,data/raw/openfun/tw.gov.cec~txn~candidates-votes/2002/馬英九-village-votes-page-3.json,matched,exact-district-li-name
2002,松山區,東光里,東光里,李應元,1413,data/raw/openfun/tw.gov.cec~txn~candidates-votes/2002/李應元-village-votes-page-3.json,matched,exact-district-li-name
2002,松山區,東光里,東光里,馬英九,2754,data/raw/openfun/tw.gov.cec~txn~candidates-votes/2002/馬英九-village-votes-page-3.json,matched,exact-district-li-name
2002,松山區,東昌里,東昌里,李應元,586,data/raw/openfun/tw.gov.cec~txn~candidates-votes/2002/李應元-village-votes-page-3.json,matched,exact-district-li-name
2002,松山區,東昌里,東昌里,馬英九,949,data/raw/openfun/tw.gov.cec~txn~candidates-votes/2002/馬英九-village-votes-page-3.json,matched,exact-district-li-name
2002,松山區,東勢里,東勢里,李應元,901,data/raw/openfun/tw.gov.cec~txn~candidates-votes/2002/李應元-village-votes-page-3.json,matched,exact-district-li-name
2002,松山區,東勢里,東勢里,馬英九,1479,data/raw/openfun/tw.gov.cec~txn~candidates-votes/2002/馬英九-village-votes-page-3.json,matched,exact-district-li-name
2002,松山區,東榮里,東榮里,李應元,1707,data/raw/openfun/tw.gov.cec~txn~candidates-votes/2002/李應元-village-votes-page-3.json,matched,exact-district-li-name
2002,松山區,東榮里,東榮里,馬英九,2987,data/raw/openfun/tw.gov.cec~txn~candidates-votes/2002/馬英九-village-votes-page-3.json,matched,exact-district-li-name
2002,松山區,松基里,松基里,李應元,828,data/raw/openfun/tw.gov.cec~txn~candidates-votes/2002/李應元-village-votes-page-3.json,matched,exact-district-li-name
2002,松山區,松基里,松基里,馬英九,1270,data/raw/openfun/tw.gov.cec~txn~candidates-votes/2002/馬英九-village-votes-page-3.json,matched,exact-district-li-name
2002,松山區,美仁里,美仁里,李應元,701,data/raw/openfun/tw.gov.cec~txn~candidates-votes/2002/李應元-village-votes-page-3.json,matched,exact-district-li-name
2002,松山區,美仁里,美仁里,馬英九,1048,data/raw/openfun/tw.gov.cec~txn~candidates-votes/2002/馬英九-village-votes-page-3.json,matched,exact-district-li-name
2002,松山區,莊敬里,莊敬里,李應元,1162,data/raw/openfun/tw.gov.cec~txn~candidates-votes/2002/李應元-village-votes-page-3.json,matched,exact-district-li-name
2002,松山區,莊敬里,莊敬里,馬英九,2273,data/raw/openfun/tw.gov.cec~txn~candidates-votes/2002/馬英九-village-votes-page-3.json,matched,exact-district-li-name
2002,松山區,富泰里,富泰里,李應元,734,data/raw/openfun/tw.gov.cec~txn~candidates-votes/2002/李應元-village-votes-page-3.json,matched,exact-district-li-name
2002,松山區,富泰里,富泰里,馬英九,1772,data/raw/openfun/tw.gov.cec~txn~candidates-votes/2002/馬英九-village-votes-page-3.json,matched,exact-district-li-name
2002,松山區,富錦里,富錦里,李應元,945,data/raw/openfun/tw.gov.cec~txn~candidates-votes/2002/李應元-village-votes-page-3.json,matched,exact-district-li-name
2002,松山區,富錦里,富錦里,馬英九,2026,data/raw/openfun/tw.gov.cec~txn~candidates-votes/2002/馬英九-village-votes-page-3.json,matched,exact-district-li-name
2002,松山區,復建里,復建里,李應元,703,data/raw/openfun/tw.gov.cec~txn~candidates-votes/2002/李應元-village-votes-page-3.json,matched,exact-district-li-name
2002,松山區,復建里,復建里,馬英九,1380,data/raw/openfun/tw.gov.cec~txn~candidates-votes/2002/馬英九-village-votes-page-3.json,matched,exact-district-li-name
2002,松山區,復盛里,復盛里,李應元,1228,data/raw/openfun/tw.gov.cec~txn~candidates-votes/2002/李應元-village-votes-page-3.json,matched,exact-district-li-name
2002,松山區,復盛里,復盛里,馬英九,2446,data/raw/openfun/tw.gov.cec~txn~candidates-votes/2002/馬英九-village-votes-page-3.json,matched,exact-district-li-name
2002,松山區,復勢里,復勢里,李應元,1308,data/raw/openfun/tw.gov.cec~txn~candidates-votes/2002/李應元-village-votes-page-3.json,matched,exact-district-li-name
2002,松山區,復勢里,復勢里,馬英九,1961,data/raw/openfun/tw.gov.cec~txn~candidates-votes/2002/馬英九-village-votes-page-3.json,matched,exact-district-li-name
2002,松山區,復源里,復源里,李應元,540,data/raw/openfun/tw.gov.cec~txn~candidates-votes/2002/李應元-village-votes-page-3.json,matched,exact-district-li-name
2002,松山區,復源里,復源里,馬英九,1149,data/raw/openfun/tw.gov.cec~txn~candidates-votes/2002/馬英九-village-votes-page-3.json,matched,exact-district-li-name
2002,松山區,敦化里,敦化里,李應元,1538,data/raw/openfun/tw.gov.cec~txn~candidates-votes/2002/李應元-village-votes-page-3.json,matched,exact-district-li-name
2002,松山區,敦化里,敦化里,馬英九,2312,data/raw/openfun/tw.gov.cec~txn~candidates-votes/2002/馬英九-village-votes-page-3.json,matched,exact-district-li-name
2002,松山區,新東里,新東里,李應元,1015,data/raw/openfun/tw.gov.cec~txn~candidates-votes/2002/李應元-village-votes-page-3.json,matched,exact-district-li-name
2002,松山區,新東里,新東里,馬英九,1800,data/raw/openfun/tw.gov.cec~txn~candidates-votes/2002/馬英九-village-votes-page-3.json,matched,exact-district-li-name
2002,松山區,新益里,新益里,李應元,1010,data/raw/openfun/tw.gov.cec~txn~candidates-votes/2002/李應元-village-votes-page-3.json,matched,exact-district-li-name
2002,松山區,新益里,新益里,馬英九,1607,data/raw/openfun/tw.gov.cec~txn~candidates-votes/2002/馬英九-village-votes-page-3.json,matched,exact-district-li-name
2002,松山區,新聚里,新聚里,李應元,1552,data/raw/openfun/tw.gov.cec~txn~candidates-votes/2002/李應元-village-votes-page-3.json,matched,exact-district-li-name
2002,松山區,新聚里,新聚里,馬英九,2550,data/raw/openfun/tw.gov.cec~txn~candidates-votes/2002/馬英九-village-votes-page-3.json,matched,exact-district-li-name
2002,松山區,慈祐里,慈祐里,李應元,1590,data/raw/openfun/tw.gov.cec~txn~candidates-votes/2002/李應元-village-votes-page-3.json,matched,exact-district-li-name
2002,松山區,慈祐里,慈祐里,馬英九,1690,data/raw/openfun/tw.gov.cec~txn~candidates-votes/2002/馬英九-village-votes-page-3.json,matched,exact-district-li-name
2002,松山區,福成里,福成里,李應元,560,data/raw/openfun/tw.gov.cec~txn~candidates-votes/2002/李應元-village-votes-page-3.json,matched,exact-district-li-name
2002,松山區,福成里,福成里,馬英九,906,data/raw/openfun/tw.gov.cec~txn~candidates-votes/2002/馬英九-village-votes-page-3.json,matched,exact-district-li-name
2002,松山區,精忠里,精忠里,李應元,763,data/raw/openfun/tw.gov.cec~txn~candidates-votes/2002/李應元-village-votes-page-3.json,matched,exact-district-li-name
2002,松山區,精忠里,精忠里,馬英九,1689,data/raw/openfun/tw.gov.cec~txn~candidates-votes/2002/馬英九-village-votes-page-3.json,matched,exact-district-li-name
2002,松山區,龍田里,龍田里,李應元,689,data/raw/openfun/tw.gov.cec~txn~candidates-votes/2002/李應元-village-votes-page-3.json,matched,exact-district-li-name
2002,松山區,龍田里,龍田里,馬英九,2620,data/raw/openfun/tw.gov.cec~txn~candidates-votes/2002/馬英九-village-votes-page-3.json,matched,exact-district-li-name
2002,松山區,鵬程里,鵬程里,李應元,826,data/raw/openfun/tw.gov.cec~txn~candidates-votes/2002/李應元-village-votes-page-3.json,matched,exact-district-li-name
2002,松山區,鵬程里,鵬程里,馬英九,2549,data/raw/openfun/tw.gov.cec~txn~candidates-votes/2002/馬英九-village-votes-page-3.json,matched,exact-district-li-name
2002,信義區,三張里,三張里,李應元,1484,data/raw/openfun/tw.gov.cec~txn~candidates-votes/2002/李應元-village-votes-page-4.json,matched,exact-district-li-name
2002,信義區,三張里,三張里,馬英九,3930,data/raw/openfun/tw.gov.cec~txn~candidates-votes/2002/馬英九-village-votes-page-4.json,matched,exact-district-li-name
2002,信義區,三犁里,三犁里,李應元,841,data/raw/openfun/tw.gov.cec~txn~candidates-votes/2002/李應元-village-votes-page-4.json,matched,exact-district-li-name
2002,信義區,三犁里,三犁里,馬英九,2050,data/raw/openfun/tw.gov.cec~txn~candidates-votes/2002/馬英九-village-votes-page-4.json,matched,exact-district-li-name
2002,信義區,大仁里,大仁里,李應元,1046,data/raw/openfun/tw.gov.cec~txn~candidates-votes/2002/李應元-village-votes-page-3.json,matched,exact-district-li-name
2002,信義區,大仁里,大仁里,馬英九,2141,data/raw/openfun/tw.gov.cec~txn~candidates-votes/2002/馬英九-village-votes-page-3.json,matched,exact-district-li-name
2002,信義區,大道里,大道里,李應元,1437,data/raw/openfun/tw.gov.cec~txn~candidates-votes/2002/李應元-village-votes-page-3.json,matched,exact-district-li-name
2002,信義區,大道里,大道里,馬英九,2432,data/raw/openfun/tw.gov.cec~txn~candidates-votes/2002/馬英九-village-votes-page-3.json,matched,exact-district-li-name
2002,信義區,中行里,中行里,李應元,1716,data/raw/openfun/tw.gov.cec~txn~candidates-votes/2002/李應元-village-votes-page-3.json,matched,exact-district-li-name
2002,信義區,中行里,中行里,馬英九,2926,data/raw/openfun/tw.gov.cec~txn~candidates-votes/2002/馬英九-village-votes-page-3.json,matched,exact-district-li-name
2002,信義區,中坡里,中坡里,李應元,925,data/raw/openfun/tw.gov.cec~txn~candidates-votes/2002/李應元-village-votes-page-3.json,matched,exact-district-li-name
2002,信義區,中坡里,中坡里,馬英九,1785,data/raw/openfun/tw.gov.cec~txn~candidates-votes/2002/馬英九-village-votes-page-3.json,matched,exact-district-li-name
2002,信義區,中興里,中興里,李應元,513,data/raw/openfun/tw.gov.cec~txn~candidates-votes/2002/李應元-village-votes-page-3.json,matched,exact-district-li-name
2002,信義區,中興里,中興里,馬英九,1071,data/raw/openfun/tw.gov.cec~txn~candidates-votes/2002/馬英九-village-votes-page-3.json,matched,exact-district-li-name
2002,信義區,五全里,五全里,李應元,1260,data/raw/openfun/tw.gov.cec~txn~candidates-votes/2002/李應元-village-votes-page-3.json,matched,exact-district-li-name
2002,信義區,五全里,五全里,馬英九,1704,data/raw/openfun/tw.gov.cec~txn~candidates-votes/2002/馬英九-village-votes-page-3.json,matched,exact-district-li-name
2002,信義區,五常里,五常里,李應元,751,data/raw/openfun/tw.gov.cec~txn~candidates-votes/2002/李應元-village-votes-page-3.json,matched,exact-district-li-name
2002,信義區,五常里,五常里,馬英九,1381,data/raw/openfun/tw.gov.cec~txn~candidates-votes/2002/馬英九-village-votes-page-3.json,matched,exact-district-li-name
2002,信義區,六合里,六合里,李應元,893,data/raw/openfun/tw.gov.cec~txn~candidates-votes/2002/李應元-village-votes-page-4.json,matched,exact-district-li-name
2002,信義區,六合里,六合里,馬英九,2806,data/raw/openfun/tw.gov.cec~txn~candidates-votes/2002/馬英九-village-votes-page-4.json,matched,exact-district-li-name
2002,信義區,六藝里,六藝里,李應元,813,data/raw/openfun/tw.gov.cec~txn~candidates-votes/2002/李應元-village-votes-page-3.json,matched,exact-district-li-name
2002,信義區,六藝里,六藝里,馬英九,1290,data/raw/openfun/tw.gov.cec~txn~candidates-votes/2002/馬英九-village-votes-page-3.json,matched,exact-district-li-name
2002,信義區,四育里,四育里,李應元,1420,data/raw/openfun/tw.gov.cec~txn~candidates-votes/2002/李應元-village-votes-page-3.json,matched,exact-district-li-name
2002,信義區,四育里,四育里,馬英九,1924,data/raw/openfun/tw.gov.cec~txn~candidates-votes/2002/馬英九-village-votes-page-3.json,matched,exact-district-li-name
2002,信義區,四維里,四維里,李應元,974,data/raw/openfun/tw.gov.cec~txn~candidates-votes/2002/李應元-village-votes-page-3.json,matched,exact-district-li-name
2002,信義區,四維里,四維里,馬英九,2141,data/raw/openfun/tw.gov.cec~txn~candidates-votes/2002/馬英九-village-votes-page-3.json,matched,exact-district-li-name
2002,信義區,正和里,正和里,李應元,768,data/raw/openfun/tw.gov.cec~txn~candidates-votes/2002/李應元-village-votes-page-3.json,matched,exact-district-li-name
2002,信義區,正和里,正和里,馬英九,1995,data/raw/openfun/tw.gov.cec~txn~candidates-votes/2002/馬英九-village-votes-page-3.json,matched,exact-district-li-name
2002,信義區,永吉里,永吉里,李應元,1202,data/raw/openfun/tw.gov.cec~txn~candidates-votes/2002/李應元-village-votes-page-3.json,matched,exact-district-li-name
2002,信義區,永吉里,永吉里,馬英九,1357,data/raw/openfun/tw.gov.cec~txn~candidates-votes/2002/馬英九-village-votes-page-3.json,matched,exact-district-li-name
2002,信義區,永春里,永春里,李應元,1201,data/raw/openfun/tw.gov.cec~txn~candidates-votes/2002/李應元-village-votes-page-3.json,matched,exact-district-li-name
2002,信義區,永春里,永春里,馬英九,1928,data/raw/openfun/tw.gov.cec~txn~candidates-votes/2002/馬英九-village-votes-page-3.json,matched,exact-district-li-name
2002,信義區,安康里,安康里,李應元,1267,data/raw/openfun/tw.gov.cec~txn~candidates-votes/2002/李應元-village-votes-page-3.json,matched,exact-district-li-name
2002,信義區,安康里,安康里,馬英九,2696,data/raw/openfun/tw.gov.cec~txn~candidates-votes/2002/馬英九-village-votes-page-3.json,matched,exact-district-li-name
2002,信義區,西村里,西村里,李應元,457,data/raw/openfun/tw.gov.cec~txn~candidates-votes/2002/李應元-village-votes-page-3.json,matched,exact-district-li-name
2002,信義區,西村里,西村里,馬英九,2410,data/raw/openfun/tw.gov.cec~txn~candidates-votes/2002/馬英九-village-votes-page-3.json,matched,exact-district-li-name
2002,信義區,松友里,松友里,李應元,1048,data/raw/openfun/tw.gov.cec~txn~candidates-votes/2002/李應元-village-votes-page-3.json,matched,exact-district-li-name
2002,信義區,松友里,松友里,馬英九,2519,data/raw/openfun/tw.gov.cec~txn~candidates-votes/2002/馬英九-village-votes-page-3.json,matched,exact-district-li-name
2002,信義區,松光里,松光里,李應元,1214,data/raw/openfun/tw.gov.cec~txn~candidates-votes/2002/李應元-village-votes-page-3.json,matched,exact-district-li-name
2002,信義區,松光里,松光里,馬英九,2092,data/raw/openfun/tw.gov.cec~txn~candidates-votes/2002/馬英九-village-votes-page-3.json,matched,exact-district-li-name
2002,信義區,松隆里,松隆里,李應元,530,data/raw/openfun/tw.gov.cec~txn~candidates-votes/2002/李應元-village-votes-page-3.json,matched,exact-district-li-name
2002,信義區,松隆里,松隆里,馬英九,1129,data/raw/openfun/tw.gov.cec~txn~candidates-votes/2002/馬英九-village-votes-page-3.json,matched,exact-district-li-name
2002,信義區,長春里,長春里,李應元,970,data/raw/openfun/tw.gov.cec~txn~candidates-votes/2002/李應元-village-votes-page-3.json,matched,exact-district-li-name
2002,信義區,長春里,長春里,馬英九,1551,data/raw/openfun/tw.gov.cec~txn~candidates-votes/2002/馬英九-village-votes-page-3.json,matched,exact-district-li-name
2002,信義區,泰和里,泰和里,李應元,1336,data/raw/openfun/tw.gov.cec~txn~candidates-votes/2002/李應元-village-votes-page-4.json,matched,exact-district-li-name
2002,信義區,泰和里,泰和里,馬英九,3275,data/raw/openfun/tw.gov.cec~txn~candidates-votes/2002/馬英九-village-votes-page-4.json,matched,exact-district-li-name
2002,信義區,國業里,國業里,李應元,1290,data/raw/openfun/tw.gov.cec~txn~candidates-votes/2002/李應元-village-votes-page-3.json,matched,exact-district-li-name
2002,信義區,國業里,國業里,馬英九,2800,data/raw/openfun/tw.gov.cec~txn~candidates-votes/2002/馬英九-village-votes-page-3.json,matched,exact-district-li-name
2002,信義區,富台里,富台里,李應元,435,data/raw/openfun/tw.gov.cec~txn~candidates-votes/2002/李應元-village-votes-page-3.json,matched,exact-district-li-name
2002,信義區,富台里,富台里,馬英九,1744,data/raw/openfun/tw.gov.cec~txn~candidates-votes/2002/馬英九-village-votes-page-3.json,matched,exact-district-li-name
2002,信義區,惠安里,惠安里,李應元,1071,data/raw/openfun/tw.gov.cec~txn~candidates-votes/2002/李應元-village-votes-page-4.json,matched,exact-district-li-name
2002,信義區,惠安里,惠安里,馬英九,2912,data/raw/openfun/tw.gov.cec~txn~candidates-votes/2002/馬英九-village-votes-page-4.json,matched,exact-district-li-name
2002,信義區,敦厚里,敦厚里,李應元,904,data/raw/openfun/tw.gov.cec~txn~candidates-votes/2002/李應元-village-votes-page-3.json,matched,exact-district-li-name
2002,信義區,敦厚里,敦厚里,馬英九,1735,data/raw/openfun/tw.gov.cec~txn~candidates-votes/2002/馬英九-village-votes-page-3.json,matched,exact-district-li-name
2002,信義區,景勤里,景勤里,李應元,718,data/raw/openfun/tw.gov.cec~txn~candidates-votes/2002/李應元-village-votes-page-4.json,matched,exact-district-li-name
2002,信義區,景勤里,景勤里,馬英九,1944,data/raw/openfun/tw.gov.cec~txn~candidates-votes/2002/馬英九-village-votes-page-4.json,matched,exact-district-li-name
2002,信義區,景新里,景新里,李應元,711,data/raw/openfun/tw.gov.cec~txn~candidates-votes/2002/李應元-village-votes-page-3.json;data/raw/openfun/tw.gov.cec~txn~candidates-votes/2002/李應元-village-votes-page-4.json,matched,exact-district-li-name
2002,信義區,景新里,景新里,馬英九,2031,data/raw/openfun/tw.gov.cec~txn~candidates-votes/2002/馬英九-village-votes-page-3.json;data/raw/openfun/tw.gov.cec~txn~candidates-votes/2002/馬英九-village-votes-page-4.json,matched,exact-district-li-name
2002,信義區,景聯里,景聯里,李應元,920,data/raw/openfun/tw.gov.cec~txn~candidates-votes/2002/李應元-village-votes-page-4.json,matched,exact-district-li-name
2002,信義區,景聯里,景聯里,馬英九,1846,data/raw/openfun/tw.gov.cec~txn~candidates-votes/2002/馬英九-village-votes-page-4.json,matched,exact-district-li-name
2002,信義區,雅祥里,雅祥里,李應元,1048,data/raw/openfun/tw.gov.cec~txn~candidates-votes/2002/李應元-village-votes-page-3.json,matched,exact-district-li-name
2002,信義區,雅祥里,雅祥里,馬英九,1636,data/raw/openfun/tw.gov.cec~txn~candidates-votes/2002/馬英九-village-votes-page-3.json,matched,exact-district-li-name
2002,信義區,新仁里,新仁里,李應元,559,data/raw/openfun/tw.gov.cec~txn~candidates-votes/2002/李應元-village-votes-page-3.json,matched,exact-district-li-name
2002,信義區,新仁里,新仁里,馬英九,1747,data/raw/openfun/tw.gov.cec~txn~candidates-votes/2002/馬英九-village-votes-page-3.json,matched,exact-district-li-name
2002,信義區,嘉興里,嘉興里,李應元,674,data/raw/openfun/tw.gov.cec~txn~candidates-votes/2002/李應元-village-votes-page-4.json,matched,exact-district-li-name
2002,信義區,嘉興里,嘉興里,馬英九,1226,data/raw/openfun/tw.gov.cec~txn~candidates-votes/2002/馬英九-village-votes-page-4.json,matched,exact-district-li-name
2002,信義區,廣居里,廣居里,李應元,1179,data/raw/openfun/tw.gov.cec~txn~candidates-votes/2002/李應元-village-votes-page-3.json,matched,exact-district-li-name
2002,信義區,廣居里,廣居里,馬英九,2844,data/raw/openfun/tw.gov.cec~txn~candidates-votes/2002/馬英九-village-votes-page-3.json,matched,exact-district-li-name
2002,信義區,黎平里,黎平里,李應元,1286,data/raw/openfun/tw.gov.cec~txn~candidates-votes/2002/李應元-village-votes-page-4.json,matched,exact-district-li-name
2002,信義區,黎平里,黎平里,馬英九,2748,data/raw/openfun/tw.gov.cec~txn~candidates-votes/2002/馬英九-village-votes-page-4.json,matched,exact-district-li-name
2002,信義區,黎安里,黎安里,李應元,266,data/raw/openfun/tw.gov.cec~txn~candidates-votes/2002/李應元-village-votes-page-4.json,matched,exact-district-li-name
2002,信義區,黎安里,黎安里,馬英九,1429,data/raw/openfun/tw.gov.cec~txn~candidates-votes/2002/馬英九-village-votes-page-4.json,matched,exact-district-li-name
2002,信義區,黎忠里,黎忠里,李應元,914,data/raw/openfun/tw.gov.cec~txn~candidates-votes/2002/李應元-village-votes-page-4.json,matched,exact-district-li-name
2002,信義區,黎忠里,黎忠里,馬英九,1944,data/raw/openfun/tw.gov.cec~txn~candidates-votes/2002/馬英九-village-votes-page-4.json,matched,exact-district-li-name
2002,信義區,黎順里,黎順里,李應元,718,data/raw/openfun/tw.gov.cec~txn~candidates-votes/2002/李應元-village-votes-page-4.json,matched,exact-district-li-name
2002,信義區,黎順里,黎順里,馬英九,1753,data/raw/openfun/tw.gov.cec~txn~candidates-votes/2002/馬英九-village-votes-page-4.json,matched,exact-district-li-name
2002,信義區,興隆里,興隆里,李應元,471,data/raw/openfun/tw.gov.cec~txn~candidates-votes/2002/李應元-village-votes-page-3.json,matched,exact-district-li-name
2002,信義區,興隆里,興隆里,馬英九,1257,data/raw/openfun/tw.gov.cec~txn~candidates-votes/2002/馬英九-village-votes-page-3.json,matched,exact-district-li-name
2002,信義區,興雅里,興雅里,李應元,1165,data/raw/openfun/tw.gov.cec~txn~candidates-votes/2002/李應元-village-votes-page-3.json,matched,exact-district-li-name
2002,信義區,興雅里,興雅里,馬英九,2235,data/raw/openfun/tw.gov.cec~txn~candidates-votes/2002/馬英九-village-votes-page-3.json,matched,exact-district-li-name
2002,信義區,雙和里,雙和里,李應元,1221,data/raw/openfun/tw.gov.cec~txn~candidates-votes/2002/李應元-village-votes-page-4.json,matched,exact-district-li-name
2002,信義區,雙和里,雙和里,馬英九,3047,data/raw/openfun/tw.gov.cec~txn~candidates-votes/2002/馬英九-village-votes-page-4.json,matched,exact-district-li-name
2002,南港區,九如里,九如里,李應元,905,data/raw/openfun/tw.gov.cec~txn~candidates-votes/2002/李應元-village-votes-page-3.json,matched,exact-district-li-name
2002,南港區,九如里,九如里,馬英九,2329,data/raw/openfun/tw.gov.cec~txn~candidates-votes/2002/馬英九-village-votes-page-3.json,matched,exact-district-li-name
2002,南港區,三重里,三重里,李應元,749,data/raw/openfun/tw.gov.cec~txn~candidates-votes/2002/李應元-village-votes-page-2.json,matched,exact-district-li-name
2002,南港區,三重里,三重里,馬英九,1212,data/raw/openfun/tw.gov.cec~txn~candidates-votes/2002/馬英九-village-votes-page-2.json,matched,exact-district-li-name
2002,南港區,中南里,中南里,李應元,933,data/raw/openfun/tw.gov.cec~txn~candidates-votes/2002/李應元-village-votes-page-2.json,matched,exact-district-li-name
2002,南港區,中南里,中南里,馬英九,1461,data/raw/openfun/tw.gov.cec~txn~candidates-votes/2002/馬英九-village-votes-page-2.json,matched,exact-district-li-name
2002,南港區,中研里,中研里,李應元,1723,data/raw/openfun/tw.gov.cec~txn~candidates-votes/2002/李應元-village-votes-page-3.json,matched,exact-district-li-name
2002,南港區,中研里,中研里,馬英九,3543,data/raw/openfun/tw.gov.cec~txn~candidates-votes/2002/馬英九-village-votes-page-3.json,matched,exact-district-li-name
2002,南港區,仁福里,仁福里,李應元,791,data/raw/openfun/tw.gov.cec~txn~candidates-votes/2002/李應元-village-votes-page-3.json,matched,exact-district-li-name
2002,南港區,仁福里,仁福里,馬英九,2164,data/raw/openfun/tw.gov.cec~txn~candidates-votes/2002/馬英九-village-votes-page-3.json,matched,exact-district-li-name
2002,南港區,玉成里,玉成里,李應元,1057,data/raw/openfun/tw.gov.cec~txn~candidates-votes/2002/李應元-village-votes-page-2.json,matched,exact-district-li-name
2002,南港區,玉成里,玉成里,馬英九,1609,data/raw/openfun/tw.gov.cec~txn~candidates-votes/2002/馬英九-village-votes-page-2.json,matched,exact-district-li-name
2002,南港區,合成里,合成里,李應元,1340,data/raw/openfun/tw.gov.cec~txn~candidates-votes/2002/李應元-village-votes-page-3.json,matched,exact-district-li-name
2002,南港區,合成里,合成里,馬英九,2250,data/raw/openfun/tw.gov.cec~txn~candidates-votes/2002/馬英九-village-votes-page-3.json,matched,exact-district-li-name
2002,南港區,成福里,成福里,李應元,1327,data/raw/openfun/tw.gov.cec~txn~candidates-votes/2002/李應元-village-votes-page-3.json,matched,exact-district-li-name
2002,南港區,成福里,成福里,馬英九,2997,data/raw/openfun/tw.gov.cec~txn~candidates-votes/2002/馬英九-village-votes-page-3.json,matched,exact-district-li-name
2002,南港區,百福里,百福里,李應元,1050,data/raw/openfun/tw.gov.cec~txn~candidates-votes/2002/李應元-village-votes-page-3.json,matched,exact-district-li-name
2002,南港區,百福里,百福里,馬英九,1866,data/raw/openfun/tw.gov.cec~txn~candidates-votes/2002/馬英九-village-votes-page-3.json,matched,exact-district-li-name
2002,南港區,西新里,西新里,李應元,1139,data/raw/openfun/tw.gov.cec~txn~candidates-votes/2002/李應元-village-votes-page-2.json,matched,exact-district-li-name
2002,南港區,西新里,西新里,馬英九,1344,data/raw/openfun/tw.gov.cec~txn~candidates-votes/2002/馬英九-village-votes-page-2.json,matched,exact-district-li-name
2002,南港區,東明里,東明里,李應元,811,data/raw/openfun/tw.gov.cec~txn~candidates-votes/2002/李應元-village-votes-page-2.json,matched,exact-district-li-name
2002,南港區,東明里,東明里,馬英九,1842,data/raw/openfun/tw.gov.cec~txn~candidates-votes/2002/馬英九-village-votes-page-2.json,matched,exact-district-li-name
2002,南港區,東新里,東新里,李應元,1293,data/raw/openfun/tw.gov.cec~txn~candidates-votes/2002/李應元-village-votes-page-2.json,matched,exact-district-li-name
2002,南港區,東新里,東新里,馬英九,2529,data/raw/openfun/tw.gov.cec~txn~candidates-votes/2002/馬英九-village-votes-page-2.json,matched,exact-district-li-name
2002,南港區,南港里,南港里,李應元,1175,data/raw/openfun/tw.gov.cec~txn~candidates-votes/2002/李應元-village-votes-page-2.json,matched,exact-district-li-name
2002,南港區,南港里,南港里,馬英九,2008,data/raw/openfun/tw.gov.cec~txn~candidates-votes/2002/馬英九-village-votes-page-2.json,matched,exact-district-li-name
2002,南港區,新光里,新光里,李應元,713,data/raw/openfun/tw.gov.cec~txn~candidates-votes/2002/李應元-village-votes-page-2.json,matched,exact-district-li-name
2002,南港區,新光里,新光里,馬英九,1732,data/raw/openfun/tw.gov.cec~txn~candidates-votes/2002/馬英九-village-votes-page-2.json,matched,exact-district-li-name
2002,南港區,新富里,新富里,李應元,962,data/raw/openfun/tw.gov.cec~txn~candidates-votes/2002/李應元-village-votes-page-2.json,matched,exact-district-li-name
2002,南港區,新富里,新富里,馬英九,1407,data/raw/openfun/tw.gov.cec~txn~candidates-votes/2002/馬英九-village-votes-page-2.json,matched,exact-district-li-name
2002,南港區,萬福里,萬福里,李應元,742,data/raw/openfun/tw.gov.cec~txn~candidates-votes/2002/李應元-village-votes-page-3.json,matched,exact-district-li-name
2002,南港區,萬福里,萬福里,馬英九,1801,data/raw/openfun/tw.gov.cec~txn~candidates-votes/2002/馬英九-village-votes-page-3.json,matched,exact-district-li-name
2002,南港區,聯成里,聯成里,李應元,993,data/raw/openfun/tw.gov.cec~txn~candidates-votes/2002/李應元-village-votes-page-3.json,matched,exact-district-li-name
2002,南港區,聯成里,聯成里,馬英九,2141,data/raw/openfun/tw.gov.cec~txn~candidates-votes/2002/馬英九-village-votes-page-3.json,matched,exact-district-li-name
2002,南港區,鴻福里,鴻福里,李應元,979,data/raw/openfun/tw.gov.cec~txn~candidates-votes/2002/李應元-village-votes-page-3.json,matched,exact-district-li-name
2002,南港區,鴻福里,鴻福里,馬英九,1703,data/raw/openfun/tw.gov.cec~txn~candidates-votes/2002/馬英九-village-votes-page-3.json,matched,exact-district-li-name
2002,南港區,舊莊里,舊莊里,李應元,1643,data/raw/openfun/tw.gov.cec~txn~candidates-votes/2002/李應元-village-votes-page-3.json,matched,exact-district-li-name
2002,南港區,舊莊里,舊莊里,馬英九,3058,data/raw/openfun/tw.gov.cec~txn~candidates-votes/2002/馬英九-village-votes-page-3.json,matched,exact-district-li-name
2002,萬華區,仁德里,仁德里,李應元,1117,data/raw/openfun/tw.gov.cec~txn~candidates-votes/2002/李應元-village-votes-page-5.json,matched,exact-district-li-name
2002,萬華區,仁德里,仁德里,馬英九,1513,data/raw/openfun/tw.gov.cec~txn~candidates-votes/2002/馬英九-village-votes-page-5.json,matched,exact-district-li-name
2002,萬華區,日祥里,日祥里,李應元,894,data/raw/openfun/tw.gov.cec~txn~candidates-votes/2002/李應元-village-votes-page-5.json,matched,exact-district-li-name
2002,萬華區,日祥里,日祥里,馬英九,2651,data/raw/openfun/tw.gov.cec~txn~candidates-votes/2002/馬英九-village-votes-page-5.json,matched,exact-district-li-name
2002,萬華區,日善里,日善里,李應元,997,data/raw/openfun/tw.gov.cec~txn~candidates-votes/2002/李應元-village-votes-page-5.json,matched,exact-district-li-name
2002,萬華區,日善里,日善里,馬英九,1280,data/raw/openfun/tw.gov.cec~txn~candidates-votes/2002/馬英九-village-votes-page-5.json,matched,exact-district-li-name
2002,萬華區,全德里,全德里,李應元,1026,data/raw/openfun/tw.gov.cec~txn~candidates-votes/2002/李應元-village-votes-page-5.json,matched,exact-district-li-name
2002,萬華區,全德里,全德里,馬英九,1394,data/raw/openfun/tw.gov.cec~txn~candidates-votes/2002/馬英九-village-votes-page-5.json,matched,exact-district-li-name
2002,萬華區,西門里,西門里,李應元,636,data/raw/openfun/tw.gov.cec~txn~candidates-votes/2002/李應元-village-votes-page-5.json,matched,exact-district-li-name
2002,萬華區,西門里,西門里,馬英九,1230,data/raw/openfun/tw.gov.cec~txn~candidates-votes/2002/馬英九-village-votes-page-5.json,matched,exact-district-li-name
2002,萬華區,孝德里,孝德里,李應元,961,data/raw/openfun/tw.gov.cec~txn~candidates-votes/2002/李應元-village-votes-page-5.json,matched,exact-district-li-name
2002,萬華區,孝德里,孝德里,馬英九,959,data/raw/openfun/tw.gov.cec~txn~candidates-votes/2002/馬英九-village-votes-page-5.json,matched,exact-district-li-name
2002,萬華區,和平里,和平里,李應元,2117,data/raw/openfun/tw.gov.cec~txn~candidates-votes/2002/李應元-village-votes-page-5.json,matched,exact-district-li-name
2002,萬華區,和平里,和平里,馬英九,2164,data/raw/openfun/tw.gov.cec~txn~candidates-votes/2002/馬英九-village-votes-page-5.json,matched,exact-district-li-name
2002,萬華區,和德里,和德里,李應元,1837,data/raw/openfun/tw.gov.cec~txn~candidates-votes/2002/李應元-village-votes-page-5.json,matched,exact-district-li-name
2002,萬華區,和德里,和德里,馬英九,2089,data/raw/openfun/tw.gov.cec~txn~candidates-votes/2002/馬英九-village-votes-page-5.json,matched,exact-district-li-name
2002,萬華區,忠貞里,忠貞里,李應元,723,data/raw/openfun/tw.gov.cec~txn~candidates-votes/2002/李應元-village-votes-page-5.json,matched,exact-district-li-name
2002,萬華區,忠貞里,忠貞里,馬英九,2524,data/raw/openfun/tw.gov.cec~txn~candidates-votes/2002/馬英九-village-votes-page-5.json,matched,exact-district-li-name
2002,萬華區,忠德里,忠德里,李應元,1299,data/raw/openfun/tw.gov.cec~txn~candidates-votes/2002/李應元-village-votes-page-5.json,matched,exact-district-li-name
2002,萬華區,忠德里,忠德里,馬英九,1411,data/raw/openfun/tw.gov.cec~txn~candidates-votes/2002/馬英九-village-votes-page-5.json,matched,exact-district-li-name
2002,萬華區,青山里,青山里,李應元,1363,data/raw/openfun/tw.gov.cec~txn~candidates-votes/2002/李應元-village-votes-page-5.json,matched,exact-district-li-name
2002,萬華區,青山里,青山里,馬英九,1659,data/raw/openfun/tw.gov.cec~txn~candidates-votes/2002/馬英九-village-votes-page-5.json,matched,exact-district-li-name
2002,萬華區,保德里,保德里,李應元,762,data/raw/openfun/tw.gov.cec~txn~candidates-votes/2002/李應元-village-votes-page-5.json,matched,exact-district-li-name
2002,萬華區,保德里,保德里,馬英九,1008,data/raw/openfun/tw.gov.cec~txn~candidates-votes/2002/馬英九-village-votes-page-5.json,matched,exact-district-li-name
2002,萬華區,柳鄉里,柳鄉里,李應元,1495,data/raw/openfun/tw.gov.cec~txn~candidates-votes/2002/李應元-village-votes-page-5.json,matched,exact-district-li-name
2002,萬華區,柳鄉里,柳鄉里,馬英九,1685,data/raw/openfun/tw.gov.cec~txn~candidates-votes/2002/馬英九-village-votes-page-5.json,matched,exact-district-li-name
2002,萬華區,凌霄里,凌霄里,李應元,599,data/raw/openfun/tw.gov.cec~txn~candidates-votes/2002/李應元-village-votes-page-5.json,matched,exact-district-li-name
2002,萬華區,凌霄里,凌霄里,馬英九,1927,data/raw/openfun/tw.gov.cec~txn~candidates-votes/2002/馬英九-village-votes-page-5.json,matched,exact-district-li-name
2002,萬華區,頂碩里,頂碩里,李應元,2403,data/raw/openfun/tw.gov.cec~txn~candidates-votes/2002/李應元-village-votes-page-5.json,matched,exact-district-li-name
2002,萬華區,頂碩里,頂碩里,馬英九,2328,data/raw/openfun/tw.gov.cec~txn~candidates-votes/2002/馬英九-village-votes-page-5.json,matched,exact-district-li-name
2002,萬華區,富民里,富民里,李應元,1471,data/raw/openfun/tw.gov.cec~txn~candidates-votes/2002/李應元-village-votes-page-5.json,matched,exact-district-li-name
2002,萬華區,富民里,富民里,馬英九,1552,data/raw/openfun/tw.gov.cec~txn~candidates-votes/2002/馬英九-village-votes-page-5.json,matched,exact-district-li-name
2002,萬華區,富福里,富福里,李應元,1353,data/raw/openfun/tw.gov.cec~txn~candidates-votes/2002/李應元-village-votes-page-5.json,matched,exact-district-li-name
2002,萬華區,富福里,富福里,馬英九,1492,data/raw/openfun/tw.gov.cec~txn~candidates-votes/2002/馬英九-village-votes-page-5.json,matched,exact-district-li-name
2002,萬華區,菜園里,菜園里,李應元,1491,data/raw/openfun/tw.gov.cec~txn~candidates-votes/2002/李應元-village-votes-page-5.json,matched,exact-district-li-name
2002,萬華區,菜園里,菜園里,馬英九,1916,data/raw/openfun/tw.gov.cec~txn~candidates-votes/2002/馬英九-village-votes-page-5.json,matched,exact-district-li-name
2002,萬華區,華中里,華中里,李應元,1696,data/raw/openfun/tw.gov.cec~txn~candidates-votes/2002/李應元-village-votes-page-5.json,matched,exact-district-li-name
2002,萬華區,華中里,華中里,馬英九,2022,data/raw/openfun/tw.gov.cec~txn~candidates-votes/2002/馬英九-village-votes-page-5.json,matched,exact-district-li-name
2002,萬華區,華江里,華江里,李應元,2153,data/raw/openfun/tw.gov.cec~txn~candidates-votes/2002/李應元-village-votes-page-5.json,matched,exact-district-li-name
2002,萬華區,華江里,華江里,馬英九,2779,data/raw/openfun/tw.gov.cec~txn~candidates-votes/2002/馬英九-village-votes-page-5.json,matched,exact-district-li-name
2002,萬華區,新安里,新安里,李應元,1754,data/raw/openfun/tw.gov.cec~txn~candidates-votes/2002/李應元-village-votes-page-5.json,matched,exact-district-li-name
2002,萬華區,新安里,新安里,馬英九,2184,data/raw/openfun/tw.gov.cec~txn~candidates-votes/2002/馬英九-village-votes-page-5.json,matched,exact-district-li-name
2002,萬華區,新和里,新和里,李應元,901,data/raw/openfun/tw.gov.cec~txn~candidates-votes/2002/李應元-village-votes-page-5.json,matched,exact-district-li-name
2002,萬華區,新和里,新和里,馬英九,4534,data/raw/openfun/tw.gov.cec~txn~candidates-votes/2002/馬英九-village-votes-page-5.json,matched,exact-district-li-name
2002,萬華區,新忠里,新忠里,李應元,327,data/raw/openfun/tw.gov.cec~txn~candidates-votes/2002/李應元-village-votes-page-5.json,matched,exact-district-li-name
2002,萬華區,新忠里,新忠里,馬英九,2102,data/raw/openfun/tw.gov.cec~txn~candidates-votes/2002/馬英九-village-votes-page-5.json,matched,exact-district-li-name
2002,萬華區,新起里,新起里,李應元,1430,data/raw/openfun/tw.gov.cec~txn~candidates-votes/2002/李應元-village-votes-page-5.json,matched,exact-district-li-name
2002,萬華區,新起里,新起里,馬英九,2436,data/raw/openfun/tw.gov.cec~txn~candidates-votes/2002/馬英九-village-votes-page-5.json,matched,exact-district-li-name
2002,萬華區,萬壽里,萬壽里,李應元,644,data/raw/openfun/tw.gov.cec~txn~candidates-votes/2002/李應元-village-votes-page-5.json,matched,exact-district-li-name
2002,萬華區,萬壽里,萬壽里,馬英九,1041,data/raw/openfun/tw.gov.cec~txn~candidates-votes/2002/馬英九-village-votes-page-5.json,matched,exact-district-li-name
2002,萬華區,壽德里,壽德里,李應元,1222,data/raw/openfun/tw.gov.cec~txn~candidates-votes/2002/李應元-village-votes-page-5.json,matched,exact-district-li-name
2002,萬華區,壽德里,壽德里,馬英九,1697,data/raw/openfun/tw.gov.cec~txn~candidates-votes/2002/馬英九-village-votes-page-5.json,matched,exact-district-li-name
2002,萬華區,榮德里,榮德里,李應元,1062,data/raw/openfun/tw.gov.cec~txn~candidates-votes/2002/李應元-village-votes-page-5.json,matched,exact-district-li-name
2002,萬華區,榮德里,榮德里,馬英九,1351,data/raw/openfun/tw.gov.cec~txn~candidates-votes/2002/馬英九-village-votes-page-5.json,matched,exact-district-li-name
2002,萬華區,福星里,福星里,李應元,977,data/raw/openfun/tw.gov.cec~txn~candidates-votes/2002/李應元-village-votes-page-5.json,matched,exact-district-li-name
2002,萬華區,福星里,福星里,馬英九,1726,data/raw/openfun/tw.gov.cec~txn~candidates-votes/2002/馬英九-village-votes-page-5.json,matched,exact-district-li-name
2002,萬華區,福音里,福音里,李應元,989,data/raw/openfun/tw.gov.cec~txn~candidates-votes/2002/李應元-village-votes-page-5.json,matched,exact-district-li-name
2002,萬華區,福音里,福音里,馬英九,1258,data/raw/openfun/tw.gov.cec~txn~candidates-votes/2002/馬英九-village-votes-page-5.json,matched,exact-district-li-name
2002,萬華區,綠堤里,綠堤里,李應元,1017,data/raw/openfun/tw.gov.cec~txn~candidates-votes/2002/李應元-village-votes-page-5.json,matched,exact-district-li-name
2002,萬華區,綠堤里,綠堤里,馬英九,1644,data/raw/openfun/tw.gov.cec~txn~candidates-votes/2002/馬英九-village-votes-page-5.json,matched,exact-district-li-name
2002,萬華區,銘德里,銘德里,李應元,1232,data/raw/openfun/tw.gov.cec~txn~candidates-votes/2002/李應元-village-votes-page-5.json,matched,exact-district-li-name
2002,萬華區,銘德里,銘德里,馬英九,1608,data/raw/openfun/tw.gov.cec~txn~candidates-votes/2002/馬英九-village-votes-page-5.json,matched,exact-district-li-name
2002,萬華區,糖廍里,糖廍里,李應元,1357,data/raw/openfun/tw.gov.cec~txn~candidates-votes/2002/李應元-village-votes-page-5.json,matched,manual-cross-year-openfun-evidence
2002,萬華區,糖廍里,糖廍里,馬英九,1833,data/raw/openfun/tw.gov.cec~txn~candidates-votes/2002/馬英九-village-votes-page-5.json,matched,manual-cross-year-openfun-evidence
2002,萬華區,興德里,興德里,李應元,1267,data/raw/openfun/tw.gov.cec~txn~candidates-votes/2002/李應元-village-votes-page-5.json,matched,exact-district-li-name
2002,萬華區,興德里,興德里,馬英九,1591,data/raw/openfun/tw.gov.cec~txn~candidates-votes/2002/馬英九-village-votes-page-5.json,matched,exact-district-li-name
2002,萬華區,錦德里,錦德里,李應元,1363,data/raw/openfun/tw.gov.cec~txn~candidates-votes/2002/李應元-village-votes-page-5.json,matched,exact-district-li-name
2002,萬華區,錦德里,錦德里,馬英九,1792,data/raw/openfun/tw.gov.cec~txn~candidates-votes/2002/馬英九-village-votes-page-5.json,matched,exact-district-li-name
2002,萬華區,雙園里,雙園里,李應元,1387,data/raw/openfun/tw.gov.cec~txn~candidates-votes/2002/李應元-village-votes-page-5.json,matched,exact-district-li-name
2002,萬華區,雙園里,雙園里,馬英九,1645,data/raw/openfun/tw.gov.cec~txn~candidates-votes/2002/馬英九-village-votes-page-5.json,matched,exact-district-li-name
2002,萬華區,騰雲里,騰雲里,李應元,491,data/raw/openfun/tw.gov.cec~txn~candidates-votes/2002/李應元-village-votes-page-5.json,matched,exact-district-li-name
2002,萬華區,騰雲里,騰雲里,馬英九,1370,data/raw/openfun/tw.gov.cec~txn~candidates-votes/2002/馬英九-village-votes-page-5.json,matched,exact-district-li-name
2006,士林區,三玉里,三玉里,郝龍斌,1467,data/raw/openfun/tw.gov.cec~txn~candidates-votes/2006/郝龍斌-village-votes-page-2.json,matched,polling-station-single-village
2006,士林區,三玉里,三玉里,謝長廷,1347,data/raw/openfun/tw.gov.cec~txn~candidates-votes/2006/謝長廷-village-votes-page-2.json,matched,polling-station-single-village
2006,士林區,仁勇里,仁勇里,郝龍斌,937,data/raw/openfun/tw.gov.cec~txn~candidates-votes/2006/郝龍斌-village-votes-page-1.json,matched,polling-station-single-village
2006,士林區,仁勇里,仁勇里,謝長廷,1211,data/raw/openfun/tw.gov.cec~txn~candidates-votes/2006/謝長廷-village-votes-page-1.json,matched,polling-station-single-village
2006,士林區,公館里,公館里,郝龍斌,260,data/raw/openfun/tw.gov.cec~txn~candidates-votes/2006/郝龍斌-village-votes-page-2.json,matched,polling-station-single-village
2006,士林區,公館里,公館里,謝長廷,496,data/raw/openfun/tw.gov.cec~txn~candidates-votes/2006/謝長廷-village-votes-page-2.json,matched,polling-station-single-village
2006,士林區,天山里,天山里,郝龍斌,1948,data/raw/openfun/tw.gov.cec~txn~candidates-votes/2006/郝龍斌-village-votes-page-2.json,matched,polling-station-single-village
2006,士林區,天山里,天山里,謝長廷,1421,data/raw/openfun/tw.gov.cec~txn~candidates-votes/2006/謝長廷-village-votes-page-2.json,matched,polling-station-single-village
2006,士林區,天母里,天母里,郝龍斌,1869,data/raw/openfun/tw.gov.cec~txn~candidates-votes/2006/郝龍斌-village-votes-page-2.json,matched,polling-station-single-village
2006,士林區,天母里,天母里,謝長廷,1407,data/raw/openfun/tw.gov.cec~txn~candidates-votes/2006/謝長廷-village-votes-page-2.json,matched,polling-station-single-village
2006,士林區,天玉里,天玉里,郝龍斌,2292,data/raw/openfun/tw.gov.cec~txn~candidates-votes/2006/郝龍斌-village-votes-page-2.json,matched,polling-station-single-village
2006,士林區,天玉里,天玉里,謝長廷,1788,data/raw/openfun/tw.gov.cec~txn~candidates-votes/2006/謝長廷-village-votes-page-2.json,matched,polling-station-single-village
2006,士林區,天和里,天和里,郝龍斌,2119,data/raw/openfun/tw.gov.cec~txn~candidates-votes/2006/郝龍斌-village-votes-page-2.json,matched,polling-station-single-village
2006,士林區,天和里,天和里,謝長廷,1600,data/raw/openfun/tw.gov.cec~txn~candidates-votes/2006/謝長廷-village-votes-page-2.json,matched,polling-station-single-village
2006,士林區,天祿里,天祿里,郝龍斌,1329,data/raw/openfun/tw.gov.cec~txn~candidates-votes/2006/郝龍斌-village-votes-page-2.json,matched,polling-station-single-village
2006,士林區,天祿里,天祿里,謝長廷,1252,data/raw/openfun/tw.gov.cec~txn~candidates-votes/2006/謝長廷-village-votes-page-2.json,matched,polling-station-single-village
2006,士林區,天壽里,天壽里,郝龍斌,1305,data/raw/openfun/tw.gov.cec~txn~candidates-votes/2006/郝龍斌-village-votes-page-2.json,matched,polling-station-single-village
2006,士林區,天壽里,天壽里,謝長廷,1079,data/raw/openfun/tw.gov.cec~txn~candidates-votes/2006/謝長廷-village-votes-page-2.json,matched,polling-station-single-village
2006,士林區,天福里,天福里,郝龍斌,1812,data/raw/openfun/tw.gov.cec~txn~candidates-votes/2006/郝龍斌-village-votes-page-2.json,matched,polling-station-single-village
2006,士林區,天福里,天福里,謝長廷,1361,data/raw/openfun/tw.gov.cec~txn~candidates-votes/2006/謝長廷-village-votes-page-2.json,matched,polling-station-single-village
2006,士林區,平等里,平等里,郝龍斌,199,data/raw/openfun/tw.gov.cec~txn~candidates-votes/2006/郝龍斌-village-votes-page-2.json,matched,polling-station-single-village
2006,士林區,平等里,平等里,謝長廷,601,data/raw/openfun/tw.gov.cec~txn~candidates-votes/2006/謝長廷-village-votes-page-2.json,matched,polling-station-single-village
2006,士林區,永倫里,永倫里,郝龍斌,1465,data/raw/openfun/tw.gov.cec~txn~candidates-votes/2006/郝龍斌-village-votes-page-1.json,matched,polling-station-single-village
2006,士林區,永倫里,永倫里,謝長廷,2457,data/raw/openfun/tw.gov.cec~txn~candidates-votes/2006/謝長廷-village-votes-page-1.json,matched,polling-station-single-village
2006,士林區,永福里,永福里,郝龍斌,284,data/raw/openfun/tw.gov.cec~txn~candidates-votes/2006/郝龍斌-village-votes-page-2.json,matched,polling-station-single-village
2006,士林區,永福里,永福里,謝長廷,438,data/raw/openfun/tw.gov.cec~txn~candidates-votes/2006/謝長廷-village-votes-page-2.json,matched,polling-station-single-village
2006,士林區,名山里,名山里,郝龍斌,2083,data/raw/openfun/tw.gov.cec~txn~candidates-votes/2006/郝龍斌-village-votes-page-2.json,matched,polling-station-single-village
2006,士林區,名山里,名山里,謝長廷,1587,data/raw/openfun/tw.gov.cec~txn~candidates-votes/2006/謝長廷-village-votes-page-2.json,matched,polling-station-single-village
2006,士林區,百齡里,百齡里,郝龍斌,1683,data/raw/openfun/tw.gov.cec~txn~candidates-votes/2006/郝龍斌-village-votes-page-1.json,matched,polling-station-single-village
2006,士林區,百齡里,百齡里,謝長廷,2112,data/raw/openfun/tw.gov.cec~txn~candidates-votes/2006/謝長廷-village-votes-page-1.json,matched,polling-station-single-village
2006,士林區,岩山里,岩山里,郝龍斌,1167,data/raw/openfun/tw.gov.cec~txn~candidates-votes/2006/郝龍斌-village-votes-page-2.json,matched,polling-station-single-village
2006,士林區,岩山里,岩山里,謝長廷,712,data/raw/openfun/tw.gov.cec~txn~candidates-votes/2006/謝長廷-village-votes-page-2.json,matched,polling-station-single-village
2006,士林區,忠誠里,忠誠里,郝龍斌,2095,data/raw/openfun/tw.gov.cec~txn~candidates-votes/2006/郝龍斌-village-votes-page-2.json,matched,polling-station-single-village
2006,士林區,忠誠里,忠誠里,謝長廷,917,data/raw/openfun/tw.gov.cec~txn~candidates-votes/2006/謝長廷-village-votes-page-2.json,matched,polling-station-single-village
2006,士林區,承德里,承德里,郝龍斌,1512,data/raw/openfun/tw.gov.cec~txn~candidates-votes/2006/郝龍斌-village-votes-page-1.json,matched,polling-station-single-village
2006,士林區,承德里,承德里,謝長廷,1291,data/raw/openfun/tw.gov.cec~txn~candidates-votes/2006/謝長廷-village-votes-page-1.json,matched,polling-station-single-village
2006,士林區,明勝里,明勝里,郝龍斌,1187,data/raw/openfun/tw.gov.cec~txn~candidates-votes/2006/郝龍斌-village-votes-page-1.json,matched,polling-station-single-village
2006,士林區,明勝里,明勝里,謝長廷,1367,data/raw/openfun/tw.gov.cec~txn~candidates-votes/2006/謝長廷-village-votes-page-1.json,matched,polling-station-single-village
2006,士林區,東山里,東山里,郝龍斌,1798,data/raw/openfun/tw.gov.cec~txn~candidates-votes/2006/郝龍斌-village-votes-page-2.json,matched,polling-station-single-village
2006,士林區,東山里,東山里,謝長廷,939,data/raw/openfun/tw.gov.cec~txn~candidates-votes/2006/謝長廷-village-votes-page-2.json,matched,polling-station-single-village
2006,士林區,社子里,社子里,郝龍斌,1285,data/raw/openfun/tw.gov.cec~txn~candidates-votes/2006/郝龍斌-village-votes-page-1.json,matched,polling-station-single-village
2006,士林區,社子里,社子里,謝長廷,1971,data/raw/openfun/tw.gov.cec~txn~candidates-votes/2006/謝長廷-village-votes-page-1.json,matched,polling-station-single-village
2006,士林區,社園里,社園里,郝龍斌,1392,data/raw/openfun/tw.gov.cec~txn~candidates-votes/2006/郝龍斌-village-votes-page-1.json,matched,polling-station-single-village
2006,士林區,社園里,社園里,謝長廷,2442,data/raw/openfun/tw.gov.cec~txn~candidates-votes/2006/謝長廷-village-votes-page-1.json,matched,polling-station-single-village
2006,士林區,社新里,社新里,郝龍斌,1613,data/raw/openfun/tw.gov.cec~txn~candidates-votes/2006/郝龍斌-village-votes-page-1.json,matched,polling-station-single-village
2006,士林區,社新里,社新里,謝長廷,2720,data/raw/openfun/tw.gov.cec~txn~candidates-votes/2006/謝長廷-village-votes-page-1.json,matched,polling-station-single-village
2006,士林區,芝山里,芝山里,郝龍斌,2087,data/raw/openfun/tw.gov.cec~txn~candidates-votes/2006/郝龍斌-village-votes-page-2.json,matched,polling-station-single-village
2006,士林區,芝山里,芝山里,謝長廷,1640,data/raw/openfun/tw.gov.cec~txn~candidates-votes/2006/謝長廷-village-votes-page-2.json,matched,polling-station-single-village
2006,士林區,前港里,前港里,郝龍斌,978,data/raw/openfun/tw.gov.cec~txn~candidates-votes/2006/郝龍斌-village-votes-page-1.json,matched,polling-station-single-village
2006,士林區,前港里,前港里,謝長廷,1182,data/raw/openfun/tw.gov.cec~txn~candidates-votes/2006/謝長廷-village-votes-page-1.json,matched,polling-station-single-village
2006,士林區,後港里,後港里,郝龍斌,1725,data/raw/openfun/tw.gov.cec~txn~candidates-votes/2006/郝龍斌-village-votes-page-1.json,matched,polling-station-single-village
2006,士林區,後港里,後港里,謝長廷,2264,data/raw/openfun/tw.gov.cec~txn~candidates-votes/2006/謝長廷-village-votes-page-1.json,matched,polling-station-single-village
2006,士林區,富光里,富光里,郝龍斌,1176,data/raw/openfun/tw.gov.cec~txn~candidates-votes/2006/郝龍斌-village-votes-page-1.json,matched,polling-station-single-village
2006,士林區,富光里,富光里,謝長廷,1824,data/raw/openfun/tw.gov.cec~txn~candidates-votes/2006/謝長廷-village-votes-page-1.json,matched,polling-station-single-village
2006,士林區,富洲里,富洲里,郝龍斌,862,data/raw/openfun/tw.gov.cec~txn~candidates-votes/2006/郝龍斌-village-votes-page-1.json;data/raw/openfun/tw.gov.cec~txn~candidates-votes/2006/郝龍斌-village-votes-page-2.json,matched,polling-station-single-village
2006,士林區,富洲里,富洲里,謝長廷,2231,data/raw/openfun/tw.gov.cec~txn~candidates-votes/2006/謝長廷-village-votes-page-1.json;data/raw/openfun/tw.gov.cec~txn~candidates-votes/2006/謝長廷-village-votes-page-2.json,matched,polling-station-single-village
2006,士林區,菁山里,菁山里,郝龍斌,385,data/raw/openfun/tw.gov.cec~txn~candidates-votes/2006/郝龍斌-village-votes-page-2.json,matched,polling-station-single-village
2006,士林區,菁山里,菁山里,謝長廷,521,data/raw/openfun/tw.gov.cec~txn~candidates-votes/2006/謝長廷-village-votes-page-2.json,matched,polling-station-single-village
2006,士林區,陽明里,陽明里,郝龍斌,793,data/raw/openfun/tw.gov.cec~txn~candidates-votes/2006/郝龍斌-village-votes-page-2.json,matched,polling-station-single-village
2006,士林區,陽明里,陽明里,謝長廷,775,data/raw/openfun/tw.gov.cec~txn~candidates-votes/2006/謝長廷-village-votes-page-2.json,matched,polling-station-single-village
2006,士林區,新安里,新安里,郝龍斌,465,data/raw/openfun/tw.gov.cec~txn~candidates-votes/2006/郝龍斌-village-votes-page-2.json,matched,polling-station-single-village
2006,士林區,新安里,新安里,謝長廷,656,data/raw/openfun/tw.gov.cec~txn~candidates-votes/2006/謝長廷-village-votes-page-2.json,matched,polling-station-single-village
2006,士林區,溪山里,溪山里,郝龍斌,327,data/raw/openfun/tw.gov.cec~txn~candidates-votes/2006/郝龍斌-village-votes-page-2.json,matched,polling-station-single-village
2006,士林區,溪山里,溪山里,謝長廷,490,data/raw/openfun/tw.gov.cec~txn~candidates-votes/2006/謝長廷-village-votes-page-2.json,matched,polling-station-single-village
2006,士林區,義信里,義信里,郝龍斌,895,data/raw/openfun/tw.gov.cec~txn~candidates-votes/2006/郝龍斌-village-votes-page-1.json,matched,polling-station-single-village
2006,士林區,義信里,義信里,謝長廷,865,data/raw/openfun/tw.gov.cec~txn~candidates-votes/2006/謝長廷-village-votes-page-1.json,matched,polling-station-single-village
2006,士林區,聖山里,聖山里,郝龍斌,1699,data/raw/openfun/tw.gov.cec~txn~candidates-votes/2006/郝龍斌-village-votes-page-2.json,matched,polling-station-single-village
2006,士林區,聖山里,聖山里,謝長廷,991,data/raw/openfun/tw.gov.cec~txn~candidates-votes/2006/謝長廷-village-votes-page-2.json,matched,polling-station-single-village
2006,士林區,葫東里,葫東里,郝龍斌,749,data/raw/openfun/tw.gov.cec~txn~candidates-votes/2006/郝龍斌-village-votes-page-1.json,matched,polling-station-single-village
2006,士林區,葫東里,葫東里,謝長廷,1202,data/raw/openfun/tw.gov.cec~txn~candidates-votes/2006/謝長廷-village-votes-page-1.json,matched,polling-station-single-village
2006,士林區,葫蘆里,葫蘆里,郝龍斌,1916,data/raw/openfun/tw.gov.cec~txn~candidates-votes/2006/郝龍斌-village-votes-page-1.json,matched,polling-station-single-village
2006,士林區,葫蘆里,葫蘆里,謝長廷,2048,data/raw/openfun/tw.gov.cec~txn~candidates-votes/2006/謝長廷-village-votes-page-1.json,matched,polling-station-single-village
2006,士林區,福中里,福中里,郝龍斌,1169,data/raw/openfun/tw.gov.cec~txn~candidates-votes/2006/郝龍斌-village-votes-page-1.json,matched,polling-station-single-village
2006,士林區,福中里,福中里,謝長廷,1692,data/raw/openfun/tw.gov.cec~txn~candidates-votes/2006/謝長廷-village-votes-page-1.json,matched,polling-station-single-village
2006,士林區,福安里,福安里,郝龍斌,573,data/raw/openfun/tw.gov.cec~txn~candidates-votes/2006/郝龍斌-village-votes-page-1.json,matched,polling-station-single-village
2006,士林區,福安里,福安里,謝長廷,2158,data/raw/openfun/tw.gov.cec~txn~candidates-votes/2006/謝長廷-village-votes-page-1.json,matched,polling-station-single-village
2006,士林區,福志里,福志里,郝龍斌,2410,data/raw/openfun/tw.gov.cec~txn~candidates-votes/2006/郝龍斌-village-votes-page-1.json,matched,polling-station-single-village
2006,士林區,福志里,福志里,謝長廷,1681,data/raw/openfun/tw.gov.cec~txn~candidates-votes/2006/謝長廷-village-votes-page-1.json,matched,polling-station-single-village
2006,士林區,福佳里,福佳里,郝龍斌,1982,data/raw/openfun/tw.gov.cec~txn~candidates-votes/2006/郝龍斌-village-votes-page-1.json,matched,polling-station-single-village
2006,士林區,福佳里,福佳里,謝長廷,2004,data/raw/openfun/tw.gov.cec~txn~candidates-votes/2006/謝長廷-village-votes-page-1.json,matched,polling-station-single-village
2006,士林區,福林里,福林里,郝龍斌,845,data/raw/openfun/tw.gov.cec~txn~candidates-votes/2006/郝龍斌-village-votes-page-1.json,matched,polling-station-single-village
2006,士林區,福林里,福林里,謝長廷,694,data/raw/openfun/tw.gov.cec~txn~candidates-votes/2006/謝長廷-village-votes-page-1.json,matched,polling-station-single-village
2006,士林區,福華里,福華里,郝龍斌,1568,data/raw/openfun/tw.gov.cec~txn~candidates-votes/2006/郝龍斌-village-votes-page-1.json,matched,polling-station-single-village
2006,士林區,福華里,福華里,謝長廷,1694,data/raw/openfun/tw.gov.cec~txn~candidates-votes/2006/謝長廷-village-votes-page-1.json,matched,polling-station-single-village
2006,士林區,福順里,福順里,郝龍斌,1034,data/raw/openfun/tw.gov.cec~txn~candidates-votes/2006/郝龍斌-village-votes-page-1.json,matched,polling-station-single-village
2006,士林區,福順里,福順里,謝長廷,1671,data/raw/openfun/tw.gov.cec~txn~candidates-votes/2006/謝長廷-village-votes-page-1.json,matched,polling-station-single-village
2006,士林區,福德里,福德里,郝龍斌,1173,data/raw/openfun/tw.gov.cec~txn~candidates-votes/2006/郝龍斌-village-votes-page-1.json,matched,polling-station-single-village
2006,士林區,福德里,福德里,謝長廷,1065,data/raw/openfun/tw.gov.cec~txn~candidates-votes/2006/謝長廷-village-votes-page-1.json,matched,polling-station-single-village
2006,士林區,翠山里,翠山里,郝龍斌,1168,data/raw/openfun/tw.gov.cec~txn~candidates-votes/2006/郝龍斌-village-votes-page-2.json,matched,polling-station-single-village
2006,士林區,翠山里,翠山里,謝長廷,313,data/raw/openfun/tw.gov.cec~txn~candidates-votes/2006/謝長廷-village-votes-page-2.json,matched,polling-station-single-village
2006,士林區,德行里,德行里,郝龍斌,1063,data/raw/openfun/tw.gov.cec~txn~candidates-votes/2006/郝龍斌-village-votes-page-2.json,matched,polling-station-single-village
2006,士林區,德行里,德行里,謝長廷,1043,data/raw/openfun/tw.gov.cec~txn~candidates-votes/2006/謝長廷-village-votes-page-2.json,matched,polling-station-single-village
2006,士林區,德華里,德華里,郝龍斌,1348,data/raw/openfun/tw.gov.cec~txn~candidates-votes/2006/郝龍斌-village-votes-page-2.json,matched,polling-station-single-village
2006,士林區,德華里,德華里,謝長廷,1539,data/raw/openfun/tw.gov.cec~txn~candidates-votes/2006/謝長廷-village-votes-page-2.json,matched,polling-station-single-village
2006,士林區,臨溪里,臨溪里,郝龍斌,867,data/raw/openfun/tw.gov.cec~txn~candidates-votes/2006/郝龍斌-village-votes-page-2.json,matched,polling-station-single-village
2006,士林區,臨溪里,臨溪里,謝長廷,642,data/raw/openfun/tw.gov.cec~txn~candidates-votes/2006/謝長廷-village-votes-page-2.json,matched,polling-station-single-village
2006,士林區,舊佳里,舊佳里,郝龍斌,1633,data/raw/openfun/tw.gov.cec~txn~candidates-votes/2006/郝龍斌-village-votes-page-1.json,matched,polling-station-single-village
2006,士林區,舊佳里,舊佳里,謝長廷,1723,data/raw/openfun/tw.gov.cec~txn~candidates-votes/2006/謝長廷-village-votes-page-1.json,matched,polling-station-single-village
2006,士林區,蘭雅里,蘭雅里,郝龍斌,2352,data/raw/openfun/tw.gov.cec~txn~candidates-votes/2006/郝龍斌-village-votes-page-2.json,matched,polling-station-single-village
2006,士林區,蘭雅里,蘭雅里,謝長廷,1938,data/raw/openfun/tw.gov.cec~txn~candidates-votes/2006/謝長廷-village-votes-page-2.json,matched,polling-station-single-village
2006,士林區,蘭興里,蘭興里,郝龍斌,1618,data/raw/openfun/tw.gov.cec~txn~candidates-votes/2006/郝龍斌-village-votes-page-2.json,matched,polling-station-single-village
2006,士林區,蘭興里,蘭興里,謝長廷,1548,data/raw/openfun/tw.gov.cec~txn~candidates-votes/2006/謝長廷-village-votes-page-2.json,matched,polling-station-single-village
2006,大同區,大有里,大有里,郝龍斌,1024,data/raw/openfun/tw.gov.cec~txn~candidates-votes/2006/郝龍斌-village-votes-page-5.json,matched,polling-station-single-village
2006,大同區,大有里,大有里,謝長廷,1553,data/raw/openfun/tw.gov.cec~txn~candidates-votes/2006/謝長廷-village-votes-page-5.json,matched,polling-station-single-village
2006,大同區,民權里,民權里,郝龍斌,1502,data/raw/openfun/tw.gov.cec~txn~candidates-votes/2006/郝龍斌-village-votes-page-5.json,matched,polling-station-single-village
2006,大同區,民權里,民權里,謝長廷,1551,data/raw/openfun/tw.gov.cec~txn~candidates-votes/2006/謝長廷-village-votes-page-5.json,matched,polling-station-single-village
2006,大同區,永樂里,永樂里,郝龍斌,1087,data/raw/openfun/tw.gov.cec~txn~candidates-votes/2006/郝龍斌-village-votes-page-5.json,matched,polling-station-single-village
2006,大同區,永樂里,永樂里,謝長廷,1484,data/raw/openfun/tw.gov.cec~txn~candidates-votes/2006/謝長廷-village-votes-page-5.json,matched,polling-station-single-village
2006,大同區,玉泉里,玉泉里,郝龍斌,779,data/raw/openfun/tw.gov.cec~txn~candidates-votes/2006/郝龍斌-village-votes-page-5.json,matched,polling-station-single-village
2006,大同區,玉泉里,玉泉里,謝長廷,801,data/raw/openfun/tw.gov.cec~txn~candidates-votes/2006/謝長廷-village-votes-page-5.json,matched,polling-station-single-village
2006,大同區,光能里,光能里,郝龍斌,1017,data/raw/openfun/tw.gov.cec~txn~candidates-votes/2006/郝龍斌-village-votes-page-5.json,matched,polling-station-single-village
2006,大同區,光能里,光能里,謝長廷,1581,data/raw/openfun/tw.gov.cec~txn~candidates-votes/2006/謝長廷-village-votes-page-5.json,matched,polling-station-single-village
2006,大同區,老師里,老師里,郝龍斌,1173,data/raw/openfun/tw.gov.cec~txn~candidates-votes/2006/郝龍斌-village-votes-page-5.json,matched,polling-station-single-village
2006,大同區,老師里,老師里,謝長廷,1814,data/raw/openfun/tw.gov.cec~txn~candidates-votes/2006/謝長廷-village-votes-page-5.json,matched,polling-station-single-village
2006,大同區,至聖里,至聖里,郝龍斌,1598,data/raw/openfun/tw.gov.cec~txn~candidates-votes/2006/郝龍斌-village-votes-page-5.json,matched,polling-station-single-village
2006,大同區,至聖里,至聖里,謝長廷,2352,data/raw/openfun/tw.gov.cec~txn~candidates-votes/2006/謝長廷-village-votes-page-5.json,matched,polling-station-single-village
2006,大同區,延平里,延平里,郝龍斌,910,data/raw/openfun/tw.gov.cec~txn~candidates-votes/2006/郝龍斌-village-votes-page-5.json,matched,polling-station-single-village
2006,大同區,延平里,延平里,謝長廷,1107,data/raw/openfun/tw.gov.cec~txn~candidates-votes/2006/謝長廷-village-votes-page-5.json,matched,polling-station-single-village
2006,大同區,保安里,保安里,郝龍斌,872,data/raw/openfun/tw.gov.cec~txn~candidates-votes/2006/郝龍斌-village-votes-page-5.json,matched,polling-station-single-village
2006,大同區,保安里,保安里,謝長廷,1402,data/raw/openfun/tw.gov.cec~txn~candidates-votes/2006/謝長廷-village-votes-page-5.json,matched,polling-station-single-village
2006,大同區,南芳里,南芳里,郝龍斌,844,data/raw/openfun/tw.gov.cec~txn~candidates-votes/2006/郝龍斌-village-votes-page-5.json,matched,polling-station-single-village
2006,大同區,南芳里,南芳里,謝長廷,1184,data/raw/openfun/tw.gov.cec~txn~candidates-votes/2006/謝長廷-village-votes-page-5.json,matched,polling-station-single-village
2006,大同區,建功里,建功里,郝龍斌,999,data/raw/openfun/tw.gov.cec~txn~candidates-votes/2006/郝龍斌-village-votes-page-5.json,matched,polling-station-single-village
2006,大同區,建功里,建功里,謝長廷,1375,data/raw/openfun/tw.gov.cec~txn~candidates-votes/2006/謝長廷-village-votes-page-5.json,matched,polling-station-single-village
2006,大同區,建明里,建明里,郝龍斌,660,data/raw/openfun/tw.gov.cec~txn~candidates-votes/2006/郝龍斌-village-votes-page-5.json,matched,polling-station-single-village
2006,大同區,建明里,建明里,謝長廷,1014,data/raw/openfun/tw.gov.cec~txn~candidates-votes/2006/謝長廷-village-votes-page-5.json,matched,polling-station-single-village
2006,大同區,建泰里,建泰里,郝龍斌,651,data/raw/openfun/tw.gov.cec~txn~candidates-votes/2006/郝龍斌-village-votes-page-5.json,matched,polling-station-single-village
2006,大同區,建泰里,建泰里,謝長廷,1110,data/raw/openfun/tw.gov.cec~txn~candidates-votes/2006/謝長廷-village-votes-page-5.json,matched,polling-station-single-village
2006,大同區,星明里,星明里,郝龍斌,1127,data/raw/openfun/tw.gov.cec~txn~candidates-votes/2006/郝龍斌-village-votes-page-5.json,matched,polling-station-single-village
2006,大同區,星明里,星明里,謝長廷,1429,data/raw/openfun/tw.gov.cec~txn~candidates-votes/2006/謝長廷-village-votes-page-5.json,matched,polling-station-single-village
2006,大同區,重慶里,重慶里,郝龍斌,1307,data/raw/openfun/tw.gov.cec~txn~candidates-votes/2006/郝龍斌-village-votes-page-5.json,matched,polling-station-single-village
2006,大同區,重慶里,重慶里,謝長廷,1655,data/raw/openfun/tw.gov.cec~txn~candidates-votes/2006/謝長廷-village-votes-page-5.json,matched,polling-station-single-village
2006,大同區,國順里,國順里,郝龍斌,539,data/raw/openfun/tw.gov.cec~txn~candidates-votes/2006/郝龍斌-village-votes-page-5.json,matched,polling-station-single-village
2006,大同區,國順里,國順里,謝長廷,1085,data/raw/openfun/tw.gov.cec~txn~candidates-votes/2006/謝長廷-village-votes-page-5.json,matched,polling-station-single-village
2006,大同區,國慶里,國慶里,郝龍斌,882,data/raw/openfun/tw.gov.cec~txn~candidates-votes/2006/郝龍斌-village-votes-page-5.json,matched,polling-station-single-village
2006,大同區,國慶里,國慶里,謝長廷,1155,data/raw/openfun/tw.gov.cec~txn~candidates-votes/2006/謝長廷-village-votes-page-5.json,matched,polling-station-single-village
2006,大同區,揚雅里,揚雅里,郝龍斌,650,data/raw/openfun/tw.gov.cec~txn~candidates-votes/2006/郝龍斌-village-votes-page-5.json,matched,polling-station-single-village
2006,大同區,揚雅里,揚雅里,謝長廷,1067,data/raw/openfun/tw.gov.cec~txn~candidates-votes/2006/謝長廷-village-votes-page-5.json,matched,polling-station-single-village
2006,大同區,斯文里,斯文里,郝龍斌,1045,data/raw/openfun/tw.gov.cec~txn~candidates-votes/2006/郝龍斌-village-votes-page-5.json,matched,polling-station-single-village
2006,大同區,斯文里,斯文里,謝長廷,1612,data/raw/openfun/tw.gov.cec~txn~candidates-votes/2006/謝長廷-village-votes-page-5.json,matched,polling-station-single-village
2006,大同區,景星里,景星里,郝龍斌,574,data/raw/openfun/tw.gov.cec~txn~candidates-votes/2006/郝龍斌-village-votes-page-5.json,matched,polling-station-single-village
2006,大同區,景星里,景星里,謝長廷,930,data/raw/openfun/tw.gov.cec~txn~candidates-votes/2006/謝長廷-village-votes-page-5.json,matched,polling-station-single-village
2006,大同區,朝陽里,朝陽里,郝龍斌,843,data/raw/openfun/tw.gov.cec~txn~candidates-votes/2006/郝龍斌-village-votes-page-5.json,matched,polling-station-single-village
2006,大同區,朝陽里,朝陽里,謝長廷,1115,data/raw/openfun/tw.gov.cec~txn~candidates-votes/2006/謝長廷-village-votes-page-5.json,matched,polling-station-single-village
2006,大同區,隆和里,隆和里,郝龍斌,650,data/raw/openfun/tw.gov.cec~txn~candidates-votes/2006/郝龍斌-village-votes-page-5.json,matched,polling-station-single-village
2006,大同區,隆和里,隆和里,謝長廷,1053,data/raw/openfun/tw.gov.cec~txn~candidates-votes/2006/謝長廷-village-votes-page-5.json,matched,polling-station-single-village
2006,大同區,蓬萊里,蓬萊里,郝龍斌,968,data/raw/openfun/tw.gov.cec~txn~candidates-votes/2006/郝龍斌-village-votes-page-5.json,matched,polling-station-single-village
2006,大同區,蓬萊里,蓬萊里,謝長廷,1392,data/raw/openfun/tw.gov.cec~txn~candidates-votes/2006/謝長廷-village-votes-page-5.json,matched,polling-station-single-village
2006,大同區,鄰江里,鄰江里,郝龍斌,1257,data/raw/openfun/tw.gov.cec~txn~candidates-votes/2006/郝龍斌-village-votes-page-5.json,matched,polling-station-single-village
2006,大同區,鄰江里,鄰江里,謝長廷,1991,data/raw/openfun/tw.gov.cec~txn~candidates-votes/2006/謝長廷-village-votes-page-5.json,matched,polling-station-single-village
2006,大同區,雙連里,雙連里,郝龍斌,1874,data/raw/openfun/tw.gov.cec~txn~candidates-votes/2006/郝龍斌-village-votes-page-5.json,matched,polling-station-single-village
2006,大同區,雙連里,雙連里,謝長廷,2840,data/raw/openfun/tw.gov.cec~txn~candidates-votes/2006/謝長廷-village-votes-page-5.json,matched,polling-station-single-village
2006,大安區,大學里,大學里,郝龍斌,2400,data/raw/openfun/tw.gov.cec~txn~candidates-votes/2006/郝龍斌-village-votes-page-6.json,matched,polling-station-single-village
2006,大安區,大學里,大學里,謝長廷,1441,data/raw/openfun/tw.gov.cec~txn~candidates-votes/2006/謝長廷-village-votes-page-6.json,matched,polling-station-single-village
2006,大安區,仁愛里,仁愛里,郝龍斌,1484,data/raw/openfun/tw.gov.cec~txn~candidates-votes/2006/郝龍斌-village-votes-page-6.json,matched,polling-station-single-village
2006,大安區,仁愛里,仁愛里,謝長廷,988,data/raw/openfun/tw.gov.cec~txn~candidates-votes/2006/謝長廷-village-votes-page-6.json,matched,polling-station-single-village
2006,大安區,仁慈里,仁慈里,郝龍斌,1377,data/raw/openfun/tw.gov.cec~txn~candidates-votes/2006/郝龍斌-village-votes-page-6.json,matched,polling-station-single-village
2006,大安區,仁慈里,仁慈里,謝長廷,909,data/raw/openfun/tw.gov.cec~txn~candidates-votes/2006/謝長廷-village-votes-page-6.json,matched,polling-station-single-village
2006,大安區,古風里,古風里,郝龍斌,1233,data/raw/openfun/tw.gov.cec~txn~candidates-votes/2006/郝龍斌-village-votes-page-6.json,matched,polling-station-single-village
2006,大安區,古風里,古風里,謝長廷,769,data/raw/openfun/tw.gov.cec~txn~candidates-votes/2006/謝長廷-village-votes-page-6.json,matched,polling-station-single-village
2006,大安區,古莊里,古莊里,郝龍斌,1853,data/raw/openfun/tw.gov.cec~txn~candidates-votes/2006/郝龍斌-village-votes-page-6.json,matched,polling-station-single-village
2006,大安區,古莊里,古莊里,謝長廷,1250,data/raw/openfun/tw.gov.cec~txn~candidates-votes/2006/謝長廷-village-votes-page-6.json,matched,polling-station-single-village
2006,大安區,正聲里,正聲里,郝龍斌,1557,data/raw/openfun/tw.gov.cec~txn~candidates-votes/2006/郝龍斌-village-votes-page-7.json,matched,polling-station-single-village
2006,大安區,正聲里,正聲里,謝長廷,804,data/raw/openfun/tw.gov.cec~txn~candidates-votes/2006/謝長廷-village-votes-page-7.json,matched,polling-station-single-village
2006,大安區,民炤里,民炤里,郝龍斌,2169,data/raw/openfun/tw.gov.cec~txn~candidates-votes/2006/郝龍斌-village-votes-page-6.json,matched,polling-station-single-village
2006,大安區,民炤里,民炤里,謝長廷,1548,data/raw/openfun/tw.gov.cec~txn~candidates-votes/2006/謝長廷-village-votes-page-6.json,matched,polling-station-single-village
2006,大安區,民輝里,民輝里,郝龍斌,1917,data/raw/openfun/tw.gov.cec~txn~candidates-votes/2006/郝龍斌-village-votes-page-6.json,matched,polling-station-single-village
2006,大安區,民輝里,民輝里,謝長廷,1411,data/raw/openfun/tw.gov.cec~txn~candidates-votes/2006/謝長廷-village-votes-page-6.json,matched,polling-station-single-village
2006,大安區,永康里,永康里,郝龍斌,999,data/raw/openfun/tw.gov.cec~txn~candidates-votes/2006/郝龍斌-village-votes-page-6.json,matched,polling-station-single-village
2006,大安區,永康里,永康里,謝長廷,578,data/raw/openfun/tw.gov.cec~txn~candidates-votes/2006/謝長廷-village-votes-page-6.json,matched,polling-station-single-village
2006,大安區,光明里,光明里,郝龍斌,1189,data/raw/openfun/tw.gov.cec~txn~candidates-votes/2006/郝龍斌-village-votes-page-6.json,matched,polling-station-single-village
2006,大安區,光明里,光明里,謝長廷,630,data/raw/openfun/tw.gov.cec~txn~candidates-votes/2006/謝長廷-village-votes-page-6.json,matched,polling-station-single-village
2006,大安區,光武里,光武里,郝龍斌,2218,data/raw/openfun/tw.gov.cec~txn~candidates-votes/2006/郝龍斌-village-votes-page-6.json,matched,polling-station-single-village
2006,大安區,光武里,光武里,謝長廷,1478,data/raw/openfun/tw.gov.cec~txn~candidates-votes/2006/謝長廷-village-votes-page-6.json,matched,polling-station-single-village
2006,大安區,光信里,光信里,郝龍斌,2346,data/raw/openfun/tw.gov.cec~txn~candidates-votes/2006/郝龍斌-village-votes-page-7.json,matched,polling-station-single-village
2006,大安區,光信里,光信里,謝長廷,1482,data/raw/openfun/tw.gov.cec~txn~candidates-votes/2006/謝長廷-village-votes-page-7.json,matched,polling-station-single-village
2006,大安區,全安里,全安里,郝龍斌,1390,data/raw/openfun/tw.gov.cec~txn~candidates-votes/2006/郝龍斌-village-votes-page-6.json,matched,polling-station-single-village
2006,大安區,全安里,全安里,謝長廷,779,data/raw/openfun/tw.gov.cec~txn~candidates-votes/2006/謝長廷-village-votes-page-6.json,matched,polling-station-single-village
2006,大安區,住安里,住安里,郝龍斌,1552,data/raw/openfun/tw.gov.cec~txn~candidates-votes/2006/郝龍斌-village-votes-page-6.json,matched,polling-station-single-village
2006,大安區,住安里,住安里,謝長廷,941,data/raw/openfun/tw.gov.cec~txn~candidates-votes/2006/謝長廷-village-votes-page-6.json,matched,polling-station-single-village
2006,大安區,車層里,車層里,郝龍斌,1810,data/raw/openfun/tw.gov.cec~txn~candidates-votes/2006/郝龍斌-village-votes-page-7.json,matched,polling-station-single-village
2006,大安區,車層里,車層里,謝長廷,1228,data/raw/openfun/tw.gov.cec~txn~candidates-votes/2006/謝長廷-village-votes-page-7.json,matched,polling-station-single-village
2006,大安區,和安里,和安里,郝龍斌,2039,data/raw/openfun/tw.gov.cec~txn~candidates-votes/2006/郝龍斌-village-votes-page-6.json,matched,polling-station-single-village
2006,大安區,和安里,和安里,謝長廷,1102,data/raw/openfun/tw.gov.cec~txn~candidates-votes/2006/謝長廷-village-votes-page-6.json,matched,polling-station-single-village
2006,大安區,昌隆里,昌隆里,郝龍斌,895,data/raw/openfun/tw.gov.cec~txn~candidates-votes/2006/郝龍斌-village-votes-page-6.json,matched,polling-station-single-village
2006,大安區,昌隆里,昌隆里,謝長廷,765,data/raw/openfun/tw.gov.cec~txn~candidates-votes/2006/謝長廷-village-votes-page-6.json,matched,polling-station-single-village
2006,大安區,法治里,法治里,郝龍斌,1498,data/raw/openfun/tw.gov.cec~txn~candidates-votes/2006/郝龍斌-village-votes-page-6.json,matched,polling-station-single-village
2006,大安區,法治里,法治里,謝長廷,733,data/raw/openfun/tw.gov.cec~txn~candidates-votes/2006/謝長廷-village-votes-page-6.json,matched,polling-station-single-village
2006,大安區,臥龍里,臥龍里,郝龍斌,715,data/raw/openfun/tw.gov.cec~txn~candidates-votes/2006/郝龍斌-village-votes-page-6.json,matched,polling-station-single-village
2006,大安區,臥龍里,臥龍里,謝長廷,328,data/raw/openfun/tw.gov.cec~txn~candidates-votes/2006/謝長廷-village-votes-page-6.json,matched,polling-station-single-village
2006,大安區,芳和里,芳和里,郝龍斌,2027,data/raw/openfun/tw.gov.cec~txn~candidates-votes/2006/郝龍斌-village-votes-page-6.json,matched,polling-station-single-village
2006,大安區,芳和里,芳和里,謝長廷,1142,data/raw/openfun/tw.gov.cec~txn~candidates-votes/2006/謝長廷-village-votes-page-6.json,matched,polling-station-single-village
2006,大安區,虎嘯里,虎嘯里,郝龍斌,1185,data/raw/openfun/tw.gov.cec~txn~candidates-votes/2006/郝龍斌-village-votes-page-6.json,matched,polling-station-single-village
2006,大安區,虎嘯里,虎嘯里,謝長廷,555,data/raw/openfun/tw.gov.cec~txn~candidates-votes/2006/謝長廷-village-votes-page-6.json,matched,polling-station-single-village
2006,大安區,建安里,建安里,郝龍斌,1498,data/raw/openfun/tw.gov.cec~txn~candidates-votes/2006/郝龍斌-village-votes-page-6.json,matched,polling-station-single-village
2006,大安區,建安里,建安里,謝長廷,846,data/raw/openfun/tw.gov.cec~txn~candidates-votes/2006/謝長廷-village-votes-page-6.json,matched,polling-station-single-village
2006,大安區,建倫里,建倫里,郝龍斌,1740,data/raw/openfun/tw.gov.cec~txn~candidates-votes/2006/郝龍斌-village-votes-page-6.json;data/raw/openfun/tw.gov.cec~txn~candidates-votes/2006/郝龍斌-village-votes-page-7.json,matched,polling-station-single-village
2006,大安區,建倫里,建倫里,謝長廷,1025,data/raw/openfun/tw.gov.cec~txn~candidates-votes/2006/謝長廷-village-votes-page-6.json;data/raw/openfun/tw.gov.cec~txn~candidates-votes/2006/謝長廷-village-votes-page-7.json,matched,polling-station-single-village
2006,大安區,通化里,通化里,郝龍斌,1544,data/raw/openfun/tw.gov.cec~txn~candidates-votes/2006/郝龍斌-village-votes-page-6.json,matched,polling-station-single-village
2006,大安區,通化里,通化里,謝長廷,1522,data/raw/openfun/tw.gov.cec~txn~candidates-votes/2006/謝長廷-village-votes-page-6.json,matched,polling-station-single-village
2006,大安區,通安里,通安里,郝龍斌,1670,data/raw/openfun/tw.gov.cec~txn~candidates-votes/2006/郝龍斌-village-votes-page-6.json,matched,polling-station-single-village
2006,大安區,通安里,通安里,謝長廷,1127,data/raw/openfun/tw.gov.cec~txn~candidates-votes/2006/謝長廷-village-votes-page-6.json,matched,polling-station-single-village
2006,大安區,敦安里,敦安里,郝龍斌,1688,data/raw/openfun/tw.gov.cec~txn~candidates-votes/2006/郝龍斌-village-votes-page-7.json,matched,polling-station-single-village
2006,大安區,敦安里,敦安里,謝長廷,1188,data/raw/openfun/tw.gov.cec~txn~candidates-votes/2006/謝長廷-village-votes-page-7.json,matched,polling-station-single-village
2006,大安區,敦煌里,敦煌里,郝龍斌,1726,data/raw/openfun/tw.gov.cec~txn~candidates-votes/2006/郝龍斌-village-votes-page-7.json,matched,polling-station-single-village
2006,大安區,敦煌里,敦煌里,謝長廷,1137,data/raw/openfun/tw.gov.cec~txn~candidates-votes/2006/謝長廷-village-votes-page-7.json,matched,polling-station-single-village
2006,大安區,華聲里,華聲里,郝龍斌,1332,data/raw/openfun/tw.gov.cec~txn~candidates-votes/2006/郝龍斌-village-votes-page-7.json,matched,polling-station-single-village
2006,大安區,華聲里,華聲里,謝長廷,797,data/raw/openfun/tw.gov.cec~txn~candidates-votes/2006/謝長廷-village-votes-page-7.json,matched,polling-station-single-village
2006,大安區,新龍里,新龍里,郝龍斌,2455,data/raw/openfun/tw.gov.cec~txn~candidates-votes/2006/郝龍斌-village-votes-page-6.json,matched,polling-station-single-village
2006,大安區,新龍里,新龍里,謝長廷,783,data/raw/openfun/tw.gov.cec~txn~candidates-votes/2006/謝長廷-village-votes-page-6.json,matched,polling-station-single-village
2006,大安區,群英里,群英里,郝龍斌,3068,data/raw/openfun/tw.gov.cec~txn~candidates-votes/2006/郝龍斌-village-votes-page-6.json,matched,polling-station-single-village
2006,大安區,群英里,群英里,謝長廷,684,data/raw/openfun/tw.gov.cec~txn~candidates-votes/2006/謝長廷-village-votes-page-6.json,matched,polling-station-single-village
2006,大安區,群賢里,群賢里,郝龍斌,2038,data/raw/openfun/tw.gov.cec~txn~candidates-votes/2006/郝龍斌-village-votes-page-6.json,matched,polling-station-single-village
2006,大安區,群賢里,群賢里,謝長廷,953,data/raw/openfun/tw.gov.cec~txn~candidates-votes/2006/謝長廷-village-votes-page-6.json,matched,polling-station-single-village
2006,大安區,義安里,義安里,郝龍斌,1802,data/raw/openfun/tw.gov.cec~txn~candidates-votes/2006/郝龍斌-village-votes-page-6.json,matched,polling-station-single-village
2006,大安區,義安里,義安里,謝長廷,905,data/raw/openfun/tw.gov.cec~txn~candidates-votes/2006/謝長廷-village-votes-page-6.json,matched,polling-station-single-village
2006,大安區,義村里,義村里,郝龍斌,2449,data/raw/openfun/tw.gov.cec~txn~candidates-votes/2006/郝龍斌-village-votes-page-6.json,matched,polling-station-single-village
2006,大安區,義村里,義村里,謝長廷,827,data/raw/openfun/tw.gov.cec~txn~candidates-votes/2006/謝長廷-village-votes-page-6.json,matched,polling-station-single-village
2006,大安區,誠安里,誠安里,郝龍斌,1217,data/raw/openfun/tw.gov.cec~txn~candidates-votes/2006/郝龍斌-village-votes-page-6.json,matched,polling-station-single-village
2006,大安區,誠安里,誠安里,謝長廷,967,data/raw/openfun/tw.gov.cec~txn~candidates-votes/2006/謝長廷-village-votes-page-6.json,matched,polling-station-single-village
2006,大安區,福住里,福住里,郝龍斌,1667,data/raw/openfun/tw.gov.cec~txn~candidates-votes/2006/郝龍斌-village-votes-page-6.json,matched,polling-station-single-village
2006,大安區,福住里,福住里,謝長廷,990,data/raw/openfun/tw.gov.cec~txn~candidates-votes/2006/謝長廷-village-votes-page-6.json,matched,polling-station-single-village
2006,大安區,德安里,德安里,郝龍斌,1747,data/raw/openfun/tw.gov.cec~txn~candidates-votes/2006/郝龍斌-village-votes-page-6.json,matched,polling-station-single-village
2006,大安區,德安里,德安里,謝長廷,959,data/raw/openfun/tw.gov.cec~txn~candidates-votes/2006/謝長廷-village-votes-page-6.json,matched,polling-station-single-village
2006,大安區,黎元里,黎元里,郝龍斌,1652,data/raw/openfun/tw.gov.cec~txn~candidates-votes/2006/郝龍斌-village-votes-page-6.json,matched,polling-station-single-village
2006,大安區,黎元里,黎元里,謝長廷,1096,data/raw/openfun/tw.gov.cec~txn~candidates-votes/2006/謝長廷-village-votes-page-6.json,matched,polling-station-single-village
2006,大安區,黎孝里,黎孝里,郝龍斌,2526,data/raw/openfun/tw.gov.cec~txn~candidates-votes/2006/郝龍斌-village-votes-page-6.json,matched,polling-station-single-village
2006,大安區,黎孝里,黎孝里,謝長廷,1442,data/raw/openfun/tw.gov.cec~txn~candidates-votes/2006/謝長廷-village-votes-page-6.json,matched,polling-station-single-village
2006,大安區,黎和里,黎和里,郝龍斌,1538,data/raw/openfun/tw.gov.cec~txn~candidates-votes/2006/郝龍斌-village-votes-page-6.json,matched,polling-station-single-village
2006,大安區,黎和里,黎和里,謝長廷,733,data/raw/openfun/tw.gov.cec~txn~candidates-votes/2006/謝長廷-village-votes-page-6.json,matched,polling-station-single-village
2006,大安區,學府里,學府里,郝龍斌,1222,data/raw/openfun/tw.gov.cec~txn~candidates-votes/2006/郝龍斌-village-votes-page-7.json,matched,polling-station-single-village
2006,大安區,學府里,學府里,謝長廷,569,data/raw/openfun/tw.gov.cec~txn~candidates-votes/2006/謝長廷-village-votes-page-7.json,matched,polling-station-single-village
2006,大安區,錦安里,錦安里,郝龍斌,1619,data/raw/openfun/tw.gov.cec~txn~candidates-votes/2006/郝龍斌-village-votes-page-6.json,matched,polling-station-single-village
2006,大安區,錦安里,錦安里,謝長廷,861,data/raw/openfun/tw.gov.cec~txn~candidates-votes/2006/謝長廷-village-votes-page-6.json,matched,polling-station-single-village
2006,大安區,錦泰里,錦泰里,郝龍斌,1755,data/raw/openfun/tw.gov.cec~txn~candidates-votes/2006/郝龍斌-village-votes-page-6.json,matched,polling-station-single-village
2006,大安區,錦泰里,錦泰里,謝長廷,681,data/raw/openfun/tw.gov.cec~txn~candidates-votes/2006/謝長廷-village-votes-page-6.json,matched,polling-station-single-village
2006,大安區,錦華里,錦華里,郝龍斌,1633,data/raw/openfun/tw.gov.cec~txn~candidates-votes/2006/郝龍斌-village-votes-page-6.json,matched,polling-station-single-village
2006,大安區,錦華里,錦華里,謝長廷,900,data/raw/openfun/tw.gov.cec~txn~candidates-votes/2006/謝長廷-village-votes-page-6.json,matched,polling-station-single-village
2006,大安區,龍生里,龍生里,郝龍斌,2148,data/raw/openfun/tw.gov.cec~txn~candidates-votes/2006/郝龍斌-village-votes-page-6.json,matched,polling-station-single-village
2006,大安區,龍生里,龍生里,謝長廷,998,data/raw/openfun/tw.gov.cec~txn~candidates-votes/2006/謝長廷-village-votes-page-6.json,matched,polling-station-single-village
2006,大安區,龍安里,龍安里,郝龍斌,1685,data/raw/openfun/tw.gov.cec~txn~candidates-votes/2006/郝龍斌-village-votes-page-6.json,matched,polling-station-single-village
2006,大安區,龍安里,龍安里,謝長廷,1015,data/raw/openfun/tw.gov.cec~txn~candidates-votes/2006/謝長廷-village-votes-page-6.json,matched,polling-station-single-village
2006,大安區,龍坡里,龍坡里,郝龍斌,1875,data/raw/openfun/tw.gov.cec~txn~candidates-votes/2006/郝龍斌-village-votes-page-6.json,matched,polling-station-single-village
2006,大安區,龍坡里,龍坡里,謝長廷,933,data/raw/openfun/tw.gov.cec~txn~candidates-votes/2006/謝長廷-village-votes-page-6.json,matched,polling-station-single-village
2006,大安區,龍門里,龍門里,郝龍斌,1269,data/raw/openfun/tw.gov.cec~txn~candidates-votes/2006/郝龍斌-village-votes-page-6.json,matched,polling-station-single-village
2006,大安區,龍門里,龍門里,謝長廷,706,data/raw/openfun/tw.gov.cec~txn~candidates-votes/2006/謝長廷-village-votes-page-6.json,matched,polling-station-single-village
2006,大安區,龍泉里,龍泉里,郝龍斌,1283,data/raw/openfun/tw.gov.cec~txn~candidates-votes/2006/郝龍斌-village-votes-page-6.json,matched,polling-station-single-village
2006,大安區,龍泉里,龍泉里,謝長廷,855,data/raw/openfun/tw.gov.cec~txn~candidates-votes/2006/謝長廷-village-votes-page-6.json,matched,polling-station-single-village
2006,大安區,龍陣里,龍陣里,郝龍斌,1124,data/raw/openfun/tw.gov.cec~txn~candidates-votes/2006/郝龍斌-village-votes-page-6.json,matched,polling-station-single-village
2006,大安區,龍陣里,龍陣里,謝長廷,631,data/raw/openfun/tw.gov.cec~txn~candidates-votes/2006/謝長廷-village-votes-page-6.json,matched,polling-station-single-village
2006,大安區,龍淵里,龍淵里,郝龍斌,2819,data/raw/openfun/tw.gov.cec~txn~candidates-votes/2006/郝龍斌-village-votes-page-6.json,matched,polling-station-single-village
2006,大安區,龍淵里,龍淵里,謝長廷,1551,data/raw/openfun/tw.gov.cec~txn~candidates-votes/2006/謝長廷-village-votes-page-6.json,matched,polling-station-single-village
2006,大安區,龍雲里,龍雲里,郝龍斌,1445,data/raw/openfun/tw.gov.cec~txn~candidates-votes/2006/郝龍斌-village-votes-page-6.json,matched,polling-station-single-village
2006,大安區,龍雲里,龍雲里,謝長廷,981,data/raw/openfun/tw.gov.cec~txn~candidates-votes/2006/謝長廷-village-votes-page-6.json,matched,polling-station-single-village
2006,大安區,龍圖里,龍圖里,郝龍斌,2047,data/raw/openfun/tw.gov.cec~txn~candidates-votes/2006/郝龍斌-village-votes-page-6.json,matched,polling-station-single-village
2006,大安區,龍圖里,龍圖里,謝長廷,1097,data/raw/openfun/tw.gov.cec~txn~candidates-votes/2006/謝長廷-village-votes-page-6.json,matched,polling-station-single-village
2006,大安區,臨江里,臨江里,郝龍斌,1248,data/raw/openfun/tw.gov.cec~txn~candidates-votes/2006/郝龍斌-village-votes-page-6.json,matched,polling-station-single-village
2006,大安區,臨江里,臨江里,謝長廷,907,data/raw/openfun/tw.gov.cec~txn~candidates-votes/2006/謝長廷-village-votes-page-6.json,matched,polling-station-single-village
2006,中山區,力行里,力行里,郝龍斌,1392,data/raw/openfun/tw.gov.cec~txn~candidates-votes/2006/郝龍斌-village-votes-page-5.json,matched,polling-station-single-village
2006,中山區,力行里,力行里,謝長廷,1531,data/raw/openfun/tw.gov.cec~txn~candidates-votes/2006/謝長廷-village-votes-page-5.json,matched,polling-station-single-village
2006,中山區,下埤里,下埤里,郝龍斌,1840,data/raw/openfun/tw.gov.cec~txn~candidates-votes/2006/郝龍斌-village-votes-page-4.json,matched,polling-station-single-village
2006,中山區,下埤里,下埤里,謝長廷,1838,data/raw/openfun/tw.gov.cec~txn~candidates-votes/2006/謝長廷-village-votes-page-4.json,matched,polling-station-single-village
2006,中山區,大佳里,大佳里,郝龍斌,233,data/raw/openfun/tw.gov.cec~txn~candidates-votes/2006/郝龍斌-village-votes-page-4.json,matched,polling-station-single-village
2006,中山區,大佳里,大佳里,謝長廷,460,data/raw/openfun/tw.gov.cec~txn~candidates-votes/2006/謝長廷-village-votes-page-4.json,matched,polling-station-single-village
2006,中山區,大直里,大直里,郝龍斌,2998,data/raw/openfun/tw.gov.cec~txn~candidates-votes/2006/郝龍斌-village-votes-page-4.json,matched,polling-station-single-village
2006,中山區,大直里,大直里,謝長廷,1853,data/raw/openfun/tw.gov.cec~txn~candidates-votes/2006/謝長廷-village-votes-page-4.json,matched,polling-station-single-village
2006,中山區,中山里,中山里,郝龍斌,1174,data/raw/openfun/tw.gov.cec~txn~candidates-votes/2006/郝龍斌-village-votes-page-4.json,matched,polling-station-single-village
2006,中山區,中山里,中山里,謝長廷,1160,data/raw/openfun/tw.gov.cec~txn~candidates-votes/2006/謝長廷-village-votes-page-4.json,matched,polling-station-single-village
2006,中山區,中央里,中央里,郝龍斌,986,data/raw/openfun/tw.gov.cec~txn~candidates-votes/2006/郝龍斌-village-votes-page-4.json,matched,polling-station-single-village
2006,中山區,中央里,中央里,謝長廷,825,data/raw/openfun/tw.gov.cec~txn~candidates-votes/2006/謝長廷-village-votes-page-4.json,matched,polling-station-single-village
2006,中山區,中吉里,中吉里,郝龍斌,1113,data/raw/openfun/tw.gov.cec~txn~candidates-votes/2006/郝龍斌-village-votes-page-4.json,matched,polling-station-single-village
2006,中山區,中吉里,中吉里,謝長廷,1416,data/raw/openfun/tw.gov.cec~txn~candidates-votes/2006/謝長廷-village-votes-page-4.json,matched,polling-station-single-village
2006,中山區,中庄里,中庄里,郝龍斌,1188,data/raw/openfun/tw.gov.cec~txn~candidates-votes/2006/郝龍斌-village-votes-page-4.json,matched,polling-station-single-village
2006,中山區,中庄里,中庄里,謝長廷,1448,data/raw/openfun/tw.gov.cec~txn~candidates-votes/2006/謝長廷-village-votes-page-4.json,matched,polling-station-single-village
2006,中山區,中原里,中原里,郝龍斌,1096,data/raw/openfun/tw.gov.cec~txn~candidates-votes/2006/郝龍斌-village-votes-page-4.json,matched,polling-station-single-village
2006,中山區,中原里,中原里,謝長廷,1298,data/raw/openfun/tw.gov.cec~txn~candidates-votes/2006/謝長廷-village-votes-page-4.json,matched,polling-station-single-village
2006,中山區,北安里,北安里,郝龍斌,969,data/raw/openfun/tw.gov.cec~txn~candidates-votes/2006/郝龍斌-village-votes-page-4.json,matched,polling-station-single-village
2006,中山區,北安里,北安里,謝長廷,443,data/raw/openfun/tw.gov.cec~txn~candidates-votes/2006/謝長廷-village-votes-page-4.json,matched,polling-station-single-village
2006,中山區,正守里,正守里,郝龍斌,714,data/raw/openfun/tw.gov.cec~txn~candidates-votes/2006/郝龍斌-village-votes-page-4.json,matched,polling-station-single-village
2006,中山區,正守里,正守里,謝長廷,740,data/raw/openfun/tw.gov.cec~txn~candidates-votes/2006/謝長廷-village-votes-page-4.json,matched,polling-station-single-village
2006,中山區,正得里,正得里,郝龍斌,771,data/raw/openfun/tw.gov.cec~txn~candidates-votes/2006/郝龍斌-village-votes-page-4.json,matched,polling-station-single-village
2006,中山區,正得里,正得里,謝長廷,644,data/raw/openfun/tw.gov.cec~txn~candidates-votes/2006/謝長廷-village-votes-page-4.json,matched,polling-station-single-village
2006,中山區,正義里,正義里,郝龍斌,1053,data/raw/openfun/tw.gov.cec~txn~candidates-votes/2006/郝龍斌-village-votes-page-4.json,matched,polling-station-single-village
2006,中山區,正義里,正義里,謝長廷,891,data/raw/openfun/tw.gov.cec~txn~candidates-votes/2006/謝長廷-village-votes-page-4.json,matched,polling-station-single-village
2006,中山區,民安里,民安里,郝龍斌,1184,data/raw/openfun/tw.gov.cec~txn~candidates-votes/2006/郝龍斌-village-votes-page-4.json,matched,polling-station-single-village
2006,中山區,民安里,民安里,謝長廷,1339,data/raw/openfun/tw.gov.cec~txn~candidates-votes/2006/謝長廷-village-votes-page-4.json,matched,polling-station-single-village
2006,中山區,永安里,永安里,郝龍斌,2459,data/raw/openfun/tw.gov.cec~txn~candidates-votes/2006/郝龍斌-village-votes-page-4.json,matched,polling-station-single-village
2006,中山區,永安里,永安里,謝長廷,1845,data/raw/openfun/tw.gov.cec~txn~candidates-votes/2006/謝長廷-village-votes-page-4.json,matched,polling-station-single-village
2006,中山區,成功里,成功里,郝龍斌,1114,data/raw/openfun/tw.gov.cec~txn~candidates-votes/2006/郝龍斌-village-votes-page-4.json,matched,polling-station-single-village
2006,中山區,成功里,成功里,謝長廷,858,data/raw/openfun/tw.gov.cec~txn~candidates-votes/2006/謝長廷-village-votes-page-4.json,matched,polling-station-single-village
2006,中山區,朱崙里,朱崙里,郝龍斌,734,data/raw/openfun/tw.gov.cec~txn~candidates-votes/2006/郝龍斌-village-votes-page-4.json,matched,polling-station-single-village
2006,中山區,朱崙里,朱崙里,謝長廷,720,data/raw/openfun/tw.gov.cec~txn~candidates-votes/2006/謝長廷-village-votes-page-4.json,matched,polling-station-single-village
2006,中山區,朱園里,朱園里,郝龍斌,1094,data/raw/openfun/tw.gov.cec~txn~candidates-votes/2006/郝龍斌-village-votes-page-4.json,matched,polling-station-single-village
2006,中山區,朱園里,朱園里,謝長廷,1070,data/raw/openfun/tw.gov.cec~txn~candidates-votes/2006/謝長廷-village-votes-page-4.json,matched,polling-station-single-village
2006,中山區,朱馥里,朱馥里,郝龍斌,1560,data/raw/openfun/tw.gov.cec~txn~candidates-votes/2006/郝龍斌-village-votes-page-4.json,matched,polling-station-single-village
2006,中山區,朱馥里,朱馥里,謝長廷,1313,data/raw/openfun/tw.gov.cec~txn~candidates-votes/2006/謝長廷-village-votes-page-4.json,matched,polling-station-single-village
2006,中山區,江山里,江山里,郝龍斌,1875,data/raw/openfun/tw.gov.cec~txn~candidates-votes/2006/郝龍斌-village-votes-page-4.json,matched,polling-station-single-village
2006,中山區,江山里,江山里,謝長廷,1996,data/raw/openfun/tw.gov.cec~txn~candidates-votes/2006/謝長廷-village-votes-page-4.json,matched,polling-station-single-village
2006,中山區,江寧里,江寧里,郝龍斌,1815,data/raw/openfun/tw.gov.cec~txn~candidates-votes/2006/郝龍斌-village-votes-page-4.json,matched,polling-station-single-village
2006,中山區,江寧里,江寧里,謝長廷,1558,data/raw/openfun/tw.gov.cec~txn~candidates-votes/2006/謝長廷-village-votes-page-4.json,matched,polling-station-single-village
2006,中山區,行仁里,行仁里,郝龍斌,1834,data/raw/openfun/tw.gov.cec~txn~candidates-votes/2006/郝龍斌-village-votes-page-4.json,matched,polling-station-single-village
2006,中山區,行仁里,行仁里,謝長廷,2187,data/raw/openfun/tw.gov.cec~txn~candidates-votes/2006/謝長廷-village-votes-page-4.json,matched,polling-station-single-village
2006,中山區,行孝里,行孝里,郝龍斌,975,data/raw/openfun/tw.gov.cec~txn~candidates-votes/2006/郝龍斌-village-votes-page-4.json,matched,polling-station-single-village
2006,中山區,行孝里,行孝里,謝長廷,1081,data/raw/openfun/tw.gov.cec~txn~candidates-votes/2006/謝長廷-village-votes-page-4.json,matched,polling-station-single-village
2006,中山區,行政里,行政里,郝龍斌,1371,data/raw/openfun/tw.gov.cec~txn~candidates-votes/2006/郝龍斌-village-votes-page-4.json,matched,polling-station-single-village
2006,中山區,行政里,行政里,謝長廷,1415,data/raw/openfun/tw.gov.cec~txn~candidates-votes/2006/謝長廷-village-votes-page-4.json,matched,polling-station-single-village
2006,中山區,松江里,松江里,郝龍斌,1534,data/raw/openfun/tw.gov.cec~txn~candidates-votes/2006/郝龍斌-village-votes-page-4.json,matched,polling-station-single-village
2006,中山區,松江里,松江里,謝長廷,1667,data/raw/openfun/tw.gov.cec~txn~candidates-votes/2006/謝長廷-village-votes-page-4.json,matched,polling-station-single-village
2006,中山區,金泰里,金泰里,郝龍斌,1560,data/raw/openfun/tw.gov.cec~txn~candidates-votes/2006/郝龍斌-village-votes-page-4.json,matched,polling-station-single-village
2006,中山區,金泰里,金泰里,謝長廷,1211,data/raw/openfun/tw.gov.cec~txn~candidates-votes/2006/謝長廷-village-votes-page-4.json,matched,polling-station-single-village
2006,中山區,恒安里,恆安里,郝龍斌,948,data/raw/openfun/tw.gov.cec~txn~candidates-votes/2006/郝龍斌-village-votes-page-4.json,matched,polling-station-single-village
2006,中山區,恒安里,恆安里,謝長廷,918,data/raw/openfun/tw.gov.cec~txn~candidates-votes/2006/謝長廷-village-votes-page-4.json,matched,polling-station-single-village
2006,中山區,埤頭里,埤頭里,郝龍斌,1019,data/raw/openfun/tw.gov.cec~txn~candidates-votes/2006/郝龍斌-village-votes-page-4.json,matched,polling-station-single-village
2006,中山區,埤頭里,埤頭里,謝長廷,829,data/raw/openfun/tw.gov.cec~txn~candidates-votes/2006/謝長廷-village-votes-page-4.json,matched,polling-station-single-village
2006,中山區,康樂里,康樂里,郝龍斌,584,data/raw/openfun/tw.gov.cec~txn~candidates-votes/2006/郝龍斌-village-votes-page-4.json,matched,polling-station-single-village
2006,中山區,康樂里,康樂里,謝長廷,451,data/raw/openfun/tw.gov.cec~txn~candidates-votes/2006/謝長廷-village-votes-page-4.json,matched,polling-station-single-village
2006,中山區,復華里,復華里,郝龍斌,1249,data/raw/openfun/tw.gov.cec~txn~candidates-votes/2006/郝龍斌-village-votes-page-5.json,matched,polling-station-single-village
2006,中山區,復華里,復華里,謝長廷,730,data/raw/openfun/tw.gov.cec~txn~candidates-votes/2006/謝長廷-village-votes-page-5.json,matched,polling-station-single-village
2006,中山區,晴光里,晴光里,郝龍斌,1082,data/raw/openfun/tw.gov.cec~txn~candidates-votes/2006/郝龍斌-village-votes-page-4.json,matched,polling-station-single-village
2006,中山區,晴光里,晴光里,謝長廷,965,data/raw/openfun/tw.gov.cec~txn~candidates-votes/2006/謝長廷-village-votes-page-4.json,matched,polling-station-single-village
2006,中山區,集英里,集英里,郝龍斌,1312,data/raw/openfun/tw.gov.cec~txn~candidates-votes/2006/郝龍斌-village-votes-page-4.json,matched,polling-station-single-village
2006,中山區,集英里,集英里,謝長廷,1682,data/raw/openfun/tw.gov.cec~txn~candidates-votes/2006/謝長廷-village-votes-page-4.json,matched,polling-station-single-village
2006,中山區,圓山里,圓山里,郝龍斌,787,data/raw/openfun/tw.gov.cec~txn~candidates-votes/2006/郝龍斌-village-votes-page-4.json,matched,polling-station-single-village
2006,中山區,圓山里,圓山里,謝長廷,907,data/raw/openfun/tw.gov.cec~txn~candidates-votes/2006/謝長廷-village-votes-page-4.json,matched,polling-station-single-village
2006,中山區,新生里,新生里,郝龍斌,1153,data/raw/openfun/tw.gov.cec~txn~candidates-votes/2006/郝龍斌-village-votes-page-4.json,matched,polling-station-single-village
2006,中山區,新生里,新生里,謝長廷,1438,data/raw/openfun/tw.gov.cec~txn~candidates-votes/2006/謝長廷-village-votes-page-4.json,matched,polling-station-single-village
2006,中山區,新庄里,新庄里,郝龍斌,1121,data/raw/openfun/tw.gov.cec~txn~candidates-votes/2006/郝龍斌-village-votes-page-4.json,matched,polling-station-single-village
2006,中山區,新庄里,新庄里,謝長廷,1278,data/raw/openfun/tw.gov.cec~txn~candidates-votes/2006/謝長廷-village-votes-page-4.json,matched,polling-station-single-village
2006,中山區,新喜里,新喜里,郝龍斌,1137,data/raw/openfun/tw.gov.cec~txn~candidates-votes/2006/郝龍斌-village-votes-page-4.json,matched,polling-station-single-village
2006,中山區,新喜里,新喜里,謝長廷,1386,data/raw/openfun/tw.gov.cec~txn~candidates-votes/2006/謝長廷-village-votes-page-4.json,matched,polling-station-single-village
2006,中山區,新福里,新福里,郝龍斌,1095,data/raw/openfun/tw.gov.cec~txn~candidates-votes/2006/郝龍斌-village-votes-page-4.json,matched,polling-station-single-village
2006,中山區,新福里,新福里,謝長廷,1508,data/raw/openfun/tw.gov.cec~txn~candidates-votes/2006/謝長廷-village-votes-page-4.json,matched,polling-station-single-village
2006,中山區,聚盛里,聚盛里,郝龍斌,800,data/raw/openfun/tw.gov.cec~txn~candidates-votes/2006/郝龍斌-village-votes-page-4.json,matched,polling-station-single-village
2006,中山區,聚盛里,聚盛里,謝長廷,753,data/raw/openfun/tw.gov.cec~txn~candidates-votes/2006/謝長廷-village-votes-page-4.json,matched,polling-station-single-village
2006,中山區,聚葉里,聚葉里,郝龍斌,859,data/raw/openfun/tw.gov.cec~txn~candidates-votes/2006/郝龍斌-village-votes-page-4.json,matched,polling-station-single-village
2006,中山區,聚葉里,聚葉里,謝長廷,875,data/raw/openfun/tw.gov.cec~txn~candidates-votes/2006/謝長廷-village-votes-page-4.json,matched,polling-station-single-village
2006,中山區,劍潭里,劍潭里,郝龍斌,1763,data/raw/openfun/tw.gov.cec~txn~candidates-votes/2006/郝龍斌-village-votes-page-4.json,matched,polling-station-single-village
2006,中山區,劍潭里,劍潭里,謝長廷,282,data/raw/openfun/tw.gov.cec~txn~candidates-votes/2006/謝長廷-village-votes-page-4.json,matched,polling-station-single-village
2006,中山區,興亞里,興亞里,郝龍斌,1185,data/raw/openfun/tw.gov.cec~txn~candidates-votes/2006/郝龍斌-village-votes-page-4.json,matched,polling-station-single-village
2006,中山區,興亞里,興亞里,謝長廷,1240,data/raw/openfun/tw.gov.cec~txn~candidates-votes/2006/謝長廷-village-votes-page-4.json,matched,polling-station-single-village
2006,中山區,龍洲里,龍洲里,郝龍斌,2064,data/raw/openfun/tw.gov.cec~txn~candidates-votes/2006/郝龍斌-village-votes-page-4.json,matched,polling-station-single-village
2006,中山區,龍洲里,龍洲里,謝長廷,662,data/raw/openfun/tw.gov.cec~txn~candidates-votes/2006/謝長廷-village-votes-page-4.json,matched,polling-station-single-village
2006,中正區,三愛里,三愛里,郝龍斌,2169,data/raw/openfun/tw.gov.cec~txn~candidates-votes/2006/郝龍斌-village-votes-page-5.json,matched,polling-station-single-village
2006,中正區,三愛里,三愛里,謝長廷,1536,data/raw/openfun/tw.gov.cec~txn~candidates-votes/2006/謝長廷-village-votes-page-5.json,matched,polling-station-single-village
2006,中正區,文北里,文北里,郝龍斌,1456,data/raw/openfun/tw.gov.cec~txn~candidates-votes/2006/郝龍斌-village-votes-page-5.json,matched,polling-station-single-village
2006,中正區,文北里,文北里,謝長廷,981,data/raw/openfun/tw.gov.cec~txn~candidates-votes/2006/謝長廷-village-votes-page-5.json,matched,polling-station-single-village
2006,中正區,文盛里,文盛里,郝龍斌,805,data/raw/openfun/tw.gov.cec~txn~candidates-votes/2006/郝龍斌-village-votes-page-5.json,matched,polling-station-single-village
2006,中正區,文盛里,文盛里,謝長廷,583,data/raw/openfun/tw.gov.cec~txn~candidates-votes/2006/謝長廷-village-votes-page-5.json,matched,polling-station-single-village
2006,中正區,文祥里,文祥里,郝龍斌,2111,data/raw/openfun/tw.gov.cec~txn~candidates-votes/2006/郝龍斌-village-votes-page-5.json,matched,polling-station-single-village
2006,中正區,文祥里,文祥里,謝長廷,1350,data/raw/openfun/tw.gov.cec~txn~candidates-votes/2006/謝長廷-village-votes-page-5.json,matched,polling-station-single-village
2006,中正區,水源里,水源里,郝龍斌,800,data/raw/openfun/tw.gov.cec~txn~candidates-votes/2006/郝龍斌-village-votes-page-5.json,matched,polling-station-single-village
2006,中正區,水源里,水源里,謝長廷,670,data/raw/openfun/tw.gov.cec~txn~candidates-votes/2006/謝長廷-village-votes-page-5.json,matched,polling-station-single-village
2006,中正區,永功里,永功里,郝龍斌,1617,data/raw/openfun/tw.gov.cec~txn~candidates-votes/2006/郝龍斌-village-votes-page-5.json,matched,polling-station-single-village
2006,中正區,永功里,永功里,謝長廷,1452,data/raw/openfun/tw.gov.cec~txn~candidates-votes/2006/謝長廷-village-votes-page-5.json,matched,polling-station-single-village
2006,中正區,永昌里,永昌里,郝龍斌,1513,data/raw/openfun/tw.gov.cec~txn~candidates-votes/2006/郝龍斌-village-votes-page-5.json,matched,polling-station-single-village
2006,中正區,永昌里,永昌里,謝長廷,1181,data/raw/openfun/tw.gov.cec~txn~candidates-votes/2006/謝長廷-village-votes-page-5.json,matched,polling-station-single-village
2006,中正區,光復里,光復里,郝龍斌,945,data/raw/openfun/tw.gov.cec~txn~candidates-votes/2006/郝龍斌-village-votes-page-5.json,matched,polling-station-single-village
2006,中正區,光復里,光復里,謝長廷,702,data/raw/openfun/tw.gov.cec~txn~candidates-votes/2006/謝長廷-village-votes-page-5.json,matched,polling-station-single-village
2006,中正區,幸市里,幸市里,郝龍斌,1134,data/raw/openfun/tw.gov.cec~txn~candidates-votes/2006/郝龍斌-village-votes-page-5.json,matched,polling-station-single-village
2006,中正區,幸市里,幸市里,謝長廷,920,data/raw/openfun/tw.gov.cec~txn~candidates-votes/2006/謝長廷-village-votes-page-5.json,matched,polling-station-single-village
2006,中正區,幸福里,幸福里,郝龍斌,1276,data/raw/openfun/tw.gov.cec~txn~candidates-votes/2006/郝龍斌-village-votes-page-5.json,matched,polling-station-single-village
2006,中正區,幸福里,幸福里,謝長廷,868,data/raw/openfun/tw.gov.cec~txn~candidates-votes/2006/謝長廷-village-votes-page-5.json,matched,polling-station-single-village
2006,中正區,忠勤里,忠勤里,郝龍斌,1994,data/raw/openfun/tw.gov.cec~txn~candidates-votes/2006/郝龍斌-village-votes-page-5.json,matched,polling-station-single-village
2006,中正區,忠勤里,忠勤里,謝長廷,1311,data/raw/openfun/tw.gov.cec~txn~candidates-votes/2006/謝長廷-village-votes-page-5.json,matched,polling-station-single-village
2006,中正區,東門里,東門里,郝龍斌,1437,data/raw/openfun/tw.gov.cec~txn~candidates-votes/2006/郝龍斌-village-votes-page-5.json,matched,polling-station-single-village
2006,中正區,東門里,東門里,謝長廷,619,data/raw/openfun/tw.gov.cec~txn~candidates-votes/2006/謝長廷-village-votes-page-5.json,matched,polling-station-single-village
2006,中正區,板溪里,板溪里,郝龍斌,1039,data/raw/openfun/tw.gov.cec~txn~candidates-votes/2006/郝龍斌-village-votes-page-5.json,matched,polling-station-single-village
2006,中正區,板溪里,板溪里,謝長廷,685,data/raw/openfun/tw.gov.cec~txn~candidates-votes/2006/謝長廷-village-votes-page-5.json,matched,polling-station-single-village
2006,中正區,林興里,林興里,郝龍斌,1556,data/raw/openfun/tw.gov.cec~txn~candidates-votes/2006/郝龍斌-village-votes-page-5.json,matched,polling-station-single-village
2006,中正區,林興里,林興里,謝長廷,758,data/raw/openfun/tw.gov.cec~txn~candidates-votes/2006/謝長廷-village-votes-page-5.json,matched,polling-station-single-village
2006,中正區,河堤里,河堤里,郝龍斌,1437,data/raw/openfun/tw.gov.cec~txn~candidates-votes/2006/郝龍斌-village-votes-page-5.json,matched,polling-station-single-village
2006,中正區,河堤里,河堤里,謝長廷,821,data/raw/openfun/tw.gov.cec~txn~candidates-votes/2006/謝長廷-village-votes-page-5.json,matched,polling-station-single-village
2006,中正區,南門里,南門里,郝龍斌,911,data/raw/openfun/tw.gov.cec~txn~candidates-votes/2006/郝龍斌-village-votes-page-5.json,matched,polling-station-single-village
2006,中正區,南門里,南門里,謝長廷,423,data/raw/openfun/tw.gov.cec~txn~candidates-votes/2006/謝長廷-village-votes-page-5.json,matched,polling-station-single-village
2006,中正區,南福里,南福里,郝龍斌,2519,data/raw/openfun/tw.gov.cec~txn~candidates-votes/2006/郝龍斌-village-votes-page-5.json,matched,polling-station-single-village
2006,中正區,南福里,南福里,謝長廷,1566,data/raw/openfun/tw.gov.cec~txn~candidates-votes/2006/謝長廷-village-votes-page-5.json,matched,polling-station-single-village
2006,中正區,建國里,建國里,郝龍斌,406,data/raw/openfun/tw.gov.cec~txn~candidates-votes/2006/郝龍斌-village-votes-page-5.json,matched,polling-station-single-village
2006,中正區,建國里,建國里,謝長廷,177,data/raw/openfun/tw.gov.cec~txn~candidates-votes/2006/謝長廷-village-votes-page-5.json,matched,polling-station-single-village
2006,中正區,梅花里,梅花里,郝龍斌,955,data/raw/openfun/tw.gov.cec~txn~candidates-votes/2006/郝龍斌-village-votes-page-5.json,matched,polling-station-single-village
2006,中正區,梅花里,梅花里,謝長廷,719,data/raw/openfun/tw.gov.cec~txn~candidates-votes/2006/謝長廷-village-votes-page-5.json,matched,polling-station-single-village
2006,中正區,頂東里,頂東里,郝龍斌,1698,data/raw/openfun/tw.gov.cec~txn~candidates-votes/2006/郝龍斌-village-votes-page-5.json,matched,polling-station-single-village
2006,中正區,頂東里,頂東里,謝長廷,1210,data/raw/openfun/tw.gov.cec~txn~candidates-votes/2006/謝長廷-village-votes-page-5.json,matched,polling-station-single-village
2006,中正區,富水里,富水里,郝龍斌,1152,data/raw/openfun/tw.gov.cec~txn~candidates-votes/2006/郝龍斌-village-votes-page-5.json,matched,polling-station-single-village
2006,中正區,富水里,富水里,謝長廷,306,data/raw/openfun/tw.gov.cec~txn~candidates-votes/2006/謝長廷-village-votes-page-5.json,matched,polling-station-single-village
2006,中正區,廈安里,廈安里,郝龍斌,1010,data/raw/openfun/tw.gov.cec~txn~candidates-votes/2006/郝龍斌-village-votes-page-5.json,matched,polling-station-single-village
2006,中正區,廈安里,廈安里,謝長廷,816,data/raw/openfun/tw.gov.cec~txn~candidates-votes/2006/謝長廷-village-votes-page-5.json,matched,polling-station-single-village
2006,中正區,愛國里,愛國里,郝龍斌,857,data/raw/openfun/tw.gov.cec~txn~candidates-votes/2006/郝龍斌-village-votes-page-5.json,matched,polling-station-single-village
2006,中正區,愛國里,愛國里,謝長廷,682,data/raw/openfun/tw.gov.cec~txn~candidates-votes/2006/謝長廷-village-votes-page-5.json,matched,polling-station-single-village
2006,中正區,新營里,新營里,郝龍斌,2681,data/raw/openfun/tw.gov.cec~txn~candidates-votes/2006/郝龍斌-village-votes-page-5.json,matched,polling-station-single-village
2006,中正區,新營里,新營里,謝長廷,1170,data/raw/openfun/tw.gov.cec~txn~candidates-votes/2006/謝長廷-village-votes-page-5.json,matched,polling-station-single-village
2006,中正區,網溪里,網溪里,郝龍斌,1662,data/raw/openfun/tw.gov.cec~txn~candidates-votes/2006/郝龍斌-village-votes-page-5.json,matched,polling-station-single-village
2006,中正區,網溪里,網溪里,謝長廷,1068,data/raw/openfun/tw.gov.cec~txn~candidates-votes/2006/謝長廷-village-votes-page-5.json,matched,polling-station-single-village
2006,中正區,黎明里,黎明里,郝龍斌,793,data/raw/openfun/tw.gov.cec~txn~candidates-votes/2006/郝龍斌-village-votes-page-5.json,matched,polling-station-single-village
2006,中正區,黎明里,黎明里,謝長廷,481,data/raw/openfun/tw.gov.cec~txn~candidates-votes/2006/謝長廷-village-votes-page-5.json,matched,polling-station-single-village
2006,中正區,螢圃里,螢圃里,郝龍斌,1736,data/raw/openfun/tw.gov.cec~txn~candidates-votes/2006/郝龍斌-village-votes-page-5.json,matched,polling-station-single-village
2006,中正區,螢圃里,螢圃里,謝長廷,1146,data/raw/openfun/tw.gov.cec~txn~candidates-votes/2006/謝長廷-village-votes-page-5.json,matched,polling-station-single-village
2006,中正區,螢雪里,螢雪里,郝龍斌,1310,data/raw/openfun/tw.gov.cec~txn~candidates-votes/2006/郝龍斌-village-votes-page-5.json,matched,polling-station-single-village
2006,中正區,螢雪里,螢雪里,謝長廷,956,data/raw/openfun/tw.gov.cec~txn~candidates-votes/2006/謝長廷-village-votes-page-5.json,matched,polling-station-single-village
2006,中正區,龍光里,龍光里,郝龍斌,1048,data/raw/openfun/tw.gov.cec~txn~candidates-votes/2006/郝龍斌-village-votes-page-5.json,matched,polling-station-single-village
2006,中正區,龍光里,龍光里,謝長廷,552,data/raw/openfun/tw.gov.cec~txn~candidates-votes/2006/謝長廷-village-votes-page-5.json,matched,polling-station-single-village
2006,中正區,龍福里,龍福里,郝龍斌,1841,data/raw/openfun/tw.gov.cec~txn~candidates-votes/2006/郝龍斌-village-votes-page-5.json,matched,polling-station-single-village
2006,中正區,龍福里,龍福里,謝長廷,1085,data/raw/openfun/tw.gov.cec~txn~candidates-votes/2006/謝長廷-village-votes-page-5.json,matched,polling-station-single-village
2006,中正區,龍興里,龍興里,郝龍斌,1129,data/raw/openfun/tw.gov.cec~txn~candidates-votes/2006/郝龍斌-village-votes-page-5.json,matched,polling-station-single-village
2006,中正區,龍興里,龍興里,謝長廷,795,data/raw/openfun/tw.gov.cec~txn~candidates-votes/2006/謝長廷-village-votes-page-5.json,matched,polling-station-single-village
2006,內湖區,大湖里,大湖里,郝龍斌,1523,data/raw/openfun/tw.gov.cec~txn~candidates-votes/2006/郝龍斌-village-votes-page-2.json,matched,polling-station-single-village
2006,內湖區,大湖里,大湖里,謝長廷,922,data/raw/openfun/tw.gov.cec~txn~candidates-votes/2006/謝長廷-village-votes-page-2.json,matched,polling-station-single-village
2006,內湖區,五分里,五分里,郝龍斌,2303,data/raw/openfun/tw.gov.cec~txn~candidates-votes/2006/郝龍斌-village-votes-page-2.json,matched,polling-station-single-village
2006,內湖區,五分里,五分里,謝長廷,1922,data/raw/openfun/tw.gov.cec~txn~candidates-votes/2006/謝長廷-village-votes-page-2.json,matched,polling-station-single-village
2006,內湖區,內湖里,內湖里,郝龍斌,1744,data/raw/openfun/tw.gov.cec~txn~candidates-votes/2006/郝龍斌-village-votes-page-2.json,matched,polling-station-single-village
2006,內湖區,內湖里,內湖里,謝長廷,1074,data/raw/openfun/tw.gov.cec~txn~candidates-votes/2006/謝長廷-village-votes-page-2.json,matched,polling-station-single-village
2006,內湖區,內溝里,內溝里,郝龍斌,1096,data/raw/openfun/tw.gov.cec~txn~candidates-votes/2006/郝龍斌-village-votes-page-2.json,matched,polling-station-single-village
2006,內湖區,內溝里,內溝里,謝長廷,911,data/raw/openfun/tw.gov.cec~txn~candidates-votes/2006/謝長廷-village-votes-page-2.json,matched,polling-station-single-village
2006,內湖區,石潭里,石潭里,郝龍斌,428,data/raw/openfun/tw.gov.cec~txn~candidates-votes/2006/郝龍斌-village-votes-page-2.json,matched,polling-station-single-village
2006,內湖區,石潭里,石潭里,謝長廷,395,data/raw/openfun/tw.gov.cec~txn~candidates-votes/2006/謝長廷-village-votes-page-2.json,matched,polling-station-single-village
2006,內湖區,安泰里,安泰里,郝龍斌,1372,data/raw/openfun/tw.gov.cec~txn~candidates-votes/2006/郝龍斌-village-votes-page-2.json,matched,polling-station-single-village
2006,內湖區,安泰里,安泰里,謝長廷,890,data/raw/openfun/tw.gov.cec~txn~candidates-votes/2006/謝長廷-village-votes-page-2.json,matched,polling-station-single-village
2006,內湖區,安湖里,安湖里,郝龍斌,1999,data/raw/openfun/tw.gov.cec~txn~candidates-votes/2006/郝龍斌-village-votes-page-2.json,matched,polling-station-single-village
2006,內湖區,安湖里,安湖里,謝長廷,1357,data/raw/openfun/tw.gov.cec~txn~candidates-votes/2006/謝長廷-village-votes-page-2.json,matched,polling-station-single-village
2006,內湖區,行善里,行善里,郝龍斌,1603,data/raw/openfun/tw.gov.cec~txn~candidates-votes/2006/郝龍斌-village-votes-page-2.json,matched,polling-station-single-village
2006,內湖區,行善里,行善里,謝長廷,1570,data/raw/openfun/tw.gov.cec~txn~candidates-votes/2006/謝長廷-village-votes-page-2.json,matched,polling-station-single-village
2006,內湖區,西安里,西安里,郝龍斌,1923,data/raw/openfun/tw.gov.cec~txn~candidates-votes/2006/郝龍斌-village-votes-page-2.json,matched,polling-station-single-village
2006,內湖區,西安里,西安里,謝長廷,1321,data/raw/openfun/tw.gov.cec~txn~candidates-votes/2006/謝長廷-village-votes-page-2.json,matched,polling-station-single-village
2006,內湖區,西康里,西康里,郝龍斌,2655,data/raw/openfun/tw.gov.cec~txn~candidates-votes/2006/郝龍斌-village-votes-page-2.json,matched,polling-station-single-village
2006,內湖區,西康里,西康里,謝長廷,1536,data/raw/openfun/tw.gov.cec~txn~candidates-votes/2006/謝長廷-village-votes-page-2.json,matched,polling-station-single-village
2006,內湖區,西湖里,西湖里,郝龍斌,2159,data/raw/openfun/tw.gov.cec~txn~candidates-votes/2006/郝龍斌-village-votes-page-2.json,matched,polling-station-single-village
2006,內湖區,西湖里,西湖里,謝長廷,1799,data/raw/openfun/tw.gov.cec~txn~candidates-votes/2006/謝長廷-village-votes-page-2.json,matched,polling-station-single-village
2006,內湖區,秀湖里,秀湖里,郝龍斌,1849,data/raw/openfun/tw.gov.cec~txn~candidates-votes/2006/郝龍斌-village-votes-page-2.json,matched,polling-station-single-village
2006,內湖區,秀湖里,秀湖里,謝長廷,1087,data/raw/openfun/tw.gov.cec~txn~candidates-votes/2006/謝長廷-village-votes-page-2.json,matched,polling-station-single-village
2006,內湖區,明湖里,明湖里,郝龍斌,1337,data/raw/openfun/tw.gov.cec~txn~candidates-votes/2006/郝龍斌-village-votes-page-2.json,matched,polling-station-single-village
2006,內湖區,明湖里,明湖里,謝長廷,920,data/raw/openfun/tw.gov.cec~txn~candidates-votes/2006/謝長廷-village-votes-page-2.json,matched,polling-station-single-village
2006,內湖區,東湖里,東湖里,郝龍斌,2044,data/raw/openfun/tw.gov.cec~txn~candidates-votes/2006/郝龍斌-village-votes-page-2.json,matched,polling-station-single-village
2006,內湖區,東湖里,東湖里,謝長廷,1608,data/raw/openfun/tw.gov.cec~txn~candidates-votes/2006/謝長廷-village-votes-page-2.json,matched,polling-station-single-village
2006,內湖區,金湖里,金湖里,郝龍斌,2244,data/raw/openfun/tw.gov.cec~txn~candidates-votes/2006/郝龍斌-village-votes-page-2.json,matched,polling-station-single-village
2006,內湖區,金湖里,金湖里,謝長廷,1163,data/raw/openfun/tw.gov.cec~txn~candidates-votes/2006/謝長廷-village-votes-page-2.json,matched,polling-station-single-village
2006,內湖區,金瑞里,金瑞里,郝龍斌,1866,data/raw/openfun/tw.gov.cec~txn~candidates-votes/2006/郝龍斌-village-votes-page-2.json,matched,polling-station-single-village
2006,內湖區,金瑞里,金瑞里,謝長廷,1342,data/raw/openfun/tw.gov.cec~txn~candidates-votes/2006/謝長廷-village-votes-page-2.json,matched,polling-station-single-village
2006,內湖區,金龍里,金龍里,郝龍斌,1629,data/raw/openfun/tw.gov.cec~txn~candidates-votes/2006/郝龍斌-village-votes-page-2.json,matched,polling-station-single-village
2006,內湖區,金龍里,金龍里,謝長廷,1098,data/raw/openfun/tw.gov.cec~txn~candidates-votes/2006/謝長廷-village-votes-page-2.json,matched,polling-station-single-village
2006,內湖區,康寧里,康寧里,郝龍斌,2370,data/raw/openfun/tw.gov.cec~txn~candidates-votes/2006/郝龍斌-village-votes-page-2.json,matched,polling-station-single-village
2006,內湖區,康寧里,康寧里,謝長廷,1311,data/raw/openfun/tw.gov.cec~txn~candidates-votes/2006/謝長廷-village-votes-page-2.json,matched,polling-station-single-village
2006,內湖區,清白里,清白里,郝龍斌,2344,data/raw/openfun/tw.gov.cec~txn~candidates-votes/2006/郝龍斌-village-votes-page-2.json,matched,polling-station-single-village
2006,內湖區,清白里,清白里,謝長廷,1280,data/raw/openfun/tw.gov.cec~txn~candidates-votes/2006/謝長廷-village-votes-page-2.json,matched,polling-station-single-village
2006,內湖區,港都里,港都里,郝龍斌,1439,data/raw/openfun/tw.gov.cec~txn~candidates-votes/2006/郝龍斌-village-votes-page-2.json,matched,polling-station-single-village
2006,內湖區,港都里,港都里,謝長廷,1124,data/raw/openfun/tw.gov.cec~txn~candidates-votes/2006/謝長廷-village-votes-page-2.json,matched,polling-station-single-village
2006,內湖區,港富里,港富里,郝龍斌,2464,data/raw/openfun/tw.gov.cec~txn~candidates-votes/2006/郝龍斌-village-votes-page-2.json,matched,polling-station-single-village
2006,內湖區,港富里,港富里,謝長廷,2103,data/raw/openfun/tw.gov.cec~txn~candidates-votes/2006/謝長廷-village-votes-page-2.json,matched,polling-station-single-village
2006,內湖區,港華里,港華里,郝龍斌,2347,data/raw/openfun/tw.gov.cec~txn~candidates-votes/2006/郝龍斌-village-votes-page-2.json,matched,polling-station-single-village
2006,內湖區,港華里,港華里,謝長廷,1711,data/raw/openfun/tw.gov.cec~txn~candidates-votes/2006/謝長廷-village-votes-page-2.json,matched,polling-station-single-village
2006,內湖區,港墘里,港墘里,郝龍斌,1573,data/raw/openfun/tw.gov.cec~txn~candidates-votes/2006/郝龍斌-village-votes-page-2.json,matched,polling-station-single-village
2006,內湖區,港墘里,港墘里,謝長廷,1300,data/raw/openfun/tw.gov.cec~txn~candidates-votes/2006/謝長廷-village-votes-page-2.json,matched,polling-station-single-village
2006,內湖區,湖元里,湖元里,郝龍斌,1456,data/raw/openfun/tw.gov.cec~txn~candidates-votes/2006/郝龍斌-village-votes-page-3.json,matched,polling-station-single-village
2006,內湖區,湖元里,湖元里,謝長廷,1064,data/raw/openfun/tw.gov.cec~txn~candidates-votes/2006/謝長廷-village-votes-page-3.json,matched,polling-station-single-village
2006,內湖區,湖興里,湖興里,郝龍斌,2926,data/raw/openfun/tw.gov.cec~txn~candidates-votes/2006/郝龍斌-village-votes-page-2.json;data/raw/openfun/tw.gov.cec~txn~candidates-votes/2006/郝龍斌-village-votes-page-3.json,matched,polling-station-single-village
2006,內湖區,湖興里,湖興里,謝長廷,2165,data/raw/openfun/tw.gov.cec~txn~candidates-votes/2006/謝長廷-village-votes-page-2.json;data/raw/openfun/tw.gov.cec~txn~candidates-votes/2006/謝長廷-village-votes-page-3.json,matched,polling-station-single-village
2006,內湖區,湖濱里,湖濱里,郝龍斌,2451,data/raw/openfun/tw.gov.cec~txn~candidates-votes/2006/郝龍斌-village-votes-page-2.json,matched,polling-station-single-village
2006,內湖區,湖濱里,湖濱里,謝長廷,1312,data/raw/openfun/tw.gov.cec~txn~candidates-votes/2006/謝長廷-village-votes-page-2.json,matched,polling-station-single-village
2006,內湖區,紫星里,紫星里,郝龍斌,2402,data/raw/openfun/tw.gov.cec~txn~candidates-votes/2006/郝龍斌-village-votes-page-2.json,matched,polling-station-single-village
2006,內湖區,紫星里,紫星里,謝長廷,1822,data/raw/openfun/tw.gov.cec~txn~candidates-votes/2006/謝長廷-village-votes-page-2.json,matched,polling-station-single-village
2006,內湖區,紫陽里,紫陽里,郝龍斌,2139,data/raw/openfun/tw.gov.cec~txn~candidates-votes/2006/郝龍斌-village-votes-page-2.json,matched,polling-station-single-village
2006,內湖區,紫陽里,紫陽里,謝長廷,1433,data/raw/openfun/tw.gov.cec~txn~candidates-votes/2006/謝長廷-village-votes-page-2.json,matched,polling-station-single-village
2006,內湖區,紫雲里,紫雲里,郝龍斌,2042,data/raw/openfun/tw.gov.cec~txn~candidates-votes/2006/郝龍斌-village-votes-page-2.json,matched,polling-station-single-village
2006,內湖區,紫雲里,紫雲里,謝長廷,904,data/raw/openfun/tw.gov.cec~txn~candidates-votes/2006/謝長廷-village-votes-page-2.json,matched,polling-station-single-village
2006,內湖區,週美里,週美里,郝龍斌,1032,data/raw/openfun/tw.gov.cec~txn~candidates-votes/2006/郝龍斌-village-votes-page-2.json,matched,polling-station-single-village
2006,內湖區,週美里,週美里,謝長廷,1473,data/raw/openfun/tw.gov.cec~txn~candidates-votes/2006/謝長廷-village-votes-page-2.json,matched,polling-station-single-village
2006,內湖區,瑞光里,瑞光里,郝龍斌,1664,data/raw/openfun/tw.gov.cec~txn~candidates-votes/2006/郝龍斌-village-votes-page-2.json,matched,polling-station-single-village
2006,內湖區,瑞光里,瑞光里,謝長廷,707,data/raw/openfun/tw.gov.cec~txn~candidates-votes/2006/謝長廷-village-votes-page-2.json,matched,polling-station-single-village
2006,內湖區,瑞陽里,瑞陽里,郝龍斌,3017,data/raw/openfun/tw.gov.cec~txn~candidates-votes/2006/郝龍斌-village-votes-page-2.json,matched,polling-station-single-village
2006,內湖區,瑞陽里,瑞陽里,謝長廷,1134,data/raw/openfun/tw.gov.cec~txn~candidates-votes/2006/謝長廷-village-votes-page-2.json,matched,polling-station-single-village
2006,內湖區,葫洲里,葫洲里,郝龍斌,3067,data/raw/openfun/tw.gov.cec~txn~candidates-votes/2006/郝龍斌-village-votes-page-2.json,matched,polling-station-single-village
2006,內湖區,葫洲里,葫洲里,謝長廷,1517,data/raw/openfun/tw.gov.cec~txn~candidates-votes/2006/謝長廷-village-votes-page-2.json,matched,polling-station-single-village
2006,內湖區,碧山里,碧山里,郝龍斌,1993,data/raw/openfun/tw.gov.cec~txn~candidates-votes/2006/郝龍斌-village-votes-page-2.json,matched,polling-station-single-village
2006,內湖區,碧山里,碧山里,謝長廷,1356,data/raw/openfun/tw.gov.cec~txn~candidates-votes/2006/謝長廷-village-votes-page-2.json,matched,polling-station-single-village
2006,內湖區,樂康里,樂康里,郝龍斌,2077,data/raw/openfun/tw.gov.cec~txn~candidates-votes/2006/郝龍斌-village-votes-page-2.json,matched,polling-station-single-village
2006,內湖區,樂康里,樂康里,謝長廷,1595,data/raw/openfun/tw.gov.cec~txn~candidates-votes/2006/謝長廷-village-votes-page-2.json,matched,polling-station-single-village
2006,內湖區,麗山里,麗山里,郝龍斌,1380,data/raw/openfun/tw.gov.cec~txn~candidates-votes/2006/郝龍斌-village-votes-page-2.json,matched,polling-station-single-village
2006,內湖區,麗山里,麗山里,謝長廷,1265,data/raw/openfun/tw.gov.cec~txn~candidates-votes/2006/謝長廷-village-votes-page-2.json,matched,polling-station-single-village
2006,內湖區,蘆洲里,蘆洲里,郝龍斌,232,data/raw/openfun/tw.gov.cec~txn~candidates-votes/2006/郝龍斌-village-votes-page-2.json,matched,polling-station-single-village
2006,內湖區,蘆洲里,蘆洲里,謝長廷,300,data/raw/openfun/tw.gov.cec~txn~candidates-votes/2006/謝長廷-village-votes-page-2.json,matched,polling-station-single-village
2006,文山區,木柵里,木柵里,郝龍斌,2819,data/raw/openfun/tw.gov.cec~txn~candidates-votes/2006/郝龍斌-village-votes-page-7.json,matched,polling-station-single-village
2006,文山區,木柵里,木柵里,謝長廷,1063,data/raw/openfun/tw.gov.cec~txn~candidates-votes/2006/謝長廷-village-votes-page-7.json,matched,polling-station-single-village
2006,文山區,木新里,木新里,郝龍斌,2702,data/raw/openfun/tw.gov.cec~txn~candidates-votes/2006/郝龍斌-village-votes-page-7.json,matched,polling-station-single-village
2006,文山區,木新里,木新里,謝長廷,1607,data/raw/openfun/tw.gov.cec~txn~candidates-votes/2006/謝長廷-village-votes-page-7.json,matched,polling-station-single-village
2006,文山區,老泉里,老泉里,郝龍斌,158,data/raw/openfun/tw.gov.cec~txn~candidates-votes/2006/郝龍斌-village-votes-page-7.json,matched,polling-station-single-village
2006,文山區,老泉里,老泉里,謝長廷,272,data/raw/openfun/tw.gov.cec~txn~candidates-votes/2006/謝長廷-village-votes-page-7.json,matched,polling-station-single-village
2006,文山區,忠順里,忠順里,郝龍斌,1474,data/raw/openfun/tw.gov.cec~txn~candidates-votes/2006/郝龍斌-village-votes-page-7.json,matched,polling-station-single-village
2006,文山區,忠順里,忠順里,謝長廷,475,data/raw/openfun/tw.gov.cec~txn~candidates-votes/2006/謝長廷-village-votes-page-7.json,matched,polling-station-single-village
2006,文山區,明義里,明義里,郝龍斌,1348,data/raw/openfun/tw.gov.cec~txn~candidates-votes/2006/郝龍斌-village-votes-page-7.json,matched,polling-station-single-village
2006,文山區,明義里,明義里,謝長廷,700,data/raw/openfun/tw.gov.cec~txn~candidates-votes/2006/謝長廷-village-votes-page-7.json,matched,polling-station-single-village
2006,文山區,明興里,明興里,郝龍斌,2439,data/raw/openfun/tw.gov.cec~txn~candidates-votes/2006/郝龍斌-village-votes-page-7.json,matched,polling-station-single-village
2006,文山區,明興里,明興里,謝長廷,954,data/raw/openfun/tw.gov.cec~txn~candidates-votes/2006/謝長廷-village-votes-page-7.json,matched,polling-station-single-village
2006,文山區,指南里,指南里,郝龍斌,780,data/raw/openfun/tw.gov.cec~txn~candidates-votes/2006/郝龍斌-village-votes-page-7.json,matched,polling-station-single-village
2006,文山區,指南里,指南里,謝長廷,644,data/raw/openfun/tw.gov.cec~txn~candidates-votes/2006/謝長廷-village-votes-page-7.json,matched,polling-station-single-village
2006,文山區,博嘉里,博嘉里,郝龍斌,1592,data/raw/openfun/tw.gov.cec~txn~candidates-votes/2006/郝龍斌-village-votes-page-7.json,matched,polling-station-single-village
2006,文山區,博嘉里,博嘉里,謝長廷,963,data/raw/openfun/tw.gov.cec~txn~candidates-votes/2006/謝長廷-village-votes-page-7.json,matched,polling-station-single-village
2006,文山區,景仁里,景仁里,郝龍斌,1498,data/raw/openfun/tw.gov.cec~txn~candidates-votes/2006/郝龍斌-village-votes-page-7.json,matched,polling-station-single-village
2006,文山區,景仁里,景仁里,謝長廷,775,data/raw/openfun/tw.gov.cec~txn~candidates-votes/2006/謝長廷-village-votes-page-7.json,matched,polling-station-single-village
2006,文山區,景行里,景行里,郝龍斌,1416,data/raw/openfun/tw.gov.cec~txn~candidates-votes/2006/郝龍斌-village-votes-page-7.json,matched,polling-station-single-village
2006,文山區,景行里,景行里,謝長廷,1255,data/raw/openfun/tw.gov.cec~txn~candidates-votes/2006/謝長廷-village-votes-page-7.json,matched,polling-station-single-village
2006,文山區,景東里,景東里,郝龍斌,2289,data/raw/openfun/tw.gov.cec~txn~candidates-votes/2006/郝龍斌-village-votes-page-7.json,matched,polling-station-single-village
2006,文山區,景東里,景東里,謝長廷,1010,data/raw/openfun/tw.gov.cec~txn~candidates-votes/2006/謝長廷-village-votes-page-7.json,matched,polling-station-single-village
2006,文山區,景美里,景美里,郝龍斌,1456,data/raw/openfun/tw.gov.cec~txn~candidates-votes/2006/郝龍斌-village-votes-page-7.json,matched,polling-station-single-village
2006,文山區,景美里,景美里,謝長廷,846,data/raw/openfun/tw.gov.cec~txn~candidates-votes/2006/謝長廷-village-votes-page-7.json,matched,polling-station-single-village
2006,文山區,景華里,景華里,郝龍斌,1942,data/raw/openfun/tw.gov.cec~txn~candidates-votes/2006/郝龍斌-village-votes-page-7.json,matched,polling-station-single-village
2006,文山區,景華里,景華里,謝長廷,971,data/raw/openfun/tw.gov.cec~txn~candidates-votes/2006/謝長廷-village-votes-page-7.json,matched,polling-station-single-village
2006,文山區,景慶里,景慶里,郝龍斌,2042,data/raw/openfun/tw.gov.cec~txn~candidates-votes/2006/郝龍斌-village-votes-page-7.json,matched,polling-station-single-village
2006,文山區,景慶里,景慶里,謝長廷,1135,data/raw/openfun/tw.gov.cec~txn~candidates-votes/2006/謝長廷-village-votes-page-7.json,matched,polling-station-single-village
2006,文山區,華興里,華興里,郝龍斌,2543,data/raw/openfun/tw.gov.cec~txn~candidates-votes/2006/郝龍斌-village-votes-page-7.json,matched,polling-station-single-village
2006,文山區,華興里,華興里,謝長廷,1176,data/raw/openfun/tw.gov.cec~txn~candidates-votes/2006/謝長廷-village-votes-page-7.json,matched,polling-station-single-village
2006,文山區,順興里,順興里,郝龍斌,2213,data/raw/openfun/tw.gov.cec~txn~candidates-votes/2006/郝龍斌-village-votes-page-7.json,matched,polling-station-single-village
2006,文山區,順興里,順興里,謝長廷,1332,data/raw/openfun/tw.gov.cec~txn~candidates-votes/2006/謝長廷-village-votes-page-7.json,matched,polling-station-single-village
2006,文山區,萬年里,萬年里,郝龍斌,1658,data/raw/openfun/tw.gov.cec~txn~candidates-votes/2006/郝龍斌-village-votes-page-7.json,matched,polling-station-single-village
2006,文山區,萬年里,萬年里,謝長廷,995,data/raw/openfun/tw.gov.cec~txn~candidates-votes/2006/謝長廷-village-votes-page-7.json,matched,polling-station-single-village
2006,文山區,萬有里,萬有里,郝龍斌,1553,data/raw/openfun/tw.gov.cec~txn~candidates-votes/2006/郝龍斌-village-votes-page-7.json,matched,polling-station-single-village
2006,文山區,萬有里,萬有里,謝長廷,832,data/raw/openfun/tw.gov.cec~txn~candidates-votes/2006/謝長廷-village-votes-page-7.json,matched,polling-station-single-village
2006,文山區,萬和里,萬和里,郝龍斌,1261,data/raw/openfun/tw.gov.cec~txn~candidates-votes/2006/郝龍斌-village-votes-page-7.json,matched,polling-station-single-village
2006,文山區,萬和里,萬和里,謝長廷,331,data/raw/openfun/tw.gov.cec~txn~candidates-votes/2006/謝長廷-village-votes-page-7.json,matched,polling-station-single-village
2006,文山區,萬芳里,萬芳里,郝龍斌,2597,data/raw/openfun/tw.gov.cec~txn~candidates-votes/2006/郝龍斌-village-votes-page-7.json,matched,polling-station-single-village
2006,文山區,萬芳里,萬芳里,謝長廷,1123,data/raw/openfun/tw.gov.cec~txn~candidates-votes/2006/謝長廷-village-votes-page-7.json,matched,polling-station-single-village
2006,文山區,萬美里,萬美里,郝龍斌,2213,data/raw/openfun/tw.gov.cec~txn~candidates-votes/2006/郝龍斌-village-votes-page-7.json,matched,polling-station-single-village
2006,文山區,萬美里,萬美里,謝長廷,989,data/raw/openfun/tw.gov.cec~txn~candidates-votes/2006/謝長廷-village-votes-page-7.json,matched,polling-station-single-village
2006,文山區,萬盛里,萬盛里,郝龍斌,1544,data/raw/openfun/tw.gov.cec~txn~candidates-votes/2006/郝龍斌-village-votes-page-7.json,matched,polling-station-single-village
2006,文山區,萬盛里,萬盛里,謝長廷,703,data/raw/openfun/tw.gov.cec~txn~candidates-votes/2006/謝長廷-village-votes-page-7.json,matched,polling-station-single-village
2006,文山區,萬祥里,萬祥里,郝龍斌,1453,data/raw/openfun/tw.gov.cec~txn~candidates-votes/2006/郝龍斌-village-votes-page-7.json,matched,polling-station-single-village
2006,文山區,萬祥里,萬祥里,謝長廷,857,data/raw/openfun/tw.gov.cec~txn~candidates-votes/2006/謝長廷-village-votes-page-7.json,matched,polling-station-single-village
2006,文山區,萬隆里,萬隆里,郝龍斌,2505,data/raw/openfun/tw.gov.cec~txn~candidates-votes/2006/郝龍斌-village-votes-page-7.json,matched,polling-station-single-village
2006,文山區,萬隆里,萬隆里,謝長廷,1172,data/raw/openfun/tw.gov.cec~txn~candidates-votes/2006/謝長廷-village-votes-page-7.json,matched,polling-station-single-village
2006,文山區,萬興里,萬興里,郝龍斌,3872,data/raw/openfun/tw.gov.cec~txn~candidates-votes/2006/郝龍斌-village-votes-page-7.json,matched,polling-station-single-village
2006,文山區,萬興里,萬興里,謝長廷,2039,data/raw/openfun/tw.gov.cec~txn~candidates-votes/2006/謝長廷-village-votes-page-7.json,matched,polling-station-single-village
2006,文山區,試院里,試院里,郝龍斌,2397,data/raw/openfun/tw.gov.cec~txn~candidates-votes/2006/郝龍斌-village-votes-page-7.json,matched,polling-station-single-village
2006,文山區,試院里,試院里,謝長廷,881,data/raw/openfun/tw.gov.cec~txn~candidates-votes/2006/謝長廷-village-votes-page-7.json,matched,polling-station-single-village
2006,文山區,樟林里,樟林里,郝龍斌,2890,data/raw/openfun/tw.gov.cec~txn~candidates-votes/2006/郝龍斌-village-votes-page-7.json,matched,polling-station-single-village
2006,文山區,樟林里,樟林里,謝長廷,1223,data/raw/openfun/tw.gov.cec~txn~candidates-votes/2006/謝長廷-village-votes-page-7.json,matched,polling-station-single-village
2006,文山區,樟新里,樟新里,郝龍斌,3714,data/raw/openfun/tw.gov.cec~txn~candidates-votes/2006/郝龍斌-village-votes-page-7.json,matched,polling-station-single-village
2006,文山區,樟新里,樟新里,謝長廷,1914,data/raw/openfun/tw.gov.cec~txn~candidates-votes/2006/謝長廷-village-votes-page-7.json,matched,polling-station-single-village
2006,文山區,樟腳里,樟腳里,郝龍斌,2946,data/raw/openfun/tw.gov.cec~txn~candidates-votes/2006/郝龍斌-village-votes-page-7.json,matched,polling-station-single-village
2006,文山區,樟腳里,樟腳里,謝長廷,1627,data/raw/openfun/tw.gov.cec~txn~candidates-votes/2006/謝長廷-village-votes-page-7.json,matched,polling-station-single-village
2006,文山區,興光里,興光里,郝龍斌,1029,data/raw/openfun/tw.gov.cec~txn~candidates-votes/2006/郝龍斌-village-votes-page-7.json,matched,polling-station-single-village
2006,文山區,興光里,興光里,謝長廷,545,data/raw/openfun/tw.gov.cec~txn~candidates-votes/2006/謝長廷-village-votes-page-7.json,matched,polling-station-single-village
2006,文山區,興安里,興安里,郝龍斌,2232,data/raw/openfun/tw.gov.cec~txn~candidates-votes/2006/郝龍斌-village-votes-page-7.json,matched,polling-station-single-village
2006,文山區,興安里,興安里,謝長廷,940,data/raw/openfun/tw.gov.cec~txn~candidates-votes/2006/謝長廷-village-votes-page-7.json,matched,polling-station-single-village
2006,文山區,興旺里,興旺里,郝龍斌,2527,data/raw/openfun/tw.gov.cec~txn~candidates-votes/2006/郝龍斌-village-votes-page-7.json,matched,polling-station-single-village
2006,文山區,興旺里,興旺里,謝長廷,919,data/raw/openfun/tw.gov.cec~txn~candidates-votes/2006/謝長廷-village-votes-page-7.json,matched,polling-station-single-village
2006,文山區,興昌里,興昌里,郝龍斌,2268,data/raw/openfun/tw.gov.cec~txn~candidates-votes/2006/郝龍斌-village-votes-page-7.json,matched,polling-station-single-village
2006,文山區,興昌里,興昌里,謝長廷,842,data/raw/openfun/tw.gov.cec~txn~candidates-votes/2006/謝長廷-village-votes-page-7.json,matched,polling-station-single-village
2006,文山區,興家里,興家里,郝龍斌,2615,data/raw/openfun/tw.gov.cec~txn~candidates-votes/2006/郝龍斌-village-votes-page-7.json,matched,polling-station-single-village
2006,文山區,興家里,興家里,謝長廷,1072,data/raw/openfun/tw.gov.cec~txn~candidates-votes/2006/謝長廷-village-votes-page-7.json,matched,polling-station-single-village
2006,文山區,興泰里,興泰里,郝龍斌,1281,data/raw/openfun/tw.gov.cec~txn~candidates-votes/2006/郝龍斌-village-votes-page-7.json,matched,polling-station-single-village
2006,文山區,興泰里,興泰里,謝長廷,585,data/raw/openfun/tw.gov.cec~txn~candidates-votes/2006/謝長廷-village-votes-page-7.json,matched,polling-station-single-village
2006,文山區,興得里,興得里,郝龍斌,1993,data/raw/openfun/tw.gov.cec~txn~candidates-votes/2006/郝龍斌-village-votes-page-7.json,matched,polling-station-single-village
2006,文山區,興得里,興得里,謝長廷,926,data/raw/openfun/tw.gov.cec~txn~candidates-votes/2006/謝長廷-village-votes-page-7.json,matched,polling-station-single-village
2006,文山區,興業里,興業里,郝龍斌,2045,data/raw/openfun/tw.gov.cec~txn~candidates-votes/2006/郝龍斌-village-votes-page-7.json,matched,polling-station-single-village
2006,文山區,興業里,興業里,謝長廷,687,data/raw/openfun/tw.gov.cec~txn~candidates-votes/2006/謝長廷-village-votes-page-7.json,matched,polling-station-single-village
2006,文山區,興福里,興福里,郝龍斌,1889,data/raw/openfun/tw.gov.cec~txn~candidates-votes/2006/郝龍斌-village-votes-page-7.json,matched,polling-station-single-village
2006,文山區,興福里,興福里,謝長廷,1043,data/raw/openfun/tw.gov.cec~txn~candidates-votes/2006/謝長廷-village-votes-page-7.json,matched,polling-station-single-village
2006,文山區,興豐里,興豐里,郝龍斌,3116,data/raw/openfun/tw.gov.cec~txn~candidates-votes/2006/郝龍斌-village-votes-page-7.json,matched,polling-station-single-village
2006,文山區,興豐里,興豐里,謝長廷,1355,data/raw/openfun/tw.gov.cec~txn~candidates-votes/2006/謝長廷-village-votes-page-7.json,matched,polling-station-single-village
2006,北投區,一德里,一德里,郝龍斌,1402,data/raw/openfun/tw.gov.cec~txn~candidates-votes/2006/郝龍斌-village-votes-page-1.json,matched,polling-station-single-village
2006,北投區,一德里,一德里,謝長廷,1711,data/raw/openfun/tw.gov.cec~txn~candidates-votes/2006/謝長廷-village-votes-page-1.json,matched,polling-station-single-village
2006,北投區,八仙里,八仙里,郝龍斌,1205,data/raw/openfun/tw.gov.cec~txn~candidates-votes/2006/郝龍斌-village-votes-page-1.json,matched,polling-station-single-village
2006,北投區,八仙里,八仙里,謝長廷,1341,data/raw/openfun/tw.gov.cec~txn~candidates-votes/2006/謝長廷-village-votes-page-1.json,matched,polling-station-single-village
2006,北投區,大屯里,大屯里,郝龍斌,173,data/raw/openfun/tw.gov.cec~txn~candidates-votes/2006/郝龍斌-village-votes-page-1.json,matched,polling-station-single-village
2006,北投區,大屯里,大屯里,謝長廷,413,data/raw/openfun/tw.gov.cec~txn~candidates-votes/2006/謝長廷-village-votes-page-1.json,matched,polling-station-single-village
2006,北投區,大同里,大同里,郝龍斌,1408,data/raw/openfun/tw.gov.cec~txn~candidates-votes/2006/郝龍斌-village-votes-page-1.json,matched,polling-station-single-village
2006,北投區,大同里,大同里,謝長廷,1582,data/raw/openfun/tw.gov.cec~txn~candidates-votes/2006/謝長廷-village-votes-page-1.json,matched,polling-station-single-village
2006,北投區,中心里,中心里,郝龍斌,1459,data/raw/openfun/tw.gov.cec~txn~candidates-votes/2006/郝龍斌-village-votes-page-1.json,matched,polling-station-single-village
2006,北投區,中心里,中心里,謝長廷,1318,data/raw/openfun/tw.gov.cec~txn~candidates-votes/2006/謝長廷-village-votes-page-1.json,matched,polling-station-single-village
2006,北投區,中央里,中央里,郝龍斌,1651,data/raw/openfun/tw.gov.cec~txn~candidates-votes/2006/郝龍斌-village-votes-page-1.json,matched,polling-station-single-village
2006,北投區,中央里,中央里,謝長廷,2089,data/raw/openfun/tw.gov.cec~txn~candidates-votes/2006/謝長廷-village-votes-page-1.json,matched,polling-station-single-village
2006,北投區,中和里,中和里,郝龍斌,1455,data/raw/openfun/tw.gov.cec~txn~candidates-votes/2006/郝龍斌-village-votes-page-1.json,matched,polling-station-single-village
2006,北投區,中和里,中和里,謝長廷,1136,data/raw/openfun/tw.gov.cec~txn~candidates-votes/2006/謝長廷-village-votes-page-1.json,matched,polling-station-single-village
2006,北投區,中庸里,中庸里,郝龍斌,1035,data/raw/openfun/tw.gov.cec~txn~candidates-votes/2006/郝龍斌-village-votes-page-1.json,matched,polling-station-single-village
2006,北投區,中庸里,中庸里,謝長廷,1152,data/raw/openfun/tw.gov.cec~txn~candidates-votes/2006/謝長廷-village-votes-page-1.json,matched,polling-station-single-village
2006,北投區,文化里,文化里,郝龍斌,1604,data/raw/openfun/tw.gov.cec~txn~candidates-votes/2006/郝龍斌-village-votes-page-1.json,matched,polling-station-single-village
2006,北投區,文化里,文化里,謝長廷,576,data/raw/openfun/tw.gov.cec~txn~candidates-votes/2006/謝長廷-village-votes-page-1.json,matched,polling-station-single-village
2006,北投區,文林里,文林里,郝龍斌,1117,data/raw/openfun/tw.gov.cec~txn~candidates-votes/2006/郝龍斌-village-votes-page-1.json,matched,polling-station-single-village
2006,北投區,文林里,文林里,謝長廷,1218,data/raw/openfun/tw.gov.cec~txn~candidates-votes/2006/謝長廷-village-votes-page-1.json,matched,polling-station-single-village
2006,北投區,永和里,永和里,郝龍斌,2149,data/raw/openfun/tw.gov.cec~txn~candidates-votes/2006/郝龍斌-village-votes-page-1.json,matched,polling-station-single-village
2006,北投區,永和里,永和里,謝長廷,1900,data/raw/openfun/tw.gov.cec~txn~candidates-votes/2006/謝長廷-village-votes-page-1.json,matched,polling-station-single-village
2006,北投區,永明里,永明里,郝龍斌,1301,data/raw/openfun/tw.gov.cec~txn~candidates-votes/2006/郝龍斌-village-votes-page-1.json,matched,polling-station-single-village
2006,北投區,永明里,永明里,謝長廷,1002,data/raw/openfun/tw.gov.cec~txn~candidates-votes/2006/謝長廷-village-votes-page-1.json,matched,polling-station-single-village
2006,北投區,永欣里,永欣里,郝龍斌,2200,data/raw/openfun/tw.gov.cec~txn~candidates-votes/2006/郝龍斌-village-votes-page-1.json,matched,polling-station-single-village
2006,北投區,永欣里,永欣里,謝長廷,1285,data/raw/openfun/tw.gov.cec~txn~candidates-votes/2006/謝長廷-village-votes-page-1.json,matched,polling-station-single-village
2006,北投區,石牌里,石牌里,郝龍斌,1313,data/raw/openfun/tw.gov.cec~txn~candidates-votes/2006/郝龍斌-village-votes-page-1.json,matched,polling-station-single-village
2006,北投區,石牌里,石牌里,謝長廷,1416,data/raw/openfun/tw.gov.cec~txn~candidates-votes/2006/謝長廷-village-votes-page-1.json,matched,polling-station-single-village
2006,北投區,立農里,立農里,郝龍斌,2205,data/raw/openfun/tw.gov.cec~txn~candidates-votes/2006/郝龍斌-village-votes-page-1.json,matched,polling-station-single-village
2006,北投區,立農里,立農里,謝長廷,2137,data/raw/openfun/tw.gov.cec~txn~candidates-votes/2006/謝長廷-village-votes-page-1.json,matched,polling-station-single-village
2006,北投區,立賢里,立賢里,郝龍斌,1225,data/raw/openfun/tw.gov.cec~txn~candidates-votes/2006/郝龍斌-village-votes-page-1.json,matched,polling-station-single-village
2006,北投區,立賢里,立賢里,謝長廷,1289,data/raw/openfun/tw.gov.cec~txn~candidates-votes/2006/謝長廷-village-votes-page-1.json,matched,polling-station-single-village
2006,北投區,吉利里,吉利里,郝龍斌,1987,data/raw/openfun/tw.gov.cec~txn~candidates-votes/2006/郝龍斌-village-votes-page-1.json,matched,polling-station-single-village
2006,北投區,吉利里,吉利里,謝長廷,1245,data/raw/openfun/tw.gov.cec~txn~candidates-votes/2006/謝長廷-village-votes-page-1.json,matched,polling-station-single-village
2006,北投區,吉慶里,吉慶里,郝龍斌,1241,data/raw/openfun/tw.gov.cec~txn~candidates-votes/2006/郝龍斌-village-votes-page-1.json,matched,polling-station-single-village
2006,北投區,吉慶里,吉慶里,謝長廷,1402,data/raw/openfun/tw.gov.cec~txn~candidates-votes/2006/謝長廷-village-votes-page-1.json,matched,polling-station-single-village
2006,北投區,秀山里,秀山里,郝龍斌,1057,data/raw/openfun/tw.gov.cec~txn~candidates-votes/2006/郝龍斌-village-votes-page-1.json,matched,polling-station-single-village
2006,北投區,秀山里,秀山里,謝長廷,783,data/raw/openfun/tw.gov.cec~txn~candidates-votes/2006/謝長廷-village-votes-page-1.json,matched,polling-station-single-village
2006,北投區,奇岩里,奇岩里,郝龍斌,2504,data/raw/openfun/tw.gov.cec~txn~candidates-votes/2006/郝龍斌-village-votes-page-1.json,matched,polling-station-single-village
2006,北投區,奇岩里,奇岩里,謝長廷,2252,data/raw/openfun/tw.gov.cec~txn~candidates-votes/2006/謝長廷-village-votes-page-1.json,matched,polling-station-single-village
2006,北投區,東華里,東華里,郝龍斌,1479,data/raw/openfun/tw.gov.cec~txn~candidates-votes/2006/郝龍斌-village-votes-page-1.json,matched,polling-station-single-village
2006,北投區,東華里,東華里,謝長廷,977,data/raw/openfun/tw.gov.cec~txn~candidates-votes/2006/謝長廷-village-votes-page-1.json,matched,polling-station-single-village
2006,北投區,林泉里,林泉里,郝龍斌,1019,data/raw/openfun/tw.gov.cec~txn~candidates-votes/2006/郝龍斌-village-votes-page-1.json,matched,polling-station-single-village
2006,北投區,林泉里,林泉里,謝長廷,503,data/raw/openfun/tw.gov.cec~txn~candidates-votes/2006/謝長廷-village-votes-page-1.json,matched,polling-station-single-village
2006,北投區,長安里,長安里,郝龍斌,1447,data/raw/openfun/tw.gov.cec~txn~candidates-votes/2006/郝龍斌-village-votes-page-1.json,matched,polling-station-single-village
2006,北投區,長安里,長安里,謝長廷,1521,data/raw/openfun/tw.gov.cec~txn~candidates-votes/2006/謝長廷-village-votes-page-1.json,matched,polling-station-single-village
2006,北投區,建民里,建民里,郝龍斌,843,data/raw/openfun/tw.gov.cec~txn~candidates-votes/2006/郝龍斌-village-votes-page-1.json,matched,polling-station-single-village
2006,北投區,建民里,建民里,謝長廷,1277,data/raw/openfun/tw.gov.cec~txn~candidates-votes/2006/謝長廷-village-votes-page-1.json,matched,polling-station-single-village
2006,北投區,泉源里,泉源里,郝龍斌,526,data/raw/openfun/tw.gov.cec~txn~candidates-votes/2006/郝龍斌-village-votes-page-1.json,matched,polling-station-single-village
2006,北投區,泉源里,泉源里,謝長廷,694,data/raw/openfun/tw.gov.cec~txn~candidates-votes/2006/謝長廷-village-votes-page-1.json,matched,polling-station-single-village
2006,北投區,洲美里,洲美里,郝龍斌,303,data/raw/openfun/tw.gov.cec~txn~candidates-votes/2006/郝龍斌-village-votes-page-1.json,matched,polling-station-single-village
2006,北投區,洲美里,洲美里,謝長廷,715,data/raw/openfun/tw.gov.cec~txn~candidates-votes/2006/謝長廷-village-votes-page-1.json,matched,polling-station-single-village
2006,北投區,振華里,振華里,郝龍斌,2296,data/raw/openfun/tw.gov.cec~txn~candidates-votes/2006/郝龍斌-village-votes-page-1.json,matched,polling-station-single-village
2006,北投區,振華里,振華里,謝長廷,1740,data/raw/openfun/tw.gov.cec~txn~candidates-votes/2006/謝長廷-village-votes-page-1.json,matched,polling-station-single-village
2006,北投區,桃源里,桃源里,郝龍斌,1319,data/raw/openfun/tw.gov.cec~txn~candidates-votes/2006/郝龍斌-village-votes-page-1.json,matched,polling-station-single-village
2006,北投區,桃源里,桃源里,謝長廷,1476,data/raw/openfun/tw.gov.cec~txn~candidates-votes/2006/謝長廷-village-votes-page-1.json,matched,polling-station-single-village
2006,北投區,清江里,清江里,郝龍斌,2091,data/raw/openfun/tw.gov.cec~txn~candidates-votes/2006/郝龍斌-village-votes-page-1.json,matched,polling-station-single-village
2006,北投區,清江里,清江里,謝長廷,2363,data/raw/openfun/tw.gov.cec~txn~candidates-votes/2006/謝長廷-village-votes-page-1.json,matched,polling-station-single-village
2006,北投區,尊賢里,尊賢里,郝龍斌,1127,data/raw/openfun/tw.gov.cec~txn~candidates-votes/2006/郝龍斌-village-votes-page-1.json,matched,polling-station-single-village
2006,北投區,尊賢里,尊賢里,謝長廷,1270,data/raw/openfun/tw.gov.cec~txn~candidates-votes/2006/謝長廷-village-votes-page-1.json,matched,polling-station-single-village
2006,北投區,智仁里,智仁里,郝龍斌,1762,data/raw/openfun/tw.gov.cec~txn~candidates-votes/2006/郝龍斌-village-votes-page-1.json,matched,polling-station-single-village
2006,北投區,智仁里,智仁里,謝長廷,1252,data/raw/openfun/tw.gov.cec~txn~candidates-votes/2006/謝長廷-village-votes-page-1.json,matched,polling-station-single-village
2006,北投區,湖山里,湖山里,郝龍斌,511,data/raw/openfun/tw.gov.cec~txn~candidates-votes/2006/郝龍斌-village-votes-page-1.json,matched,polling-station-single-village
2006,北投區,湖山里,湖山里,謝長廷,539,data/raw/openfun/tw.gov.cec~txn~candidates-votes/2006/謝長廷-village-votes-page-1.json,matched,polling-station-single-village
2006,北投區,湖田里,湖田里,郝龍斌,201,data/raw/openfun/tw.gov.cec~txn~candidates-votes/2006/郝龍斌-village-votes-page-1.json,matched,polling-station-single-village
2006,北投區,湖田里,湖田里,謝長廷,261,data/raw/openfun/tw.gov.cec~txn~candidates-votes/2006/謝長廷-village-votes-page-1.json,matched,polling-station-single-village
2006,北投區,開明里,開明里,郝龍斌,1850,data/raw/openfun/tw.gov.cec~txn~candidates-votes/2006/郝龍斌-village-votes-page-1.json,matched,polling-station-single-village
2006,北投區,開明里,開明里,謝長廷,1485,data/raw/openfun/tw.gov.cec~txn~candidates-votes/2006/謝長廷-village-votes-page-1.json,matched,polling-station-single-village
2006,北投區,溫泉里,溫泉里,郝龍斌,1593,data/raw/openfun/tw.gov.cec~txn~candidates-votes/2006/郝龍斌-village-votes-page-1.json,matched,polling-station-single-village
2006,北投區,溫泉里,溫泉里,謝長廷,1600,data/raw/openfun/tw.gov.cec~txn~candidates-votes/2006/謝長廷-village-votes-page-1.json,matched,polling-station-single-village
2006,北投區,裕民里,裕民里,郝龍斌,1973,data/raw/openfun/tw.gov.cec~txn~candidates-votes/2006/郝龍斌-village-votes-page-1.json,matched,polling-station-single-village
2006,北投區,裕民里,裕民里,謝長廷,1613,data/raw/openfun/tw.gov.cec~txn~candidates-votes/2006/謝長廷-village-votes-page-1.json,matched,polling-station-single-village
2006,北投區,榮光里,榮光里,郝龍斌,1912,data/raw/openfun/tw.gov.cec~txn~candidates-votes/2006/郝龍斌-village-votes-page-1.json,matched,polling-station-single-village
2006,北投區,榮光里,榮光里,謝長廷,1678,data/raw/openfun/tw.gov.cec~txn~candidates-votes/2006/謝長廷-village-votes-page-1.json,matched,polling-station-single-village
2006,北投區,榮華里,榮華里,郝龍斌,2154,data/raw/openfun/tw.gov.cec~txn~candidates-votes/2006/郝龍斌-village-votes-page-1.json,matched,polling-station-single-village
2006,北投區,榮華里,榮華里,謝長廷,1645,data/raw/openfun/tw.gov.cec~txn~candidates-votes/2006/謝長廷-village-votes-page-1.json,matched,polling-station-single-village
2006,北投區,福興里,福興里,郝龍斌,1836,data/raw/openfun/tw.gov.cec~txn~candidates-votes/2006/郝龍斌-village-votes-page-1.json,matched,polling-station-single-village
2006,北投區,福興里,福興里,謝長廷,1776,data/raw/openfun/tw.gov.cec~txn~candidates-votes/2006/謝長廷-village-votes-page-1.json,matched,polling-station-single-village
2006,北投區,稻香里,稻香里,郝龍斌,1360,data/raw/openfun/tw.gov.cec~txn~candidates-votes/2006/郝龍斌-village-votes-page-1.json,matched,polling-station-single-village
2006,北投區,稻香里,稻香里,謝長廷,955,data/raw/openfun/tw.gov.cec~txn~candidates-votes/2006/謝長廷-village-votes-page-1.json,matched,polling-station-single-village
2006,北投區,豐年里,豐年里,郝龍斌,1133,data/raw/openfun/tw.gov.cec~txn~candidates-votes/2006/郝龍斌-village-votes-page-1.json,matched,polling-station-single-village
2006,北投區,豐年里,豐年里,謝長廷,966,data/raw/openfun/tw.gov.cec~txn~candidates-votes/2006/謝長廷-village-votes-page-1.json,matched,polling-station-single-village
2006,北投區,關渡里,關渡里,郝龍斌,2667,data/raw/openfun/tw.gov.cec~txn~candidates-votes/2006/郝龍斌-village-votes-page-1.json,matched,polling-station-single-village
2006,北投區,關渡里,關渡里,謝長廷,2481,data/raw/openfun/tw.gov.cec~txn~candidates-votes/2006/謝長廷-village-votes-page-1.json,matched,polling-station-single-village
2006,松山區,三民里,三民里,郝龍斌,2102,data/raw/openfun/tw.gov.cec~txn~candidates-votes/2006/郝龍斌-village-votes-page-3.json,matched,polling-station-single-village
2006,松山區,三民里,三民里,謝長廷,1279,data/raw/openfun/tw.gov.cec~txn~candidates-votes/2006/謝長廷-village-votes-page-3.json,matched,polling-station-single-village
2006,松山區,中正里,中正里,郝龍斌,1965,data/raw/openfun/tw.gov.cec~txn~candidates-votes/2006/郝龍斌-village-votes-page-3.json,matched,polling-station-single-village
2006,松山區,中正里,中正里,謝長廷,1863,data/raw/openfun/tw.gov.cec~txn~candidates-votes/2006/謝長廷-village-votes-page-3.json,matched,polling-station-single-village
2006,松山區,中崙里,中崙里,郝龍斌,1070,data/raw/openfun/tw.gov.cec~txn~candidates-votes/2006/郝龍斌-village-votes-page-3.json,matched,polling-station-single-village
2006,松山區,中崙里,中崙里,謝長廷,898,data/raw/openfun/tw.gov.cec~txn~candidates-votes/2006/謝長廷-village-votes-page-3.json,matched,polling-station-single-village
2006,松山區,中華里,中華里,郝龍斌,1959,data/raw/openfun/tw.gov.cec~txn~candidates-votes/2006/郝龍斌-village-votes-page-3.json,matched,polling-station-single-village
2006,松山區,中華里,中華里,謝長廷,1139,data/raw/openfun/tw.gov.cec~txn~candidates-votes/2006/謝長廷-village-votes-page-3.json,matched,polling-station-single-village
2006,松山區,介壽里,介壽里,郝龍斌,1272,data/raw/openfun/tw.gov.cec~txn~candidates-votes/2006/郝龍斌-village-votes-page-3.json,matched,polling-station-single-village
2006,松山區,介壽里,介壽里,謝長廷,1024,data/raw/openfun/tw.gov.cec~txn~candidates-votes/2006/謝長廷-village-votes-page-3.json,matched,polling-station-single-village
2006,松山區,民有里,民有里,郝龍斌,2374,data/raw/openfun/tw.gov.cec~txn~candidates-votes/2006/郝龍斌-village-votes-page-3.json,matched,polling-station-single-village
2006,松山區,民有里,民有里,謝長廷,1958,data/raw/openfun/tw.gov.cec~txn~candidates-votes/2006/謝長廷-village-votes-page-3.json,matched,polling-station-single-village
2006,松山區,民福里,民福里,郝龍斌,2129,data/raw/openfun/tw.gov.cec~txn~candidates-votes/2006/郝龍斌-village-votes-page-3.json,matched,polling-station-single-village
2006,松山區,民福里,民福里,謝長廷,1167,data/raw/openfun/tw.gov.cec~txn~candidates-votes/2006/謝長廷-village-votes-page-3.json,matched,polling-station-single-village
2006,松山區,吉仁里,吉仁里,郝龍斌,1146,data/raw/openfun/tw.gov.cec~txn~candidates-votes/2006/郝龍斌-village-votes-page-3.json,matched,polling-station-single-village
2006,松山區,吉仁里,吉仁里,謝長廷,836,data/raw/openfun/tw.gov.cec~txn~candidates-votes/2006/謝長廷-village-votes-page-3.json,matched,polling-station-single-village
2006,松山區,吉祥里,吉祥里,郝龍斌,2456,data/raw/openfun/tw.gov.cec~txn~candidates-votes/2006/郝龍斌-village-votes-page-3.json,matched,polling-station-single-village
2006,松山區,吉祥里,吉祥里,謝長廷,1700,data/raw/openfun/tw.gov.cec~txn~candidates-votes/2006/謝長廷-village-votes-page-3.json,matched,polling-station-single-village
2006,松山區,安平里,安平里,郝龍斌,2208,data/raw/openfun/tw.gov.cec~txn~candidates-votes/2006/郝龍斌-village-votes-page-3.json,matched,polling-station-single-village
2006,松山區,安平里,安平里,謝長廷,2222,data/raw/openfun/tw.gov.cec~txn~candidates-votes/2006/謝長廷-village-votes-page-3.json,matched,polling-station-single-village
2006,松山區,自強里,自強里,郝龍斌,4022,data/raw/openfun/tw.gov.cec~txn~candidates-votes/2006/郝龍斌-village-votes-page-3.json,matched,polling-station-single-village
2006,松山區,自強里,自強里,謝長廷,722,data/raw/openfun/tw.gov.cec~txn~candidates-votes/2006/謝長廷-village-votes-page-3.json,matched,polling-station-single-village
2006,松山區,東光里,東光里,郝龍斌,2261,data/raw/openfun/tw.gov.cec~txn~candidates-votes/2006/郝龍斌-village-votes-page-3.json,matched,polling-station-single-village
2006,松山區,東光里,東光里,謝長廷,1391,data/raw/openfun/tw.gov.cec~txn~candidates-votes/2006/謝長廷-village-votes-page-3.json,matched,polling-station-single-village
2006,松山區,東昌里,東昌里,郝龍斌,743,data/raw/openfun/tw.gov.cec~txn~candidates-votes/2006/郝龍斌-village-votes-page-3.json,matched,polling-station-single-village
2006,松山區,東昌里,東昌里,謝長廷,604,data/raw/openfun/tw.gov.cec~txn~candidates-votes/2006/謝長廷-village-votes-page-3.json,matched,polling-station-single-village
2006,松山區,東勢里,東勢里,郝龍斌,1260,data/raw/openfun/tw.gov.cec~txn~candidates-votes/2006/郝龍斌-village-votes-page-3.json,matched,polling-station-single-village
2006,松山區,東勢里,東勢里,謝長廷,977,data/raw/openfun/tw.gov.cec~txn~candidates-votes/2006/謝長廷-village-votes-page-3.json,matched,polling-station-single-village
2006,松山區,東榮里,東榮里,郝龍斌,2443,data/raw/openfun/tw.gov.cec~txn~candidates-votes/2006/郝龍斌-village-votes-page-3.json,matched,polling-station-single-village
2006,松山區,東榮里,東榮里,謝長廷,1699,data/raw/openfun/tw.gov.cec~txn~candidates-votes/2006/謝長廷-village-votes-page-3.json,matched,polling-station-single-village
2006,松山區,松基里,松基里,郝龍斌,969,data/raw/openfun/tw.gov.cec~txn~candidates-votes/2006/郝龍斌-village-votes-page-3.json,matched,polling-station-single-village
2006,松山區,松基里,松基里,謝長廷,857,data/raw/openfun/tw.gov.cec~txn~candidates-votes/2006/謝長廷-village-votes-page-3.json,matched,polling-station-single-village
2006,松山區,美仁里,美仁里,郝龍斌,853,data/raw/openfun/tw.gov.cec~txn~candidates-votes/2006/郝龍斌-village-votes-page-3.json,matched,polling-station-single-village
2006,松山區,美仁里,美仁里,謝長廷,792,data/raw/openfun/tw.gov.cec~txn~candidates-votes/2006/謝長廷-village-votes-page-3.json,matched,polling-station-single-village
2006,松山區,莊敬里,莊敬里,郝龍斌,1779,data/raw/openfun/tw.gov.cec~txn~candidates-votes/2006/郝龍斌-village-votes-page-3.json,matched,polling-station-single-village
2006,松山區,莊敬里,莊敬里,謝長廷,1129,data/raw/openfun/tw.gov.cec~txn~candidates-votes/2006/謝長廷-village-votes-page-3.json,matched,polling-station-single-village
2006,松山區,富泰里,富泰里,郝龍斌,1496,data/raw/openfun/tw.gov.cec~txn~candidates-votes/2006/郝龍斌-village-votes-page-3.json,matched,polling-station-single-village
2006,松山區,富泰里,富泰里,謝長廷,747,data/raw/openfun/tw.gov.cec~txn~candidates-votes/2006/謝長廷-village-votes-page-3.json,matched,polling-station-single-village
2006,松山區,富錦里,富錦里,郝龍斌,1637,data/raw/openfun/tw.gov.cec~txn~candidates-votes/2006/郝龍斌-village-votes-page-3.json,matched,polling-station-single-village
2006,松山區,富錦里,富錦里,謝長廷,1011,data/raw/openfun/tw.gov.cec~txn~candidates-votes/2006/謝長廷-village-votes-page-3.json,matched,polling-station-single-village
2006,松山區,復建里,復建里,郝龍斌,1157,data/raw/openfun/tw.gov.cec~txn~candidates-votes/2006/郝龍斌-village-votes-page-3.json,matched,polling-station-single-village
2006,松山區,復建里,復建里,謝長廷,717,data/raw/openfun/tw.gov.cec~txn~candidates-votes/2006/謝長廷-village-votes-page-3.json,matched,polling-station-single-village
2006,松山區,復盛里,復盛里,郝龍斌,2039,data/raw/openfun/tw.gov.cec~txn~candidates-votes/2006/郝龍斌-village-votes-page-3.json,matched,polling-station-single-village
2006,松山區,復盛里,復盛里,謝長廷,1277,data/raw/openfun/tw.gov.cec~txn~candidates-votes/2006/謝長廷-village-votes-page-3.json,matched,polling-station-single-village
2006,松山區,復勢里,復勢里,郝龍斌,1568,data/raw/openfun/tw.gov.cec~txn~candidates-votes/2006/郝龍斌-village-votes-page-3.json,matched,polling-station-single-village
2006,松山區,復勢里,復勢里,謝長廷,1391,data/raw/openfun/tw.gov.cec~txn~candidates-votes/2006/謝長廷-village-votes-page-3.json,matched,polling-station-single-village
2006,松山區,復源里,復源里,郝龍斌,910,data/raw/openfun/tw.gov.cec~txn~candidates-votes/2006/郝龍斌-village-votes-page-3.json,matched,polling-station-single-village
2006,松山區,復源里,復源里,謝長廷,628,data/raw/openfun/tw.gov.cec~txn~candidates-votes/2006/謝長廷-village-votes-page-3.json,matched,polling-station-single-village
2006,松山區,敦化里,敦化里,郝龍斌,1902,data/raw/openfun/tw.gov.cec~txn~candidates-votes/2006/郝龍斌-village-votes-page-3.json,matched,polling-station-single-village
2006,松山區,敦化里,敦化里,謝長廷,1616,data/raw/openfun/tw.gov.cec~txn~candidates-votes/2006/謝長廷-village-votes-page-3.json,matched,polling-station-single-village
2006,松山區,新東里,新東里,郝龍斌,1361,data/raw/openfun/tw.gov.cec~txn~candidates-votes/2006/郝龍斌-village-votes-page-3.json,matched,polling-station-single-village
2006,松山區,新東里,新東里,謝長廷,1034,data/raw/openfun/tw.gov.cec~txn~candidates-votes/2006/謝長廷-village-votes-page-3.json,matched,polling-station-single-village
2006,松山區,新益里,新益里,郝龍斌,1300,data/raw/openfun/tw.gov.cec~txn~candidates-votes/2006/郝龍斌-village-votes-page-3.json,matched,polling-station-single-village
2006,松山區,新益里,新益里,謝長廷,1010,data/raw/openfun/tw.gov.cec~txn~candidates-votes/2006/謝長廷-village-votes-page-3.json,matched,polling-station-single-village
2006,松山區,新聚里,新聚里,郝龍斌,2157,data/raw/openfun/tw.gov.cec~txn~candidates-votes/2006/郝龍斌-village-votes-page-3.json,matched,polling-station-single-village
2006,松山區,新聚里,新聚里,謝長廷,1678,data/raw/openfun/tw.gov.cec~txn~candidates-votes/2006/謝長廷-village-votes-page-3.json,matched,polling-station-single-village
2006,松山區,慈祐里,慈祐里,郝龍斌,1257,data/raw/openfun/tw.gov.cec~txn~candidates-votes/2006/郝龍斌-village-votes-page-3.json,matched,polling-station-single-village
2006,松山區,慈祐里,慈祐里,謝長廷,1619,data/raw/openfun/tw.gov.cec~txn~candidates-votes/2006/謝長廷-village-votes-page-3.json,matched,polling-station-single-village
2006,松山區,福成里,福成里,郝龍斌,745,data/raw/openfun/tw.gov.cec~txn~candidates-votes/2006/郝龍斌-village-votes-page-3.json,matched,polling-station-single-village
2006,松山區,福成里,福成里,謝長廷,551,data/raw/openfun/tw.gov.cec~txn~candidates-votes/2006/謝長廷-village-votes-page-3.json,matched,polling-station-single-village
2006,松山區,精忠里,精忠里,郝龍斌,1313,data/raw/openfun/tw.gov.cec~txn~candidates-votes/2006/郝龍斌-village-votes-page-3.json,matched,polling-station-single-village
2006,松山區,精忠里,精忠里,謝長廷,822,data/raw/openfun/tw.gov.cec~txn~candidates-votes/2006/謝長廷-village-votes-page-3.json,matched,polling-station-single-village
2006,松山區,龍田里,龍田里,郝龍斌,3444,data/raw/openfun/tw.gov.cec~txn~candidates-votes/2006/郝龍斌-village-votes-page-3.json,matched,polling-station-single-village
2006,松山區,龍田里,龍田里,謝長廷,1198,data/raw/openfun/tw.gov.cec~txn~candidates-votes/2006/謝長廷-village-votes-page-3.json,matched,polling-station-single-village
2006,松山區,鵬程里,鵬程里,郝龍斌,2037,data/raw/openfun/tw.gov.cec~txn~candidates-votes/2006/郝龍斌-village-votes-page-3.json,matched,polling-station-single-village
2006,松山區,鵬程里,鵬程里,謝長廷,849,data/raw/openfun/tw.gov.cec~txn~candidates-votes/2006/謝長廷-village-votes-page-3.json,matched,polling-station-single-village
2006,信義區,三張里,三張里,郝龍斌,3075,data/raw/openfun/tw.gov.cec~txn~candidates-votes/2006/郝龍斌-village-votes-page-4.json,matched,polling-station-single-village
2006,信義區,三張里,三張里,謝長廷,1610,data/raw/openfun/tw.gov.cec~txn~candidates-votes/2006/謝長廷-village-votes-page-4.json,matched,polling-station-single-village
2006,信義區,三犁里,三犁里,郝龍斌,1599,data/raw/openfun/tw.gov.cec~txn~candidates-votes/2006/郝龍斌-village-votes-page-4.json,matched,polling-station-single-village
2006,信義區,三犁里,三犁里,謝長廷,867,data/raw/openfun/tw.gov.cec~txn~candidates-votes/2006/謝長廷-village-votes-page-4.json,matched,polling-station-single-village
2006,信義區,大仁里,大仁里,郝龍斌,1476,data/raw/openfun/tw.gov.cec~txn~candidates-votes/2006/郝龍斌-village-votes-page-4.json,matched,polling-station-single-village
2006,信義區,大仁里,大仁里,謝長廷,1106,data/raw/openfun/tw.gov.cec~txn~candidates-votes/2006/謝長廷-village-votes-page-4.json,matched,polling-station-single-village
2006,信義區,大道里,大道里,郝龍斌,1817,data/raw/openfun/tw.gov.cec~txn~candidates-votes/2006/郝龍斌-village-votes-page-4.json,matched,polling-station-single-village
2006,信義區,大道里,大道里,謝長廷,1460,data/raw/openfun/tw.gov.cec~txn~candidates-votes/2006/謝長廷-village-votes-page-4.json,matched,polling-station-single-village
2006,信義區,中行里,中行里,郝龍斌,2160,data/raw/openfun/tw.gov.cec~txn~candidates-votes/2006/郝龍斌-village-votes-page-4.json,matched,polling-station-single-village
2006,信義區,中行里,中行里,謝長廷,1863,data/raw/openfun/tw.gov.cec~txn~candidates-votes/2006/謝長廷-village-votes-page-4.json,matched,polling-station-single-village
2006,信義區,中坡里,中坡里,郝龍斌,1304,data/raw/openfun/tw.gov.cec~txn~candidates-votes/2006/郝龍斌-village-votes-page-4.json,matched,polling-station-single-village
2006,信義區,中坡里,中坡里,謝長廷,960,data/raw/openfun/tw.gov.cec~txn~candidates-votes/2006/謝長廷-village-votes-page-4.json,matched,polling-station-single-village
2006,信義區,中興里,中興里,郝龍斌,864,data/raw/openfun/tw.gov.cec~txn~candidates-votes/2006/郝龍斌-village-votes-page-3.json,matched,polling-station-single-village
2006,信義區,中興里,中興里,謝長廷,549,data/raw/openfun/tw.gov.cec~txn~candidates-votes/2006/謝長廷-village-votes-page-3.json,matched,polling-station-single-village
2006,信義區,五全里,五全里,郝龍斌,1351,data/raw/openfun/tw.gov.cec~txn~candidates-votes/2006/郝龍斌-village-votes-page-3.json;data/raw/openfun/tw.gov.cec~txn~candidates-votes/2006/郝龍斌-village-votes-page-4.json,matched,polling-station-single-village
2006,信義區,五全里,五全里,謝長廷,1376,data/raw/openfun/tw.gov.cec~txn~candidates-votes/2006/謝長廷-village-votes-page-3.json;data/raw/openfun/tw.gov.cec~txn~candidates-votes/2006/謝長廷-village-votes-page-4.json,matched,polling-station-single-village
2006,信義區,五常里,五常里,郝龍斌,1042,data/raw/openfun/tw.gov.cec~txn~candidates-votes/2006/郝龍斌-village-votes-page-3.json,matched,polling-station-single-village
2006,信義區,五常里,五常里,謝長廷,786,data/raw/openfun/tw.gov.cec~txn~candidates-votes/2006/謝長廷-village-votes-page-3.json,matched,polling-station-single-village
2006,信義區,六合里,六合里,郝龍斌,2318,data/raw/openfun/tw.gov.cec~txn~candidates-votes/2006/郝龍斌-village-votes-page-4.json,matched,polling-station-single-village
2006,信義區,六合里,六合里,謝長廷,950,data/raw/openfun/tw.gov.cec~txn~candidates-votes/2006/謝長廷-village-votes-page-4.json,matched,polling-station-single-village
2006,信義區,六藝里,六藝里,郝龍斌,964,data/raw/openfun/tw.gov.cec~txn~candidates-votes/2006/郝龍斌-village-votes-page-3.json,matched,polling-station-single-village
2006,信義區,六藝里,六藝里,謝長廷,895,data/raw/openfun/tw.gov.cec~txn~candidates-votes/2006/謝長廷-village-votes-page-3.json,matched,polling-station-single-village
2006,信義區,四育里,四育里,郝龍斌,1546,data/raw/openfun/tw.gov.cec~txn~candidates-votes/2006/郝龍斌-village-votes-page-4.json,matched,polling-station-single-village
2006,信義區,四育里,四育里,謝長廷,1464,data/raw/openfun/tw.gov.cec~txn~candidates-votes/2006/謝長廷-village-votes-page-4.json,matched,polling-station-single-village
2006,信義區,四維里,四維里,郝龍斌,1640,data/raw/openfun/tw.gov.cec~txn~candidates-votes/2006/郝龍斌-village-votes-page-4.json,matched,polling-station-single-village
2006,信義區,四維里,四維里,謝長廷,1000,data/raw/openfun/tw.gov.cec~txn~candidates-votes/2006/謝長廷-village-votes-page-4.json,matched,polling-station-single-village
2006,信義區,正和里,正和里,郝龍斌,1641,data/raw/openfun/tw.gov.cec~txn~candidates-votes/2006/郝龍斌-village-votes-page-3.json,matched,polling-station-single-village
2006,信義區,正和里,正和里,謝長廷,741,data/raw/openfun/tw.gov.cec~txn~candidates-votes/2006/謝長廷-village-votes-page-3.json,matched,polling-station-single-village
2006,信義區,永吉里,永吉里,郝龍斌,901,data/raw/openfun/tw.gov.cec~txn~candidates-votes/2006/郝龍斌-village-votes-page-4.json,matched,polling-station-single-village
2006,信義區,永吉里,永吉里,謝長廷,1267,data/raw/openfun/tw.gov.cec~txn~candidates-votes/2006/謝長廷-village-votes-page-4.json,matched,polling-station-single-village
2006,信義區,永春里,永春里,郝龍斌,1377,data/raw/openfun/tw.gov.cec~txn~candidates-votes/2006/郝龍斌-village-votes-page-4.json,matched,polling-station-single-village
2006,信義區,永春里,永春里,謝長廷,1219,data/raw/openfun/tw.gov.cec~txn~candidates-votes/2006/謝長廷-village-votes-page-4.json,matched,polling-station-single-village
2006,信義區,安康里,安康里,郝龍斌,2441,data/raw/openfun/tw.gov.cec~txn~candidates-votes/2006/郝龍斌-village-votes-page-3.json,matched,polling-station-single-village
2006,信義區,安康里,安康里,謝長廷,1528,data/raw/openfun/tw.gov.cec~txn~candidates-votes/2006/謝長廷-village-votes-page-3.json,matched,polling-station-single-village
2006,信義區,西村里,西村里,郝龍斌,2048,data/raw/openfun/tw.gov.cec~txn~candidates-votes/2006/郝龍斌-village-votes-page-3.json,matched,polling-station-single-village
2006,信義區,西村里,西村里,謝長廷,457,data/raw/openfun/tw.gov.cec~txn~candidates-votes/2006/謝長廷-village-votes-page-3.json,matched,polling-station-single-village
2006,信義區,松友里,松友里,郝龍斌,2021,data/raw/openfun/tw.gov.cec~txn~candidates-votes/2006/郝龍斌-village-votes-page-4.json,matched,polling-station-single-village
2006,信義區,松友里,松友里,謝長廷,1175,data/raw/openfun/tw.gov.cec~txn~candidates-votes/2006/謝長廷-village-votes-page-4.json,matched,polling-station-single-village
2006,信義區,松光里,松光里,郝龍斌,1474,data/raw/openfun/tw.gov.cec~txn~candidates-votes/2006/郝龍斌-village-votes-page-4.json,matched,polling-station-single-village
2006,信義區,松光里,松光里,謝長廷,1203,data/raw/openfun/tw.gov.cec~txn~candidates-votes/2006/謝長廷-village-votes-page-4.json,matched,polling-station-single-village
2006,信義區,松隆里,松隆里,郝龍斌,691,data/raw/openfun/tw.gov.cec~txn~candidates-votes/2006/郝龍斌-village-votes-page-4.json,matched,polling-station-single-village
2006,信義區,松隆里,松隆里,謝長廷,469,data/raw/openfun/tw.gov.cec~txn~candidates-votes/2006/謝長廷-village-votes-page-4.json,matched,polling-station-single-village
2006,信義區,長春里,長春里,郝龍斌,1086,data/raw/openfun/tw.gov.cec~txn~candidates-votes/2006/郝龍斌-village-votes-page-4.json,matched,polling-station-single-village
2006,信義區,長春里,長春里,謝長廷,1119,data/raw/openfun/tw.gov.cec~txn~candidates-votes/2006/謝長廷-village-votes-page-4.json,matched,polling-station-single-village
2006,信義區,泰和里,泰和里,郝龍斌,2422,data/raw/openfun/tw.gov.cec~txn~candidates-votes/2006/郝龍斌-village-votes-page-4.json,matched,polling-station-single-village
2006,信義區,泰和里,泰和里,謝長廷,1500,data/raw/openfun/tw.gov.cec~txn~candidates-votes/2006/謝長廷-village-votes-page-4.json,matched,polling-station-single-village
2006,信義區,國業里,國業里,郝龍斌,2231,data/raw/openfun/tw.gov.cec~txn~candidates-votes/2006/郝龍斌-village-votes-page-4.json,matched,polling-station-single-village
2006,信義區,國業里,國業里,謝長廷,1385,data/raw/openfun/tw.gov.cec~txn~candidates-votes/2006/謝長廷-village-votes-page-4.json,matched,polling-station-single-village
2006,信義區,富台里,富台里,郝龍斌,1466,data/raw/openfun/tw.gov.cec~txn~candidates-votes/2006/郝龍斌-village-votes-page-4.json,matched,polling-station-single-village
2006,信義區,富台里,富台里,謝長廷,535,data/raw/openfun/tw.gov.cec~txn~candidates-votes/2006/謝長廷-village-votes-page-4.json,matched,polling-station-single-village
2006,信義區,惠安里,惠安里,郝龍斌,2272,data/raw/openfun/tw.gov.cec~txn~candidates-votes/2006/郝龍斌-village-votes-page-4.json,matched,polling-station-single-village
2006,信義區,惠安里,惠安里,謝長廷,1185,data/raw/openfun/tw.gov.cec~txn~candidates-votes/2006/謝長廷-village-votes-page-4.json,matched,polling-station-single-village
2006,信義區,敦厚里,敦厚里,郝龍斌,1430,data/raw/openfun/tw.gov.cec~txn~candidates-votes/2006/郝龍斌-village-votes-page-3.json,matched,polling-station-single-village
2006,信義區,敦厚里,敦厚里,謝長廷,920,data/raw/openfun/tw.gov.cec~txn~candidates-votes/2006/謝長廷-village-votes-page-3.json,matched,polling-station-single-village
2006,信義區,景勤里,景勤里,郝龍斌,1477,data/raw/openfun/tw.gov.cec~txn~candidates-votes/2006/郝龍斌-village-votes-page-4.json,matched,polling-station-single-village
2006,信義區,景勤里,景勤里,謝長廷,790,data/raw/openfun/tw.gov.cec~txn~candidates-votes/2006/謝長廷-village-votes-page-4.json,matched,polling-station-single-village
2006,信義區,景新里,景新里,郝龍斌,1729,data/raw/openfun/tw.gov.cec~txn~candidates-votes/2006/郝龍斌-village-votes-page-4.json,matched,polling-station-single-village
2006,信義區,景新里,景新里,謝長廷,805,data/raw/openfun/tw.gov.cec~txn~candidates-votes/2006/謝長廷-village-votes-page-4.json,matched,polling-station-single-village
2006,信義區,景聯里,景聯里,郝龍斌,1482,data/raw/openfun/tw.gov.cec~txn~candidates-votes/2006/郝龍斌-village-votes-page-4.json,matched,polling-station-single-village
2006,信義區,景聯里,景聯里,謝長廷,914,data/raw/openfun/tw.gov.cec~txn~candidates-votes/2006/謝長廷-village-votes-page-4.json,matched,polling-station-single-village
2006,信義區,雅祥里,雅祥里,郝龍斌,1309,data/raw/openfun/tw.gov.cec~txn~candidates-votes/2006/郝龍斌-village-votes-page-3.json,matched,polling-station-single-village
2006,信義區,雅祥里,雅祥里,謝長廷,1131,data/raw/openfun/tw.gov.cec~txn~candidates-votes/2006/謝長廷-village-votes-page-3.json,matched,polling-station-single-village
2006,信義區,新仁里,新仁里,郝龍斌,1232,data/raw/openfun/tw.gov.cec~txn~candidates-votes/2006/郝龍斌-village-votes-page-3.json,matched,polling-station-single-village
2006,信義區,新仁里,新仁里,謝長廷,525,data/raw/openfun/tw.gov.cec~txn~candidates-votes/2006/謝長廷-village-votes-page-3.json,matched,polling-station-single-village
2006,信義區,嘉興里,嘉興里,郝龍斌,974,data/raw/openfun/tw.gov.cec~txn~candidates-votes/2006/郝龍斌-village-votes-page-4.json,matched,polling-station-single-village
2006,信義區,嘉興里,嘉興里,謝長廷,689,data/raw/openfun/tw.gov.cec~txn~candidates-votes/2006/謝長廷-village-votes-page-4.json,matched,polling-station-single-village
2006,信義區,廣居里,廣居里,郝龍斌,2392,data/raw/openfun/tw.gov.cec~txn~candidates-votes/2006/郝龍斌-village-votes-page-3.json,matched,polling-station-single-village
2006,信義區,廣居里,廣居里,謝長廷,1335,data/raw/openfun/tw.gov.cec~txn~candidates-votes/2006/謝長廷-village-votes-page-3.json,matched,polling-station-single-village
2006,信義區,黎平里,黎平里,郝龍斌,2187,data/raw/openfun/tw.gov.cec~txn~candidates-votes/2006/郝龍斌-village-votes-page-4.json,matched,polling-station-single-village
2006,信義區,黎平里,黎平里,謝長廷,1316,data/raw/openfun/tw.gov.cec~txn~candidates-votes/2006/謝長廷-village-votes-page-4.json,matched,polling-station-single-village
2006,信義區,黎安里,黎安里,郝龍斌,1008,data/raw/openfun/tw.gov.cec~txn~candidates-votes/2006/郝龍斌-village-votes-page-4.json,matched,polling-station-single-village
2006,信義區,黎安里,黎安里,謝長廷,292,data/raw/openfun/tw.gov.cec~txn~candidates-votes/2006/謝長廷-village-votes-page-4.json,matched,polling-station-single-village
2006,信義區,黎忠里,黎忠里,郝龍斌,1512,data/raw/openfun/tw.gov.cec~txn~candidates-votes/2006/郝龍斌-village-votes-page-4.json,matched,polling-station-single-village
2006,信義區,黎忠里,黎忠里,謝長廷,983,data/raw/openfun/tw.gov.cec~txn~candidates-votes/2006/謝長廷-village-votes-page-4.json,matched,polling-station-single-village
2006,信義區,黎順里,黎順里,郝龍斌,1401,data/raw/openfun/tw.gov.cec~txn~candidates-votes/2006/郝龍斌-village-votes-page-4.json,matched,polling-station-single-village
2006,信義區,黎順里,黎順里,謝長廷,741,data/raw/openfun/tw.gov.cec~txn~candidates-votes/2006/謝長廷-village-votes-page-4.json,matched,polling-station-single-village
2006,信義區,興隆里,興隆里,郝龍斌,935,data/raw/openfun/tw.gov.cec~txn~candidates-votes/2006/郝龍斌-village-votes-page-3.json,matched,polling-station-single-village
2006,信義區,興隆里,興隆里,謝長廷,476,data/raw/openfun/tw.gov.cec~txn~candidates-votes/2006/謝長廷-village-votes-page-3.json,matched,polling-station-single-village
2006,信義區,興雅里,興雅里,郝龍斌,1831,data/raw/openfun/tw.gov.cec~txn~candidates-votes/2006/郝龍斌-village-votes-page-3.json,matched,polling-station-single-village
2006,信義區,興雅里,興雅里,謝長廷,1213,data/raw/openfun/tw.gov.cec~txn~candidates-votes/2006/謝長廷-village-votes-page-3.json,matched,polling-station-single-village
2006,信義區,雙和里,雙和里,郝龍斌,2359,data/raw/openfun/tw.gov.cec~txn~candidates-votes/2006/郝龍斌-village-votes-page-4.json,matched,polling-station-single-village
2006,信義區,雙和里,雙和里,謝長廷,1269,data/raw/openfun/tw.gov.cec~txn~candidates-votes/2006/謝長廷-village-votes-page-4.json,matched,polling-station-single-village
2006,南港區,九如里,九如里,郝龍斌,2035,data/raw/openfun/tw.gov.cec~txn~candidates-votes/2006/郝龍斌-village-votes-page-3.json,matched,polling-station-single-village
2006,南港區,九如里,九如里,謝長廷,1102,data/raw/openfun/tw.gov.cec~txn~candidates-votes/2006/謝長廷-village-votes-page-3.json,matched,polling-station-single-village
2006,南港區,三重里,三重里,郝龍斌,819,data/raw/openfun/tw.gov.cec~txn~candidates-votes/2006/郝龍斌-village-votes-page-3.json,matched,polling-station-single-village
2006,南港區,三重里,三重里,謝長廷,761,data/raw/openfun/tw.gov.cec~txn~candidates-votes/2006/謝長廷-village-votes-page-3.json,matched,polling-station-single-village
2006,南港區,中南里,中南里,郝龍斌,897,data/raw/openfun/tw.gov.cec~txn~candidates-votes/2006/郝龍斌-village-votes-page-3.json,matched,polling-station-single-village
2006,南港區,中南里,中南里,謝長廷,1010,data/raw/openfun/tw.gov.cec~txn~candidates-votes/2006/謝長廷-village-votes-page-3.json,matched,polling-station-single-village
2006,南港區,中研里,中研里,郝龍斌,2654,data/raw/openfun/tw.gov.cec~txn~candidates-votes/2006/郝龍斌-village-votes-page-3.json,matched,polling-station-single-village
2006,南港區,中研里,中研里,謝長廷,1823,data/raw/openfun/tw.gov.cec~txn~candidates-votes/2006/謝長廷-village-votes-page-3.json,matched,polling-station-single-village
2006,南港區,仁福里,仁福里,郝龍斌,1786,data/raw/openfun/tw.gov.cec~txn~candidates-votes/2006/郝龍斌-village-votes-page-3.json,matched,polling-station-single-village
2006,南港區,仁福里,仁福里,謝長廷,861,data/raw/openfun/tw.gov.cec~txn~candidates-votes/2006/謝長廷-village-votes-page-3.json,matched,polling-station-single-village
2006,南港區,玉成里,玉成里,郝龍斌,1177,data/raw/openfun/tw.gov.cec~txn~candidates-votes/2006/郝龍斌-village-votes-page-3.json,matched,polling-station-single-village
2006,南港區,玉成里,玉成里,謝長廷,1180,data/raw/openfun/tw.gov.cec~txn~candidates-votes/2006/謝長廷-village-votes-page-3.json,matched,polling-station-single-village
2006,南港區,合成里,合成里,郝龍斌,1872,data/raw/openfun/tw.gov.cec~txn~candidates-votes/2006/郝龍斌-village-votes-page-3.json,matched,polling-station-single-village
2006,南港區,合成里,合成里,謝長廷,1521,data/raw/openfun/tw.gov.cec~txn~candidates-votes/2006/謝長廷-village-votes-page-3.json,matched,polling-station-single-village
2006,南港區,成福里,成福里,郝龍斌,2117,data/raw/openfun/tw.gov.cec~txn~candidates-votes/2006/郝龍斌-village-votes-page-3.json,matched,polling-station-single-village
2006,南港區,成福里,成福里,謝長廷,1257,data/raw/openfun/tw.gov.cec~txn~candidates-votes/2006/謝長廷-village-votes-page-3.json,matched,polling-station-single-village
2006,南港區,百福里,百福里,郝龍斌,1384,data/raw/openfun/tw.gov.cec~txn~candidates-votes/2006/郝龍斌-village-votes-page-3.json,matched,polling-station-single-village
2006,南港區,百福里,百福里,謝長廷,1074,data/raw/openfun/tw.gov.cec~txn~candidates-votes/2006/謝長廷-village-votes-page-3.json,matched,polling-station-single-village
2006,南港區,西新里,西新里,郝龍斌,946,data/raw/openfun/tw.gov.cec~txn~candidates-votes/2006/郝龍斌-village-votes-page-3.json,matched,polling-station-single-village
2006,南港區,西新里,西新里,謝長廷,1228,data/raw/openfun/tw.gov.cec~txn~candidates-votes/2006/謝長廷-village-votes-page-3.json,matched,polling-station-single-village
2006,南港區,東明里,東明里,郝龍斌,1438,data/raw/openfun/tw.gov.cec~txn~candidates-votes/2006/郝龍斌-village-votes-page-3.json,matched,polling-station-single-village
2006,南港區,東明里,東明里,謝長廷,909,data/raw/openfun/tw.gov.cec~txn~candidates-votes/2006/謝長廷-village-votes-page-3.json,matched,polling-station-single-village
2006,南港區,東新里,東新里,郝龍斌,2443,data/raw/openfun/tw.gov.cec~txn~candidates-votes/2006/郝龍斌-village-votes-page-3.json,matched,polling-station-single-village
2006,南港區,東新里,東新里,謝長廷,1790,data/raw/openfun/tw.gov.cec~txn~candidates-votes/2006/謝長廷-village-votes-page-3.json,matched,polling-station-single-village
2006,南港區,南港里,南港里,郝龍斌,1561,data/raw/openfun/tw.gov.cec~txn~candidates-votes/2006/郝龍斌-village-votes-page-3.json,matched,polling-station-single-village
2006,南港區,南港里,南港里,謝長廷,1341,data/raw/openfun/tw.gov.cec~txn~candidates-votes/2006/謝長廷-village-votes-page-3.json,matched,polling-station-single-village
2006,南港區,新光里,新光里,郝龍斌,1216,data/raw/openfun/tw.gov.cec~txn~candidates-votes/2006/郝龍斌-village-votes-page-3.json,matched,polling-station-single-village
2006,南港區,新光里,新光里,謝長廷,756,data/raw/openfun/tw.gov.cec~txn~candidates-votes/2006/謝長廷-village-votes-page-3.json,matched,polling-station-single-village
2006,南港區,新富里,新富里,郝龍斌,971,data/raw/openfun/tw.gov.cec~txn~candidates-votes/2006/郝龍斌-village-votes-page-3.json,matched,polling-station-single-village
2006,南港區,新富里,新富里,謝長廷,982,data/raw/openfun/tw.gov.cec~txn~candidates-votes/2006/謝長廷-village-votes-page-3.json,matched,polling-station-single-village
2006,南港區,萬福里,萬福里,郝龍斌,1369,data/raw/openfun/tw.gov.cec~txn~candidates-votes/2006/郝龍斌-village-votes-page-3.json,matched,polling-station-single-village
2006,南港區,萬福里,萬福里,謝長廷,805,data/raw/openfun/tw.gov.cec~txn~candidates-votes/2006/謝長廷-village-votes-page-3.json,matched,polling-station-single-village
2006,南港區,聯成里,聯成里,郝龍斌,1651,data/raw/openfun/tw.gov.cec~txn~candidates-votes/2006/郝龍斌-village-votes-page-3.json,matched,polling-station-single-village
2006,南港區,聯成里,聯成里,謝長廷,1076,data/raw/openfun/tw.gov.cec~txn~candidates-votes/2006/謝長廷-village-votes-page-3.json,matched,polling-station-single-village
2006,南港區,鴻福里,鴻福里,郝龍斌,1317,data/raw/openfun/tw.gov.cec~txn~candidates-votes/2006/郝龍斌-village-votes-page-3.json,matched,polling-station-single-village
2006,南港區,鴻福里,鴻福里,謝長廷,1024,data/raw/openfun/tw.gov.cec~txn~candidates-votes/2006/謝長廷-village-votes-page-3.json,matched,polling-station-single-village
2006,南港區,舊莊里,舊莊里,郝龍斌,2234,data/raw/openfun/tw.gov.cec~txn~candidates-votes/2006/郝龍斌-village-votes-page-3.json,matched,polling-station-single-village
2006,南港區,舊莊里,舊莊里,謝長廷,1865,data/raw/openfun/tw.gov.cec~txn~candidates-votes/2006/謝長廷-village-votes-page-3.json,matched,polling-station-single-village
2006,萬華區,仁德里,仁德里,郝龍斌,1135,data/raw/openfun/tw.gov.cec~txn~candidates-votes/2006/郝龍斌-village-votes-page-5.json,matched,polling-station-single-village
2006,萬華區,仁德里,仁德里,謝長廷,1167,data/raw/openfun/tw.gov.cec~txn~candidates-votes/2006/謝長廷-village-votes-page-5.json,matched,polling-station-single-village
2006,萬華區,日祥里,日祥里,郝龍斌,1524,data/raw/openfun/tw.gov.cec~txn~candidates-votes/2006/郝龍斌-village-votes-page-6.json,matched,polling-station-single-village
2006,萬華區,日祥里,日祥里,謝長廷,942,data/raw/openfun/tw.gov.cec~txn~candidates-votes/2006/謝長廷-village-votes-page-6.json,matched,polling-station-single-village
2006,萬華區,日善里,日善里,郝龍斌,955,data/raw/openfun/tw.gov.cec~txn~candidates-votes/2006/郝龍斌-village-votes-page-6.json,matched,polling-station-single-village
2006,萬華區,日善里,日善里,謝長廷,1053,data/raw/openfun/tw.gov.cec~txn~candidates-votes/2006/謝長廷-village-votes-page-6.json,matched,polling-station-single-village
2006,萬華區,全德里,全德里,郝龍斌,1065,data/raw/openfun/tw.gov.cec~txn~candidates-votes/2006/郝龍斌-village-votes-page-6.json,matched,polling-station-single-village
2006,萬華區,全德里,全德里,謝長廷,1084,data/raw/openfun/tw.gov.cec~txn~candidates-votes/2006/謝長廷-village-votes-page-6.json,matched,polling-station-single-village
2006,萬華區,西門里,西門里,郝龍斌,970,data/raw/openfun/tw.gov.cec~txn~candidates-votes/2006/郝龍斌-village-votes-page-5.json,matched,polling-station-single-village
2006,萬華區,西門里,西門里,謝長廷,677,data/raw/openfun/tw.gov.cec~txn~candidates-votes/2006/謝長廷-village-votes-page-5.json,matched,polling-station-single-village
2006,萬華區,孝德里,孝德里,郝龍斌,676,data/raw/openfun/tw.gov.cec~txn~candidates-votes/2006/郝龍斌-village-votes-page-6.json,matched,polling-station-single-village
2006,萬華區,孝德里,孝德里,謝長廷,1055,data/raw/openfun/tw.gov.cec~txn~candidates-votes/2006/謝長廷-village-votes-page-6.json,matched,polling-station-single-village
2006,萬華區,和平里,和平里,郝龍斌,1549,data/raw/openfun/tw.gov.cec~txn~candidates-votes/2006/郝龍斌-village-votes-page-6.json,matched,polling-station-single-village
2006,萬華區,和平里,和平里,謝長廷,2250,data/raw/openfun/tw.gov.cec~txn~candidates-votes/2006/謝長廷-village-votes-page-6.json,matched,polling-station-single-village
2006,萬華區,和德里,和德里,郝龍斌,1390,data/raw/openfun/tw.gov.cec~txn~candidates-votes/2006/郝龍斌-village-votes-page-6.json,matched,polling-station-single-village
2006,萬華區,和德里,和德里,謝長廷,2006,data/raw/openfun/tw.gov.cec~txn~candidates-votes/2006/謝長廷-village-votes-page-6.json,matched,polling-station-single-village
2006,萬華區,忠貞里,忠貞里,郝龍斌,1953,data/raw/openfun/tw.gov.cec~txn~candidates-votes/2006/郝龍斌-village-votes-page-6.json,matched,polling-station-single-village
2006,萬華區,忠貞里,忠貞里,謝長廷,750,data/raw/openfun/tw.gov.cec~txn~candidates-votes/2006/謝長廷-village-votes-page-6.json,matched,polling-station-single-village
2006,萬華區,忠德里,忠德里,郝龍斌,1063,data/raw/openfun/tw.gov.cec~txn~candidates-votes/2006/郝龍斌-village-votes-page-6.json,matched,polling-station-single-village
2006,萬華區,忠德里,忠德里,謝長廷,1366,data/raw/openfun/tw.gov.cec~txn~candidates-votes/2006/謝長廷-village-votes-page-6.json,matched,polling-station-single-village
2006,萬華區,青山里,青山里,郝龍斌,1197,data/raw/openfun/tw.gov.cec~txn~candidates-votes/2006/郝龍斌-village-votes-page-5.json,matched,polling-station-single-village
2006,萬華區,青山里,青山里,謝長廷,1528,data/raw/openfun/tw.gov.cec~txn~candidates-votes/2006/謝長廷-village-votes-page-5.json,matched,polling-station-single-village
2006,萬華區,保德里,保德里,郝龍斌,754,data/raw/openfun/tw.gov.cec~txn~candidates-votes/2006/郝龍斌-village-votes-page-6.json,matched,polling-station-single-village
2006,萬華區,保德里,保德里,謝長廷,852,data/raw/openfun/tw.gov.cec~txn~candidates-votes/2006/謝長廷-village-votes-page-6.json,matched,polling-station-single-village
2006,萬華區,柳鄉里,柳鄉里,郝龍斌,1076,data/raw/openfun/tw.gov.cec~txn~candidates-votes/2006/郝龍斌-village-votes-page-5.json,matched,polling-station-single-village
2006,萬華區,柳鄉里,柳鄉里,謝長廷,1665,data/raw/openfun/tw.gov.cec~txn~candidates-votes/2006/謝長廷-village-votes-page-5.json,matched,polling-station-single-village
2006,萬華區,凌霄里,凌霄里,郝龍斌,1380,data/raw/openfun/tw.gov.cec~txn~candidates-votes/2006/郝龍斌-village-votes-page-6.json,matched,polling-station-single-village
2006,萬華區,凌霄里,凌霄里,謝長廷,640,data/raw/openfun/tw.gov.cec~txn~candidates-votes/2006/謝長廷-village-votes-page-6.json,matched,polling-station-single-village
2006,萬華區,頂碩里,頂碩里,郝龍斌,1720,data/raw/openfun/tw.gov.cec~txn~candidates-votes/2006/郝龍斌-village-votes-page-5.json;data/raw/openfun/tw.gov.cec~txn~candidates-votes/2006/郝龍斌-village-votes-page-6.json,matched,polling-station-single-village
2006,萬華區,頂碩里,頂碩里,謝長廷,2524,data/raw/openfun/tw.gov.cec~txn~candidates-votes/2006/謝長廷-village-votes-page-5.json;data/raw/openfun/tw.gov.cec~txn~candidates-votes/2006/謝長廷-village-votes-page-6.json,matched,polling-station-single-village
2006,萬華區,富民里,富民里,郝龍斌,1085,data/raw/openfun/tw.gov.cec~txn~candidates-votes/2006/郝龍斌-village-votes-page-5.json,matched,polling-station-single-village
2006,萬華區,富民里,富民里,謝長廷,1653,data/raw/openfun/tw.gov.cec~txn~candidates-votes/2006/謝長廷-village-votes-page-5.json,matched,polling-station-single-village
2006,萬華區,富福里,富福里,郝龍斌,1080,data/raw/openfun/tw.gov.cec~txn~candidates-votes/2006/郝龍斌-village-votes-page-5.json,matched,polling-station-single-village
2006,萬華區,富福里,富福里,謝長廷,1408,data/raw/openfun/tw.gov.cec~txn~candidates-votes/2006/謝長廷-village-votes-page-5.json,matched,polling-station-single-village
2006,萬華區,菜園里,菜園里,郝龍斌,1315,data/raw/openfun/tw.gov.cec~txn~candidates-votes/2006/郝龍斌-village-votes-page-5.json,matched,polling-station-single-village
2006,萬華區,菜園里,菜園里,謝長廷,1589,data/raw/openfun/tw.gov.cec~txn~candidates-votes/2006/謝長廷-village-votes-page-5.json,matched,polling-station-single-village
2006,萬華區,華中里,華中里,郝龍斌,1525,data/raw/openfun/tw.gov.cec~txn~candidates-votes/2006/郝龍斌-village-votes-page-6.json,matched,polling-station-single-village
2006,萬華區,華中里,華中里,謝長廷,1751,data/raw/openfun/tw.gov.cec~txn~candidates-votes/2006/謝長廷-village-votes-page-6.json,matched,polling-station-single-village
2006,萬華區,華江里,華江里,郝龍斌,2021,data/raw/openfun/tw.gov.cec~txn~candidates-votes/2006/郝龍斌-village-votes-page-5.json,matched,polling-station-single-village
2006,萬華區,華江里,華江里,謝長廷,2332,data/raw/openfun/tw.gov.cec~txn~candidates-votes/2006/謝長廷-village-votes-page-5.json,matched,polling-station-single-village
2006,萬華區,新安里,新安里,郝龍斌,2070,data/raw/openfun/tw.gov.cec~txn~candidates-votes/2006/郝龍斌-village-votes-page-6.json,matched,polling-station-single-village
2006,萬華區,新安里,新安里,謝長廷,1153,data/raw/openfun/tw.gov.cec~txn~candidates-votes/2006/謝長廷-village-votes-page-6.json,matched,polling-station-single-village
2006,萬華區,新和里,新和里,郝龍斌,3684,data/raw/openfun/tw.gov.cec~txn~candidates-votes/2006/郝龍斌-village-votes-page-6.json,matched,polling-station-single-village
2006,萬華區,新和里,新和里,謝長廷,977,data/raw/openfun/tw.gov.cec~txn~candidates-votes/2006/謝長廷-village-votes-page-6.json,matched,polling-station-single-village
2006,萬華區,新忠里,新忠里,郝龍斌,1666,data/raw/openfun/tw.gov.cec~txn~candidates-votes/2006/郝龍斌-village-votes-page-6.json,matched,polling-station-single-village
2006,萬華區,新忠里,新忠里,謝長廷,349,data/raw/openfun/tw.gov.cec~txn~candidates-votes/2006/謝長廷-village-votes-page-6.json,matched,polling-station-single-village
2006,萬華區,新起里,新起里,郝龍斌,1594,data/raw/openfun/tw.gov.cec~txn~candidates-votes/2006/郝龍斌-village-votes-page-5.json,matched,polling-station-single-village
2006,萬華區,新起里,新起里,謝長廷,1580,data/raw/openfun/tw.gov.cec~txn~candidates-votes/2006/謝長廷-village-votes-page-5.json,matched,polling-station-single-village
2006,萬華區,萬壽里,萬壽里,郝龍斌,826,data/raw/openfun/tw.gov.cec~txn~candidates-votes/2006/郝龍斌-village-votes-page-5.json,matched,polling-station-single-village
2006,萬華區,萬壽里,萬壽里,謝長廷,684,data/raw/openfun/tw.gov.cec~txn~candidates-votes/2006/謝長廷-village-votes-page-5.json,matched,polling-station-single-village
2006,萬華區,壽德里,壽德里,郝龍斌,1368,data/raw/openfun/tw.gov.cec~txn~candidates-votes/2006/郝龍斌-village-votes-page-6.json,matched,polling-station-single-village
2006,萬華區,壽德里,壽德里,謝長廷,1366,data/raw/openfun/tw.gov.cec~txn~candidates-votes/2006/謝長廷-village-votes-page-6.json,matched,polling-station-single-village
2006,萬華區,榮德里,榮德里,郝龍斌,1016,data/raw/openfun/tw.gov.cec~txn~candidates-votes/2006/郝龍斌-village-votes-page-6.json,matched,polling-station-single-village
2006,萬華區,榮德里,榮德里,謝長廷,1185,data/raw/openfun/tw.gov.cec~txn~candidates-votes/2006/謝長廷-village-votes-page-6.json,matched,polling-station-single-village
2006,萬華區,福星里,福星里,郝龍斌,1328,data/raw/openfun/tw.gov.cec~txn~candidates-votes/2006/郝龍斌-village-votes-page-5.json,matched,polling-station-single-village
2006,萬華區,福星里,福星里,謝長廷,1083,data/raw/openfun/tw.gov.cec~txn~candidates-votes/2006/謝長廷-village-votes-page-5.json,matched,polling-station-single-village
2006,萬華區,福音里,福音里,郝龍斌,871,data/raw/openfun/tw.gov.cec~txn~candidates-votes/2006/郝龍斌-village-votes-page-5.json,matched,polling-station-single-village
2006,萬華區,福音里,福音里,謝長廷,1063,data/raw/openfun/tw.gov.cec~txn~candidates-votes/2006/謝長廷-village-votes-page-5.json,matched,polling-station-single-village
2006,萬華區,綠堤里,綠堤里,郝龍斌,1075,data/raw/openfun/tw.gov.cec~txn~candidates-votes/2006/郝龍斌-village-votes-page-5.json,matched,polling-station-single-village
2006,萬華區,綠堤里,綠堤里,謝長廷,1061,data/raw/openfun/tw.gov.cec~txn~candidates-votes/2006/謝長廷-village-votes-page-5.json,matched,polling-station-single-village
2006,萬華區,銘德里,銘德里,郝龍斌,1165,data/raw/openfun/tw.gov.cec~txn~candidates-votes/2006/郝龍斌-village-votes-page-6.json,matched,polling-station-single-village
2006,萬華區,銘德里,銘德里,謝長廷,1346,data/raw/openfun/tw.gov.cec~txn~candidates-votes/2006/謝長廷-village-votes-page-6.json,matched,polling-station-single-village
2006,萬華區,糖廍里,糖廍里,郝龍斌,1316,data/raw/openfun/tw.gov.cec~txn~candidates-votes/2006/郝龍斌-village-votes-page-5.json,matched,polling-station-single-village
2006,萬華區,糖廍里,糖廍里,謝長廷,1487,data/raw/openfun/tw.gov.cec~txn~candidates-votes/2006/謝長廷-village-votes-page-5.json,matched,polling-station-single-village
2006,萬華區,興德里,興德里,郝龍斌,1083,data/raw/openfun/tw.gov.cec~txn~candidates-votes/2006/郝龍斌-village-votes-page-6.json,matched,polling-station-single-village
2006,萬華區,興德里,興德里,謝長廷,1297,data/raw/openfun/tw.gov.cec~txn~candidates-votes/2006/謝長廷-village-votes-page-6.json,matched,polling-station-single-village
2006,萬華區,錦德里,錦德里,郝龍斌,1272,data/raw/openfun/tw.gov.cec~txn~candidates-votes/2006/郝龍斌-village-votes-page-6.json,matched,polling-station-single-village
2006,萬華區,錦德里,錦德里,謝長廷,1477,data/raw/openfun/tw.gov.cec~txn~candidates-votes/2006/謝長廷-village-votes-page-6.json,matched,polling-station-single-village
2006,萬華區,雙園里,雙園里,郝龍斌,989,data/raw/openfun/tw.gov.cec~txn~candidates-votes/2006/郝龍斌-village-votes-page-6.json,matched,polling-station-single-village
2006,萬華區,雙園里,雙園里,謝長廷,1392,data/raw/openfun/tw.gov.cec~txn~candidates-votes/2006/謝長廷-village-votes-page-6.json,matched,polling-station-single-village
2006,萬華區,騰雲里,騰雲里,郝龍斌,1066,data/raw/openfun/tw.gov.cec~txn~candidates-votes/2006/郝龍斌-village-votes-page-6.json,matched,polling-station-single-village
2006,萬華區,騰雲里,騰雲里,謝長廷,547,data/raw/openfun/tw.gov.cec~txn~candidates-votes/2006/謝長廷-village-votes-page-6.json,matched,polling-station-single-village
2010,士林區,三玉里,三玉里,郝龍斌,1834,data/raw/openfun/tw.gov.cec~txn~candidates-votes/2010/郝龍斌-village-votes-page-1.json,matched,polling-station-single-village
2010,士林區,三玉里,三玉里,蘇貞昌,1566,data/raw/openfun/tw.gov.cec~txn~candidates-votes/2010/蘇貞昌-village-votes-page-1.json,matched,polling-station-single-village
2010,士林區,仁勇里,仁勇里,郝龍斌,1087,data/raw/openfun/tw.gov.cec~txn~candidates-votes/2010/郝龍斌-village-votes-page-8.json,matched,polling-station-single-village
2010,士林區,仁勇里,仁勇里,蘇貞昌,1340,data/raw/openfun/tw.gov.cec~txn~candidates-votes/2010/蘇貞昌-village-votes-page-8.json,matched,polling-station-single-village
2010,士林區,公館里,公館里,郝龍斌,259,data/raw/openfun/tw.gov.cec~txn~candidates-votes/2010/郝龍斌-village-votes-page-1.json,matched,polling-station-single-village
2010,士林區,公館里,公館里,蘇貞昌,549,data/raw/openfun/tw.gov.cec~txn~candidates-votes/2010/蘇貞昌-village-votes-page-1.json,matched,polling-station-single-village
2010,士林區,天山里,天山里,郝龍斌,2265,data/raw/openfun/tw.gov.cec~txn~candidates-votes/2010/郝龍斌-village-votes-page-1.json,matched,polling-station-single-village
2010,士林區,天山里,天山里,蘇貞昌,1632,data/raw/openfun/tw.gov.cec~txn~candidates-votes/2010/蘇貞昌-village-votes-page-1.json,matched,polling-station-single-village
2010,士林區,天母里,天母里,郝龍斌,2156,data/raw/openfun/tw.gov.cec~txn~candidates-votes/2010/郝龍斌-village-votes-page-1.json,matched,polling-station-single-village
2010,士林區,天母里,天母里,蘇貞昌,1661,data/raw/openfun/tw.gov.cec~txn~candidates-votes/2010/蘇貞昌-village-votes-page-1.json,matched,polling-station-single-village
2010,士林區,天玉里,天玉里,郝龍斌,2761,data/raw/openfun/tw.gov.cec~txn~candidates-votes/2010/郝龍斌-village-votes-page-1.json,matched,polling-station-single-village
2010,士林區,天玉里,天玉里,蘇貞昌,1974,data/raw/openfun/tw.gov.cec~txn~candidates-votes/2010/蘇貞昌-village-votes-page-1.json,matched,polling-station-single-village
2010,士林區,天和里,天和里,郝龍斌,2455,data/raw/openfun/tw.gov.cec~txn~candidates-votes/2010/郝龍斌-village-votes-page-1.json,matched,polling-station-single-village
2010,士林區,天和里,天和里,蘇貞昌,1901,data/raw/openfun/tw.gov.cec~txn~candidates-votes/2010/蘇貞昌-village-votes-page-1.json,matched,polling-station-single-village
2010,士林區,天祿里,天祿里,郝龍斌,1505,data/raw/openfun/tw.gov.cec~txn~candidates-votes/2010/郝龍斌-village-votes-page-1.json,matched,polling-station-single-village
2010,士林區,天祿里,天祿里,蘇貞昌,1545,data/raw/openfun/tw.gov.cec~txn~candidates-votes/2010/蘇貞昌-village-votes-page-1.json,matched,polling-station-single-village
2010,士林區,天壽里,天壽里,郝龍斌,1541,data/raw/openfun/tw.gov.cec~txn~candidates-votes/2010/郝龍斌-village-votes-page-1.json,matched,polling-station-single-village
2010,士林區,天壽里,天壽里,蘇貞昌,1331,data/raw/openfun/tw.gov.cec~txn~candidates-votes/2010/蘇貞昌-village-votes-page-1.json,matched,polling-station-single-village
2010,士林區,天福里,天福里,郝龍斌,2006,data/raw/openfun/tw.gov.cec~txn~candidates-votes/2010/郝龍斌-village-votes-page-1.json,matched,polling-station-single-village
2010,士林區,天福里,天福里,蘇貞昌,1578,data/raw/openfun/tw.gov.cec~txn~candidates-votes/2010/蘇貞昌-village-votes-page-1.json,matched,polling-station-single-village
2010,士林區,平等里,平等里,郝龍斌,245,data/raw/openfun/tw.gov.cec~txn~candidates-votes/2010/郝龍斌-village-votes-page-1.json,matched,polling-station-single-village
2010,士林區,平等里,平等里,蘇貞昌,718,data/raw/openfun/tw.gov.cec~txn~candidates-votes/2010/蘇貞昌-village-votes-page-1.json,matched,polling-station-single-village
2010,士林區,永倫里,永倫里,郝龍斌,1672,data/raw/openfun/tw.gov.cec~txn~candidates-votes/2010/郝龍斌-village-votes-page-1.json,matched,polling-station-single-village
2010,士林區,永倫里,永倫里,蘇貞昌,2817,data/raw/openfun/tw.gov.cec~txn~candidates-votes/2010/蘇貞昌-village-votes-page-1.json,matched,polling-station-single-village
2010,士林區,永福里,永福里,郝龍斌,288,data/raw/openfun/tw.gov.cec~txn~candidates-votes/2010/郝龍斌-village-votes-page-1.json,matched,polling-station-single-village
2010,士林區,永福里,永福里,蘇貞昌,480,data/raw/openfun/tw.gov.cec~txn~candidates-votes/2010/蘇貞昌-village-votes-page-1.json,matched,polling-station-single-village
2010,士林區,名山里,名山里,郝龍斌,2446,data/raw/openfun/tw.gov.cec~txn~candidates-votes/2010/郝龍斌-village-votes-page-1.json,matched,polling-station-single-village
2010,士林區,名山里,名山里,蘇貞昌,1851,data/raw/openfun/tw.gov.cec~txn~candidates-votes/2010/蘇貞昌-village-votes-page-1.json,matched,polling-station-single-village
2010,士林區,百齡里,百齡里,郝龍斌,1893,data/raw/openfun/tw.gov.cec~txn~candidates-votes/2010/郝龍斌-village-votes-page-1.json,matched,polling-station-single-village
2010,士林區,百齡里,百齡里,蘇貞昌,2525,data/raw/openfun/tw.gov.cec~txn~candidates-votes/2010/蘇貞昌-village-votes-page-1.json,matched,polling-station-single-village
2010,士林區,岩山里,岩山里,郝龍斌,1317,data/raw/openfun/tw.gov.cec~txn~candidates-votes/2010/郝龍斌-village-votes-page-1.json,matched,polling-station-single-village
2010,士林區,岩山里,岩山里,蘇貞昌,808,data/raw/openfun/tw.gov.cec~txn~candidates-votes/2010/蘇貞昌-village-votes-page-1.json,matched,polling-station-single-village
2010,士林區,忠誠里,忠誠里,郝龍斌,2193,data/raw/openfun/tw.gov.cec~txn~candidates-votes/2010/郝龍斌-village-votes-page-1.json,matched,polling-station-single-village
2010,士林區,忠誠里,忠誠里,蘇貞昌,992,data/raw/openfun/tw.gov.cec~txn~candidates-votes/2010/蘇貞昌-village-votes-page-1.json,matched,polling-station-single-village
2010,士林區,承德里,承德里,郝龍斌,1765,data/raw/openfun/tw.gov.cec~txn~candidates-votes/2010/郝龍斌-village-votes-page-1.json,matched,polling-station-single-village
2010,士林區,承德里,承德里,蘇貞昌,1549,data/raw/openfun/tw.gov.cec~txn~candidates-votes/2010/蘇貞昌-village-votes-page-1.json,matched,polling-station-single-village
2010,士林區,明勝里,明勝里,郝龍斌,1351,data/raw/openfun/tw.gov.cec~txn~candidates-votes/2010/郝龍斌-village-votes-page-1.json,matched,polling-station-single-village
2010,士林區,明勝里,明勝里,蘇貞昌,1559,data/raw/openfun/tw.gov.cec~txn~candidates-votes/2010/蘇貞昌-village-votes-page-1.json,matched,polling-station-single-village
2010,士林區,東山里,東山里,郝龍斌,1949,data/raw/openfun/tw.gov.cec~txn~candidates-votes/2010/郝龍斌-village-votes-page-1.json,matched,polling-station-single-village
2010,士林區,東山里,東山里,蘇貞昌,1183,data/raw/openfun/tw.gov.cec~txn~candidates-votes/2010/蘇貞昌-village-votes-page-1.json,matched,polling-station-single-village
2010,士林區,社子里,社子里,郝龍斌,1443,data/raw/openfun/tw.gov.cec~txn~candidates-votes/2010/郝龍斌-village-votes-page-1.json,matched,polling-station-single-village
2010,士林區,社子里,社子里,蘇貞昌,2223,data/raw/openfun/tw.gov.cec~txn~candidates-votes/2010/蘇貞昌-village-votes-page-1.json,matched,polling-station-single-village
2010,士林區,社園里,社園里,郝龍斌,1637,data/raw/openfun/tw.gov.cec~txn~candidates-votes/2010/郝龍斌-village-votes-page-1.json,matched,polling-station-single-village
2010,士林區,社園里,社園里,蘇貞昌,2863,data/raw/openfun/tw.gov.cec~txn~candidates-votes/2010/蘇貞昌-village-votes-page-1.json,matched,polling-station-single-village
2010,士林區,社新里,社新里,郝龍斌,1929,data/raw/openfun/tw.gov.cec~txn~candidates-votes/2010/郝龍斌-village-votes-page-1.json,matched,polling-station-single-village
2010,士林區,社新里,社新里,蘇貞昌,3216,data/raw/openfun/tw.gov.cec~txn~candidates-votes/2010/蘇貞昌-village-votes-page-1.json,matched,polling-station-single-village
2010,士林區,芝山里,芝山里,郝龍斌,2405,data/raw/openfun/tw.gov.cec~txn~candidates-votes/2010/郝龍斌-village-votes-page-1.json,matched,polling-station-single-village
2010,士林區,芝山里,芝山里,蘇貞昌,1929,data/raw/openfun/tw.gov.cec~txn~candidates-votes/2010/蘇貞昌-village-votes-page-1.json,matched,polling-station-single-village
2010,士林區,前港里,前港里,郝龍斌,1190,data/raw/openfun/tw.gov.cec~txn~candidates-votes/2010/郝龍斌-village-votes-page-1.json,matched,polling-station-single-village
2010,士林區,前港里,前港里,蘇貞昌,1512,data/raw/openfun/tw.gov.cec~txn~candidates-votes/2010/蘇貞昌-village-votes-page-1.json,matched,polling-station-single-village
2010,士林區,後港里,後港里,郝龍斌,2136,data/raw/openfun/tw.gov.cec~txn~candidates-votes/2010/郝龍斌-village-votes-page-1.json;data/raw/openfun/tw.gov.cec~txn~candidates-votes/2010/郝龍斌-village-votes-page-8.json,matched,polling-station-single-village
2010,士林區,後港里,後港里,蘇貞昌,2609,data/raw/openfun/tw.gov.cec~txn~candidates-votes/2010/蘇貞昌-village-votes-page-1.json;data/raw/openfun/tw.gov.cec~txn~candidates-votes/2010/蘇貞昌-village-votes-page-8.json,matched,polling-station-single-village
2010,士林區,富光里,富光里,郝龍斌,1408,data/raw/openfun/tw.gov.cec~txn~candidates-votes/2010/郝龍斌-village-votes-page-1.json,matched,polling-station-single-village
2010,士林區,富光里,富光里,蘇貞昌,2065,data/raw/openfun/tw.gov.cec~txn~candidates-votes/2010/蘇貞昌-village-votes-page-1.json,matched,polling-station-single-village
2010,士林區,富洲里,富洲里,郝龍斌,1071,data/raw/openfun/tw.gov.cec~txn~candidates-votes/2010/郝龍斌-village-votes-page-1.json,matched,polling-station-single-village
2010,士林區,富洲里,富洲里,蘇貞昌,2593,data/raw/openfun/tw.gov.cec~txn~candidates-votes/2010/蘇貞昌-village-votes-page-1.json,matched,polling-station-single-village
2010,士林區,菁山里,菁山里,郝龍斌,407,data/raw/openfun/tw.gov.cec~txn~candidates-votes/2010/郝龍斌-village-votes-page-1.json,matched,polling-station-single-village
2010,士林區,菁山里,菁山里,蘇貞昌,562,data/raw/openfun/tw.gov.cec~txn~candidates-votes/2010/蘇貞昌-village-votes-page-1.json,matched,polling-station-single-village
2010,士林區,陽明里,陽明里,郝龍斌,928,data/raw/openfun/tw.gov.cec~txn~candidates-votes/2010/郝龍斌-village-votes-page-1.json,matched,polling-station-single-village
2010,士林區,陽明里,陽明里,蘇貞昌,933,data/raw/openfun/tw.gov.cec~txn~candidates-votes/2010/蘇貞昌-village-votes-page-1.json,matched,polling-station-single-village
2010,士林區,新安里,新安里,郝龍斌,506,data/raw/openfun/tw.gov.cec~txn~candidates-votes/2010/郝龍斌-village-votes-page-1.json,matched,polling-station-single-village
2010,士林區,新安里,新安里,蘇貞昌,734,data/raw/openfun/tw.gov.cec~txn~candidates-votes/2010/蘇貞昌-village-votes-page-1.json,matched,polling-station-single-village
2010,士林區,溪山里,溪山里,郝龍斌,388,data/raw/openfun/tw.gov.cec~txn~candidates-votes/2010/郝龍斌-village-votes-page-1.json,matched,polling-station-single-village
2010,士林區,溪山里,溪山里,蘇貞昌,607,data/raw/openfun/tw.gov.cec~txn~candidates-votes/2010/蘇貞昌-village-votes-page-1.json,matched,polling-station-single-village
2010,士林區,義信里,義信里,郝龍斌,1016,data/raw/openfun/tw.gov.cec~txn~candidates-votes/2010/郝龍斌-village-votes-page-8.json,matched,polling-station-single-village
2010,士林區,義信里,義信里,蘇貞昌,928,data/raw/openfun/tw.gov.cec~txn~candidates-votes/2010/蘇貞昌-village-votes-page-8.json,matched,polling-station-single-village
2010,士林區,聖山里,聖山里,郝龍斌,1773,data/raw/openfun/tw.gov.cec~txn~candidates-votes/2010/郝龍斌-village-votes-page-1.json,matched,polling-station-single-village
2010,士林區,聖山里,聖山里,蘇貞昌,1162,data/raw/openfun/tw.gov.cec~txn~candidates-votes/2010/蘇貞昌-village-votes-page-1.json,matched,polling-station-single-village
2010,士林區,葫東里,葫東里,郝龍斌,882,data/raw/openfun/tw.gov.cec~txn~candidates-votes/2010/郝龍斌-village-votes-page-1.json,matched,polling-station-single-village
2010,士林區,葫東里,葫東里,蘇貞昌,1424,data/raw/openfun/tw.gov.cec~txn~candidates-votes/2010/蘇貞昌-village-votes-page-1.json,matched,polling-station-single-village
2010,士林區,葫蘆里,葫蘆里,郝龍斌,2177,data/raw/openfun/tw.gov.cec~txn~candidates-votes/2010/郝龍斌-village-votes-page-1.json,matched,polling-station-single-village
2010,士林區,葫蘆里,葫蘆里,蘇貞昌,2419,data/raw/openfun/tw.gov.cec~txn~candidates-votes/2010/蘇貞昌-village-votes-page-1.json,matched,polling-station-single-village
2010,士林區,福中里,福中里,郝龍斌,1705,data/raw/openfun/tw.gov.cec~txn~candidates-votes/2010/郝龍斌-village-votes-page-1.json,matched,polling-station-single-village
2010,士林區,福中里,福中里,蘇貞昌,2265,data/raw/openfun/tw.gov.cec~txn~candidates-votes/2010/蘇貞昌-village-votes-page-1.json,matched,polling-station-single-village
2010,士林區,福安里,福安里,郝龍斌,713,data/raw/openfun/tw.gov.cec~txn~candidates-votes/2010/郝龍斌-village-votes-page-1.json,matched,polling-station-single-village
2010,士林區,福安里,福安里,蘇貞昌,2380,data/raw/openfun/tw.gov.cec~txn~candidates-votes/2010/蘇貞昌-village-votes-page-1.json,matched,polling-station-single-village
2010,士林區,福志里,福志里,郝龍斌,2629,data/raw/openfun/tw.gov.cec~txn~candidates-votes/2010/郝龍斌-village-votes-page-8.json,matched,polling-station-single-village
2010,士林區,福志里,福志里,蘇貞昌,1918,data/raw/openfun/tw.gov.cec~txn~candidates-votes/2010/蘇貞昌-village-votes-page-8.json,matched,polling-station-single-village
2010,士林區,福佳里,福佳里,郝龍斌,2250,data/raw/openfun/tw.gov.cec~txn~candidates-votes/2010/郝龍斌-village-votes-page-8.json,matched,polling-station-single-village
2010,士林區,福佳里,福佳里,蘇貞昌,2333,data/raw/openfun/tw.gov.cec~txn~candidates-votes/2010/蘇貞昌-village-votes-page-8.json,matched,polling-station-single-village
2010,士林區,福林里,福林里,郝龍斌,991,data/raw/openfun/tw.gov.cec~txn~candidates-votes/2010/郝龍斌-village-votes-page-8.json,matched,polling-station-single-village
2010,士林區,福林里,福林里,蘇貞昌,840,data/raw/openfun/tw.gov.cec~txn~candidates-votes/2010/蘇貞昌-village-votes-page-8.json,matched,polling-station-single-village
2010,士林區,福華里,福華里,郝龍斌,1829,data/raw/openfun/tw.gov.cec~txn~candidates-votes/2010/郝龍斌-village-votes-page-1.json,matched,polling-station-single-village
2010,士林區,福華里,福華里,蘇貞昌,2031,data/raw/openfun/tw.gov.cec~txn~candidates-votes/2010/蘇貞昌-village-votes-page-1.json,matched,polling-station-single-village
2010,士林區,福順里,福順里,郝龍斌,1179,data/raw/openfun/tw.gov.cec~txn~candidates-votes/2010/郝龍斌-village-votes-page-1.json,matched,polling-station-single-village
2010,士林區,福順里,福順里,蘇貞昌,1861,data/raw/openfun/tw.gov.cec~txn~candidates-votes/2010/蘇貞昌-village-votes-page-1.json,matched,polling-station-single-village
2010,士林區,福德里,福德里,郝龍斌,1394,data/raw/openfun/tw.gov.cec~txn~candidates-votes/2010/郝龍斌-village-votes-page-8.json,matched,polling-station-single-village
2010,士林區,福德里,福德里,蘇貞昌,1269,data/raw/openfun/tw.gov.cec~txn~candidates-votes/2010/蘇貞昌-village-votes-page-8.json,matched,polling-station-single-village
2010,士林區,翠山里,翠山里,郝龍斌,1233,data/raw/openfun/tw.gov.cec~txn~candidates-votes/2010/郝龍斌-village-votes-page-1.json,matched,polling-station-single-village
2010,士林區,翠山里,翠山里,蘇貞昌,381,data/raw/openfun/tw.gov.cec~txn~candidates-votes/2010/蘇貞昌-village-votes-page-1.json,matched,polling-station-single-village
2010,士林區,德行里,德行里,郝龍斌,1312,data/raw/openfun/tw.gov.cec~txn~candidates-votes/2010/郝龍斌-village-votes-page-1.json,matched,polling-station-single-village
2010,士林區,德行里,德行里,蘇貞昌,1239,data/raw/openfun/tw.gov.cec~txn~candidates-votes/2010/蘇貞昌-village-votes-page-1.json,matched,polling-station-single-village
2010,士林區,德華里,德華里,郝龍斌,1592,data/raw/openfun/tw.gov.cec~txn~candidates-votes/2010/郝龍斌-village-votes-page-1.json,matched,polling-station-single-village
2010,士林區,德華里,德華里,蘇貞昌,1741,data/raw/openfun/tw.gov.cec~txn~candidates-votes/2010/蘇貞昌-village-votes-page-1.json,matched,polling-station-single-village
2010,士林區,臨溪里,臨溪里,郝龍斌,992,data/raw/openfun/tw.gov.cec~txn~candidates-votes/2010/郝龍斌-village-votes-page-1.json,matched,polling-station-single-village
2010,士林區,臨溪里,臨溪里,蘇貞昌,750,data/raw/openfun/tw.gov.cec~txn~candidates-votes/2010/蘇貞昌-village-votes-page-1.json,matched,polling-station-single-village
2010,士林區,舊佳里,舊佳里,郝龍斌,1735,data/raw/openfun/tw.gov.cec~txn~candidates-votes/2010/郝龍斌-village-votes-page-8.json,matched,polling-station-single-village
2010,士林區,舊佳里,舊佳里,蘇貞昌,1823,data/raw/openfun/tw.gov.cec~txn~candidates-votes/2010/蘇貞昌-village-votes-page-8.json,matched,polling-station-single-village
2010,士林區,蘭雅里,蘭雅里,郝龍斌,2675,data/raw/openfun/tw.gov.cec~txn~candidates-votes/2010/郝龍斌-village-votes-page-1.json,matched,polling-station-single-village
2010,士林區,蘭雅里,蘭雅里,蘇貞昌,2319,data/raw/openfun/tw.gov.cec~txn~candidates-votes/2010/蘇貞昌-village-votes-page-1.json,matched,polling-station-single-village
2010,士林區,蘭興里,蘭興里,郝龍斌,1974,data/raw/openfun/tw.gov.cec~txn~candidates-votes/2010/郝龍斌-village-votes-page-1.json,matched,polling-station-single-village
2010,士林區,蘭興里,蘭興里,蘇貞昌,1828,data/raw/openfun/tw.gov.cec~txn~candidates-votes/2010/蘇貞昌-village-votes-page-1.json,matched,polling-station-single-village
2010,大同區,大有里,大有里,郝龍斌,1212,data/raw/openfun/tw.gov.cec~txn~candidates-votes/2010/郝龍斌-village-votes-page-4.json,matched,polling-station-single-village
2010,大同區,大有里,大有里,蘇貞昌,1762,data/raw/openfun/tw.gov.cec~txn~candidates-votes/2010/蘇貞昌-village-votes-page-4.json,matched,polling-station-single-village
2010,大同區,民權里,民權里,郝龍斌,1579,data/raw/openfun/tw.gov.cec~txn~candidates-votes/2010/郝龍斌-village-votes-page-4.json,matched,polling-station-single-village
2010,大同區,民權里,民權里,蘇貞昌,1766,data/raw/openfun/tw.gov.cec~txn~candidates-votes/2010/蘇貞昌-village-votes-page-4.json,matched,polling-station-single-village
2010,大同區,永樂里,永樂里,郝龍斌,1311,data/raw/openfun/tw.gov.cec~txn~candidates-votes/2010/郝龍斌-village-votes-page-4.json,matched,polling-station-single-village
2010,大同區,永樂里,永樂里,蘇貞昌,1817,data/raw/openfun/tw.gov.cec~txn~candidates-votes/2010/蘇貞昌-village-votes-page-4.json,matched,polling-station-single-village
2010,大同區,玉泉里,玉泉里,郝龍斌,811,data/raw/openfun/tw.gov.cec~txn~candidates-votes/2010/郝龍斌-village-votes-page-4.json,matched,polling-station-single-village
2010,大同區,玉泉里,玉泉里,蘇貞昌,891,data/raw/openfun/tw.gov.cec~txn~candidates-votes/2010/蘇貞昌-village-votes-page-4.json,matched,polling-station-single-village
2010,大同區,光能里,光能里,郝龍斌,1279,data/raw/openfun/tw.gov.cec~txn~candidates-votes/2010/郝龍斌-village-votes-page-4.json,matched,polling-station-single-village
2010,大同區,光能里,光能里,蘇貞昌,1811,data/raw/openfun/tw.gov.cec~txn~candidates-votes/2010/蘇貞昌-village-votes-page-4.json,matched,polling-station-single-village
2010,大同區,老師里,老師里,郝龍斌,1358,data/raw/openfun/tw.gov.cec~txn~candidates-votes/2010/郝龍斌-village-votes-page-4.json;data/raw/openfun/tw.gov.cec~txn~candidates-votes/2010/郝龍斌-village-votes-page-5.json,matched,polling-station-single-village
2010,大同區,老師里,老師里,蘇貞昌,2083,data/raw/openfun/tw.gov.cec~txn~candidates-votes/2010/蘇貞昌-village-votes-page-4.json;data/raw/openfun/tw.gov.cec~txn~candidates-votes/2010/蘇貞昌-village-votes-page-5.json,matched,polling-station-single-village
2010,大同區,至聖里,至聖里,郝龍斌,1813,data/raw/openfun/tw.gov.cec~txn~candidates-votes/2010/郝龍斌-village-votes-page-4.json,matched,polling-station-single-village
2010,大同區,至聖里,至聖里,蘇貞昌,2622,data/raw/openfun/tw.gov.cec~txn~candidates-votes/2010/蘇貞昌-village-votes-page-4.json,matched,polling-station-single-village
2010,大同區,延平里,延平里,郝龍斌,1045,data/raw/openfun/tw.gov.cec~txn~candidates-votes/2010/郝龍斌-village-votes-page-4.json,matched,polling-station-single-village
2010,大同區,延平里,延平里,蘇貞昌,1178,data/raw/openfun/tw.gov.cec~txn~candidates-votes/2010/蘇貞昌-village-votes-page-4.json,matched,polling-station-single-village
2010,大同區,保安里,保安里,郝龍斌,1012,data/raw/openfun/tw.gov.cec~txn~candidates-votes/2010/郝龍斌-village-votes-page-5.json,matched,polling-station-single-village
2010,大同區,保安里,保安里,蘇貞昌,1583,data/raw/openfun/tw.gov.cec~txn~candidates-votes/2010/蘇貞昌-village-votes-page-5.json,matched,polling-station-single-village
2010,大同區,南芳里,南芳里,郝龍斌,980,data/raw/openfun/tw.gov.cec~txn~candidates-votes/2010/郝龍斌-village-votes-page-4.json,matched,polling-station-single-village
2010,大同區,南芳里,南芳里,蘇貞昌,1288,data/raw/openfun/tw.gov.cec~txn~candidates-votes/2010/蘇貞昌-village-votes-page-4.json,matched,polling-station-single-village
2010,大同區,建功里,建功里,郝龍斌,1147,data/raw/openfun/tw.gov.cec~txn~candidates-votes/2010/郝龍斌-village-votes-page-4.json,matched,polling-station-single-village
2010,大同區,建功里,建功里,蘇貞昌,1456,data/raw/openfun/tw.gov.cec~txn~candidates-votes/2010/蘇貞昌-village-votes-page-4.json,matched,polling-station-single-village
2010,大同區,建明里,建明里,郝龍斌,798,data/raw/openfun/tw.gov.cec~txn~candidates-votes/2010/郝龍斌-village-votes-page-4.json,matched,polling-station-single-village
2010,大同區,建明里,建明里,蘇貞昌,1088,data/raw/openfun/tw.gov.cec~txn~candidates-votes/2010/蘇貞昌-village-votes-page-4.json,matched,polling-station-single-village
2010,大同區,建泰里,建泰里,郝龍斌,853,data/raw/openfun/tw.gov.cec~txn~candidates-votes/2010/郝龍斌-village-votes-page-4.json,matched,polling-station-single-village
2010,大同區,建泰里,建泰里,蘇貞昌,1241,data/raw/openfun/tw.gov.cec~txn~candidates-votes/2010/蘇貞昌-village-votes-page-4.json,matched,polling-station-single-village
2010,大同區,星明里,星明里,郝龍斌,1338,data/raw/openfun/tw.gov.cec~txn~candidates-votes/2010/郝龍斌-village-votes-page-4.json,matched,polling-station-single-village
2010,大同區,星明里,星明里,蘇貞昌,1580,data/raw/openfun/tw.gov.cec~txn~candidates-votes/2010/蘇貞昌-village-votes-page-4.json,matched,polling-station-single-village
2010,大同區,重慶里,重慶里,郝龍斌,1829,data/raw/openfun/tw.gov.cec~txn~candidates-votes/2010/郝龍斌-village-votes-page-5.json,matched,polling-station-single-village
2010,大同區,重慶里,重慶里,蘇貞昌,1998,data/raw/openfun/tw.gov.cec~txn~candidates-votes/2010/蘇貞昌-village-votes-page-5.json,matched,polling-station-single-village
2010,大同區,國順里,國順里,郝龍斌,638,data/raw/openfun/tw.gov.cec~txn~candidates-votes/2010/郝龍斌-village-votes-page-4.json,matched,polling-station-single-village
2010,大同區,國順里,國順里,蘇貞昌,1204,data/raw/openfun/tw.gov.cec~txn~candidates-votes/2010/蘇貞昌-village-votes-page-4.json,matched,polling-station-single-village
2010,大同區,國慶里,國慶里,郝龍斌,1054,data/raw/openfun/tw.gov.cec~txn~candidates-votes/2010/郝龍斌-village-votes-page-4.json,matched,polling-station-single-village
2010,大同區,國慶里,國慶里,蘇貞昌,1351,data/raw/openfun/tw.gov.cec~txn~candidates-votes/2010/蘇貞昌-village-votes-page-4.json,matched,polling-station-single-village
2010,大同區,揚雅里,揚雅里,郝龍斌,758,data/raw/openfun/tw.gov.cec~txn~candidates-votes/2010/郝龍斌-village-votes-page-4.json,matched,polling-station-single-village
2010,大同區,揚雅里,揚雅里,蘇貞昌,1232,data/raw/openfun/tw.gov.cec~txn~candidates-votes/2010/蘇貞昌-village-votes-page-4.json,matched,polling-station-single-village
2010,大同區,斯文里,斯文里,郝龍斌,1274,data/raw/openfun/tw.gov.cec~txn~candidates-votes/2010/郝龍斌-village-votes-page-4.json,matched,polling-station-single-village
2010,大同區,斯文里,斯文里,蘇貞昌,1921,data/raw/openfun/tw.gov.cec~txn~candidates-votes/2010/蘇貞昌-village-votes-page-4.json,matched,polling-station-single-village
2010,大同區,景星里,景星里,郝龍斌,688,data/raw/openfun/tw.gov.cec~txn~candidates-votes/2010/郝龍斌-village-votes-page-4.json,matched,polling-station-single-village
2010,大同區,景星里,景星里,蘇貞昌,1021,data/raw/openfun/tw.gov.cec~txn~candidates-votes/2010/蘇貞昌-village-votes-page-4.json,matched,polling-station-single-village
2010,大同區,朝陽里,朝陽里,郝龍斌,1006,data/raw/openfun/tw.gov.cec~txn~candidates-votes/2010/郝龍斌-village-votes-page-4.json,matched,polling-station-single-village
2010,大同區,朝陽里,朝陽里,蘇貞昌,1331,data/raw/openfun/tw.gov.cec~txn~candidates-votes/2010/蘇貞昌-village-votes-page-4.json,matched,polling-station-single-village
2010,大同區,隆和里,隆和里,郝龍斌,707,data/raw/openfun/tw.gov.cec~txn~candidates-votes/2010/郝龍斌-village-votes-page-4.json,matched,polling-station-single-village
2010,大同區,隆和里,隆和里,蘇貞昌,1123,data/raw/openfun/tw.gov.cec~txn~candidates-votes/2010/蘇貞昌-village-votes-page-4.json,matched,polling-station-single-village
2010,大同區,蓬萊里,蓬萊里,郝龍斌,1179,data/raw/openfun/tw.gov.cec~txn~candidates-votes/2010/郝龍斌-village-votes-page-4.json,matched,polling-station-single-village
2010,大同區,蓬萊里,蓬萊里,蘇貞昌,1631,data/raw/openfun/tw.gov.cec~txn~candidates-votes/2010/蘇貞昌-village-votes-page-4.json,matched,polling-station-single-village
2010,大同區,鄰江里,鄰江里,郝龍斌,1548,data/raw/openfun/tw.gov.cec~txn~candidates-votes/2010/郝龍斌-village-votes-page-4.json,matched,polling-station-single-village
2010,大同區,鄰江里,鄰江里,蘇貞昌,2419,data/raw/openfun/tw.gov.cec~txn~candidates-votes/2010/蘇貞昌-village-votes-page-4.json,matched,polling-station-single-village
2010,大同區,雙連里,雙連里,郝龍斌,2253,data/raw/openfun/tw.gov.cec~txn~candidates-votes/2010/郝龍斌-village-votes-page-4.json,matched,polling-station-single-village
2010,大同區,雙連里,雙連里,蘇貞昌,3144,data/raw/openfun/tw.gov.cec~txn~candidates-votes/2010/蘇貞昌-village-votes-page-4.json,matched,polling-station-single-village
2010,大安區,大學里,大學里,郝龍斌,2785,data/raw/openfun/tw.gov.cec~txn~candidates-votes/2010/郝龍斌-village-votes-page-6.json,matched,polling-station-single-village
2010,大安區,大學里,大學里,蘇貞昌,1732,data/raw/openfun/tw.gov.cec~txn~candidates-votes/2010/蘇貞昌-village-votes-page-6.json,matched,polling-station-single-village
2010,大安區,仁愛里,仁愛里,郝龍斌,1672,data/raw/openfun/tw.gov.cec~txn~candidates-votes/2010/郝龍斌-village-votes-page-6.json,matched,polling-station-single-village
2010,大安區,仁愛里,仁愛里,蘇貞昌,1089,data/raw/openfun/tw.gov.cec~txn~candidates-votes/2010/蘇貞昌-village-votes-page-6.json,matched,polling-station-single-village
2010,大安區,仁慈里,仁慈里,郝龍斌,1634,data/raw/openfun/tw.gov.cec~txn~candidates-votes/2010/郝龍斌-village-votes-page-6.json,matched,polling-station-single-village
2010,大安區,仁慈里,仁慈里,蘇貞昌,1144,data/raw/openfun/tw.gov.cec~txn~candidates-votes/2010/蘇貞昌-village-votes-page-6.json,matched,polling-station-single-village
2010,大安區,古風里,古風里,郝龍斌,1452,data/raw/openfun/tw.gov.cec~txn~candidates-votes/2010/郝龍斌-village-votes-page-6.json,matched,polling-station-single-village
2010,大安區,古風里,古風里,蘇貞昌,948,data/raw/openfun/tw.gov.cec~txn~candidates-votes/2010/蘇貞昌-village-votes-page-6.json,matched,polling-station-single-village
2010,大安區,古莊里,古莊里,郝龍斌,2176,data/raw/openfun/tw.gov.cec~txn~candidates-votes/2010/郝龍斌-village-votes-page-6.json,matched,polling-station-single-village
2010,大安區,古莊里,古莊里,蘇貞昌,1488,data/raw/openfun/tw.gov.cec~txn~candidates-votes/2010/蘇貞昌-village-votes-page-6.json,matched,polling-station-single-village
2010,大安區,正聲里,正聲里,郝龍斌,1647,data/raw/openfun/tw.gov.cec~txn~candidates-votes/2010/郝龍斌-village-votes-page-6.json,matched,polling-station-single-village
2010,大安區,正聲里,正聲里,蘇貞昌,923,data/raw/openfun/tw.gov.cec~txn~candidates-votes/2010/蘇貞昌-village-votes-page-6.json,matched,polling-station-single-village
2010,大安區,民炤里,民炤里,郝龍斌,2468,data/raw/openfun/tw.gov.cec~txn~candidates-votes/2010/郝龍斌-village-votes-page-6.json,matched,polling-station-single-village
2010,大安區,民炤里,民炤里,蘇貞昌,1913,data/raw/openfun/tw.gov.cec~txn~candidates-votes/2010/蘇貞昌-village-votes-page-6.json,matched,polling-station-single-village
2010,大安區,民輝里,民輝里,郝龍斌,2145,data/raw/openfun/tw.gov.cec~txn~candidates-votes/2010/郝龍斌-village-votes-page-6.json,matched,polling-station-single-village
2010,大安區,民輝里,民輝里,蘇貞昌,1542,data/raw/openfun/tw.gov.cec~txn~candidates-votes/2010/蘇貞昌-village-votes-page-6.json,matched,polling-station-single-village
2010,大安區,永康里,永康里,郝龍斌,1215,data/raw/openfun/tw.gov.cec~txn~candidates-votes/2010/郝龍斌-village-votes-page-6.json,matched,polling-station-single-village
2010,大安區,永康里,永康里,蘇貞昌,756,data/raw/openfun/tw.gov.cec~txn~candidates-votes/2010/蘇貞昌-village-votes-page-6.json,matched,polling-station-single-village
2010,大安區,光明里,光明里,郝龍斌,1292,data/raw/openfun/tw.gov.cec~txn~candidates-votes/2010/郝龍斌-village-votes-page-6.json,matched,polling-station-single-village
2010,大安區,光明里,光明里,蘇貞昌,735,data/raw/openfun/tw.gov.cec~txn~candidates-votes/2010/蘇貞昌-village-votes-page-6.json,matched,polling-station-single-village
2010,大安區,光武里,光武里,郝龍斌,2544,data/raw/openfun/tw.gov.cec~txn~candidates-votes/2010/郝龍斌-village-votes-page-6.json,matched,polling-station-single-village
2010,大安區,光武里,光武里,蘇貞昌,1686,data/raw/openfun/tw.gov.cec~txn~candidates-votes/2010/蘇貞昌-village-votes-page-6.json,matched,polling-station-single-village
2010,大安區,光信里,光信里,郝龍斌,2569,data/raw/openfun/tw.gov.cec~txn~candidates-votes/2010/郝龍斌-village-votes-page-6.json,matched,polling-station-single-village
2010,大安區,光信里,光信里,蘇貞昌,1652,data/raw/openfun/tw.gov.cec~txn~candidates-votes/2010/蘇貞昌-village-votes-page-6.json,matched,polling-station-single-village
2010,大安區,全安里,全安里,郝龍斌,1551,data/raw/openfun/tw.gov.cec~txn~candidates-votes/2010/郝龍斌-village-votes-page-6.json,matched,polling-station-single-village
2010,大安區,全安里,全安里,蘇貞昌,900,data/raw/openfun/tw.gov.cec~txn~candidates-votes/2010/蘇貞昌-village-votes-page-6.json,matched,polling-station-single-village
2010,大安區,住安里,住安里,郝龍斌,1801,data/raw/openfun/tw.gov.cec~txn~candidates-votes/2010/郝龍斌-village-votes-page-6.json,matched,polling-station-single-village
2010,大安區,住安里,住安里,蘇貞昌,1108,data/raw/openfun/tw.gov.cec~txn~candidates-votes/2010/蘇貞昌-village-votes-page-6.json,matched,polling-station-single-village
2010,大安區,車層里,車層里,郝龍斌,2046,data/raw/openfun/tw.gov.cec~txn~candidates-votes/2010/郝龍斌-village-votes-page-6.json,matched,polling-station-single-village
2010,大安區,車層里,車層里,蘇貞昌,1438,data/raw/openfun/tw.gov.cec~txn~candidates-votes/2010/蘇貞昌-village-votes-page-6.json,matched,polling-station-single-village
2010,大安區,和安里,和安里,郝龍斌,2285,data/raw/openfun/tw.gov.cec~txn~candidates-votes/2010/郝龍斌-village-votes-page-6.json,matched,polling-station-single-village
2010,大安區,和安里,和安里,蘇貞昌,1314,data/raw/openfun/tw.gov.cec~txn~candidates-votes/2010/蘇貞昌-village-votes-page-6.json,matched,polling-station-single-village
2010,大安區,昌隆里,昌隆里,郝龍斌,967,data/raw/openfun/tw.gov.cec~txn~candidates-votes/2010/郝龍斌-village-votes-page-6.json,matched,polling-station-single-village
2010,大安區,昌隆里,昌隆里,蘇貞昌,858,data/raw/openfun/tw.gov.cec~txn~candidates-votes/2010/蘇貞昌-village-votes-page-6.json,matched,polling-station-single-village
2010,大安區,法治里,法治里,郝龍斌,1653,data/raw/openfun/tw.gov.cec~txn~candidates-votes/2010/郝龍斌-village-votes-page-6.json,matched,polling-station-single-village
2010,大安區,法治里,法治里,蘇貞昌,882,data/raw/openfun/tw.gov.cec~txn~candidates-votes/2010/蘇貞昌-village-votes-page-6.json,matched,polling-station-single-village
2010,大安區,臥龍里,臥龍里,郝龍斌,741,data/raw/openfun/tw.gov.cec~txn~candidates-votes/2010/郝龍斌-village-votes-page-6.json,matched,polling-station-single-village
2010,大安區,臥龍里,臥龍里,蘇貞昌,341,data/raw/openfun/tw.gov.cec~txn~candidates-votes/2010/蘇貞昌-village-votes-page-6.json,matched,polling-station-single-village
2010,大安區,芳和里,芳和里,郝龍斌,2214,data/raw/openfun/tw.gov.cec~txn~candidates-votes/2010/郝龍斌-village-votes-page-6.json,matched,polling-station-single-village
2010,大安區,芳和里,芳和里,蘇貞昌,1373,data/raw/openfun/tw.gov.cec~txn~candidates-votes/2010/蘇貞昌-village-votes-page-6.json,matched,polling-station-single-village
2010,大安區,虎嘯里,虎嘯里,郝龍斌,1336,data/raw/openfun/tw.gov.cec~txn~candidates-votes/2010/郝龍斌-village-votes-page-6.json,matched,polling-station-single-village
2010,大安區,虎嘯里,虎嘯里,蘇貞昌,638,data/raw/openfun/tw.gov.cec~txn~candidates-votes/2010/蘇貞昌-village-votes-page-6.json,matched,polling-station-single-village
2010,大安區,建安里,建安里,郝龍斌,1717,data/raw/openfun/tw.gov.cec~txn~candidates-votes/2010/郝龍斌-village-votes-page-6.json,matched,polling-station-single-village
2010,大安區,建安里,建安里,蘇貞昌,936,data/raw/openfun/tw.gov.cec~txn~candidates-votes/2010/蘇貞昌-village-votes-page-6.json,matched,polling-station-single-village
2010,大安區,建倫里,建倫里,郝龍斌,2081,data/raw/openfun/tw.gov.cec~txn~candidates-votes/2010/郝龍斌-village-votes-page-6.json,matched,polling-station-single-village
2010,大安區,建倫里,建倫里,蘇貞昌,1148,data/raw/openfun/tw.gov.cec~txn~candidates-votes/2010/蘇貞昌-village-votes-page-6.json,matched,polling-station-single-village
2010,大安區,通化里,通化里,郝龍斌,1835,data/raw/openfun/tw.gov.cec~txn~candidates-votes/2010/郝龍斌-village-votes-page-6.json,matched,polling-station-single-village
2010,大安區,通化里,通化里,蘇貞昌,1730,data/raw/openfun/tw.gov.cec~txn~candidates-votes/2010/蘇貞昌-village-votes-page-6.json,matched,polling-station-single-village
2010,大安區,通安里,通安里,郝龍斌,1850,data/raw/openfun/tw.gov.cec~txn~candidates-votes/2010/郝龍斌-village-votes-page-6.json,matched,polling-station-single-village
2010,大安區,通安里,通安里,蘇貞昌,1330,data/raw/openfun/tw.gov.cec~txn~candidates-votes/2010/蘇貞昌-village-votes-page-6.json,matched,polling-station-single-village
2010,大安區,敦安里,敦安里,郝龍斌,1916,data/raw/openfun/tw.gov.cec~txn~candidates-votes/2010/郝龍斌-village-votes-page-6.json,matched,polling-station-single-village
2010,大安區,敦安里,敦安里,蘇貞昌,1332,data/raw/openfun/tw.gov.cec~txn~candidates-votes/2010/蘇貞昌-village-votes-page-6.json,matched,polling-station-single-village
2010,大安區,敦煌里,敦煌里,郝龍斌,1943,data/raw/openfun/tw.gov.cec~txn~candidates-votes/2010/郝龍斌-village-votes-page-6.json,matched,polling-station-single-village
2010,大安區,敦煌里,敦煌里,蘇貞昌,1271,data/raw/openfun/tw.gov.cec~txn~candidates-votes/2010/蘇貞昌-village-votes-page-6.json,matched,polling-station-single-village
2010,大安區,華聲里,華聲里,郝龍斌,1455,data/raw/openfun/tw.gov.cec~txn~candidates-votes/2010/郝龍斌-village-votes-page-6.json,matched,polling-station-single-village
2010,大安區,華聲里,華聲里,蘇貞昌,894,data/raw/openfun/tw.gov.cec~txn~candidates-votes/2010/蘇貞昌-village-votes-page-6.json,matched,polling-station-single-village
2010,大安區,新龍里,新龍里,郝龍斌,2649,data/raw/openfun/tw.gov.cec~txn~candidates-votes/2010/郝龍斌-village-votes-page-6.json,matched,polling-station-single-village
2010,大安區,新龍里,新龍里,蘇貞昌,949,data/raw/openfun/tw.gov.cec~txn~candidates-votes/2010/蘇貞昌-village-votes-page-6.json,matched,polling-station-single-village
2010,大安區,群英里,群英里,郝龍斌,3241,data/raw/openfun/tw.gov.cec~txn~candidates-votes/2010/郝龍斌-village-votes-page-6.json,matched,polling-station-single-village
2010,大安區,群英里,群英里,蘇貞昌,852,data/raw/openfun/tw.gov.cec~txn~candidates-votes/2010/蘇貞昌-village-votes-page-6.json,matched,polling-station-single-village
2010,大安區,群賢里,群賢里,郝龍斌,2138,data/raw/openfun/tw.gov.cec~txn~candidates-votes/2010/郝龍斌-village-votes-page-6.json,matched,polling-station-single-village
2010,大安區,群賢里,群賢里,蘇貞昌,1120,data/raw/openfun/tw.gov.cec~txn~candidates-votes/2010/蘇貞昌-village-votes-page-6.json,matched,polling-station-single-village
2010,大安區,義安里,義安里,郝龍斌,1913,data/raw/openfun/tw.gov.cec~txn~candidates-votes/2010/郝龍斌-village-votes-page-6.json,matched,polling-station-single-village
2010,大安區,義安里,義安里,蘇貞昌,1005,data/raw/openfun/tw.gov.cec~txn~candidates-votes/2010/蘇貞昌-village-votes-page-6.json,matched,polling-station-single-village
2010,大安區,義村里,義村里,郝龍斌,2486,data/raw/openfun/tw.gov.cec~txn~candidates-votes/2010/郝龍斌-village-votes-page-6.json,matched,polling-station-single-village
2010,大安區,義村里,義村里,蘇貞昌,896,data/raw/openfun/tw.gov.cec~txn~candidates-votes/2010/蘇貞昌-village-votes-page-6.json,matched,polling-station-single-village
2010,大安區,誠安里,誠安里,郝龍斌,1423,data/raw/openfun/tw.gov.cec~txn~candidates-votes/2010/郝龍斌-village-votes-page-6.json,matched,polling-station-single-village
2010,大安區,誠安里,誠安里,蘇貞昌,1092,data/raw/openfun/tw.gov.cec~txn~candidates-votes/2010/蘇貞昌-village-votes-page-6.json,matched,polling-station-single-village
2010,大安區,福住里,福住里,郝龍斌,1874,data/raw/openfun/tw.gov.cec~txn~candidates-votes/2010/郝龍斌-village-votes-page-6.json,matched,polling-station-single-village
2010,大安區,福住里,福住里,蘇貞昌,1252,data/raw/openfun/tw.gov.cec~txn~candidates-votes/2010/蘇貞昌-village-votes-page-6.json,matched,polling-station-single-village
2010,大安區,德安里,德安里,郝龍斌,1941,data/raw/openfun/tw.gov.cec~txn~candidates-votes/2010/郝龍斌-village-votes-page-6.json,matched,polling-station-single-village
2010,大安區,德安里,德安里,蘇貞昌,1123,data/raw/openfun/tw.gov.cec~txn~candidates-votes/2010/蘇貞昌-village-votes-page-6.json,matched,polling-station-single-village
2010,大安區,黎元里,黎元里,郝龍斌,1930,data/raw/openfun/tw.gov.cec~txn~candidates-votes/2010/郝龍斌-village-votes-page-6.json,matched,polling-station-single-village
2010,大安區,黎元里,黎元里,蘇貞昌,1468,data/raw/openfun/tw.gov.cec~txn~candidates-votes/2010/蘇貞昌-village-votes-page-6.json,matched,polling-station-single-village
2010,大安區,黎孝里,黎孝里,郝龍斌,2803,data/raw/openfun/tw.gov.cec~txn~candidates-votes/2010/郝龍斌-village-votes-page-6.json,matched,polling-station-single-village
2010,大安區,黎孝里,黎孝里,蘇貞昌,1703,data/raw/openfun/tw.gov.cec~txn~candidates-votes/2010/蘇貞昌-village-votes-page-6.json,matched,polling-station-single-village
2010,大安區,黎和里,黎和里,郝龍斌,1782,data/raw/openfun/tw.gov.cec~txn~candidates-votes/2010/郝龍斌-village-votes-page-6.json,matched,polling-station-single-village
2010,大安區,黎和里,黎和里,蘇貞昌,910,data/raw/openfun/tw.gov.cec~txn~candidates-votes/2010/蘇貞昌-village-votes-page-6.json,matched,polling-station-single-village
2010,大安區,學府里,學府里,郝龍斌,1248,data/raw/openfun/tw.gov.cec~txn~candidates-votes/2010/郝龍斌-village-votes-page-6.json,matched,polling-station-single-village
2010,大安區,學府里,學府里,蘇貞昌,565,data/raw/openfun/tw.gov.cec~txn~candidates-votes/2010/蘇貞昌-village-votes-page-6.json,matched,polling-station-single-village
2010,大安區,錦安里,錦安里,郝龍斌,1919,data/raw/openfun/tw.gov.cec~txn~candidates-votes/2010/郝龍斌-village-votes-page-6.json,matched,polling-station-single-village
2010,大安區,錦安里,錦安里,蘇貞昌,1124,data/raw/openfun/tw.gov.cec~txn~candidates-votes/2010/蘇貞昌-village-votes-page-6.json,matched,polling-station-single-village
2010,大安區,錦泰里,錦泰里,郝龍斌,1711,data/raw/openfun/tw.gov.cec~txn~candidates-votes/2010/郝龍斌-village-votes-page-6.json,matched,polling-station-single-village
2010,大安區,錦泰里,錦泰里,蘇貞昌,802,data/raw/openfun/tw.gov.cec~txn~candidates-votes/2010/蘇貞昌-village-votes-page-6.json,matched,polling-station-single-village
2010,大安區,錦華里,錦華里,郝龍斌,1855,data/raw/openfun/tw.gov.cec~txn~candidates-votes/2010/郝龍斌-village-votes-page-6.json,matched,polling-station-single-village
2010,大安區,錦華里,錦華里,蘇貞昌,1100,data/raw/openfun/tw.gov.cec~txn~candidates-votes/2010/蘇貞昌-village-votes-page-6.json,matched,polling-station-single-village
2010,大安區,龍生里,龍生里,郝龍斌,2381,data/raw/openfun/tw.gov.cec~txn~candidates-votes/2010/郝龍斌-village-votes-page-6.json,matched,polling-station-single-village
2010,大安區,龍生里,龍生里,蘇貞昌,1246,data/raw/openfun/tw.gov.cec~txn~candidates-votes/2010/蘇貞昌-village-votes-page-6.json,matched,polling-station-single-village
2010,大安區,龍安里,龍安里,郝龍斌,1956,data/raw/openfun/tw.gov.cec~txn~candidates-votes/2010/郝龍斌-village-votes-page-6.json,matched,polling-station-single-village
2010,大安區,龍安里,龍安里,蘇貞昌,1276,data/raw/openfun/tw.gov.cec~txn~candidates-votes/2010/蘇貞昌-village-votes-page-6.json,matched,polling-station-single-village
2010,大安區,龍坡里,龍坡里,郝龍斌,2013,data/raw/openfun/tw.gov.cec~txn~candidates-votes/2010/郝龍斌-village-votes-page-6.json,matched,polling-station-single-village
2010,大安區,龍坡里,龍坡里,蘇貞昌,1197,data/raw/openfun/tw.gov.cec~txn~candidates-votes/2010/蘇貞昌-village-votes-page-6.json,matched,polling-station-single-village
2010,大安區,龍門里,龍門里,郝龍斌,1416,data/raw/openfun/tw.gov.cec~txn~candidates-votes/2010/郝龍斌-village-votes-page-6.json,matched,polling-station-single-village
2010,大安區,龍門里,龍門里,蘇貞昌,913,data/raw/openfun/tw.gov.cec~txn~candidates-votes/2010/蘇貞昌-village-votes-page-6.json,matched,polling-station-single-village
2010,大安區,龍泉里,龍泉里,郝龍斌,1450,data/raw/openfun/tw.gov.cec~txn~candidates-votes/2010/郝龍斌-village-votes-page-6.json,matched,polling-station-single-village
2010,大安區,龍泉里,龍泉里,蘇貞昌,1031,data/raw/openfun/tw.gov.cec~txn~candidates-votes/2010/蘇貞昌-village-votes-page-6.json,matched,polling-station-single-village
2010,大安區,龍陣里,龍陣里,郝龍斌,1262,data/raw/openfun/tw.gov.cec~txn~candidates-votes/2010/郝龍斌-village-votes-page-6.json,matched,polling-station-single-village
2010,大安區,龍陣里,龍陣里,蘇貞昌,786,data/raw/openfun/tw.gov.cec~txn~candidates-votes/2010/蘇貞昌-village-votes-page-6.json,matched,polling-station-single-village
2010,大安區,龍淵里,龍淵里,郝龍斌,2993,data/raw/openfun/tw.gov.cec~txn~candidates-votes/2010/郝龍斌-village-votes-page-6.json,matched,polling-station-single-village
2010,大安區,龍淵里,龍淵里,蘇貞昌,1931,data/raw/openfun/tw.gov.cec~txn~candidates-votes/2010/蘇貞昌-village-votes-page-6.json,matched,polling-station-single-village
2010,大安區,龍雲里,龍雲里,郝龍斌,1676,data/raw/openfun/tw.gov.cec~txn~candidates-votes/2010/郝龍斌-village-votes-page-6.json,matched,polling-station-single-village
2010,大安區,龍雲里,龍雲里,蘇貞昌,1131,data/raw/openfun/tw.gov.cec~txn~candidates-votes/2010/蘇貞昌-village-votes-page-6.json,matched,polling-station-single-village
2010,大安區,龍圖里,龍圖里,郝龍斌,2356,data/raw/openfun/tw.gov.cec~txn~candidates-votes/2010/郝龍斌-village-votes-page-6.json,matched,polling-station-single-village
2010,大安區,龍圖里,龍圖里,蘇貞昌,1355,data/raw/openfun/tw.gov.cec~txn~candidates-votes/2010/蘇貞昌-village-votes-page-6.json,matched,polling-station-single-village
2010,大安區,臨江里,臨江里,郝龍斌,1426,data/raw/openfun/tw.gov.cec~txn~candidates-votes/2010/郝龍斌-village-votes-page-6.json,matched,polling-station-single-village
2010,大安區,臨江里,臨江里,蘇貞昌,1028,data/raw/openfun/tw.gov.cec~txn~candidates-votes/2010/蘇貞昌-village-votes-page-6.json,matched,polling-station-single-village
2010,中山區,力行里,力行里,郝龍斌,1582,data/raw/openfun/tw.gov.cec~txn~candidates-votes/2010/郝龍斌-village-votes-page-4.json,matched,polling-station-single-village
2010,中山區,力行里,力行里,蘇貞昌,1692,data/raw/openfun/tw.gov.cec~txn~candidates-votes/2010/蘇貞昌-village-votes-page-4.json,matched,polling-station-single-village
2010,中山區,下埤里,下埤里,郝龍斌,2162,data/raw/openfun/tw.gov.cec~txn~candidates-votes/2010/郝龍斌-village-votes-page-4.json,matched,polling-station-single-village
2010,中山區,下埤里,下埤里,蘇貞昌,2213,data/raw/openfun/tw.gov.cec~txn~candidates-votes/2010/蘇貞昌-village-votes-page-4.json,matched,polling-station-single-village
2010,中山區,大佳里,大佳里,郝龍斌,225,data/raw/openfun/tw.gov.cec~txn~candidates-votes/2010/郝龍斌-village-votes-page-4.json,matched,polling-station-single-village
2010,中山區,大佳里,大佳里,蘇貞昌,429,data/raw/openfun/tw.gov.cec~txn~candidates-votes/2010/蘇貞昌-village-votes-page-4.json,matched,polling-station-single-village
2010,中山區,大直里,大直里,郝龍斌,3248,data/raw/openfun/tw.gov.cec~txn~candidates-votes/2010/郝龍斌-village-votes-page-4.json,matched,polling-station-single-village
2010,中山區,大直里,大直里,蘇貞昌,2102,data/raw/openfun/tw.gov.cec~txn~candidates-votes/2010/蘇貞昌-village-votes-page-4.json,matched,polling-station-single-village
2010,中山區,中山里,中山里,郝龍斌,1540,data/raw/openfun/tw.gov.cec~txn~candidates-votes/2010/郝龍斌-village-votes-page-4.json,matched,polling-station-single-village
2010,中山區,中山里,中山里,蘇貞昌,1489,data/raw/openfun/tw.gov.cec~txn~candidates-votes/2010/蘇貞昌-village-votes-page-4.json,matched,polling-station-single-village
2010,中山區,中央里,中央里,郝龍斌,1143,data/raw/openfun/tw.gov.cec~txn~candidates-votes/2010/郝龍斌-village-votes-page-4.json,matched,polling-station-single-village
2010,中山區,中央里,中央里,蘇貞昌,997,data/raw/openfun/tw.gov.cec~txn~candidates-votes/2010/蘇貞昌-village-votes-page-4.json,matched,polling-station-single-village
2010,中山區,中吉里,中吉里,郝龍斌,1405,data/raw/openfun/tw.gov.cec~txn~candidates-votes/2010/郝龍斌-village-votes-page-4.json,matched,polling-station-single-village
2010,中山區,中吉里,中吉里,蘇貞昌,1713,data/raw/openfun/tw.gov.cec~txn~candidates-votes/2010/蘇貞昌-village-votes-page-4.json,matched,polling-station-single-village
2010,中山區,中庄里,中庄里,郝龍斌,1356,data/raw/openfun/tw.gov.cec~txn~candidates-votes/2010/郝龍斌-village-votes-page-4.json,matched,polling-station-single-village
2010,中山區,中庄里,中庄里,蘇貞昌,1608,data/raw/openfun/tw.gov.cec~txn~candidates-votes/2010/蘇貞昌-village-votes-page-4.json,matched,polling-station-single-village
2010,中山區,中原里,中原里,郝龍斌,1310,data/raw/openfun/tw.gov.cec~txn~candidates-votes/2010/郝龍斌-village-votes-page-4.json,matched,polling-station-single-village
2010,中山區,中原里,中原里,蘇貞昌,1524,data/raw/openfun/tw.gov.cec~txn~candidates-votes/2010/蘇貞昌-village-votes-page-4.json,matched,polling-station-single-village
2010,中山區,北安里,北安里,郝龍斌,1024,data/raw/openfun/tw.gov.cec~txn~candidates-votes/2010/郝龍斌-village-votes-page-4.json,matched,polling-station-single-village
2010,中山區,北安里,北安里,蘇貞昌,559,data/raw/openfun/tw.gov.cec~txn~candidates-votes/2010/蘇貞昌-village-votes-page-4.json,matched,polling-station-single-village
2010,中山區,正守里,正守里,郝龍斌,939,data/raw/openfun/tw.gov.cec~txn~candidates-votes/2010/郝龍斌-village-votes-page-4.json,matched,polling-station-single-village
2010,中山區,正守里,正守里,蘇貞昌,941,data/raw/openfun/tw.gov.cec~txn~candidates-votes/2010/蘇貞昌-village-votes-page-4.json,matched,polling-station-single-village
2010,中山區,正得里,正得里,郝龍斌,1053,data/raw/openfun/tw.gov.cec~txn~candidates-votes/2010/郝龍斌-village-votes-page-4.json,matched,polling-station-single-village
2010,中山區,正得里,正得里,蘇貞昌,835,data/raw/openfun/tw.gov.cec~txn~candidates-votes/2010/蘇貞昌-village-votes-page-4.json,matched,polling-station-single-village
2010,中山區,正義里,正義里,郝龍斌,1358,data/raw/openfun/tw.gov.cec~txn~candidates-votes/2010/郝龍斌-village-votes-page-4.json,matched,polling-station-single-village
2010,中山區,正義里,正義里,蘇貞昌,1101,data/raw/openfun/tw.gov.cec~txn~candidates-votes/2010/蘇貞昌-village-votes-page-4.json,matched,polling-station-single-village
2010,中山區,民安里,民安里,郝龍斌,1339,data/raw/openfun/tw.gov.cec~txn~candidates-votes/2010/郝龍斌-village-votes-page-4.json,matched,polling-station-single-village
2010,中山區,民安里,民安里,蘇貞昌,1475,data/raw/openfun/tw.gov.cec~txn~candidates-votes/2010/蘇貞昌-village-votes-page-4.json,matched,polling-station-single-village
2010,中山區,永安里,永安里,郝龍斌,2884,data/raw/openfun/tw.gov.cec~txn~candidates-votes/2010/郝龍斌-village-votes-page-4.json,matched,polling-station-single-village
2010,中山區,永安里,永安里,蘇貞昌,2160,data/raw/openfun/tw.gov.cec~txn~candidates-votes/2010/蘇貞昌-village-votes-page-4.json,matched,polling-station-single-village
2010,中山區,成功里,成功里,郝龍斌,1763,data/raw/openfun/tw.gov.cec~txn~candidates-votes/2010/郝龍斌-village-votes-page-4.json,matched,polling-station-single-village
2010,中山區,成功里,成功里,蘇貞昌,1229,data/raw/openfun/tw.gov.cec~txn~candidates-votes/2010/蘇貞昌-village-votes-page-4.json,matched,polling-station-single-village
2010,中山區,朱崙里,朱崙里,郝龍斌,809,data/raw/openfun/tw.gov.cec~txn~candidates-votes/2010/郝龍斌-village-votes-page-4.json,matched,polling-station-single-village
2010,中山區,朱崙里,朱崙里,蘇貞昌,846,data/raw/openfun/tw.gov.cec~txn~candidates-votes/2010/蘇貞昌-village-votes-page-4.json,matched,polling-station-single-village
2010,中山區,朱園里,朱園里,郝龍斌,1131,data/raw/openfun/tw.gov.cec~txn~candidates-votes/2010/郝龍斌-village-votes-page-4.json,matched,polling-station-single-village
2010,中山區,朱園里,朱園里,蘇貞昌,1176,data/raw/openfun/tw.gov.cec~txn~candidates-votes/2010/蘇貞昌-village-votes-page-4.json,matched,polling-station-single-village
2010,中山區,朱馥里,朱馥里,郝龍斌,1836,data/raw/openfun/tw.gov.cec~txn~candidates-votes/2010/郝龍斌-village-votes-page-4.json,matched,polling-station-single-village
2010,中山區,朱馥里,朱馥里,蘇貞昌,1548,data/raw/openfun/tw.gov.cec~txn~candidates-votes/2010/蘇貞昌-village-votes-page-4.json,matched,polling-station-single-village
2010,中山區,江山里,江山里,郝龍斌,2094,data/raw/openfun/tw.gov.cec~txn~candidates-votes/2010/郝龍斌-village-votes-page-4.json,matched,polling-station-single-village
2010,中山區,江山里,江山里,蘇貞昌,2245,data/raw/openfun/tw.gov.cec~txn~candidates-votes/2010/蘇貞昌-village-votes-page-4.json,matched,polling-station-single-village
2010,中山區,江寧里,江寧里,郝龍斌,2035,data/raw/openfun/tw.gov.cec~txn~candidates-votes/2010/郝龍斌-village-votes-page-4.json,matched,polling-station-single-village
2010,中山區,江寧里,江寧里,蘇貞昌,1801,data/raw/openfun/tw.gov.cec~txn~candidates-votes/2010/蘇貞昌-village-votes-page-4.json,matched,polling-station-single-village
2010,中山區,行仁里,行仁里,郝龍斌,2230,data/raw/openfun/tw.gov.cec~txn~candidates-votes/2010/郝龍斌-village-votes-page-4.json,matched,polling-station-single-village
2010,中山區,行仁里,行仁里,蘇貞昌,2533,data/raw/openfun/tw.gov.cec~txn~candidates-votes/2010/蘇貞昌-village-votes-page-4.json,matched,polling-station-single-village
2010,中山區,行孝里,行孝里,郝龍斌,1165,data/raw/openfun/tw.gov.cec~txn~candidates-votes/2010/郝龍斌-village-votes-page-4.json,matched,polling-station-single-village
2010,中山區,行孝里,行孝里,蘇貞昌,1230,data/raw/openfun/tw.gov.cec~txn~candidates-votes/2010/蘇貞昌-village-votes-page-4.json,matched,polling-station-single-village
2010,中山區,行政里,行政里,郝龍斌,1657,data/raw/openfun/tw.gov.cec~txn~candidates-votes/2010/郝龍斌-village-votes-page-4.json,matched,polling-station-single-village
2010,中山區,行政里,行政里,蘇貞昌,1689,data/raw/openfun/tw.gov.cec~txn~candidates-votes/2010/蘇貞昌-village-votes-page-4.json,matched,polling-station-single-village
2010,中山區,松江里,松江里,郝龍斌,1795,data/raw/openfun/tw.gov.cec~txn~candidates-votes/2010/郝龍斌-village-votes-page-4.json,matched,polling-station-single-village
2010,中山區,松江里,松江里,蘇貞昌,1895,data/raw/openfun/tw.gov.cec~txn~candidates-votes/2010/蘇貞昌-village-votes-page-4.json,matched,polling-station-single-village
2010,中山區,金泰里,金泰里,郝龍斌,2094,data/raw/openfun/tw.gov.cec~txn~candidates-votes/2010/郝龍斌-village-votes-page-4.json,matched,polling-station-single-village
2010,中山區,金泰里,金泰里,蘇貞昌,1502,data/raw/openfun/tw.gov.cec~txn~candidates-votes/2010/蘇貞昌-village-votes-page-4.json,matched,polling-station-single-village
2010,中山區,恆安里,恆安里,郝龍斌,1139,data/raw/openfun/tw.gov.cec~txn~candidates-votes/2010/郝龍斌-village-votes-page-4.json,matched,polling-station-single-village
2010,中山區,恆安里,恆安里,蘇貞昌,1043,data/raw/openfun/tw.gov.cec~txn~candidates-votes/2010/蘇貞昌-village-votes-page-4.json,matched,polling-station-single-village
2010,中山區,埤頭里,埤頭里,郝龍斌,1083,data/raw/openfun/tw.gov.cec~txn~candidates-votes/2010/郝龍斌-village-votes-page-4.json,matched,polling-station-single-village
2010,中山區,埤頭里,埤頭里,蘇貞昌,947,data/raw/openfun/tw.gov.cec~txn~candidates-votes/2010/蘇貞昌-village-votes-page-4.json,matched,polling-station-single-village
2010,中山區,康樂里,康樂里,郝龍斌,721,data/raw/openfun/tw.gov.cec~txn~candidates-votes/2010/郝龍斌-village-votes-page-4.json,matched,polling-station-single-village
2010,中山區,康樂里,康樂里,蘇貞昌,573,data/raw/openfun/tw.gov.cec~txn~candidates-votes/2010/蘇貞昌-village-votes-page-4.json,matched,polling-station-single-village
2010,中山區,復華里,復華里,郝龍斌,1494,data/raw/openfun/tw.gov.cec~txn~candidates-votes/2010/郝龍斌-village-votes-page-4.json,matched,polling-station-single-village
2010,中山區,復華里,復華里,蘇貞昌,907,data/raw/openfun/tw.gov.cec~txn~candidates-votes/2010/蘇貞昌-village-votes-page-4.json,matched,polling-station-single-village
2010,中山區,晴光里,晴光里,郝龍斌,1371,data/raw/openfun/tw.gov.cec~txn~candidates-votes/2010/郝龍斌-village-votes-page-4.json,matched,polling-station-single-village
2010,中山區,晴光里,晴光里,蘇貞昌,1147,data/raw/openfun/tw.gov.cec~txn~candidates-votes/2010/蘇貞昌-village-votes-page-4.json,matched,polling-station-single-village
2010,中山區,集英里,集英里,郝龍斌,1629,data/raw/openfun/tw.gov.cec~txn~candidates-votes/2010/郝龍斌-village-votes-page-4.json,matched,polling-station-single-village
2010,中山區,集英里,集英里,蘇貞昌,1951,data/raw/openfun/tw.gov.cec~txn~candidates-votes/2010/蘇貞昌-village-votes-page-4.json,matched,polling-station-single-village
2010,中山區,圓山里,圓山里,郝龍斌,1084,data/raw/openfun/tw.gov.cec~txn~candidates-votes/2010/郝龍斌-village-votes-page-4.json,matched,polling-station-single-village
2010,中山區,圓山里,圓山里,蘇貞昌,1113,data/raw/openfun/tw.gov.cec~txn~candidates-votes/2010/蘇貞昌-village-votes-page-4.json,matched,polling-station-single-village
2010,中山區,新生里,新生里,郝龍斌,1344,data/raw/openfun/tw.gov.cec~txn~candidates-votes/2010/郝龍斌-village-votes-page-4.json,matched,polling-station-single-village
2010,中山區,新生里,新生里,蘇貞昌,1646,data/raw/openfun/tw.gov.cec~txn~candidates-votes/2010/蘇貞昌-village-votes-page-4.json,matched,polling-station-single-village
2010,中山區,新庄里,新庄里,郝龍斌,1358,data/raw/openfun/tw.gov.cec~txn~candidates-votes/2010/郝龍斌-village-votes-page-4.json,matched,polling-station-single-village
2010,中山區,新庄里,新庄里,蘇貞昌,1543,data/raw/openfun/tw.gov.cec~txn~candidates-votes/2010/蘇貞昌-village-votes-page-4.json,matched,polling-station-single-village
2010,中山區,新喜里,新喜里,郝龍斌,1408,data/raw/openfun/tw.gov.cec~txn~candidates-votes/2010/郝龍斌-village-votes-page-4.json,matched,polling-station-single-village
2010,中山區,新喜里,新喜里,蘇貞昌,1575,data/raw/openfun/tw.gov.cec~txn~candidates-votes/2010/蘇貞昌-village-votes-page-4.json,matched,polling-station-single-village
2010,中山區,新福里,新福里,郝龍斌,1266,data/raw/openfun/tw.gov.cec~txn~candidates-votes/2010/郝龍斌-village-votes-page-4.json,matched,polling-station-single-village
2010,中山區,新福里,新福里,蘇貞昌,1653,data/raw/openfun/tw.gov.cec~txn~candidates-votes/2010/蘇貞昌-village-votes-page-4.json,matched,polling-station-single-village
2010,中山區,聚盛里,聚盛里,郝龍斌,1120,data/raw/openfun/tw.gov.cec~txn~candidates-votes/2010/郝龍斌-village-votes-page-4.json,matched,polling-station-single-village
2010,中山區,聚盛里,聚盛里,蘇貞昌,939,data/raw/openfun/tw.gov.cec~txn~candidates-votes/2010/蘇貞昌-village-votes-page-4.json,matched,polling-station-single-village
2010,中山區,聚葉里,聚葉里,郝龍斌,1075,data/raw/openfun/tw.gov.cec~txn~candidates-votes/2010/郝龍斌-village-votes-page-4.json,matched,polling-station-single-village
2010,中山區,聚葉里,聚葉里,蘇貞昌,1003,data/raw/openfun/tw.gov.cec~txn~candidates-votes/2010/蘇貞昌-village-votes-page-4.json,matched,polling-station-single-village
2010,中山區,劍潭里,劍潭里,郝龍斌,1867,data/raw/openfun/tw.gov.cec~txn~candidates-votes/2010/郝龍斌-village-votes-page-4.json,matched,polling-station-single-village
2010,中山區,劍潭里,劍潭里,蘇貞昌,373,data/raw/openfun/tw.gov.cec~txn~candidates-votes/2010/蘇貞昌-village-votes-page-4.json,matched,polling-station-single-village
2010,中山區,興亞里,興亞里,郝龍斌,1343,data/raw/openfun/tw.gov.cec~txn~candidates-votes/2010/郝龍斌-village-votes-page-4.json,matched,polling-station-single-village
2010,中山區,興亞里,興亞里,蘇貞昌,1444,data/raw/openfun/tw.gov.cec~txn~candidates-votes/2010/蘇貞昌-village-votes-page-4.json,matched,polling-station-single-village
2010,中山區,龍洲里,龍洲里,郝龍斌,2350,data/raw/openfun/tw.gov.cec~txn~candidates-votes/2010/郝龍斌-village-votes-page-4.json,matched,polling-station-single-village
2010,中山區,龍洲里,龍洲里,蘇貞昌,753,data/raw/openfun/tw.gov.cec~txn~candidates-votes/2010/蘇貞昌-village-votes-page-4.json,matched,polling-station-single-village
2010,中正區,三愛里,三愛里,郝龍斌,2562,data/raw/openfun/tw.gov.cec~txn~candidates-votes/2010/郝龍斌-village-votes-page-5.json,matched,polling-station-single-village
2010,中正區,三愛里,三愛里,蘇貞昌,1882,data/raw/openfun/tw.gov.cec~txn~candidates-votes/2010/蘇貞昌-village-votes-page-5.json,matched,polling-station-single-village
2010,中正區,文北里,文北里,郝龍斌,1705,data/raw/openfun/tw.gov.cec~txn~candidates-votes/2010/郝龍斌-village-votes-page-5.json,matched,polling-station-single-village
2010,中正區,文北里,文北里,蘇貞昌,1191,data/raw/openfun/tw.gov.cec~txn~candidates-votes/2010/蘇貞昌-village-votes-page-5.json,matched,polling-station-single-village
2010,中正區,文盛里,文盛里,郝龍斌,862,data/raw/openfun/tw.gov.cec~txn~candidates-votes/2010/郝龍斌-village-votes-page-5.json,matched,polling-station-single-village
2010,中正區,文盛里,文盛里,蘇貞昌,666,data/raw/openfun/tw.gov.cec~txn~candidates-votes/2010/蘇貞昌-village-votes-page-5.json,matched,polling-station-single-village
2010,中正區,文祥里,文祥里,郝龍斌,2441,data/raw/openfun/tw.gov.cec~txn~candidates-votes/2010/郝龍斌-village-votes-page-5.json,matched,polling-station-single-village
2010,中正區,文祥里,文祥里,蘇貞昌,1627,data/raw/openfun/tw.gov.cec~txn~candidates-votes/2010/蘇貞昌-village-votes-page-5.json,matched,polling-station-single-village
2010,中正區,水源里,水源里,郝龍斌,944,data/raw/openfun/tw.gov.cec~txn~candidates-votes/2010/郝龍斌-village-votes-page-5.json,matched,polling-station-single-village
2010,中正區,水源里,水源里,蘇貞昌,757,data/raw/openfun/tw.gov.cec~txn~candidates-votes/2010/蘇貞昌-village-votes-page-5.json,matched,polling-station-single-village
2010,中正區,永功里,永功里,郝龍斌,1861,data/raw/openfun/tw.gov.cec~txn~candidates-votes/2010/郝龍斌-village-votes-page-5.json,matched,polling-station-single-village
2010,中正區,永功里,永功里,蘇貞昌,1681,data/raw/openfun/tw.gov.cec~txn~candidates-votes/2010/蘇貞昌-village-votes-page-5.json,matched,polling-station-single-village
2010,中正區,永昌里,永昌里,郝龍斌,1645,data/raw/openfun/tw.gov.cec~txn~candidates-votes/2010/郝龍斌-village-votes-page-5.json,matched,polling-station-single-village
2010,中正區,永昌里,永昌里,蘇貞昌,1372,data/raw/openfun/tw.gov.cec~txn~candidates-votes/2010/蘇貞昌-village-votes-page-5.json,matched,polling-station-single-village
2010,中正區,光復里,光復里,郝龍斌,1141,data/raw/openfun/tw.gov.cec~txn~candidates-votes/2010/郝龍斌-village-votes-page-5.json,matched,polling-station-single-village
2010,中正區,光復里,光復里,蘇貞昌,887,data/raw/openfun/tw.gov.cec~txn~candidates-votes/2010/蘇貞昌-village-votes-page-5.json,matched,polling-station-single-village
2010,中正區,幸市里,幸市里,郝龍斌,1346,data/raw/openfun/tw.gov.cec~txn~candidates-votes/2010/郝龍斌-village-votes-page-5.json,matched,polling-station-single-village
2010,中正區,幸市里,幸市里,蘇貞昌,1129,data/raw/openfun/tw.gov.cec~txn~candidates-votes/2010/蘇貞昌-village-votes-page-5.json,matched,polling-station-single-village
2010,中正區,幸福里,幸福里,郝龍斌,1415,data/raw/openfun/tw.gov.cec~txn~candidates-votes/2010/郝龍斌-village-votes-page-5.json,matched,polling-station-single-village
2010,中正區,幸福里,幸福里,蘇貞昌,1052,data/raw/openfun/tw.gov.cec~txn~candidates-votes/2010/蘇貞昌-village-votes-page-5.json,matched,polling-station-single-village
2010,中正區,忠勤里,忠勤里,郝龍斌,2169,data/raw/openfun/tw.gov.cec~txn~candidates-votes/2010/郝龍斌-village-votes-page-5.json,matched,polling-station-single-village
2010,中正區,忠勤里,忠勤里,蘇貞昌,1579,data/raw/openfun/tw.gov.cec~txn~candidates-votes/2010/蘇貞昌-village-votes-page-5.json,matched,polling-station-single-village
2010,中正區,東門里,東門里,郝龍斌,1569,data/raw/openfun/tw.gov.cec~txn~candidates-votes/2010/郝龍斌-village-votes-page-5.json,matched,polling-station-single-village
2010,中正區,東門里,東門里,蘇貞昌,819,data/raw/openfun/tw.gov.cec~txn~candidates-votes/2010/蘇貞昌-village-votes-page-5.json,matched,polling-station-single-village
2010,中正區,板溪里,板溪里,郝龍斌,1154,data/raw/openfun/tw.gov.cec~txn~candidates-votes/2010/郝龍斌-village-votes-page-5.json,matched,polling-station-single-village
2010,中正區,板溪里,板溪里,蘇貞昌,808,data/raw/openfun/tw.gov.cec~txn~candidates-votes/2010/蘇貞昌-village-votes-page-5.json,matched,polling-station-single-village
2010,中正區,林興里,林興里,郝龍斌,1711,data/raw/openfun/tw.gov.cec~txn~candidates-votes/2010/郝龍斌-village-votes-page-5.json,matched,polling-station-single-village
2010,中正區,林興里,林興里,蘇貞昌,949,data/raw/openfun/tw.gov.cec~txn~candidates-votes/2010/蘇貞昌-village-votes-page-5.json,matched,polling-station-single-village
2010,中正區,河堤里,河堤里,郝龍斌,1588,data/raw/openfun/tw.gov.cec~txn~candidates-votes/2010/郝龍斌-village-votes-page-5.json,matched,polling-station-single-village
2010,中正區,河堤里,河堤里,蘇貞昌,931,data/raw/openfun/tw.gov.cec~txn~candidates-votes/2010/蘇貞昌-village-votes-page-5.json,matched,polling-station-single-village
2010,中正區,南門里,南門里,郝龍斌,1002,data/raw/openfun/tw.gov.cec~txn~candidates-votes/2010/郝龍斌-village-votes-page-5.json,matched,polling-station-single-village
2010,中正區,南門里,南門里,蘇貞昌,485,data/raw/openfun/tw.gov.cec~txn~candidates-votes/2010/蘇貞昌-village-votes-page-5.json,matched,polling-station-single-village
2010,中正區,南福里,南福里,郝龍斌,3120,data/raw/openfun/tw.gov.cec~txn~candidates-votes/2010/郝龍斌-village-votes-page-5.json,matched,polling-station-single-village
2010,中正區,南福里,南福里,蘇貞昌,1993,data/raw/openfun/tw.gov.cec~txn~candidates-votes/2010/蘇貞昌-village-votes-page-5.json,matched,polling-station-single-village
2010,中正區,建國里,建國里,郝龍斌,464,data/raw/openfun/tw.gov.cec~txn~candidates-votes/2010/郝龍斌-village-votes-page-5.json,matched,polling-station-single-village
2010,中正區,建國里,建國里,蘇貞昌,260,data/raw/openfun/tw.gov.cec~txn~candidates-votes/2010/蘇貞昌-village-votes-page-5.json,matched,polling-station-single-village
2010,中正區,梅花里,梅花里,郝龍斌,1009,data/raw/openfun/tw.gov.cec~txn~candidates-votes/2010/郝龍斌-village-votes-page-5.json,matched,polling-station-single-village
2010,中正區,梅花里,梅花里,蘇貞昌,775,data/raw/openfun/tw.gov.cec~txn~candidates-votes/2010/蘇貞昌-village-votes-page-5.json,matched,polling-station-single-village
2010,中正區,頂東里,頂東里,郝龍斌,2024,data/raw/openfun/tw.gov.cec~txn~candidates-votes/2010/郝龍斌-village-votes-page-5.json,matched,polling-station-single-village
2010,中正區,頂東里,頂東里,蘇貞昌,1475,data/raw/openfun/tw.gov.cec~txn~candidates-votes/2010/蘇貞昌-village-votes-page-5.json,matched,polling-station-single-village
2010,中正區,富水里,富水里,郝龍斌,1215,data/raw/openfun/tw.gov.cec~txn~candidates-votes/2010/郝龍斌-village-votes-page-5.json,matched,polling-station-single-village
2010,中正區,富水里,富水里,蘇貞昌,378,data/raw/openfun/tw.gov.cec~txn~candidates-votes/2010/蘇貞昌-village-votes-page-5.json,matched,polling-station-single-village
2010,中正區,廈安里,廈安里,郝龍斌,1197,data/raw/openfun/tw.gov.cec~txn~candidates-votes/2010/郝龍斌-village-votes-page-5.json,matched,polling-station-single-village
2010,中正區,廈安里,廈安里,蘇貞昌,926,data/raw/openfun/tw.gov.cec~txn~candidates-votes/2010/蘇貞昌-village-votes-page-5.json,matched,polling-station-single-village
2010,中正區,愛國里,愛國里,郝龍斌,1036,data/raw/openfun/tw.gov.cec~txn~candidates-votes/2010/郝龍斌-village-votes-page-5.json,matched,polling-station-single-village
2010,中正區,愛國里,愛國里,蘇貞昌,850,data/raw/openfun/tw.gov.cec~txn~candidates-votes/2010/蘇貞昌-village-votes-page-5.json,matched,polling-station-single-village
2010,中正區,新營里,新營里,郝龍斌,3129,data/raw/openfun/tw.gov.cec~txn~candidates-votes/2010/郝龍斌-village-votes-page-5.json,matched,polling-station-single-village
2010,中正區,新營里,新營里,蘇貞昌,1523,data/raw/openfun/tw.gov.cec~txn~candidates-votes/2010/蘇貞昌-village-votes-page-5.json,matched,polling-station-single-village
2010,中正區,網溪里,網溪里,郝龍斌,1967,data/raw/openfun/tw.gov.cec~txn~candidates-votes/2010/郝龍斌-village-votes-page-5.json,matched,polling-station-single-village
2010,中正區,網溪里,網溪里,蘇貞昌,1311,data/raw/openfun/tw.gov.cec~txn~candidates-votes/2010/蘇貞昌-village-votes-page-5.json,matched,polling-station-single-village
2010,中正區,黎明里,黎明里,郝龍斌,936,data/raw/openfun/tw.gov.cec~txn~candidates-votes/2010/郝龍斌-village-votes-page-5.json,matched,polling-station-single-village
2010,中正區,黎明里,黎明里,蘇貞昌,593,data/raw/openfun/tw.gov.cec~txn~candidates-votes/2010/蘇貞昌-village-votes-page-5.json,matched,polling-station-single-village
2010,中正區,螢圃里,螢圃里,郝龍斌,2010,data/raw/openfun/tw.gov.cec~txn~candidates-votes/2010/郝龍斌-village-votes-page-5.json,matched,polling-station-single-village
2010,中正區,螢圃里,螢圃里,蘇貞昌,1347,data/raw/openfun/tw.gov.cec~txn~candidates-votes/2010/蘇貞昌-village-votes-page-5.json,matched,polling-station-single-village
2010,中正區,螢雪里,螢雪里,郝龍斌,1550,data/raw/openfun/tw.gov.cec~txn~candidates-votes/2010/郝龍斌-village-votes-page-5.json,matched,polling-station-single-village
2010,中正區,螢雪里,螢雪里,蘇貞昌,1158,data/raw/openfun/tw.gov.cec~txn~candidates-votes/2010/蘇貞昌-village-votes-page-5.json,matched,polling-station-single-village
2010,中正區,龍光里,龍光里,郝龍斌,1126,data/raw/openfun/tw.gov.cec~txn~candidates-votes/2010/郝龍斌-village-votes-page-5.json,matched,polling-station-single-village
2010,中正區,龍光里,龍光里,蘇貞昌,699,data/raw/openfun/tw.gov.cec~txn~candidates-votes/2010/蘇貞昌-village-votes-page-5.json,matched,polling-station-single-village
2010,中正區,龍福里,龍福里,郝龍斌,2048,data/raw/openfun/tw.gov.cec~txn~candidates-votes/2010/郝龍斌-village-votes-page-5.json,matched,polling-station-single-village
2010,中正區,龍福里,龍福里,蘇貞昌,1320,data/raw/openfun/tw.gov.cec~txn~candidates-votes/2010/蘇貞昌-village-votes-page-5.json,matched,polling-station-single-village
2010,中正區,龍興里,龍興里,郝龍斌,1199,data/raw/openfun/tw.gov.cec~txn~candidates-votes/2010/郝龍斌-village-votes-page-5.json,matched,polling-station-single-village
2010,中正區,龍興里,龍興里,蘇貞昌,962,data/raw/openfun/tw.gov.cec~txn~candidates-votes/2010/蘇貞昌-village-votes-page-5.json,matched,polling-station-single-village
2010,內湖區,大湖里,大湖里,郝龍斌,1782,data/raw/openfun/tw.gov.cec~txn~candidates-votes/2010/郝龍斌-village-votes-page-1.json,matched,polling-station-single-village
2010,內湖區,大湖里,大湖里,蘇貞昌,1094,data/raw/openfun/tw.gov.cec~txn~candidates-votes/2010/蘇貞昌-village-votes-page-1.json,matched,polling-station-single-village
2010,內湖區,五分里,五分里,郝龍斌,2818,data/raw/openfun/tw.gov.cec~txn~candidates-votes/2010/郝龍斌-village-votes-page-2.json,matched,polling-station-single-village
2010,內湖區,五分里,五分里,蘇貞昌,2390,data/raw/openfun/tw.gov.cec~txn~candidates-votes/2010/蘇貞昌-village-votes-page-2.json,matched,polling-station-single-village
2010,內湖區,內湖里,內湖里,郝龍斌,1992,data/raw/openfun/tw.gov.cec~txn~candidates-votes/2010/郝龍斌-village-votes-page-1.json,matched,polling-station-single-village
2010,內湖區,內湖里,內湖里,蘇貞昌,1331,data/raw/openfun/tw.gov.cec~txn~candidates-votes/2010/蘇貞昌-village-votes-page-1.json,matched,polling-station-single-village
2010,內湖區,內溝里,內溝里,郝龍斌,1464,data/raw/openfun/tw.gov.cec~txn~candidates-votes/2010/郝龍斌-village-votes-page-2.json,matched,polling-station-single-village
2010,內湖區,內溝里,內溝里,蘇貞昌,1136,data/raw/openfun/tw.gov.cec~txn~candidates-votes/2010/蘇貞昌-village-votes-page-2.json,matched,polling-station-single-village
2010,內湖區,石潭里,石潭里,郝龍斌,704,data/raw/openfun/tw.gov.cec~txn~candidates-votes/2010/郝龍斌-village-votes-page-2.json,matched,polling-station-single-village
2010,內湖區,石潭里,石潭里,蘇貞昌,607,data/raw/openfun/tw.gov.cec~txn~candidates-votes/2010/蘇貞昌-village-votes-page-2.json,matched,polling-station-single-village
2010,內湖區,安泰里,安泰里,郝龍斌,1713,data/raw/openfun/tw.gov.cec~txn~candidates-votes/2010/郝龍斌-village-votes-page-2.json,matched,polling-station-single-village
2010,內湖區,安泰里,安泰里,蘇貞昌,1221,data/raw/openfun/tw.gov.cec~txn~candidates-votes/2010/蘇貞昌-village-votes-page-2.json,matched,polling-station-single-village
2010,內湖區,安湖里,安湖里,郝龍斌,2465,data/raw/openfun/tw.gov.cec~txn~candidates-votes/2010/郝龍斌-village-votes-page-2.json,matched,polling-station-single-village
2010,內湖區,安湖里,安湖里,蘇貞昌,1692,data/raw/openfun/tw.gov.cec~txn~candidates-votes/2010/蘇貞昌-village-votes-page-2.json,matched,polling-station-single-village
2010,內湖區,行善里,行善里,郝龍斌,1845,data/raw/openfun/tw.gov.cec~txn~candidates-votes/2010/郝龍斌-village-votes-page-2.json,matched,polling-station-single-village
2010,內湖區,行善里,行善里,蘇貞昌,1774,data/raw/openfun/tw.gov.cec~txn~candidates-votes/2010/蘇貞昌-village-votes-page-2.json,matched,polling-station-single-village
2010,內湖區,西安里,西安里,郝龍斌,2176,data/raw/openfun/tw.gov.cec~txn~candidates-votes/2010/郝龍斌-village-votes-page-1.json,matched,polling-station-single-village
2010,內湖區,西安里,西安里,蘇貞昌,1600,data/raw/openfun/tw.gov.cec~txn~candidates-votes/2010/蘇貞昌-village-votes-page-1.json,matched,polling-station-single-village
2010,內湖區,西康里,西康里,郝龍斌,3103,data/raw/openfun/tw.gov.cec~txn~candidates-votes/2010/郝龍斌-village-votes-page-1.json,matched,polling-station-single-village
2010,內湖區,西康里,西康里,蘇貞昌,1858,data/raw/openfun/tw.gov.cec~txn~candidates-votes/2010/蘇貞昌-village-votes-page-1.json,matched,polling-station-single-village
2010,內湖區,西湖里,西湖里,郝龍斌,2396,data/raw/openfun/tw.gov.cec~txn~candidates-votes/2010/郝龍斌-village-votes-page-1.json,matched,polling-station-single-village
2010,內湖區,西湖里,西湖里,蘇貞昌,2041,data/raw/openfun/tw.gov.cec~txn~candidates-votes/2010/蘇貞昌-village-votes-page-1.json,matched,polling-station-single-village
2010,內湖區,秀湖里,秀湖里,郝龍斌,2133,data/raw/openfun/tw.gov.cec~txn~candidates-votes/2010/郝龍斌-village-votes-page-2.json,matched,polling-station-single-village
2010,內湖區,秀湖里,秀湖里,蘇貞昌,1267,data/raw/openfun/tw.gov.cec~txn~candidates-votes/2010/蘇貞昌-village-votes-page-2.json,matched,polling-station-single-village
2010,內湖區,明湖里,明湖里,郝龍斌,1544,data/raw/openfun/tw.gov.cec~txn~candidates-votes/2010/郝龍斌-village-votes-page-2.json,matched,polling-station-single-village
2010,內湖區,明湖里,明湖里,蘇貞昌,1151,data/raw/openfun/tw.gov.cec~txn~candidates-votes/2010/蘇貞昌-village-votes-page-2.json,matched,polling-station-single-village
2010,內湖區,東湖里,東湖里,郝龍斌,2446,data/raw/openfun/tw.gov.cec~txn~candidates-votes/2010/郝龍斌-village-votes-page-2.json,matched,polling-station-single-village
2010,內湖區,東湖里,東湖里,蘇貞昌,2022,data/raw/openfun/tw.gov.cec~txn~candidates-votes/2010/蘇貞昌-village-votes-page-2.json,matched,polling-station-single-village
2010,內湖區,金湖里,金湖里,郝龍斌,2973,data/raw/openfun/tw.gov.cec~txn~candidates-votes/2010/郝龍斌-village-votes-page-2.json,matched,polling-station-single-village
2010,內湖區,金湖里,金湖里,蘇貞昌,1680,data/raw/openfun/tw.gov.cec~txn~candidates-votes/2010/蘇貞昌-village-votes-page-2.json,matched,polling-station-single-village
2010,內湖區,金瑞里,金瑞里,郝龍斌,2248,data/raw/openfun/tw.gov.cec~txn~candidates-votes/2010/郝龍斌-village-votes-page-1.json,matched,polling-station-single-village
2010,內湖區,金瑞里,金瑞里,蘇貞昌,1635,data/raw/openfun/tw.gov.cec~txn~candidates-votes/2010/蘇貞昌-village-votes-page-1.json,matched,polling-station-single-village
2010,內湖區,金龍里,金龍里,郝龍斌,1836,data/raw/openfun/tw.gov.cec~txn~candidates-votes/2010/郝龍斌-village-votes-page-1.json,matched,polling-station-single-village
2010,內湖區,金龍里,金龍里,蘇貞昌,1349,data/raw/openfun/tw.gov.cec~txn~candidates-votes/2010/蘇貞昌-village-votes-page-1.json,matched,polling-station-single-village
2010,內湖區,南湖里,南湖里,郝龍斌,1689,data/raw/openfun/tw.gov.cec~txn~candidates-votes/2010/郝龍斌-village-votes-page-2.json,matched,polling-station-single-village
2010,內湖區,南湖里,南湖里,蘇貞昌,842,data/raw/openfun/tw.gov.cec~txn~candidates-votes/2010/蘇貞昌-village-votes-page-2.json,matched,polling-station-single-village
2010,內湖區,康寧里,康寧里,郝龍斌,2873,data/raw/openfun/tw.gov.cec~txn~candidates-votes/2010/郝龍斌-village-votes-page-2.json,matched,polling-station-single-village
2010,內湖區,康寧里,康寧里,蘇貞昌,1723,data/raw/openfun/tw.gov.cec~txn~candidates-votes/2010/蘇貞昌-village-votes-page-2.json,matched,polling-station-single-village
2010,內湖區,清白里,清白里,郝龍斌,2809,data/raw/openfun/tw.gov.cec~txn~candidates-votes/2010/郝龍斌-village-votes-page-1.json;data/raw/openfun/tw.gov.cec~txn~candidates-votes/2010/郝龍斌-village-votes-page-2.json,matched,polling-station-single-village
2010,內湖區,清白里,清白里,蘇貞昌,1600,data/raw/openfun/tw.gov.cec~txn~candidates-votes/2010/蘇貞昌-village-votes-page-1.json;data/raw/openfun/tw.gov.cec~txn~candidates-votes/2010/蘇貞昌-village-votes-page-2.json,matched,polling-station-single-village
2010,內湖區,港都里,港都里,郝龍斌,1664,data/raw/openfun/tw.gov.cec~txn~candidates-votes/2010/郝龍斌-village-votes-page-1.json,matched,polling-station-single-village
2010,內湖區,港都里,港都里,蘇貞昌,1420,data/raw/openfun/tw.gov.cec~txn~candidates-votes/2010/蘇貞昌-village-votes-page-1.json,matched,polling-station-single-village
2010,內湖區,港富里,港富里,郝龍斌,2872,data/raw/openfun/tw.gov.cec~txn~candidates-votes/2010/郝龍斌-village-votes-page-1.json,matched,polling-station-single-village
2010,內湖區,港富里,港富里,蘇貞昌,2470,data/raw/openfun/tw.gov.cec~txn~candidates-votes/2010/蘇貞昌-village-votes-page-1.json,matched,polling-station-single-village
2010,內湖區,港華里,港華里,郝龍斌,2798,data/raw/openfun/tw.gov.cec~txn~candidates-votes/2010/郝龍斌-village-votes-page-1.json,matched,polling-station-single-village
2010,內湖區,港華里,港華里,蘇貞昌,2158,data/raw/openfun/tw.gov.cec~txn~candidates-votes/2010/蘇貞昌-village-votes-page-1.json,matched,polling-station-single-village
2010,內湖區,港墘里,港墘里,郝龍斌,1912,data/raw/openfun/tw.gov.cec~txn~candidates-votes/2010/郝龍斌-village-votes-page-1.json,matched,polling-station-single-village
2010,內湖區,港墘里,港墘里,蘇貞昌,1531,data/raw/openfun/tw.gov.cec~txn~candidates-votes/2010/蘇貞昌-village-votes-page-1.json,matched,polling-station-single-village
2010,內湖區,湖元里,湖元里,郝龍斌,1728,data/raw/openfun/tw.gov.cec~txn~candidates-votes/2010/郝龍斌-village-votes-page-2.json,matched,polling-station-single-village
2010,內湖區,湖元里,湖元里,蘇貞昌,1416,data/raw/openfun/tw.gov.cec~txn~candidates-votes/2010/蘇貞昌-village-votes-page-2.json,matched,polling-station-single-village
2010,內湖區,湖興里,湖興里,郝龍斌,2148,data/raw/openfun/tw.gov.cec~txn~candidates-votes/2010/郝龍斌-village-votes-page-2.json,matched,polling-station-single-village
2010,內湖區,湖興里,湖興里,蘇貞昌,1752,data/raw/openfun/tw.gov.cec~txn~candidates-votes/2010/蘇貞昌-village-votes-page-2.json,matched,polling-station-single-village
2010,內湖區,湖濱里,湖濱里,郝龍斌,2869,data/raw/openfun/tw.gov.cec~txn~candidates-votes/2010/郝龍斌-village-votes-page-1.json,matched,polling-station-single-village
2010,內湖區,湖濱里,湖濱里,蘇貞昌,1642,data/raw/openfun/tw.gov.cec~txn~candidates-votes/2010/蘇貞昌-village-votes-page-1.json,matched,polling-station-single-village
2010,內湖區,紫星里,紫星里,郝龍斌,2632,data/raw/openfun/tw.gov.cec~txn~candidates-votes/2010/郝龍斌-village-votes-page-1.json,matched,polling-station-single-village
2010,內湖區,紫星里,紫星里,蘇貞昌,2084,data/raw/openfun/tw.gov.cec~txn~candidates-votes/2010/蘇貞昌-village-votes-page-1.json,matched,polling-station-single-village
2010,內湖區,紫陽里,紫陽里,郝龍斌,2523,data/raw/openfun/tw.gov.cec~txn~candidates-votes/2010/郝龍斌-village-votes-page-2.json,matched,polling-station-single-village
2010,內湖區,紫陽里,紫陽里,蘇貞昌,1833,data/raw/openfun/tw.gov.cec~txn~candidates-votes/2010/蘇貞昌-village-votes-page-2.json,matched,polling-station-single-village
2010,內湖區,紫雲里,紫雲里,郝龍斌,2219,data/raw/openfun/tw.gov.cec~txn~candidates-votes/2010/郝龍斌-village-votes-page-1.json,matched,polling-station-single-village
2010,內湖區,紫雲里,紫雲里,蘇貞昌,1065,data/raw/openfun/tw.gov.cec~txn~candidates-votes/2010/蘇貞昌-village-votes-page-1.json,matched,polling-station-single-village
2010,內湖區,週美里,週美里,郝龍斌,1448,data/raw/openfun/tw.gov.cec~txn~candidates-votes/2010/郝龍斌-village-votes-page-2.json,matched,polling-station-single-village
2010,內湖區,週美里,週美里,蘇貞昌,1731,data/raw/openfun/tw.gov.cec~txn~candidates-votes/2010/蘇貞昌-village-votes-page-2.json,matched,polling-station-single-village
2010,內湖區,瑞光里,瑞光里,郝龍斌,1921,data/raw/openfun/tw.gov.cec~txn~candidates-votes/2010/郝龍斌-village-votes-page-2.json,matched,polling-station-single-village
2010,內湖區,瑞光里,瑞光里,蘇貞昌,859,data/raw/openfun/tw.gov.cec~txn~candidates-votes/2010/蘇貞昌-village-votes-page-2.json,matched,polling-station-single-village
2010,內湖區,瑞陽里,瑞陽里,郝龍斌,3194,data/raw/openfun/tw.gov.cec~txn~candidates-votes/2010/郝龍斌-village-votes-page-2.json,matched,polling-station-single-village
2010,內湖區,瑞陽里,瑞陽里,蘇貞昌,1373,data/raw/openfun/tw.gov.cec~txn~candidates-votes/2010/蘇貞昌-village-votes-page-2.json,matched,polling-station-single-village
2010,內湖區,葫洲里,葫洲里,郝龍斌,2311,data/raw/openfun/tw.gov.cec~txn~candidates-votes/2010/郝龍斌-village-votes-page-2.json,matched,polling-station-single-village
2010,內湖區,葫洲里,葫洲里,蘇貞昌,1231,data/raw/openfun/tw.gov.cec~txn~candidates-votes/2010/蘇貞昌-village-votes-page-2.json,matched,polling-station-single-village
2010,內湖區,碧山里,碧山里,郝龍斌,2246,data/raw/openfun/tw.gov.cec~txn~candidates-votes/2010/郝龍斌-village-votes-page-1.json,matched,polling-station-single-village
2010,內湖區,碧山里,碧山里,蘇貞昌,1654,data/raw/openfun/tw.gov.cec~txn~candidates-votes/2010/蘇貞昌-village-votes-page-1.json,matched,polling-station-single-village
2010,內湖區,樂康里,樂康里,郝龍斌,2536,data/raw/openfun/tw.gov.cec~txn~candidates-votes/2010/郝龍斌-village-votes-page-2.json,matched,polling-station-single-village
2010,內湖區,樂康里,樂康里,蘇貞昌,2073,data/raw/openfun/tw.gov.cec~txn~candidates-votes/2010/蘇貞昌-village-votes-page-2.json,matched,polling-station-single-village
2010,內湖區,麗山里,麗山里,郝龍斌,1602,data/raw/openfun/tw.gov.cec~txn~candidates-votes/2010/郝龍斌-village-votes-page-2.json,matched,polling-station-single-village
2010,內湖區,麗山里,麗山里,蘇貞昌,1483,data/raw/openfun/tw.gov.cec~txn~candidates-votes/2010/蘇貞昌-village-votes-page-2.json,matched,polling-station-single-village
2010,內湖區,寶湖里,寶湖里,郝龍斌,2110,data/raw/openfun/tw.gov.cec~txn~candidates-votes/2010/郝龍斌-village-votes-page-2.json,matched,polling-station-single-village
2010,內湖區,寶湖里,寶湖里,蘇貞昌,1307,data/raw/openfun/tw.gov.cec~txn~candidates-votes/2010/蘇貞昌-village-votes-page-2.json,matched,polling-station-single-village
2010,內湖區,蘆洲里,蘆洲里,郝龍斌,307,data/raw/openfun/tw.gov.cec~txn~candidates-votes/2010/郝龍斌-village-votes-page-2.json,matched,polling-station-single-village
2010,內湖區,蘆洲里,蘆洲里,蘇貞昌,432,data/raw/openfun/tw.gov.cec~txn~candidates-votes/2010/蘇貞昌-village-votes-page-2.json,matched,polling-station-single-village
2010,文山區,木柵里,木柵里,郝龍斌,3393,data/raw/openfun/tw.gov.cec~txn~candidates-votes/2010/郝龍斌-village-votes-page-7.json,matched,polling-station-single-village
2010,文山區,木柵里,木柵里,蘇貞昌,1470,data/raw/openfun/tw.gov.cec~txn~candidates-votes/2010/蘇貞昌-village-votes-page-7.json,matched,polling-station-single-village
2010,文山區,木新里,木新里,郝龍斌,2881,data/raw/openfun/tw.gov.cec~txn~candidates-votes/2010/郝龍斌-village-votes-page-7.json,matched,polling-station-single-village
2010,文山區,木新里,木新里,蘇貞昌,1971,data/raw/openfun/tw.gov.cec~txn~candidates-votes/2010/蘇貞昌-village-votes-page-7.json,matched,polling-station-single-village
2010,文山區,老泉里,老泉里,郝龍斌,195,data/raw/openfun/tw.gov.cec~txn~candidates-votes/2010/郝龍斌-village-votes-page-7.json,matched,polling-station-single-village
2010,文山區,老泉里,老泉里,蘇貞昌,333,data/raw/openfun/tw.gov.cec~txn~candidates-votes/2010/蘇貞昌-village-votes-page-7.json,matched,polling-station-single-village
2010,文山區,忠順里,忠順里,郝龍斌,1618,data/raw/openfun/tw.gov.cec~txn~candidates-votes/2010/郝龍斌-village-votes-page-7.json,matched,polling-station-single-village
2010,文山區,忠順里,忠順里,蘇貞昌,600,data/raw/openfun/tw.gov.cec~txn~candidates-votes/2010/蘇貞昌-village-votes-page-7.json,matched,polling-station-single-village
2010,文山區,明義里,明義里,郝龍斌,1576,data/raw/openfun/tw.gov.cec~txn~candidates-votes/2010/郝龍斌-village-votes-page-7.json,matched,polling-station-single-village
2010,文山區,明義里,明義里,蘇貞昌,770,data/raw/openfun/tw.gov.cec~txn~candidates-votes/2010/蘇貞昌-village-votes-page-7.json,matched,polling-station-single-village
2010,文山區,明興里,明興里,郝龍斌,2636,data/raw/openfun/tw.gov.cec~txn~candidates-votes/2010/郝龍斌-village-votes-page-7.json,matched,polling-station-single-village
2010,文山區,明興里,明興里,蘇貞昌,1267,data/raw/openfun/tw.gov.cec~txn~candidates-votes/2010/蘇貞昌-village-votes-page-7.json,matched,polling-station-single-village
2010,文山區,指南里,指南里,郝龍斌,976,data/raw/openfun/tw.gov.cec~txn~candidates-votes/2010/郝龍斌-village-votes-page-7.json,matched,polling-station-single-village
2010,文山區,指南里,指南里,蘇貞昌,882,data/raw/openfun/tw.gov.cec~txn~candidates-votes/2010/蘇貞昌-village-votes-page-7.json,matched,polling-station-single-village
2010,文山區,政大里,政大里,郝龍斌,2006,data/raw/openfun/tw.gov.cec~txn~candidates-votes/2010/郝龍斌-village-votes-page-7.json,matched,polling-station-single-village
2010,文山區,政大里,政大里,蘇貞昌,1060,data/raw/openfun/tw.gov.cec~txn~candidates-votes/2010/蘇貞昌-village-votes-page-7.json,matched,polling-station-single-village
2010,文山區,博嘉里,博嘉里,郝龍斌,1839,data/raw/openfun/tw.gov.cec~txn~candidates-votes/2010/郝龍斌-village-votes-page-7.json,matched,polling-station-single-village
2010,文山區,博嘉里,博嘉里,蘇貞昌,1174,data/raw/openfun/tw.gov.cec~txn~candidates-votes/2010/蘇貞昌-village-votes-page-7.json,matched,polling-station-single-village
2010,文山區,景仁里,景仁里,郝龍斌,1698,data/raw/openfun/tw.gov.cec~txn~candidates-votes/2010/郝龍斌-village-votes-page-7.json,matched,polling-station-single-village
2010,文山區,景仁里,景仁里,蘇貞昌,950,data/raw/openfun/tw.gov.cec~txn~candidates-votes/2010/蘇貞昌-village-votes-page-7.json,matched,polling-station-single-village
2010,文山區,景行里,景行里,郝龍斌,1926,data/raw/openfun/tw.gov.cec~txn~candidates-votes/2010/郝龍斌-village-votes-page-6.json;data/raw/openfun/tw.gov.cec~txn~candidates-votes/2010/郝龍斌-village-votes-page-7.json,matched,polling-station-single-village
2010,文山區,景行里,景行里,蘇貞昌,1602,data/raw/openfun/tw.gov.cec~txn~candidates-votes/2010/蘇貞昌-village-votes-page-6.json;data/raw/openfun/tw.gov.cec~txn~candidates-votes/2010/蘇貞昌-village-votes-page-7.json,matched,polling-station-single-village
2010,文山區,景東里,景東里,郝龍斌,2613,data/raw/openfun/tw.gov.cec~txn~candidates-votes/2010/郝龍斌-village-votes-page-7.json,matched,polling-station-single-village
2010,文山區,景東里,景東里,蘇貞昌,1181,data/raw/openfun/tw.gov.cec~txn~candidates-votes/2010/蘇貞昌-village-votes-page-7.json,matched,polling-station-single-village
2010,文山區,景美里,景美里,郝龍斌,1810,data/raw/openfun/tw.gov.cec~txn~candidates-votes/2010/郝龍斌-village-votes-page-7.json,matched,polling-station-single-village
2010,文山區,景美里,景美里,蘇貞昌,1106,data/raw/openfun/tw.gov.cec~txn~candidates-votes/2010/蘇貞昌-village-votes-page-7.json,matched,polling-station-single-village
2010,文山區,景華里,景華里,郝龍斌,2139,data/raw/openfun/tw.gov.cec~txn~candidates-votes/2010/郝龍斌-village-votes-page-7.json,matched,polling-station-single-village
2010,文山區,景華里,景華里,蘇貞昌,1218,data/raw/openfun/tw.gov.cec~txn~candidates-votes/2010/蘇貞昌-village-votes-page-7.json,matched,polling-station-single-village
2010,文山區,景慶里,景慶里,郝龍斌,2375,data/raw/openfun/tw.gov.cec~txn~candidates-votes/2010/郝龍斌-village-votes-page-7.json,matched,polling-station-single-village
2010,文山區,景慶里,景慶里,蘇貞昌,1448,data/raw/openfun/tw.gov.cec~txn~candidates-votes/2010/蘇貞昌-village-votes-page-7.json,matched,polling-station-single-village
2010,文山區,華興里,華興里,郝龍斌,3233,data/raw/openfun/tw.gov.cec~txn~candidates-votes/2010/郝龍斌-village-votes-page-7.json,matched,polling-station-single-village
2010,文山區,華興里,華興里,蘇貞昌,1511,data/raw/openfun/tw.gov.cec~txn~candidates-votes/2010/蘇貞昌-village-votes-page-7.json,matched,polling-station-single-village
2010,文山區,順興里,順興里,郝龍斌,2553,data/raw/openfun/tw.gov.cec~txn~candidates-votes/2010/郝龍斌-village-votes-page-7.json,matched,polling-station-single-village
2010,文山區,順興里,順興里,蘇貞昌,1601,data/raw/openfun/tw.gov.cec~txn~candidates-votes/2010/蘇貞昌-village-votes-page-7.json,matched,polling-station-single-village
2010,文山區,萬年里,萬年里,郝龍斌,1942,data/raw/openfun/tw.gov.cec~txn~candidates-votes/2010/郝龍斌-village-votes-page-7.json,matched,polling-station-single-village
2010,文山區,萬年里,萬年里,蘇貞昌,1213,data/raw/openfun/tw.gov.cec~txn~candidates-votes/2010/蘇貞昌-village-votes-page-7.json,matched,polling-station-single-village
2010,文山區,萬有里,萬有里,郝龍斌,1898,data/raw/openfun/tw.gov.cec~txn~candidates-votes/2010/郝龍斌-village-votes-page-7.json,matched,polling-station-single-village
2010,文山區,萬有里,萬有里,蘇貞昌,1046,data/raw/openfun/tw.gov.cec~txn~candidates-votes/2010/蘇貞昌-village-votes-page-7.json,matched,polling-station-single-village
2010,文山區,萬和里,萬和里,郝龍斌,754,data/raw/openfun/tw.gov.cec~txn~candidates-votes/2010/郝龍斌-village-votes-page-7.json,matched,polling-station-single-village
2010,文山區,萬和里,萬和里,蘇貞昌,335,data/raw/openfun/tw.gov.cec~txn~candidates-votes/2010/蘇貞昌-village-votes-page-7.json,matched,polling-station-single-village
2010,文山區,萬芳里,萬芳里,郝龍斌,3025,data/raw/openfun/tw.gov.cec~txn~candidates-votes/2010/郝龍斌-village-votes-page-7.json,matched,polling-station-single-village
2010,文山區,萬芳里,萬芳里,蘇貞昌,1370,data/raw/openfun/tw.gov.cec~txn~candidates-votes/2010/蘇貞昌-village-votes-page-7.json,matched,polling-station-single-village
2010,文山區,萬美里,萬美里,郝龍斌,2608,data/raw/openfun/tw.gov.cec~txn~candidates-votes/2010/郝龍斌-village-votes-page-7.json,matched,polling-station-single-village
2010,文山區,萬美里,萬美里,蘇貞昌,1216,data/raw/openfun/tw.gov.cec~txn~candidates-votes/2010/蘇貞昌-village-votes-page-7.json,matched,polling-station-single-village
2010,文山區,萬盛里,萬盛里,郝龍斌,1766,data/raw/openfun/tw.gov.cec~txn~candidates-votes/2010/郝龍斌-village-votes-page-7.json,matched,polling-station-single-village
2010,文山區,萬盛里,萬盛里,蘇貞昌,864,data/raw/openfun/tw.gov.cec~txn~candidates-votes/2010/蘇貞昌-village-votes-page-7.json,matched,polling-station-single-village
2010,文山區,萬祥里,萬祥里,郝龍斌,1659,data/raw/openfun/tw.gov.cec~txn~candidates-votes/2010/郝龍斌-village-votes-page-7.json,matched,polling-station-single-village
2010,文山區,萬祥里,萬祥里,蘇貞昌,1004,data/raw/openfun/tw.gov.cec~txn~candidates-votes/2010/蘇貞昌-village-votes-page-7.json,matched,polling-station-single-village
2010,文山區,萬隆里,萬隆里,郝龍斌,2777,data/raw/openfun/tw.gov.cec~txn~candidates-votes/2010/郝龍斌-village-votes-page-7.json,matched,polling-station-single-village
2010,文山區,萬隆里,萬隆里,蘇貞昌,1444,data/raw/openfun/tw.gov.cec~txn~candidates-votes/2010/蘇貞昌-village-votes-page-7.json,matched,polling-station-single-village
2010,文山區,萬興里,萬興里,郝龍斌,2726,data/raw/openfun/tw.gov.cec~txn~candidates-votes/2010/郝龍斌-village-votes-page-7.json,matched,polling-station-single-village
2010,文山區,萬興里,萬興里,蘇貞昌,1691,data/raw/openfun/tw.gov.cec~txn~candidates-votes/2010/蘇貞昌-village-votes-page-7.json,matched,polling-station-single-village
2010,文山區,試院里,試院里,郝龍斌,2849,data/raw/openfun/tw.gov.cec~txn~candidates-votes/2010/郝龍斌-village-votes-page-7.json,matched,polling-station-single-village
2010,文山區,試院里,試院里,蘇貞昌,1135,data/raw/openfun/tw.gov.cec~txn~candidates-votes/2010/蘇貞昌-village-votes-page-7.json,matched,polling-station-single-village
2010,文山區,樟文里,樟文里,郝龍斌,2246,data/raw/openfun/tw.gov.cec~txn~candidates-votes/2010/郝龍斌-village-votes-page-7.json,matched,polling-station-single-village
2010,文山區,樟文里,樟文里,蘇貞昌,1391,data/raw/openfun/tw.gov.cec~txn~candidates-votes/2010/蘇貞昌-village-votes-page-7.json,matched,polling-station-single-village
2010,文山區,樟林里,樟林里,郝龍斌,3237,data/raw/openfun/tw.gov.cec~txn~candidates-votes/2010/郝龍斌-village-votes-page-7.json,matched,polling-station-single-village
2010,文山區,樟林里,樟林里,蘇貞昌,1553,data/raw/openfun/tw.gov.cec~txn~candidates-votes/2010/蘇貞昌-village-votes-page-7.json,matched,polling-station-single-village
2010,文山區,樟新里,樟新里,郝龍斌,1967,data/raw/openfun/tw.gov.cec~txn~candidates-votes/2010/郝龍斌-village-votes-page-7.json,matched,polling-station-single-village
2010,文山區,樟新里,樟新里,蘇貞昌,1018,data/raw/openfun/tw.gov.cec~txn~candidates-votes/2010/蘇貞昌-village-votes-page-7.json,matched,polling-station-single-village
2010,文山區,樟腳里,樟腳里,郝龍斌,1891,data/raw/openfun/tw.gov.cec~txn~candidates-votes/2010/郝龍斌-village-votes-page-7.json,matched,polling-station-single-village
2010,文山區,樟腳里,樟腳里,蘇貞昌,1149,data/raw/openfun/tw.gov.cec~txn~candidates-votes/2010/蘇貞昌-village-votes-page-7.json,matched,polling-station-single-village
2010,文山區,樟樹里,樟樹里,郝龍斌,1684,data/raw/openfun/tw.gov.cec~txn~candidates-votes/2010/郝龍斌-village-votes-page-7.json,matched,polling-station-single-village
2010,文山區,樟樹里,樟樹里,蘇貞昌,1012,data/raw/openfun/tw.gov.cec~txn~candidates-votes/2010/蘇貞昌-village-votes-page-7.json,matched,polling-station-single-village
2010,文山區,興光里,興光里,郝龍斌,1201,data/raw/openfun/tw.gov.cec~txn~candidates-votes/2010/郝龍斌-village-votes-page-7.json,matched,polling-station-single-village
2010,文山區,興光里,興光里,蘇貞昌,650,data/raw/openfun/tw.gov.cec~txn~candidates-votes/2010/蘇貞昌-village-votes-page-7.json,matched,polling-station-single-village
2010,文山區,興安里,興安里,郝龍斌,2618,data/raw/openfun/tw.gov.cec~txn~candidates-votes/2010/郝龍斌-village-votes-page-7.json,matched,polling-station-single-village
2010,文山區,興安里,興安里,蘇貞昌,1143,data/raw/openfun/tw.gov.cec~txn~candidates-votes/2010/蘇貞昌-village-votes-page-7.json,matched,polling-station-single-village
2010,文山區,興邦里,興邦里,郝龍斌,1819,data/raw/openfun/tw.gov.cec~txn~candidates-votes/2010/郝龍斌-village-votes-page-7.json,matched,polling-station-single-village
2010,文山區,興邦里,興邦里,蘇貞昌,775,data/raw/openfun/tw.gov.cec~txn~candidates-votes/2010/蘇貞昌-village-votes-page-7.json,matched,polling-station-single-village
2010,文山區,興旺里,興旺里,郝龍斌,2980,data/raw/openfun/tw.gov.cec~txn~candidates-votes/2010/郝龍斌-village-votes-page-7.json,matched,polling-station-single-village
2010,文山區,興旺里,興旺里,蘇貞昌,1233,data/raw/openfun/tw.gov.cec~txn~candidates-votes/2010/蘇貞昌-village-votes-page-7.json,matched,polling-station-single-village
2010,文山區,興昌里,興昌里,郝龍斌,2540,data/raw/openfun/tw.gov.cec~txn~candidates-votes/2010/郝龍斌-village-votes-page-7.json,matched,polling-station-single-village
2010,文山區,興昌里,興昌里,蘇貞昌,1130,data/raw/openfun/tw.gov.cec~txn~candidates-votes/2010/蘇貞昌-village-votes-page-7.json,matched,polling-station-single-village
2010,文山區,興家里,興家里,郝龍斌,2900,data/raw/openfun/tw.gov.cec~txn~candidates-votes/2010/郝龍斌-village-votes-page-7.json,matched,polling-station-single-village
2010,文山區,興家里,興家里,蘇貞昌,1386,data/raw/openfun/tw.gov.cec~txn~candidates-votes/2010/蘇貞昌-village-votes-page-7.json,matched,polling-station-single-village
2010,文山區,興泰里,興泰里,郝龍斌,1476,data/raw/openfun/tw.gov.cec~txn~candidates-votes/2010/郝龍斌-village-votes-page-7.json,matched,polling-station-single-village
2010,文山區,興泰里,興泰里,蘇貞昌,729,data/raw/openfun/tw.gov.cec~txn~candidates-votes/2010/蘇貞昌-village-votes-page-7.json,matched,polling-station-single-village
2010,文山區,興得里,興得里,郝龍斌,2252,data/raw/openfun/tw.gov.cec~txn~candidates-votes/2010/郝龍斌-village-votes-page-7.json,matched,polling-station-single-village
2010,文山區,興得里,興得里,蘇貞昌,1092,data/raw/openfun/tw.gov.cec~txn~candidates-votes/2010/蘇貞昌-village-votes-page-7.json,matched,polling-station-single-village
2010,文山區,興業里,興業里,郝龍斌,2251,data/raw/openfun/tw.gov.cec~txn~candidates-votes/2010/郝龍斌-village-votes-page-7.json,matched,polling-station-single-village
2010,文山區,興業里,興業里,蘇貞昌,874,data/raw/openfun/tw.gov.cec~txn~candidates-votes/2010/蘇貞昌-village-votes-page-7.json,matched,polling-station-single-village
2010,文山區,興福里,興福里,郝龍斌,2211,data/raw/openfun/tw.gov.cec~txn~candidates-votes/2010/郝龍斌-village-votes-page-7.json,matched,polling-station-single-village
2010,文山區,興福里,興福里,蘇貞昌,1251,data/raw/openfun/tw.gov.cec~txn~candidates-votes/2010/蘇貞昌-village-votes-page-7.json,matched,polling-station-single-village
2010,文山區,興豐里,興豐里,郝龍斌,1824,data/raw/openfun/tw.gov.cec~txn~candidates-votes/2010/郝龍斌-village-votes-page-7.json,matched,polling-station-single-village
2010,文山區,興豐里,興豐里,蘇貞昌,924,data/raw/openfun/tw.gov.cec~txn~candidates-votes/2010/蘇貞昌-village-votes-page-7.json,matched,polling-station-single-village
2010,北投區,一德里,一德里,郝龍斌,1677,data/raw/openfun/tw.gov.cec~txn~candidates-votes/2010/郝龍斌-village-votes-page-8.json,matched,polling-station-single-village
2010,北投區,一德里,一德里,蘇貞昌,2162,data/raw/openfun/tw.gov.cec~txn~candidates-votes/2010/蘇貞昌-village-votes-page-8.json,matched,polling-station-single-village
2010,北投區,八仙里,八仙里,郝龍斌,1507,data/raw/openfun/tw.gov.cec~txn~candidates-votes/2010/郝龍斌-village-votes-page-8.json,matched,polling-station-single-village
2010,北投區,八仙里,八仙里,蘇貞昌,1644,data/raw/openfun/tw.gov.cec~txn~candidates-votes/2010/蘇貞昌-village-votes-page-8.json,matched,polling-station-single-village
2010,北投區,大屯里,大屯里,郝龍斌,230,data/raw/openfun/tw.gov.cec~txn~candidates-votes/2010/郝龍斌-village-votes-page-8.json,matched,polling-station-single-village
2010,北投區,大屯里,大屯里,蘇貞昌,533,data/raw/openfun/tw.gov.cec~txn~candidates-votes/2010/蘇貞昌-village-votes-page-8.json,matched,polling-station-single-village
2010,北投區,大同里,大同里,郝龍斌,1587,data/raw/openfun/tw.gov.cec~txn~candidates-votes/2010/郝龍斌-village-votes-page-8.json,matched,polling-station-single-village
2010,北投區,大同里,大同里,蘇貞昌,1928,data/raw/openfun/tw.gov.cec~txn~candidates-votes/2010/蘇貞昌-village-votes-page-8.json,matched,polling-station-single-village
2010,北投區,中心里,中心里,郝龍斌,1775,data/raw/openfun/tw.gov.cec~txn~candidates-votes/2010/郝龍斌-village-votes-page-8.json,matched,polling-station-single-village
2010,北投區,中心里,中心里,蘇貞昌,1562,data/raw/openfun/tw.gov.cec~txn~candidates-votes/2010/蘇貞昌-village-votes-page-8.json,matched,polling-station-single-village
2010,北投區,中央里,中央里,郝龍斌,2187,data/raw/openfun/tw.gov.cec~txn~candidates-votes/2010/郝龍斌-village-votes-page-8.json,matched,polling-station-single-village
2010,北投區,中央里,中央里,蘇貞昌,2722,data/raw/openfun/tw.gov.cec~txn~candidates-votes/2010/蘇貞昌-village-votes-page-8.json,matched,polling-station-single-village
2010,北投區,中和里,中和里,郝龍斌,1608,data/raw/openfun/tw.gov.cec~txn~candidates-votes/2010/郝龍斌-village-votes-page-8.json,matched,polling-station-single-village
2010,北投區,中和里,中和里,蘇貞昌,1281,data/raw/openfun/tw.gov.cec~txn~candidates-votes/2010/蘇貞昌-village-votes-page-8.json,matched,polling-station-single-village
2010,北投區,中庸里,中庸里,郝龍斌,1214,data/raw/openfun/tw.gov.cec~txn~candidates-votes/2010/郝龍斌-village-votes-page-8.json,matched,polling-station-single-village
2010,北投區,中庸里,中庸里,蘇貞昌,1389,data/raw/openfun/tw.gov.cec~txn~candidates-votes/2010/蘇貞昌-village-votes-page-8.json,matched,polling-station-single-village
2010,北投區,文化里,文化里,郝龍斌,1831,data/raw/openfun/tw.gov.cec~txn~candidates-votes/2010/郝龍斌-village-votes-page-8.json,matched,polling-station-single-village
2010,北投區,文化里,文化里,蘇貞昌,732,data/raw/openfun/tw.gov.cec~txn~candidates-votes/2010/蘇貞昌-village-votes-page-8.json,matched,polling-station-single-village
2010,北投區,文林里,文林里,郝龍斌,1220,data/raw/openfun/tw.gov.cec~txn~candidates-votes/2010/郝龍斌-village-votes-page-7.json,matched,polling-station-single-village
2010,北投區,文林里,文林里,蘇貞昌,1379,data/raw/openfun/tw.gov.cec~txn~candidates-votes/2010/蘇貞昌-village-votes-page-7.json,matched,polling-station-single-village
2010,北投區,永和里,永和里,郝龍斌,2552,data/raw/openfun/tw.gov.cec~txn~candidates-votes/2010/郝龍斌-village-votes-page-7.json,matched,polling-station-single-village
2010,北投區,永和里,永和里,蘇貞昌,2300,data/raw/openfun/tw.gov.cec~txn~candidates-votes/2010/蘇貞昌-village-votes-page-7.json,matched,polling-station-single-village
2010,北投區,永明里,永明里,郝龍斌,1581,data/raw/openfun/tw.gov.cec~txn~candidates-votes/2010/郝龍斌-village-votes-page-7.json,matched,polling-station-single-village
2010,北投區,永明里,永明里,蘇貞昌,1277,data/raw/openfun/tw.gov.cec~txn~candidates-votes/2010/蘇貞昌-village-votes-page-7.json,matched,polling-station-single-village
2010,北投區,永欣里,永欣里,郝龍斌,2528,data/raw/openfun/tw.gov.cec~txn~candidates-votes/2010/郝龍斌-village-votes-page-7.json,matched,polling-station-single-village
2010,北投區,永欣里,永欣里,蘇貞昌,1623,data/raw/openfun/tw.gov.cec~txn~candidates-votes/2010/蘇貞昌-village-votes-page-7.json,matched,polling-station-single-village
2010,北投區,石牌里,石牌里,郝龍斌,1510,data/raw/openfun/tw.gov.cec~txn~candidates-votes/2010/郝龍斌-village-votes-page-7.json,matched,polling-station-single-village
2010,北投區,石牌里,石牌里,蘇貞昌,1700,data/raw/openfun/tw.gov.cec~txn~candidates-votes/2010/蘇貞昌-village-votes-page-7.json,matched,polling-station-single-village
2010,北投區,立農里,立農里,郝龍斌,2579,data/raw/openfun/tw.gov.cec~txn~candidates-votes/2010/郝龍斌-village-votes-page-7.json;data/raw/openfun/tw.gov.cec~txn~candidates-votes/2010/郝龍斌-village-votes-page-8.json,matched,polling-station-single-village
2010,北投區,立農里,立農里,蘇貞昌,2649,data/raw/openfun/tw.gov.cec~txn~candidates-votes/2010/蘇貞昌-village-votes-page-7.json;data/raw/openfun/tw.gov.cec~txn~candidates-votes/2010/蘇貞昌-village-votes-page-8.json,matched,polling-station-single-village
2010,北投區,立賢里,立賢里,郝龍斌,1556,data/raw/openfun/tw.gov.cec~txn~candidates-votes/2010/郝龍斌-village-votes-page-7.json,matched,polling-station-single-village
2010,北投區,立賢里,立賢里,蘇貞昌,1635,data/raw/openfun/tw.gov.cec~txn~candidates-votes/2010/蘇貞昌-village-votes-page-7.json,matched,polling-station-single-village
2010,北投區,吉利里,吉利里,郝龍斌,2276,data/raw/openfun/tw.gov.cec~txn~candidates-votes/2010/郝龍斌-village-votes-page-7.json,matched,polling-station-single-village
2010,北投區,吉利里,吉利里,蘇貞昌,1651,data/raw/openfun/tw.gov.cec~txn~candidates-votes/2010/蘇貞昌-village-votes-page-7.json,matched,polling-station-single-village
2010,北投區,吉慶里,吉慶里,郝龍斌,1490,data/raw/openfun/tw.gov.cec~txn~candidates-votes/2010/郝龍斌-village-votes-page-7.json,matched,polling-station-single-village
2010,北投區,吉慶里,吉慶里,蘇貞昌,1584,data/raw/openfun/tw.gov.cec~txn~candidates-votes/2010/蘇貞昌-village-votes-page-7.json,matched,polling-station-single-village
2010,北投區,秀山里,秀山里,郝龍斌,1114,data/raw/openfun/tw.gov.cec~txn~candidates-votes/2010/郝龍斌-village-votes-page-8.json,matched,polling-station-single-village
2010,北投區,秀山里,秀山里,蘇貞昌,959,data/raw/openfun/tw.gov.cec~txn~candidates-votes/2010/蘇貞昌-village-votes-page-8.json,matched,polling-station-single-village
2010,北投區,奇岩里,奇岩里,郝龍斌,2846,data/raw/openfun/tw.gov.cec~txn~candidates-votes/2010/郝龍斌-village-votes-page-8.json,matched,polling-station-single-village
2010,北投區,奇岩里,奇岩里,蘇貞昌,2765,data/raw/openfun/tw.gov.cec~txn~candidates-votes/2010/蘇貞昌-village-votes-page-8.json,matched,polling-station-single-village
2010,北投區,東華里,東華里,郝龍斌,1651,data/raw/openfun/tw.gov.cec~txn~candidates-votes/2010/郝龍斌-village-votes-page-7.json,matched,polling-station-single-village
2010,北投區,東華里,東華里,蘇貞昌,1173,data/raw/openfun/tw.gov.cec~txn~candidates-votes/2010/蘇貞昌-village-votes-page-7.json,matched,polling-station-single-village
2010,北投區,林泉里,林泉里,郝龍斌,1127,data/raw/openfun/tw.gov.cec~txn~candidates-votes/2010/郝龍斌-village-votes-page-8.json,matched,polling-station-single-village
2010,北投區,林泉里,林泉里,蘇貞昌,613,data/raw/openfun/tw.gov.cec~txn~candidates-votes/2010/蘇貞昌-village-votes-page-8.json,matched,polling-station-single-village
2010,北投區,長安里,長安里,郝龍斌,1614,data/raw/openfun/tw.gov.cec~txn~candidates-votes/2010/郝龍斌-village-votes-page-8.json,matched,polling-station-single-village
2010,北投區,長安里,長安里,蘇貞昌,1629,data/raw/openfun/tw.gov.cec~txn~candidates-votes/2010/蘇貞昌-village-votes-page-8.json,matched,polling-station-single-village
2010,北投區,建民里,建民里,郝龍斌,970,data/raw/openfun/tw.gov.cec~txn~candidates-votes/2010/郝龍斌-village-votes-page-7.json,matched,polling-station-single-village
2010,北投區,建民里,建民里,蘇貞昌,1371,data/raw/openfun/tw.gov.cec~txn~candidates-votes/2010/蘇貞昌-village-votes-page-7.json,matched,polling-station-single-village
2010,北投區,泉源里,泉源里,郝龍斌,584,data/raw/openfun/tw.gov.cec~txn~candidates-votes/2010/郝龍斌-village-votes-page-8.json,matched,polling-station-single-village
2010,北投區,泉源里,泉源里,蘇貞昌,814,data/raw/openfun/tw.gov.cec~txn~candidates-votes/2010/蘇貞昌-village-votes-page-8.json,matched,polling-station-single-village
2010,北投區,洲美里,洲美里,郝龍斌,456,data/raw/openfun/tw.gov.cec~txn~candidates-votes/2010/郝龍斌-village-votes-page-8.json,matched,polling-station-single-village
2010,北投區,洲美里,洲美里,蘇貞昌,947,data/raw/openfun/tw.gov.cec~txn~candidates-votes/2010/蘇貞昌-village-votes-page-8.json,matched,polling-station-single-village
2010,北投區,振華里,振華里,郝龍斌,2494,data/raw/openfun/tw.gov.cec~txn~candidates-votes/2010/郝龍斌-village-votes-page-7.json,matched,polling-station-single-village
2010,北投區,振華里,振華里,蘇貞昌,1916,data/raw/openfun/tw.gov.cec~txn~candidates-votes/2010/蘇貞昌-village-votes-page-7.json,matched,polling-station-single-village
2010,北投區,桃源里,桃源里,郝龍斌,1506,data/raw/openfun/tw.gov.cec~txn~candidates-votes/2010/郝龍斌-village-votes-page-8.json,matched,polling-station-single-village
2010,北投區,桃源里,桃源里,蘇貞昌,1778,data/raw/openfun/tw.gov.cec~txn~candidates-votes/2010/蘇貞昌-village-votes-page-8.json,matched,polling-station-single-village
2010,北投區,清江里,清江里,郝龍斌,2320,data/raw/openfun/tw.gov.cec~txn~candidates-votes/2010/郝龍斌-village-votes-page-8.json,matched,polling-station-single-village
2010,北投區,清江里,清江里,蘇貞昌,2666,data/raw/openfun/tw.gov.cec~txn~candidates-votes/2010/蘇貞昌-village-votes-page-8.json,matched,polling-station-single-village
2010,北投區,尊賢里,尊賢里,郝龍斌,1252,data/raw/openfun/tw.gov.cec~txn~candidates-votes/2010/郝龍斌-village-votes-page-7.json,matched,polling-station-single-village
2010,北投區,尊賢里,尊賢里,蘇貞昌,1457,data/raw/openfun/tw.gov.cec~txn~candidates-votes/2010/蘇貞昌-village-votes-page-7.json,matched,polling-station-single-village
2010,北投區,智仁里,智仁里,郝龍斌,1976,data/raw/openfun/tw.gov.cec~txn~candidates-votes/2010/郝龍斌-village-votes-page-8.json,matched,polling-station-single-village
2010,北投區,智仁里,智仁里,蘇貞昌,1550,data/raw/openfun/tw.gov.cec~txn~candidates-votes/2010/蘇貞昌-village-votes-page-8.json,matched,polling-station-single-village
2010,北投區,湖山里,湖山里,郝龍斌,593,data/raw/openfun/tw.gov.cec~txn~candidates-votes/2010/郝龍斌-village-votes-page-8.json,matched,polling-station-single-village
2010,北投區,湖山里,湖山里,蘇貞昌,634,data/raw/openfun/tw.gov.cec~txn~candidates-votes/2010/蘇貞昌-village-votes-page-8.json,matched,polling-station-single-village
2010,北投區,湖田里,湖田里,郝龍斌,357,data/raw/openfun/tw.gov.cec~txn~candidates-votes/2010/郝龍斌-village-votes-page-8.json,matched,polling-station-single-village
2010,北投區,湖田里,湖田里,蘇貞昌,418,data/raw/openfun/tw.gov.cec~txn~candidates-votes/2010/蘇貞昌-village-votes-page-8.json,matched,polling-station-single-village
2010,北投區,開明里,開明里,郝龍斌,2064,data/raw/openfun/tw.gov.cec~txn~candidates-votes/2010/郝龍斌-village-votes-page-8.json,matched,polling-station-single-village
2010,北投區,開明里,開明里,蘇貞昌,1646,data/raw/openfun/tw.gov.cec~txn~candidates-votes/2010/蘇貞昌-village-votes-page-8.json,matched,polling-station-single-village
2010,北投區,溫泉里,溫泉里,郝龍斌,1845,data/raw/openfun/tw.gov.cec~txn~candidates-votes/2010/郝龍斌-village-votes-page-8.json,matched,polling-station-single-village
2010,北投區,溫泉里,溫泉里,蘇貞昌,1905,data/raw/openfun/tw.gov.cec~txn~candidates-votes/2010/蘇貞昌-village-votes-page-8.json,matched,polling-station-single-village
2010,北投區,裕民里,裕民里,郝龍斌,2334,data/raw/openfun/tw.gov.cec~txn~candidates-votes/2010/郝龍斌-village-votes-page-7.json,matched,polling-station-single-village
2010,北投區,裕民里,裕民里,蘇貞昌,2029,data/raw/openfun/tw.gov.cec~txn~candidates-votes/2010/蘇貞昌-village-votes-page-7.json,matched,polling-station-single-village
2010,北投區,榮光里,榮光里,郝龍斌,2132,data/raw/openfun/tw.gov.cec~txn~candidates-votes/2010/郝龍斌-village-votes-page-7.json,matched,polling-station-single-village
2010,北投區,榮光里,榮光里,蘇貞昌,1887,data/raw/openfun/tw.gov.cec~txn~candidates-votes/2010/蘇貞昌-village-votes-page-7.json,matched,polling-station-single-village
2010,北投區,榮華里,榮華里,郝龍斌,2403,data/raw/openfun/tw.gov.cec~txn~candidates-votes/2010/郝龍斌-village-votes-page-7.json,matched,polling-station-single-village
2010,北投區,榮華里,榮華里,蘇貞昌,1932,data/raw/openfun/tw.gov.cec~txn~candidates-votes/2010/蘇貞昌-village-votes-page-7.json,matched,polling-station-single-village
2010,北投區,福興里,福興里,郝龍斌,2013,data/raw/openfun/tw.gov.cec~txn~candidates-votes/2010/郝龍斌-village-votes-page-7.json,matched,polling-station-single-village
2010,北投區,福興里,福興里,蘇貞昌,1994,data/raw/openfun/tw.gov.cec~txn~candidates-votes/2010/蘇貞昌-village-votes-page-7.json,matched,polling-station-single-village
2010,北投區,稻香里,稻香里,郝龍斌,1567,data/raw/openfun/tw.gov.cec~txn~candidates-votes/2010/郝龍斌-village-votes-page-8.json,matched,polling-station-single-village
2010,北投區,稻香里,稻香里,蘇貞昌,1329,data/raw/openfun/tw.gov.cec~txn~candidates-votes/2010/蘇貞昌-village-votes-page-8.json,matched,polling-station-single-village
2010,北投區,豐年里,豐年里,郝龍斌,1377,data/raw/openfun/tw.gov.cec~txn~candidates-votes/2010/郝龍斌-village-votes-page-8.json,matched,polling-station-single-village
2010,北投區,豐年里,豐年里,蘇貞昌,1289,data/raw/openfun/tw.gov.cec~txn~candidates-votes/2010/蘇貞昌-village-votes-page-8.json,matched,polling-station-single-village
2010,北投區,關渡里,關渡里,郝龍斌,3162,data/raw/openfun/tw.gov.cec~txn~candidates-votes/2010/郝龍斌-village-votes-page-8.json,matched,polling-station-single-village
2010,北投區,關渡里,關渡里,蘇貞昌,3211,data/raw/openfun/tw.gov.cec~txn~candidates-votes/2010/蘇貞昌-village-votes-page-8.json,matched,polling-station-single-village
2010,松山區,三民里,三民里,郝龍斌,2315,data/raw/openfun/tw.gov.cec~txn~candidates-votes/2010/郝龍斌-village-votes-page-2.json,matched,polling-station-single-village
2010,松山區,三民里,三民里,蘇貞昌,1481,data/raw/openfun/tw.gov.cec~txn~candidates-votes/2010/蘇貞昌-village-votes-page-2.json,matched,polling-station-single-village
2010,松山區,中正里,中正里,郝龍斌,2671,data/raw/openfun/tw.gov.cec~txn~candidates-votes/2010/郝龍斌-village-votes-page-3.json,matched,polling-station-single-village
2010,松山區,中正里,中正里,蘇貞昌,2260,data/raw/openfun/tw.gov.cec~txn~candidates-votes/2010/蘇貞昌-village-votes-page-3.json,matched,polling-station-single-village
2010,松山區,中崙里,中崙里,郝龍斌,1254,data/raw/openfun/tw.gov.cec~txn~candidates-votes/2010/郝龍斌-village-votes-page-3.json,matched,polling-station-single-village
2010,松山區,中崙里,中崙里,蘇貞昌,945,data/raw/openfun/tw.gov.cec~txn~candidates-votes/2010/蘇貞昌-village-votes-page-3.json,matched,polling-station-single-village
2010,松山區,中華里,中華里,郝龍斌,2131,data/raw/openfun/tw.gov.cec~txn~candidates-votes/2010/郝龍斌-village-votes-page-3.json,matched,polling-station-single-village
2010,松山區,中華里,中華里,蘇貞昌,1332,data/raw/openfun/tw.gov.cec~txn~candidates-votes/2010/蘇貞昌-village-votes-page-3.json,matched,polling-station-single-village
2010,松山區,介壽里,介壽里,郝龍斌,1433,data/raw/openfun/tw.gov.cec~txn~candidates-votes/2010/郝龍斌-village-votes-page-2.json,matched,polling-station-single-village
2010,松山區,介壽里,介壽里,蘇貞昌,1179,data/raw/openfun/tw.gov.cec~txn~candidates-votes/2010/蘇貞昌-village-votes-page-2.json,matched,polling-station-single-village
2010,松山區,民有里,民有里,郝龍斌,2596,data/raw/openfun/tw.gov.cec~txn~candidates-votes/2010/郝龍斌-village-votes-page-3.json,matched,polling-station-single-village
2010,松山區,民有里,民有里,蘇貞昌,2243,data/raw/openfun/tw.gov.cec~txn~candidates-votes/2010/蘇貞昌-village-votes-page-3.json,matched,polling-station-single-village
2010,松山區,民福里,民福里,郝龍斌,2419,data/raw/openfun/tw.gov.cec~txn~candidates-votes/2010/郝龍斌-village-votes-page-3.json,matched,polling-station-single-village
2010,松山區,民福里,民福里,蘇貞昌,1340,data/raw/openfun/tw.gov.cec~txn~candidates-votes/2010/蘇貞昌-village-votes-page-3.json,matched,polling-station-single-village
2010,松山區,吉仁里,吉仁里,郝龍斌,1323,data/raw/openfun/tw.gov.cec~txn~candidates-votes/2010/郝龍斌-village-votes-page-3.json,matched,polling-station-single-village
2010,松山區,吉仁里,吉仁里,蘇貞昌,936,data/raw/openfun/tw.gov.cec~txn~candidates-votes/2010/蘇貞昌-village-votes-page-3.json,matched,polling-station-single-village
2010,松山區,吉祥里,吉祥里,郝龍斌,2747,data/raw/openfun/tw.gov.cec~txn~candidates-votes/2010/郝龍斌-village-votes-page-3.json,matched,polling-station-single-village
2010,松山區,吉祥里,吉祥里,蘇貞昌,1936,data/raw/openfun/tw.gov.cec~txn~candidates-votes/2010/蘇貞昌-village-votes-page-3.json,matched,polling-station-single-village
2010,松山區,安平里,安平里,郝龍斌,2424,data/raw/openfun/tw.gov.cec~txn~candidates-votes/2010/郝龍斌-village-votes-page-3.json,matched,polling-station-single-village
2010,松山區,安平里,安平里,蘇貞昌,2427,data/raw/openfun/tw.gov.cec~txn~candidates-votes/2010/蘇貞昌-village-votes-page-3.json,matched,polling-station-single-village
2010,松山區,自強里,自強里,郝龍斌,4643,data/raw/openfun/tw.gov.cec~txn~candidates-votes/2010/郝龍斌-village-votes-page-3.json,matched,polling-station-single-village
2010,松山區,自強里,自強里,蘇貞昌,957,data/raw/openfun/tw.gov.cec~txn~candidates-votes/2010/蘇貞昌-village-votes-page-3.json,matched,polling-station-single-village
2010,松山區,東光里,東光里,郝龍斌,2510,data/raw/openfun/tw.gov.cec~txn~candidates-votes/2010/郝龍斌-village-votes-page-2.json,matched,polling-station-single-village
2010,松山區,東光里,東光里,蘇貞昌,1568,data/raw/openfun/tw.gov.cec~txn~candidates-votes/2010/蘇貞昌-village-votes-page-2.json,matched,polling-station-single-village
2010,松山區,東昌里,東昌里,郝龍斌,843,data/raw/openfun/tw.gov.cec~txn~candidates-votes/2010/郝龍斌-village-votes-page-2.json,matched,polling-station-single-village
2010,松山區,東昌里,東昌里,蘇貞昌,700,data/raw/openfun/tw.gov.cec~txn~candidates-votes/2010/蘇貞昌-village-votes-page-2.json,matched,polling-station-single-village
2010,松山區,東勢里,東勢里,郝龍斌,1404,data/raw/openfun/tw.gov.cec~txn~candidates-votes/2010/郝龍斌-village-votes-page-2.json;data/raw/openfun/tw.gov.cec~txn~candidates-votes/2010/郝龍斌-village-votes-page-3.json,matched,polling-station-single-village
2010,松山區,東勢里,東勢里,蘇貞昌,1124,data/raw/openfun/tw.gov.cec~txn~candidates-votes/2010/蘇貞昌-village-votes-page-2.json;data/raw/openfun/tw.gov.cec~txn~candidates-votes/2010/蘇貞昌-village-votes-page-3.json,matched,polling-station-single-village
2010,松山區,東榮里,東榮里,郝龍斌,2674,data/raw/openfun/tw.gov.cec~txn~candidates-votes/2010/郝龍斌-village-votes-page-2.json,matched,polling-station-single-village
2010,松山區,東榮里,東榮里,蘇貞昌,1938,data/raw/openfun/tw.gov.cec~txn~candidates-votes/2010/蘇貞昌-village-votes-page-2.json,matched,polling-station-single-village
2010,松山區,松基里,松基里,郝龍斌,1213,data/raw/openfun/tw.gov.cec~txn~candidates-votes/2010/郝龍斌-village-votes-page-3.json,matched,polling-station-single-village
2010,松山區,松基里,松基里,蘇貞昌,1079,data/raw/openfun/tw.gov.cec~txn~candidates-votes/2010/蘇貞昌-village-votes-page-3.json,matched,polling-station-single-village
2010,松山區,美仁里,美仁里,郝龍斌,991,data/raw/openfun/tw.gov.cec~txn~candidates-votes/2010/郝龍斌-village-votes-page-3.json,matched,polling-station-single-village
2010,松山區,美仁里,美仁里,蘇貞昌,892,data/raw/openfun/tw.gov.cec~txn~candidates-votes/2010/蘇貞昌-village-votes-page-3.json,matched,polling-station-single-village
2010,松山區,莊敬里,莊敬里,郝龍斌,1930,data/raw/openfun/tw.gov.cec~txn~candidates-votes/2010/郝龍斌-village-votes-page-2.json,matched,polling-station-single-village
2010,松山區,莊敬里,莊敬里,蘇貞昌,1329,data/raw/openfun/tw.gov.cec~txn~candidates-votes/2010/蘇貞昌-village-votes-page-2.json,matched,polling-station-single-village
2010,松山區,富泰里,富泰里,郝龍斌,1697,data/raw/openfun/tw.gov.cec~txn~candidates-votes/2010/郝龍斌-village-votes-page-2.json,matched,polling-station-single-village
2010,松山區,富泰里,富泰里,蘇貞昌,839,data/raw/openfun/tw.gov.cec~txn~candidates-votes/2010/蘇貞昌-village-votes-page-2.json,matched,polling-station-single-village
2010,松山區,富錦里,富錦里,郝龍斌,1744,data/raw/openfun/tw.gov.cec~txn~candidates-votes/2010/郝龍斌-village-votes-page-2.json,matched,polling-station-single-village
2010,松山區,富錦里,富錦里,蘇貞昌,1155,data/raw/openfun/tw.gov.cec~txn~candidates-votes/2010/蘇貞昌-village-votes-page-2.json,matched,polling-station-single-village
2010,松山區,復建里,復建里,郝龍斌,1445,data/raw/openfun/tw.gov.cec~txn~candidates-votes/2010/郝龍斌-village-votes-page-3.json,matched,polling-station-single-village
2010,松山區,復建里,復建里,蘇貞昌,917,data/raw/openfun/tw.gov.cec~txn~candidates-votes/2010/蘇貞昌-village-votes-page-3.json,matched,polling-station-single-village
2010,松山區,復盛里,復盛里,郝龍斌,2310,data/raw/openfun/tw.gov.cec~txn~candidates-votes/2010/郝龍斌-village-votes-page-3.json,matched,polling-station-single-village
2010,松山區,復盛里,復盛里,蘇貞昌,1563,data/raw/openfun/tw.gov.cec~txn~candidates-votes/2010/蘇貞昌-village-votes-page-3.json,matched,polling-station-single-village
2010,松山區,復勢里,復勢里,郝龍斌,1850,data/raw/openfun/tw.gov.cec~txn~candidates-votes/2010/郝龍斌-village-votes-page-3.json,matched,polling-station-single-village
2010,松山區,復勢里,復勢里,蘇貞昌,1653,data/raw/openfun/tw.gov.cec~txn~candidates-votes/2010/蘇貞昌-village-votes-page-3.json,matched,polling-station-single-village
2010,松山區,復源里,復源里,郝龍斌,1083,data/raw/openfun/tw.gov.cec~txn~candidates-votes/2010/郝龍斌-village-votes-page-3.json,matched,polling-station-single-village
2010,松山區,復源里,復源里,蘇貞昌,747,data/raw/openfun/tw.gov.cec~txn~candidates-votes/2010/蘇貞昌-village-votes-page-3.json,matched,polling-station-single-village
2010,松山區,敦化里,敦化里,郝龍斌,2123,data/raw/openfun/tw.gov.cec~txn~candidates-votes/2010/郝龍斌-village-votes-page-3.json,matched,polling-station-single-village
2010,松山區,敦化里,敦化里,蘇貞昌,1892,data/raw/openfun/tw.gov.cec~txn~candidates-votes/2010/蘇貞昌-village-votes-page-3.json,matched,polling-station-single-village
2010,松山區,新東里,新東里,郝龍斌,1588,data/raw/openfun/tw.gov.cec~txn~candidates-votes/2010/郝龍斌-village-votes-page-2.json,matched,polling-station-single-village
2010,松山區,新東里,新東里,蘇貞昌,1180,data/raw/openfun/tw.gov.cec~txn~candidates-votes/2010/蘇貞昌-village-votes-page-2.json,matched,polling-station-single-village
2010,松山區,新益里,新益里,郝龍斌,1457,data/raw/openfun/tw.gov.cec~txn~candidates-votes/2010/郝龍斌-village-votes-page-2.json,matched,polling-station-single-village
2010,松山區,新益里,新益里,蘇貞昌,1260,data/raw/openfun/tw.gov.cec~txn~candidates-votes/2010/蘇貞昌-village-votes-page-2.json,matched,polling-station-single-village
2010,松山區,新聚里,新聚里,郝龍斌,2400,data/raw/openfun/tw.gov.cec~txn~candidates-votes/2010/郝龍斌-village-votes-page-3.json,matched,polling-station-single-village
2010,松山區,新聚里,新聚里,蘇貞昌,2086,data/raw/openfun/tw.gov.cec~txn~candidates-votes/2010/蘇貞昌-village-votes-page-3.json,matched,polling-station-single-village
2010,松山區,慈祐里,慈祐里,郝龍斌,1691,data/raw/openfun/tw.gov.cec~txn~candidates-votes/2010/郝龍斌-village-votes-page-3.json,matched,polling-station-single-village
2010,松山區,慈祐里,慈祐里,蘇貞昌,1922,data/raw/openfun/tw.gov.cec~txn~candidates-votes/2010/蘇貞昌-village-votes-page-3.json,matched,polling-station-single-village
2010,松山區,福成里,福成里,郝龍斌,806,data/raw/openfun/tw.gov.cec~txn~candidates-votes/2010/郝龍斌-village-votes-page-3.json,matched,polling-station-single-village
2010,松山區,福成里,福成里,蘇貞昌,665,data/raw/openfun/tw.gov.cec~txn~candidates-votes/2010/蘇貞昌-village-votes-page-3.json,matched,polling-station-single-village
2010,松山區,精忠里,精忠里,郝龍斌,1480,data/raw/openfun/tw.gov.cec~txn~candidates-votes/2010/郝龍斌-village-votes-page-2.json,matched,polling-station-single-village
2010,松山區,精忠里,精忠里,蘇貞昌,928,data/raw/openfun/tw.gov.cec~txn~candidates-votes/2010/蘇貞昌-village-votes-page-2.json,matched,polling-station-single-village
2010,松山區,龍田里,龍田里,郝龍斌,4100,data/raw/openfun/tw.gov.cec~txn~candidates-votes/2010/郝龍斌-village-votes-page-2.json,matched,polling-station-single-village
2010,松山區,龍田里,龍田里,蘇貞昌,1491,data/raw/openfun/tw.gov.cec~txn~candidates-votes/2010/蘇貞昌-village-votes-page-2.json,matched,polling-station-single-village
2010,松山區,鵬程里,鵬程里,郝龍斌,2260,data/raw/openfun/tw.gov.cec~txn~candidates-votes/2010/郝龍斌-village-votes-page-3.json,matched,polling-station-single-village
2010,松山區,鵬程里,鵬程里,蘇貞昌,1028,data/raw/openfun/tw.gov.cec~txn~candidates-votes/2010/蘇貞昌-village-votes-page-3.json,matched,polling-station-single-village
2010,信義區,三張里,三張里,郝龍斌,3345,data/raw/openfun/tw.gov.cec~txn~candidates-votes/2010/郝龍斌-village-votes-page-3.json,matched,polling-station-single-village
2010,信義區,三張里,三張里,蘇貞昌,1886,data/raw/openfun/tw.gov.cec~txn~candidates-votes/2010/蘇貞昌-village-votes-page-3.json,matched,polling-station-single-village
2010,信義區,三犁里,三犁里,郝龍斌,1820,data/raw/openfun/tw.gov.cec~txn~candidates-votes/2010/郝龍斌-village-votes-page-3.json,matched,polling-station-single-village
2010,信義區,三犁里,三犁里,蘇貞昌,1064,data/raw/openfun/tw.gov.cec~txn~candidates-votes/2010/蘇貞昌-village-votes-page-3.json,matched,polling-station-single-village
2010,信義區,大仁里,大仁里,郝龍斌,1463,data/raw/openfun/tw.gov.cec~txn~candidates-votes/2010/郝龍斌-village-votes-page-3.json,matched,polling-station-single-village
2010,信義區,大仁里,大仁里,蘇貞昌,1235,data/raw/openfun/tw.gov.cec~txn~candidates-votes/2010/蘇貞昌-village-votes-page-3.json,matched,polling-station-single-village
2010,信義區,大道里,大道里,郝龍斌,2028,data/raw/openfun/tw.gov.cec~txn~candidates-votes/2010/郝龍斌-village-votes-page-3.json,matched,polling-station-single-village
2010,信義區,大道里,大道里,蘇貞昌,1708,data/raw/openfun/tw.gov.cec~txn~candidates-votes/2010/蘇貞昌-village-votes-page-3.json,matched,polling-station-single-village
2010,信義區,中行里,中行里,郝龍斌,2422,data/raw/openfun/tw.gov.cec~txn~candidates-votes/2010/郝龍斌-village-votes-page-3.json,matched,polling-station-single-village
2010,信義區,中行里,中行里,蘇貞昌,2200,data/raw/openfun/tw.gov.cec~txn~candidates-votes/2010/蘇貞昌-village-votes-page-3.json,matched,polling-station-single-village
2010,信義區,中坡里,中坡里,郝龍斌,1544,data/raw/openfun/tw.gov.cec~txn~candidates-votes/2010/郝龍斌-village-votes-page-3.json,matched,polling-station-single-village
2010,信義區,中坡里,中坡里,蘇貞昌,1215,data/raw/openfun/tw.gov.cec~txn~candidates-votes/2010/蘇貞昌-village-votes-page-3.json,matched,polling-station-single-village
2010,信義區,中興里,中興里,郝龍斌,1073,data/raw/openfun/tw.gov.cec~txn~candidates-votes/2010/郝龍斌-village-votes-page-3.json,matched,polling-station-single-village
2010,信義區,中興里,中興里,蘇貞昌,658,data/raw/openfun/tw.gov.cec~txn~candidates-votes/2010/蘇貞昌-village-votes-page-3.json,matched,polling-station-single-village
2010,信義區,五全里,五全里,郝龍斌,1559,data/raw/openfun/tw.gov.cec~txn~candidates-votes/2010/郝龍斌-village-votes-page-3.json,matched,polling-station-single-village
2010,信義區,五全里,五全里,蘇貞昌,1530,data/raw/openfun/tw.gov.cec~txn~candidates-votes/2010/蘇貞昌-village-votes-page-3.json,matched,polling-station-single-village
2010,信義區,五常里,五常里,郝龍斌,1210,data/raw/openfun/tw.gov.cec~txn~candidates-votes/2010/郝龍斌-village-votes-page-3.json,matched,polling-station-single-village
2010,信義區,五常里,五常里,蘇貞昌,947,data/raw/openfun/tw.gov.cec~txn~candidates-votes/2010/蘇貞昌-village-votes-page-3.json,matched,polling-station-single-village
2010,信義區,六合里,六合里,郝龍斌,2641,data/raw/openfun/tw.gov.cec~txn~candidates-votes/2010/郝龍斌-village-votes-page-3.json,matched,polling-station-single-village
2010,信義區,六合里,六合里,蘇貞昌,1150,data/raw/openfun/tw.gov.cec~txn~candidates-votes/2010/蘇貞昌-village-votes-page-3.json,matched,polling-station-single-village
2010,信義區,六藝里,六藝里,郝龍斌,1145,data/raw/openfun/tw.gov.cec~txn~candidates-votes/2010/郝龍斌-village-votes-page-3.json,matched,polling-station-single-village
2010,信義區,六藝里,六藝里,蘇貞昌,1085,data/raw/openfun/tw.gov.cec~txn~candidates-votes/2010/蘇貞昌-village-votes-page-3.json,matched,polling-station-single-village
2010,信義區,四育里,四育里,郝龍斌,1728,data/raw/openfun/tw.gov.cec~txn~candidates-votes/2010/郝龍斌-village-votes-page-3.json,matched,polling-station-single-village
2010,信義區,四育里,四育里,蘇貞昌,1671,data/raw/openfun/tw.gov.cec~txn~candidates-votes/2010/蘇貞昌-village-votes-page-3.json,matched,polling-station-single-village
2010,信義區,四維里,四維里,郝龍斌,1925,data/raw/openfun/tw.gov.cec~txn~candidates-votes/2010/郝龍斌-village-votes-page-3.json,matched,polling-station-single-village
2010,信義區,四維里,四維里,蘇貞昌,1210,data/raw/openfun/tw.gov.cec~txn~candidates-votes/2010/蘇貞昌-village-votes-page-3.json,matched,polling-station-single-village
2010,信義區,正和里,正和里,郝龍斌,1833,data/raw/openfun/tw.gov.cec~txn~candidates-votes/2010/郝龍斌-village-votes-page-3.json,matched,polling-station-single-village
2010,信義區,正和里,正和里,蘇貞昌,857,data/raw/openfun/tw.gov.cec~txn~candidates-votes/2010/蘇貞昌-village-votes-page-3.json,matched,polling-station-single-village
2010,信義區,永吉里,永吉里,郝龍斌,1000,data/raw/openfun/tw.gov.cec~txn~candidates-votes/2010/郝龍斌-village-votes-page-3.json,matched,polling-station-single-village
2010,信義區,永吉里,永吉里,蘇貞昌,1439,data/raw/openfun/tw.gov.cec~txn~candidates-votes/2010/蘇貞昌-village-votes-page-3.json,matched,polling-station-single-village
2010,信義區,永春里,永春里,郝龍斌,1580,data/raw/openfun/tw.gov.cec~txn~candidates-votes/2010/郝龍斌-village-votes-page-3.json,matched,polling-station-single-village
2010,信義區,永春里,永春里,蘇貞昌,1433,data/raw/openfun/tw.gov.cec~txn~candidates-votes/2010/蘇貞昌-village-votes-page-3.json,matched,polling-station-single-village
2010,信義區,安康里,安康里,郝龍斌,3185,data/raw/openfun/tw.gov.cec~txn~candidates-votes/2010/郝龍斌-village-votes-page-3.json,matched,polling-station-single-village
2010,信義區,安康里,安康里,蘇貞昌,2024,data/raw/openfun/tw.gov.cec~txn~candidates-votes/2010/蘇貞昌-village-votes-page-3.json,matched,polling-station-single-village
2010,信義區,西村里,西村里,郝龍斌,2162,data/raw/openfun/tw.gov.cec~txn~candidates-votes/2010/郝龍斌-village-votes-page-3.json,matched,polling-station-single-village
2010,信義區,西村里,西村里,蘇貞昌,619,data/raw/openfun/tw.gov.cec~txn~candidates-votes/2010/蘇貞昌-village-votes-page-3.json,matched,polling-station-single-village
2010,信義區,松友里,松友里,郝龍斌,2279,data/raw/openfun/tw.gov.cec~txn~candidates-votes/2010/郝龍斌-village-votes-page-3.json,matched,polling-station-single-village
2010,信義區,松友里,松友里,蘇貞昌,1473,data/raw/openfun/tw.gov.cec~txn~candidates-votes/2010/蘇貞昌-village-votes-page-3.json,matched,polling-station-single-village
2010,信義區,松光里,松光里,郝龍斌,1668,data/raw/openfun/tw.gov.cec~txn~candidates-votes/2010/郝龍斌-village-votes-page-3.json,matched,polling-station-single-village
2010,信義區,松光里,松光里,蘇貞昌,1405,data/raw/openfun/tw.gov.cec~txn~candidates-votes/2010/蘇貞昌-village-votes-page-3.json,matched,polling-station-single-village
2010,信義區,松隆里,松隆里,郝龍斌,727,data/raw/openfun/tw.gov.cec~txn~candidates-votes/2010/郝龍斌-village-votes-page-3.json,matched,polling-station-single-village
2010,信義區,松隆里,松隆里,蘇貞昌,574,data/raw/openfun/tw.gov.cec~txn~candidates-votes/2010/蘇貞昌-village-votes-page-3.json,matched,polling-station-single-village
2010,信義區,長春里,長春里,郝龍斌,1221,data/raw/openfun/tw.gov.cec~txn~candidates-votes/2010/郝龍斌-village-votes-page-3.json,matched,polling-station-single-village
2010,信義區,長春里,長春里,蘇貞昌,1211,data/raw/openfun/tw.gov.cec~txn~candidates-votes/2010/蘇貞昌-village-votes-page-3.json,matched,polling-station-single-village
2010,信義區,泰和里,泰和里,郝龍斌,2777,data/raw/openfun/tw.gov.cec~txn~candidates-votes/2010/郝龍斌-village-votes-page-3.json,matched,polling-station-single-village
2010,信義區,泰和里,泰和里,蘇貞昌,1754,data/raw/openfun/tw.gov.cec~txn~candidates-votes/2010/蘇貞昌-village-votes-page-3.json,matched,polling-station-single-village
2010,信義區,國業里,國業里,郝龍斌,2576,data/raw/openfun/tw.gov.cec~txn~candidates-votes/2010/郝龍斌-village-votes-page-3.json,matched,polling-station-single-village
2010,信義區,國業里,國業里,蘇貞昌,1677,data/raw/openfun/tw.gov.cec~txn~candidates-votes/2010/蘇貞昌-village-votes-page-3.json,matched,polling-station-single-village
2010,信義區,富台里,富台里,郝龍斌,1731,data/raw/openfun/tw.gov.cec~txn~candidates-votes/2010/郝龍斌-village-votes-page-3.json,matched,polling-station-single-village
2010,信義區,富台里,富台里,蘇貞昌,725,data/raw/openfun/tw.gov.cec~txn~candidates-votes/2010/蘇貞昌-village-votes-page-3.json,matched,polling-station-single-village
2010,信義區,惠安里,惠安里,郝龍斌,2521,data/raw/openfun/tw.gov.cec~txn~candidates-votes/2010/郝龍斌-village-votes-page-3.json,matched,polling-station-single-village
2010,信義區,惠安里,惠安里,蘇貞昌,1320,data/raw/openfun/tw.gov.cec~txn~candidates-votes/2010/蘇貞昌-village-votes-page-3.json,matched,polling-station-single-village
2010,信義區,敦厚里,敦厚里,郝龍斌,1638,data/raw/openfun/tw.gov.cec~txn~candidates-votes/2010/郝龍斌-village-votes-page-3.json,matched,polling-station-single-village
2010,信義區,敦厚里,敦厚里,蘇貞昌,1123,data/raw/openfun/tw.gov.cec~txn~candidates-votes/2010/蘇貞昌-village-votes-page-3.json,matched,polling-station-single-village
2010,信義區,景勤里,景勤里,郝龍斌,1580,data/raw/openfun/tw.gov.cec~txn~candidates-votes/2010/郝龍斌-village-votes-page-3.json,matched,polling-station-single-village
2010,信義區,景勤里,景勤里,蘇貞昌,933,data/raw/openfun/tw.gov.cec~txn~candidates-votes/2010/蘇貞昌-village-votes-page-3.json,matched,polling-station-single-village
2010,信義區,景新里,景新里,郝龍斌,1816,data/raw/openfun/tw.gov.cec~txn~candidates-votes/2010/郝龍斌-village-votes-page-3.json,matched,polling-station-single-village
2010,信義區,景新里,景新里,蘇貞昌,970,data/raw/openfun/tw.gov.cec~txn~candidates-votes/2010/蘇貞昌-village-votes-page-3.json,matched,polling-station-single-village
2010,信義區,景聯里,景聯里,郝龍斌,1639,data/raw/openfun/tw.gov.cec~txn~candidates-votes/2010/郝龍斌-village-votes-page-3.json,matched,polling-station-single-village
2010,信義區,景聯里,景聯里,蘇貞昌,1074,data/raw/openfun/tw.gov.cec~txn~candidates-votes/2010/蘇貞昌-village-votes-page-3.json,matched,polling-station-single-village
2010,信義區,雅祥里,雅祥里,郝龍斌,1465,data/raw/openfun/tw.gov.cec~txn~candidates-votes/2010/郝龍斌-village-votes-page-3.json,matched,polling-station-single-village
2010,信義區,雅祥里,雅祥里,蘇貞昌,1359,data/raw/openfun/tw.gov.cec~txn~candidates-votes/2010/蘇貞昌-village-votes-page-3.json,matched,polling-station-single-village
2010,信義區,新仁里,新仁里,郝龍斌,1311,data/raw/openfun/tw.gov.cec~txn~candidates-votes/2010/郝龍斌-village-votes-page-3.json,matched,polling-station-single-village
2010,信義區,新仁里,新仁里,蘇貞昌,620,data/raw/openfun/tw.gov.cec~txn~candidates-votes/2010/蘇貞昌-village-votes-page-3.json,matched,polling-station-single-village
2010,信義區,嘉興里,嘉興里,郝龍斌,1130,data/raw/openfun/tw.gov.cec~txn~candidates-votes/2010/郝龍斌-village-votes-page-3.json,matched,polling-station-single-village
2010,信義區,嘉興里,嘉興里,蘇貞昌,881,data/raw/openfun/tw.gov.cec~txn~candidates-votes/2010/蘇貞昌-village-votes-page-3.json,matched,polling-station-single-village
2010,信義區,廣居里,廣居里,郝龍斌,2774,data/raw/openfun/tw.gov.cec~txn~candidates-votes/2010/郝龍斌-village-votes-page-3.json,matched,polling-station-single-village
2010,信義區,廣居里,廣居里,蘇貞昌,1674,data/raw/openfun/tw.gov.cec~txn~candidates-votes/2010/蘇貞昌-village-votes-page-3.json,matched,polling-station-single-village
2010,信義區,黎平里,黎平里,郝龍斌,2551,data/raw/openfun/tw.gov.cec~txn~candidates-votes/2010/郝龍斌-village-votes-page-3.json;data/raw/openfun/tw.gov.cec~txn~candidates-votes/2010/郝龍斌-village-votes-page-4.json,matched,polling-station-single-village
2010,信義區,黎平里,黎平里,蘇貞昌,1569,data/raw/openfun/tw.gov.cec~txn~candidates-votes/2010/蘇貞昌-village-votes-page-3.json;data/raw/openfun/tw.gov.cec~txn~candidates-votes/2010/蘇貞昌-village-votes-page-4.json,matched,polling-station-single-village
2010,信義區,黎安里,黎安里,郝龍斌,1032,data/raw/openfun/tw.gov.cec~txn~candidates-votes/2010/郝龍斌-village-votes-page-4.json,matched,polling-station-single-village
2010,信義區,黎安里,黎安里,蘇貞昌,366,data/raw/openfun/tw.gov.cec~txn~candidates-votes/2010/蘇貞昌-village-votes-page-4.json,matched,polling-station-single-village
2010,信義區,黎忠里,黎忠里,郝龍斌,1697,data/raw/openfun/tw.gov.cec~txn~candidates-votes/2010/郝龍斌-village-votes-page-4.json,matched,polling-station-single-village
2010,信義區,黎忠里,黎忠里,蘇貞昌,1149,data/raw/openfun/tw.gov.cec~txn~candidates-votes/2010/蘇貞昌-village-votes-page-4.json,matched,polling-station-single-village
2010,信義區,黎順里,黎順里,郝龍斌,1344,data/raw/openfun/tw.gov.cec~txn~candidates-votes/2010/郝龍斌-village-votes-page-3.json,matched,polling-station-single-village
2010,信義區,黎順里,黎順里,蘇貞昌,865,data/raw/openfun/tw.gov.cec~txn~candidates-votes/2010/蘇貞昌-village-votes-page-3.json,matched,polling-station-single-village
2010,信義區,興隆里,興隆里,郝龍斌,1043,data/raw/openfun/tw.gov.cec~txn~candidates-votes/2010/郝龍斌-village-votes-page-3.json,matched,polling-station-single-village
2010,信義區,興隆里,興隆里,蘇貞昌,589,data/raw/openfun/tw.gov.cec~txn~candidates-votes/2010/蘇貞昌-village-votes-page-3.json,matched,polling-station-single-village
2010,信義區,興雅里,興雅里,郝龍斌,1934,data/raw/openfun/tw.gov.cec~txn~candidates-votes/2010/郝龍斌-village-votes-page-3.json,matched,polling-station-single-village
2010,信義區,興雅里,興雅里,蘇貞昌,1383,data/raw/openfun/tw.gov.cec~txn~candidates-votes/2010/蘇貞昌-village-votes-page-3.json,matched,polling-station-single-village
2010,信義區,雙和里,雙和里,郝龍斌,2677,data/raw/openfun/tw.gov.cec~txn~candidates-votes/2010/郝龍斌-village-votes-page-3.json,matched,polling-station-single-village
2010,信義區,雙和里,雙和里,蘇貞昌,1547,data/raw/openfun/tw.gov.cec~txn~candidates-votes/2010/蘇貞昌-village-votes-page-3.json,matched,polling-station-single-village
2010,南港區,九如里,九如里,郝龍斌,2260,data/raw/openfun/tw.gov.cec~txn~candidates-votes/2010/郝龍斌-village-votes-page-2.json,matched,polling-station-single-village
2010,南港區,九如里,九如里,蘇貞昌,1380,data/raw/openfun/tw.gov.cec~txn~candidates-votes/2010/蘇貞昌-village-votes-page-2.json,matched,polling-station-single-village
2010,南港區,三重里,三重里,郝龍斌,1222,data/raw/openfun/tw.gov.cec~txn~candidates-votes/2010/郝龍斌-village-votes-page-2.json,matched,polling-station-single-village
2010,南港區,三重里,三重里,蘇貞昌,1108,data/raw/openfun/tw.gov.cec~txn~candidates-votes/2010/蘇貞昌-village-votes-page-2.json,matched,polling-station-single-village
2010,南港區,中南里,中南里,郝龍斌,1063,data/raw/openfun/tw.gov.cec~txn~candidates-votes/2010/郝龍斌-village-votes-page-2.json,matched,polling-station-single-village
2010,南港區,中南里,中南里,蘇貞昌,1139,data/raw/openfun/tw.gov.cec~txn~candidates-votes/2010/蘇貞昌-village-votes-page-2.json,matched,polling-station-single-village
2010,南港區,中研里,中研里,郝龍斌,2925,data/raw/openfun/tw.gov.cec~txn~candidates-votes/2010/郝龍斌-village-votes-page-2.json,matched,polling-station-single-village
2010,南港區,中研里,中研里,蘇貞昌,2255,data/raw/openfun/tw.gov.cec~txn~candidates-votes/2010/蘇貞昌-village-votes-page-2.json,matched,polling-station-single-village
2010,南港區,仁福里,仁福里,郝龍斌,2029,data/raw/openfun/tw.gov.cec~txn~candidates-votes/2010/郝龍斌-village-votes-page-2.json,matched,polling-station-single-village
2010,南港區,仁福里,仁福里,蘇貞昌,1111,data/raw/openfun/tw.gov.cec~txn~candidates-votes/2010/蘇貞昌-village-votes-page-2.json,matched,polling-station-single-village
2010,南港區,玉成里,玉成里,郝龍斌,1394,data/raw/openfun/tw.gov.cec~txn~candidates-votes/2010/郝龍斌-village-votes-page-2.json,matched,polling-station-single-village
2010,南港區,玉成里,玉成里,蘇貞昌,1443,data/raw/openfun/tw.gov.cec~txn~candidates-votes/2010/蘇貞昌-village-votes-page-2.json,matched,polling-station-single-village
2010,南港區,合成里,合成里,郝龍斌,2162,data/raw/openfun/tw.gov.cec~txn~candidates-votes/2010/郝龍斌-village-votes-page-2.json,matched,polling-station-single-village
2010,南港區,合成里,合成里,蘇貞昌,1912,data/raw/openfun/tw.gov.cec~txn~candidates-votes/2010/蘇貞昌-village-votes-page-2.json,matched,polling-station-single-village
2010,南港區,成福里,成福里,郝龍斌,2198,data/raw/openfun/tw.gov.cec~txn~candidates-votes/2010/郝龍斌-village-votes-page-2.json,matched,polling-station-single-village
2010,南港區,成福里,成福里,蘇貞昌,1514,data/raw/openfun/tw.gov.cec~txn~candidates-votes/2010/蘇貞昌-village-votes-page-2.json,matched,polling-station-single-village
2010,南港區,百福里,百福里,郝龍斌,1536,data/raw/openfun/tw.gov.cec~txn~candidates-votes/2010/郝龍斌-village-votes-page-2.json,matched,polling-station-single-village
2010,南港區,百福里,百福里,蘇貞昌,1374,data/raw/openfun/tw.gov.cec~txn~candidates-votes/2010/蘇貞昌-village-votes-page-2.json,matched,polling-station-single-village
2010,南港區,西新里,西新里,郝龍斌,1259,data/raw/openfun/tw.gov.cec~txn~candidates-votes/2010/郝龍斌-village-votes-page-2.json,matched,polling-station-single-village
2010,南港區,西新里,西新里,蘇貞昌,1571,data/raw/openfun/tw.gov.cec~txn~candidates-votes/2010/蘇貞昌-village-votes-page-2.json,matched,polling-station-single-village
2010,南港區,東明里,東明里,郝龍斌,1718,data/raw/openfun/tw.gov.cec~txn~candidates-votes/2010/郝龍斌-village-votes-page-2.json,matched,polling-station-single-village
2010,南港區,東明里,東明里,蘇貞昌,1203,data/raw/openfun/tw.gov.cec~txn~candidates-votes/2010/蘇貞昌-village-votes-page-2.json,matched,polling-station-single-village
2010,南港區,東新里,東新里,郝龍斌,2140,data/raw/openfun/tw.gov.cec~txn~candidates-votes/2010/郝龍斌-village-votes-page-2.json,matched,polling-station-single-village
2010,南港區,東新里,東新里,蘇貞昌,1846,data/raw/openfun/tw.gov.cec~txn~candidates-votes/2010/蘇貞昌-village-votes-page-2.json,matched,polling-station-single-village
2010,南港區,南港里,南港里,郝龍斌,1773,data/raw/openfun/tw.gov.cec~txn~candidates-votes/2010/郝龍斌-village-votes-page-2.json,matched,polling-station-single-village
2010,南港區,南港里,南港里,蘇貞昌,1603,data/raw/openfun/tw.gov.cec~txn~candidates-votes/2010/蘇貞昌-village-votes-page-2.json,matched,polling-station-single-village
2010,南港區,重陽里,重陽里,郝龍斌,1514,data/raw/openfun/tw.gov.cec~txn~candidates-votes/2010/郝龍斌-village-votes-page-2.json,matched,polling-station-single-village
2010,南港區,重陽里,重陽里,蘇貞昌,849,data/raw/openfun/tw.gov.cec~txn~candidates-votes/2010/蘇貞昌-village-votes-page-2.json,matched,polling-station-single-village
2010,南港區,新光里,新光里,郝龍斌,1315,data/raw/openfun/tw.gov.cec~txn~candidates-votes/2010/郝龍斌-village-votes-page-2.json,matched,polling-station-single-village
2010,南港區,新光里,新光里,蘇貞昌,857,data/raw/openfun/tw.gov.cec~txn~candidates-votes/2010/蘇貞昌-village-votes-page-2.json,matched,polling-station-single-village
2010,南港區,新富里,新富里,郝龍斌,1129,data/raw/openfun/tw.gov.cec~txn~candidates-votes/2010/郝龍斌-village-votes-page-2.json,matched,polling-station-single-village
2010,南港區,新富里,新富里,蘇貞昌,1149,data/raw/openfun/tw.gov.cec~txn~candidates-votes/2010/蘇貞昌-village-votes-page-2.json,matched,polling-station-single-village
2010,南港區,萬福里,萬福里,郝龍斌,1527,data/raw/openfun/tw.gov.cec~txn~candidates-votes/2010/郝龍斌-village-votes-page-2.json,matched,polling-station-single-village
2010,南港區,萬福里,萬福里,蘇貞昌,1012,data/raw/openfun/tw.gov.cec~txn~candidates-votes/2010/蘇貞昌-village-votes-page-2.json,matched,polling-station-single-village
2010,南港區,聯成里,聯成里,郝龍斌,1799,data/raw/openfun/tw.gov.cec~txn~candidates-votes/2010/郝龍斌-village-votes-page-2.json,matched,polling-station-single-village
2010,南港區,聯成里,聯成里,蘇貞昌,1291,data/raw/openfun/tw.gov.cec~txn~candidates-votes/2010/蘇貞昌-village-votes-page-2.json,matched,polling-station-single-village
2010,南港區,鴻福里,鴻福里,郝龍斌,1525,data/raw/openfun/tw.gov.cec~txn~candidates-votes/2010/郝龍斌-village-votes-page-2.json,matched,polling-station-single-village
2010,南港區,鴻福里,鴻福里,蘇貞昌,1241,data/raw/openfun/tw.gov.cec~txn~candidates-votes/2010/蘇貞昌-village-votes-page-2.json,matched,polling-station-single-village
2010,南港區,舊莊里,舊莊里,郝龍斌,2633,data/raw/openfun/tw.gov.cec~txn~candidates-votes/2010/郝龍斌-village-votes-page-2.json,matched,polling-station-single-village
2010,南港區,舊莊里,舊莊里,蘇貞昌,2502,data/raw/openfun/tw.gov.cec~txn~candidates-votes/2010/蘇貞昌-village-votes-page-2.json,matched,polling-station-single-village
2010,萬華區,仁德里,仁德里,郝龍斌,1311,data/raw/openfun/tw.gov.cec~txn~candidates-votes/2010/郝龍斌-village-votes-page-5.json,matched,polling-station-single-village
2010,萬華區,仁德里,仁德里,蘇貞昌,1287,data/raw/openfun/tw.gov.cec~txn~candidates-votes/2010/蘇貞昌-village-votes-page-5.json,matched,polling-station-single-village
2010,萬華區,日祥里,日祥里,郝龍斌,2248,data/raw/openfun/tw.gov.cec~txn~candidates-votes/2010/郝龍斌-village-votes-page-5.json,matched,polling-station-single-village
2010,萬華區,日祥里,日祥里,蘇貞昌,1202,data/raw/openfun/tw.gov.cec~txn~candidates-votes/2010/蘇貞昌-village-votes-page-5.json,matched,polling-station-single-village
2010,萬華區,日善里,日善里,郝龍斌,1076,data/raw/openfun/tw.gov.cec~txn~candidates-votes/2010/郝龍斌-village-votes-page-5.json,matched,polling-station-single-village
2010,萬華區,日善里,日善里,蘇貞昌,1200,data/raw/openfun/tw.gov.cec~txn~candidates-votes/2010/蘇貞昌-village-votes-page-5.json,matched,polling-station-single-village
2010,萬華區,全德里,全德里,郝龍斌,1222,data/raw/openfun/tw.gov.cec~txn~candidates-votes/2010/郝龍斌-village-votes-page-5.json,matched,polling-station-single-village
2010,萬華區,全德里,全德里,蘇貞昌,1269,data/raw/openfun/tw.gov.cec~txn~candidates-votes/2010/蘇貞昌-village-votes-page-5.json,matched,polling-station-single-village
2010,萬華區,西門里,西門里,郝龍斌,1208,data/raw/openfun/tw.gov.cec~txn~candidates-votes/2010/郝龍斌-village-votes-page-5.json,matched,polling-station-single-village
2010,萬華區,西門里,西門里,蘇貞昌,815,data/raw/openfun/tw.gov.cec~txn~candidates-votes/2010/蘇貞昌-village-votes-page-5.json,matched,polling-station-single-village
2010,萬華區,孝德里,孝德里,郝龍斌,793,data/raw/openfun/tw.gov.cec~txn~candidates-votes/2010/郝龍斌-village-votes-page-5.json,matched,polling-station-single-village
2010,萬華區,孝德里,孝德里,蘇貞昌,1258,data/raw/openfun/tw.gov.cec~txn~candidates-votes/2010/蘇貞昌-village-votes-page-5.json,matched,polling-station-single-village
2010,萬華區,和平里,和平里,郝龍斌,1761,data/raw/openfun/tw.gov.cec~txn~candidates-votes/2010/郝龍斌-village-votes-page-5.json,matched,polling-station-single-village
2010,萬華區,和平里,和平里,蘇貞昌,2591,data/raw/openfun/tw.gov.cec~txn~candidates-votes/2010/蘇貞昌-village-votes-page-5.json,matched,polling-station-single-village
2010,萬華區,和德里,和德里,郝龍斌,1692,data/raw/openfun/tw.gov.cec~txn~candidates-votes/2010/郝龍斌-village-votes-page-5.json,matched,polling-station-single-village
2010,萬華區,和德里,和德里,蘇貞昌,2427,data/raw/openfun/tw.gov.cec~txn~candidates-votes/2010/蘇貞昌-village-votes-page-5.json,matched,polling-station-single-village
2010,萬華區,忠貞里,忠貞里,郝龍斌,2248,data/raw/openfun/tw.gov.cec~txn~candidates-votes/2010/郝龍斌-village-votes-page-5.json,matched,polling-station-single-village
2010,萬華區,忠貞里,忠貞里,蘇貞昌,896,data/raw/openfun/tw.gov.cec~txn~candidates-votes/2010/蘇貞昌-village-votes-page-5.json,matched,polling-station-single-village
2010,萬華區,忠德里,忠德里,郝龍斌,1119,data/raw/openfun/tw.gov.cec~txn~candidates-votes/2010/郝龍斌-village-votes-page-5.json,matched,polling-station-single-village
2010,萬華區,忠德里,忠德里,蘇貞昌,1614,data/raw/openfun/tw.gov.cec~txn~candidates-votes/2010/蘇貞昌-village-votes-page-5.json,matched,polling-station-single-village
2010,萬華區,青山里,青山里,郝龍斌,1508,data/raw/openfun/tw.gov.cec~txn~candidates-votes/2010/郝龍斌-village-votes-page-5.json,matched,polling-station-single-village
2010,萬華區,青山里,青山里,蘇貞昌,1858,data/raw/openfun/tw.gov.cec~txn~candidates-votes/2010/蘇貞昌-village-votes-page-5.json,matched,polling-station-single-village
2010,萬華區,保德里,保德里,郝龍斌,849,data/raw/openfun/tw.gov.cec~txn~candidates-votes/2010/郝龍斌-village-votes-page-5.json,matched,polling-station-single-village
2010,萬華區,保德里,保德里,蘇貞昌,958,data/raw/openfun/tw.gov.cec~txn~candidates-votes/2010/蘇貞昌-village-votes-page-5.json,matched,polling-station-single-village
2010,萬華區,柳鄉里,柳鄉里,郝龍斌,1245,data/raw/openfun/tw.gov.cec~txn~candidates-votes/2010/郝龍斌-village-votes-page-5.json,matched,polling-station-single-village
2010,萬華區,柳鄉里,柳鄉里,蘇貞昌,2001,data/raw/openfun/tw.gov.cec~txn~candidates-votes/2010/蘇貞昌-village-votes-page-5.json,matched,polling-station-single-village
2010,萬華區,凌霄里,凌霄里,郝龍斌,1618,data/raw/openfun/tw.gov.cec~txn~candidates-votes/2010/郝龍斌-village-votes-page-6.json,matched,polling-station-single-village
2010,萬華區,凌霄里,凌霄里,蘇貞昌,778,data/raw/openfun/tw.gov.cec~txn~candidates-votes/2010/蘇貞昌-village-votes-page-6.json,matched,polling-station-single-village
2010,萬華區,頂碩里,頂碩里,郝龍斌,1898,data/raw/openfun/tw.gov.cec~txn~candidates-votes/2010/郝龍斌-village-votes-page-5.json,matched,polling-station-single-village
2010,萬華區,頂碩里,頂碩里,蘇貞昌,2837,data/raw/openfun/tw.gov.cec~txn~candidates-votes/2010/蘇貞昌-village-votes-page-5.json,matched,polling-station-single-village
2010,萬華區,富民里,富民里,郝龍斌,1320,data/raw/openfun/tw.gov.cec~txn~candidates-votes/2010/郝龍斌-village-votes-page-5.json,matched,polling-station-single-village
2010,萬華區,富民里,富民里,蘇貞昌,1838,data/raw/openfun/tw.gov.cec~txn~candidates-votes/2010/蘇貞昌-village-votes-page-5.json,matched,polling-station-single-village
2010,萬華區,富福里,富福里,郝龍斌,1225,data/raw/openfun/tw.gov.cec~txn~candidates-votes/2010/郝龍斌-village-votes-page-5.json,matched,polling-station-single-village
2010,萬華區,富福里,富福里,蘇貞昌,1600,data/raw/openfun/tw.gov.cec~txn~candidates-votes/2010/蘇貞昌-village-votes-page-5.json,matched,polling-station-single-village
2010,萬華區,菜園里,菜園里,郝龍斌,1578,data/raw/openfun/tw.gov.cec~txn~candidates-votes/2010/郝龍斌-village-votes-page-5.json,matched,polling-station-single-village
2010,萬華區,菜園里,菜園里,蘇貞昌,1886,data/raw/openfun/tw.gov.cec~txn~candidates-votes/2010/蘇貞昌-village-votes-page-5.json,matched,polling-station-single-village
2010,萬華區,華中里,華中里,郝龍斌,1670,data/raw/openfun/tw.gov.cec~txn~candidates-votes/2010/郝龍斌-village-votes-page-5.json,matched,polling-station-single-village
2010,萬華區,華中里,華中里,蘇貞昌,2078,data/raw/openfun/tw.gov.cec~txn~candidates-votes/2010/蘇貞昌-village-votes-page-5.json,matched,polling-station-single-village
2010,萬華區,華江里,華江里,郝龍斌,2263,data/raw/openfun/tw.gov.cec~txn~candidates-votes/2010/郝龍斌-village-votes-page-5.json,matched,polling-station-single-village
2010,萬華區,華江里,華江里,蘇貞昌,2645,data/raw/openfun/tw.gov.cec~txn~candidates-votes/2010/蘇貞昌-village-votes-page-5.json,matched,polling-station-single-village
2010,萬華區,新安里,新安里,郝龍斌,2318,data/raw/openfun/tw.gov.cec~txn~candidates-votes/2010/郝龍斌-village-votes-page-6.json,matched,polling-station-single-village
2010,萬華區,新安里,新安里,蘇貞昌,1400,data/raw/openfun/tw.gov.cec~txn~candidates-votes/2010/蘇貞昌-village-votes-page-6.json,matched,polling-station-single-village
2010,萬華區,新和里,新和里,郝龍斌,3674,data/raw/openfun/tw.gov.cec~txn~candidates-votes/2010/郝龍斌-village-votes-page-5.json;data/raw/openfun/tw.gov.cec~txn~candidates-votes/2010/郝龍斌-village-votes-page-6.json,matched,polling-station-single-village
2010,萬華區,新和里,新和里,蘇貞昌,1179,data/raw/openfun/tw.gov.cec~txn~candidates-votes/2010/蘇貞昌-village-votes-page-5.json;data/raw/openfun/tw.gov.cec~txn~candidates-votes/2010/蘇貞昌-village-votes-page-6.json,matched,polling-station-single-village
2010,萬華區,新忠里,新忠里,郝龍斌,1448,data/raw/openfun/tw.gov.cec~txn~candidates-votes/2010/郝龍斌-village-votes-page-5.json,matched,polling-station-single-village
2010,萬華區,新忠里,新忠里,蘇貞昌,357,data/raw/openfun/tw.gov.cec~txn~candidates-votes/2010/蘇貞昌-village-votes-page-5.json,matched,polling-station-single-village
2010,萬華區,新起里,新起里,郝龍斌,1866,data/raw/openfun/tw.gov.cec~txn~candidates-votes/2010/郝龍斌-village-votes-page-5.json,matched,polling-station-single-village
2010,萬華區,新起里,新起里,蘇貞昌,1888,data/raw/openfun/tw.gov.cec~txn~candidates-votes/2010/蘇貞昌-village-votes-page-5.json,matched,polling-station-single-village
2010,萬華區,萬壽里,萬壽里,郝龍斌,939,data/raw/openfun/tw.gov.cec~txn~candidates-votes/2010/郝龍斌-village-votes-page-5.json,matched,polling-station-single-village
2010,萬華區,萬壽里,萬壽里,蘇貞昌,789,data/raw/openfun/tw.gov.cec~txn~candidates-votes/2010/蘇貞昌-village-votes-page-5.json,matched,polling-station-single-village
2010,萬華區,壽德里,壽德里,郝龍斌,1516,data/raw/openfun/tw.gov.cec~txn~candidates-votes/2010/郝龍斌-village-votes-page-5.json,matched,polling-station-single-village
2010,萬華區,壽德里,壽德里,蘇貞昌,1617,data/raw/openfun/tw.gov.cec~txn~candidates-votes/2010/蘇貞昌-village-votes-page-5.json,matched,polling-station-single-village
2010,萬華區,榮德里,榮德里,郝龍斌,1020,data/raw/openfun/tw.gov.cec~txn~candidates-votes/2010/郝龍斌-village-votes-page-5.json,matched,polling-station-single-village
2010,萬華區,榮德里,榮德里,蘇貞昌,1387,data/raw/openfun/tw.gov.cec~txn~candidates-votes/2010/蘇貞昌-village-votes-page-5.json,matched,polling-station-single-village
2010,萬華區,福星里,福星里,郝龍斌,1675,data/raw/openfun/tw.gov.cec~txn~candidates-votes/2010/郝龍斌-village-votes-page-5.json,matched,polling-station-single-village
2010,萬華區,福星里,福星里,蘇貞昌,1315,data/raw/openfun/tw.gov.cec~txn~candidates-votes/2010/蘇貞昌-village-votes-page-5.json,matched,polling-station-single-village
2010,萬華區,福音里,福音里,郝龍斌,968,data/raw/openfun/tw.gov.cec~txn~candidates-votes/2010/郝龍斌-village-votes-page-5.json,matched,polling-station-single-village
2010,萬華區,福音里,福音里,蘇貞昌,1127,data/raw/openfun/tw.gov.cec~txn~candidates-votes/2010/蘇貞昌-village-votes-page-5.json,matched,polling-station-single-village
2010,萬華區,綠堤里,綠堤里,郝龍斌,1288,data/raw/openfun/tw.gov.cec~txn~candidates-votes/2010/郝龍斌-village-votes-page-5.json,matched,polling-station-single-village
2010,萬華區,綠堤里,綠堤里,蘇貞昌,1342,data/raw/openfun/tw.gov.cec~txn~candidates-votes/2010/蘇貞昌-village-votes-page-5.json,matched,polling-station-single-village
2010,萬華區,銘德里,銘德里,郝龍斌,1285,data/raw/openfun/tw.gov.cec~txn~candidates-votes/2010/郝龍斌-village-votes-page-5.json,matched,polling-station-single-village
2010,萬華區,銘德里,銘德里,蘇貞昌,1531,data/raw/openfun/tw.gov.cec~txn~candidates-votes/2010/蘇貞昌-village-votes-page-5.json,matched,polling-station-single-village
2010,萬華區,糖廍里,糖廍里,郝龍斌,1450,data/raw/openfun/tw.gov.cec~txn~candidates-votes/2010/郝龍斌-village-votes-page-5.json,matched,polling-station-single-village
2010,萬華區,糖廍里,糖廍里,蘇貞昌,1766,data/raw/openfun/tw.gov.cec~txn~candidates-votes/2010/蘇貞昌-village-votes-page-5.json,matched,polling-station-single-village
2010,萬華區,興德里,興德里,郝龍斌,1252,data/raw/openfun/tw.gov.cec~txn~candidates-votes/2010/郝龍斌-village-votes-page-5.json,matched,polling-station-single-village
2010,萬華區,興德里,興德里,蘇貞昌,1544,data/raw/openfun/tw.gov.cec~txn~candidates-votes/2010/蘇貞昌-village-votes-page-5.json,matched,polling-station-single-village
2010,萬華區,錦德里,錦德里,郝龍斌,1449,data/raw/openfun/tw.gov.cec~txn~candidates-votes/2010/郝龍斌-village-votes-page-5.json,matched,polling-station-single-village
2010,萬華區,錦德里,錦德里,蘇貞昌,1823,data/raw/openfun/tw.gov.cec~txn~candidates-votes/2010/蘇貞昌-village-votes-page-5.json,matched,polling-station-single-village
2010,萬華區,雙園里,雙園里,郝龍斌,1096,data/raw/openfun/tw.gov.cec~txn~candidates-votes/2010/郝龍斌-village-votes-page-5.json,matched,polling-station-single-village
2010,萬華區,雙園里,雙園里,蘇貞昌,1525,data/raw/openfun/tw.gov.cec~txn~candidates-votes/2010/蘇貞昌-village-votes-page-5.json,matched,polling-station-single-village
2010,萬華區,騰雲里,騰雲里,郝龍斌,1254,data/raw/openfun/tw.gov.cec~txn~candidates-votes/2010/郝龍斌-village-votes-page-6.json,matched,polling-station-single-village
2010,萬華區,騰雲里,騰雲里,蘇貞昌,675,data/raw/openfun/tw.gov.cec~txn~candidates-votes/2010/蘇貞昌-village-votes-page-6.json,matched,polling-station-single-village
2014,士林區,三玉里,三玉里,柯文哲,2089,data/raw/openfun/tw.gov.cec~txn~candidates-votes/2014/柯文哲-village-votes-page-2.json,matched,polling-station-single-village
2014,士林區,三玉里,三玉里,連勝文,1393,data/raw/openfun/tw.gov.cec~txn~candidates-votes/2014/連勝文-village-votes-page-2.json,matched,polling-station-single-village
2014,士林區,仁勇里,仁勇里,柯文哲,1585,data/raw/openfun/tw.gov.cec~txn~candidates-votes/2014/柯文哲-village-votes-page-1.json,matched,polling-station-single-village
2014,士林區,仁勇里,仁勇里,連勝文,811,data/raw/openfun/tw.gov.cec~txn~candidates-votes/2014/連勝文-village-votes-page-1.json,matched,polling-station-single-village
2014,士林區,公館里,公館里,柯文哲,686,data/raw/openfun/tw.gov.cec~txn~candidates-votes/2014/柯文哲-village-votes-page-2.json,matched,polling-station-single-village
2014,士林區,公館里,公館里,連勝文,252,data/raw/openfun/tw.gov.cec~txn~candidates-votes/2014/連勝文-village-votes-page-2.json,matched,polling-station-single-village
2014,士林區,天山里,天山里,柯文哲,2249,data/raw/openfun/tw.gov.cec~txn~candidates-votes/2014/柯文哲-village-votes-page-2.json,matched,polling-station-single-village
2014,士林區,天山里,天山里,連勝文,1658,data/raw/openfun/tw.gov.cec~txn~candidates-votes/2014/連勝文-village-votes-page-2.json,matched,polling-station-single-village
2014,士林區,天母里,天母里,柯文哲,2191,data/raw/openfun/tw.gov.cec~txn~candidates-votes/2014/柯文哲-village-votes-page-2.json,matched,polling-station-single-village
2014,士林區,天母里,天母里,連勝文,1571,data/raw/openfun/tw.gov.cec~txn~candidates-votes/2014/連勝文-village-votes-page-2.json,matched,polling-station-single-village
2014,士林區,天玉里,天玉里,柯文哲,2820,data/raw/openfun/tw.gov.cec~txn~candidates-votes/2014/柯文哲-village-votes-page-2.json,matched,polling-station-single-village
2014,士林區,天玉里,天玉里,連勝文,2102,data/raw/openfun/tw.gov.cec~txn~candidates-votes/2014/連勝文-village-votes-page-2.json,matched,polling-station-single-village
2014,士林區,天和里,天和里,柯文哲,2553,data/raw/openfun/tw.gov.cec~txn~candidates-votes/2014/柯文哲-village-votes-page-2.json,matched,polling-station-single-village
2014,士林區,天和里,天和里,連勝文,1714,data/raw/openfun/tw.gov.cec~txn~candidates-votes/2014/連勝文-village-votes-page-2.json,matched,polling-station-single-village
2014,士林區,天祿里,天祿里,柯文哲,1955,data/raw/openfun/tw.gov.cec~txn~candidates-votes/2014/柯文哲-village-votes-page-2.json,matched,polling-station-single-village
2014,士林區,天祿里,天祿里,連勝文,1137,data/raw/openfun/tw.gov.cec~txn~candidates-votes/2014/連勝文-village-votes-page-2.json,matched,polling-station-single-village
2014,士林區,天壽里,天壽里,柯文哲,1739,data/raw/openfun/tw.gov.cec~txn~candidates-votes/2014/柯文哲-village-votes-page-2.json,matched,polling-station-single-village
2014,士林區,天壽里,天壽里,連勝文,1205,data/raw/openfun/tw.gov.cec~txn~candidates-votes/2014/連勝文-village-votes-page-2.json,matched,polling-station-single-village
2014,士林區,天福里,天福里,柯文哲,2127,data/raw/openfun/tw.gov.cec~txn~candidates-votes/2014/柯文哲-village-votes-page-2.json,matched,polling-station-single-village
2014,士林區,天福里,天福里,連勝文,1450,data/raw/openfun/tw.gov.cec~txn~candidates-votes/2014/連勝文-village-votes-page-2.json,matched,polling-station-single-village
2014,士林區,平等里,平等里,柯文哲,774,data/raw/openfun/tw.gov.cec~txn~candidates-votes/2014/柯文哲-village-votes-page-2.json,matched,polling-station-single-village
2014,士林區,平等里,平等里,連勝文,216,data/raw/openfun/tw.gov.cec~txn~candidates-votes/2014/連勝文-village-votes-page-2.json,matched,polling-station-single-village
2014,士林區,永倫里,永倫里,柯文哲,3234,data/raw/openfun/tw.gov.cec~txn~candidates-votes/2014/柯文哲-village-votes-page-2.json,matched,polling-station-single-village
2014,士林區,永倫里,永倫里,連勝文,1244,data/raw/openfun/tw.gov.cec~txn~candidates-votes/2014/連勝文-village-votes-page-2.json,matched,polling-station-single-village
2014,士林區,永福里,永福里,柯文哲,562,data/raw/openfun/tw.gov.cec~txn~candidates-votes/2014/柯文哲-village-votes-page-2.json,matched,polling-station-single-village
2014,士林區,永福里,永福里,連勝文,228,data/raw/openfun/tw.gov.cec~txn~candidates-votes/2014/連勝文-village-votes-page-2.json,matched,polling-station-single-village
2014,士林區,名山里,名山里,柯文哲,2543,data/raw/openfun/tw.gov.cec~txn~candidates-votes/2014/柯文哲-village-votes-page-2.json,matched,polling-station-single-village
2014,士林區,名山里,名山里,連勝文,1830,data/raw/openfun/tw.gov.cec~txn~candidates-votes/2014/連勝文-village-votes-page-2.json,matched,polling-station-single-village
2014,士林區,百齡里,百齡里,柯文哲,3009,data/raw/openfun/tw.gov.cec~txn~candidates-votes/2014/柯文哲-village-votes-page-1.json,matched,polling-station-single-village
2014,士林區,百齡里,百齡里,連勝文,1410,data/raw/openfun/tw.gov.cec~txn~candidates-votes/2014/連勝文-village-votes-page-1.json,matched,polling-station-single-village
2014,士林區,岩山里,岩山里,柯文哲,1127,data/raw/openfun/tw.gov.cec~txn~candidates-votes/2014/柯文哲-village-votes-page-2.json,matched,polling-station-single-village
2014,士林區,岩山里,岩山里,連勝文,933,data/raw/openfun/tw.gov.cec~txn~candidates-votes/2014/連勝文-village-votes-page-2.json,matched,polling-station-single-village
2014,士林區,忠誠里,忠誠里,柯文哲,1531,data/raw/openfun/tw.gov.cec~txn~candidates-votes/2014/柯文哲-village-votes-page-2.json,matched,polling-station-single-village
2014,士林區,忠誠里,忠誠里,連勝文,1762,data/raw/openfun/tw.gov.cec~txn~candidates-votes/2014/連勝文-village-votes-page-2.json,matched,polling-station-single-village
2014,士林區,承德里,承德里,柯文哲,2011,data/raw/openfun/tw.gov.cec~txn~candidates-votes/2014/柯文哲-village-votes-page-1.json,matched,polling-station-single-village
2014,士林區,承德里,承德里,連勝文,1348,data/raw/openfun/tw.gov.cec~txn~candidates-votes/2014/連勝文-village-votes-page-1.json,matched,polling-station-single-village
2014,士林區,明勝里,明勝里,柯文哲,2034,data/raw/openfun/tw.gov.cec~txn~candidates-votes/2014/柯文哲-village-votes-page-1.json,matched,polling-station-single-village
2014,士林區,明勝里,明勝里,連勝文,1039,data/raw/openfun/tw.gov.cec~txn~candidates-votes/2014/連勝文-village-votes-page-1.json,matched,polling-station-single-village
2014,士林區,東山里,東山里,柯文哲,1586,data/raw/openfun/tw.gov.cec~txn~candidates-votes/2014/柯文哲-village-votes-page-2.json,matched,polling-station-single-village
2014,士林區,東山里,東山里,連勝文,1456,data/raw/openfun/tw.gov.cec~txn~candidates-votes/2014/連勝文-village-votes-page-2.json,matched,polling-station-single-village
2014,士林區,社子里,社子里,柯文哲,2755,data/raw/openfun/tw.gov.cec~txn~candidates-votes/2014/柯文哲-village-votes-page-2.json,matched,polling-station-single-village
2014,士林區,社子里,社子里,連勝文,1123,data/raw/openfun/tw.gov.cec~txn~candidates-votes/2014/連勝文-village-votes-page-2.json,matched,polling-station-single-village
2014,士林區,社園里,社園里,柯文哲,3305,data/raw/openfun/tw.gov.cec~txn~candidates-votes/2014/柯文哲-village-votes-page-2.json,matched,polling-station-single-village
2014,士林區,社園里,社園里,連勝文,1199,data/raw/openfun/tw.gov.cec~txn~candidates-votes/2014/連勝文-village-votes-page-2.json,matched,polling-station-single-village
2014,士林區,社新里,社新里,柯文哲,3776,data/raw/openfun/tw.gov.cec~txn~candidates-votes/2014/柯文哲-village-votes-page-2.json,matched,polling-station-single-village
2014,士林區,社新里,社新里,連勝文,1536,data/raw/openfun/tw.gov.cec~txn~candidates-votes/2014/連勝文-village-votes-page-2.json,matched,polling-station-single-village
2014,士林區,芝山里,芝山里,柯文哲,2668,data/raw/openfun/tw.gov.cec~txn~candidates-votes/2014/柯文哲-village-votes-page-2.json,matched,polling-station-single-village
2014,士林區,芝山里,芝山里,連勝文,1798,data/raw/openfun/tw.gov.cec~txn~candidates-votes/2014/連勝文-village-votes-page-2.json,matched,polling-station-single-village
2014,士林區,前港里,前港里,柯文哲,1901,data/raw/openfun/tw.gov.cec~txn~candidates-votes/2014/柯文哲-village-votes-page-1.json,matched,polling-station-single-village
2014,士林區,前港里,前港里,連勝文,905,data/raw/openfun/tw.gov.cec~txn~candidates-votes/2014/連勝文-village-votes-page-1.json,matched,polling-station-single-village
2014,士林區,後港里,後港里,柯文哲,3280,data/raw/openfun/tw.gov.cec~txn~candidates-votes/2014/柯文哲-village-votes-page-1.json,matched,polling-station-single-village
2014,士林區,後港里,後港里,連勝文,1627,data/raw/openfun/tw.gov.cec~txn~candidates-votes/2014/連勝文-village-votes-page-1.json,matched,polling-station-single-village
2014,士林區,富光里,富光里,柯文哲,2492,data/raw/openfun/tw.gov.cec~txn~candidates-votes/2014/柯文哲-village-votes-page-1.json,matched,polling-station-single-village
2014,士林區,富光里,富光里,連勝文,973,data/raw/openfun/tw.gov.cec~txn~candidates-votes/2014/連勝文-village-votes-page-1.json,matched,polling-station-single-village
2014,士林區,富洲里,富洲里,柯文哲,2836,data/raw/openfun/tw.gov.cec~txn~candidates-votes/2014/柯文哲-village-votes-page-2.json,matched,polling-station-single-village
2014,士林區,富洲里,富洲里,連勝文,769,data/raw/openfun/tw.gov.cec~txn~candidates-votes/2014/連勝文-village-votes-page-2.json,matched,polling-station-single-village
2014,士林區,菁山里,菁山里,柯文哲,674,data/raw/openfun/tw.gov.cec~txn~candidates-votes/2014/柯文哲-village-votes-page-2.json,matched,polling-station-single-village
2014,士林區,菁山里,菁山里,連勝文,364,data/raw/openfun/tw.gov.cec~txn~candidates-votes/2014/連勝文-village-votes-page-2.json,matched,polling-station-single-village
2014,士林區,陽明里,陽明里,柯文哲,1139,data/raw/openfun/tw.gov.cec~txn~candidates-votes/2014/柯文哲-village-votes-page-2.json,matched,polling-station-single-village
2014,士林區,陽明里,陽明里,連勝文,704,data/raw/openfun/tw.gov.cec~txn~candidates-votes/2014/連勝文-village-votes-page-2.json,matched,polling-station-single-village
2014,士林區,新安里,新安里,柯文哲,836,data/raw/openfun/tw.gov.cec~txn~candidates-votes/2014/柯文哲-village-votes-page-2.json,matched,polling-station-single-village
2014,士林區,新安里,新安里,連勝文,383,data/raw/openfun/tw.gov.cec~txn~candidates-votes/2014/連勝文-village-votes-page-2.json,matched,polling-station-single-village
2014,士林區,溪山里,溪山里,柯文哲,653,data/raw/openfun/tw.gov.cec~txn~candidates-votes/2014/柯文哲-village-votes-page-2.json,matched,polling-station-single-village
2014,士林區,溪山里,溪山里,連勝文,264,data/raw/openfun/tw.gov.cec~txn~candidates-votes/2014/連勝文-village-votes-page-2.json,matched,polling-station-single-village
2014,士林區,義信里,義信里,柯文哲,1139,data/raw/openfun/tw.gov.cec~txn~candidates-votes/2014/柯文哲-village-votes-page-1.json,matched,polling-station-single-village
2014,士林區,義信里,義信里,連勝文,740,data/raw/openfun/tw.gov.cec~txn~candidates-votes/2014/連勝文-village-votes-page-1.json,matched,polling-station-single-village
2014,士林區,聖山里,聖山里,柯文哲,1646,data/raw/openfun/tw.gov.cec~txn~candidates-votes/2014/柯文哲-village-votes-page-2.json,matched,polling-station-single-village
2014,士林區,聖山里,聖山里,連勝文,1449,data/raw/openfun/tw.gov.cec~txn~candidates-votes/2014/連勝文-village-votes-page-2.json,matched,polling-station-single-village
2014,士林區,葫東里,葫東里,柯文哲,1788,data/raw/openfun/tw.gov.cec~txn~candidates-votes/2014/柯文哲-village-votes-page-1.json,matched,polling-station-single-village
2014,士林區,葫東里,葫東里,連勝文,704,data/raw/openfun/tw.gov.cec~txn~candidates-votes/2014/連勝文-village-votes-page-1.json,matched,polling-station-single-village
2014,士林區,葫蘆里,葫蘆里,柯文哲,3087,data/raw/openfun/tw.gov.cec~txn~candidates-votes/2014/柯文哲-village-votes-page-1.json,matched,polling-station-single-village
2014,士林區,葫蘆里,葫蘆里,連勝文,1650,data/raw/openfun/tw.gov.cec~txn~candidates-votes/2014/連勝文-village-votes-page-1.json,matched,polling-station-single-village
2014,士林區,福中里,福中里,柯文哲,2882,data/raw/openfun/tw.gov.cec~txn~candidates-votes/2014/柯文哲-village-votes-page-1.json,matched,polling-station-single-village
2014,士林區,福中里,福中里,連勝文,1343,data/raw/openfun/tw.gov.cec~txn~candidates-votes/2014/連勝文-village-votes-page-1.json,matched,polling-station-single-village
2014,士林區,福安里,福安里,柯文哲,2564,data/raw/openfun/tw.gov.cec~txn~candidates-votes/2014/柯文哲-village-votes-page-2.json,matched,polling-station-single-village
2014,士林區,福安里,福安里,連勝文,516,data/raw/openfun/tw.gov.cec~txn~candidates-votes/2014/連勝文-village-votes-page-2.json,matched,polling-station-single-village
2014,士林區,福志里,福志里,柯文哲,2576,data/raw/openfun/tw.gov.cec~txn~candidates-votes/2014/柯文哲-village-votes-page-1.json,matched,polling-station-single-village
2014,士林區,福志里,福志里,連勝文,1979,data/raw/openfun/tw.gov.cec~txn~candidates-votes/2014/連勝文-village-votes-page-1.json,matched,polling-station-single-village
2014,士林區,福佳里,福佳里,柯文哲,2925,data/raw/openfun/tw.gov.cec~txn~candidates-votes/2014/柯文哲-village-votes-page-1.json,matched,polling-station-single-village
2014,士林區,福佳里,福佳里,連勝文,1665,data/raw/openfun/tw.gov.cec~txn~candidates-votes/2014/連勝文-village-votes-page-1.json,matched,polling-station-single-village
2014,士林區,福林里,福林里,柯文哲,1063,data/raw/openfun/tw.gov.cec~txn~candidates-votes/2014/柯文哲-village-votes-page-1.json,matched,polling-station-single-village
2014,士林區,福林里,福林里,連勝文,791,data/raw/openfun/tw.gov.cec~txn~candidates-votes/2014/連勝文-village-votes-page-1.json,matched,polling-station-single-village
2014,士林區,福華里,福華里,柯文哲,2401,data/raw/openfun/tw.gov.cec~txn~candidates-votes/2014/柯文哲-village-votes-page-1.json,matched,polling-station-single-village
2014,士林區,福華里,福華里,連勝文,1318,data/raw/openfun/tw.gov.cec~txn~candidates-votes/2014/連勝文-village-votes-page-1.json,matched,polling-station-single-village
2014,士林區,福順里,福順里,柯文哲,2272,data/raw/openfun/tw.gov.cec~txn~candidates-votes/2014/柯文哲-village-votes-page-1.json,matched,polling-station-single-village
2014,士林區,福順里,福順里,連勝文,924,data/raw/openfun/tw.gov.cec~txn~candidates-votes/2014/連勝文-village-votes-page-1.json,matched,polling-station-single-village
2014,士林區,福德里,福德里,柯文哲,1573,data/raw/openfun/tw.gov.cec~txn~candidates-votes/2014/柯文哲-village-votes-page-1.json,matched,polling-station-single-village
2014,士林區,福德里,福德里,連勝文,1069,data/raw/openfun/tw.gov.cec~txn~candidates-votes/2014/連勝文-village-votes-page-1.json,matched,polling-station-single-village
2014,士林區,翠山里,翠山里,柯文哲,610,data/raw/openfun/tw.gov.cec~txn~candidates-votes/2014/柯文哲-village-votes-page-2.json,matched,polling-station-single-village
2014,士林區,翠山里,翠山里,連勝文,893,data/raw/openfun/tw.gov.cec~txn~candidates-votes/2014/連勝文-village-votes-page-2.json,matched,polling-station-single-village
2014,士林區,德行里,德行里,柯文哲,1596,data/raw/openfun/tw.gov.cec~txn~candidates-votes/2014/柯文哲-village-votes-page-2.json,matched,polling-station-single-village
2014,士林區,德行里,德行里,連勝文,985,data/raw/openfun/tw.gov.cec~txn~candidates-votes/2014/連勝文-village-votes-page-2.json,matched,polling-station-single-village
2014,士林區,德華里,德華里,柯文哲,2193,data/raw/openfun/tw.gov.cec~txn~candidates-votes/2014/柯文哲-village-votes-page-2.json,matched,polling-station-single-village
2014,士林區,德華里,德華里,連勝文,1207,data/raw/openfun/tw.gov.cec~txn~candidates-votes/2014/連勝文-village-votes-page-2.json,matched,polling-station-single-village
2014,士林區,臨溪里,臨溪里,柯文哲,966,data/raw/openfun/tw.gov.cec~txn~candidates-votes/2014/柯文哲-village-votes-page-2.json,matched,polling-station-single-village
2014,士林區,臨溪里,臨溪里,連勝文,781,data/raw/openfun/tw.gov.cec~txn~candidates-votes/2014/連勝文-village-votes-page-2.json,matched,polling-station-single-village
2014,士林區,舊佳里,舊佳里,柯文哲,2315,data/raw/openfun/tw.gov.cec~txn~candidates-votes/2014/柯文哲-village-votes-page-1.json,matched,polling-station-single-village
2014,士林區,舊佳里,舊佳里,連勝文,1254,data/raw/openfun/tw.gov.cec~txn~candidates-votes/2014/連勝文-village-votes-page-1.json,matched,polling-station-single-village
2014,士林區,蘭雅里,蘭雅里,柯文哲,3146,data/raw/openfun/tw.gov.cec~txn~candidates-votes/2014/柯文哲-village-votes-page-2.json,matched,polling-station-single-village
2014,士林區,蘭雅里,蘭雅里,連勝文,1978,data/raw/openfun/tw.gov.cec~txn~candidates-votes/2014/連勝文-village-votes-page-2.json,matched,polling-station-single-village
2014,士林區,蘭興里,蘭興里,柯文哲,2429,data/raw/openfun/tw.gov.cec~txn~candidates-votes/2014/柯文哲-village-votes-page-2.json,matched,polling-station-single-village
2014,士林區,蘭興里,蘭興里,連勝文,1445,data/raw/openfun/tw.gov.cec~txn~candidates-votes/2014/連勝文-village-votes-page-2.json,matched,polling-station-single-village
2014,大同區,大有里,大有里,柯文哲,2160,data/raw/openfun/tw.gov.cec~txn~candidates-votes/2014/柯文哲-village-votes-page-5.json,matched,polling-station-single-village
2014,大同區,大有里,大有里,連勝文,920,data/raw/openfun/tw.gov.cec~txn~candidates-votes/2014/連勝文-village-votes-page-5.json,matched,polling-station-single-village
2014,大同區,民權里,民權里,柯文哲,2486,data/raw/openfun/tw.gov.cec~txn~candidates-votes/2014/柯文哲-village-votes-page-5.json,matched,polling-station-single-village
2014,大同區,民權里,民權里,連勝文,1258,data/raw/openfun/tw.gov.cec~txn~candidates-votes/2014/連勝文-village-votes-page-5.json,matched,polling-station-single-village
2014,大同區,永樂里,永樂里,柯文哲,2233,data/raw/openfun/tw.gov.cec~txn~candidates-votes/2014/柯文哲-village-votes-page-5.json,matched,polling-station-single-village
2014,大同區,永樂里,永樂里,連勝文,939,data/raw/openfun/tw.gov.cec~txn~candidates-votes/2014/連勝文-village-votes-page-5.json,matched,polling-station-single-village
2014,大同區,玉泉里,玉泉里,柯文哲,1190,data/raw/openfun/tw.gov.cec~txn~candidates-votes/2014/柯文哲-village-votes-page-5.json,matched,polling-station-single-village
2014,大同區,玉泉里,玉泉里,連勝文,652,data/raw/openfun/tw.gov.cec~txn~candidates-votes/2014/連勝文-village-votes-page-5.json,matched,polling-station-single-village
2014,大同區,光能里,光能里,柯文哲,2120,data/raw/openfun/tw.gov.cec~txn~candidates-votes/2014/柯文哲-village-votes-page-5.json,matched,polling-station-single-village
2014,大同區,光能里,光能里,連勝文,992,data/raw/openfun/tw.gov.cec~txn~candidates-votes/2014/連勝文-village-votes-page-5.json,matched,polling-station-single-village
2014,大同區,老師里,老師里,柯文哲,2606,data/raw/openfun/tw.gov.cec~txn~candidates-votes/2014/柯文哲-village-votes-page-5.json,matched,polling-station-single-village
2014,大同區,老師里,老師里,連勝文,1049,data/raw/openfun/tw.gov.cec~txn~candidates-votes/2014/連勝文-village-votes-page-5.json,matched,polling-station-single-village
2014,大同區,至聖里,至聖里,柯文哲,3273,data/raw/openfun/tw.gov.cec~txn~candidates-votes/2014/柯文哲-village-votes-page-5.json,matched,polling-station-single-village
2014,大同區,至聖里,至聖里,連勝文,1562,data/raw/openfun/tw.gov.cec~txn~candidates-votes/2014/連勝文-village-votes-page-5.json,matched,polling-station-single-village
2014,大同區,延平里,延平里,柯文哲,1554,data/raw/openfun/tw.gov.cec~txn~candidates-votes/2014/柯文哲-village-votes-page-5.json,matched,polling-station-single-village
2014,大同區,延平里,延平里,連勝文,845,data/raw/openfun/tw.gov.cec~txn~candidates-votes/2014/連勝文-village-votes-page-5.json,matched,polling-station-single-village
2014,大同區,保安里,保安里,柯文哲,1816,data/raw/openfun/tw.gov.cec~txn~candidates-votes/2014/柯文哲-village-votes-page-5.json,matched,polling-station-single-village
2014,大同區,保安里,保安里,連勝文,749,data/raw/openfun/tw.gov.cec~txn~candidates-votes/2014/連勝文-village-votes-page-5.json,matched,polling-station-single-village
2014,大同區,南芳里,南芳里,柯文哲,1554,data/raw/openfun/tw.gov.cec~txn~candidates-votes/2014/柯文哲-village-votes-page-5.json,matched,polling-station-single-village
2014,大同區,南芳里,南芳里,連勝文,766,data/raw/openfun/tw.gov.cec~txn~candidates-votes/2014/連勝文-village-votes-page-5.json,matched,polling-station-single-village
2014,大同區,建功里,建功里,柯文哲,1795,data/raw/openfun/tw.gov.cec~txn~candidates-votes/2014/柯文哲-village-votes-page-5.json,matched,polling-station-single-village
2014,大同區,建功里,建功里,連勝文,946,data/raw/openfun/tw.gov.cec~txn~candidates-votes/2014/連勝文-village-votes-page-5.json,matched,polling-station-single-village
2014,大同區,建明里,建明里,柯文哲,1346,data/raw/openfun/tw.gov.cec~txn~candidates-votes/2014/柯文哲-village-votes-page-5.json,matched,polling-station-single-village
2014,大同區,建明里,建明里,連勝文,681,data/raw/openfun/tw.gov.cec~txn~candidates-votes/2014/連勝文-village-votes-page-5.json,matched,polling-station-single-village
2014,大同區,建泰里,建泰里,柯文哲,1561,data/raw/openfun/tw.gov.cec~txn~candidates-votes/2014/柯文哲-village-votes-page-5.json,matched,polling-station-single-village
2014,大同區,建泰里,建泰里,連勝文,655,data/raw/openfun/tw.gov.cec~txn~candidates-votes/2014/連勝文-village-votes-page-5.json,matched,polling-station-single-village
2014,大同區,星明里,星明里,柯文哲,2162,data/raw/openfun/tw.gov.cec~txn~candidates-votes/2014/柯文哲-village-votes-page-5.json,matched,polling-station-single-village
2014,大同區,星明里,星明里,連勝文,1136,data/raw/openfun/tw.gov.cec~txn~candidates-votes/2014/連勝文-village-votes-page-5.json,matched,polling-station-single-village
2014,大同區,重慶里,重慶里,柯文哲,2655,data/raw/openfun/tw.gov.cec~txn~candidates-votes/2014/柯文哲-village-votes-page-5.json,matched,polling-station-single-village
2014,大同區,重慶里,重慶里,連勝文,1380,data/raw/openfun/tw.gov.cec~txn~candidates-votes/2014/連勝文-village-votes-page-5.json,matched,polling-station-single-village
2014,大同區,國順里,國順里,柯文哲,1347,data/raw/openfun/tw.gov.cec~txn~candidates-votes/2014/柯文哲-village-votes-page-5.json,matched,polling-station-single-village
2014,大同區,國順里,國順里,連勝文,507,data/raw/openfun/tw.gov.cec~txn~candidates-votes/2014/連勝文-village-votes-page-5.json,matched,polling-station-single-village
2014,大同區,國慶里,國慶里,柯文哲,1784,data/raw/openfun/tw.gov.cec~txn~candidates-votes/2014/柯文哲-village-votes-page-5.json,matched,polling-station-single-village
2014,大同區,國慶里,國慶里,連勝文,824,data/raw/openfun/tw.gov.cec~txn~candidates-votes/2014/連勝文-village-votes-page-5.json,matched,polling-station-single-village
2014,大同區,揚雅里,揚雅里,柯文哲,1598,data/raw/openfun/tw.gov.cec~txn~candidates-votes/2014/柯文哲-village-votes-page-5.json,matched,polling-station-single-village
2014,大同區,揚雅里,揚雅里,連勝文,633,data/raw/openfun/tw.gov.cec~txn~candidates-votes/2014/連勝文-village-votes-page-5.json,matched,polling-station-single-village
2014,大同區,斯文里,斯文里,柯文哲,2246,data/raw/openfun/tw.gov.cec~txn~candidates-votes/2014/柯文哲-village-votes-page-5.json,matched,polling-station-single-village
2014,大同區,斯文里,斯文里,連勝文,1003,data/raw/openfun/tw.gov.cec~txn~candidates-votes/2014/連勝文-village-votes-page-5.json,matched,polling-station-single-village
2014,大同區,景星里,景星里,柯文哲,1160,data/raw/openfun/tw.gov.cec~txn~candidates-votes/2014/柯文哲-village-votes-page-5.json,matched,polling-station-single-village
2014,大同區,景星里,景星里,連勝文,588,data/raw/openfun/tw.gov.cec~txn~candidates-votes/2014/連勝文-village-votes-page-5.json,matched,polling-station-single-village
2014,大同區,朝陽里,朝陽里,柯文哲,1734,data/raw/openfun/tw.gov.cec~txn~candidates-votes/2014/柯文哲-village-votes-page-5.json,matched,polling-station-single-village
2014,大同區,朝陽里,朝陽里,連勝文,810,data/raw/openfun/tw.gov.cec~txn~candidates-votes/2014/連勝文-village-votes-page-5.json,matched,polling-station-single-village
2014,大同區,隆和里,隆和里,柯文哲,1257,data/raw/openfun/tw.gov.cec~txn~candidates-votes/2014/柯文哲-village-votes-page-5.json,matched,polling-station-single-village
2014,大同區,隆和里,隆和里,連勝文,519,data/raw/openfun/tw.gov.cec~txn~candidates-votes/2014/連勝文-village-votes-page-5.json,matched,polling-station-single-village
2014,大同區,蓬萊里,蓬萊里,柯文哲,1993,data/raw/openfun/tw.gov.cec~txn~candidates-votes/2014/柯文哲-village-votes-page-5.json,matched,polling-station-single-village
2014,大同區,蓬萊里,蓬萊里,連勝文,920,data/raw/openfun/tw.gov.cec~txn~candidates-votes/2014/連勝文-village-votes-page-5.json,matched,polling-station-single-village
2014,大同區,鄰江里,鄰江里,柯文哲,2801,data/raw/openfun/tw.gov.cec~txn~candidates-votes/2014/柯文哲-village-votes-page-5.json,matched,polling-station-single-village
2014,大同區,鄰江里,鄰江里,連勝文,1243,data/raw/openfun/tw.gov.cec~txn~candidates-votes/2014/連勝文-village-votes-page-5.json,matched,polling-station-single-village
2014,大同區,雙連里,雙連里,柯文哲,3756,data/raw/openfun/tw.gov.cec~txn~candidates-votes/2014/柯文哲-village-votes-page-5.json,matched,polling-station-single-village
2014,大同區,雙連里,雙連里,連勝文,1729,data/raw/openfun/tw.gov.cec~txn~candidates-votes/2014/連勝文-village-votes-page-5.json,matched,polling-station-single-village
2014,大安區,大學里,大學里,柯文哲,2655,data/raw/openfun/tw.gov.cec~txn~candidates-votes/2014/柯文哲-village-votes-page-7.json,matched,polling-station-single-village
2014,大安區,大學里,大學里,連勝文,2067,data/raw/openfun/tw.gov.cec~txn~candidates-votes/2014/連勝文-village-votes-page-7.json,matched,polling-station-single-village
2014,大安區,仁愛里,仁愛里,柯文哲,1354,data/raw/openfun/tw.gov.cec~txn~candidates-votes/2014/柯文哲-village-votes-page-7.json,matched,polling-station-single-village
2014,大安區,仁愛里,仁愛里,連勝文,1391,data/raw/openfun/tw.gov.cec~txn~candidates-votes/2014/連勝文-village-votes-page-7.json,matched,polling-station-single-village
2014,大安區,仁慈里,仁慈里,柯文哲,1652,data/raw/openfun/tw.gov.cec~txn~candidates-votes/2014/柯文哲-village-votes-page-6.json,matched,polling-station-single-village
2014,大安區,仁慈里,仁慈里,連勝文,1183,data/raw/openfun/tw.gov.cec~txn~candidates-votes/2014/連勝文-village-votes-page-6.json,matched,polling-station-single-village
2014,大安區,古風里,古風里,柯文哲,1405,data/raw/openfun/tw.gov.cec~txn~candidates-votes/2014/柯文哲-village-votes-page-7.json,matched,polling-station-single-village
2014,大安區,古風里,古風里,連勝文,1029,data/raw/openfun/tw.gov.cec~txn~candidates-votes/2014/連勝文-village-votes-page-7.json,matched,polling-station-single-village
2014,大安區,古莊里,古莊里,柯文哲,2250,data/raw/openfun/tw.gov.cec~txn~candidates-votes/2014/柯文哲-village-votes-page-7.json,matched,polling-station-single-village
2014,大安區,古莊里,古莊里,連勝文,1690,data/raw/openfun/tw.gov.cec~txn~candidates-votes/2014/連勝文-village-votes-page-7.json,matched,polling-station-single-village
2014,大安區,正聲里,正聲里,柯文哲,1359,data/raw/openfun/tw.gov.cec~txn~candidates-votes/2014/柯文哲-village-votes-page-7.json,matched,polling-station-single-village
2014,大安區,正聲里,正聲里,連勝文,1253,data/raw/openfun/tw.gov.cec~txn~candidates-votes/2014/連勝文-village-votes-page-7.json,matched,polling-station-single-village
2014,大安區,民炤里,民炤里,柯文哲,2567,data/raw/openfun/tw.gov.cec~txn~candidates-votes/2014/柯文哲-village-votes-page-6.json,matched,polling-station-single-village
2014,大安區,民炤里,民炤里,連勝文,1800,data/raw/openfun/tw.gov.cec~txn~candidates-votes/2014/連勝文-village-votes-page-6.json,matched,polling-station-single-village
2014,大安區,民輝里,民輝里,柯文哲,2180,data/raw/openfun/tw.gov.cec~txn~candidates-votes/2014/柯文哲-village-votes-page-7.json,matched,polling-station-single-village
2014,大安區,民輝里,民輝里,連勝文,1620,data/raw/openfun/tw.gov.cec~txn~candidates-votes/2014/連勝文-village-votes-page-7.json,matched,polling-station-single-village
2014,大安區,永康里,永康里,柯文哲,1087,data/raw/openfun/tw.gov.cec~txn~candidates-votes/2014/柯文哲-village-votes-page-7.json,matched,polling-station-single-village
2014,大安區,永康里,永康里,連勝文,910,data/raw/openfun/tw.gov.cec~txn~candidates-votes/2014/連勝文-village-votes-page-7.json,matched,polling-station-single-village
2014,大安區,光明里,光明里,柯文哲,1088,data/raw/openfun/tw.gov.cec~txn~candidates-votes/2014/柯文哲-village-votes-page-7.json,matched,polling-station-single-village
2014,大安區,光明里,光明里,連勝文,769,data/raw/openfun/tw.gov.cec~txn~candidates-votes/2014/連勝文-village-votes-page-7.json,matched,polling-station-single-village
2014,大安區,光武里,光武里,柯文哲,2218,data/raw/openfun/tw.gov.cec~txn~candidates-votes/2014/柯文哲-village-votes-page-7.json,matched,polling-station-single-village
2014,大安區,光武里,光武里,連勝文,1949,data/raw/openfun/tw.gov.cec~txn~candidates-votes/2014/連勝文-village-votes-page-7.json,matched,polling-station-single-village
2014,大安區,光信里,光信里,柯文哲,2374,data/raw/openfun/tw.gov.cec~txn~candidates-votes/2014/柯文哲-village-votes-page-7.json,matched,polling-station-single-village
2014,大安區,光信里,光信里,連勝文,2091,data/raw/openfun/tw.gov.cec~txn~candidates-votes/2014/連勝文-village-votes-page-7.json,matched,polling-station-single-village
2014,大安區,全安里,全安里,柯文哲,1299,data/raw/openfun/tw.gov.cec~txn~candidates-votes/2014/柯文哲-village-votes-page-7.json,matched,polling-station-single-village
2014,大安區,全安里,全安里,連勝文,1150,data/raw/openfun/tw.gov.cec~txn~candidates-votes/2014/連勝文-village-votes-page-7.json,matched,polling-station-single-village
2014,大安區,住安里,住安里,柯文哲,1481,data/raw/openfun/tw.gov.cec~txn~candidates-votes/2014/柯文哲-village-votes-page-7.json,matched,polling-station-single-village
2014,大安區,住安里,住安里,連勝文,1372,data/raw/openfun/tw.gov.cec~txn~candidates-votes/2014/連勝文-village-votes-page-7.json,matched,polling-station-single-village
2014,大安區,車層里,車層里,柯文哲,1963,data/raw/openfun/tw.gov.cec~txn~candidates-votes/2014/柯文哲-village-votes-page-7.json,matched,polling-station-single-village
2014,大安區,車層里,車層里,連勝文,1546,data/raw/openfun/tw.gov.cec~txn~candidates-votes/2014/連勝文-village-votes-page-7.json,matched,polling-station-single-village
2014,大安區,和安里,和安里,柯文哲,1920,data/raw/openfun/tw.gov.cec~txn~candidates-votes/2014/柯文哲-village-votes-page-6.json,matched,polling-station-single-village
2014,大安區,和安里,和安里,連勝文,1682,data/raw/openfun/tw.gov.cec~txn~candidates-votes/2014/連勝文-village-votes-page-6.json,matched,polling-station-single-village
2014,大安區,昌隆里,昌隆里,柯文哲,1039,data/raw/openfun/tw.gov.cec~txn~candidates-votes/2014/柯文哲-village-votes-page-7.json,matched,polling-station-single-village
2014,大安區,昌隆里,昌隆里,連勝文,715,data/raw/openfun/tw.gov.cec~txn~candidates-votes/2014/連勝文-village-votes-page-7.json,matched,polling-station-single-village
2014,大安區,法治里,法治里,柯文哲,1288,data/raw/openfun/tw.gov.cec~txn~candidates-votes/2014/柯文哲-village-votes-page-7.json,matched,polling-station-single-village
2014,大安區,法治里,法治里,連勝文,1261,data/raw/openfun/tw.gov.cec~txn~candidates-votes/2014/連勝文-village-votes-page-7.json,matched,polling-station-single-village
2014,大安區,臥龍里,臥龍里,柯文哲,490,data/raw/openfun/tw.gov.cec~txn~candidates-votes/2014/柯文哲-village-votes-page-7.json,matched,polling-station-single-village
2014,大安區,臥龍里,臥龍里,連勝文,543,data/raw/openfun/tw.gov.cec~txn~candidates-votes/2014/連勝文-village-votes-page-7.json,matched,polling-station-single-village
2014,大安區,芳和里,芳和里,柯文哲,1768,data/raw/openfun/tw.gov.cec~txn~candidates-votes/2014/柯文哲-village-votes-page-7.json,matched,polling-station-single-village
2014,大安區,芳和里,芳和里,連勝文,1552,data/raw/openfun/tw.gov.cec~txn~candidates-votes/2014/連勝文-village-votes-page-7.json,matched,polling-station-single-village
2014,大安區,虎嘯里,虎嘯里,柯文哲,1044,data/raw/openfun/tw.gov.cec~txn~candidates-votes/2014/柯文哲-village-votes-page-7.json,matched,polling-station-single-village
2014,大安區,虎嘯里,虎嘯里,連勝文,1016,data/raw/openfun/tw.gov.cec~txn~candidates-votes/2014/連勝文-village-votes-page-7.json,matched,polling-station-single-village
2014,大安區,建安里,建安里,柯文哲,1309,data/raw/openfun/tw.gov.cec~txn~candidates-votes/2014/柯文哲-village-votes-page-7.json,matched,polling-station-single-village
2014,大安區,建安里,建安里,連勝文,1312,data/raw/openfun/tw.gov.cec~txn~candidates-votes/2014/連勝文-village-votes-page-7.json,matched,polling-station-single-village
2014,大安區,建倫里,建倫里,柯文哲,1621,data/raw/openfun/tw.gov.cec~txn~candidates-votes/2014/柯文哲-village-votes-page-7.json,matched,polling-station-single-village
2014,大安區,建倫里,建倫里,連勝文,1578,data/raw/openfun/tw.gov.cec~txn~candidates-votes/2014/連勝文-village-votes-page-7.json,matched,polling-station-single-village
2014,大安區,通化里,通化里,柯文哲,2157,data/raw/openfun/tw.gov.cec~txn~candidates-votes/2014/柯文哲-village-votes-page-7.json,matched,polling-station-single-village
2014,大安區,通化里,通化里,連勝文,1450,data/raw/openfun/tw.gov.cec~txn~candidates-votes/2014/連勝文-village-votes-page-7.json,matched,polling-station-single-village
2014,大安區,通安里,通安里,柯文哲,1811,data/raw/openfun/tw.gov.cec~txn~candidates-votes/2014/柯文哲-village-votes-page-7.json,matched,polling-station-single-village
2014,大安區,通安里,通安里,連勝文,1405,data/raw/openfun/tw.gov.cec~txn~candidates-votes/2014/連勝文-village-votes-page-7.json,matched,polling-station-single-village
2014,大安區,敦安里,敦安里,柯文哲,1847,data/raw/openfun/tw.gov.cec~txn~candidates-votes/2014/柯文哲-village-votes-page-7.json,matched,polling-station-single-village
2014,大安區,敦安里,敦安里,連勝文,1444,data/raw/openfun/tw.gov.cec~txn~candidates-votes/2014/連勝文-village-votes-page-7.json,matched,polling-station-single-village
2014,大安區,敦煌里,敦煌里,柯文哲,1852,data/raw/openfun/tw.gov.cec~txn~candidates-votes/2014/柯文哲-village-votes-page-7.json,matched,polling-station-single-village
2014,大安區,敦煌里,敦煌里,連勝文,1475,data/raw/openfun/tw.gov.cec~txn~candidates-votes/2014/連勝文-village-votes-page-7.json,matched,polling-station-single-village
2014,大安區,華聲里,華聲里,柯文哲,1214,data/raw/openfun/tw.gov.cec~txn~candidates-votes/2014/柯文哲-village-votes-page-7.json,matched,polling-station-single-village
2014,大安區,華聲里,華聲里,連勝文,1038,data/raw/openfun/tw.gov.cec~txn~candidates-votes/2014/連勝文-village-votes-page-7.json,matched,polling-station-single-village
2014,大安區,新龍里,新龍里,柯文哲,1699,data/raw/openfun/tw.gov.cec~txn~candidates-votes/2014/柯文哲-village-votes-page-7.json,matched,polling-station-single-village
2014,大安區,新龍里,新龍里,連勝文,2088,data/raw/openfun/tw.gov.cec~txn~candidates-votes/2014/連勝文-village-votes-page-7.json,matched,polling-station-single-village
2014,大安區,群英里,群英里,柯文哲,1578,data/raw/openfun/tw.gov.cec~txn~candidates-votes/2014/柯文哲-village-votes-page-7.json,matched,polling-station-single-village
2014,大安區,群英里,群英里,連勝文,2529,data/raw/openfun/tw.gov.cec~txn~candidates-votes/2014/連勝文-village-votes-page-7.json,matched,polling-station-single-village
2014,大安區,群賢里,群賢里,柯文哲,1637,data/raw/openfun/tw.gov.cec~txn~candidates-votes/2014/柯文哲-village-votes-page-7.json,matched,polling-station-single-village
2014,大安區,群賢里,群賢里,連勝文,1650,data/raw/openfun/tw.gov.cec~txn~candidates-votes/2014/連勝文-village-votes-page-7.json,matched,polling-station-single-village
2014,大安區,義安里,義安里,柯文哲,1464,data/raw/openfun/tw.gov.cec~txn~candidates-votes/2014/柯文哲-village-votes-page-7.json,matched,polling-station-single-village
2014,大安區,義安里,義安里,連勝文,1531,data/raw/openfun/tw.gov.cec~txn~candidates-votes/2014/連勝文-village-votes-page-7.json,matched,polling-station-single-village
2014,大安區,義村里,義村里,柯文哲,1442,data/raw/openfun/tw.gov.cec~txn~candidates-votes/2014/柯文哲-village-votes-page-7.json,matched,polling-station-single-village
2014,大安區,義村里,義村里,連勝文,2005,data/raw/openfun/tw.gov.cec~txn~candidates-votes/2014/連勝文-village-votes-page-7.json,matched,polling-station-single-village
2014,大安區,誠安里,誠安里,柯文哲,1331,data/raw/openfun/tw.gov.cec~txn~candidates-votes/2014/柯文哲-village-votes-page-7.json,matched,polling-station-single-village
2014,大安區,誠安里,誠安里,連勝文,1053,data/raw/openfun/tw.gov.cec~txn~candidates-votes/2014/連勝文-village-votes-page-7.json,matched,polling-station-single-village
2014,大安區,福住里,福住里,柯文哲,1887,data/raw/openfun/tw.gov.cec~txn~candidates-votes/2014/柯文哲-village-votes-page-7.json,matched,polling-station-single-village
2014,大安區,福住里,福住里,連勝文,1416,data/raw/openfun/tw.gov.cec~txn~candidates-votes/2014/連勝文-village-votes-page-7.json,matched,polling-station-single-village
2014,大安區,德安里,德安里,柯文哲,1489,data/raw/openfun/tw.gov.cec~txn~candidates-votes/2014/柯文哲-village-votes-page-6.json,matched,polling-station-single-village
2014,大安區,德安里,德安里,連勝文,1520,data/raw/openfun/tw.gov.cec~txn~candidates-votes/2014/連勝文-village-votes-page-6.json,matched,polling-station-single-village
2014,大安區,黎元里,黎元里,柯文哲,1854,data/raw/openfun/tw.gov.cec~txn~candidates-votes/2014/柯文哲-village-votes-page-7.json,matched,polling-station-single-village
2014,大安區,黎元里,黎元里,連勝文,1389,data/raw/openfun/tw.gov.cec~txn~candidates-votes/2014/連勝文-village-votes-page-7.json,matched,polling-station-single-village
2014,大安區,黎孝里,黎孝里,柯文哲,2459,data/raw/openfun/tw.gov.cec~txn~candidates-votes/2014/柯文哲-village-votes-page-7.json,matched,polling-station-single-village
2014,大安區,黎孝里,黎孝里,連勝文,2157,data/raw/openfun/tw.gov.cec~txn~candidates-votes/2014/連勝文-village-votes-page-7.json,matched,polling-station-single-village
2014,大安區,黎和里,黎和里,柯文哲,1379,data/raw/openfun/tw.gov.cec~txn~candidates-votes/2014/柯文哲-village-votes-page-7.json,matched,polling-station-single-village
2014,大安區,黎和里,黎和里,連勝文,1386,data/raw/openfun/tw.gov.cec~txn~candidates-votes/2014/連勝文-village-votes-page-7.json,matched,polling-station-single-village
2014,大安區,學府里,學府里,柯文哲,724,data/raw/openfun/tw.gov.cec~txn~candidates-votes/2014/柯文哲-village-votes-page-7.json,matched,polling-station-single-village
2014,大安區,學府里,學府里,連勝文,894,data/raw/openfun/tw.gov.cec~txn~candidates-votes/2014/連勝文-village-votes-page-7.json,matched,polling-station-single-village
2014,大安區,錦安里,錦安里,柯文哲,1740,data/raw/openfun/tw.gov.cec~txn~candidates-votes/2014/柯文哲-village-votes-page-7.json,matched,polling-station-single-village
2014,大安區,錦安里,錦安里,連勝文,1476,data/raw/openfun/tw.gov.cec~txn~candidates-votes/2014/連勝文-village-votes-page-7.json,matched,polling-station-single-village
2014,大安區,錦泰里,錦泰里,柯文哲,1019,data/raw/openfun/tw.gov.cec~txn~candidates-votes/2014/柯文哲-village-votes-page-7.json,matched,polling-station-single-village
2014,大安區,錦泰里,錦泰里,連勝文,927,data/raw/openfun/tw.gov.cec~txn~candidates-votes/2014/連勝文-village-votes-page-7.json,matched,polling-station-single-village
2014,大安區,錦華里,錦華里,柯文哲,1675,data/raw/openfun/tw.gov.cec~txn~candidates-votes/2014/柯文哲-village-votes-page-7.json,matched,polling-station-single-village
2014,大安區,錦華里,錦華里,連勝文,1394,data/raw/openfun/tw.gov.cec~txn~candidates-votes/2014/連勝文-village-votes-page-7.json,matched,polling-station-single-village
2014,大安區,龍生里,龍生里,柯文哲,1893,data/raw/openfun/tw.gov.cec~txn~candidates-votes/2014/柯文哲-village-votes-page-7.json,matched,polling-station-single-village
2014,大安區,龍生里,龍生里,連勝文,1745,data/raw/openfun/tw.gov.cec~txn~candidates-votes/2014/連勝文-village-votes-page-7.json,matched,polling-station-single-village
2014,大安區,龍安里,龍安里,柯文哲,1950,data/raw/openfun/tw.gov.cec~txn~candidates-votes/2014/柯文哲-village-votes-page-7.json,matched,polling-station-single-village
2014,大安區,龍安里,龍安里,連勝文,1504,data/raw/openfun/tw.gov.cec~txn~candidates-votes/2014/連勝文-village-votes-page-7.json,matched,polling-station-single-village
2014,大安區,龍坡里,龍坡里,柯文哲,1659,data/raw/openfun/tw.gov.cec~txn~candidates-votes/2014/柯文哲-village-votes-page-7.json,matched,polling-station-single-village
2014,大安區,龍坡里,龍坡里,連勝文,1428,data/raw/openfun/tw.gov.cec~txn~candidates-votes/2014/連勝文-village-votes-page-7.json,matched,polling-station-single-village
2014,大安區,龍門里,龍門里,柯文哲,1329,data/raw/openfun/tw.gov.cec~txn~candidates-votes/2014/柯文哲-village-votes-page-7.json,matched,polling-station-single-village
2014,大安區,龍門里,龍門里,連勝文,1048,data/raw/openfun/tw.gov.cec~txn~candidates-votes/2014/連勝文-village-votes-page-7.json,matched,polling-station-single-village
2014,大安區,龍泉里,龍泉里,柯文哲,1568,data/raw/openfun/tw.gov.cec~txn~candidates-votes/2014/柯文哲-village-votes-page-7.json,matched,polling-station-single-village
2014,大安區,龍泉里,龍泉里,連勝文,1089,data/raw/openfun/tw.gov.cec~txn~candidates-votes/2014/連勝文-village-votes-page-7.json,matched,polling-station-single-village
2014,大安區,龍陣里,龍陣里,柯文哲,1131,data/raw/openfun/tw.gov.cec~txn~candidates-votes/2014/柯文哲-village-votes-page-7.json,matched,polling-station-single-village
2014,大安區,龍陣里,龍陣里,連勝文,964,data/raw/openfun/tw.gov.cec~txn~candidates-votes/2014/連勝文-village-votes-page-7.json,matched,polling-station-single-village
2014,大安區,龍淵里,龍淵里,柯文哲,2861,data/raw/openfun/tw.gov.cec~txn~candidates-votes/2014/柯文哲-village-votes-page-7.json,matched,polling-station-single-village
2014,大安區,龍淵里,龍淵里,連勝文,2190,data/raw/openfun/tw.gov.cec~txn~candidates-votes/2014/連勝文-village-votes-page-7.json,matched,polling-station-single-village
2014,大安區,龍雲里,龍雲里,柯文哲,1497,data/raw/openfun/tw.gov.cec~txn~candidates-votes/2014/柯文哲-village-votes-page-7.json,matched,polling-station-single-village
2014,大安區,龍雲里,龍雲里,連勝文,1255,data/raw/openfun/tw.gov.cec~txn~candidates-votes/2014/連勝文-village-votes-page-7.json,matched,polling-station-single-village
2014,大安區,龍圖里,龍圖里,柯文哲,1984,data/raw/openfun/tw.gov.cec~txn~candidates-votes/2014/柯文哲-village-votes-page-7.json,matched,polling-station-single-village
2014,大安區,龍圖里,龍圖里,連勝文,1755,data/raw/openfun/tw.gov.cec~txn~candidates-votes/2014/連勝文-village-votes-page-7.json,matched,polling-station-single-village
2014,大安區,臨江里,臨江里,柯文哲,1390,data/raw/openfun/tw.gov.cec~txn~candidates-votes/2014/柯文哲-village-votes-page-7.json,matched,polling-station-single-village
2014,大安區,臨江里,臨江里,連勝文,1071,data/raw/openfun/tw.gov.cec~txn~candidates-votes/2014/連勝文-village-votes-page-7.json,matched,polling-station-single-village
2014,中山區,力行里,力行里,柯文哲,2184,data/raw/openfun/tw.gov.cec~txn~candidates-votes/2014/柯文哲-village-votes-page-5.json,matched,polling-station-single-village
2014,中山區,力行里,力行里,連勝文,1141,data/raw/openfun/tw.gov.cec~txn~candidates-votes/2014/連勝文-village-votes-page-5.json,matched,polling-station-single-village
2014,中山區,下埤里,下埤里,柯文哲,2931,data/raw/openfun/tw.gov.cec~txn~candidates-votes/2014/柯文哲-village-votes-page-5.json,matched,polling-station-single-village
2014,中山區,下埤里,下埤里,連勝文,1653,data/raw/openfun/tw.gov.cec~txn~candidates-votes/2014/連勝文-village-votes-page-5.json,matched,polling-station-single-village
2014,中山區,大佳里,大佳里,柯文哲,494,data/raw/openfun/tw.gov.cec~txn~candidates-votes/2014/柯文哲-village-votes-page-5.json,matched,polling-station-single-village
2014,中山區,大佳里,大佳里,連勝文,166,data/raw/openfun/tw.gov.cec~txn~candidates-votes/2014/連勝文-village-votes-page-5.json,matched,polling-station-single-village
2014,中山區,大直里,大直里,柯文哲,3030,data/raw/openfun/tw.gov.cec~txn~candidates-votes/2014/柯文哲-village-votes-page-5.json,matched,polling-station-single-village
2014,中山區,大直里,大直里,連勝文,2395,data/raw/openfun/tw.gov.cec~txn~candidates-votes/2014/連勝文-village-votes-page-5.json,matched,polling-station-single-village
2014,中山區,中山里,中山里,柯文哲,2119,data/raw/openfun/tw.gov.cec~txn~candidates-votes/2014/柯文哲-village-votes-page-4.json,matched,polling-station-single-village
2014,中山區,中山里,中山里,連勝文,1285,data/raw/openfun/tw.gov.cec~txn~candidates-votes/2014/連勝文-village-votes-page-4.json,matched,polling-station-single-village
2014,中山區,中央里,中央里,柯文哲,1295,data/raw/openfun/tw.gov.cec~txn~candidates-votes/2014/柯文哲-village-votes-page-5.json,matched,polling-station-single-village
2014,中山區,中央里,中央里,連勝文,824,data/raw/openfun/tw.gov.cec~txn~candidates-votes/2014/連勝文-village-votes-page-5.json,matched,polling-station-single-village
2014,中山區,中吉里,中吉里,柯文哲,2206,data/raw/openfun/tw.gov.cec~txn~candidates-votes/2014/柯文哲-village-votes-page-5.json,matched,polling-station-single-village
2014,中山區,中吉里,中吉里,連勝文,1052,data/raw/openfun/tw.gov.cec~txn~candidates-votes/2014/連勝文-village-votes-page-5.json,matched,polling-station-single-village
2014,中山區,中庄里,中庄里,柯文哲,1914,data/raw/openfun/tw.gov.cec~txn~candidates-votes/2014/柯文哲-village-votes-page-5.json,matched,polling-station-single-village
2014,中山區,中庄里,中庄里,連勝文,1020,data/raw/openfun/tw.gov.cec~txn~candidates-votes/2014/連勝文-village-votes-page-5.json,matched,polling-station-single-village
2014,中山區,中原里,中原里,柯文哲,1933,data/raw/openfun/tw.gov.cec~txn~candidates-votes/2014/柯文哲-village-votes-page-5.json,matched,polling-station-single-village
2014,中山區,中原里,中原里,連勝文,1094,data/raw/openfun/tw.gov.cec~txn~candidates-votes/2014/連勝文-village-votes-page-5.json,matched,polling-station-single-village
2014,中山區,北安里,北安里,柯文哲,805,data/raw/openfun/tw.gov.cec~txn~candidates-votes/2014/柯文哲-village-votes-page-5.json,matched,polling-station-single-village
2014,中山區,北安里,北安里,連勝文,815,data/raw/openfun/tw.gov.cec~txn~candidates-votes/2014/連勝文-village-votes-page-5.json,matched,polling-station-single-village
2014,中山區,正守里,正守里,柯文哲,1151,data/raw/openfun/tw.gov.cec~txn~candidates-votes/2014/柯文哲-village-votes-page-4.json,matched,polling-station-single-village
2014,中山區,正守里,正守里,連勝文,708,data/raw/openfun/tw.gov.cec~txn~candidates-votes/2014/連勝文-village-votes-page-4.json,matched,polling-station-single-village
2014,中山區,正得里,正得里,柯文哲,1131,data/raw/openfun/tw.gov.cec~txn~candidates-votes/2014/柯文哲-village-votes-page-4.json,matched,polling-station-single-village
2014,中山區,正得里,正得里,連勝文,862,data/raw/openfun/tw.gov.cec~txn~candidates-votes/2014/連勝文-village-votes-page-4.json,matched,polling-station-single-village
2014,中山區,正義里,正義里,柯文哲,1607,data/raw/openfun/tw.gov.cec~txn~candidates-votes/2014/柯文哲-village-votes-page-4.json,matched,polling-station-single-village
2014,中山區,正義里,正義里,連勝文,1136,data/raw/openfun/tw.gov.cec~txn~candidates-votes/2014/連勝文-village-votes-page-4.json,matched,polling-station-single-village
2014,中山區,民安里,民安里,柯文哲,1769,data/raw/openfun/tw.gov.cec~txn~candidates-votes/2014/柯文哲-village-votes-page-4.json,matched,polling-station-single-village
2014,中山區,民安里,民安里,連勝文,972,data/raw/openfun/tw.gov.cec~txn~candidates-votes/2014/連勝文-village-votes-page-4.json,matched,polling-station-single-village
2014,中山區,永安里,永安里,柯文哲,3059,data/raw/openfun/tw.gov.cec~txn~candidates-votes/2014/柯文哲-village-votes-page-5.json,matched,polling-station-single-village
2014,中山區,永安里,永安里,連勝文,2184,data/raw/openfun/tw.gov.cec~txn~candidates-votes/2014/連勝文-village-votes-page-5.json,matched,polling-station-single-village
2014,中山區,成功里,成功里,柯文哲,2018,data/raw/openfun/tw.gov.cec~txn~candidates-votes/2014/柯文哲-village-votes-page-5.json,matched,polling-station-single-village
2014,中山區,成功里,成功里,連勝文,1394,data/raw/openfun/tw.gov.cec~txn~candidates-votes/2014/連勝文-village-votes-page-5.json,matched,polling-station-single-village
2014,中山區,朱崙里,朱崙里,柯文哲,985,data/raw/openfun/tw.gov.cec~txn~candidates-votes/2014/柯文哲-village-votes-page-5.json,matched,polling-station-single-village
2014,中山區,朱崙里,朱崙里,連勝文,622,data/raw/openfun/tw.gov.cec~txn~candidates-votes/2014/連勝文-village-votes-page-5.json,matched,polling-station-single-village
2014,中山區,朱園里,朱園里,柯文哲,1654,data/raw/openfun/tw.gov.cec~txn~candidates-votes/2014/柯文哲-village-votes-page-5.json,matched,polling-station-single-village
2014,中山區,朱園里,朱園里,連勝文,935,data/raw/openfun/tw.gov.cec~txn~candidates-votes/2014/連勝文-village-votes-page-5.json,matched,polling-station-single-village
2014,中山區,朱馥里,朱馥里,柯文哲,2015,data/raw/openfun/tw.gov.cec~txn~candidates-votes/2014/柯文哲-village-votes-page-5.json,matched,polling-station-single-village
2014,中山區,朱馥里,朱馥里,連勝文,1404,data/raw/openfun/tw.gov.cec~txn~candidates-votes/2014/連勝文-village-votes-page-5.json,matched,polling-station-single-village
2014,中山區,江山里,江山里,柯文哲,2903,data/raw/openfun/tw.gov.cec~txn~candidates-votes/2014/柯文哲-village-votes-page-5.json,matched,polling-station-single-village
2014,中山區,江山里,江山里,連勝文,1596,data/raw/openfun/tw.gov.cec~txn~candidates-votes/2014/連勝文-village-votes-page-5.json,matched,polling-station-single-village
2014,中山區,江寧里,江寧里,柯文哲,2434,data/raw/openfun/tw.gov.cec~txn~candidates-votes/2014/柯文哲-village-votes-page-5.json,matched,polling-station-single-village
2014,中山區,江寧里,江寧里,連勝文,1580,data/raw/openfun/tw.gov.cec~txn~candidates-votes/2014/連勝文-village-votes-page-5.json,matched,polling-station-single-village
2014,中山區,行仁里,行仁里,柯文哲,3294,data/raw/openfun/tw.gov.cec~txn~candidates-votes/2014/柯文哲-village-votes-page-5.json,matched,polling-station-single-village
2014,中山區,行仁里,行仁里,連勝文,1662,data/raw/openfun/tw.gov.cec~txn~candidates-votes/2014/連勝文-village-votes-page-5.json,matched,polling-station-single-village
2014,中山區,行孝里,行孝里,柯文哲,1589,data/raw/openfun/tw.gov.cec~txn~candidates-votes/2014/柯文哲-village-votes-page-5.json,matched,polling-station-single-village
2014,中山區,行孝里,行孝里,連勝文,776,data/raw/openfun/tw.gov.cec~txn~candidates-votes/2014/連勝文-village-votes-page-5.json,matched,polling-station-single-village
2014,中山區,行政里,行政里,柯文哲,2161,data/raw/openfun/tw.gov.cec~txn~candidates-votes/2014/柯文哲-village-votes-page-5.json,matched,polling-station-single-village
2014,中山區,行政里,行政里,連勝文,1352,data/raw/openfun/tw.gov.cec~txn~candidates-votes/2014/連勝文-village-votes-page-5.json,matched,polling-station-single-village
2014,中山區,松江里,松江里,柯文哲,2502,data/raw/openfun/tw.gov.cec~txn~candidates-votes/2014/柯文哲-village-votes-page-5.json,matched,polling-station-single-village
2014,中山區,松江里,松江里,連勝文,1440,data/raw/openfun/tw.gov.cec~txn~candidates-votes/2014/連勝文-village-votes-page-5.json,matched,polling-station-single-village
2014,中山區,金泰里,金泰里,柯文哲,2214,data/raw/openfun/tw.gov.cec~txn~candidates-votes/2014/柯文哲-village-votes-page-5.json,matched,polling-station-single-village
2014,中山區,金泰里,金泰里,連勝文,1681,data/raw/openfun/tw.gov.cec~txn~candidates-votes/2014/連勝文-village-votes-page-5.json,matched,polling-station-single-village
2014,中山區,恆安里,恆安里,柯文哲,1518,data/raw/openfun/tw.gov.cec~txn~candidates-votes/2014/柯文哲-village-votes-page-5.json,matched,polling-station-single-village
2014,中山區,恆安里,恆安里,連勝文,1041,data/raw/openfun/tw.gov.cec~txn~candidates-votes/2014/連勝文-village-votes-page-5.json,matched,polling-station-single-village
2014,中山區,埤頭里,埤頭里,柯文哲,1172,data/raw/openfun/tw.gov.cec~txn~candidates-votes/2014/柯文哲-village-votes-page-5.json,matched,polling-station-single-village
2014,中山區,埤頭里,埤頭里,連勝文,834,data/raw/openfun/tw.gov.cec~txn~candidates-votes/2014/連勝文-village-votes-page-5.json,matched,polling-station-single-village
2014,中山區,康樂里,康樂里,柯文哲,826,data/raw/openfun/tw.gov.cec~txn~candidates-votes/2014/柯文哲-village-votes-page-4.json,matched,polling-station-single-village
2014,中山區,康樂里,康樂里,連勝文,598,data/raw/openfun/tw.gov.cec~txn~candidates-votes/2014/連勝文-village-votes-page-4.json,matched,polling-station-single-village
2014,中山區,復華里,復華里,柯文哲,1336,data/raw/openfun/tw.gov.cec~txn~candidates-votes/2014/柯文哲-village-votes-page-5.json,matched,polling-station-single-village
2014,中山區,復華里,復華里,連勝文,1184,data/raw/openfun/tw.gov.cec~txn~candidates-votes/2014/連勝文-village-votes-page-5.json,matched,polling-station-single-village
2014,中山區,晴光里,晴光里,柯文哲,1704,data/raw/openfun/tw.gov.cec~txn~candidates-votes/2014/柯文哲-village-votes-page-5.json,matched,polling-station-single-village
2014,中山區,晴光里,晴光里,連勝文,1186,data/raw/openfun/tw.gov.cec~txn~candidates-votes/2014/連勝文-village-votes-page-5.json,matched,polling-station-single-village
2014,中山區,集英里,集英里,柯文哲,2638,data/raw/openfun/tw.gov.cec~txn~candidates-votes/2014/柯文哲-village-votes-page-4.json,matched,polling-station-single-village
2014,中山區,集英里,集英里,連勝文,1353,data/raw/openfun/tw.gov.cec~txn~candidates-votes/2014/連勝文-village-votes-page-4.json,matched,polling-station-single-village
2014,中山區,圓山里,圓山里,柯文哲,1510,data/raw/openfun/tw.gov.cec~txn~candidates-votes/2014/柯文哲-village-votes-page-5.json,matched,polling-station-single-village
2014,中山區,圓山里,圓山里,連勝文,898,data/raw/openfun/tw.gov.cec~txn~candidates-votes/2014/連勝文-village-votes-page-5.json,matched,polling-station-single-village
2014,中山區,新生里,新生里,柯文哲,1993,data/raw/openfun/tw.gov.cec~txn~candidates-votes/2014/柯文哲-village-votes-page-5.json,matched,polling-station-single-village
2014,中山區,新生里,新生里,連勝文,1011,data/raw/openfun/tw.gov.cec~txn~candidates-votes/2014/連勝文-village-votes-page-5.json,matched,polling-station-single-village
2014,中山區,新庄里,新庄里,柯文哲,1925,data/raw/openfun/tw.gov.cec~txn~candidates-votes/2014/柯文哲-village-votes-page-5.json,matched,polling-station-single-village
2014,中山區,新庄里,新庄里,連勝文,1042,data/raw/openfun/tw.gov.cec~txn~candidates-votes/2014/連勝文-village-votes-page-5.json,matched,polling-station-single-village
2014,中山區,新喜里,新喜里,柯文哲,2024,data/raw/openfun/tw.gov.cec~txn~candidates-votes/2014/柯文哲-village-votes-page-5.json,matched,polling-station-single-village
2014,中山區,新喜里,新喜里,連勝文,1019,data/raw/openfun/tw.gov.cec~txn~candidates-votes/2014/連勝文-village-votes-page-5.json,matched,polling-station-single-village
2014,中山區,新福里,新福里,柯文哲,2038,data/raw/openfun/tw.gov.cec~txn~candidates-votes/2014/柯文哲-village-votes-page-5.json,matched,polling-station-single-village
2014,中山區,新福里,新福里,連勝文,922,data/raw/openfun/tw.gov.cec~txn~candidates-votes/2014/連勝文-village-votes-page-5.json,matched,polling-station-single-village
2014,中山區,聚盛里,聚盛里,柯文哲,1341,data/raw/openfun/tw.gov.cec~txn~candidates-votes/2014/柯文哲-village-votes-page-4.json,matched,polling-station-single-village
2014,中山區,聚盛里,聚盛里,連勝文,1011,data/raw/openfun/tw.gov.cec~txn~candidates-votes/2014/連勝文-village-votes-page-4.json,matched,polling-station-single-village
2014,中山區,聚葉里,聚葉里,柯文哲,1334,data/raw/openfun/tw.gov.cec~txn~candidates-votes/2014/柯文哲-village-votes-page-5.json,matched,polling-station-single-village
2014,中山區,聚葉里,聚葉里,連勝文,874,data/raw/openfun/tw.gov.cec~txn~candidates-votes/2014/連勝文-village-votes-page-5.json,matched,polling-station-single-village
2014,中山區,劍潭里,劍潭里,柯文哲,638,data/raw/openfun/tw.gov.cec~txn~candidates-votes/2014/柯文哲-village-votes-page-5.json,matched,polling-station-single-village
2014,中山區,劍潭里,劍潭里,連勝文,1490,data/raw/openfun/tw.gov.cec~txn~candidates-votes/2014/連勝文-village-votes-page-5.json,matched,polling-station-single-village
2014,中山區,興亞里,興亞里,柯文哲,1970,data/raw/openfun/tw.gov.cec~txn~candidates-votes/2014/柯文哲-village-votes-page-5.json,matched,polling-station-single-village
2014,中山區,興亞里,興亞里,連勝文,1017,data/raw/openfun/tw.gov.cec~txn~candidates-votes/2014/連勝文-village-votes-page-5.json,matched,polling-station-single-village
2014,中山區,龍洲里,龍洲里,柯文哲,1224,data/raw/openfun/tw.gov.cec~txn~candidates-votes/2014/柯文哲-village-votes-page-5.json,matched,polling-station-single-village
2014,中山區,龍洲里,龍洲里,連勝文,1883,data/raw/openfun/tw.gov.cec~txn~candidates-votes/2014/連勝文-village-votes-page-5.json,matched,polling-station-single-village
2014,中正區,三愛里,三愛里,柯文哲,2701,data/raw/openfun/tw.gov.cec~txn~candidates-votes/2014/柯文哲-village-votes-page-6.json,matched,polling-station-single-village
2014,中正區,三愛里,三愛里,連勝文,2006,data/raw/openfun/tw.gov.cec~txn~candidates-votes/2014/連勝文-village-votes-page-6.json,matched,polling-station-single-village
2014,中正區,文北里,文北里,柯文哲,1764,data/raw/openfun/tw.gov.cec~txn~candidates-votes/2014/柯文哲-village-votes-page-6.json,matched,polling-station-single-village
2014,中正區,文北里,文北里,連勝文,1256,data/raw/openfun/tw.gov.cec~txn~candidates-votes/2014/連勝文-village-votes-page-6.json,matched,polling-station-single-village
2014,中正區,文盛里,文盛里,柯文哲,942,data/raw/openfun/tw.gov.cec~txn~candidates-votes/2014/柯文哲-village-votes-page-5.json,matched,polling-station-single-village
2014,中正區,文盛里,文盛里,連勝文,625,data/raw/openfun/tw.gov.cec~txn~candidates-votes/2014/連勝文-village-votes-page-5.json,matched,polling-station-single-village
2014,中正區,文祥里,文祥里,柯文哲,2438,data/raw/openfun/tw.gov.cec~txn~candidates-votes/2014/柯文哲-village-votes-page-6.json,matched,polling-station-single-village
2014,中正區,文祥里,文祥里,連勝文,1805,data/raw/openfun/tw.gov.cec~txn~candidates-votes/2014/連勝文-village-votes-page-6.json,matched,polling-station-single-village
2014,中正區,水源里,水源里,柯文哲,976,data/raw/openfun/tw.gov.cec~txn~candidates-votes/2014/柯文哲-village-votes-page-5.json,matched,polling-station-single-village
2014,中正區,水源里,水源里,連勝文,657,data/raw/openfun/tw.gov.cec~txn~candidates-votes/2014/連勝文-village-votes-page-5.json,matched,polling-station-single-village
2014,中正區,永功里,永功里,柯文哲,2281,data/raw/openfun/tw.gov.cec~txn~candidates-votes/2014/柯文哲-village-votes-page-6.json,matched,polling-station-single-village
2014,中正區,永功里,永功里,連勝文,1406,data/raw/openfun/tw.gov.cec~txn~candidates-votes/2014/連勝文-village-votes-page-6.json,matched,polling-station-single-village
2014,中正區,永昌里,永昌里,柯文哲,1819,data/raw/openfun/tw.gov.cec~txn~candidates-votes/2014/柯文哲-village-votes-page-6.json,matched,polling-station-single-village
2014,中正區,永昌里,永昌里,連勝文,1281,data/raw/openfun/tw.gov.cec~txn~candidates-votes/2014/連勝文-village-votes-page-6.json,matched,polling-station-single-village
2014,中正區,光復里,光復里,柯文哲,1199,data/raw/openfun/tw.gov.cec~txn~candidates-votes/2014/柯文哲-village-votes-page-6.json,matched,polling-station-single-village
2014,中正區,光復里,光復里,連勝文,865,data/raw/openfun/tw.gov.cec~txn~candidates-votes/2014/連勝文-village-votes-page-6.json,matched,polling-station-single-village
2014,中正區,幸市里,幸市里,柯文哲,1541,data/raw/openfun/tw.gov.cec~txn~candidates-votes/2014/柯文哲-village-votes-page-6.json,matched,polling-station-single-village
2014,中正區,幸市里,幸市里,連勝文,1096,data/raw/openfun/tw.gov.cec~txn~candidates-votes/2014/連勝文-village-votes-page-6.json,matched,polling-station-single-village
2014,中正區,幸福里,幸福里,柯文哲,1400,data/raw/openfun/tw.gov.cec~txn~candidates-votes/2014/柯文哲-village-votes-page-6.json,matched,polling-station-single-village
2014,中正區,幸福里,幸福里,連勝文,1116,data/raw/openfun/tw.gov.cec~txn~candidates-votes/2014/連勝文-village-votes-page-6.json,matched,polling-station-single-village
2014,中正區,忠勤里,忠勤里,柯文哲,2024,data/raw/openfun/tw.gov.cec~txn~candidates-votes/2014/柯文哲-village-votes-page-6.json,matched,polling-station-single-village
2014,中正區,忠勤里,忠勤里,連勝文,1738,data/raw/openfun/tw.gov.cec~txn~candidates-votes/2014/連勝文-village-votes-page-6.json,matched,polling-station-single-village
2014,中正區,東門里,東門里,柯文哲,1184,data/raw/openfun/tw.gov.cec~txn~candidates-votes/2014/柯文哲-village-votes-page-6.json,matched,polling-station-single-village
2014,中正區,東門里,東門里,連勝文,1111,data/raw/openfun/tw.gov.cec~txn~candidates-votes/2014/連勝文-village-votes-page-6.json,matched,polling-station-single-village
2014,中正區,板溪里,板溪里,柯文哲,1154,data/raw/openfun/tw.gov.cec~txn~candidates-votes/2014/柯文哲-village-votes-page-6.json,matched,polling-station-single-village
2014,中正區,板溪里,板溪里,連勝文,844,data/raw/openfun/tw.gov.cec~txn~candidates-votes/2014/連勝文-village-votes-page-6.json,matched,polling-station-single-village
2014,中正區,林興里,林興里,柯文哲,1314,data/raw/openfun/tw.gov.cec~txn~candidates-votes/2014/柯文哲-village-votes-page-5.json,matched,polling-station-single-village
2014,中正區,林興里,林興里,連勝文,1308,data/raw/openfun/tw.gov.cec~txn~candidates-votes/2014/連勝文-village-votes-page-5.json,matched,polling-station-single-village
2014,中正區,河堤里,河堤里,柯文哲,1422,data/raw/openfun/tw.gov.cec~txn~candidates-votes/2014/柯文哲-village-votes-page-5.json,matched,polling-station-single-village
2014,中正區,河堤里,河堤里,連勝文,1230,data/raw/openfun/tw.gov.cec~txn~candidates-votes/2014/連勝文-village-votes-page-5.json,matched,polling-station-single-village
2014,中正區,南門里,南門里,柯文哲,791,data/raw/openfun/tw.gov.cec~txn~candidates-votes/2014/柯文哲-village-votes-page-6.json,matched,polling-station-single-village
2014,中正區,南門里,南門里,連勝文,754,data/raw/openfun/tw.gov.cec~txn~candidates-votes/2014/連勝文-village-votes-page-6.json,matched,polling-station-single-village
2014,中正區,南福里,南福里,柯文哲,3162,data/raw/openfun/tw.gov.cec~txn~candidates-votes/2014/柯文哲-village-votes-page-6.json,matched,polling-station-single-village
2014,中正區,南福里,南福里,連勝文,2320,data/raw/openfun/tw.gov.cec~txn~candidates-votes/2014/連勝文-village-votes-page-6.json,matched,polling-station-single-village
2014,中正區,建國里,建國里,柯文哲,426,data/raw/openfun/tw.gov.cec~txn~candidates-votes/2014/柯文哲-village-votes-page-6.json,matched,polling-station-single-village
2014,中正區,建國里,建國里,連勝文,381,data/raw/openfun/tw.gov.cec~txn~candidates-votes/2014/連勝文-village-votes-page-6.json,matched,polling-station-single-village
2014,中正區,梅花里,梅花里,柯文哲,1027,data/raw/openfun/tw.gov.cec~txn~candidates-votes/2014/柯文哲-village-votes-page-6.json,matched,polling-station-single-village
2014,中正區,梅花里,梅花里,連勝文,747,data/raw/openfun/tw.gov.cec~txn~candidates-votes/2014/連勝文-village-votes-page-6.json,matched,polling-station-single-village
2014,中正區,頂東里,頂東里,柯文哲,2093,data/raw/openfun/tw.gov.cec~txn~candidates-votes/2014/柯文哲-village-votes-page-5.json,matched,polling-station-single-village
2014,中正區,頂東里,頂東里,連勝文,1497,data/raw/openfun/tw.gov.cec~txn~candidates-votes/2014/連勝文-village-votes-page-5.json,matched,polling-station-single-village
2014,中正區,富水里,富水里,柯文哲,561,data/raw/openfun/tw.gov.cec~txn~candidates-votes/2014/柯文哲-village-votes-page-5.json,matched,polling-station-single-village
2014,中正區,富水里,富水里,連勝文,749,data/raw/openfun/tw.gov.cec~txn~candidates-votes/2014/連勝文-village-votes-page-5.json,matched,polling-station-single-village
2014,中正區,廈安里,廈安里,柯文哲,1378,data/raw/openfun/tw.gov.cec~txn~candidates-votes/2014/柯文哲-village-votes-page-6.json,matched,polling-station-single-village
2014,中正區,廈安里,廈安里,連勝文,891,data/raw/openfun/tw.gov.cec~txn~candidates-votes/2014/連勝文-village-votes-page-6.json,matched,polling-station-single-village
2014,中正區,愛國里,愛國里,柯文哲,1076,data/raw/openfun/tw.gov.cec~txn~candidates-votes/2014/柯文哲-village-votes-page-6.json,matched,polling-station-single-village
2014,中正區,愛國里,愛國里,連勝文,803,data/raw/openfun/tw.gov.cec~txn~candidates-votes/2014/連勝文-village-votes-page-6.json,matched,polling-station-single-village
2014,中正區,新營里,新營里,柯文哲,2527,data/raw/openfun/tw.gov.cec~txn~candidates-votes/2014/柯文哲-village-votes-page-6.json,matched,polling-station-single-village
2014,中正區,新營里,新營里,連勝文,2292,data/raw/openfun/tw.gov.cec~txn~candidates-votes/2014/連勝文-village-votes-page-6.json,matched,polling-station-single-village
2014,中正區,網溪里,網溪里,柯文哲,1975,data/raw/openfun/tw.gov.cec~txn~candidates-votes/2014/柯文哲-village-votes-page-5.json;data/raw/openfun/tw.gov.cec~txn~candidates-votes/2014/柯文哲-village-votes-page-6.json,matched,polling-station-single-village
2014,中正區,網溪里,網溪里,連勝文,1545,data/raw/openfun/tw.gov.cec~txn~candidates-votes/2014/連勝文-village-votes-page-5.json;data/raw/openfun/tw.gov.cec~txn~candidates-votes/2014/連勝文-village-votes-page-6.json,matched,polling-station-single-village
2014,中正區,黎明里,黎明里,柯文哲,870,data/raw/openfun/tw.gov.cec~txn~candidates-votes/2014/柯文哲-village-votes-page-6.json,matched,polling-station-single-village
2014,中正區,黎明里,黎明里,連勝文,769,data/raw/openfun/tw.gov.cec~txn~candidates-votes/2014/連勝文-village-votes-page-6.json,matched,polling-station-single-village
2014,中正區,螢圃里,螢圃里,柯文哲,1761,data/raw/openfun/tw.gov.cec~txn~candidates-votes/2014/柯文哲-village-votes-page-6.json,matched,polling-station-single-village
2014,中正區,螢圃里,螢圃里,連勝文,1459,data/raw/openfun/tw.gov.cec~txn~candidates-votes/2014/連勝文-village-votes-page-6.json,matched,polling-station-single-village
2014,中正區,螢雪里,螢雪里,柯文哲,1564,data/raw/openfun/tw.gov.cec~txn~candidates-votes/2014/柯文哲-village-votes-page-6.json,matched,polling-station-single-village
2014,中正區,螢雪里,螢雪里,連勝文,1198,data/raw/openfun/tw.gov.cec~txn~candidates-votes/2014/連勝文-village-votes-page-6.json,matched,polling-station-single-village
2014,中正區,龍光里,龍光里,柯文哲,1086,data/raw/openfun/tw.gov.cec~txn~candidates-votes/2014/柯文哲-village-votes-page-6.json,matched,polling-station-single-village
2014,中正區,龍光里,龍光里,連勝文,831,data/raw/openfun/tw.gov.cec~txn~candidates-votes/2014/連勝文-village-votes-page-6.json,matched,polling-station-single-village
2014,中正區,龍福里,龍福里,柯文哲,1963,data/raw/openfun/tw.gov.cec~txn~candidates-votes/2014/柯文哲-village-votes-page-6.json,matched,polling-station-single-village
2014,中正區,龍福里,龍福里,連勝文,1460,data/raw/openfun/tw.gov.cec~txn~candidates-votes/2014/連勝文-village-votes-page-6.json,matched,polling-station-single-village
2014,中正區,龍興里,龍興里,柯文哲,1366,data/raw/openfun/tw.gov.cec~txn~candidates-votes/2014/柯文哲-village-votes-page-6.json,matched,polling-station-single-village
2014,中正區,龍興里,龍興里,連勝文,896,data/raw/openfun/tw.gov.cec~txn~candidates-votes/2014/連勝文-village-votes-page-6.json,matched,polling-station-single-village
2014,內湖區,大湖里,大湖里,柯文哲,1806,data/raw/openfun/tw.gov.cec~txn~candidates-votes/2014/柯文哲-village-votes-page-2.json,matched,polling-station-single-village
2014,內湖區,大湖里,大湖里,連勝文,1334,data/raw/openfun/tw.gov.cec~txn~candidates-votes/2014/連勝文-village-votes-page-2.json,matched,polling-station-single-village
2014,內湖區,五分里,五分里,柯文哲,3332,data/raw/openfun/tw.gov.cec~txn~candidates-votes/2014/柯文哲-village-votes-page-2.json,matched,polling-station-single-village
2014,內湖區,五分里,五分里,連勝文,2065,data/raw/openfun/tw.gov.cec~txn~candidates-votes/2014/連勝文-village-votes-page-2.json,matched,polling-station-single-village
2014,內湖區,內湖里,內湖里,柯文哲,1938,data/raw/openfun/tw.gov.cec~txn~candidates-votes/2014/柯文哲-village-votes-page-2.json,matched,polling-station-single-village
2014,內湖區,內湖里,內湖里,連勝文,1524,data/raw/openfun/tw.gov.cec~txn~candidates-votes/2014/連勝文-village-votes-page-2.json,matched,polling-station-single-village
2014,內湖區,內溝里,內溝里,柯文哲,1643,data/raw/openfun/tw.gov.cec~txn~candidates-votes/2014/柯文哲-village-votes-page-2.json,matched,polling-station-single-village
2014,內湖區,內溝里,內溝里,連勝文,1093,data/raw/openfun/tw.gov.cec~txn~candidates-votes/2014/連勝文-village-votes-page-2.json,matched,polling-station-single-village
2014,內湖區,石潭里,石潭里,柯文哲,1145,data/raw/openfun/tw.gov.cec~txn~candidates-votes/2014/柯文哲-village-votes-page-3.json,matched,polling-station-single-village
2014,內湖區,石潭里,石潭里,連勝文,806,data/raw/openfun/tw.gov.cec~txn~candidates-votes/2014/連勝文-village-votes-page-3.json,matched,polling-station-single-village
2014,內湖區,安泰里,安泰里,柯文哲,1803,data/raw/openfun/tw.gov.cec~txn~candidates-votes/2014/柯文哲-village-votes-page-3.json,matched,polling-station-single-village
2014,內湖區,安泰里,安泰里,連勝文,1335,data/raw/openfun/tw.gov.cec~txn~candidates-votes/2014/連勝文-village-votes-page-3.json,matched,polling-station-single-village
2014,內湖區,安湖里,安湖里,柯文哲,2584,data/raw/openfun/tw.gov.cec~txn~candidates-votes/2014/柯文哲-village-votes-page-3.json,matched,polling-station-single-village
2014,內湖區,安湖里,安湖里,連勝文,1819,data/raw/openfun/tw.gov.cec~txn~candidates-votes/2014/連勝文-village-votes-page-3.json,matched,polling-station-single-village
2014,內湖區,行善里,行善里,柯文哲,2401,data/raw/openfun/tw.gov.cec~txn~candidates-votes/2014/柯文哲-village-votes-page-3.json,matched,polling-station-single-village
2014,內湖區,行善里,行善里,連勝文,1501,data/raw/openfun/tw.gov.cec~txn~candidates-votes/2014/連勝文-village-votes-page-3.json,matched,polling-station-single-village
2014,內湖區,西安里,西安里,柯文哲,2277,data/raw/openfun/tw.gov.cec~txn~candidates-votes/2014/柯文哲-village-votes-page-2.json,matched,polling-station-single-village
2014,內湖區,西安里,西安里,連勝文,1707,data/raw/openfun/tw.gov.cec~txn~candidates-votes/2014/連勝文-village-votes-page-2.json,matched,polling-station-single-village
2014,內湖區,西康里,西康里,柯文哲,2931,data/raw/openfun/tw.gov.cec~txn~candidates-votes/2014/柯文哲-village-votes-page-2.json,matched,polling-station-single-village
2014,內湖區,西康里,西康里,連勝文,2386,data/raw/openfun/tw.gov.cec~txn~candidates-votes/2014/連勝文-village-votes-page-2.json,matched,polling-station-single-village
2014,內湖區,西湖里,西湖里,柯文哲,2857,data/raw/openfun/tw.gov.cec~txn~candidates-votes/2014/柯文哲-village-votes-page-2.json,matched,polling-station-single-village
2014,內湖區,西湖里,西湖里,連勝文,1664,data/raw/openfun/tw.gov.cec~txn~candidates-votes/2014/連勝文-village-votes-page-2.json,matched,polling-station-single-village
2014,內湖區,秀湖里,秀湖里,柯文哲,1922,data/raw/openfun/tw.gov.cec~txn~candidates-votes/2014/柯文哲-village-votes-page-3.json,matched,polling-station-single-village
2014,內湖區,秀湖里,秀湖里,連勝文,1581,data/raw/openfun/tw.gov.cec~txn~candidates-votes/2014/連勝文-village-votes-page-3.json,matched,polling-station-single-village
2014,內湖區,明湖里,明湖里,柯文哲,1751,data/raw/openfun/tw.gov.cec~txn~candidates-votes/2014/柯文哲-village-votes-page-3.json,matched,polling-station-single-village
2014,內湖區,明湖里,明湖里,連勝文,1145,data/raw/openfun/tw.gov.cec~txn~candidates-votes/2014/連勝文-village-votes-page-3.json,matched,polling-station-single-village
2014,內湖區,東湖里,東湖里,柯文哲,2853,data/raw/openfun/tw.gov.cec~txn~candidates-votes/2014/柯文哲-village-votes-page-2.json,matched,polling-station-single-village
2014,內湖區,東湖里,東湖里,連勝文,1813,data/raw/openfun/tw.gov.cec~txn~candidates-votes/2014/連勝文-village-votes-page-2.json,matched,polling-station-single-village
2014,內湖區,金湖里,金湖里,柯文哲,2674,data/raw/openfun/tw.gov.cec~txn~candidates-votes/2014/柯文哲-village-votes-page-3.json,matched,polling-station-single-village
2014,內湖區,金湖里,金湖里,連勝文,2240,data/raw/openfun/tw.gov.cec~txn~candidates-votes/2014/連勝文-village-votes-page-3.json,matched,polling-station-single-village
2014,內湖區,金瑞里,金瑞里,柯文哲,2264,data/raw/openfun/tw.gov.cec~txn~candidates-votes/2014/柯文哲-village-votes-page-2.json,matched,polling-station-single-village
2014,內湖區,金瑞里,金瑞里,連勝文,1673,data/raw/openfun/tw.gov.cec~txn~candidates-votes/2014/連勝文-village-votes-page-2.json,matched,polling-station-single-village
2014,內湖區,金龍里,金龍里,柯文哲,1860,data/raw/openfun/tw.gov.cec~txn~candidates-votes/2014/柯文哲-village-votes-page-2.json,matched,polling-station-single-village
2014,內湖區,金龍里,金龍里,連勝文,1342,data/raw/openfun/tw.gov.cec~txn~candidates-votes/2014/連勝文-village-votes-page-2.json,matched,polling-station-single-village
2014,內湖區,南湖里,南湖里,柯文哲,1537,data/raw/openfun/tw.gov.cec~txn~candidates-votes/2014/柯文哲-village-votes-page-3.json,matched,polling-station-single-village
2014,內湖區,南湖里,南湖里,連勝文,1264,data/raw/openfun/tw.gov.cec~txn~candidates-votes/2014/連勝文-village-votes-page-3.json,matched,polling-station-single-village
2014,內湖區,康寧里,康寧里,柯文哲,2604,data/raw/openfun/tw.gov.cec~txn~candidates-votes/2014/柯文哲-village-votes-page-3.json,matched,polling-station-single-village
2014,內湖區,康寧里,康寧里,連勝文,2104,data/raw/openfun/tw.gov.cec~txn~candidates-votes/2014/連勝文-village-votes-page-3.json,matched,polling-station-single-village
2014,內湖區,清白里,清白里,柯文哲,2575,data/raw/openfun/tw.gov.cec~txn~candidates-votes/2014/柯文哲-village-votes-page-2.json,matched,polling-station-single-village
2014,內湖區,清白里,清白里,連勝文,2136,data/raw/openfun/tw.gov.cec~txn~candidates-votes/2014/連勝文-village-votes-page-2.json,matched,polling-station-single-village
2014,內湖區,港都里,港都里,柯文哲,1919,data/raw/openfun/tw.gov.cec~txn~candidates-votes/2014/柯文哲-village-votes-page-2.json,matched,polling-station-single-village
2014,內湖區,港都里,港都里,連勝文,1262,data/raw/openfun/tw.gov.cec~txn~candidates-votes/2014/連勝文-village-votes-page-2.json,matched,polling-station-single-village
2014,內湖區,港富里,港富里,柯文哲,3321,data/raw/openfun/tw.gov.cec~txn~candidates-votes/2014/柯文哲-village-votes-page-2.json,matched,polling-station-single-village
2014,內湖區,港富里,港富里,連勝文,2214,data/raw/openfun/tw.gov.cec~txn~candidates-votes/2014/連勝文-village-votes-page-2.json,matched,polling-station-single-village
2014,內湖區,港華里,港華里,柯文哲,3151,data/raw/openfun/tw.gov.cec~txn~candidates-votes/2014/柯文哲-village-votes-page-2.json,matched,polling-station-single-village
2014,內湖區,港華里,港華里,連勝文,2012,data/raw/openfun/tw.gov.cec~txn~candidates-votes/2014/連勝文-village-votes-page-2.json,matched,polling-station-single-village
2014,內湖區,港墘里,港墘里,柯文哲,2168,data/raw/openfun/tw.gov.cec~txn~candidates-votes/2014/柯文哲-village-votes-page-2.json,matched,polling-station-single-village
2014,內湖區,港墘里,港墘里,連勝文,1352,data/raw/openfun/tw.gov.cec~txn~candidates-votes/2014/連勝文-village-votes-page-2.json,matched,polling-station-single-village
2014,內湖區,湖元里,湖元里,柯文哲,1912,data/raw/openfun/tw.gov.cec~txn~candidates-votes/2014/柯文哲-village-votes-page-3.json,matched,polling-station-single-village
2014,內湖區,湖元里,湖元里,連勝文,1297,data/raw/openfun/tw.gov.cec~txn~candidates-votes/2014/連勝文-village-votes-page-3.json,matched,polling-station-single-village
2014,內湖區,湖興里,湖興里,柯文哲,2508,data/raw/openfun/tw.gov.cec~txn~candidates-votes/2014/柯文哲-village-votes-page-3.json,matched,polling-station-single-village
2014,內湖區,湖興里,湖興里,連勝文,1677,data/raw/openfun/tw.gov.cec~txn~candidates-votes/2014/連勝文-village-votes-page-3.json,matched,polling-station-single-village
2014,內湖區,湖濱里,湖濱里,柯文哲,2450,data/raw/openfun/tw.gov.cec~txn~candidates-votes/2014/柯文哲-village-votes-page-2.json,matched,polling-station-single-village
2014,內湖區,湖濱里,湖濱里,連勝文,2215,data/raw/openfun/tw.gov.cec~txn~candidates-votes/2014/連勝文-village-votes-page-2.json,matched,polling-station-single-village
2014,內湖區,紫星里,紫星里,柯文哲,2824,data/raw/openfun/tw.gov.cec~txn~candidates-votes/2014/柯文哲-village-votes-page-2.json,matched,polling-station-single-village
2014,內湖區,紫星里,紫星里,連勝文,1872,data/raw/openfun/tw.gov.cec~txn~candidates-votes/2014/連勝文-village-votes-page-2.json,matched,polling-station-single-village
2014,內湖區,紫陽里,紫陽里,柯文哲,2666,data/raw/openfun/tw.gov.cec~txn~candidates-votes/2014/柯文哲-village-votes-page-2.json,matched,polling-station-single-village
2014,內湖區,紫陽里,紫陽里,連勝文,1989,data/raw/openfun/tw.gov.cec~txn~candidates-votes/2014/連勝文-village-votes-page-2.json,matched,polling-station-single-village
2014,內湖區,紫雲里,紫雲里,柯文哲,1667,data/raw/openfun/tw.gov.cec~txn~candidates-votes/2014/柯文哲-village-votes-page-2.json,matched,polling-station-single-village
2014,內湖區,紫雲里,紫雲里,連勝文,1691,data/raw/openfun/tw.gov.cec~txn~candidates-votes/2014/連勝文-village-votes-page-2.json,matched,polling-station-single-village
2014,內湖區,週美里,週美里,柯文哲,2699,data/raw/openfun/tw.gov.cec~txn~candidates-votes/2014/柯文哲-village-votes-page-2.json;data/raw/openfun/tw.gov.cec~txn~candidates-votes/2014/柯文哲-village-votes-page-3.json,matched,polling-station-single-village
2014,內湖區,週美里,週美里,連勝文,1546,data/raw/openfun/tw.gov.cec~txn~candidates-votes/2014/連勝文-village-votes-page-2.json;data/raw/openfun/tw.gov.cec~txn~candidates-votes/2014/連勝文-village-votes-page-3.json,matched,polling-station-single-village
2014,內湖區,瑞光里,瑞光里,柯文哲,1382,data/raw/openfun/tw.gov.cec~txn~candidates-votes/2014/柯文哲-village-votes-page-2.json,matched,polling-station-single-village
2014,內湖區,瑞光里,瑞光里,連勝文,1463,data/raw/openfun/tw.gov.cec~txn~candidates-votes/2014/連勝文-village-votes-page-2.json,matched,polling-station-single-village
2014,內湖區,瑞陽里,瑞陽里,柯文哲,2189,data/raw/openfun/tw.gov.cec~txn~candidates-votes/2014/柯文哲-village-votes-page-2.json,matched,polling-station-single-village
2014,內湖區,瑞陽里,瑞陽里,連勝文,2496,data/raw/openfun/tw.gov.cec~txn~candidates-votes/2014/連勝文-village-votes-page-2.json,matched,polling-station-single-village
2014,內湖區,葫洲里,葫洲里,柯文哲,2040,data/raw/openfun/tw.gov.cec~txn~candidates-votes/2014/柯文哲-village-votes-page-2.json,matched,polling-station-single-village
2014,內湖區,葫洲里,葫洲里,連勝文,1669,data/raw/openfun/tw.gov.cec~txn~candidates-votes/2014/連勝文-village-votes-page-2.json,matched,polling-station-single-village
2014,內湖區,碧山里,碧山里,柯文哲,2380,data/raw/openfun/tw.gov.cec~txn~candidates-votes/2014/柯文哲-village-votes-page-2.json,matched,polling-station-single-village
2014,內湖區,碧山里,碧山里,連勝文,1718,data/raw/openfun/tw.gov.cec~txn~candidates-votes/2014/連勝文-village-votes-page-2.json,matched,polling-station-single-village
2014,內湖區,樂康里,樂康里,柯文哲,2955,data/raw/openfun/tw.gov.cec~txn~candidates-votes/2014/柯文哲-village-votes-page-2.json,matched,polling-station-single-village
2014,內湖區,樂康里,樂康里,連勝文,1815,data/raw/openfun/tw.gov.cec~txn~candidates-votes/2014/連勝文-village-votes-page-2.json,matched,polling-station-single-village
2014,內湖區,麗山里,麗山里,柯文哲,2102,data/raw/openfun/tw.gov.cec~txn~candidates-votes/2014/柯文哲-village-votes-page-3.json,matched,polling-station-single-village
2014,內湖區,麗山里,麗山里,連勝文,1276,data/raw/openfun/tw.gov.cec~txn~candidates-votes/2014/連勝文-village-votes-page-3.json,matched,polling-station-single-village
2014,內湖區,寶湖里,寶湖里,柯文哲,2435,data/raw/openfun/tw.gov.cec~txn~candidates-votes/2014/柯文哲-village-votes-page-3.json,matched,polling-station-single-village
2014,內湖區,寶湖里,寶湖里,連勝文,1854,data/raw/openfun/tw.gov.cec~txn~candidates-votes/2014/連勝文-village-votes-page-3.json,matched,polling-station-single-village
2014,內湖區,蘆洲里,蘆洲里,柯文哲,465,data/raw/openfun/tw.gov.cec~txn~candidates-votes/2014/柯文哲-village-votes-page-3.json,matched,polling-station-single-village
2014,內湖區,蘆洲里,蘆洲里,連勝文,211,data/raw/openfun/tw.gov.cec~txn~candidates-votes/2014/連勝文-village-votes-page-3.json,matched,polling-station-single-village
2014,文山區,木柵里,木柵里,柯文哲,2245,data/raw/openfun/tw.gov.cec~txn~candidates-votes/2014/柯文哲-village-votes-page-8.json,matched,polling-station-single-village
2014,文山區,木柵里,木柵里,連勝文,2735,data/raw/openfun/tw.gov.cec~txn~candidates-votes/2014/連勝文-village-votes-page-8.json,matched,polling-station-single-village
2014,文山區,木新里,木新里,柯文哲,2874,data/raw/openfun/tw.gov.cec~txn~candidates-votes/2014/柯文哲-village-votes-page-8.json,matched,polling-station-single-village
2014,文山區,木新里,木新里,連勝文,2281,data/raw/openfun/tw.gov.cec~txn~candidates-votes/2014/連勝文-village-votes-page-8.json,matched,polling-station-single-village
2014,文山區,老泉里,老泉里,柯文哲,383,data/raw/openfun/tw.gov.cec~txn~candidates-votes/2014/柯文哲-village-votes-page-8.json,matched,polling-station-single-village
2014,文山區,老泉里,老泉里,連勝文,168,data/raw/openfun/tw.gov.cec~txn~candidates-votes/2014/連勝文-village-votes-page-8.json,matched,polling-station-single-village
2014,文山區,忠順里,忠順里,柯文哲,1020,data/raw/openfun/tw.gov.cec~txn~candidates-votes/2014/柯文哲-village-votes-page-8.json,matched,polling-station-single-village
2014,文山區,忠順里,忠順里,連勝文,1219,data/raw/openfun/tw.gov.cec~txn~candidates-votes/2014/連勝文-village-votes-page-8.json,matched,polling-station-single-village
2014,文山區,明義里,明義里,柯文哲,943,data/raw/openfun/tw.gov.cec~txn~candidates-votes/2014/柯文哲-village-votes-page-8.json,matched,polling-station-single-village
2014,文山區,明義里,明義里,連勝文,1194,data/raw/openfun/tw.gov.cec~txn~candidates-votes/2014/連勝文-village-votes-page-8.json,matched,polling-station-single-village
2014,文山區,明興里,明興里,柯文哲,1951,data/raw/openfun/tw.gov.cec~txn~candidates-votes/2014/柯文哲-village-votes-page-8.json,matched,polling-station-single-village
2014,文山區,明興里,明興里,連勝文,1904,data/raw/openfun/tw.gov.cec~txn~candidates-votes/2014/連勝文-village-votes-page-8.json,matched,polling-station-single-village
2014,文山區,指南里,指南里,柯文哲,1191,data/raw/openfun/tw.gov.cec~txn~candidates-votes/2014/柯文哲-village-votes-page-8.json,matched,polling-station-single-village
2014,文山區,指南里,指南里,連勝文,765,data/raw/openfun/tw.gov.cec~txn~candidates-votes/2014/連勝文-village-votes-page-8.json,matched,polling-station-single-village
2014,文山區,政大里,政大里,柯文哲,1913,data/raw/openfun/tw.gov.cec~txn~candidates-votes/2014/柯文哲-village-votes-page-8.json,matched,polling-station-single-village
2014,文山區,政大里,政大里,連勝文,1667,data/raw/openfun/tw.gov.cec~txn~candidates-votes/2014/連勝文-village-votes-page-8.json,matched,polling-station-single-village
2014,文山區,博嘉里,博嘉里,柯文哲,1680,data/raw/openfun/tw.gov.cec~txn~candidates-votes/2014/柯文哲-village-votes-page-8.json,matched,polling-station-single-village
2014,文山區,博嘉里,博嘉里,連勝文,1509,data/raw/openfun/tw.gov.cec~txn~candidates-votes/2014/連勝文-village-votes-page-8.json,matched,polling-station-single-village
2014,文山區,景仁里,景仁里,柯文哲,1461,data/raw/openfun/tw.gov.cec~txn~candidates-votes/2014/柯文哲-village-votes-page-7.json,matched,polling-station-single-village
2014,文山區,景仁里,景仁里,連勝文,1320,data/raw/openfun/tw.gov.cec~txn~candidates-votes/2014/連勝文-village-votes-page-7.json,matched,polling-station-single-village
2014,文山區,景行里,景行里,柯文哲,2305,data/raw/openfun/tw.gov.cec~txn~candidates-votes/2014/柯文哲-village-votes-page-7.json,matched,polling-station-single-village
2014,文山區,景行里,景行里,連勝文,1502,data/raw/openfun/tw.gov.cec~txn~candidates-votes/2014/連勝文-village-votes-page-7.json,matched,polling-station-single-village
2014,文山區,景東里,景東里,柯文哲,1925,data/raw/openfun/tw.gov.cec~txn~candidates-votes/2014/柯文哲-village-votes-page-7.json,matched,polling-station-single-village
2014,文山區,景東里,景東里,連勝文,1921,data/raw/openfun/tw.gov.cec~txn~candidates-votes/2014/連勝文-village-votes-page-7.json,matched,polling-station-single-village
2014,文山區,景美里,景美里,柯文哲,1649,data/raw/openfun/tw.gov.cec~txn~candidates-votes/2014/柯文哲-village-votes-page-7.json,matched,polling-station-single-village
2014,文山區,景美里,景美里,連勝文,1380,data/raw/openfun/tw.gov.cec~txn~candidates-votes/2014/連勝文-village-votes-page-7.json,matched,polling-station-single-village
2014,文山區,景華里,景華里,柯文哲,1681,data/raw/openfun/tw.gov.cec~txn~candidates-votes/2014/柯文哲-village-votes-page-7.json,matched,polling-station-single-village
2014,文山區,景華里,景華里,連勝文,1618,data/raw/openfun/tw.gov.cec~txn~candidates-votes/2014/連勝文-village-votes-page-7.json,matched,polling-station-single-village
2014,文山區,景慶里,景慶里,柯文哲,2033,data/raw/openfun/tw.gov.cec~txn~candidates-votes/2014/柯文哲-village-votes-page-7.json,matched,polling-station-single-village
2014,文山區,景慶里,景慶里,連勝文,1720,data/raw/openfun/tw.gov.cec~txn~candidates-votes/2014/連勝文-village-votes-page-7.json,matched,polling-station-single-village
2014,文山區,華興里,華興里,柯文哲,2415,data/raw/openfun/tw.gov.cec~txn~candidates-votes/2014/柯文哲-village-votes-page-8.json,matched,polling-station-single-village
2014,文山區,華興里,華興里,連勝文,2425,data/raw/openfun/tw.gov.cec~txn~candidates-votes/2014/連勝文-village-votes-page-8.json,matched,polling-station-single-village
2014,文山區,順興里,順興里,柯文哲,2406,data/raw/openfun/tw.gov.cec~txn~candidates-votes/2014/柯文哲-village-votes-page-8.json,matched,polling-station-single-village
2014,文山區,順興里,順興里,連勝文,2001,data/raw/openfun/tw.gov.cec~txn~candidates-votes/2014/連勝文-village-votes-page-8.json,matched,polling-station-single-village
2014,文山區,萬年里,萬年里,柯文哲,1803,data/raw/openfun/tw.gov.cec~txn~candidates-votes/2014/柯文哲-village-votes-page-8.json,matched,polling-station-single-village
2014,文山區,萬年里,萬年里,連勝文,1409,data/raw/openfun/tw.gov.cec~txn~candidates-votes/2014/連勝文-village-votes-page-8.json,matched,polling-station-single-village
2014,文山區,萬有里,萬有里,柯文哲,1593,data/raw/openfun/tw.gov.cec~txn~candidates-votes/2014/柯文哲-village-votes-page-7.json,matched,polling-station-single-village
2014,文山區,萬有里,萬有里,連勝文,1530,data/raw/openfun/tw.gov.cec~txn~candidates-votes/2014/連勝文-village-votes-page-7.json,matched,polling-station-single-village
2014,文山區,萬和里,萬和里,柯文哲,684,data/raw/openfun/tw.gov.cec~txn~candidates-votes/2014/柯文哲-village-votes-page-8.json,matched,polling-station-single-village
2014,文山區,萬和里,萬和里,連勝文,1199,data/raw/openfun/tw.gov.cec~txn~candidates-votes/2014/連勝文-village-votes-page-8.json,matched,polling-station-single-village
2014,文山區,萬芳里,萬芳里,柯文哲,2224,data/raw/openfun/tw.gov.cec~txn~candidates-votes/2014/柯文哲-village-votes-page-8.json,matched,polling-station-single-village
2014,文山區,萬芳里,萬芳里,連勝文,2214,data/raw/openfun/tw.gov.cec~txn~candidates-votes/2014/連勝文-village-votes-page-8.json,matched,polling-station-single-village
2014,文山區,萬美里,萬美里,柯文哲,1928,data/raw/openfun/tw.gov.cec~txn~candidates-votes/2014/柯文哲-village-votes-page-8.json,matched,polling-station-single-village
2014,文山區,萬美里,萬美里,連勝文,1921,data/raw/openfun/tw.gov.cec~txn~candidates-votes/2014/連勝文-village-votes-page-8.json,matched,polling-station-single-village
2014,文山區,萬盛里,萬盛里,柯文哲,1410,data/raw/openfun/tw.gov.cec~txn~candidates-votes/2014/柯文哲-village-votes-page-8.json,matched,polling-station-single-village
2014,文山區,萬盛里,萬盛里,連勝文,1382,data/raw/openfun/tw.gov.cec~txn~candidates-votes/2014/連勝文-village-votes-page-8.json,matched,polling-station-single-village
2014,文山區,萬祥里,萬祥里,柯文哲,1482,data/raw/openfun/tw.gov.cec~txn~candidates-votes/2014/柯文哲-village-votes-page-7.json,matched,polling-station-single-village
2014,文山區,萬祥里,萬祥里,連勝文,1180,data/raw/openfun/tw.gov.cec~txn~candidates-votes/2014/連勝文-village-votes-page-7.json,matched,polling-station-single-village
2014,文山區,萬隆里,萬隆里,柯文哲,2090,data/raw/openfun/tw.gov.cec~txn~candidates-votes/2014/柯文哲-village-votes-page-8.json,matched,polling-station-single-village
2014,文山區,萬隆里,萬隆里,連勝文,2095,data/raw/openfun/tw.gov.cec~txn~candidates-votes/2014/連勝文-village-votes-page-8.json,matched,polling-station-single-village
2014,文山區,萬興里,萬興里,柯文哲,2643,data/raw/openfun/tw.gov.cec~txn~candidates-votes/2014/柯文哲-village-votes-page-8.json,matched,polling-station-single-village
2014,文山區,萬興里,萬興里,連勝文,2032,data/raw/openfun/tw.gov.cec~txn~candidates-votes/2014/連勝文-village-votes-page-8.json,matched,polling-station-single-village
2014,文山區,試院里,試院里,柯文哲,1910,data/raw/openfun/tw.gov.cec~txn~candidates-votes/2014/柯文哲-village-votes-page-8.json,matched,polling-station-single-village
2014,文山區,試院里,試院里,連勝文,2119,data/raw/openfun/tw.gov.cec~txn~candidates-votes/2014/連勝文-village-votes-page-8.json,matched,polling-station-single-village
2014,文山區,樟文里,樟文里,柯文哲,1917,data/raw/openfun/tw.gov.cec~txn~candidates-votes/2014/柯文哲-village-votes-page-8.json,matched,polling-station-single-village
2014,文山區,樟文里,樟文里,連勝文,1623,data/raw/openfun/tw.gov.cec~txn~candidates-votes/2014/連勝文-village-votes-page-8.json,matched,polling-station-single-village
2014,文山區,樟林里,樟林里,柯文哲,2333,data/raw/openfun/tw.gov.cec~txn~candidates-votes/2014/柯文哲-village-votes-page-8.json,matched,polling-station-single-village
2014,文山區,樟林里,樟林里,連勝文,2416,data/raw/openfun/tw.gov.cec~txn~candidates-votes/2014/連勝文-village-votes-page-8.json,matched,polling-station-single-village
2014,文山區,樟新里,樟新里,柯文哲,1644,data/raw/openfun/tw.gov.cec~txn~candidates-votes/2014/柯文哲-village-votes-page-8.json,matched,polling-station-single-village
2014,文山區,樟新里,樟新里,連勝文,1538,data/raw/openfun/tw.gov.cec~txn~candidates-votes/2014/連勝文-village-votes-page-8.json,matched,polling-station-single-village
2014,文山區,樟腳里,樟腳里,柯文哲,1740,data/raw/openfun/tw.gov.cec~txn~candidates-votes/2014/柯文哲-village-votes-page-8.json,matched,polling-station-single-village
2014,文山區,樟腳里,樟腳里,連勝文,1386,data/raw/openfun/tw.gov.cec~txn~candidates-votes/2014/連勝文-village-votes-page-8.json,matched,polling-station-single-village
2014,文山區,樟樹里,樟樹里,柯文哲,1496,data/raw/openfun/tw.gov.cec~txn~candidates-votes/2014/柯文哲-village-votes-page-8.json,matched,polling-station-single-village
2014,文山區,樟樹里,樟樹里,連勝文,1319,data/raw/openfun/tw.gov.cec~txn~candidates-votes/2014/連勝文-village-votes-page-8.json,matched,polling-station-single-village
2014,文山區,興光里,興光里,柯文哲,975,data/raw/openfun/tw.gov.cec~txn~candidates-votes/2014/柯文哲-village-votes-page-8.json,matched,polling-station-single-village
2014,文山區,興光里,興光里,連勝文,964,data/raw/openfun/tw.gov.cec~txn~candidates-votes/2014/連勝文-village-votes-page-8.json,matched,polling-station-single-village
2014,文山區,興安里,興安里,柯文哲,1696,data/raw/openfun/tw.gov.cec~txn~candidates-votes/2014/柯文哲-village-votes-page-8.json,matched,polling-station-single-village
2014,文山區,興安里,興安里,連勝文,1953,data/raw/openfun/tw.gov.cec~txn~candidates-votes/2014/連勝文-village-votes-page-8.json,matched,polling-station-single-village
2014,文山區,興邦里,興邦里,柯文哲,1224,data/raw/openfun/tw.gov.cec~txn~candidates-votes/2014/柯文哲-village-votes-page-8.json,matched,polling-station-single-village
2014,文山區,興邦里,興邦里,連勝文,1495,data/raw/openfun/tw.gov.cec~txn~candidates-votes/2014/連勝文-village-votes-page-8.json,matched,polling-station-single-village
2014,文山區,興旺里,興旺里,柯文哲,2169,data/raw/openfun/tw.gov.cec~txn~candidates-votes/2014/柯文哲-village-votes-page-8.json,matched,polling-station-single-village
2014,文山區,興旺里,興旺里,連勝文,2349,data/raw/openfun/tw.gov.cec~txn~candidates-votes/2014/連勝文-village-votes-page-8.json,matched,polling-station-single-village
2014,文山區,興昌里,興昌里,柯文哲,1746,data/raw/openfun/tw.gov.cec~txn~candidates-votes/2014/柯文哲-village-votes-page-8.json,matched,polling-station-single-village
2014,文山區,興昌里,興昌里,連勝文,1918,data/raw/openfun/tw.gov.cec~txn~candidates-votes/2014/連勝文-village-votes-page-8.json,matched,polling-station-single-village
2014,文山區,興家里,興家里,柯文哲,2088,data/raw/openfun/tw.gov.cec~txn~candidates-votes/2014/柯文哲-village-votes-page-8.json,matched,polling-station-single-village
2014,文山區,興家里,興家里,連勝文,2183,data/raw/openfun/tw.gov.cec~txn~candidates-votes/2014/連勝文-village-votes-page-8.json,matched,polling-station-single-village
2014,文山區,興泰里,興泰里,柯文哲,1168,data/raw/openfun/tw.gov.cec~txn~candidates-votes/2014/柯文哲-village-votes-page-8.json,matched,polling-station-single-village
2014,文山區,興泰里,興泰里,連勝文,1156,data/raw/openfun/tw.gov.cec~txn~candidates-votes/2014/連勝文-village-votes-page-8.json,matched,polling-station-single-village
2014,文山區,興得里,興得里,柯文哲,1632,data/raw/openfun/tw.gov.cec~txn~candidates-votes/2014/柯文哲-village-votes-page-8.json,matched,polling-station-single-village
2014,文山區,興得里,興得里,連勝文,1725,data/raw/openfun/tw.gov.cec~txn~candidates-votes/2014/連勝文-village-votes-page-8.json,matched,polling-station-single-village
2014,文山區,興業里,興業里,柯文哲,1415,data/raw/openfun/tw.gov.cec~txn~candidates-votes/2014/柯文哲-village-votes-page-8.json,matched,polling-station-single-village
2014,文山區,興業里,興業里,連勝文,1679,data/raw/openfun/tw.gov.cec~txn~candidates-votes/2014/連勝文-village-votes-page-8.json,matched,polling-station-single-village
2014,文山區,興福里,興福里,柯文哲,1708,data/raw/openfun/tw.gov.cec~txn~candidates-votes/2014/柯文哲-village-votes-page-8.json,matched,polling-station-single-village
2014,文山區,興福里,興福里,連勝文,1520,data/raw/openfun/tw.gov.cec~txn~candidates-votes/2014/連勝文-village-votes-page-8.json,matched,polling-station-single-village
2014,文山區,興豐里,興豐里,柯文哲,1437,data/raw/openfun/tw.gov.cec~txn~candidates-votes/2014/柯文哲-village-votes-page-8.json,matched,polling-station-single-village
2014,文山區,興豐里,興豐里,連勝文,1393,data/raw/openfun/tw.gov.cec~txn~candidates-votes/2014/連勝文-village-votes-page-8.json,matched,polling-station-single-village
2014,北投區,一德里,一德里,柯文哲,2817,data/raw/openfun/tw.gov.cec~txn~candidates-votes/2014/柯文哲-village-votes-page-1.json,matched,polling-station-single-village
2014,北投區,一德里,一德里,連勝文,1345,data/raw/openfun/tw.gov.cec~txn~candidates-votes/2014/連勝文-village-votes-page-1.json,matched,polling-station-single-village
2014,北投區,八仙里,八仙里,柯文哲,2030,data/raw/openfun/tw.gov.cec~txn~candidates-votes/2014/柯文哲-village-votes-page-1.json,matched,polling-station-single-village
2014,北投區,八仙里,八仙里,連勝文,1131,data/raw/openfun/tw.gov.cec~txn~candidates-votes/2014/連勝文-village-votes-page-1.json,matched,polling-station-single-village
2014,北投區,大屯里,大屯里,柯文哲,507,data/raw/openfun/tw.gov.cec~txn~candidates-votes/2014/柯文哲-village-votes-page-1.json,matched,polling-station-single-village
2014,北投區,大屯里,大屯里,連勝文,173,data/raw/openfun/tw.gov.cec~txn~candidates-votes/2014/連勝文-village-votes-page-1.json,matched,polling-station-single-village
2014,北投區,大同里,大同里,柯文哲,2354,data/raw/openfun/tw.gov.cec~txn~candidates-votes/2014/柯文哲-village-votes-page-1.json,matched,polling-station-single-village
2014,北投區,大同里,大同里,連勝文,1132,data/raw/openfun/tw.gov.cec~txn~candidates-votes/2014/連勝文-village-votes-page-1.json,matched,polling-station-single-village
2014,北投區,中心里,中心里,柯文哲,2153,data/raw/openfun/tw.gov.cec~txn~candidates-votes/2014/柯文哲-village-votes-page-1.json,matched,polling-station-single-village
2014,北投區,中心里,中心里,連勝文,1330,data/raw/openfun/tw.gov.cec~txn~candidates-votes/2014/連勝文-village-votes-page-1.json,matched,polling-station-single-village
2014,北投區,中央里,中央里,柯文哲,3449,data/raw/openfun/tw.gov.cec~txn~candidates-votes/2014/柯文哲-village-votes-page-1.json,matched,polling-station-single-village
2014,北投區,中央里,中央里,連勝文,1706,data/raw/openfun/tw.gov.cec~txn~candidates-votes/2014/連勝文-village-votes-page-1.json,matched,polling-station-single-village
2014,北投區,中和里,中和里,柯文哲,1698,data/raw/openfun/tw.gov.cec~txn~candidates-votes/2014/柯文哲-village-votes-page-1.json,matched,polling-station-single-village
2014,北投區,中和里,中和里,連勝文,1246,data/raw/openfun/tw.gov.cec~txn~candidates-votes/2014/連勝文-village-votes-page-1.json,matched,polling-station-single-village
2014,北投區,中庸里,中庸里,柯文哲,1732,data/raw/openfun/tw.gov.cec~txn~candidates-votes/2014/柯文哲-village-votes-page-1.json,matched,polling-station-single-village
2014,北投區,中庸里,中庸里,連勝文,887,data/raw/openfun/tw.gov.cec~txn~candidates-votes/2014/連勝文-village-votes-page-1.json,matched,polling-station-single-village
2014,北投區,文化里,文化里,柯文哲,1050,data/raw/openfun/tw.gov.cec~txn~candidates-votes/2014/柯文哲-village-votes-page-1.json,matched,polling-station-single-village
2014,北投區,文化里,文化里,連勝文,1354,data/raw/openfun/tw.gov.cec~txn~candidates-votes/2014/連勝文-village-votes-page-1.json,matched,polling-station-single-village
2014,北投區,文林里,文林里,柯文哲,1727,data/raw/openfun/tw.gov.cec~txn~candidates-votes/2014/柯文哲-village-votes-page-1.json,matched,polling-station-single-village
2014,北投區,文林里,文林里,連勝文,862,data/raw/openfun/tw.gov.cec~txn~candidates-votes/2014/連勝文-village-votes-page-1.json,matched,polling-station-single-village
2014,北投區,永和里,永和里,柯文哲,3104,data/raw/openfun/tw.gov.cec~txn~candidates-votes/2014/柯文哲-village-votes-page-1.json,matched,polling-station-single-village
2014,北投區,永和里,永和里,連勝文,1905,data/raw/openfun/tw.gov.cec~txn~candidates-votes/2014/連勝文-village-votes-page-1.json,matched,polling-station-single-village
2014,北投區,永明里,永明里,柯文哲,1684,data/raw/openfun/tw.gov.cec~txn~candidates-votes/2014/柯文哲-village-votes-page-1.json,matched,polling-station-single-village
2014,北投區,永明里,永明里,連勝文,1086,data/raw/openfun/tw.gov.cec~txn~candidates-votes/2014/連勝文-village-votes-page-1.json,matched,polling-station-single-village
2014,北投區,永欣里,永欣里,柯文哲,2397,data/raw/openfun/tw.gov.cec~txn~candidates-votes/2014/柯文哲-village-votes-page-1.json,matched,polling-station-single-village
2014,北投區,永欣里,永欣里,連勝文,1814,data/raw/openfun/tw.gov.cec~txn~candidates-votes/2014/連勝文-village-votes-page-1.json,matched,polling-station-single-village
2014,北投區,石牌里,石牌里,柯文哲,2151,data/raw/openfun/tw.gov.cec~txn~candidates-votes/2014/柯文哲-village-votes-page-1.json,matched,polling-station-single-village
2014,北投區,石牌里,石牌里,連勝文,1120,data/raw/openfun/tw.gov.cec~txn~candidates-votes/2014/連勝文-village-votes-page-1.json,matched,polling-station-single-village
2014,北投區,立農里,立農里,柯文哲,3341,data/raw/openfun/tw.gov.cec~txn~candidates-votes/2014/柯文哲-village-votes-page-1.json,matched,polling-station-single-village
2014,北投區,立農里,立農里,連勝文,1829,data/raw/openfun/tw.gov.cec~txn~candidates-votes/2014/連勝文-village-votes-page-1.json,matched,polling-station-single-village
2014,北投區,立賢里,立賢里,柯文哲,2041,data/raw/openfun/tw.gov.cec~txn~candidates-votes/2014/柯文哲-village-votes-page-1.json,matched,polling-station-single-village
2014,北投區,立賢里,立賢里,連勝文,1096,data/raw/openfun/tw.gov.cec~txn~candidates-votes/2014/連勝文-village-votes-page-1.json,matched,polling-station-single-village
2014,北投區,吉利里,吉利里,柯文哲,2319,data/raw/openfun/tw.gov.cec~txn~candidates-votes/2014/柯文哲-village-votes-page-1.json,matched,polling-station-single-village
2014,北投區,吉利里,吉利里,連勝文,1681,data/raw/openfun/tw.gov.cec~txn~candidates-votes/2014/連勝文-village-votes-page-1.json,matched,polling-station-single-village
2014,北投區,吉慶里,吉慶里,柯文哲,2022,data/raw/openfun/tw.gov.cec~txn~candidates-votes/2014/柯文哲-village-votes-page-1.json,matched,polling-station-single-village
2014,北投區,吉慶里,吉慶里,連勝文,1032,data/raw/openfun/tw.gov.cec~txn~candidates-votes/2014/連勝文-village-votes-page-1.json,matched,polling-station-single-village
2014,北投區,秀山里,秀山里,柯文哲,1136,data/raw/openfun/tw.gov.cec~txn~candidates-votes/2014/柯文哲-village-votes-page-1.json,matched,polling-station-single-village
2014,北投區,秀山里,秀山里,連勝文,814,data/raw/openfun/tw.gov.cec~txn~candidates-votes/2014/連勝文-village-votes-page-1.json,matched,polling-station-single-village
2014,北投區,奇岩里,奇岩里,柯文哲,3501,data/raw/openfun/tw.gov.cec~txn~candidates-votes/2014/柯文哲-village-votes-page-1.json,matched,polling-station-single-village
2014,北投區,奇岩里,奇岩里,連勝文,2127,data/raw/openfun/tw.gov.cec~txn~candidates-votes/2014/連勝文-village-votes-page-1.json,matched,polling-station-single-village
2014,北投區,東華里,東華里,柯文哲,1521,data/raw/openfun/tw.gov.cec~txn~candidates-votes/2014/柯文哲-village-votes-page-1.json,matched,polling-station-single-village
2014,北投區,東華里,東華里,連勝文,1176,data/raw/openfun/tw.gov.cec~txn~candidates-votes/2014/連勝文-village-votes-page-1.json,matched,polling-station-single-village
2014,北投區,林泉里,林泉里,柯文哲,936,data/raw/openfun/tw.gov.cec~txn~candidates-votes/2014/柯文哲-village-votes-page-1.json,matched,polling-station-single-village
2014,北投區,林泉里,林泉里,連勝文,870,data/raw/openfun/tw.gov.cec~txn~candidates-votes/2014/連勝文-village-votes-page-1.json,matched,polling-station-single-village
2014,北投區,長安里,長安里,柯文哲,2145,data/raw/openfun/tw.gov.cec~txn~candidates-votes/2014/柯文哲-village-votes-page-1.json,matched,polling-station-single-village
2014,北投區,長安里,長安里,連勝文,1196,data/raw/openfun/tw.gov.cec~txn~candidates-votes/2014/連勝文-village-votes-page-1.json,matched,polling-station-single-village
2014,北投區,建民里,建民里,柯文哲,1659,data/raw/openfun/tw.gov.cec~txn~candidates-votes/2014/柯文哲-village-votes-page-1.json,matched,polling-station-single-village
2014,北投區,建民里,建民里,連勝文,884,data/raw/openfun/tw.gov.cec~txn~candidates-votes/2014/連勝文-village-votes-page-1.json,matched,polling-station-single-village
2014,北投區,泉源里,泉源里,柯文哲,915,data/raw/openfun/tw.gov.cec~txn~candidates-votes/2014/柯文哲-village-votes-page-1.json,matched,polling-station-single-village
2014,北投區,泉源里,泉源里,連勝文,432,data/raw/openfun/tw.gov.cec~txn~candidates-votes/2014/連勝文-village-votes-page-1.json,matched,polling-station-single-village
2014,北投區,洲美里,洲美里,柯文哲,1097,data/raw/openfun/tw.gov.cec~txn~candidates-votes/2014/柯文哲-village-votes-page-1.json,matched,polling-station-single-village
2014,北投區,洲美里,洲美里,連勝文,343,data/raw/openfun/tw.gov.cec~txn~candidates-votes/2014/連勝文-village-votes-page-1.json,matched,polling-station-single-village
2014,北投區,振華里,振華里,柯文哲,2614,data/raw/openfun/tw.gov.cec~txn~candidates-votes/2014/柯文哲-village-votes-page-1.json,matched,polling-station-single-village
2014,北投區,振華里,振華里,連勝文,1842,data/raw/openfun/tw.gov.cec~txn~candidates-votes/2014/連勝文-village-votes-page-1.json,matched,polling-station-single-village
2014,北投區,桃源里,桃源里,柯文哲,2336,data/raw/openfun/tw.gov.cec~txn~candidates-votes/2014/柯文哲-village-votes-page-1.json,matched,polling-station-single-village
2014,北投區,桃源里,桃源里,連勝文,1267,data/raw/openfun/tw.gov.cec~txn~candidates-votes/2014/連勝文-village-votes-page-1.json,matched,polling-station-single-village
2014,北投區,清江里,清江里,柯文哲,3265,data/raw/openfun/tw.gov.cec~txn~candidates-votes/2014/柯文哲-village-votes-page-1.json,matched,polling-station-single-village
2014,北投區,清江里,清江里,連勝文,1773,data/raw/openfun/tw.gov.cec~txn~candidates-votes/2014/連勝文-village-votes-page-1.json,matched,polling-station-single-village
2014,北投區,尊賢里,尊賢里,柯文哲,1822,data/raw/openfun/tw.gov.cec~txn~candidates-votes/2014/柯文哲-village-votes-page-1.json,matched,polling-station-single-village
2014,北投區,尊賢里,尊賢里,連勝文,893,data/raw/openfun/tw.gov.cec~txn~candidates-votes/2014/連勝文-village-votes-page-1.json,matched,polling-station-single-village
2014,北投區,智仁里,智仁里,柯文哲,2103,data/raw/openfun/tw.gov.cec~txn~candidates-votes/2014/柯文哲-village-votes-page-1.json,matched,polling-station-single-village
2014,北投區,智仁里,智仁里,連勝文,1523,data/raw/openfun/tw.gov.cec~txn~candidates-votes/2014/連勝文-village-votes-page-1.json,matched,polling-station-single-village
2014,北投區,湖山里,湖山里,柯文哲,687,data/raw/openfun/tw.gov.cec~txn~candidates-votes/2014/柯文哲-village-votes-page-1.json,matched,polling-station-single-village
2014,北投區,湖山里,湖山里,連勝文,396,data/raw/openfun/tw.gov.cec~txn~candidates-votes/2014/連勝文-village-votes-page-1.json,matched,polling-station-single-village
2014,北投區,湖田里,湖田里,柯文哲,505,data/raw/openfun/tw.gov.cec~txn~candidates-votes/2014/柯文哲-village-votes-page-1.json,matched,polling-station-single-village
2014,北投區,湖田里,湖田里,連勝文,258,data/raw/openfun/tw.gov.cec~txn~candidates-votes/2014/連勝文-village-votes-page-1.json,matched,polling-station-single-village
2014,北投區,開明里,開明里,柯文哲,2266,data/raw/openfun/tw.gov.cec~txn~candidates-votes/2014/柯文哲-village-votes-page-1.json,matched,polling-station-single-village
2014,北投區,開明里,開明里,連勝文,1624,data/raw/openfun/tw.gov.cec~txn~candidates-votes/2014/連勝文-village-votes-page-1.json,matched,polling-station-single-village
2014,北投區,溫泉里,溫泉里,柯文哲,2480,data/raw/openfun/tw.gov.cec~txn~candidates-votes/2014/柯文哲-village-votes-page-1.json,matched,polling-station-single-village
2014,北投區,溫泉里,溫泉里,連勝文,1442,data/raw/openfun/tw.gov.cec~txn~candidates-votes/2014/連勝文-village-votes-page-1.json,matched,polling-station-single-village
2014,北投區,裕民里,裕民里,柯文哲,2737,data/raw/openfun/tw.gov.cec~txn~candidates-votes/2014/柯文哲-village-votes-page-1.json,matched,polling-station-single-village
2014,北投區,裕民里,裕民里,連勝文,1727,data/raw/openfun/tw.gov.cec~txn~candidates-votes/2014/連勝文-village-votes-page-1.json,matched,polling-station-single-village
2014,北投區,榮光里,榮光里,柯文哲,2575,data/raw/openfun/tw.gov.cec~txn~candidates-votes/2014/柯文哲-village-votes-page-1.json,matched,polling-station-single-village
2014,北投區,榮光里,榮光里,連勝文,1653,data/raw/openfun/tw.gov.cec~txn~candidates-votes/2014/連勝文-village-votes-page-1.json,matched,polling-station-single-village
2014,北投區,榮華里,榮華里,柯文哲,2710,data/raw/openfun/tw.gov.cec~txn~candidates-votes/2014/柯文哲-village-votes-page-1.json,matched,polling-station-single-village
2014,北投區,榮華里,榮華里,連勝文,1737,data/raw/openfun/tw.gov.cec~txn~candidates-votes/2014/連勝文-village-votes-page-1.json,matched,polling-station-single-village
2014,北投區,福興里,福興里,柯文哲,2600,data/raw/openfun/tw.gov.cec~txn~candidates-votes/2014/柯文哲-village-votes-page-1.json,matched,polling-station-single-village
2014,北投區,福興里,福興里,連勝文,1485,data/raw/openfun/tw.gov.cec~txn~candidates-votes/2014/連勝文-village-votes-page-1.json,matched,polling-station-single-village
2014,北投區,稻香里,稻香里,柯文哲,1694,data/raw/openfun/tw.gov.cec~txn~candidates-votes/2014/柯文哲-village-votes-page-1.json,matched,polling-station-single-village
2014,北投區,稻香里,稻香里,連勝文,1183,data/raw/openfun/tw.gov.cec~txn~candidates-votes/2014/連勝文-village-votes-page-1.json,matched,polling-station-single-village
2014,北投區,豐年里,豐年里,柯文哲,1706,data/raw/openfun/tw.gov.cec~txn~candidates-votes/2014/柯文哲-village-votes-page-1.json,matched,polling-station-single-village
2014,北投區,豐年里,豐年里,連勝文,1083,data/raw/openfun/tw.gov.cec~txn~candidates-votes/2014/連勝文-village-votes-page-1.json,matched,polling-station-single-village
2014,北投區,關渡里,關渡里,柯文哲,4060,data/raw/openfun/tw.gov.cec~txn~candidates-votes/2014/柯文哲-village-votes-page-1.json,matched,polling-station-single-village
2014,北投區,關渡里,關渡里,連勝文,2271,data/raw/openfun/tw.gov.cec~txn~candidates-votes/2014/連勝文-village-votes-page-1.json,matched,polling-station-single-village
2014,松山區,三民里,三民里,柯文哲,2104,data/raw/openfun/tw.gov.cec~txn~candidates-votes/2014/柯文哲-village-votes-page-3.json,matched,polling-station-single-village
2014,松山區,三民里,三民里,連勝文,1759,data/raw/openfun/tw.gov.cec~txn~candidates-votes/2014/連勝文-village-votes-page-3.json,matched,polling-station-single-village
2014,松山區,中正里,中正里,柯文哲,3176,data/raw/openfun/tw.gov.cec~txn~candidates-votes/2014/柯文哲-village-votes-page-4.json,matched,polling-station-single-village
2014,松山區,中正里,中正里,連勝文,1994,data/raw/openfun/tw.gov.cec~txn~candidates-votes/2014/連勝文-village-votes-page-4.json,matched,polling-station-single-village
2014,松山區,中崙里,中崙里,柯文哲,1299,data/raw/openfun/tw.gov.cec~txn~candidates-votes/2014/柯文哲-village-votes-page-4.json,matched,polling-station-single-village
2014,松山區,中崙里,中崙里,連勝文,1010,data/raw/openfun/tw.gov.cec~txn~candidates-votes/2014/連勝文-village-votes-page-4.json,matched,polling-station-single-village
2014,松山區,中華里,中華里,柯文哲,1946,data/raw/openfun/tw.gov.cec~txn~candidates-votes/2014/柯文哲-village-votes-page-3.json,matched,polling-station-single-village
2014,松山區,中華里,中華里,連勝文,1595,data/raw/openfun/tw.gov.cec~txn~candidates-votes/2014/連勝文-village-votes-page-3.json,matched,polling-station-single-village
2014,松山區,介壽里,介壽里,柯文哲,1537,data/raw/openfun/tw.gov.cec~txn~candidates-votes/2014/柯文哲-village-votes-page-3.json,matched,polling-station-single-village
2014,松山區,介壽里,介壽里,連勝文,1026,data/raw/openfun/tw.gov.cec~txn~candidates-votes/2014/連勝文-village-votes-page-3.json,matched,polling-station-single-village
2014,松山區,民有里,民有里,柯文哲,2978,data/raw/openfun/tw.gov.cec~txn~candidates-votes/2014/柯文哲-village-votes-page-3.json,matched,polling-station-single-village
2014,松山區,民有里,民有里,連勝文,2044,data/raw/openfun/tw.gov.cec~txn~candidates-votes/2014/連勝文-village-votes-page-3.json,matched,polling-station-single-village
2014,松山區,民福里,民福里,柯文哲,1940,data/raw/openfun/tw.gov.cec~txn~candidates-votes/2014/柯文哲-village-votes-page-3.json,matched,polling-station-single-village
2014,松山區,民福里,民福里,連勝文,1865,data/raw/openfun/tw.gov.cec~txn~candidates-votes/2014/連勝文-village-votes-page-3.json,matched,polling-station-single-village
2014,松山區,吉仁里,吉仁里,柯文哲,1319,data/raw/openfun/tw.gov.cec~txn~candidates-votes/2014/柯文哲-village-votes-page-4.json,matched,polling-station-single-village
2014,松山區,吉仁里,吉仁里,連勝文,975,data/raw/openfun/tw.gov.cec~txn~candidates-votes/2014/連勝文-village-votes-page-4.json,matched,polling-station-single-village
2014,松山區,吉祥里,吉祥里,柯文哲,2718,data/raw/openfun/tw.gov.cec~txn~candidates-votes/2014/柯文哲-village-votes-page-3.json;data/raw/openfun/tw.gov.cec~txn~candidates-votes/2014/柯文哲-village-votes-page-4.json,matched,polling-station-single-village
2014,松山區,吉祥里,吉祥里,連勝文,2165,data/raw/openfun/tw.gov.cec~txn~candidates-votes/2014/連勝文-village-votes-page-3.json;data/raw/openfun/tw.gov.cec~txn~candidates-votes/2014/連勝文-village-votes-page-4.json,matched,polling-station-single-village
2014,松山區,安平里,安平里,柯文哲,3103,data/raw/openfun/tw.gov.cec~txn~candidates-votes/2014/柯文哲-village-votes-page-3.json,matched,polling-station-single-village
2014,松山區,安平里,安平里,連勝文,1948,data/raw/openfun/tw.gov.cec~txn~candidates-votes/2014/連勝文-village-votes-page-3.json,matched,polling-station-single-village
2014,松山區,自強里,自強里,柯文哲,1803,data/raw/openfun/tw.gov.cec~txn~candidates-votes/2014/柯文哲-village-votes-page-3.json,matched,polling-station-single-village
2014,松山區,自強里,自強里,連勝文,3682,data/raw/openfun/tw.gov.cec~txn~candidates-votes/2014/連勝文-village-votes-page-3.json,matched,polling-station-single-village
2014,松山區,東光里,東光里,柯文哲,2257,data/raw/openfun/tw.gov.cec~txn~candidates-votes/2014/柯文哲-village-votes-page-3.json,matched,polling-station-single-village
2014,松山區,東光里,東光里,連勝文,1966,data/raw/openfun/tw.gov.cec~txn~candidates-votes/2014/連勝文-village-votes-page-3.json,matched,polling-station-single-village
2014,松山區,東昌里,東昌里,柯文哲,930,data/raw/openfun/tw.gov.cec~txn~candidates-votes/2014/柯文哲-village-votes-page-3.json,matched,polling-station-single-village
2014,松山區,東昌里,東昌里,連勝文,583,data/raw/openfun/tw.gov.cec~txn~candidates-votes/2014/連勝文-village-votes-page-3.json,matched,polling-station-single-village
2014,松山區,東勢里,東勢里,柯文哲,1494,data/raw/openfun/tw.gov.cec~txn~candidates-votes/2014/柯文哲-village-votes-page-3.json,matched,polling-station-single-village
2014,松山區,東勢里,東勢里,連勝文,1016,data/raw/openfun/tw.gov.cec~txn~candidates-votes/2014/連勝文-village-votes-page-3.json,matched,polling-station-single-village
2014,松山區,東榮里,東榮里,柯文哲,2594,data/raw/openfun/tw.gov.cec~txn~candidates-votes/2014/柯文哲-village-votes-page-3.json,matched,polling-station-single-village
2014,松山區,東榮里,東榮里,連勝文,1903,data/raw/openfun/tw.gov.cec~txn~candidates-votes/2014/連勝文-village-votes-page-3.json,matched,polling-station-single-village
2014,松山區,松基里,松基里,柯文哲,1310,data/raw/openfun/tw.gov.cec~txn~candidates-votes/2014/柯文哲-village-votes-page-3.json,matched,polling-station-single-village
2014,松山區,松基里,松基里,連勝文,877,data/raw/openfun/tw.gov.cec~txn~candidates-votes/2014/連勝文-village-votes-page-3.json,matched,polling-station-single-village
2014,松山區,美仁里,美仁里,柯文哲,1181,data/raw/openfun/tw.gov.cec~txn~candidates-votes/2014/柯文哲-village-votes-page-4.json,matched,polling-station-single-village
2014,松山區,美仁里,美仁里,連勝文,799,data/raw/openfun/tw.gov.cec~txn~candidates-votes/2014/連勝文-village-votes-page-4.json,matched,polling-station-single-village
2014,松山區,莊敬里,莊敬里,柯文哲,1719,data/raw/openfun/tw.gov.cec~txn~candidates-votes/2014/柯文哲-village-votes-page-3.json,matched,polling-station-single-village
2014,松山區,莊敬里,莊敬里,連勝文,1448,data/raw/openfun/tw.gov.cec~txn~candidates-votes/2014/連勝文-village-votes-page-3.json,matched,polling-station-single-village
2014,松山區,富泰里,富泰里,柯文哲,1326,data/raw/openfun/tw.gov.cec~txn~candidates-votes/2014/柯文哲-village-votes-page-3.json,matched,polling-station-single-village
2014,松山區,富泰里,富泰里,連勝文,1342,data/raw/openfun/tw.gov.cec~txn~candidates-votes/2014/連勝文-village-votes-page-3.json,matched,polling-station-single-village
2014,松山區,富錦里,富錦里,柯文哲,1615,data/raw/openfun/tw.gov.cec~txn~candidates-votes/2014/柯文哲-village-votes-page-3.json,matched,polling-station-single-village
2014,松山區,富錦里,富錦里,連勝文,1346,data/raw/openfun/tw.gov.cec~txn~candidates-votes/2014/連勝文-village-votes-page-3.json,matched,polling-station-single-village
2014,松山區,復建里,復建里,柯文哲,1372,data/raw/openfun/tw.gov.cec~txn~candidates-votes/2014/柯文哲-village-votes-page-4.json,matched,polling-station-single-village
2014,松山區,復建里,復建里,連勝文,1159,data/raw/openfun/tw.gov.cec~txn~candidates-votes/2014/連勝文-village-votes-page-4.json,matched,polling-station-single-village
2014,松山區,復盛里,復盛里,柯文哲,2103,data/raw/openfun/tw.gov.cec~txn~candidates-votes/2014/柯文哲-village-votes-page-4.json,matched,polling-station-single-village
2014,松山區,復盛里,復盛里,連勝文,1834,data/raw/openfun/tw.gov.cec~txn~candidates-votes/2014/連勝文-village-votes-page-4.json,matched,polling-station-single-village
2014,松山區,復勢里,復勢里,柯文哲,2243,data/raw/openfun/tw.gov.cec~txn~candidates-votes/2014/柯文哲-village-votes-page-4.json,matched,polling-station-single-village
2014,松山區,復勢里,復勢里,連勝文,1380,data/raw/openfun/tw.gov.cec~txn~candidates-votes/2014/連勝文-village-votes-page-4.json,matched,polling-station-single-village
2014,松山區,復源里,復源里,柯文哲,1009,data/raw/openfun/tw.gov.cec~txn~candidates-votes/2014/柯文哲-village-votes-page-4.json,matched,polling-station-single-village
2014,松山區,復源里,復源里,連勝文,843,data/raw/openfun/tw.gov.cec~txn~candidates-votes/2014/連勝文-village-votes-page-4.json,matched,polling-station-single-village
2014,松山區,敦化里,敦化里,柯文哲,2404,data/raw/openfun/tw.gov.cec~txn~candidates-votes/2014/柯文哲-village-votes-page-4.json,matched,polling-station-single-village
2014,松山區,敦化里,敦化里,連勝文,1641,data/raw/openfun/tw.gov.cec~txn~candidates-votes/2014/連勝文-village-votes-page-4.json,matched,polling-station-single-village
2014,松山區,新東里,新東里,柯文哲,1653,data/raw/openfun/tw.gov.cec~txn~candidates-votes/2014/柯文哲-village-votes-page-3.json,matched,polling-station-single-village
2014,松山區,新東里,新東里,連勝文,1174,data/raw/openfun/tw.gov.cec~txn~candidates-votes/2014/連勝文-village-votes-page-3.json,matched,polling-station-single-village
2014,松山區,新益里,新益里,柯文哲,1748,data/raw/openfun/tw.gov.cec~txn~candidates-votes/2014/柯文哲-village-votes-page-3.json,matched,polling-station-single-village
2014,松山區,新益里,新益里,連勝文,1193,data/raw/openfun/tw.gov.cec~txn~candidates-votes/2014/連勝文-village-votes-page-3.json,matched,polling-station-single-village
2014,松山區,新聚里,新聚里,柯文哲,2848,data/raw/openfun/tw.gov.cec~txn~candidates-votes/2014/柯文哲-village-votes-page-4.json,matched,polling-station-single-village
2014,松山區,新聚里,新聚里,連勝文,1922,data/raw/openfun/tw.gov.cec~txn~candidates-votes/2014/連勝文-village-votes-page-4.json,matched,polling-station-single-village
2014,松山區,慈祐里,慈祐里,柯文哲,2497,data/raw/openfun/tw.gov.cec~txn~candidates-votes/2014/柯文哲-village-votes-page-3.json,matched,polling-station-single-village
2014,松山區,慈祐里,慈祐里,連勝文,1365,data/raw/openfun/tw.gov.cec~txn~candidates-votes/2014/連勝文-village-votes-page-3.json,matched,polling-station-single-village
2014,松山區,福成里,福成里,柯文哲,927,data/raw/openfun/tw.gov.cec~txn~candidates-votes/2014/柯文哲-village-votes-page-4.json,matched,polling-station-single-village
2014,松山區,福成里,福成里,連勝文,641,data/raw/openfun/tw.gov.cec~txn~candidates-votes/2014/連勝文-village-votes-page-4.json,matched,polling-station-single-village
2014,松山區,精忠里,精忠里,柯文哲,1274,data/raw/openfun/tw.gov.cec~txn~candidates-votes/2014/柯文哲-village-votes-page-3.json,matched,polling-station-single-village
2014,松山區,精忠里,精忠里,連勝文,1095,data/raw/openfun/tw.gov.cec~txn~candidates-votes/2014/連勝文-village-votes-page-3.json,matched,polling-station-single-village
2014,松山區,龍田里,龍田里,柯文哲,2355,data/raw/openfun/tw.gov.cec~txn~candidates-votes/2014/柯文哲-village-votes-page-3.json,matched,polling-station-single-village
2014,松山區,龍田里,龍田里,連勝文,3169,data/raw/openfun/tw.gov.cec~txn~candidates-votes/2014/連勝文-village-votes-page-3.json,matched,polling-station-single-village
2014,松山區,鵬程里,鵬程里,柯文哲,1489,data/raw/openfun/tw.gov.cec~txn~candidates-votes/2014/柯文哲-village-votes-page-3.json,matched,polling-station-single-village
2014,松山區,鵬程里,鵬程里,連勝文,1717,data/raw/openfun/tw.gov.cec~txn~candidates-votes/2014/連勝文-village-votes-page-3.json,matched,polling-station-single-village
2014,信義區,三張里,三張里,柯文哲,2807,data/raw/openfun/tw.gov.cec~txn~candidates-votes/2014/柯文哲-village-votes-page-4.json,matched,polling-station-single-village
2014,信義區,三張里,三張里,連勝文,2600,data/raw/openfun/tw.gov.cec~txn~candidates-votes/2014/連勝文-village-votes-page-4.json,matched,polling-station-single-village
2014,信義區,三犁里,三犁里,柯文哲,1580,data/raw/openfun/tw.gov.cec~txn~candidates-votes/2014/柯文哲-village-votes-page-4.json,matched,polling-station-single-village
2014,信義區,三犁里,三犁里,連勝文,1419,data/raw/openfun/tw.gov.cec~txn~candidates-votes/2014/連勝文-village-votes-page-4.json,matched,polling-station-single-village
2014,信義區,大仁里,大仁里,柯文哲,1476,data/raw/openfun/tw.gov.cec~txn~candidates-votes/2014/柯文哲-village-votes-page-4.json,matched,polling-station-single-village
2014,信義區,大仁里,大仁里,連勝文,1063,data/raw/openfun/tw.gov.cec~txn~candidates-votes/2014/連勝文-village-votes-page-4.json,matched,polling-station-single-village
2014,信義區,大道里,大道里,柯文哲,2313,data/raw/openfun/tw.gov.cec~txn~candidates-votes/2014/柯文哲-village-votes-page-4.json,matched,polling-station-single-village
2014,信義區,大道里,大道里,連勝文,1506,data/raw/openfun/tw.gov.cec~txn~candidates-votes/2014/連勝文-village-votes-page-4.json,matched,polling-station-single-village
2014,信義區,中行里,中行里,柯文哲,2984,data/raw/openfun/tw.gov.cec~txn~candidates-votes/2014/柯文哲-village-votes-page-4.json,matched,polling-station-single-village
2014,信義區,中行里,中行里,連勝文,1842,data/raw/openfun/tw.gov.cec~txn~candidates-votes/2014/連勝文-village-votes-page-4.json,matched,polling-station-single-village
2014,信義區,中坡里,中坡里,柯文哲,1622,data/raw/openfun/tw.gov.cec~txn~candidates-votes/2014/柯文哲-village-votes-page-4.json,matched,polling-station-single-village
2014,信義區,中坡里,中坡里,連勝文,1195,data/raw/openfun/tw.gov.cec~txn~candidates-votes/2014/連勝文-village-votes-page-4.json,matched,polling-station-single-village
2014,信義區,中興里,中興里,柯文哲,954,data/raw/openfun/tw.gov.cec~txn~candidates-votes/2014/柯文哲-village-votes-page-4.json,matched,polling-station-single-village
2014,信義區,中興里,中興里,連勝文,818,data/raw/openfun/tw.gov.cec~txn~candidates-votes/2014/連勝文-village-votes-page-4.json,matched,polling-station-single-village
2014,信義區,五全里,五全里,柯文哲,1956,data/raw/openfun/tw.gov.cec~txn~candidates-votes/2014/柯文哲-village-votes-page-4.json,matched,polling-station-single-village
2014,信義區,五全里,五全里,連勝文,1170,data/raw/openfun/tw.gov.cec~txn~candidates-votes/2014/連勝文-village-votes-page-4.json,matched,polling-station-single-village
2014,信義區,五常里,五常里,柯文哲,1312,data/raw/openfun/tw.gov.cec~txn~candidates-votes/2014/柯文哲-village-votes-page-4.json,matched,polling-station-single-village
2014,信義區,五常里,五常里,連勝文,907,data/raw/openfun/tw.gov.cec~txn~candidates-votes/2014/連勝文-village-votes-page-4.json,matched,polling-station-single-village
2014,信義區,六合里,六合里,柯文哲,1790,data/raw/openfun/tw.gov.cec~txn~candidates-votes/2014/柯文哲-village-votes-page-4.json,matched,polling-station-single-village
2014,信義區,六合里,六合里,連勝文,2088,data/raw/openfun/tw.gov.cec~txn~candidates-votes/2014/連勝文-village-votes-page-4.json,matched,polling-station-single-village
2014,信義區,六藝里,六藝里,柯文哲,1387,data/raw/openfun/tw.gov.cec~txn~candidates-votes/2014/柯文哲-village-votes-page-4.json,matched,polling-station-single-village
2014,信義區,六藝里,六藝里,連勝文,923,data/raw/openfun/tw.gov.cec~txn~candidates-votes/2014/連勝文-village-votes-page-4.json,matched,polling-station-single-village
2014,信義區,四育里,四育里,柯文哲,2232,data/raw/openfun/tw.gov.cec~txn~candidates-votes/2014/柯文哲-village-votes-page-4.json,matched,polling-station-single-village
2014,信義區,四育里,四育里,連勝文,1341,data/raw/openfun/tw.gov.cec~txn~candidates-votes/2014/連勝文-village-votes-page-4.json,matched,polling-station-single-village
2014,信義區,四維里,四維里,柯文哲,1755,data/raw/openfun/tw.gov.cec~txn~candidates-votes/2014/柯文哲-village-votes-page-4.json,matched,polling-station-single-village
2014,信義區,四維里,四維里,連勝文,1439,data/raw/openfun/tw.gov.cec~txn~candidates-votes/2014/連勝文-village-votes-page-4.json,matched,polling-station-single-village
2014,信義區,正和里,正和里,柯文哲,1317,data/raw/openfun/tw.gov.cec~txn~candidates-votes/2014/柯文哲-village-votes-page-4.json,matched,polling-station-single-village
2014,信義區,正和里,正和里,連勝文,1394,data/raw/openfun/tw.gov.cec~txn~candidates-votes/2014/連勝文-village-votes-page-4.json,matched,polling-station-single-village
2014,信義區,永吉里,永吉里,柯文哲,1692,data/raw/openfun/tw.gov.cec~txn~candidates-votes/2014/柯文哲-village-votes-page-4.json,matched,polling-station-single-village
2014,信義區,永吉里,永吉里,連勝文,723,data/raw/openfun/tw.gov.cec~txn~candidates-votes/2014/連勝文-village-votes-page-4.json,matched,polling-station-single-village
2014,信義區,永春里,永春里,柯文哲,1813,data/raw/openfun/tw.gov.cec~txn~candidates-votes/2014/柯文哲-village-votes-page-4.json,matched,polling-station-single-village
2014,信義區,永春里,永春里,連勝文,1122,data/raw/openfun/tw.gov.cec~txn~candidates-votes/2014/連勝文-village-votes-page-4.json,matched,polling-station-single-village
2014,信義區,安康里,安康里,柯文哲,3100,data/raw/openfun/tw.gov.cec~txn~candidates-votes/2014/柯文哲-village-votes-page-4.json,matched,polling-station-single-village
2014,信義區,安康里,安康里,連勝文,2535,data/raw/openfun/tw.gov.cec~txn~candidates-votes/2014/連勝文-village-votes-page-4.json,matched,polling-station-single-village
2014,信義區,西村里,西村里,柯文哲,1052,data/raw/openfun/tw.gov.cec~txn~candidates-votes/2014/柯文哲-village-votes-page-4.json,matched,polling-station-single-village
2014,信義區,西村里,西村里,連勝文,1673,data/raw/openfun/tw.gov.cec~txn~candidates-votes/2014/連勝文-village-votes-page-4.json,matched,polling-station-single-village
2014,信義區,松友里,松友里,柯文哲,2162,data/raw/openfun/tw.gov.cec~txn~candidates-votes/2014/柯文哲-village-votes-page-4.json,matched,polling-station-single-village
2014,信義區,松友里,松友里,連勝文,1713,data/raw/openfun/tw.gov.cec~txn~candidates-votes/2014/連勝文-village-votes-page-4.json,matched,polling-station-single-village
2014,信義區,松光里,松光里,柯文哲,1800,data/raw/openfun/tw.gov.cec~txn~candidates-votes/2014/柯文哲-village-votes-page-4.json,matched,polling-station-single-village
2014,信義區,松光里,松光里,連勝文,1216,data/raw/openfun/tw.gov.cec~txn~candidates-votes/2014/連勝文-village-votes-page-4.json,matched,polling-station-single-village
2014,信義區,松隆里,松隆里,柯文哲,732,data/raw/openfun/tw.gov.cec~txn~candidates-votes/2014/柯文哲-village-votes-page-4.json,matched,polling-station-single-village
2014,信義區,松隆里,松隆里,連勝文,572,data/raw/openfun/tw.gov.cec~txn~candidates-votes/2014/連勝文-village-votes-page-4.json,matched,polling-station-single-village
2014,信義區,長春里,長春里,柯文哲,1565,data/raw/openfun/tw.gov.cec~txn~candidates-votes/2014/柯文哲-village-votes-page-4.json,matched,polling-station-single-village
2014,信義區,長春里,長春里,連勝文,1034,data/raw/openfun/tw.gov.cec~txn~candidates-votes/2014/連勝文-village-votes-page-4.json,matched,polling-station-single-village
2014,信義區,泰和里,泰和里,柯文哲,2451,data/raw/openfun/tw.gov.cec~txn~candidates-votes/2014/柯文哲-village-votes-page-4.json,matched,polling-station-single-village
2014,信義區,泰和里,泰和里,連勝文,2074,data/raw/openfun/tw.gov.cec~txn~candidates-votes/2014/連勝文-village-votes-page-4.json,matched,polling-station-single-village
2014,信義區,國業里,國業里,柯文哲,2333,data/raw/openfun/tw.gov.cec~txn~candidates-votes/2014/柯文哲-village-votes-page-4.json,matched,polling-station-single-village
2014,信義區,國業里,國業里,連勝文,1899,data/raw/openfun/tw.gov.cec~txn~candidates-votes/2014/連勝文-village-votes-page-4.json,matched,polling-station-single-village
2014,信義區,富台里,富台里,柯文哲,1042,data/raw/openfun/tw.gov.cec~txn~candidates-votes/2014/柯文哲-village-votes-page-4.json,matched,polling-station-single-village
2014,信義區,富台里,富台里,連勝文,1335,data/raw/openfun/tw.gov.cec~txn~candidates-votes/2014/連勝文-village-votes-page-4.json,matched,polling-station-single-village
2014,信義區,惠安里,惠安里,柯文哲,1868,data/raw/openfun/tw.gov.cec~txn~candidates-votes/2014/柯文哲-village-votes-page-4.json,matched,polling-station-single-village
2014,信義區,惠安里,惠安里,連勝文,1947,data/raw/openfun/tw.gov.cec~txn~candidates-votes/2014/連勝文-village-votes-page-4.json,matched,polling-station-single-village
2014,信義區,敦厚里,敦厚里,柯文哲,1650,data/raw/openfun/tw.gov.cec~txn~candidates-votes/2014/柯文哲-village-votes-page-4.json,matched,polling-station-single-village
2014,信義區,敦厚里,敦厚里,連勝文,1247,data/raw/openfun/tw.gov.cec~txn~candidates-votes/2014/連勝文-village-votes-page-4.json,matched,polling-station-single-village
2014,信義區,景勤里,景勤里,柯文哲,1305,data/raw/openfun/tw.gov.cec~txn~candidates-votes/2014/柯文哲-village-votes-page-4.json,matched,polling-station-single-village
2014,信義區,景勤里,景勤里,連勝文,1228,data/raw/openfun/tw.gov.cec~txn~candidates-votes/2014/連勝文-village-votes-page-4.json,matched,polling-station-single-village
2014,信義區,景新里,景新里,柯文哲,1463,data/raw/openfun/tw.gov.cec~txn~candidates-votes/2014/柯文哲-village-votes-page-4.json,matched,polling-station-single-village
2014,信義區,景新里,景新里,連勝文,1428,data/raw/openfun/tw.gov.cec~txn~candidates-votes/2014/連勝文-village-votes-page-4.json,matched,polling-station-single-village
2014,信義區,景聯里,景聯里,柯文哲,1577,data/raw/openfun/tw.gov.cec~txn~candidates-votes/2014/柯文哲-village-votes-page-4.json,matched,polling-station-single-village
2014,信義區,景聯里,景聯里,連勝文,1218,data/raw/openfun/tw.gov.cec~txn~candidates-votes/2014/連勝文-village-votes-page-4.json,matched,polling-station-single-village
2014,信義區,雅祥里,雅祥里,柯文哲,1851,data/raw/openfun/tw.gov.cec~txn~candidates-votes/2014/柯文哲-village-votes-page-4.json,matched,polling-station-single-village
2014,信義區,雅祥里,雅祥里,連勝文,1146,data/raw/openfun/tw.gov.cec~txn~candidates-votes/2014/連勝文-village-votes-page-4.json,matched,polling-station-single-village
2014,信義區,新仁里,新仁里,柯文哲,1004,data/raw/openfun/tw.gov.cec~txn~candidates-votes/2014/柯文哲-village-votes-page-4.json,matched,polling-station-single-village
2014,信義區,新仁里,新仁里,連勝文,1010,data/raw/openfun/tw.gov.cec~txn~candidates-votes/2014/連勝文-village-votes-page-4.json,matched,polling-station-single-village
2014,信義區,嘉興里,嘉興里,柯文哲,1112,data/raw/openfun/tw.gov.cec~txn~candidates-votes/2014/柯文哲-village-votes-page-4.json,matched,polling-station-single-village
2014,信義區,嘉興里,嘉興里,連勝文,855,data/raw/openfun/tw.gov.cec~txn~candidates-votes/2014/連勝文-village-votes-page-4.json,matched,polling-station-single-village
2014,信義區,廣居里,廣居里,柯文哲,2440,data/raw/openfun/tw.gov.cec~txn~candidates-votes/2014/柯文哲-village-votes-page-4.json,matched,polling-station-single-village
2014,信義區,廣居里,廣居里,連勝文,2146,data/raw/openfun/tw.gov.cec~txn~candidates-votes/2014/連勝文-village-votes-page-4.json,matched,polling-station-single-village
2014,信義區,黎平里,黎平里,柯文哲,2290,data/raw/openfun/tw.gov.cec~txn~candidates-votes/2014/柯文哲-village-votes-page-4.json,matched,polling-station-single-village
2014,信義區,黎平里,黎平里,連勝文,1880,data/raw/openfun/tw.gov.cec~txn~candidates-votes/2014/連勝文-village-votes-page-4.json,matched,polling-station-single-village
2014,信義區,黎安里,黎安里,柯文哲,506,data/raw/openfun/tw.gov.cec~txn~candidates-votes/2014/柯文哲-village-votes-page-4.json,matched,polling-station-single-village
2014,信義區,黎安里,黎安里,連勝文,868,data/raw/openfun/tw.gov.cec~txn~candidates-votes/2014/連勝文-village-votes-page-4.json,matched,polling-station-single-village
2014,信義區,黎忠里,黎忠里,柯文哲,1584,data/raw/openfun/tw.gov.cec~txn~candidates-votes/2014/柯文哲-village-votes-page-4.json,matched,polling-station-single-village
2014,信義區,黎忠里,黎忠里,連勝文,1274,data/raw/openfun/tw.gov.cec~txn~candidates-votes/2014/連勝文-village-votes-page-4.json,matched,polling-station-single-village
2014,信義區,黎順里,黎順里,柯文哲,1258,data/raw/openfun/tw.gov.cec~txn~candidates-votes/2014/柯文哲-village-votes-page-4.json,matched,polling-station-single-village
2014,信義區,黎順里,黎順里,連勝文,1088,data/raw/openfun/tw.gov.cec~txn~candidates-votes/2014/連勝文-village-votes-page-4.json,matched,polling-station-single-village
2014,信義區,興隆里,興隆里,柯文哲,734,data/raw/openfun/tw.gov.cec~txn~candidates-votes/2014/柯文哲-village-votes-page-4.json,matched,polling-station-single-village
2014,信義區,興隆里,興隆里,連勝文,799,data/raw/openfun/tw.gov.cec~txn~candidates-votes/2014/連勝文-village-votes-page-4.json,matched,polling-station-single-village
2014,信義區,興雅里,興雅里,柯文哲,1895,data/raw/openfun/tw.gov.cec~txn~candidates-votes/2014/柯文哲-village-votes-page-4.json,matched,polling-station-single-village
2014,信義區,興雅里,興雅里,連勝文,1474,data/raw/openfun/tw.gov.cec~txn~candidates-votes/2014/連勝文-village-votes-page-4.json,matched,polling-station-single-village
2014,信義區,雙和里,雙和里,柯文哲,2259,data/raw/openfun/tw.gov.cec~txn~candidates-votes/2014/柯文哲-village-votes-page-4.json,matched,polling-station-single-village
2014,信義區,雙和里,雙和里,連勝文,2007,data/raw/openfun/tw.gov.cec~txn~candidates-votes/2014/連勝文-village-votes-page-4.json,matched,polling-station-single-village
2014,南港區,九如里,九如里,柯文哲,1943,data/raw/openfun/tw.gov.cec~txn~candidates-votes/2014/柯文哲-village-votes-page-3.json,matched,polling-station-single-village
2014,南港區,九如里,九如里,連勝文,1769,data/raw/openfun/tw.gov.cec~txn~candidates-votes/2014/連勝文-village-votes-page-3.json,matched,polling-station-single-village
2014,南港區,三重里,三重里,柯文哲,1970,data/raw/openfun/tw.gov.cec~txn~candidates-votes/2014/柯文哲-village-votes-page-3.json,matched,polling-station-single-village
2014,南港區,三重里,三重里,連勝文,1340,data/raw/openfun/tw.gov.cec~txn~candidates-votes/2014/連勝文-village-votes-page-3.json,matched,polling-station-single-village
2014,南港區,中南里,中南里,柯文哲,1360,data/raw/openfun/tw.gov.cec~txn~candidates-votes/2014/柯文哲-village-votes-page-3.json,matched,polling-station-single-village
2014,南港區,中南里,中南里,連勝文,770,data/raw/openfun/tw.gov.cec~txn~candidates-votes/2014/連勝文-village-votes-page-3.json,matched,polling-station-single-village
2014,南港區,中研里,中研里,柯文哲,3183,data/raw/openfun/tw.gov.cec~txn~candidates-votes/2014/柯文哲-village-votes-page-3.json,matched,polling-station-single-village
2014,南港區,中研里,中研里,連勝文,1973,data/raw/openfun/tw.gov.cec~txn~candidates-votes/2014/連勝文-village-votes-page-3.json,matched,polling-station-single-village
2014,南港區,仁福里,仁福里,柯文哲,1671,data/raw/openfun/tw.gov.cec~txn~candidates-votes/2014/柯文哲-village-votes-page-3.json,matched,polling-station-single-village
2014,南港區,仁福里,仁福里,連勝文,1593,data/raw/openfun/tw.gov.cec~txn~candidates-votes/2014/連勝文-village-votes-page-3.json,matched,polling-station-single-village
2014,南港區,玉成里,玉成里,柯文哲,1921,data/raw/openfun/tw.gov.cec~txn~candidates-votes/2014/柯文哲-village-votes-page-3.json,matched,polling-station-single-village
2014,南港區,玉成里,玉成里,連勝文,1072,data/raw/openfun/tw.gov.cec~txn~candidates-votes/2014/連勝文-village-votes-page-3.json,matched,polling-station-single-village
2014,南港區,合成里,合成里,柯文哲,2498,data/raw/openfun/tw.gov.cec~txn~candidates-votes/2014/柯文哲-village-votes-page-3.json,matched,polling-station-single-village
2014,南港區,合成里,合成里,連勝文,1557,data/raw/openfun/tw.gov.cec~txn~candidates-votes/2014/連勝文-village-votes-page-3.json,matched,polling-station-single-village
2014,南港區,成福里,成福里,柯文哲,2442,data/raw/openfun/tw.gov.cec~txn~candidates-votes/2014/柯文哲-village-votes-page-3.json,matched,polling-station-single-village
2014,南港區,成福里,成福里,連勝文,2085,data/raw/openfun/tw.gov.cec~txn~candidates-votes/2014/連勝文-village-votes-page-3.json,matched,polling-station-single-village
2014,南港區,百福里,百福里,柯文哲,1815,data/raw/openfun/tw.gov.cec~txn~candidates-votes/2014/柯文哲-village-votes-page-3.json,matched,polling-station-single-village
2014,南港區,百福里,百福里,連勝文,1228,data/raw/openfun/tw.gov.cec~txn~candidates-votes/2014/連勝文-village-votes-page-3.json,matched,polling-station-single-village
2014,南港區,西新里,西新里,柯文哲,1991,data/raw/openfun/tw.gov.cec~txn~candidates-votes/2014/柯文哲-village-votes-page-3.json,matched,polling-station-single-village
2014,南港區,西新里,西新里,連勝文,893,data/raw/openfun/tw.gov.cec~txn~candidates-votes/2014/連勝文-village-votes-page-3.json,matched,polling-station-single-village
2014,南港區,東明里,東明里,柯文哲,1516,data/raw/openfun/tw.gov.cec~txn~candidates-votes/2014/柯文哲-village-votes-page-3.json,matched,polling-station-single-village
2014,南港區,東明里,東明里,連勝文,1180,data/raw/openfun/tw.gov.cec~txn~candidates-votes/2014/連勝文-village-votes-page-3.json,matched,polling-station-single-village
2014,南港區,東新里,東新里,柯文哲,2495,data/raw/openfun/tw.gov.cec~txn~candidates-votes/2014/柯文哲-village-votes-page-3.json,matched,polling-station-single-village
2014,南港區,東新里,東新里,連勝文,1649,data/raw/openfun/tw.gov.cec~txn~candidates-votes/2014/連勝文-village-votes-page-3.json,matched,polling-station-single-village
2014,南港區,南港里,南港里,柯文哲,2121,data/raw/openfun/tw.gov.cec~txn~candidates-votes/2014/柯文哲-village-votes-page-3.json,matched,polling-station-single-village
2014,南港區,南港里,南港里,連勝文,1349,data/raw/openfun/tw.gov.cec~txn~candidates-votes/2014/連勝文-village-votes-page-3.json,matched,polling-station-single-village
2014,南港區,重陽里,重陽里,柯文哲,1545,data/raw/openfun/tw.gov.cec~txn~candidates-votes/2014/柯文哲-village-votes-page-3.json,matched,polling-station-single-village
2014,南港區,重陽里,重陽里,連勝文,1205,data/raw/openfun/tw.gov.cec~txn~candidates-votes/2014/連勝文-village-votes-page-3.json,matched,polling-station-single-village
2014,南港區,新光里,新光里,柯文哲,1232,data/raw/openfun/tw.gov.cec~txn~candidates-votes/2014/柯文哲-village-votes-page-3.json,matched,polling-station-single-village
2014,南港區,新光里,新光里,連勝文,1070,data/raw/openfun/tw.gov.cec~txn~candidates-votes/2014/連勝文-village-votes-page-3.json,matched,polling-station-single-village
2014,南港區,新富里,新富里,柯文哲,1511,data/raw/openfun/tw.gov.cec~txn~candidates-votes/2014/柯文哲-village-votes-page-3.json,matched,polling-station-single-village
2014,南港區,新富里,新富里,連勝文,781,data/raw/openfun/tw.gov.cec~txn~candidates-votes/2014/連勝文-village-votes-page-3.json,matched,polling-station-single-village
2014,南港區,萬福里,萬福里,柯文哲,1415,data/raw/openfun/tw.gov.cec~txn~candidates-votes/2014/柯文哲-village-votes-page-3.json,matched,polling-station-single-village
2014,南港區,萬福里,萬福里,連勝文,1132,data/raw/openfun/tw.gov.cec~txn~candidates-votes/2014/連勝文-village-votes-page-3.json,matched,polling-station-single-village
2014,南港區,聯成里,聯成里,柯文哲,1767,data/raw/openfun/tw.gov.cec~txn~candidates-votes/2014/柯文哲-village-votes-page-3.json,matched,polling-station-single-village
2014,南港區,聯成里,聯成里,連勝文,1349,data/raw/openfun/tw.gov.cec~txn~candidates-votes/2014/連勝文-village-votes-page-3.json,matched,polling-station-single-village
2014,南港區,鴻福里,鴻福里,柯文哲,1686,data/raw/openfun/tw.gov.cec~txn~candidates-votes/2014/柯文哲-village-votes-page-3.json,matched,polling-station-single-village
2014,南港區,鴻福里,鴻福里,連勝文,1167,data/raw/openfun/tw.gov.cec~txn~candidates-votes/2014/連勝文-village-votes-page-3.json,matched,polling-station-single-village
2014,南港區,舊莊里,舊莊里,柯文哲,3476,data/raw/openfun/tw.gov.cec~txn~candidates-votes/2014/柯文哲-village-votes-page-3.json,matched,polling-station-single-village
2014,南港區,舊莊里,舊莊里,連勝文,1737,data/raw/openfun/tw.gov.cec~txn~candidates-votes/2014/連勝文-village-votes-page-3.json,matched,polling-station-single-village
2014,萬華區,仁德里,仁德里,柯文哲,1824,data/raw/openfun/tw.gov.cec~txn~candidates-votes/2014/柯文哲-village-votes-page-6.json,matched,polling-station-single-village
2014,萬華區,仁德里,仁德里,連勝文,1097,data/raw/openfun/tw.gov.cec~txn~candidates-votes/2014/連勝文-village-votes-page-6.json,matched,polling-station-single-village
2014,萬華區,日祥里,日祥里,柯文哲,1540,data/raw/openfun/tw.gov.cec~txn~candidates-votes/2014/柯文哲-village-votes-page-6.json,matched,polling-station-single-village
2014,萬華區,日祥里,日祥里,連勝文,1859,data/raw/openfun/tw.gov.cec~txn~candidates-votes/2014/連勝文-village-votes-page-6.json,matched,polling-station-single-village
2014,萬華區,日善里,日善里,柯文哲,1478,data/raw/openfun/tw.gov.cec~txn~candidates-votes/2014/柯文哲-village-votes-page-6.json,matched,polling-station-single-village
2014,萬華區,日善里,日善里,連勝文,758,data/raw/openfun/tw.gov.cec~txn~candidates-votes/2014/連勝文-village-votes-page-6.json,matched,polling-station-single-village
2014,萬華區,全德里,全德里,柯文哲,1547,data/raw/openfun/tw.gov.cec~txn~candidates-votes/2014/柯文哲-village-votes-page-6.json,matched,polling-station-single-village
2014,萬華區,全德里,全德里,連勝文,895,data/raw/openfun/tw.gov.cec~txn~candidates-votes/2014/連勝文-village-votes-page-6.json,matched,polling-station-single-village
2014,萬華區,西門里,西門里,柯文哲,1210,data/raw/openfun/tw.gov.cec~txn~candidates-votes/2014/柯文哲-village-votes-page-6.json,matched,polling-station-single-village
2014,萬華區,西門里,西門里,連勝文,932,data/raw/openfun/tw.gov.cec~txn~candidates-votes/2014/連勝文-village-votes-page-6.json,matched,polling-station-single-village
2014,萬華區,孝德里,孝德里,柯文哲,1483,data/raw/openfun/tw.gov.cec~txn~candidates-votes/2014/柯文哲-village-votes-page-6.json,matched,polling-station-single-village
2014,萬華區,孝德里,孝德里,連勝文,620,data/raw/openfun/tw.gov.cec~txn~candidates-votes/2014/連勝文-village-votes-page-6.json,matched,polling-station-single-village
2014,萬華區,和平里,和平里,柯文哲,3047,data/raw/openfun/tw.gov.cec~txn~candidates-votes/2014/柯文哲-village-votes-page-6.json,matched,polling-station-single-village
2014,萬華區,和平里,和平里,連勝文,1232,data/raw/openfun/tw.gov.cec~txn~candidates-votes/2014/連勝文-village-votes-page-6.json,matched,polling-station-single-village
2014,萬華區,和德里,和德里,柯文哲,2738,data/raw/openfun/tw.gov.cec~txn~candidates-votes/2014/柯文哲-village-votes-page-6.json,matched,polling-station-single-village
2014,萬華區,和德里,和德里,連勝文,1336,data/raw/openfun/tw.gov.cec~txn~candidates-votes/2014/連勝文-village-votes-page-6.json,matched,polling-station-single-village
2014,萬華區,忠貞里,忠貞里,柯文哲,1222,data/raw/openfun/tw.gov.cec~txn~candidates-votes/2014/柯文哲-village-votes-page-6.json,matched,polling-station-single-village
2014,萬華區,忠貞里,忠貞里,連勝文,1852,data/raw/openfun/tw.gov.cec~txn~candidates-votes/2014/連勝文-village-votes-page-6.json,matched,polling-station-single-village
2014,萬華區,忠德里,忠德里,柯文哲,1781,data/raw/openfun/tw.gov.cec~txn~candidates-votes/2014/柯文哲-village-votes-page-6.json,matched,polling-station-single-village
2014,萬華區,忠德里,忠德里,連勝文,772,data/raw/openfun/tw.gov.cec~txn~candidates-votes/2014/連勝文-village-votes-page-6.json,matched,polling-station-single-village
2014,萬華區,青山里,青山里,柯文哲,2077,data/raw/openfun/tw.gov.cec~txn~candidates-votes/2014/柯文哲-village-votes-page-6.json,matched,polling-station-single-village
2014,萬華區,青山里,青山里,連勝文,1204,data/raw/openfun/tw.gov.cec~txn~candidates-votes/2014/連勝文-village-votes-page-6.json,matched,polling-station-single-village
2014,萬華區,保德里,保德里,柯文哲,1284,data/raw/openfun/tw.gov.cec~txn~candidates-votes/2014/柯文哲-village-votes-page-6.json,matched,polling-station-single-village
2014,萬華區,保德里,保德里,連勝文,746,data/raw/openfun/tw.gov.cec~txn~candidates-votes/2014/連勝文-village-votes-page-6.json,matched,polling-station-single-village
2014,萬華區,柳鄉里,柳鄉里,柯文哲,2258,data/raw/openfun/tw.gov.cec~txn~candidates-votes/2014/柯文哲-village-votes-page-6.json,matched,polling-station-single-village
2014,萬華區,柳鄉里,柳鄉里,連勝文,1065,data/raw/openfun/tw.gov.cec~txn~candidates-votes/2014/連勝文-village-votes-page-6.json,matched,polling-station-single-village
2014,萬華區,凌霄里,凌霄里,柯文哲,1121,data/raw/openfun/tw.gov.cec~txn~candidates-votes/2014/柯文哲-village-votes-page-6.json,matched,polling-station-single-village
2014,萬華區,凌霄里,凌霄里,連勝文,1231,data/raw/openfun/tw.gov.cec~txn~candidates-votes/2014/連勝文-village-votes-page-6.json,matched,polling-station-single-village
2014,萬華區,頂碩里,頂碩里,柯文哲,3157,data/raw/openfun/tw.gov.cec~txn~candidates-votes/2014/柯文哲-village-votes-page-6.json,matched,polling-station-single-village
2014,萬華區,頂碩里,頂碩里,連勝文,1311,data/raw/openfun/tw.gov.cec~txn~candidates-votes/2014/連勝文-village-votes-page-6.json,matched,polling-station-single-village
2014,萬華區,富民里,富民里,柯文哲,2101,data/raw/openfun/tw.gov.cec~txn~candidates-votes/2014/柯文哲-village-votes-page-6.json,matched,polling-station-single-village
2014,萬華區,富民里,富民里,連勝文,994,data/raw/openfun/tw.gov.cec~txn~candidates-votes/2014/連勝文-village-votes-page-6.json,matched,polling-station-single-village
2014,萬華區,富福里,富福里,柯文哲,2000,data/raw/openfun/tw.gov.cec~txn~candidates-votes/2014/柯文哲-village-votes-page-6.json,matched,polling-station-single-village
2014,萬華區,富福里,富福里,連勝文,971,data/raw/openfun/tw.gov.cec~txn~candidates-votes/2014/連勝文-village-votes-page-6.json,matched,polling-station-single-village
2014,萬華區,菜園里,菜園里,柯文哲,2311,data/raw/openfun/tw.gov.cec~txn~candidates-votes/2014/柯文哲-village-votes-page-6.json,matched,polling-station-single-village
2014,萬華區,菜園里,菜園里,連勝文,1301,data/raw/openfun/tw.gov.cec~txn~candidates-votes/2014/連勝文-village-votes-page-6.json,matched,polling-station-single-village
2014,萬華區,華中里,華中里,柯文哲,2509,data/raw/openfun/tw.gov.cec~txn~candidates-votes/2014/柯文哲-village-votes-page-6.json,matched,polling-station-single-village
2014,萬華區,華中里,華中里,連勝文,1316,data/raw/openfun/tw.gov.cec~txn~candidates-votes/2014/連勝文-village-votes-page-6.json,matched,polling-station-single-village
2014,萬華區,華江里,華江里,柯文哲,3284,data/raw/openfun/tw.gov.cec~txn~candidates-votes/2014/柯文哲-village-votes-page-6.json,matched,polling-station-single-village
2014,萬華區,華江里,華江里,連勝文,1827,data/raw/openfun/tw.gov.cec~txn~candidates-votes/2014/連勝文-village-votes-page-6.json,matched,polling-station-single-village
2014,萬華區,新安里,新安里,柯文哲,1815,data/raw/openfun/tw.gov.cec~txn~candidates-votes/2014/柯文哲-village-votes-page-6.json,matched,polling-station-single-village
2014,萬華區,新安里,新安里,連勝文,1834,data/raw/openfun/tw.gov.cec~txn~candidates-votes/2014/連勝文-village-votes-page-6.json,matched,polling-station-single-village
2014,萬華區,新和里,新和里,柯文哲,1926,data/raw/openfun/tw.gov.cec~txn~candidates-votes/2014/柯文哲-village-votes-page-6.json,matched,polling-station-single-village
2014,萬華區,新和里,新和里,連勝文,3207,data/raw/openfun/tw.gov.cec~txn~candidates-votes/2014/連勝文-village-votes-page-6.json,matched,polling-station-single-village
2014,萬華區,新忠里,新忠里,柯文哲,639,data/raw/openfun/tw.gov.cec~txn~candidates-votes/2014/柯文哲-village-votes-page-6.json,matched,polling-station-single-village
2014,萬華區,新忠里,新忠里,連勝文,1422,data/raw/openfun/tw.gov.cec~txn~candidates-votes/2014/連勝文-village-votes-page-6.json,matched,polling-station-single-village
2014,萬華區,新起里,新起里,柯文哲,2458,data/raw/openfun/tw.gov.cec~txn~candidates-votes/2014/柯文哲-village-votes-page-6.json,matched,polling-station-single-village
2014,萬華區,新起里,新起里,連勝文,1498,data/raw/openfun/tw.gov.cec~txn~candidates-votes/2014/連勝文-village-votes-page-6.json,matched,polling-station-single-village
2014,萬華區,萬壽里,萬壽里,柯文哲,1006,data/raw/openfun/tw.gov.cec~txn~candidates-votes/2014/柯文哲-village-votes-page-6.json,matched,polling-station-single-village
2014,萬華區,萬壽里,萬壽里,連勝文,840,data/raw/openfun/tw.gov.cec~txn~candidates-votes/2014/連勝文-village-votes-page-6.json,matched,polling-station-single-village
2014,萬華區,壽德里,壽德里,柯文哲,1997,data/raw/openfun/tw.gov.cec~txn~candidates-votes/2014/柯文哲-village-votes-page-6.json,matched,polling-station-single-village
2014,萬華區,壽德里,壽德里,連勝文,1198,data/raw/openfun/tw.gov.cec~txn~candidates-votes/2014/連勝文-village-votes-page-6.json,matched,polling-station-single-village
2014,萬華區,榮德里,榮德里,柯文哲,1501,data/raw/openfun/tw.gov.cec~txn~candidates-votes/2014/柯文哲-village-votes-page-6.json,matched,polling-station-single-village
2014,萬華區,榮德里,榮德里,連勝文,755,data/raw/openfun/tw.gov.cec~txn~candidates-votes/2014/連勝文-village-votes-page-6.json,matched,polling-station-single-village
2014,萬華區,福星里,福星里,柯文哲,1669,data/raw/openfun/tw.gov.cec~txn~candidates-votes/2014/柯文哲-village-votes-page-6.json,matched,polling-station-single-village
2014,萬華區,福星里,福星里,連勝文,1306,data/raw/openfun/tw.gov.cec~txn~candidates-votes/2014/連勝文-village-votes-page-6.json,matched,polling-station-single-village
2014,萬華區,福音里,福音里,柯文哲,1417,data/raw/openfun/tw.gov.cec~txn~candidates-votes/2014/柯文哲-village-votes-page-6.json,matched,polling-station-single-village
2014,萬華區,福音里,福音里,連勝文,737,data/raw/openfun/tw.gov.cec~txn~candidates-votes/2014/連勝文-village-votes-page-6.json,matched,polling-station-single-village
2014,萬華區,綠堤里,綠堤里,柯文哲,1467,data/raw/openfun/tw.gov.cec~txn~candidates-votes/2014/柯文哲-village-votes-page-6.json,matched,polling-station-single-village
2014,萬華區,綠堤里,綠堤里,連勝文,1025,data/raw/openfun/tw.gov.cec~txn~candidates-votes/2014/連勝文-village-votes-page-6.json,matched,polling-station-single-village
2014,萬華區,銘德里,銘德里,柯文哲,1879,data/raw/openfun/tw.gov.cec~txn~candidates-votes/2014/柯文哲-village-votes-page-6.json,matched,polling-station-single-village
2014,萬華區,銘德里,銘德里,連勝文,963,data/raw/openfun/tw.gov.cec~txn~candidates-votes/2014/連勝文-village-votes-page-6.json,matched,polling-station-single-village
2014,萬華區,糖里,糖廍里,柯文哲,2145,data/raw/openfun/tw.gov.cec~txn~candidates-votes/2014/柯文哲-village-votes-page-6.json,matched,polling-station-single-village
2014,萬華區,糖里,糖廍里,連勝文,1157,data/raw/openfun/tw.gov.cec~txn~candidates-votes/2014/連勝文-village-votes-page-6.json,matched,polling-station-single-village
2014,萬華區,興德里,興德里,柯文哲,1979,data/raw/openfun/tw.gov.cec~txn~candidates-votes/2014/柯文哲-village-votes-page-6.json,matched,polling-station-single-village
2014,萬華區,興德里,興德里,連勝文,988,data/raw/openfun/tw.gov.cec~txn~candidates-votes/2014/連勝文-village-votes-page-6.json,matched,polling-station-single-village
2014,萬華區,錦德里,錦德里,柯文哲,2271,data/raw/openfun/tw.gov.cec~txn~candidates-votes/2014/柯文哲-village-votes-page-6.json,matched,polling-station-single-village
2014,萬華區,錦德里,錦德里,連勝文,1123,data/raw/openfun/tw.gov.cec~txn~candidates-votes/2014/連勝文-village-votes-page-6.json,matched,polling-station-single-village
2014,萬華區,雙園里,雙園里,柯文哲,1832,data/raw/openfun/tw.gov.cec~txn~candidates-votes/2014/柯文哲-village-votes-page-6.json,matched,polling-station-single-village
2014,萬華區,雙園里,雙園里,連勝文,899,data/raw/openfun/tw.gov.cec~txn~candidates-votes/2014/連勝文-village-votes-page-6.json,matched,polling-station-single-village
2014,萬華區,騰雲里,騰雲里,柯文哲,910,data/raw/openfun/tw.gov.cec~txn~candidates-votes/2014/柯文哲-village-votes-page-6.json,matched,polling-station-single-village
2014,萬華區,騰雲里,騰雲里,連勝文,950,data/raw/openfun/tw.gov.cec~txn~candidates-votes/2014/連勝文-village-votes-page-6.json,matched,polling-station-single-village
2022,士林區,三玉里,三玉里,陳時中,1068,data/raw/openfun/tw.gov.cec~txn~candidates-votes/2022/陳時中-village-votes-page-8.json,matched,polling-station-single-village
2022,士林區,三玉里,三玉里,蔣萬安,1283,data/raw/openfun/tw.gov.cec~txn~candidates-votes/2022/蔣萬安-village-votes-page-8.json,matched,polling-station-single-village
2022,士林區,仁勇里,仁勇里,陳時中,840,data/raw/openfun/tw.gov.cec~txn~candidates-votes/2022/陳時中-village-votes-page-8.json,matched,polling-station-single-village
2022,士林區,仁勇里,仁勇里,蔣萬安,785,data/raw/openfun/tw.gov.cec~txn~candidates-votes/2022/蔣萬安-village-votes-page-8.json,matched,polling-station-single-village
2022,士林區,公館里,公館里,陳時中,387,data/raw/openfun/tw.gov.cec~txn~candidates-votes/2022/陳時中-village-votes-page-8.json,matched,polling-station-single-village
2022,士林區,公館里,公館里,蔣萬安,242,data/raw/openfun/tw.gov.cec~txn~candidates-votes/2022/蔣萬安-village-votes-page-8.json,matched,polling-station-single-village
2022,士林區,天山里,天山里,陳時中,1183,data/raw/openfun/tw.gov.cec~txn~candidates-votes/2022/陳時中-village-votes-page-8.json,matched,polling-station-single-village
2022,士林區,天山里,天山里,蔣萬安,1568,data/raw/openfun/tw.gov.cec~txn~candidates-votes/2022/蔣萬安-village-votes-page-8.json,matched,polling-station-single-village
2022,士林區,天母里,天母里,陳時中,1174,data/raw/openfun/tw.gov.cec~txn~candidates-votes/2022/陳時中-village-votes-page-8.json,matched,polling-station-single-village
2022,士林區,天母里,天母里,蔣萬安,1493,data/raw/openfun/tw.gov.cec~txn~candidates-votes/2022/蔣萬安-village-votes-page-8.json,matched,polling-station-single-village
2022,士林區,天玉里,天玉里,陳時中,1565,data/raw/openfun/tw.gov.cec~txn~candidates-votes/2022/陳時中-village-votes-page-8.json,matched,polling-station-single-village
2022,士林區,天玉里,天玉里,蔣萬安,1873,data/raw/openfun/tw.gov.cec~txn~candidates-votes/2022/蔣萬安-village-votes-page-8.json,matched,polling-station-single-village
2022,士林區,天和里,天和里,陳時中,1376,data/raw/openfun/tw.gov.cec~txn~candidates-votes/2022/陳時中-village-votes-page-8.json,matched,polling-station-single-village
2022,士林區,天和里,天和里,蔣萬安,1616,data/raw/openfun/tw.gov.cec~txn~candidates-votes/2022/蔣萬安-village-votes-page-8.json,matched,polling-station-single-village
2022,士林區,天祿里,天祿里,陳時中,1055,data/raw/openfun/tw.gov.cec~txn~candidates-votes/2022/陳時中-village-votes-page-8.json,matched,polling-station-single-village
2022,士林區,天祿里,天祿里,蔣萬安,1012,data/raw/openfun/tw.gov.cec~txn~candidates-votes/2022/蔣萬安-village-votes-page-8.json,matched,polling-station-single-village
2022,士林區,天壽里,天壽里,陳時中,919,data/raw/openfun/tw.gov.cec~txn~candidates-votes/2022/陳時中-village-votes-page-8.json,matched,polling-station-single-village
2022,士林區,天壽里,天壽里,蔣萬安,1087,data/raw/openfun/tw.gov.cec~txn~candidates-votes/2022/蔣萬安-village-votes-page-8.json,matched,polling-station-single-village
2022,士林區,天福里,天福里,陳時中,1126,data/raw/openfun/tw.gov.cec~txn~candidates-votes/2022/陳時中-village-votes-page-8.json,matched,polling-station-single-village
2022,士林區,天福里,天福里,蔣萬安,1389,data/raw/openfun/tw.gov.cec~txn~candidates-votes/2022/蔣萬安-village-votes-page-8.json,matched,polling-station-single-village
2022,士林區,平等里,平等里,陳時中,460,data/raw/openfun/tw.gov.cec~txn~candidates-votes/2022/陳時中-village-votes-page-8.json,matched,polling-station-single-village
2022,士林區,平等里,平等里,蔣萬安,262,data/raw/openfun/tw.gov.cec~txn~candidates-votes/2022/蔣萬安-village-votes-page-8.json,matched,polling-station-single-village
2022,士林區,永倫里,永倫里,陳時中,1687,data/raw/openfun/tw.gov.cec~txn~candidates-votes/2022/陳時中-village-votes-page-8.json,matched,polling-station-single-village
2022,士林區,永倫里,永倫里,蔣萬安,1214,data/raw/openfun/tw.gov.cec~txn~candidates-votes/2022/蔣萬安-village-votes-page-8.json,matched,polling-station-single-village
2022,士林區,永福里,永福里,陳時中,341,data/raw/openfun/tw.gov.cec~txn~candidates-votes/2022/陳時中-village-votes-page-8.json,matched,polling-station-single-village
2022,士林區,永福里,永福里,蔣萬安,223,data/raw/openfun/tw.gov.cec~txn~candidates-votes/2022/蔣萬安-village-votes-page-8.json,matched,polling-station-single-village
2022,士林區,名山里,名山里,陳時中,1334,data/raw/openfun/tw.gov.cec~txn~candidates-votes/2022/陳時中-village-votes-page-8.json,matched,polling-station-single-village
2022,士林區,名山里,名山里,蔣萬安,1611,data/raw/openfun/tw.gov.cec~txn~candidates-votes/2022/蔣萬安-village-votes-page-8.json,matched,polling-station-single-village
2022,士林區,百齡里,百齡里,陳時中,1437,data/raw/openfun/tw.gov.cec~txn~candidates-votes/2022/陳時中-village-votes-page-8.json,matched,polling-station-single-village
2022,士林區,百齡里,百齡里,蔣萬安,1239,data/raw/openfun/tw.gov.cec~txn~candidates-votes/2022/蔣萬安-village-votes-page-8.json,matched,polling-station-single-village
2022,士林區,岩山里,岩山里,陳時中,590,data/raw/openfun/tw.gov.cec~txn~candidates-votes/2022/陳時中-village-votes-page-8.json,matched,polling-station-single-village
2022,士林區,岩山里,岩山里,蔣萬安,827,data/raw/openfun/tw.gov.cec~txn~candidates-votes/2022/蔣萬安-village-votes-page-8.json,matched,polling-station-single-village
2022,士林區,忠誠里,忠誠里,陳時中,757,data/raw/openfun/tw.gov.cec~txn~candidates-votes/2022/陳時中-village-votes-page-8.json,matched,polling-station-single-village
2022,士林區,忠誠里,忠誠里,蔣萬安,1566,data/raw/openfun/tw.gov.cec~txn~candidates-votes/2022/蔣萬安-village-votes-page-8.json,matched,polling-station-single-village
2022,士林區,承德里,承德里,陳時中,960,data/raw/openfun/tw.gov.cec~txn~candidates-votes/2022/陳時中-village-votes-page-8.json,matched,polling-station-single-village
2022,士林區,承德里,承德里,蔣萬安,1222,data/raw/openfun/tw.gov.cec~txn~candidates-votes/2022/蔣萬安-village-votes-page-8.json,matched,polling-station-single-village
2022,士林區,明勝里,明勝里,陳時中,1019,data/raw/openfun/tw.gov.cec~txn~candidates-votes/2022/陳時中-village-votes-page-8.json,matched,polling-station-single-village
2022,士林區,明勝里,明勝里,蔣萬安,1023,data/raw/openfun/tw.gov.cec~txn~candidates-votes/2022/蔣萬安-village-votes-page-8.json,matched,polling-station-single-village
2022,士林區,東山里,東山里,陳時中,772,data/raw/openfun/tw.gov.cec~txn~candidates-votes/2022/陳時中-village-votes-page-8.json,matched,polling-station-single-village
2022,士林區,東山里,東山里,蔣萬安,1360,data/raw/openfun/tw.gov.cec~txn~candidates-votes/2022/蔣萬安-village-votes-page-8.json,matched,polling-station-single-village
2022,士林區,社子里,社子里,陳時中,1552,data/raw/openfun/tw.gov.cec~txn~candidates-votes/2022/陳時中-village-votes-page-8.json,matched,polling-station-single-village
2022,士林區,社子里,社子里,蔣萬安,1168,data/raw/openfun/tw.gov.cec~txn~candidates-votes/2022/蔣萬安-village-votes-page-8.json,matched,polling-station-single-village
2022,士林區,社園里,社園里,陳時中,1814,data/raw/openfun/tw.gov.cec~txn~candidates-votes/2022/陳時中-village-votes-page-8.json,matched,polling-station-single-village
2022,士林區,社園里,社園里,蔣萬安,1156,data/raw/openfun/tw.gov.cec~txn~candidates-votes/2022/蔣萬安-village-votes-page-8.json,matched,polling-station-single-village
2022,士林區,社新里,社新里,陳時中,2058,data/raw/openfun/tw.gov.cec~txn~candidates-votes/2022/陳時中-village-votes-page-8.json,matched,polling-station-single-village
2022,士林區,社新里,社新里,蔣萬安,1552,data/raw/openfun/tw.gov.cec~txn~candidates-votes/2022/蔣萬安-village-votes-page-8.json,matched,polling-station-single-village
2022,士林區,芝山里,芝山里,陳時中,1360,data/raw/openfun/tw.gov.cec~txn~candidates-votes/2022/陳時中-village-votes-page-8.json,matched,polling-station-single-village
2022,士林區,芝山里,芝山里,蔣萬安,1758,data/raw/openfun/tw.gov.cec~txn~candidates-votes/2022/蔣萬安-village-votes-page-8.json,matched,polling-station-single-village
2022,士林區,前港里,前港里,陳時中,967,data/raw/openfun/tw.gov.cec~txn~candidates-votes/2022/陳時中-village-votes-page-8.json,matched,polling-station-single-village
2022,士林區,前港里,前港里,蔣萬安,801,data/raw/openfun/tw.gov.cec~txn~candidates-votes/2022/蔣萬安-village-votes-page-8.json,matched,polling-station-single-village
2022,士林區,後港里,後港里,陳時中,1663,data/raw/openfun/tw.gov.cec~txn~candidates-votes/2022/陳時中-village-votes-page-8.json,matched,polling-station-single-village
2022,士林區,後港里,後港里,蔣萬安,1451,data/raw/openfun/tw.gov.cec~txn~candidates-votes/2022/蔣萬安-village-votes-page-8.json,matched,polling-station-single-village
2022,士林區,富光里,富光里,陳時中,1439,data/raw/openfun/tw.gov.cec~txn~candidates-votes/2022/陳時中-village-votes-page-8.json,matched,polling-station-single-village
2022,士林區,富光里,富光里,蔣萬安,1109,data/raw/openfun/tw.gov.cec~txn~candidates-votes/2022/蔣萬安-village-votes-page-8.json,matched,polling-station-single-village
2022,士林區,富洲里,富洲里,陳時中,1666,data/raw/openfun/tw.gov.cec~txn~candidates-votes/2022/陳時中-village-votes-page-8.json,matched,polling-station-single-village
2022,士林區,富洲里,富洲里,蔣萬安,596,data/raw/openfun/tw.gov.cec~txn~candidates-votes/2022/蔣萬安-village-votes-page-8.json,matched,polling-station-single-village
2022,士林區,菁山里,菁山里,陳時中,361,data/raw/openfun/tw.gov.cec~txn~candidates-votes/2022/陳時中-village-votes-page-8.json,matched,polling-station-single-village
2022,士林區,菁山里,菁山里,蔣萬安,348,data/raw/openfun/tw.gov.cec~txn~candidates-votes/2022/蔣萬安-village-votes-page-8.json,matched,polling-station-single-village
2022,士林區,陽明里,陽明里,陳時中,596,data/raw/openfun/tw.gov.cec~txn~candidates-votes/2022/陳時中-village-votes-page-8.json,matched,polling-station-single-village
2022,士林區,陽明里,陽明里,蔣萬安,641,data/raw/openfun/tw.gov.cec~txn~candidates-votes/2022/蔣萬安-village-votes-page-8.json,matched,polling-station-single-village
2022,士林區,新安里,新安里,陳時中,477,data/raw/openfun/tw.gov.cec~txn~candidates-votes/2022/陳時中-village-votes-page-8.json,matched,polling-station-single-village
2022,士林區,新安里,新安里,蔣萬安,394,data/raw/openfun/tw.gov.cec~txn~candidates-votes/2022/蔣萬安-village-votes-page-8.json,matched,polling-station-single-village
2022,士林區,溪山里,溪山里,陳時中,374,data/raw/openfun/tw.gov.cec~txn~candidates-votes/2022/陳時中-village-votes-page-8.json,matched,polling-station-single-village
2022,士林區,溪山里,溪山里,蔣萬安,306,data/raw/openfun/tw.gov.cec~txn~candidates-votes/2022/蔣萬安-village-votes-page-8.json,matched,polling-station-single-village
2022,士林區,義信里,義信里,陳時中,570,data/raw/openfun/tw.gov.cec~txn~candidates-votes/2022/陳時中-village-votes-page-8.json,matched,polling-station-single-village
2022,士林區,義信里,義信里,蔣萬安,717,data/raw/openfun/tw.gov.cec~txn~candidates-votes/2022/蔣萬安-village-votes-page-8.json,matched,polling-station-single-village
2022,士林區,聖山里,聖山里,陳時中,865,data/raw/openfun/tw.gov.cec~txn~candidates-votes/2022/陳時中-village-votes-page-8.json,matched,polling-station-single-village
2022,士林區,聖山里,聖山里,蔣萬安,1302,data/raw/openfun/tw.gov.cec~txn~candidates-votes/2022/蔣萬安-village-votes-page-8.json,matched,polling-station-single-village
2022,士林區,葫東里,葫東里,陳時中,910,data/raw/openfun/tw.gov.cec~txn~candidates-votes/2022/陳時中-village-votes-page-8.json,matched,polling-station-single-village
2022,士林區,葫東里,葫東里,蔣萬安,731,data/raw/openfun/tw.gov.cec~txn~candidates-votes/2022/蔣萬安-village-votes-page-8.json,matched,polling-station-single-village
2022,士林區,葫蘆里,葫蘆里,陳時中,1500,data/raw/openfun/tw.gov.cec~txn~candidates-votes/2022/陳時中-village-votes-page-8.json,matched,polling-station-single-village
2022,士林區,葫蘆里,葫蘆里,蔣萬安,1481,data/raw/openfun/tw.gov.cec~txn~candidates-votes/2022/蔣萬安-village-votes-page-8.json,matched,polling-station-single-village
2022,士林區,福中里,福中里,陳時中,1478,data/raw/openfun/tw.gov.cec~txn~candidates-votes/2022/陳時中-village-votes-page-8.json,matched,polling-station-single-village
2022,士林區,福中里,福中里,蔣萬安,1241,data/raw/openfun/tw.gov.cec~txn~candidates-votes/2022/蔣萬安-village-votes-page-8.json,matched,polling-station-single-village
2022,士林區,福安里,福安里,陳時中,1625,data/raw/openfun/tw.gov.cec~txn~candidates-votes/2022/陳時中-village-votes-page-8.json,matched,polling-station-single-village
2022,士林區,福安里,福安里,蔣萬安,663,data/raw/openfun/tw.gov.cec~txn~candidates-votes/2022/蔣萬安-village-votes-page-8.json,matched,polling-station-single-village
2022,士林區,福志里,福志里,陳時中,1489,data/raw/openfun/tw.gov.cec~txn~candidates-votes/2022/陳時中-village-votes-page-8.json,matched,polling-station-single-village
2022,士林區,福志里,福志里,蔣萬安,1864,data/raw/openfun/tw.gov.cec~txn~candidates-votes/2022/蔣萬安-village-votes-page-8.json,matched,polling-station-single-village
2022,士林區,福佳里,福佳里,陳時中,1591,data/raw/openfun/tw.gov.cec~txn~candidates-votes/2022/陳時中-village-votes-page-8.json,matched,polling-station-single-village
2022,士林區,福佳里,福佳里,蔣萬安,1653,data/raw/openfun/tw.gov.cec~txn~candidates-votes/2022/蔣萬安-village-votes-page-8.json,matched,polling-station-single-village
2022,士林區,福林里,福林里,陳時中,550,data/raw/openfun/tw.gov.cec~txn~candidates-votes/2022/陳時中-village-votes-page-8.json,matched,polling-station-single-village
2022,士林區,福林里,福林里,蔣萬安,638,data/raw/openfun/tw.gov.cec~txn~candidates-votes/2022/蔣萬安-village-votes-page-8.json,matched,polling-station-single-village
2022,士林區,福華里,福華里,陳時中,1245,data/raw/openfun/tw.gov.cec~txn~candidates-votes/2022/陳時中-village-votes-page-8.json,matched,polling-station-single-village
2022,士林區,福華里,福華里,蔣萬安,1233,data/raw/openfun/tw.gov.cec~txn~candidates-votes/2022/蔣萬安-village-votes-page-8.json,matched,polling-station-single-village
2022,士林區,福順里,福順里,陳時中,1256,data/raw/openfun/tw.gov.cec~txn~candidates-votes/2022/陳時中-village-votes-page-8.json,matched,polling-station-single-village
2022,士林區,福順里,福順里,蔣萬安,953,data/raw/openfun/tw.gov.cec~txn~candidates-votes/2022/蔣萬安-village-votes-page-8.json,matched,polling-station-single-village
2022,士林區,福德里,福德里,陳時中,835,data/raw/openfun/tw.gov.cec~txn~candidates-votes/2022/陳時中-village-votes-page-8.json,matched,polling-station-single-village
2022,士林區,福德里,福德里,蔣萬安,1045,data/raw/openfun/tw.gov.cec~txn~candidates-votes/2022/蔣萬安-village-votes-page-8.json,matched,polling-station-single-village
2022,士林區,翠山里,翠山里,陳時中,351,data/raw/openfun/tw.gov.cec~txn~candidates-votes/2022/陳時中-village-votes-page-8.json,matched,polling-station-single-village
2022,士林區,翠山里,翠山里,蔣萬安,858,data/raw/openfun/tw.gov.cec~txn~candidates-votes/2022/蔣萬安-village-votes-page-8.json,matched,polling-station-single-village
2022,士林區,德行里,德行里,陳時中,870,data/raw/openfun/tw.gov.cec~txn~candidates-votes/2022/陳時中-village-votes-page-8.json,matched,polling-station-single-village
2022,士林區,德行里,德行里,蔣萬安,981,data/raw/openfun/tw.gov.cec~txn~candidates-votes/2022/蔣萬安-village-votes-page-8.json,matched,polling-station-single-village
2022,士林區,德華里,德華里,陳時中,1187,data/raw/openfun/tw.gov.cec~txn~candidates-votes/2022/陳時中-village-votes-page-8.json,matched,polling-station-single-village
2022,士林區,德華里,德華里,蔣萬安,1127,data/raw/openfun/tw.gov.cec~txn~candidates-votes/2022/蔣萬安-village-votes-page-8.json,matched,polling-station-single-village
2022,士林區,臨溪里,臨溪里,陳時中,525,data/raw/openfun/tw.gov.cec~txn~candidates-votes/2022/陳時中-village-votes-page-8.json,matched,polling-station-single-village
2022,士林區,臨溪里,臨溪里,蔣萬安,650,data/raw/openfun/tw.gov.cec~txn~candidates-votes/2022/蔣萬安-village-votes-page-8.json,matched,polling-station-single-village
2022,士林區,舊佳里,舊佳里,陳時中,1267,data/raw/openfun/tw.gov.cec~txn~candidates-votes/2022/陳時中-village-votes-page-8.json,matched,polling-station-single-village
2022,士林區,舊佳里,舊佳里,蔣萬安,1301,data/raw/openfun/tw.gov.cec~txn~candidates-votes/2022/蔣萬安-village-votes-page-8.json,matched,polling-station-single-village
2022,士林區,蘭雅里,蘭雅里,陳時中,1639,data/raw/openfun/tw.gov.cec~txn~candidates-votes/2022/陳時中-village-votes-page-8.json,matched,polling-station-single-village
2022,士林區,蘭雅里,蘭雅里,蔣萬安,1919,data/raw/openfun/tw.gov.cec~txn~candidates-votes/2022/蔣萬安-village-votes-page-8.json,matched,polling-station-single-village
2022,士林區,蘭興里,蘭興里,陳時中,1305,data/raw/openfun/tw.gov.cec~txn~candidates-votes/2022/陳時中-village-votes-page-8.json,matched,polling-station-single-village
2022,士林區,蘭興里,蘭興里,蔣萬安,1342,data/raw/openfun/tw.gov.cec~txn~candidates-votes/2022/蔣萬安-village-votes-page-8.json,matched,polling-station-single-village
2022,大同區,大有里,大有里,陳時中,1075,data/raw/openfun/tw.gov.cec~txn~candidates-votes/2022/陳時中-village-votes-page-4.json,matched,polling-station-single-village
2022,大同區,大有里,大有里,蔣萬安,734,data/raw/openfun/tw.gov.cec~txn~candidates-votes/2022/蔣萬安-village-votes-page-4.json,matched,polling-station-single-village
2022,大同區,民權里,民權里,陳時中,1355,data/raw/openfun/tw.gov.cec~txn~candidates-votes/2022/陳時中-village-votes-page-5.json,matched,polling-station-single-village
2022,大同區,民權里,民權里,蔣萬安,1188,data/raw/openfun/tw.gov.cec~txn~candidates-votes/2022/蔣萬安-village-votes-page-5.json,matched,polling-station-single-village
2022,大同區,永樂里,永樂里,陳時中,1191,data/raw/openfun/tw.gov.cec~txn~candidates-votes/2022/陳時中-village-votes-page-4.json,matched,polling-station-single-village
2022,大同區,永樂里,永樂里,蔣萬安,868,data/raw/openfun/tw.gov.cec~txn~candidates-votes/2022/蔣萬安-village-votes-page-4.json,matched,polling-station-single-village
2022,大同區,玉泉里,玉泉里,陳時中,606,data/raw/openfun/tw.gov.cec~txn~candidates-votes/2022/陳時中-village-votes-page-4.json,matched,polling-station-single-village
2022,大同區,玉泉里,玉泉里,蔣萬安,537,data/raw/openfun/tw.gov.cec~txn~candidates-votes/2022/蔣萬安-village-votes-page-4.json,matched,polling-station-single-village
2022,大同區,光能里,光能里,陳時中,1050,data/raw/openfun/tw.gov.cec~txn~candidates-votes/2022/陳時中-village-votes-page-4.json,matched,polling-station-single-village
2022,大同區,光能里,光能里,蔣萬安,883,data/raw/openfun/tw.gov.cec~txn~candidates-votes/2022/蔣萬安-village-votes-page-4.json,matched,polling-station-single-village
2022,大同區,老師里,老師里,陳時中,1308,data/raw/openfun/tw.gov.cec~txn~candidates-votes/2022/陳時中-village-votes-page-5.json,matched,polling-station-single-village
2022,大同區,老師里,老師里,蔣萬安,937,data/raw/openfun/tw.gov.cec~txn~candidates-votes/2022/蔣萬安-village-votes-page-5.json,matched,polling-station-single-village
2022,大同區,至聖里,至聖里,陳時中,1758,data/raw/openfun/tw.gov.cec~txn~candidates-votes/2022/陳時中-village-votes-page-5.json,matched,polling-station-single-village
2022,大同區,至聖里,至聖里,蔣萬安,1472,data/raw/openfun/tw.gov.cec~txn~candidates-votes/2022/蔣萬安-village-votes-page-5.json,matched,polling-station-single-village
2022,大同區,延平里,延平里,陳時中,824,data/raw/openfun/tw.gov.cec~txn~candidates-votes/2022/陳時中-village-votes-page-4.json,matched,polling-station-single-village
2022,大同區,延平里,延平里,蔣萬安,776,data/raw/openfun/tw.gov.cec~txn~candidates-votes/2022/蔣萬安-village-votes-page-4.json,matched,polling-station-single-village
2022,大同區,保安里,保安里,陳時中,1059,data/raw/openfun/tw.gov.cec~txn~candidates-votes/2022/陳時中-village-votes-page-5.json,matched,polling-station-single-village
2022,大同區,保安里,保安里,蔣萬安,787,data/raw/openfun/tw.gov.cec~txn~candidates-votes/2022/蔣萬安-village-votes-page-5.json,matched,polling-station-single-village
2022,大同區,南芳里,南芳里,陳時中,898,data/raw/openfun/tw.gov.cec~txn~candidates-votes/2022/陳時中-village-votes-page-4.json;data/raw/openfun/tw.gov.cec~txn~candidates-votes/2022/陳時中-village-votes-page-5.json,matched,polling-station-single-village
2022,大同區,南芳里,南芳里,蔣萬安,724,data/raw/openfun/tw.gov.cec~txn~candidates-votes/2022/蔣萬安-village-votes-page-4.json;data/raw/openfun/tw.gov.cec~txn~candidates-votes/2022/蔣萬安-village-votes-page-5.json,matched,polling-station-single-village
2022,大同區,建功里,建功里,陳時中,999,data/raw/openfun/tw.gov.cec~txn~candidates-votes/2022/陳時中-village-votes-page-4.json,matched,polling-station-single-village
2022,大同區,建功里,建功里,蔣萬安,838,data/raw/openfun/tw.gov.cec~txn~candidates-votes/2022/蔣萬安-village-votes-page-4.json,matched,polling-station-single-village
2022,大同區,建明里,建明里,陳時中,650,data/raw/openfun/tw.gov.cec~txn~candidates-votes/2022/陳時中-village-votes-page-4.json,matched,polling-station-single-village
2022,大同區,建明里,建明里,蔣萬安,568,data/raw/openfun/tw.gov.cec~txn~candidates-votes/2022/蔣萬安-village-votes-page-4.json,matched,polling-station-single-village
2022,大同區,建泰里,建泰里,陳時中,804,data/raw/openfun/tw.gov.cec~txn~candidates-votes/2022/陳時中-village-votes-page-4.json,matched,polling-station-single-village
2022,大同區,建泰里,建泰里,蔣萬安,579,data/raw/openfun/tw.gov.cec~txn~candidates-votes/2022/蔣萬安-village-votes-page-4.json,matched,polling-station-single-village
2022,大同區,星明里,星明里,陳時中,1136,data/raw/openfun/tw.gov.cec~txn~candidates-votes/2022/陳時中-village-votes-page-4.json,matched,polling-station-single-village
2022,大同區,星明里,星明里,蔣萬安,1092,data/raw/openfun/tw.gov.cec~txn~candidates-votes/2022/蔣萬安-village-votes-page-4.json,matched,polling-station-single-village
2022,大同區,重慶里,重慶里,陳時中,1352,data/raw/openfun/tw.gov.cec~txn~candidates-votes/2022/陳時中-village-votes-page-5.json,matched,polling-station-single-village
2022,大同區,重慶里,重慶里,蔣萬安,1348,data/raw/openfun/tw.gov.cec~txn~candidates-votes/2022/蔣萬安-village-votes-page-5.json,matched,polling-station-single-village
2022,大同區,國順里,國順里,陳時中,682,data/raw/openfun/tw.gov.cec~txn~candidates-votes/2022/陳時中-village-votes-page-5.json,matched,polling-station-single-village
2022,大同區,國順里,國順里,蔣萬安,471,data/raw/openfun/tw.gov.cec~txn~candidates-votes/2022/蔣萬安-village-votes-page-5.json,matched,polling-station-single-village
2022,大同區,國慶里,國慶里,陳時中,1041,data/raw/openfun/tw.gov.cec~txn~candidates-votes/2022/陳時中-village-votes-page-5.json,matched,polling-station-single-village
2022,大同區,國慶里,國慶里,蔣萬安,872,data/raw/openfun/tw.gov.cec~txn~candidates-votes/2022/蔣萬安-village-votes-page-5.json,matched,polling-station-single-village
2022,大同區,揚雅里,揚雅里,陳時中,861,data/raw/openfun/tw.gov.cec~txn~candidates-votes/2022/陳時中-village-votes-page-5.json,matched,polling-station-single-village
2022,大同區,揚雅里,揚雅里,蔣萬安,649,data/raw/openfun/tw.gov.cec~txn~candidates-votes/2022/蔣萬安-village-votes-page-5.json,matched,polling-station-single-village
2022,大同區,斯文里,斯文里,陳時中,1134,data/raw/openfun/tw.gov.cec~txn~candidates-votes/2022/陳時中-village-votes-page-5.json,matched,polling-station-single-village
2022,大同區,斯文里,斯文里,蔣萬安,841,data/raw/openfun/tw.gov.cec~txn~candidates-votes/2022/蔣萬安-village-votes-page-5.json,matched,polling-station-single-village
2022,大同區,景星里,景星里,陳時中,578,data/raw/openfun/tw.gov.cec~txn~candidates-votes/2022/陳時中-village-votes-page-5.json,matched,polling-station-single-village
2022,大同區,景星里,景星里,蔣萬安,468,data/raw/openfun/tw.gov.cec~txn~candidates-votes/2022/蔣萬安-village-votes-page-5.json,matched,polling-station-single-village
2022,大同區,朝陽里,朝陽里,陳時中,912,data/raw/openfun/tw.gov.cec~txn~candidates-votes/2022/陳時中-village-votes-page-4.json,matched,polling-station-single-village
2022,大同區,朝陽里,朝陽里,蔣萬安,804,data/raw/openfun/tw.gov.cec~txn~candidates-votes/2022/蔣萬安-village-votes-page-4.json,matched,polling-station-single-village
2022,大同區,隆和里,隆和里,陳時中,792,data/raw/openfun/tw.gov.cec~txn~candidates-votes/2022/陳時中-village-votes-page-5.json,matched,polling-station-single-village
2022,大同區,隆和里,隆和里,蔣萬安,601,data/raw/openfun/tw.gov.cec~txn~candidates-votes/2022/蔣萬安-village-votes-page-5.json,matched,polling-station-single-village
2022,大同區,蓬萊里,蓬萊里,陳時中,1028,data/raw/openfun/tw.gov.cec~txn~candidates-votes/2022/陳時中-village-votes-page-5.json,matched,polling-station-single-village
2022,大同區,蓬萊里,蓬萊里,蔣萬安,928,data/raw/openfun/tw.gov.cec~txn~candidates-votes/2022/蔣萬安-village-votes-page-5.json,matched,polling-station-single-village
2022,大同區,鄰江里,鄰江里,陳時中,1509,data/raw/openfun/tw.gov.cec~txn~candidates-votes/2022/陳時中-village-votes-page-5.json,matched,polling-station-single-village
2022,大同區,鄰江里,鄰江里,蔣萬安,1138,data/raw/openfun/tw.gov.cec~txn~candidates-votes/2022/蔣萬安-village-votes-page-5.json,matched,polling-station-single-village
2022,大同區,雙連里,雙連里,陳時中,1928,data/raw/openfun/tw.gov.cec~txn~candidates-votes/2022/陳時中-village-votes-page-4.json,matched,polling-station-single-village
2022,大同區,雙連里,雙連里,蔣萬安,1597,data/raw/openfun/tw.gov.cec~txn~candidates-votes/2022/蔣萬安-village-votes-page-4.json,matched,polling-station-single-village
2022,大安區,大學里,大學里,陳時中,1412,data/raw/openfun/tw.gov.cec~txn~candidates-votes/2022/陳時中-village-votes-page-3.json,matched,polling-station-single-village
2022,大安區,大學里,大學里,蔣萬安,1986,data/raw/openfun/tw.gov.cec~txn~candidates-votes/2022/蔣萬安-village-votes-page-3.json,matched,polling-station-single-village
2022,大安區,仁愛里,仁愛里,陳時中,806,data/raw/openfun/tw.gov.cec~txn~candidates-votes/2022/陳時中-village-votes-page-2.json,matched,polling-station-single-village
2022,大安區,仁愛里,仁愛里,蔣萬安,1155,data/raw/openfun/tw.gov.cec~txn~candidates-votes/2022/蔣萬安-village-votes-page-2.json,matched,polling-station-single-village
2022,大安區,仁慈里,仁慈里,陳時中,938,data/raw/openfun/tw.gov.cec~txn~candidates-votes/2022/陳時中-village-votes-page-2.json,matched,polling-station-single-village
2022,大安區,仁慈里,仁慈里,蔣萬安,1109,data/raw/openfun/tw.gov.cec~txn~candidates-votes/2022/蔣萬安-village-votes-page-2.json,matched,polling-station-single-village
2022,大安區,古風里,古風里,陳時中,723,data/raw/openfun/tw.gov.cec~txn~candidates-votes/2022/陳時中-village-votes-page-2.json,matched,polling-station-single-village
2022,大安區,古風里,古風里,蔣萬安,1010,data/raw/openfun/tw.gov.cec~txn~candidates-votes/2022/蔣萬安-village-votes-page-2.json,matched,polling-station-single-village
2022,大安區,古莊里,古莊里,陳時中,1177,data/raw/openfun/tw.gov.cec~txn~candidates-votes/2022/陳時中-village-votes-page-2.json,matched,polling-station-single-village
2022,大安區,古莊里,古莊里,蔣萬安,1667,data/raw/openfun/tw.gov.cec~txn~candidates-votes/2022/蔣萬安-village-votes-page-2.json,matched,polling-station-single-village
2022,大安區,正聲里,正聲里,陳時中,691,data/raw/openfun/tw.gov.cec~txn~candidates-votes/2022/陳時中-village-votes-page-3.json,matched,polling-station-single-village
2022,大安區,正聲里,正聲里,蔣萬安,1092,data/raw/openfun/tw.gov.cec~txn~candidates-votes/2022/蔣萬安-village-votes-page-3.json,matched,polling-station-single-village
2022,大安區,民炤里,民炤里,陳時中,1405,data/raw/openfun/tw.gov.cec~txn~candidates-votes/2022/陳時中-village-votes-page-2.json,matched,polling-station-single-village
2022,大安區,民炤里,民炤里,蔣萬安,1725,data/raw/openfun/tw.gov.cec~txn~candidates-votes/2022/蔣萬安-village-votes-page-2.json,matched,polling-station-single-village
2022,大安區,民輝里,民輝里,陳時中,1148,data/raw/openfun/tw.gov.cec~txn~candidates-votes/2022/陳時中-village-votes-page-2.json,matched,polling-station-single-village
2022,大安區,民輝里,民輝里,蔣萬安,1490,data/raw/openfun/tw.gov.cec~txn~candidates-votes/2022/蔣萬安-village-votes-page-2.json,matched,polling-station-single-village
2022,大安區,永康里,永康里,陳時中,537,data/raw/openfun/tw.gov.cec~txn~candidates-votes/2022/陳時中-village-votes-page-2.json,matched,polling-station-single-village
2022,大安區,永康里,永康里,蔣萬安,873,data/raw/openfun/tw.gov.cec~txn~candidates-votes/2022/蔣萬安-village-votes-page-2.json,matched,polling-station-single-village
2022,大安區,光明里,光明里,陳時中,551,data/raw/openfun/tw.gov.cec~txn~candidates-votes/2022/陳時中-village-votes-page-2.json,matched,polling-station-single-village
2022,大安區,光明里,光明里,蔣萬安,826,data/raw/openfun/tw.gov.cec~txn~candidates-votes/2022/蔣萬安-village-votes-page-2.json,matched,polling-station-single-village
2022,大安區,光武里,光武里,陳時中,1194,data/raw/openfun/tw.gov.cec~txn~candidates-votes/2022/陳時中-village-votes-page-2.json,matched,polling-station-single-village
2022,大安區,光武里,光武里,蔣萬安,1672,data/raw/openfun/tw.gov.cec~txn~candidates-votes/2022/蔣萬安-village-votes-page-2.json,matched,polling-station-single-village
2022,大安區,光信里,光信里,陳時中,1197,data/raw/openfun/tw.gov.cec~txn~candidates-votes/2022/陳時中-village-votes-page-3.json,matched,polling-station-single-village
2022,大安區,光信里,光信里,蔣萬安,1813,data/raw/openfun/tw.gov.cec~txn~candidates-votes/2022/蔣萬安-village-votes-page-3.json,matched,polling-station-single-village
2022,大安區,全安里,全安里,陳時中,614,data/raw/openfun/tw.gov.cec~txn~candidates-votes/2022/陳時中-village-votes-page-3.json,matched,polling-station-single-village
2022,大安區,全安里,全安里,蔣萬安,1148,data/raw/openfun/tw.gov.cec~txn~candidates-votes/2022/蔣萬安-village-votes-page-3.json,matched,polling-station-single-village
2022,大安區,住安里,住安里,陳時中,708,data/raw/openfun/tw.gov.cec~txn~candidates-votes/2022/陳時中-village-votes-page-2.json,matched,polling-station-single-village
2022,大安區,住安里,住安里,蔣萬安,1181,data/raw/openfun/tw.gov.cec~txn~candidates-votes/2022/蔣萬安-village-votes-page-2.json,matched,polling-station-single-village
2022,大安區,車層里,車層里,陳時中,1078,data/raw/openfun/tw.gov.cec~txn~candidates-votes/2022/陳時中-village-votes-page-3.json,matched,polling-station-single-village
2022,大安區,車層里,車層里,蔣萬安,1409,data/raw/openfun/tw.gov.cec~txn~candidates-votes/2022/蔣萬安-village-votes-page-3.json,matched,polling-station-single-village
2022,大安區,和安里,和安里,陳時中,984,data/raw/openfun/tw.gov.cec~txn~candidates-votes/2022/陳時中-village-votes-page-2.json,matched,polling-station-single-village
2022,大安區,和安里,和安里,蔣萬安,1602,data/raw/openfun/tw.gov.cec~txn~candidates-votes/2022/蔣萬安-village-votes-page-2.json,matched,polling-station-single-village
2022,大安區,昌隆里,昌隆里,陳時中,624,data/raw/openfun/tw.gov.cec~txn~candidates-votes/2022/陳時中-village-votes-page-2.json,matched,polling-station-single-village
2022,大安區,昌隆里,昌隆里,蔣萬安,691,data/raw/openfun/tw.gov.cec~txn~candidates-votes/2022/蔣萬安-village-votes-page-2.json,matched,polling-station-single-village
2022,大安區,法治里,法治里,陳時中,608,data/raw/openfun/tw.gov.cec~txn~candidates-votes/2022/陳時中-village-votes-page-3.json,matched,polling-station-single-village
2022,大安區,法治里,法治里,蔣萬安,1233,data/raw/openfun/tw.gov.cec~txn~candidates-votes/2022/蔣萬安-village-votes-page-3.json,matched,polling-station-single-village
2022,大安區,臥龍里,臥龍里,陳時中,275,data/raw/openfun/tw.gov.cec~txn~candidates-votes/2022/陳時中-village-votes-page-3.json,matched,polling-station-single-village
2022,大安區,臥龍里,臥龍里,蔣萬安,519,data/raw/openfun/tw.gov.cec~txn~candidates-votes/2022/蔣萬安-village-votes-page-3.json,matched,polling-station-single-village
2022,大安區,芳和里,芳和里,陳時中,879,data/raw/openfun/tw.gov.cec~txn~candidates-votes/2022/陳時中-village-votes-page-3.json,matched,polling-station-single-village
2022,大安區,芳和里,芳和里,蔣萬安,1451,data/raw/openfun/tw.gov.cec~txn~candidates-votes/2022/蔣萬安-village-votes-page-3.json,matched,polling-station-single-village
2022,大安區,虎嘯里,虎嘯里,陳時中,604,data/raw/openfun/tw.gov.cec~txn~candidates-votes/2022/陳時中-village-votes-page-3.json,matched,polling-station-single-village
2022,大安區,虎嘯里,虎嘯里,蔣萬安,911,data/raw/openfun/tw.gov.cec~txn~candidates-votes/2022/蔣萬安-village-votes-page-3.json,matched,polling-station-single-village
2022,大安區,建安里,建安里,陳時中,745,data/raw/openfun/tw.gov.cec~txn~candidates-votes/2022/陳時中-village-votes-page-3.json,matched,polling-station-single-village
2022,大安區,建安里,建安里,蔣萬安,1128,data/raw/openfun/tw.gov.cec~txn~candidates-votes/2022/蔣萬安-village-votes-page-3.json,matched,polling-station-single-village
2022,大安區,建倫里,建倫里,陳時中,917,data/raw/openfun/tw.gov.cec~txn~candidates-votes/2022/陳時中-village-votes-page-3.json,matched,polling-station-single-village
2022,大安區,建倫里,建倫里,蔣萬安,1421,data/raw/openfun/tw.gov.cec~txn~candidates-votes/2022/蔣萬安-village-votes-page-3.json,matched,polling-station-single-village
2022,大安區,通化里,通化里,陳時中,1129,data/raw/openfun/tw.gov.cec~txn~candidates-votes/2022/陳時中-village-votes-page-3.json,matched,polling-station-single-village
2022,大安區,通化里,通化里,蔣萬安,1357,data/raw/openfun/tw.gov.cec~txn~candidates-votes/2022/蔣萬安-village-votes-page-3.json,matched,polling-station-single-village
2022,大安區,通安里,通安里,陳時中,930,data/raw/openfun/tw.gov.cec~txn~candidates-votes/2022/陳時中-village-votes-page-3.json,matched,polling-station-single-village
2022,大安區,通安里,通安里,蔣萬安,1365,data/raw/openfun/tw.gov.cec~txn~candidates-votes/2022/蔣萬安-village-votes-page-3.json,matched,polling-station-single-village
2022,大安區,敦安里,敦安里,陳時中,988,data/raw/openfun/tw.gov.cec~txn~candidates-votes/2022/陳時中-village-votes-page-3.json,matched,polling-station-single-village
2022,大安區,敦安里,敦安里,蔣萬安,1339,data/raw/openfun/tw.gov.cec~txn~candidates-votes/2022/蔣萬安-village-votes-page-3.json,matched,polling-station-single-village
2022,大安區,敦煌里,敦煌里,陳時中,950,data/raw/openfun/tw.gov.cec~txn~candidates-votes/2022/陳時中-village-votes-page-3.json,matched,polling-station-single-village
2022,大安區,敦煌里,敦煌里,蔣萬安,1333,data/raw/openfun/tw.gov.cec~txn~candidates-votes/2022/蔣萬安-village-votes-page-3.json,matched,polling-station-single-village
2022,大安區,華聲里,華聲里,陳時中,626,data/raw/openfun/tw.gov.cec~txn~candidates-votes/2022/陳時中-village-votes-page-3.json,matched,polling-station-single-village
2022,大安區,華聲里,華聲里,蔣萬安,916,data/raw/openfun/tw.gov.cec~txn~candidates-votes/2022/蔣萬安-village-votes-page-3.json,matched,polling-station-single-village
2022,大安區,新龍里,新龍里,陳時中,769,data/raw/openfun/tw.gov.cec~txn~candidates-votes/2022/陳時中-village-votes-page-2.json,matched,polling-station-single-village
2022,大安區,新龍里,新龍里,蔣萬安,1931,data/raw/openfun/tw.gov.cec~txn~candidates-votes/2022/蔣萬安-village-votes-page-2.json,matched,polling-station-single-village
2022,大安區,群英里,群英里,陳時中,672,data/raw/openfun/tw.gov.cec~txn~candidates-votes/2022/陳時中-village-votes-page-3.json,matched,polling-station-single-village
2022,大安區,群英里,群英里,蔣萬安,2307,data/raw/openfun/tw.gov.cec~txn~candidates-votes/2022/蔣萬安-village-votes-page-3.json,matched,polling-station-single-village
2022,大安區,群賢里,群賢里,陳時中,799,data/raw/openfun/tw.gov.cec~txn~candidates-votes/2022/陳時中-village-votes-page-3.json,matched,polling-station-single-village
2022,大安區,群賢里,群賢里,蔣萬安,1507,data/raw/openfun/tw.gov.cec~txn~candidates-votes/2022/蔣萬安-village-votes-page-3.json,matched,polling-station-single-village
2022,大安區,義安里,義安里,陳時中,771,data/raw/openfun/tw.gov.cec~txn~candidates-votes/2022/陳時中-village-votes-page-2.json;data/raw/openfun/tw.gov.cec~txn~candidates-votes/2022/陳時中-village-votes-page-3.json,matched,polling-station-single-village
2022,大安區,義安里,義安里,蔣萬安,1350,data/raw/openfun/tw.gov.cec~txn~candidates-votes/2022/蔣萬安-village-votes-page-2.json;data/raw/openfun/tw.gov.cec~txn~candidates-votes/2022/蔣萬安-village-votes-page-3.json,matched,polling-station-single-village
2022,大安區,義村里,義村里,陳時中,695,data/raw/openfun/tw.gov.cec~txn~candidates-votes/2022/陳時中-village-votes-page-2.json,matched,polling-station-single-village
2022,大安區,義村里,義村里,蔣萬安,1639,data/raw/openfun/tw.gov.cec~txn~candidates-votes/2022/蔣萬安-village-votes-page-2.json,matched,polling-station-single-village
2022,大安區,誠安里,誠安里,陳時中,721,data/raw/openfun/tw.gov.cec~txn~candidates-votes/2022/陳時中-village-votes-page-2.json,matched,polling-station-single-village
2022,大安區,誠安里,誠安里,蔣萬安,919,data/raw/openfun/tw.gov.cec~txn~candidates-votes/2022/蔣萬安-village-votes-page-2.json,matched,polling-station-single-village
2022,大安區,福住里,福住里,陳時中,943,data/raw/openfun/tw.gov.cec~txn~candidates-votes/2022/陳時中-village-votes-page-2.json,matched,polling-station-single-village
2022,大安區,福住里,福住里,蔣萬安,1257,data/raw/openfun/tw.gov.cec~txn~candidates-votes/2022/蔣萬安-village-votes-page-2.json,matched,polling-station-single-village
2022,大安區,德安里,德安里,陳時中,809,data/raw/openfun/tw.gov.cec~txn~candidates-votes/2022/陳時中-village-votes-page-2.json,matched,polling-station-single-village
2022,大安區,德安里,德安里,蔣萬安,1373,data/raw/openfun/tw.gov.cec~txn~candidates-votes/2022/蔣萬安-village-votes-page-2.json,matched,polling-station-single-village
2022,大安區,黎元里,黎元里,陳時中,902,data/raw/openfun/tw.gov.cec~txn~candidates-votes/2022/陳時中-village-votes-page-3.json,matched,polling-station-single-village
2022,大安區,黎元里,黎元里,蔣萬安,1324,data/raw/openfun/tw.gov.cec~txn~candidates-votes/2022/蔣萬安-village-votes-page-3.json,matched,polling-station-single-village
2022,大安區,黎孝里,黎孝里,陳時中,1223,data/raw/openfun/tw.gov.cec~txn~candidates-votes/2022/陳時中-village-votes-page-3.json,matched,polling-station-single-village
2022,大安區,黎孝里,黎孝里,蔣萬安,1931,data/raw/openfun/tw.gov.cec~txn~candidates-votes/2022/蔣萬安-village-votes-page-3.json,matched,polling-station-single-village
2022,大安區,黎和里,黎和里,陳時中,660,data/raw/openfun/tw.gov.cec~txn~candidates-votes/2022/陳時中-village-votes-page-3.json,matched,polling-station-single-village
2022,大安區,黎和里,黎和里,蔣萬安,1257,data/raw/openfun/tw.gov.cec~txn~candidates-votes/2022/蔣萬安-village-votes-page-3.json,matched,polling-station-single-village
2022,大安區,學府里,學府里,陳時中,348,data/raw/openfun/tw.gov.cec~txn~candidates-votes/2022/陳時中-village-votes-page-3.json,matched,polling-station-single-village
2022,大安區,學府里,學府里,蔣萬安,669,data/raw/openfun/tw.gov.cec~txn~candidates-votes/2022/蔣萬安-village-votes-page-3.json,matched,polling-station-single-village
2022,大安區,錦安里,錦安里,陳時中,927,data/raw/openfun/tw.gov.cec~txn~candidates-votes/2022/陳時中-village-votes-page-2.json,matched,polling-station-single-village
2022,大安區,錦安里,錦安里,蔣萬安,1284,data/raw/openfun/tw.gov.cec~txn~candidates-votes/2022/蔣萬安-village-votes-page-2.json,matched,polling-station-single-village
2022,大安區,錦泰里,錦泰里,陳時中,555,data/raw/openfun/tw.gov.cec~txn~candidates-votes/2022/陳時中-village-votes-page-2.json,matched,polling-station-single-village
2022,大安區,錦泰里,錦泰里,蔣萬安,882,data/raw/openfun/tw.gov.cec~txn~candidates-votes/2022/蔣萬安-village-votes-page-2.json,matched,polling-station-single-village
2022,大安區,錦華里,錦華里,陳時中,847,data/raw/openfun/tw.gov.cec~txn~candidates-votes/2022/陳時中-village-votes-page-2.json,matched,polling-station-single-village
2022,大安區,錦華里,錦華里,蔣萬安,1319,data/raw/openfun/tw.gov.cec~txn~candidates-votes/2022/蔣萬安-village-votes-page-2.json,matched,polling-station-single-village
2022,大安區,龍生里,龍生里,陳時中,963,data/raw/openfun/tw.gov.cec~txn~candidates-votes/2022/陳時中-village-votes-page-2.json,matched,polling-station-single-village
2022,大安區,龍生里,龍生里,蔣萬安,1626,data/raw/openfun/tw.gov.cec~txn~candidates-votes/2022/蔣萬安-village-votes-page-2.json,matched,polling-station-single-village
2022,大安區,龍安里,龍安里,陳時中,1056,data/raw/openfun/tw.gov.cec~txn~candidates-votes/2022/陳時中-village-votes-page-2.json,matched,polling-station-single-village
2022,大安區,龍安里,龍安里,蔣萬安,1346,data/raw/openfun/tw.gov.cec~txn~candidates-votes/2022/蔣萬安-village-votes-page-2.json,matched,polling-station-single-village
2022,大安區,龍坡里,龍坡里,陳時中,902,data/raw/openfun/tw.gov.cec~txn~candidates-votes/2022/陳時中-village-votes-page-2.json,matched,polling-station-single-village
2022,大安區,龍坡里,龍坡里,蔣萬安,1275,data/raw/openfun/tw.gov.cec~txn~candidates-votes/2022/蔣萬安-village-votes-page-2.json,matched,polling-station-single-village
2022,大安區,龍門里,龍門里,陳時中,738,data/raw/openfun/tw.gov.cec~txn~candidates-votes/2022/陳時中-village-votes-page-3.json,matched,polling-station-single-village
2022,大安區,龍門里,龍門里,蔣萬安,924,data/raw/openfun/tw.gov.cec~txn~candidates-votes/2022/蔣萬安-village-votes-page-3.json,matched,polling-station-single-village
2022,大安區,龍泉里,龍泉里,陳時中,787,data/raw/openfun/tw.gov.cec~txn~candidates-votes/2022/陳時中-village-votes-page-2.json,matched,polling-station-single-village
2022,大安區,龍泉里,龍泉里,蔣萬安,1017,data/raw/openfun/tw.gov.cec~txn~candidates-votes/2022/蔣萬安-village-votes-page-2.json,matched,polling-station-single-village
2022,大安區,龍陣里,龍陣里,陳時中,608,data/raw/openfun/tw.gov.cec~txn~candidates-votes/2022/陳時中-village-votes-page-2.json,matched,polling-station-single-village
2022,大安區,龍陣里,龍陣里,蔣萬安,882,data/raw/openfun/tw.gov.cec~txn~candidates-votes/2022/蔣萬安-village-votes-page-2.json,matched,polling-station-single-village
2022,大安區,龍淵里,龍淵里,陳時中,1397,data/raw/openfun/tw.gov.cec~txn~candidates-votes/2022/陳時中-village-votes-page-3.json,matched,polling-station-single-village
2022,大安區,龍淵里,龍淵里,蔣萬安,2008,data/raw/openfun/tw.gov.cec~txn~candidates-votes/2022/蔣萬安-village-votes-page-3.json,matched,polling-station-single-village
2022,大安區,龍雲里,龍雲里,陳時中,773,data/raw/openfun/tw.gov.cec~txn~candidates-votes/2022/陳時中-village-votes-page-2.json,matched,polling-station-single-village
2022,大安區,龍雲里,龍雲里,蔣萬安,1134,data/raw/openfun/tw.gov.cec~txn~candidates-votes/2022/蔣萬安-village-votes-page-2.json,matched,polling-station-single-village
2022,大安區,龍圖里,龍圖里,陳時中,998,data/raw/openfun/tw.gov.cec~txn~candidates-votes/2022/陳時中-village-votes-page-2.json,matched,polling-station-single-village
2022,大安區,龍圖里,龍圖里,蔣萬安,1686,data/raw/openfun/tw.gov.cec~txn~candidates-votes/2022/蔣萬安-village-votes-page-2.json,matched,polling-station-single-village
2022,大安區,臨江里,臨江里,陳時中,691,data/raw/openfun/tw.gov.cec~txn~candidates-votes/2022/陳時中-village-votes-page-3.json,matched,polling-station-single-village
2022,大安區,臨江里,臨江里,蔣萬安,997,data/raw/openfun/tw.gov.cec~txn~candidates-votes/2022/蔣萬安-village-votes-page-3.json,matched,polling-station-single-village
2022,中山區,力行里,力行里,陳時中,1243,data/raw/openfun/tw.gov.cec~txn~candidates-votes/2022/陳時中-village-votes-page-4.json,matched,polling-station-single-village
2022,中山區,力行里,力行里,蔣萬安,1315,data/raw/openfun/tw.gov.cec~txn~candidates-votes/2022/蔣萬安-village-votes-page-4.json,matched,polling-station-single-village
2022,中山區,下埤里,下埤里,陳時中,1502,data/raw/openfun/tw.gov.cec~txn~candidates-votes/2022/陳時中-village-votes-page-3.json,matched,polling-station-single-village
2022,中山區,下埤里,下埤里,蔣萬安,1689,data/raw/openfun/tw.gov.cec~txn~candidates-votes/2022/蔣萬安-village-votes-page-3.json,matched,polling-station-single-village
2022,中山區,大佳里,大佳里,陳時中,253,data/raw/openfun/tw.gov.cec~txn~candidates-votes/2022/陳時中-village-votes-page-3.json,matched,polling-station-single-village
2022,中山區,大佳里,大佳里,蔣萬安,187,data/raw/openfun/tw.gov.cec~txn~candidates-votes/2022/蔣萬安-village-votes-page-3.json,matched,polling-station-single-village
2022,中山區,大直里,大直里,陳時中,1453,data/raw/openfun/tw.gov.cec~txn~candidates-votes/2022/陳時中-village-votes-page-3.json,matched,polling-station-single-village
2022,中山區,大直里,大直里,蔣萬安,2273,data/raw/openfun/tw.gov.cec~txn~candidates-votes/2022/蔣萬安-village-votes-page-3.json,matched,polling-station-single-village
2022,中山區,中山里,中山里,陳時中,1200,data/raw/openfun/tw.gov.cec~txn~candidates-votes/2022/陳時中-village-votes-page-3.json,matched,polling-station-single-village
2022,中山區,中山里,中山里,蔣萬安,1505,data/raw/openfun/tw.gov.cec~txn~candidates-votes/2022/蔣萬安-village-votes-page-3.json,matched,polling-station-single-village
2022,中山區,中央里,中央里,陳時中,708,data/raw/openfun/tw.gov.cec~txn~candidates-votes/2022/陳時中-village-votes-page-4.json,matched,polling-station-single-village
2022,中山區,中央里,中央里,蔣萬安,817,data/raw/openfun/tw.gov.cec~txn~candidates-votes/2022/蔣萬安-village-votes-page-4.json,matched,polling-station-single-village
2022,中山區,中吉里,中吉里,陳時中,1183,data/raw/openfun/tw.gov.cec~txn~candidates-votes/2022/陳時中-village-votes-page-3.json;data/raw/openfun/tw.gov.cec~txn~candidates-votes/2022/陳時中-village-votes-page-4.json,matched,polling-station-single-village
2022,中山區,中吉里,中吉里,蔣萬安,1086,data/raw/openfun/tw.gov.cec~txn~candidates-votes/2022/蔣萬安-village-votes-page-3.json;data/raw/openfun/tw.gov.cec~txn~candidates-votes/2022/蔣萬安-village-votes-page-4.json,matched,polling-station-single-village
2022,中山區,中庄里,中庄里,陳時中,1063,data/raw/openfun/tw.gov.cec~txn~candidates-votes/2022/陳時中-village-votes-page-3.json,matched,polling-station-single-village
2022,中山區,中庄里,中庄里,蔣萬安,1017,data/raw/openfun/tw.gov.cec~txn~candidates-votes/2022/蔣萬安-village-votes-page-3.json,matched,polling-station-single-village
2022,中山區,中原里,中原里,陳時中,1099,data/raw/openfun/tw.gov.cec~txn~candidates-votes/2022/陳時中-village-votes-page-4.json,matched,polling-station-single-village
2022,中山區,中原里,中原里,蔣萬安,1112,data/raw/openfun/tw.gov.cec~txn~candidates-votes/2022/蔣萬安-village-votes-page-4.json,matched,polling-station-single-village
2022,中山區,北安里,北安里,陳時中,390,data/raw/openfun/tw.gov.cec~txn~candidates-votes/2022/陳時中-village-votes-page-4.json,matched,polling-station-single-village
2022,中山區,北安里,北安里,蔣萬安,728,data/raw/openfun/tw.gov.cec~txn~candidates-votes/2022/蔣萬安-village-votes-page-4.json,matched,polling-station-single-village
2022,中山區,正守里,正守里,陳時中,624,data/raw/openfun/tw.gov.cec~txn~candidates-votes/2022/陳時中-village-votes-page-3.json,matched,polling-station-single-village
2022,中山區,正守里,正守里,蔣萬安,762,data/raw/openfun/tw.gov.cec~txn~candidates-votes/2022/蔣萬安-village-votes-page-3.json,matched,polling-station-single-village
2022,中山區,正得里,正得里,陳時中,636,data/raw/openfun/tw.gov.cec~txn~candidates-votes/2022/陳時中-village-votes-page-3.json,matched,polling-station-single-village
2022,中山區,正得里,正得里,蔣萬安,825,data/raw/openfun/tw.gov.cec~txn~candidates-votes/2022/蔣萬安-village-votes-page-3.json,matched,polling-station-single-village
2022,中山區,正義里,正義里,陳時中,858,data/raw/openfun/tw.gov.cec~txn~candidates-votes/2022/陳時中-village-votes-page-3.json,matched,polling-station-single-village
2022,中山區,正義里,正義里,蔣萬安,1203,data/raw/openfun/tw.gov.cec~txn~candidates-votes/2022/蔣萬安-village-votes-page-3.json,matched,polling-station-single-village
2022,中山區,民安里,民安里,陳時中,949,data/raw/openfun/tw.gov.cec~txn~candidates-votes/2022/陳時中-village-votes-page-3.json,matched,polling-station-single-village
2022,中山區,民安里,民安里,蔣萬安,950,data/raw/openfun/tw.gov.cec~txn~candidates-votes/2022/蔣萬安-village-votes-page-3.json,matched,polling-station-single-village
2022,中山區,永安里,永安里,陳時中,1569,data/raw/openfun/tw.gov.cec~txn~candidates-votes/2022/陳時中-village-votes-page-3.json,matched,polling-station-single-village
2022,中山區,永安里,永安里,蔣萬安,2222,data/raw/openfun/tw.gov.cec~txn~candidates-votes/2022/蔣萬安-village-votes-page-3.json,matched,polling-station-single-village
2022,中山區,成功里,成功里,陳時中,1114,data/raw/openfun/tw.gov.cec~txn~candidates-votes/2022/陳時中-village-votes-page-3.json,matched,polling-station-single-village
2022,中山區,成功里,成功里,蔣萬安,1527,data/raw/openfun/tw.gov.cec~txn~candidates-votes/2022/蔣萬安-village-votes-page-3.json,matched,polling-station-single-village
2022,中山區,朱崙里,朱崙里,陳時中,571,data/raw/openfun/tw.gov.cec~txn~candidates-votes/2022/陳時中-village-votes-page-4.json,matched,polling-station-single-village
2022,中山區,朱崙里,朱崙里,蔣萬安,699,data/raw/openfun/tw.gov.cec~txn~candidates-votes/2022/蔣萬安-village-votes-page-4.json,matched,polling-station-single-village
2022,中山區,朱園里,朱園里,陳時中,893,data/raw/openfun/tw.gov.cec~txn~candidates-votes/2022/陳時中-village-votes-page-4.json,matched,polling-station-single-village
2022,中山區,朱園里,朱園里,蔣萬安,980,data/raw/openfun/tw.gov.cec~txn~candidates-votes/2022/蔣萬安-village-votes-page-4.json,matched,polling-station-single-village
2022,中山區,朱馥里,朱馥里,陳時中,968,data/raw/openfun/tw.gov.cec~txn~candidates-votes/2022/陳時中-village-votes-page-4.json,matched,polling-station-single-village
2022,中山區,朱馥里,朱馥里,蔣萬安,1321,data/raw/openfun/tw.gov.cec~txn~candidates-votes/2022/蔣萬安-village-votes-page-4.json,matched,polling-station-single-village
2022,中山區,江山里,江山里,陳時中,1579,data/raw/openfun/tw.gov.cec~txn~candidates-votes/2022/陳時中-village-votes-page-3.json,matched,polling-station-single-village
2022,中山區,江山里,江山里,蔣萬安,1621,data/raw/openfun/tw.gov.cec~txn~candidates-votes/2022/蔣萬安-village-votes-page-3.json,matched,polling-station-single-village
2022,中山區,江寧里,江寧里,陳時中,1292,data/raw/openfun/tw.gov.cec~txn~candidates-votes/2022/陳時中-village-votes-page-3.json,matched,polling-station-single-village
2022,中山區,江寧里,江寧里,蔣萬安,1633,data/raw/openfun/tw.gov.cec~txn~candidates-votes/2022/蔣萬安-village-votes-page-3.json,matched,polling-station-single-village
2022,中山區,行仁里,行仁里,陳時中,1664,data/raw/openfun/tw.gov.cec~txn~candidates-votes/2022/陳時中-village-votes-page-3.json,matched,polling-station-single-village
2022,中山區,行仁里,行仁里,蔣萬安,1758,data/raw/openfun/tw.gov.cec~txn~candidates-votes/2022/蔣萬安-village-votes-page-3.json,matched,polling-station-single-village
2022,中山區,行孝里,行孝里,陳時中,820,data/raw/openfun/tw.gov.cec~txn~candidates-votes/2022/陳時中-village-votes-page-3.json,matched,polling-station-single-village
2022,中山區,行孝里,行孝里,蔣萬安,953,data/raw/openfun/tw.gov.cec~txn~candidates-votes/2022/蔣萬安-village-votes-page-3.json,matched,polling-station-single-village
2022,中山區,行政里,行政里,陳時中,1148,data/raw/openfun/tw.gov.cec~txn~candidates-votes/2022/陳時中-village-votes-page-3.json,matched,polling-station-single-village
2022,中山區,行政里,行政里,蔣萬安,1407,data/raw/openfun/tw.gov.cec~txn~candidates-votes/2022/蔣萬安-village-votes-page-3.json,matched,polling-station-single-village
2022,中山區,松江里,松江里,陳時中,1180,data/raw/openfun/tw.gov.cec~txn~candidates-votes/2022/陳時中-village-votes-page-3.json,matched,polling-station-single-village
2022,中山區,松江里,松江里,蔣萬安,1339,data/raw/openfun/tw.gov.cec~txn~candidates-votes/2022/蔣萬安-village-votes-page-3.json,matched,polling-station-single-village
2022,中山區,金泰里,金泰里,陳時中,1138,data/raw/openfun/tw.gov.cec~txn~candidates-votes/2022/陳時中-village-votes-page-4.json,matched,polling-station-single-village
2022,中山區,金泰里,金泰里,蔣萬安,1814,data/raw/openfun/tw.gov.cec~txn~candidates-votes/2022/蔣萬安-village-votes-page-4.json,matched,polling-station-single-village
2022,中山區,恆安里,恆安里,陳時中,870,data/raw/openfun/tw.gov.cec~txn~candidates-votes/2022/陳時中-village-votes-page-3.json,matched,polling-station-single-village
2022,中山區,恆安里,恆安里,蔣萬安,1131,data/raw/openfun/tw.gov.cec~txn~candidates-votes/2022/蔣萬安-village-votes-page-3.json,matched,polling-station-single-village
2022,中山區,埤頭里,埤頭里,陳時中,600,data/raw/openfun/tw.gov.cec~txn~candidates-votes/2022/陳時中-village-votes-page-4.json,matched,polling-station-single-village
2022,中山區,埤頭里,埤頭里,蔣萬安,773,data/raw/openfun/tw.gov.cec~txn~candidates-votes/2022/蔣萬安-village-votes-page-4.json,matched,polling-station-single-village
2022,中山區,康樂里,康樂里,陳時中,457,data/raw/openfun/tw.gov.cec~txn~candidates-votes/2022/陳時中-village-votes-page-3.json,matched,polling-station-single-village
2022,中山區,康樂里,康樂里,蔣萬安,675,data/raw/openfun/tw.gov.cec~txn~candidates-votes/2022/蔣萬安-village-votes-page-3.json,matched,polling-station-single-village
2022,中山區,復華里,復華里,陳時中,712,data/raw/openfun/tw.gov.cec~txn~candidates-votes/2022/陳時中-village-votes-page-4.json,matched,polling-station-single-village
2022,中山區,復華里,復華里,蔣萬安,1175,data/raw/openfun/tw.gov.cec~txn~candidates-votes/2022/蔣萬安-village-votes-page-4.json,matched,polling-station-single-village
2022,中山區,晴光里,晴光里,陳時中,875,data/raw/openfun/tw.gov.cec~txn~candidates-votes/2022/陳時中-village-votes-page-3.json,matched,polling-station-single-village
2022,中山區,晴光里,晴光里,蔣萬安,1223,data/raw/openfun/tw.gov.cec~txn~candidates-votes/2022/蔣萬安-village-votes-page-3.json,matched,polling-station-single-village
2022,中山區,集英里,集英里,陳時中,1412,data/raw/openfun/tw.gov.cec~txn~candidates-votes/2022/陳時中-village-votes-page-3.json,matched,polling-station-single-village
2022,中山區,集英里,集英里,蔣萬安,1314,data/raw/openfun/tw.gov.cec~txn~candidates-votes/2022/蔣萬安-village-votes-page-3.json,matched,polling-station-single-village
2022,中山區,圓山里,圓山里,陳時中,766,data/raw/openfun/tw.gov.cec~txn~candidates-votes/2022/陳時中-village-votes-page-3.json,matched,polling-station-single-village
2022,中山區,圓山里,圓山里,蔣萬安,879,data/raw/openfun/tw.gov.cec~txn~candidates-votes/2022/蔣萬安-village-votes-page-3.json,matched,polling-station-single-village
2022,中山區,新生里,新生里,陳時中,1010,data/raw/openfun/tw.gov.cec~txn~candidates-votes/2022/陳時中-village-votes-page-3.json,matched,polling-station-single-village
2022,中山區,新生里,新生里,蔣萬安,1026,data/raw/openfun/tw.gov.cec~txn~candidates-votes/2022/蔣萬安-village-votes-page-3.json,matched,polling-station-single-village
2022,中山區,新庄里,新庄里,陳時中,1016,data/raw/openfun/tw.gov.cec~txn~candidates-votes/2022/陳時中-village-votes-page-3.json,matched,polling-station-single-village
2022,中山區,新庄里,新庄里,蔣萬安,1132,data/raw/openfun/tw.gov.cec~txn~candidates-votes/2022/蔣萬安-village-votes-page-3.json,matched,polling-station-single-village
2022,中山區,新喜里,新喜里,陳時中,1011,data/raw/openfun/tw.gov.cec~txn~candidates-votes/2022/陳時中-village-votes-page-3.json,matched,polling-station-single-village
2022,中山區,新喜里,新喜里,蔣萬安,1026,data/raw/openfun/tw.gov.cec~txn~candidates-votes/2022/蔣萬安-village-votes-page-3.json,matched,polling-station-single-village
2022,中山區,新福里,新福里,陳時中,1118,data/raw/openfun/tw.gov.cec~txn~candidates-votes/2022/陳時中-village-votes-page-3.json,matched,polling-station-single-village
2022,中山區,新福里,新福里,蔣萬安,953,data/raw/openfun/tw.gov.cec~txn~candidates-votes/2022/蔣萬安-village-votes-page-3.json,matched,polling-station-single-village
2022,中山區,聚盛里,聚盛里,陳時中,646,data/raw/openfun/tw.gov.cec~txn~candidates-votes/2022/陳時中-village-votes-page-3.json,matched,polling-station-single-village
2022,中山區,聚盛里,聚盛里,蔣萬安,1003,data/raw/openfun/tw.gov.cec~txn~candidates-votes/2022/蔣萬安-village-votes-page-3.json,matched,polling-station-single-village
2022,中山區,聚葉里,聚葉里,陳時中,734,data/raw/openfun/tw.gov.cec~txn~candidates-votes/2022/陳時中-village-votes-page-3.json,matched,polling-station-single-village
2022,中山區,聚葉里,聚葉里,蔣萬安,876,data/raw/openfun/tw.gov.cec~txn~candidates-votes/2022/蔣萬安-village-votes-page-3.json,matched,polling-station-single-village
2022,中山區,劍潭里,劍潭里,陳時中,257,data/raw/openfun/tw.gov.cec~txn~candidates-votes/2022/陳時中-village-votes-page-3.json,matched,polling-station-single-village
2022,中山區,劍潭里,劍潭里,蔣萬安,1411,data/raw/openfun/tw.gov.cec~txn~candidates-votes/2022/蔣萬安-village-votes-page-3.json,matched,polling-station-single-village
2022,中山區,興亞里,興亞里,陳時中,1072,data/raw/openfun/tw.gov.cec~txn~candidates-votes/2022/陳時中-village-votes-page-4.json,matched,polling-station-single-village
2022,中山區,興亞里,興亞里,蔣萬安,1177,data/raw/openfun/tw.gov.cec~txn~candidates-votes/2022/蔣萬安-village-votes-page-4.json,matched,polling-station-single-village
2022,中山區,龍洲里,龍洲里,陳時中,580,data/raw/openfun/tw.gov.cec~txn~candidates-votes/2022/陳時中-village-votes-page-4.json,matched,polling-station-single-village
2022,中山區,龍洲里,龍洲里,蔣萬安,1707,data/raw/openfun/tw.gov.cec~txn~candidates-votes/2022/蔣萬安-village-votes-page-4.json,matched,polling-station-single-village
2022,中正區,三愛里,三愛里,陳時中,1439,data/raw/openfun/tw.gov.cec~txn~candidates-votes/2022/陳時中-village-votes-page-4.json,matched,polling-station-single-village
2022,中正區,三愛里,三愛里,蔣萬安,1849,data/raw/openfun/tw.gov.cec~txn~candidates-votes/2022/蔣萬安-village-votes-page-4.json,matched,polling-station-single-village
2022,中正區,文北里,文北里,陳時中,938,data/raw/openfun/tw.gov.cec~txn~candidates-votes/2022/陳時中-village-votes-page-4.json,matched,polling-station-single-village
2022,中正區,文北里,文北里,蔣萬安,1234,data/raw/openfun/tw.gov.cec~txn~candidates-votes/2022/蔣萬安-village-votes-page-4.json,matched,polling-station-single-village
2022,中正區,文盛里,文盛里,陳時中,487,data/raw/openfun/tw.gov.cec~txn~candidates-votes/2022/陳時中-village-votes-page-4.json,matched,polling-station-single-village
2022,中正區,文盛里,文盛里,蔣萬安,626,data/raw/openfun/tw.gov.cec~txn~candidates-votes/2022/蔣萬安-village-votes-page-4.json,matched,polling-station-single-village
2022,中正區,文祥里,文祥里,陳時中,1285,data/raw/openfun/tw.gov.cec~txn~candidates-votes/2022/陳時中-village-votes-page-4.json,matched,polling-station-single-village
2022,中正區,文祥里,文祥里,蔣萬安,1629,data/raw/openfun/tw.gov.cec~txn~candidates-votes/2022/蔣萬安-village-votes-page-4.json,matched,polling-station-single-village
2022,中正區,水源里,水源里,陳時中,527,data/raw/openfun/tw.gov.cec~txn~candidates-votes/2022/陳時中-village-votes-page-4.json,matched,polling-station-single-village
2022,中正區,水源里,水源里,蔣萬安,646,data/raw/openfun/tw.gov.cec~txn~candidates-votes/2022/蔣萬安-village-votes-page-4.json,matched,polling-station-single-village
2022,中正區,永功里,永功里,陳時中,1078,data/raw/openfun/tw.gov.cec~txn~candidates-votes/2022/陳時中-village-votes-page-4.json,matched,polling-station-single-village
2022,中正區,永功里,永功里,蔣萬安,1312,data/raw/openfun/tw.gov.cec~txn~candidates-votes/2022/蔣萬安-village-votes-page-4.json,matched,polling-station-single-village
2022,中正區,永昌里,永昌里,陳時中,860,data/raw/openfun/tw.gov.cec~txn~candidates-votes/2022/陳時中-village-votes-page-4.json,matched,polling-station-single-village
2022,中正區,永昌里,永昌里,蔣萬安,1152,data/raw/openfun/tw.gov.cec~txn~candidates-votes/2022/蔣萬安-village-votes-page-4.json,matched,polling-station-single-village
2022,中正區,光復里,光復里,陳時中,574,data/raw/openfun/tw.gov.cec~txn~candidates-votes/2022/陳時中-village-votes-page-4.json,matched,polling-station-single-village
2022,中正區,光復里,光復里,蔣萬安,803,data/raw/openfun/tw.gov.cec~txn~candidates-votes/2022/蔣萬安-village-votes-page-4.json,matched,polling-station-single-village
2022,中正區,幸市里,幸市里,陳時中,797,data/raw/openfun/tw.gov.cec~txn~candidates-votes/2022/陳時中-village-votes-page-4.json,matched,polling-station-single-village
2022,中正區,幸市里,幸市里,蔣萬安,982,data/raw/openfun/tw.gov.cec~txn~candidates-votes/2022/蔣萬安-village-votes-page-4.json,matched,polling-station-single-village
2022,中正區,幸福里,幸福里,陳時中,819,data/raw/openfun/tw.gov.cec~txn~candidates-votes/2022/陳時中-village-votes-page-4.json,matched,polling-station-single-village
2022,中正區,幸福里,幸福里,蔣萬安,1111,data/raw/openfun/tw.gov.cec~txn~candidates-votes/2022/蔣萬安-village-votes-page-4.json,matched,polling-station-single-village
2022,中正區,忠勤里,忠勤里,陳時中,906,data/raw/openfun/tw.gov.cec~txn~candidates-votes/2022/陳時中-village-votes-page-4.json,matched,polling-station-single-village
2022,中正區,忠勤里,忠勤里,蔣萬安,1525,data/raw/openfun/tw.gov.cec~txn~candidates-votes/2022/蔣萬安-village-votes-page-4.json,matched,polling-station-single-village
2022,中正區,東門里,東門里,陳時中,529,data/raw/openfun/tw.gov.cec~txn~candidates-votes/2022/陳時中-village-votes-page-4.json,matched,polling-station-single-village
2022,中正區,東門里,東門里,蔣萬安,899,data/raw/openfun/tw.gov.cec~txn~candidates-votes/2022/蔣萬安-village-votes-page-4.json,matched,polling-station-single-village
2022,中正區,板溪里,板溪里,陳時中,535,data/raw/openfun/tw.gov.cec~txn~candidates-votes/2022/陳時中-village-votes-page-4.json,matched,polling-station-single-village
2022,中正區,板溪里,板溪里,蔣萬安,851,data/raw/openfun/tw.gov.cec~txn~candidates-votes/2022/蔣萬安-village-votes-page-4.json,matched,polling-station-single-village
2022,中正區,林興里,林興里,陳時中,642,data/raw/openfun/tw.gov.cec~txn~candidates-votes/2022/陳時中-village-votes-page-4.json,matched,polling-station-single-village
2022,中正區,林興里,林興里,蔣萬安,1148,data/raw/openfun/tw.gov.cec~txn~candidates-votes/2022/蔣萬安-village-votes-page-4.json,matched,polling-station-single-village
2022,中正區,河堤里,河堤里,陳時中,724,data/raw/openfun/tw.gov.cec~txn~candidates-votes/2022/陳時中-village-votes-page-4.json,matched,polling-station-single-village
2022,中正區,河堤里,河堤里,蔣萬安,1132,data/raw/openfun/tw.gov.cec~txn~candidates-votes/2022/蔣萬安-village-votes-page-4.json,matched,polling-station-single-village
2022,中正區,南門里,南門里,陳時中,370,data/raw/openfun/tw.gov.cec~txn~candidates-votes/2022/陳時中-village-votes-page-4.json,matched,polling-station-single-village
2022,中正區,南門里,南門里,蔣萬安,638,data/raw/openfun/tw.gov.cec~txn~candidates-votes/2022/蔣萬安-village-votes-page-4.json,matched,polling-station-single-village
2022,中正區,南福里,南福里,陳時中,1646,data/raw/openfun/tw.gov.cec~txn~candidates-votes/2022/陳時中-village-votes-page-4.json,matched,polling-station-single-village
2022,中正區,南福里,南福里,蔣萬安,2478,data/raw/openfun/tw.gov.cec~txn~candidates-votes/2022/蔣萬安-village-votes-page-4.json,matched,polling-station-single-village
2022,中正區,建國里,建國里,陳時中,217,data/raw/openfun/tw.gov.cec~txn~candidates-votes/2022/陳時中-village-votes-page-4.json,matched,polling-station-single-village
2022,中正區,建國里,建國里,蔣萬安,357,data/raw/openfun/tw.gov.cec~txn~candidates-votes/2022/蔣萬安-village-votes-page-4.json,matched,polling-station-single-village
2022,中正區,梅花里,梅花里,陳時中,575,data/raw/openfun/tw.gov.cec~txn~candidates-votes/2022/陳時中-village-votes-page-4.json,matched,polling-station-single-village
2022,中正區,梅花里,梅花里,蔣萬安,686,data/raw/openfun/tw.gov.cec~txn~candidates-votes/2022/蔣萬安-village-votes-page-4.json,matched,polling-station-single-village
2022,中正區,頂東里,頂東里,陳時中,1049,data/raw/openfun/tw.gov.cec~txn~candidates-votes/2022/陳時中-village-votes-page-4.json,matched,polling-station-single-village
2022,中正區,頂東里,頂東里,蔣萬安,1444,data/raw/openfun/tw.gov.cec~txn~candidates-votes/2022/蔣萬安-village-votes-page-4.json,matched,polling-station-single-village
2022,中正區,富水里,富水里,陳時中,238,data/raw/openfun/tw.gov.cec~txn~candidates-votes/2022/陳時中-village-votes-page-4.json,matched,polling-station-single-village
2022,中正區,富水里,富水里,蔣萬安,591,data/raw/openfun/tw.gov.cec~txn~candidates-votes/2022/蔣萬安-village-votes-page-4.json,matched,polling-station-single-village
2022,中正區,廈安里,廈安里,陳時中,710,data/raw/openfun/tw.gov.cec~txn~candidates-votes/2022/陳時中-village-votes-page-4.json,matched,polling-station-single-village
2022,中正區,廈安里,廈安里,蔣萬安,841,data/raw/openfun/tw.gov.cec~txn~candidates-votes/2022/蔣萬安-village-votes-page-4.json,matched,polling-station-single-village
2022,中正區,愛國里,愛國里,陳時中,516,data/raw/openfun/tw.gov.cec~txn~candidates-votes/2022/陳時中-village-votes-page-4.json,matched,polling-station-single-village
2022,中正區,愛國里,愛國里,蔣萬安,697,data/raw/openfun/tw.gov.cec~txn~candidates-votes/2022/蔣萬安-village-votes-page-4.json,matched,polling-station-single-village
2022,中正區,新營里,新營里,陳時中,1091,data/raw/openfun/tw.gov.cec~txn~candidates-votes/2022/陳時中-village-votes-page-4.json,matched,polling-station-single-village
2022,中正區,新營里,新營里,蔣萬安,1888,data/raw/openfun/tw.gov.cec~txn~candidates-votes/2022/蔣萬安-village-votes-page-4.json,matched,polling-station-single-village
2022,中正區,網溪里,網溪里,陳時中,962,data/raw/openfun/tw.gov.cec~txn~candidates-votes/2022/陳時中-village-votes-page-4.json,matched,polling-station-single-village
2022,中正區,網溪里,網溪里,蔣萬安,1364,data/raw/openfun/tw.gov.cec~txn~candidates-votes/2022/蔣萬安-village-votes-page-4.json,matched,polling-station-single-village
2022,中正區,黎明里,黎明里,陳時中,445,data/raw/openfun/tw.gov.cec~txn~candidates-votes/2022/陳時中-village-votes-page-4.json,matched,polling-station-single-village
2022,中正區,黎明里,黎明里,蔣萬安,668,data/raw/openfun/tw.gov.cec~txn~candidates-votes/2022/蔣萬安-village-votes-page-4.json,matched,polling-station-single-village
2022,中正區,螢圃里,螢圃里,陳時中,924,data/raw/openfun/tw.gov.cec~txn~candidates-votes/2022/陳時中-village-votes-page-4.json,matched,polling-station-single-village
2022,中正區,螢圃里,螢圃里,蔣萬安,1368,data/raw/openfun/tw.gov.cec~txn~candidates-votes/2022/蔣萬安-village-votes-page-4.json,matched,polling-station-single-village
2022,中正區,螢雪里,螢雪里,陳時中,682,data/raw/openfun/tw.gov.cec~txn~candidates-votes/2022/陳時中-village-votes-page-4.json,matched,polling-station-single-village
2022,中正區,螢雪里,螢雪里,蔣萬安,1082,data/raw/openfun/tw.gov.cec~txn~candidates-votes/2022/蔣萬安-village-votes-page-4.json,matched,polling-station-single-village
2022,中正區,龍光里,龍光里,陳時中,499,data/raw/openfun/tw.gov.cec~txn~candidates-votes/2022/陳時中-village-votes-page-4.json,matched,polling-station-single-village
2022,中正區,龍光里,龍光里,蔣萬安,727,data/raw/openfun/tw.gov.cec~txn~candidates-votes/2022/蔣萬安-village-votes-page-4.json,matched,polling-station-single-village
2022,中正區,龍福里,龍福里,陳時中,819,data/raw/openfun/tw.gov.cec~txn~candidates-votes/2022/陳時中-village-votes-page-4.json,matched,polling-station-single-village
2022,中正區,龍福里,龍福里,蔣萬安,1061,data/raw/openfun/tw.gov.cec~txn~candidates-votes/2022/蔣萬安-village-votes-page-4.json,matched,polling-station-single-village
2022,中正區,龍興里,龍興里,陳時中,576,data/raw/openfun/tw.gov.cec~txn~candidates-votes/2022/陳時中-village-votes-page-4.json,matched,polling-station-single-village
2022,中正區,龍興里,龍興里,蔣萬安,714,data/raw/openfun/tw.gov.cec~txn~candidates-votes/2022/蔣萬安-village-votes-page-4.json,matched,polling-station-single-village
2022,內湖區,大湖里,大湖里,陳時中,839,data/raw/openfun/tw.gov.cec~txn~candidates-votes/2022/陳時中-village-votes-page-7.json,matched,polling-station-single-village
2022,內湖區,大湖里,大湖里,蔣萬安,1240,data/raw/openfun/tw.gov.cec~txn~candidates-votes/2022/蔣萬安-village-votes-page-7.json,matched,polling-station-single-village
2022,內湖區,五分里,五分里,陳時中,1528,data/raw/openfun/tw.gov.cec~txn~candidates-votes/2022/陳時中-village-votes-page-7.json,matched,polling-station-single-village
2022,內湖區,五分里,五分里,蔣萬安,2001,data/raw/openfun/tw.gov.cec~txn~candidates-votes/2022/蔣萬安-village-votes-page-7.json,matched,polling-station-single-village
2022,內湖區,內湖里,內湖里,陳時中,990,data/raw/openfun/tw.gov.cec~txn~candidates-votes/2022/陳時中-village-votes-page-7.json,matched,polling-station-single-village
2022,內湖區,內湖里,內湖里,蔣萬安,1560,data/raw/openfun/tw.gov.cec~txn~candidates-votes/2022/蔣萬安-village-votes-page-7.json,matched,polling-station-single-village
2022,內湖區,內溝里,內溝里,陳時中,781,data/raw/openfun/tw.gov.cec~txn~candidates-votes/2022/陳時中-village-votes-page-7.json,matched,polling-station-single-village
2022,內湖區,內溝里,內溝里,蔣萬安,967,data/raw/openfun/tw.gov.cec~txn~candidates-votes/2022/蔣萬安-village-votes-page-7.json,matched,polling-station-single-village
2022,內湖區,石潭里,石潭里,陳時中,558,data/raw/openfun/tw.gov.cec~txn~candidates-votes/2022/陳時中-village-votes-page-7.json,matched,polling-station-single-village
2022,內湖區,石潭里,石潭里,蔣萬安,882,data/raw/openfun/tw.gov.cec~txn~candidates-votes/2022/蔣萬安-village-votes-page-7.json,matched,polling-station-single-village
2022,內湖區,安泰里,安泰里,陳時中,772,data/raw/openfun/tw.gov.cec~txn~candidates-votes/2022/陳時中-village-votes-page-7.json,matched,polling-station-single-village
2022,內湖區,安泰里,安泰里,蔣萬安,1197,data/raw/openfun/tw.gov.cec~txn~candidates-votes/2022/蔣萬安-village-votes-page-7.json,matched,polling-station-single-village
2022,內湖區,安湖里,安湖里,陳時中,1172,data/raw/openfun/tw.gov.cec~txn~candidates-votes/2022/陳時中-village-votes-page-7.json,matched,polling-station-single-village
2022,內湖區,安湖里,安湖里,蔣萬安,1566,data/raw/openfun/tw.gov.cec~txn~candidates-votes/2022/蔣萬安-village-votes-page-7.json,matched,polling-station-single-village
2022,內湖區,行善里,行善里,陳時中,1295,data/raw/openfun/tw.gov.cec~txn~candidates-votes/2022/陳時中-village-votes-page-7.json,matched,polling-station-single-village
2022,內湖區,行善里,行善里,蔣萬安,1544,data/raw/openfun/tw.gov.cec~txn~candidates-votes/2022/蔣萬安-village-votes-page-7.json,matched,polling-station-single-village
2022,內湖區,西安里,西安里,陳時中,1059,data/raw/openfun/tw.gov.cec~txn~candidates-votes/2022/陳時中-village-votes-page-7.json,matched,polling-station-single-village
2022,內湖區,西安里,西安里,蔣萬安,1529,data/raw/openfun/tw.gov.cec~txn~candidates-votes/2022/蔣萬安-village-votes-page-7.json,matched,polling-station-single-village
2022,內湖區,西康里,西康里,陳時中,1497,data/raw/openfun/tw.gov.cec~txn~candidates-votes/2022/陳時中-village-votes-page-7.json,matched,polling-station-single-village
2022,內湖區,西康里,西康里,蔣萬安,2279,data/raw/openfun/tw.gov.cec~txn~candidates-votes/2022/蔣萬安-village-votes-page-7.json,matched,polling-station-single-village
2022,內湖區,西湖里,西湖里,陳時中,1309,data/raw/openfun/tw.gov.cec~txn~candidates-votes/2022/陳時中-village-votes-page-7.json,matched,polling-station-single-village
2022,內湖區,西湖里,西湖里,蔣萬安,1510,data/raw/openfun/tw.gov.cec~txn~candidates-votes/2022/蔣萬安-village-votes-page-7.json,matched,polling-station-single-village
2022,內湖區,秀湖里,秀湖里,陳時中,911,data/raw/openfun/tw.gov.cec~txn~candidates-votes/2022/陳時中-village-votes-page-7.json,matched,polling-station-single-village
2022,內湖區,秀湖里,秀湖里,蔣萬安,1516,data/raw/openfun/tw.gov.cec~txn~candidates-votes/2022/蔣萬安-village-votes-page-7.json,matched,polling-station-single-village
2022,內湖區,明湖里,明湖里,陳時中,827,data/raw/openfun/tw.gov.cec~txn~candidates-votes/2022/陳時中-village-votes-page-7.json,matched,polling-station-single-village
2022,內湖區,明湖里,明湖里,蔣萬安,1106,data/raw/openfun/tw.gov.cec~txn~candidates-votes/2022/蔣萬安-village-votes-page-7.json,matched,polling-station-single-village
2022,內湖區,東湖里,東湖里,陳時中,1302,data/raw/openfun/tw.gov.cec~txn~candidates-votes/2022/陳時中-village-votes-page-7.json,matched,polling-station-single-village
2022,內湖區,東湖里,東湖里,蔣萬安,1675,data/raw/openfun/tw.gov.cec~txn~candidates-votes/2022/蔣萬安-village-votes-page-7.json,matched,polling-station-single-village
2022,內湖區,金湖里,金湖里,陳時中,1437,data/raw/openfun/tw.gov.cec~txn~candidates-votes/2022/陳時中-village-votes-page-7.json,matched,polling-station-single-village
2022,內湖區,金湖里,金湖里,蔣萬安,2226,data/raw/openfun/tw.gov.cec~txn~candidates-votes/2022/蔣萬安-village-votes-page-7.json,matched,polling-station-single-village
2022,內湖區,金瑞里,金瑞里,陳時中,1195,data/raw/openfun/tw.gov.cec~txn~candidates-votes/2022/陳時中-village-votes-page-7.json,matched,polling-station-single-village
2022,內湖區,金瑞里,金瑞里,蔣萬安,1486,data/raw/openfun/tw.gov.cec~txn~candidates-votes/2022/蔣萬安-village-votes-page-7.json,matched,polling-station-single-village
2022,內湖區,金龍里,金龍里,陳時中,874,data/raw/openfun/tw.gov.cec~txn~candidates-votes/2022/陳時中-village-votes-page-7.json,matched,polling-station-single-village
2022,內湖區,金龍里,金龍里,蔣萬安,1253,data/raw/openfun/tw.gov.cec~txn~candidates-votes/2022/蔣萬安-village-votes-page-7.json,matched,polling-station-single-village
2022,內湖區,南湖里,南湖里,陳時中,772,data/raw/openfun/tw.gov.cec~txn~candidates-votes/2022/陳時中-village-votes-page-8.json,matched,polling-station-single-village
2022,內湖區,南湖里,南湖里,蔣萬安,1237,data/raw/openfun/tw.gov.cec~txn~candidates-votes/2022/蔣萬安-village-votes-page-8.json,matched,polling-station-single-village
2022,內湖區,康寧里,康寧里,陳時中,1188,data/raw/openfun/tw.gov.cec~txn~candidates-votes/2022/陳時中-village-votes-page-7.json,matched,polling-station-single-village
2022,內湖區,康寧里,康寧里,蔣萬安,1991,data/raw/openfun/tw.gov.cec~txn~candidates-votes/2022/蔣萬安-village-votes-page-7.json,matched,polling-station-single-village
2022,內湖區,清白里,清白里,陳時中,1313,data/raw/openfun/tw.gov.cec~txn~candidates-votes/2022/陳時中-village-votes-page-7.json,matched,polling-station-single-village
2022,內湖區,清白里,清白里,蔣萬安,1998,data/raw/openfun/tw.gov.cec~txn~candidates-votes/2022/蔣萬安-village-votes-page-7.json,matched,polling-station-single-village
2022,內湖區,港都里,港都里,陳時中,953,data/raw/openfun/tw.gov.cec~txn~candidates-votes/2022/陳時中-village-votes-page-7.json,matched,polling-station-single-village
2022,內湖區,港都里,港都里,蔣萬安,1159,data/raw/openfun/tw.gov.cec~txn~candidates-votes/2022/蔣萬安-village-votes-page-7.json,matched,polling-station-single-village
2022,內湖區,港富里,港富里,陳時中,1625,data/raw/openfun/tw.gov.cec~txn~candidates-votes/2022/陳時中-village-votes-page-7.json,matched,polling-station-single-village
2022,內湖區,港富里,港富里,蔣萬安,1972,data/raw/openfun/tw.gov.cec~txn~candidates-votes/2022/蔣萬安-village-votes-page-7.json,matched,polling-station-single-village
2022,內湖區,港華里,港華里,陳時中,1451,data/raw/openfun/tw.gov.cec~txn~candidates-votes/2022/陳時中-village-votes-page-7.json,matched,polling-station-single-village
2022,內湖區,港華里,港華里,蔣萬安,2000,data/raw/openfun/tw.gov.cec~txn~candidates-votes/2022/蔣萬安-village-votes-page-7.json,matched,polling-station-single-village
2022,內湖區,港墘里,港墘里,陳時中,1034,data/raw/openfun/tw.gov.cec~txn~candidates-votes/2022/陳時中-village-votes-page-7.json,matched,polling-station-single-village
2022,內湖區,港墘里,港墘里,蔣萬安,1347,data/raw/openfun/tw.gov.cec~txn~candidates-votes/2022/蔣萬安-village-votes-page-7.json,matched,polling-station-single-village
2022,內湖區,湖元里,湖元里,陳時中,969,data/raw/openfun/tw.gov.cec~txn~candidates-votes/2022/陳時中-village-votes-page-7.json,matched,polling-station-single-village
2022,內湖區,湖元里,湖元里,蔣萬安,1222,data/raw/openfun/tw.gov.cec~txn~candidates-votes/2022/蔣萬安-village-votes-page-7.json,matched,polling-station-single-village
2022,內湖區,湖興里,湖興里,陳時中,1205,data/raw/openfun/tw.gov.cec~txn~candidates-votes/2022/陳時中-village-votes-page-7.json,matched,polling-station-single-village
2022,內湖區,湖興里,湖興里,蔣萬安,1549,data/raw/openfun/tw.gov.cec~txn~candidates-votes/2022/蔣萬安-village-votes-page-7.json,matched,polling-station-single-village
2022,內湖區,湖濱里,湖濱里,陳時中,1213,data/raw/openfun/tw.gov.cec~txn~candidates-votes/2022/陳時中-village-votes-page-7.json,matched,polling-station-single-village
2022,內湖區,湖濱里,湖濱里,蔣萬安,2145,data/raw/openfun/tw.gov.cec~txn~candidates-votes/2022/蔣萬安-village-votes-page-7.json,matched,polling-station-single-village
2022,內湖區,紫星里,紫星里,陳時中,1449,data/raw/openfun/tw.gov.cec~txn~candidates-votes/2022/陳時中-village-votes-page-7.json,matched,polling-station-single-village
2022,內湖區,紫星里,紫星里,蔣萬安,1785,data/raw/openfun/tw.gov.cec~txn~candidates-votes/2022/蔣萬安-village-votes-page-7.json,matched,polling-station-single-village
2022,內湖區,紫陽里,紫陽里,陳時中,1388,data/raw/openfun/tw.gov.cec~txn~candidates-votes/2022/陳時中-village-votes-page-7.json,matched,polling-station-single-village
2022,內湖區,紫陽里,紫陽里,蔣萬安,1847,data/raw/openfun/tw.gov.cec~txn~candidates-votes/2022/蔣萬安-village-votes-page-7.json,matched,polling-station-single-village
2022,內湖區,紫雲里,紫雲里,陳時中,746,data/raw/openfun/tw.gov.cec~txn~candidates-votes/2022/陳時中-village-votes-page-7.json,matched,polling-station-single-village
2022,內湖區,紫雲里,紫雲里,蔣萬安,1473,data/raw/openfun/tw.gov.cec~txn~candidates-votes/2022/蔣萬安-village-votes-page-7.json,matched,polling-station-single-village
2022,內湖區,週美里,週美里,陳時中,1609,data/raw/openfun/tw.gov.cec~txn~candidates-votes/2022/陳時中-village-votes-page-7.json,matched,polling-station-single-village
2022,內湖區,週美里,週美里,蔣萬安,1846,data/raw/openfun/tw.gov.cec~txn~candidates-votes/2022/蔣萬安-village-votes-page-7.json,matched,polling-station-single-village
2022,內湖區,瑞光里,瑞光里,陳時中,611,data/raw/openfun/tw.gov.cec~txn~candidates-votes/2022/陳時中-village-votes-page-7.json,matched,polling-station-single-village
2022,內湖區,瑞光里,瑞光里,蔣萬安,1165,data/raw/openfun/tw.gov.cec~txn~candidates-votes/2022/蔣萬安-village-votes-page-7.json,matched,polling-station-single-village
2022,內湖區,瑞陽里,瑞陽里,陳時中,1013,data/raw/openfun/tw.gov.cec~txn~candidates-votes/2022/陳時中-village-votes-page-7.json,matched,polling-station-single-village
2022,內湖區,瑞陽里,瑞陽里,蔣萬安,2180,data/raw/openfun/tw.gov.cec~txn~candidates-votes/2022/蔣萬安-village-votes-page-7.json,matched,polling-station-single-village
2022,內湖區,葫洲里,葫洲里,陳時中,880,data/raw/openfun/tw.gov.cec~txn~candidates-votes/2022/陳時中-village-votes-page-7.json,matched,polling-station-single-village
2022,內湖區,葫洲里,葫洲里,蔣萬安,1618,data/raw/openfun/tw.gov.cec~txn~candidates-votes/2022/蔣萬安-village-votes-page-7.json,matched,polling-station-single-village
2022,內湖區,碧山里,碧山里,陳時中,1112,data/raw/openfun/tw.gov.cec~txn~candidates-votes/2022/陳時中-village-votes-page-7.json,matched,polling-station-single-village
2022,內湖區,碧山里,碧山里,蔣萬安,1646,data/raw/openfun/tw.gov.cec~txn~candidates-votes/2022/蔣萬安-village-votes-page-7.json,matched,polling-station-single-village
2022,內湖區,樂康里,樂康里,陳時中,1187,data/raw/openfun/tw.gov.cec~txn~candidates-votes/2022/陳時中-village-votes-page-7.json,matched,polling-station-single-village
2022,內湖區,樂康里,樂康里,蔣萬安,1543,data/raw/openfun/tw.gov.cec~txn~candidates-votes/2022/蔣萬安-village-votes-page-7.json,matched,polling-station-single-village
2022,內湖區,麗山里,麗山里,陳時中,1083,data/raw/openfun/tw.gov.cec~txn~candidates-votes/2022/陳時中-village-votes-page-7.json,matched,polling-station-single-village
2022,內湖區,麗山里,麗山里,蔣萬安,1102,data/raw/openfun/tw.gov.cec~txn~candidates-votes/2022/蔣萬安-village-votes-page-7.json,matched,polling-station-single-village
2022,內湖區,寶湖里,寶湖里,陳時中,1369,data/raw/openfun/tw.gov.cec~txn~candidates-votes/2022/陳時中-village-votes-page-7.json;data/raw/openfun/tw.gov.cec~txn~candidates-votes/2022/陳時中-village-votes-page-8.json,matched,polling-station-single-village
2022,內湖區,寶湖里,寶湖里,蔣萬安,2259,data/raw/openfun/tw.gov.cec~txn~candidates-votes/2022/蔣萬安-village-votes-page-7.json;data/raw/openfun/tw.gov.cec~txn~candidates-votes/2022/蔣萬安-village-votes-page-8.json,matched,polling-station-single-village
2022,內湖區,蘆洲里,蘆洲里,陳時中,210,data/raw/openfun/tw.gov.cec~txn~candidates-votes/2022/陳時中-village-votes-page-7.json,matched,polling-station-single-village
2022,內湖區,蘆洲里,蘆洲里,蔣萬安,221,data/raw/openfun/tw.gov.cec~txn~candidates-votes/2022/蔣萬安-village-votes-page-7.json,matched,polling-station-single-village
2022,文山區,木柵里,木柵里,陳時中,1111,data/raw/openfun/tw.gov.cec~txn~candidates-votes/2022/陳時中-village-votes-page-6.json,matched,polling-station-single-village
2022,文山區,木柵里,木柵里,蔣萬安,2741,data/raw/openfun/tw.gov.cec~txn~candidates-votes/2022/蔣萬安-village-votes-page-6.json,matched,polling-station-single-village
2022,文山區,木新里,木新里,陳時中,1426,data/raw/openfun/tw.gov.cec~txn~candidates-votes/2022/陳時中-village-votes-page-6.json,matched,polling-station-single-village
2022,文山區,木新里,木新里,蔣萬安,2149,data/raw/openfun/tw.gov.cec~txn~candidates-votes/2022/蔣萬安-village-votes-page-6.json,matched,polling-station-single-village
2022,文山區,老泉里,老泉里,陳時中,242,data/raw/openfun/tw.gov.cec~txn~candidates-votes/2022/陳時中-village-votes-page-6.json,matched,polling-station-single-village
2022,文山區,老泉里,老泉里,蔣萬安,169,data/raw/openfun/tw.gov.cec~txn~candidates-votes/2022/蔣萬安-village-votes-page-6.json,matched,polling-station-single-village
2022,文山區,忠順里,忠順里,陳時中,523,data/raw/openfun/tw.gov.cec~txn~candidates-votes/2022/陳時中-village-votes-page-6.json,matched,polling-station-single-village
2022,文山區,忠順里,忠順里,蔣萬安,1287,data/raw/openfun/tw.gov.cec~txn~candidates-votes/2022/蔣萬安-village-votes-page-6.json,matched,polling-station-single-village
2022,文山區,明義里,明義里,陳時中,480,data/raw/openfun/tw.gov.cec~txn~candidates-votes/2022/陳時中-village-votes-page-6.json,matched,polling-station-single-village
2022,文山區,明義里,明義里,蔣萬安,1031,data/raw/openfun/tw.gov.cec~txn~candidates-votes/2022/蔣萬安-village-votes-page-6.json,matched,polling-station-single-village
2022,文山區,明興里,明興里,陳時中,912,data/raw/openfun/tw.gov.cec~txn~candidates-votes/2022/陳時中-village-votes-page-6.json,matched,polling-station-single-village
2022,文山區,明興里,明興里,蔣萬安,1783,data/raw/openfun/tw.gov.cec~txn~candidates-votes/2022/蔣萬安-village-votes-page-6.json,matched,polling-station-single-village
2022,文山區,指南里,指南里,陳時中,680,data/raw/openfun/tw.gov.cec~txn~candidates-votes/2022/陳時中-village-votes-page-6.json,matched,polling-station-single-village
2022,文山區,指南里,指南里,蔣萬安,910,data/raw/openfun/tw.gov.cec~txn~candidates-votes/2022/蔣萬安-village-votes-page-6.json,matched,polling-station-single-village
2022,文山區,政大里,政大里,陳時中,1063,data/raw/openfun/tw.gov.cec~txn~candidates-votes/2022/陳時中-village-votes-page-6.json,matched,polling-station-single-village
2022,文山區,政大里,政大里,蔣萬安,1840,data/raw/openfun/tw.gov.cec~txn~candidates-votes/2022/蔣萬安-village-votes-page-6.json,matched,polling-station-single-village
2022,文山區,博嘉里,博嘉里,陳時中,884,data/raw/openfun/tw.gov.cec~txn~candidates-votes/2022/陳時中-village-votes-page-6.json,matched,polling-station-single-village
2022,文山區,博嘉里,博嘉里,蔣萬安,1490,data/raw/openfun/tw.gov.cec~txn~candidates-votes/2022/蔣萬安-village-votes-page-6.json,matched,polling-station-single-village
2022,文山區,景仁里,景仁里,陳時中,792,data/raw/openfun/tw.gov.cec~txn~candidates-votes/2022/陳時中-village-votes-page-6.json,matched,polling-station-single-village
2022,文山區,景仁里,景仁里,蔣萬安,1520,data/raw/openfun/tw.gov.cec~txn~candidates-votes/2022/蔣萬安-village-votes-page-6.json,matched,polling-station-single-village
2022,文山區,景行里,景行里,陳時中,1245,data/raw/openfun/tw.gov.cec~txn~candidates-votes/2022/陳時中-village-votes-page-5.json,matched,polling-station-single-village
2022,文山區,景行里,景行里,蔣萬安,1657,data/raw/openfun/tw.gov.cec~txn~candidates-votes/2022/蔣萬安-village-votes-page-5.json,matched,polling-station-single-village
2022,文山區,景東里,景東里,陳時中,883,data/raw/openfun/tw.gov.cec~txn~candidates-votes/2022/陳時中-village-votes-page-5.json,matched,polling-station-single-village
2022,文山區,景東里,景東里,蔣萬安,1862,data/raw/openfun/tw.gov.cec~txn~candidates-votes/2022/蔣萬安-village-votes-page-5.json,matched,polling-station-single-village
2022,文山區,景美里,景美里,陳時中,810,data/raw/openfun/tw.gov.cec~txn~candidates-votes/2022/陳時中-village-votes-page-5.json,matched,polling-station-single-village
2022,文山區,景美里,景美里,蔣萬安,1250,data/raw/openfun/tw.gov.cec~txn~candidates-votes/2022/蔣萬安-village-votes-page-5.json,matched,polling-station-single-village
2022,文山區,景華里,景華里,陳時中,810,data/raw/openfun/tw.gov.cec~txn~candidates-votes/2022/陳時中-village-votes-page-6.json,matched,polling-station-single-village
2022,文山區,景華里,景華里,蔣萬安,1461,data/raw/openfun/tw.gov.cec~txn~candidates-votes/2022/蔣萬安-village-votes-page-6.json,matched,polling-station-single-village
2022,文山區,景慶里,景慶里,陳時中,928,data/raw/openfun/tw.gov.cec~txn~candidates-votes/2022/陳時中-village-votes-page-5.json;data/raw/openfun/tw.gov.cec~txn~candidates-votes/2022/陳時中-village-votes-page-6.json,matched,polling-station-single-village
2022,文山區,景慶里,景慶里,蔣萬安,1603,data/raw/openfun/tw.gov.cec~txn~candidates-votes/2022/蔣萬安-village-votes-page-5.json;data/raw/openfun/tw.gov.cec~txn~candidates-votes/2022/蔣萬安-village-votes-page-6.json,matched,polling-station-single-village
2022,文山區,華興里,華興里,陳時中,1171,data/raw/openfun/tw.gov.cec~txn~candidates-votes/2022/陳時中-village-votes-page-6.json,matched,polling-station-single-village
2022,文山區,華興里,華興里,蔣萬安,2429,data/raw/openfun/tw.gov.cec~txn~candidates-votes/2022/蔣萬安-village-votes-page-6.json,matched,polling-station-single-village
2022,文山區,順興里,順興里,陳時中,1078,data/raw/openfun/tw.gov.cec~txn~candidates-votes/2022/陳時中-village-votes-page-6.json,matched,polling-station-single-village
2022,文山區,順興里,順興里,蔣萬安,1902,data/raw/openfun/tw.gov.cec~txn~candidates-votes/2022/蔣萬安-village-votes-page-6.json,matched,polling-station-single-village
2022,文山區,萬年里,萬年里,陳時中,861,data/raw/openfun/tw.gov.cec~txn~candidates-votes/2022/陳時中-village-votes-page-6.json,matched,polling-station-single-village
2022,文山區,萬年里,萬年里,蔣萬安,1289,data/raw/openfun/tw.gov.cec~txn~candidates-votes/2022/蔣萬安-village-votes-page-6.json,matched,polling-station-single-village
2022,文山區,萬有里,萬有里,陳時中,822,data/raw/openfun/tw.gov.cec~txn~candidates-votes/2022/陳時中-village-votes-page-6.json,matched,polling-station-single-village
2022,文山區,萬有里,萬有里,蔣萬安,1465,data/raw/openfun/tw.gov.cec~txn~candidates-votes/2022/蔣萬安-village-votes-page-6.json,matched,polling-station-single-village
2022,文山區,萬和里,萬和里,陳時中,361,data/raw/openfun/tw.gov.cec~txn~candidates-votes/2022/陳時中-village-votes-page-6.json,matched,polling-station-single-village
2022,文山區,萬和里,萬和里,蔣萬安,1066,data/raw/openfun/tw.gov.cec~txn~candidates-votes/2022/蔣萬安-village-votes-page-6.json,matched,polling-station-single-village
2022,文山區,萬芳里,萬芳里,陳時中,1014,data/raw/openfun/tw.gov.cec~txn~candidates-votes/2022/陳時中-village-votes-page-6.json,matched,polling-station-single-village
2022,文山區,萬芳里,萬芳里,蔣萬安,2119,data/raw/openfun/tw.gov.cec~txn~candidates-votes/2022/蔣萬安-village-votes-page-6.json,matched,polling-station-single-village
2022,文山區,萬美里,萬美里,陳時中,957,data/raw/openfun/tw.gov.cec~txn~candidates-votes/2022/陳時中-village-votes-page-6.json,matched,polling-station-single-village
2022,文山區,萬美里,萬美里,蔣萬安,1949,data/raw/openfun/tw.gov.cec~txn~candidates-votes/2022/蔣萬安-village-votes-page-6.json,matched,polling-station-single-village
2022,文山區,萬盛里,萬盛里,陳時中,712,data/raw/openfun/tw.gov.cec~txn~candidates-votes/2022/陳時中-village-votes-page-6.json,matched,polling-station-single-village
2022,文山區,萬盛里,萬盛里,蔣萬安,1225,data/raw/openfun/tw.gov.cec~txn~candidates-votes/2022/蔣萬安-village-votes-page-6.json,matched,polling-station-single-village
2022,文山區,萬祥里,萬祥里,陳時中,735,data/raw/openfun/tw.gov.cec~txn~candidates-votes/2022/陳時中-village-votes-page-6.json,matched,polling-station-single-village
2022,文山區,萬祥里,萬祥里,蔣萬安,1073,data/raw/openfun/tw.gov.cec~txn~candidates-votes/2022/蔣萬安-village-votes-page-6.json,matched,polling-station-single-village
2022,文山區,萬隆里,萬隆里,陳時中,1018,data/raw/openfun/tw.gov.cec~txn~candidates-votes/2022/陳時中-village-votes-page-6.json,matched,polling-station-single-village
2022,文山區,萬隆里,萬隆里,蔣萬安,1945,data/raw/openfun/tw.gov.cec~txn~candidates-votes/2022/蔣萬安-village-votes-page-6.json,matched,polling-station-single-village
2022,文山區,萬興里,萬興里,陳時中,1313,data/raw/openfun/tw.gov.cec~txn~candidates-votes/2022/陳時中-village-votes-page-6.json,matched,polling-station-single-village
2022,文山區,萬興里,萬興里,蔣萬安,2031,data/raw/openfun/tw.gov.cec~txn~candidates-votes/2022/蔣萬安-village-votes-page-6.json,matched,polling-station-single-village
2022,文山區,試院里,試院里,陳時中,856,data/raw/openfun/tw.gov.cec~txn~candidates-votes/2022/陳時中-village-votes-page-6.json,matched,polling-station-single-village
2022,文山區,試院里,試院里,蔣萬安,1968,data/raw/openfun/tw.gov.cec~txn~candidates-votes/2022/蔣萬安-village-votes-page-6.json,matched,polling-station-single-village
2022,文山區,樟文里,樟文里,陳時中,969,data/raw/openfun/tw.gov.cec~txn~candidates-votes/2022/陳時中-village-votes-page-6.json,matched,polling-station-single-village
2022,文山區,樟文里,樟文里,蔣萬安,1598,data/raw/openfun/tw.gov.cec~txn~candidates-votes/2022/蔣萬安-village-votes-page-6.json,matched,polling-station-single-village
2022,文山區,樟林里,樟林里,陳時中,1073,data/raw/openfun/tw.gov.cec~txn~candidates-votes/2022/陳時中-village-votes-page-6.json,matched,polling-station-single-village
2022,文山區,樟林里,樟林里,蔣萬安,2277,data/raw/openfun/tw.gov.cec~txn~candidates-votes/2022/蔣萬安-village-votes-page-6.json,matched,polling-station-single-village
2022,文山區,樟新里,樟新里,陳時中,720,data/raw/openfun/tw.gov.cec~txn~candidates-votes/2022/陳時中-village-votes-page-6.json,matched,polling-station-single-village
2022,文山區,樟新里,樟新里,蔣萬安,1501,data/raw/openfun/tw.gov.cec~txn~candidates-votes/2022/蔣萬安-village-votes-page-6.json,matched,polling-station-single-village
2022,文山區,樟腳里,樟腳里,陳時中,813,data/raw/openfun/tw.gov.cec~txn~candidates-votes/2022/陳時中-village-votes-page-6.json,matched,polling-station-single-village
2022,文山區,樟腳里,樟腳里,蔣萬安,1414,data/raw/openfun/tw.gov.cec~txn~candidates-votes/2022/蔣萬安-village-votes-page-6.json,matched,polling-station-single-village
2022,文山區,樟樹里,樟樹里,陳時中,719,data/raw/openfun/tw.gov.cec~txn~candidates-votes/2022/陳時中-village-votes-page-6.json,matched,polling-station-single-village
2022,文山區,樟樹里,樟樹里,蔣萬安,1198,data/raw/openfun/tw.gov.cec~txn~candidates-votes/2022/蔣萬安-village-votes-page-6.json,matched,polling-station-single-village
2022,文山區,興光里,興光里,陳時中,488,data/raw/openfun/tw.gov.cec~txn~candidates-votes/2022/陳時中-village-votes-page-6.json,matched,polling-station-single-village
2022,文山區,興光里,興光里,蔣萬安,1015,data/raw/openfun/tw.gov.cec~txn~candidates-votes/2022/蔣萬安-village-votes-page-6.json,matched,polling-station-single-village
2022,文山區,興安里,興安里,陳時中,900,data/raw/openfun/tw.gov.cec~txn~candidates-votes/2022/陳時中-village-votes-page-6.json,matched,polling-station-single-village
2022,文山區,興安里,興安里,蔣萬安,2005,data/raw/openfun/tw.gov.cec~txn~candidates-votes/2022/蔣萬安-village-votes-page-6.json,matched,polling-station-single-village
2022,文山區,興邦里,興邦里,陳時中,558,data/raw/openfun/tw.gov.cec~txn~candidates-votes/2022/陳時中-village-votes-page-6.json,matched,polling-station-single-village
2022,文山區,興邦里,興邦里,蔣萬安,1514,data/raw/openfun/tw.gov.cec~txn~candidates-votes/2022/蔣萬安-village-votes-page-6.json,matched,polling-station-single-village
2022,文山區,興旺里,興旺里,陳時中,979,data/raw/openfun/tw.gov.cec~txn~candidates-votes/2022/陳時中-village-votes-page-6.json,matched,polling-station-single-village
2022,文山區,興旺里,興旺里,蔣萬安,2376,data/raw/openfun/tw.gov.cec~txn~candidates-votes/2022/蔣萬安-village-votes-page-6.json,matched,polling-station-single-village
2022,文山區,興昌里,興昌里,陳時中,877,data/raw/openfun/tw.gov.cec~txn~candidates-votes/2022/陳時中-village-votes-page-6.json,matched,polling-station-single-village
2022,文山區,興昌里,興昌里,蔣萬安,1744,data/raw/openfun/tw.gov.cec~txn~candidates-votes/2022/蔣萬安-village-votes-page-6.json,matched,polling-station-single-village
2022,文山區,興家里,興家里,陳時中,933,data/raw/openfun/tw.gov.cec~txn~candidates-votes/2022/陳時中-village-votes-page-6.json,matched,polling-station-single-village
2022,文山區,興家里,興家里,蔣萬安,2097,data/raw/openfun/tw.gov.cec~txn~candidates-votes/2022/蔣萬安-village-votes-page-6.json,matched,polling-station-single-village
2022,文山區,興泰里,興泰里,陳時中,617,data/raw/openfun/tw.gov.cec~txn~candidates-votes/2022/陳時中-village-votes-page-6.json,matched,polling-station-single-village
2022,文山區,興泰里,興泰里,蔣萬安,1147,data/raw/openfun/tw.gov.cec~txn~candidates-votes/2022/蔣萬安-village-votes-page-6.json,matched,polling-station-single-village
2022,文山區,興得里,興得里,陳時中,799,data/raw/openfun/tw.gov.cec~txn~candidates-votes/2022/陳時中-village-votes-page-6.json,matched,polling-station-single-village
2022,文山區,興得里,興得里,蔣萬安,1669,data/raw/openfun/tw.gov.cec~txn~candidates-votes/2022/蔣萬安-village-votes-page-6.json,matched,polling-station-single-village
2022,文山區,興業里,興業里,陳時中,652,data/raw/openfun/tw.gov.cec~txn~candidates-votes/2022/陳時中-village-votes-page-6.json,matched,polling-station-single-village
2022,文山區,興業里,興業里,蔣萬安,1575,data/raw/openfun/tw.gov.cec~txn~candidates-votes/2022/蔣萬安-village-votes-page-6.json,matched,polling-station-single-village
2022,文山區,興福里,興福里,陳時中,880,data/raw/openfun/tw.gov.cec~txn~candidates-votes/2022/陳時中-village-votes-page-6.json,matched,polling-station-single-village
2022,文山區,興福里,興福里,蔣萬安,1389,data/raw/openfun/tw.gov.cec~txn~candidates-votes/2022/蔣萬安-village-votes-page-6.json,matched,polling-station-single-village
2022,文山區,興豐里,興豐里,陳時中,749,data/raw/openfun/tw.gov.cec~txn~candidates-votes/2022/陳時中-village-votes-page-6.json,matched,polling-station-single-village
2022,文山區,興豐里,興豐里,蔣萬安,1287,data/raw/openfun/tw.gov.cec~txn~candidates-votes/2022/蔣萬安-village-votes-page-6.json,matched,polling-station-single-village
2022,北投區,一德里,一德里,陳時中,1549,data/raw/openfun/tw.gov.cec~txn~candidates-votes/2022/陳時中-village-votes-page-9.json,matched,polling-station-single-village
2022,北投區,一德里,一德里,蔣萬安,1405,data/raw/openfun/tw.gov.cec~txn~candidates-votes/2022/蔣萬安-village-votes-page-9.json,matched,polling-station-single-village
2022,北投區,八仙里,八仙里,陳時中,1048,data/raw/openfun/tw.gov.cec~txn~candidates-votes/2022/陳時中-village-votes-page-9.json,matched,polling-station-single-village
2022,北投區,八仙里,八仙里,蔣萬安,1075,data/raw/openfun/tw.gov.cec~txn~candidates-votes/2022/蔣萬安-village-votes-page-9.json,matched,polling-station-single-village
2022,北投區,大屯里,大屯里,陳時中,328,data/raw/openfun/tw.gov.cec~txn~candidates-votes/2022/陳時中-village-votes-page-9.json,matched,polling-station-single-village
2022,北投區,大屯里,大屯里,蔣萬安,203,data/raw/openfun/tw.gov.cec~txn~candidates-votes/2022/蔣萬安-village-votes-page-9.json,matched,polling-station-single-village
2022,北投區,大同里,大同里,陳時中,1199,data/raw/openfun/tw.gov.cec~txn~candidates-votes/2022/陳時中-village-votes-page-9.json,matched,polling-station-single-village
2022,北投區,大同里,大同里,蔣萬安,1060,data/raw/openfun/tw.gov.cec~txn~candidates-votes/2022/蔣萬安-village-votes-page-9.json,matched,polling-station-single-village
2022,北投區,中心里,中心里,陳時中,1141,data/raw/openfun/tw.gov.cec~txn~candidates-votes/2022/陳時中-village-votes-page-9.json,matched,polling-station-single-village
2022,北投區,中心里,中心里,蔣萬安,1334,data/raw/openfun/tw.gov.cec~txn~candidates-votes/2022/蔣萬安-village-votes-page-9.json,matched,polling-station-single-village
2022,北投區,中央里,中央里,陳時中,1667,data/raw/openfun/tw.gov.cec~txn~candidates-votes/2022/陳時中-village-votes-page-9.json,matched,polling-station-single-village
2022,北投區,中央里,中央里,蔣萬安,1513,data/raw/openfun/tw.gov.cec~txn~candidates-votes/2022/蔣萬安-village-votes-page-9.json,matched,polling-station-single-village
2022,北投區,中和里,中和里,陳時中,927,data/raw/openfun/tw.gov.cec~txn~candidates-votes/2022/陳時中-village-votes-page-9.json,matched,polling-station-single-village
2022,北投區,中和里,中和里,蔣萬安,1103,data/raw/openfun/tw.gov.cec~txn~candidates-votes/2022/蔣萬安-village-votes-page-9.json,matched,polling-station-single-village
2022,北投區,中庸里,中庸里,陳時中,784,data/raw/openfun/tw.gov.cec~txn~candidates-votes/2022/陳時中-village-votes-page-9.json,matched,polling-station-single-village
2022,北投區,中庸里,中庸里,蔣萬安,793,data/raw/openfun/tw.gov.cec~txn~candidates-votes/2022/蔣萬安-village-votes-page-9.json,matched,polling-station-single-village
2022,北投區,文化里,文化里,陳時中,479,data/raw/openfun/tw.gov.cec~txn~candidates-votes/2022/陳時中-village-votes-page-9.json,matched,polling-station-single-village
2022,北投區,文化里,文化里,蔣萬安,1246,data/raw/openfun/tw.gov.cec~txn~candidates-votes/2022/蔣萬安-village-votes-page-9.json,matched,polling-station-single-village
2022,北投區,文林里,文林里,陳時中,967,data/raw/openfun/tw.gov.cec~txn~candidates-votes/2022/陳時中-village-votes-page-8.json,matched,polling-station-single-village
2022,北投區,文林里,文林里,蔣萬安,834,data/raw/openfun/tw.gov.cec~txn~candidates-votes/2022/蔣萬安-village-votes-page-8.json,matched,polling-station-single-village
2022,北投區,永和里,永和里,陳時中,1877,data/raw/openfun/tw.gov.cec~txn~candidates-votes/2022/陳時中-village-votes-page-9.json,matched,polling-station-single-village
2022,北投區,永和里,永和里,蔣萬安,1939,data/raw/openfun/tw.gov.cec~txn~candidates-votes/2022/蔣萬安-village-votes-page-9.json,matched,polling-station-single-village
2022,北投區,永明里,永明里,陳時中,837,data/raw/openfun/tw.gov.cec~txn~candidates-votes/2022/陳時中-village-votes-page-9.json,matched,polling-station-single-village
2022,北投區,永明里,永明里,蔣萬安,1073,data/raw/openfun/tw.gov.cec~txn~candidates-votes/2022/蔣萬安-village-votes-page-9.json,matched,polling-station-single-village
2022,北投區,永欣里,永欣里,陳時中,1395,data/raw/openfun/tw.gov.cec~txn~candidates-votes/2022/陳時中-village-votes-page-9.json,matched,polling-station-single-village
2022,北投區,永欣里,永欣里,蔣萬安,1778,data/raw/openfun/tw.gov.cec~txn~candidates-votes/2022/蔣萬安-village-votes-page-9.json,matched,polling-station-single-village
2022,北投區,石牌里,石牌里,陳時中,1092,data/raw/openfun/tw.gov.cec~txn~candidates-votes/2022/陳時中-village-votes-page-8.json,matched,polling-station-single-village
2022,北投區,石牌里,石牌里,蔣萬安,1065,data/raw/openfun/tw.gov.cec~txn~candidates-votes/2022/蔣萬安-village-votes-page-8.json,matched,polling-station-single-village
2022,北投區,立農里,立農里,陳時中,1737,data/raw/openfun/tw.gov.cec~txn~candidates-votes/2022/陳時中-village-votes-page-9.json,matched,polling-station-single-village
2022,北投區,立農里,立農里,蔣萬安,1816,data/raw/openfun/tw.gov.cec~txn~candidates-votes/2022/蔣萬安-village-votes-page-9.json,matched,polling-station-single-village
2022,北投區,立賢里,立賢里,陳時中,1044,data/raw/openfun/tw.gov.cec~txn~candidates-votes/2022/陳時中-village-votes-page-9.json,matched,polling-station-single-village
2022,北投區,立賢里,立賢里,蔣萬安,1128,data/raw/openfun/tw.gov.cec~txn~candidates-votes/2022/蔣萬安-village-votes-page-9.json,matched,polling-station-single-village
2022,北投區,吉利里,吉利里,陳時中,1108,data/raw/openfun/tw.gov.cec~txn~candidates-votes/2022/陳時中-village-votes-page-9.json,matched,polling-station-single-village
2022,北投區,吉利里,吉利里,蔣萬安,1565,data/raw/openfun/tw.gov.cec~txn~candidates-votes/2022/蔣萬安-village-votes-page-9.json,matched,polling-station-single-village
2022,北投區,吉慶里,吉慶里,陳時中,1027,data/raw/openfun/tw.gov.cec~txn~candidates-votes/2022/陳時中-village-votes-page-9.json,matched,polling-station-single-village
2022,北投區,吉慶里,吉慶里,蔣萬安,961,data/raw/openfun/tw.gov.cec~txn~candidates-votes/2022/蔣萬安-village-votes-page-9.json,matched,polling-station-single-village
2022,北投區,秀山里,秀山里,陳時中,599,data/raw/openfun/tw.gov.cec~txn~candidates-votes/2022/陳時中-village-votes-page-9.json,matched,polling-station-single-village
2022,北投區,秀山里,秀山里,蔣萬安,748,data/raw/openfun/tw.gov.cec~txn~candidates-votes/2022/蔣萬安-village-votes-page-9.json,matched,polling-station-single-village
2022,北投區,奇岩里,奇岩里,陳時中,2180,data/raw/openfun/tw.gov.cec~txn~candidates-votes/2022/陳時中-village-votes-page-9.json,matched,polling-station-single-village
2022,北投區,奇岩里,奇岩里,蔣萬安,2413,data/raw/openfun/tw.gov.cec~txn~candidates-votes/2022/蔣萬安-village-votes-page-9.json,matched,polling-station-single-village
2022,北投區,東華里,東華里,陳時中,768,data/raw/openfun/tw.gov.cec~txn~candidates-votes/2022/陳時中-village-votes-page-9.json,matched,polling-station-single-village
2022,北投區,東華里,東華里,蔣萬安,1124,data/raw/openfun/tw.gov.cec~txn~candidates-votes/2022/蔣萬安-village-votes-page-9.json,matched,polling-station-single-village
2022,北投區,林泉里,林泉里,陳時中,458,data/raw/openfun/tw.gov.cec~txn~candidates-votes/2022/陳時中-village-votes-page-9.json,matched,polling-station-single-village
2022,北投區,林泉里,林泉里,蔣萬安,668,data/raw/openfun/tw.gov.cec~txn~candidates-votes/2022/蔣萬安-village-votes-page-9.json,matched,polling-station-single-village
2022,北投區,長安里,長安里,陳時中,1163,data/raw/openfun/tw.gov.cec~txn~candidates-votes/2022/陳時中-village-votes-page-9.json,matched,polling-station-single-village
2022,北投區,長安里,長安里,蔣萬安,1223,data/raw/openfun/tw.gov.cec~txn~candidates-votes/2022/蔣萬安-village-votes-page-9.json,matched,polling-station-single-village
2022,北投區,建民里,建民里,陳時中,1023,data/raw/openfun/tw.gov.cec~txn~candidates-votes/2022/陳時中-village-votes-page-8.json,matched,polling-station-single-village
2022,北投區,建民里,建民里,蔣萬安,910,data/raw/openfun/tw.gov.cec~txn~candidates-votes/2022/蔣萬安-village-votes-page-8.json,matched,polling-station-single-village
2022,北投區,泉源里,泉源里,陳時中,499,data/raw/openfun/tw.gov.cec~txn~candidates-votes/2022/陳時中-village-votes-page-9.json,matched,polling-station-single-village
2022,北投區,泉源里,泉源里,蔣萬安,439,data/raw/openfun/tw.gov.cec~txn~candidates-votes/2022/蔣萬安-village-votes-page-9.json,matched,polling-station-single-village
2022,北投區,洲美里,洲美里,陳時中,642,data/raw/openfun/tw.gov.cec~txn~candidates-votes/2022/陳時中-village-votes-page-9.json,matched,polling-station-single-village
2022,北投區,洲美里,洲美里,蔣萬安,376,data/raw/openfun/tw.gov.cec~txn~candidates-votes/2022/蔣萬安-village-votes-page-9.json,matched,polling-station-single-village
2022,北投區,振華里,振華里,陳時中,1319,data/raw/openfun/tw.gov.cec~txn~candidates-votes/2022/陳時中-village-votes-page-9.json,matched,polling-station-single-village
2022,北投區,振華里,振華里,蔣萬安,1705,data/raw/openfun/tw.gov.cec~txn~candidates-votes/2022/蔣萬安-village-votes-page-9.json,matched,polling-station-single-village
2022,北投區,桃源里,桃源里,陳時中,1282,data/raw/openfun/tw.gov.cec~txn~candidates-votes/2022/陳時中-village-votes-page-9.json,matched,polling-station-single-village
2022,北投區,桃源里,桃源里,蔣萬安,1248,data/raw/openfun/tw.gov.cec~txn~candidates-votes/2022/蔣萬安-village-votes-page-9.json,matched,polling-station-single-village
2022,北投區,清江里,清江里,陳時中,1791,data/raw/openfun/tw.gov.cec~txn~candidates-votes/2022/陳時中-village-votes-page-9.json,matched,polling-station-single-village
2022,北投區,清江里,清江里,蔣萬安,1843,data/raw/openfun/tw.gov.cec~txn~candidates-votes/2022/蔣萬安-village-votes-page-9.json,matched,polling-station-single-village
2022,北投區,尊賢里,尊賢里,陳時中,1066,data/raw/openfun/tw.gov.cec~txn~candidates-votes/2022/陳時中-village-votes-page-9.json,matched,polling-station-single-village
2022,北投區,尊賢里,尊賢里,蔣萬安,833,data/raw/openfun/tw.gov.cec~txn~candidates-votes/2022/蔣萬安-village-votes-page-9.json,matched,polling-station-single-village
2022,北投區,智仁里,智仁里,陳時中,1078,data/raw/openfun/tw.gov.cec~txn~candidates-votes/2022/陳時中-village-votes-page-9.json,matched,polling-station-single-village
2022,北投區,智仁里,智仁里,蔣萬安,1390,data/raw/openfun/tw.gov.cec~txn~candidates-votes/2022/蔣萬安-village-votes-page-9.json,matched,polling-station-single-village
2022,北投區,湖山里,湖山里,陳時中,341,data/raw/openfun/tw.gov.cec~txn~candidates-votes/2022/陳時中-village-votes-page-9.json,matched,polling-station-single-village
2022,北投區,湖山里,湖山里,蔣萬安,364,data/raw/openfun/tw.gov.cec~txn~candidates-votes/2022/蔣萬安-village-votes-page-9.json,matched,polling-station-single-village
2022,北投區,湖田里,湖田里,陳時中,164,data/raw/openfun/tw.gov.cec~txn~candidates-votes/2022/陳時中-village-votes-page-9.json,matched,polling-station-single-village
2022,北投區,湖田里,湖田里,蔣萬安,213,data/raw/openfun/tw.gov.cec~txn~candidates-votes/2022/蔣萬安-village-votes-page-9.json,matched,polling-station-single-village
2022,北投區,開明里,開明里,陳時中,1242,data/raw/openfun/tw.gov.cec~txn~candidates-votes/2022/陳時中-village-votes-page-9.json,matched,polling-station-single-village
2022,北投區,開明里,開明里,蔣萬安,1553,data/raw/openfun/tw.gov.cec~txn~candidates-votes/2022/蔣萬安-village-votes-page-9.json,matched,polling-station-single-village
2022,北投區,溫泉里,溫泉里,陳時中,1345,data/raw/openfun/tw.gov.cec~txn~candidates-votes/2022/陳時中-village-votes-page-9.json,matched,polling-station-single-village
2022,北投區,溫泉里,溫泉里,蔣萬安,1408,data/raw/openfun/tw.gov.cec~txn~candidates-votes/2022/蔣萬安-village-votes-page-9.json,matched,polling-station-single-village
2022,北投區,裕民里,裕民里,陳時中,1455,data/raw/openfun/tw.gov.cec~txn~candidates-votes/2022/陳時中-village-votes-page-9.json,matched,polling-station-single-village
2022,北投區,裕民里,裕民里,蔣萬安,1711,data/raw/openfun/tw.gov.cec~txn~candidates-votes/2022/蔣萬安-village-votes-page-9.json,matched,polling-station-single-village
2022,北投區,榮光里,榮光里,陳時中,1205,data/raw/openfun/tw.gov.cec~txn~candidates-votes/2022/陳時中-village-votes-page-9.json,matched,polling-station-single-village
2022,北投區,榮光里,榮光里,蔣萬安,1520,data/raw/openfun/tw.gov.cec~txn~candidates-votes/2022/蔣萬安-village-votes-page-9.json,matched,polling-station-single-village
2022,北投區,榮華里,榮華里,陳時中,1365,data/raw/openfun/tw.gov.cec~txn~candidates-votes/2022/陳時中-village-votes-page-9.json,matched,polling-station-single-village
2022,北投區,榮華里,榮華里,蔣萬安,1684,data/raw/openfun/tw.gov.cec~txn~candidates-votes/2022/蔣萬安-village-votes-page-9.json,matched,polling-station-single-village
2022,北投區,福興里,福興里,陳時中,1329,data/raw/openfun/tw.gov.cec~txn~candidates-votes/2022/陳時中-village-votes-page-8.json;data/raw/openfun/tw.gov.cec~txn~candidates-votes/2022/陳時中-village-votes-page-9.json,matched,polling-station-single-village
2022,北投區,福興里,福興里,蔣萬安,1502,data/raw/openfun/tw.gov.cec~txn~candidates-votes/2022/蔣萬安-village-votes-page-8.json;data/raw/openfun/tw.gov.cec~txn~candidates-votes/2022/蔣萬安-village-votes-page-9.json,matched,polling-station-single-village
2022,北投區,稻香里,稻香里,陳時中,938,data/raw/openfun/tw.gov.cec~txn~candidates-votes/2022/陳時中-village-votes-page-9.json,matched,polling-station-single-village
2022,北投區,稻香里,稻香里,蔣萬安,1321,data/raw/openfun/tw.gov.cec~txn~candidates-votes/2022/蔣萬安-village-votes-page-9.json,matched,polling-station-single-village
2022,北投區,豐年里,豐年里,陳時中,780,data/raw/openfun/tw.gov.cec~txn~candidates-votes/2022/陳時中-village-votes-page-9.json,matched,polling-station-single-village
2022,北投區,豐年里,豐年里,蔣萬安,946,data/raw/openfun/tw.gov.cec~txn~candidates-votes/2022/蔣萬安-village-votes-page-9.json,matched,polling-station-single-village
2022,北投區,關渡里,關渡里,陳時中,2071,data/raw/openfun/tw.gov.cec~txn~candidates-votes/2022/陳時中-village-votes-page-9.json,matched,polling-station-single-village
2022,北投區,關渡里,關渡里,蔣萬安,2400,data/raw/openfun/tw.gov.cec~txn~candidates-votes/2022/蔣萬安-village-votes-page-9.json,matched,polling-station-single-village
2022,松山區,三民里,三民里,陳時中,1116,data/raw/openfun/tw.gov.cec~txn~candidates-votes/2022/陳時中-village-votes-page-1.json,matched,polling-station-single-village
2022,松山區,三民里,三民里,蔣萬安,1705,data/raw/openfun/tw.gov.cec~txn~candidates-votes/2022/蔣萬安-village-votes-page-1.json,matched,polling-station-single-village
2022,松山區,中正里,中正里,陳時中,1639,data/raw/openfun/tw.gov.cec~txn~candidates-votes/2022/陳時中-village-votes-page-1.json,matched,polling-station-single-village
2022,松山區,中正里,中正里,蔣萬安,1832,data/raw/openfun/tw.gov.cec~txn~candidates-votes/2022/蔣萬安-village-votes-page-1.json,matched,polling-station-single-village
2022,松山區,中崙里,中崙里,陳時中,660,data/raw/openfun/tw.gov.cec~txn~candidates-votes/2022/陳時中-village-votes-page-1.json,matched,polling-station-single-village
2022,松山區,中崙里,中崙里,蔣萬安,880,data/raw/openfun/tw.gov.cec~txn~candidates-votes/2022/蔣萬安-village-votes-page-1.json,matched,polling-station-single-village
2022,松山區,中華里,中華里,陳時中,1016,data/raw/openfun/tw.gov.cec~txn~candidates-votes/2022/陳時中-village-votes-page-1.json,matched,polling-station-single-village
2022,松山區,中華里,中華里,蔣萬安,1590,data/raw/openfun/tw.gov.cec~txn~candidates-votes/2022/蔣萬安-village-votes-page-1.json,matched,polling-station-single-village
2022,松山區,介壽里,介壽里,陳時中,790,data/raw/openfun/tw.gov.cec~txn~candidates-votes/2022/陳時中-village-votes-page-1.json,matched,polling-station-single-village
2022,松山區,介壽里,介壽里,蔣萬安,983,data/raw/openfun/tw.gov.cec~txn~candidates-votes/2022/蔣萬安-village-votes-page-1.json,matched,polling-station-single-village
2022,松山區,民有里,民有里,陳時中,1779,data/raw/openfun/tw.gov.cec~txn~candidates-votes/2022/陳時中-village-votes-page-1.json,matched,polling-station-single-village
2022,松山區,民有里,民有里,蔣萬安,1958,data/raw/openfun/tw.gov.cec~txn~candidates-votes/2022/蔣萬安-village-votes-page-1.json,matched,polling-station-single-village
2022,松山區,民福里,民福里,陳時中,969,data/raw/openfun/tw.gov.cec~txn~candidates-votes/2022/陳時中-village-votes-page-1.json,matched,polling-station-single-village
2022,松山區,民福里,民福里,蔣萬安,1766,data/raw/openfun/tw.gov.cec~txn~candidates-votes/2022/蔣萬安-village-votes-page-1.json,matched,polling-station-single-village
2022,松山區,吉仁里,吉仁里,陳時中,669,data/raw/openfun/tw.gov.cec~txn~candidates-votes/2022/陳時中-village-votes-page-1.json,matched,polling-station-single-village
2022,松山區,吉仁里,吉仁里,蔣萬安,832,data/raw/openfun/tw.gov.cec~txn~candidates-votes/2022/蔣萬安-village-votes-page-1.json,matched,polling-station-single-village
2022,松山區,吉祥里,吉祥里,陳時中,1392,data/raw/openfun/tw.gov.cec~txn~candidates-votes/2022/陳時中-village-votes-page-1.json,matched,polling-station-single-village
2022,松山區,吉祥里,吉祥里,蔣萬安,1964,data/raw/openfun/tw.gov.cec~txn~candidates-votes/2022/蔣萬安-village-votes-page-1.json,matched,polling-station-single-village
2022,松山區,安平里,安平里,陳時中,1556,data/raw/openfun/tw.gov.cec~txn~candidates-votes/2022/陳時中-village-votes-page-1.json,matched,polling-station-single-village
2022,松山區,安平里,安平里,蔣萬安,1911,data/raw/openfun/tw.gov.cec~txn~candidates-votes/2022/蔣萬安-village-votes-page-1.json,matched,polling-station-single-village
2022,松山區,自強里,自強里,陳時中,747,data/raw/openfun/tw.gov.cec~txn~candidates-votes/2022/陳時中-village-votes-page-1.json,matched,polling-station-single-village
2022,松山區,自強里,自強里,蔣萬安,3150,data/raw/openfun/tw.gov.cec~txn~candidates-votes/2022/蔣萬安-village-votes-page-1.json,matched,polling-station-single-village
2022,松山區,東光里,東光里,陳時中,1151,data/raw/openfun/tw.gov.cec~txn~candidates-votes/2022/陳時中-village-votes-page-1.json,matched,polling-station-single-village
2022,松山區,東光里,東光里,蔣萬安,1840,data/raw/openfun/tw.gov.cec~txn~candidates-votes/2022/蔣萬安-village-votes-page-1.json,matched,polling-station-single-village
2022,松山區,東昌里,東昌里,陳時中,486,data/raw/openfun/tw.gov.cec~txn~candidates-votes/2022/陳時中-village-votes-page-1.json,matched,polling-station-single-village
2022,松山區,東昌里,東昌里,蔣萬安,583,data/raw/openfun/tw.gov.cec~txn~candidates-votes/2022/蔣萬安-village-votes-page-1.json,matched,polling-station-single-village
2022,松山區,東勢里,東勢里,陳時中,796,data/raw/openfun/tw.gov.cec~txn~candidates-votes/2022/陳時中-village-votes-page-1.json,matched,polling-station-single-village
2022,松山區,東勢里,東勢里,蔣萬安,935,data/raw/openfun/tw.gov.cec~txn~candidates-votes/2022/蔣萬安-village-votes-page-1.json,matched,polling-station-single-village
2022,松山區,東榮里,東榮里,陳時中,1458,data/raw/openfun/tw.gov.cec~txn~candidates-votes/2022/陳時中-village-votes-page-1.json,matched,polling-station-single-village
2022,松山區,東榮里,東榮里,蔣萬安,1824,data/raw/openfun/tw.gov.cec~txn~candidates-votes/2022/蔣萬安-village-votes-page-1.json,matched,polling-station-single-village
2022,松山區,松基里,松基里,陳時中,691,data/raw/openfun/tw.gov.cec~txn~candidates-votes/2022/陳時中-village-votes-page-1.json,matched,polling-station-single-village
2022,松山區,松基里,松基里,蔣萬安,838,data/raw/openfun/tw.gov.cec~txn~candidates-votes/2022/蔣萬安-village-votes-page-1.json,matched,polling-station-single-village
2022,松山區,美仁里,美仁里,陳時中,631,data/raw/openfun/tw.gov.cec~txn~candidates-votes/2022/陳時中-village-votes-page-1.json,matched,polling-station-single-village
2022,松山區,美仁里,美仁里,蔣萬安,741,data/raw/openfun/tw.gov.cec~txn~candidates-votes/2022/蔣萬安-village-votes-page-1.json,matched,polling-station-single-village
2022,松山區,莊敬里,莊敬里,陳時中,816,data/raw/openfun/tw.gov.cec~txn~candidates-votes/2022/陳時中-village-votes-page-1.json,matched,polling-station-single-village
2022,松山區,莊敬里,莊敬里,蔣萬安,1345,data/raw/openfun/tw.gov.cec~txn~candidates-votes/2022/蔣萬安-village-votes-page-1.json,matched,polling-station-single-village
2022,松山區,富泰里,富泰里,陳時中,649,data/raw/openfun/tw.gov.cec~txn~candidates-votes/2022/陳時中-village-votes-page-1.json,matched,polling-station-single-village
2022,松山區,富泰里,富泰里,蔣萬安,1277,data/raw/openfun/tw.gov.cec~txn~candidates-votes/2022/蔣萬安-village-votes-page-1.json,matched,polling-station-single-village
2022,松山區,富錦里,富錦里,陳時中,858,data/raw/openfun/tw.gov.cec~txn~candidates-votes/2022/陳時中-village-votes-page-1.json,matched,polling-station-single-village
2022,松山區,富錦里,富錦里,蔣萬安,1327,data/raw/openfun/tw.gov.cec~txn~candidates-votes/2022/蔣萬安-village-votes-page-1.json,matched,polling-station-single-village
2022,松山區,復建里,復建里,陳時中,728,data/raw/openfun/tw.gov.cec~txn~candidates-votes/2022/陳時中-village-votes-page-1.json,matched,polling-station-single-village
2022,松山區,復建里,復建里,蔣萬安,1034,data/raw/openfun/tw.gov.cec~txn~candidates-votes/2022/蔣萬安-village-votes-page-1.json,matched,polling-station-single-village
2022,松山區,復盛里,復盛里,陳時中,1041,data/raw/openfun/tw.gov.cec~txn~candidates-votes/2022/陳時中-village-votes-page-1.json,matched,polling-station-single-village
2022,松山區,復盛里,復盛里,蔣萬安,1657,data/raw/openfun/tw.gov.cec~txn~candidates-votes/2022/蔣萬安-village-votes-page-1.json,matched,polling-station-single-village
2022,松山區,復勢里,復勢里,陳時中,1098,data/raw/openfun/tw.gov.cec~txn~candidates-votes/2022/陳時中-village-votes-page-1.json,matched,polling-station-single-village
2022,松山區,復勢里,復勢里,蔣萬安,1324,data/raw/openfun/tw.gov.cec~txn~candidates-votes/2022/蔣萬安-village-votes-page-1.json,matched,polling-station-single-village
2022,松山區,復源里,復源里,陳時中,531,data/raw/openfun/tw.gov.cec~txn~candidates-votes/2022/陳時中-village-votes-page-1.json,matched,polling-station-single-village
2022,松山區,復源里,復源里,蔣萬安,802,data/raw/openfun/tw.gov.cec~txn~candidates-votes/2022/蔣萬安-village-votes-page-1.json,matched,polling-station-single-village
2022,松山區,敦化里,敦化里,陳時中,1244,data/raw/openfun/tw.gov.cec~txn~candidates-votes/2022/陳時中-village-votes-page-1.json,matched,polling-station-single-village
2022,松山區,敦化里,敦化里,蔣萬安,1499,data/raw/openfun/tw.gov.cec~txn~candidates-votes/2022/蔣萬安-village-votes-page-1.json,matched,polling-station-single-village
2022,松山區,新東里,新東里,陳時中,853,data/raw/openfun/tw.gov.cec~txn~candidates-votes/2022/陳時中-village-votes-page-1.json,matched,polling-station-single-village
2022,松山區,新東里,新東里,蔣萬安,1235,data/raw/openfun/tw.gov.cec~txn~candidates-votes/2022/蔣萬安-village-votes-page-1.json,matched,polling-station-single-village
2022,松山區,新益里,新益里,陳時中,857,data/raw/openfun/tw.gov.cec~txn~candidates-votes/2022/陳時中-village-votes-page-1.json,matched,polling-station-single-village
2022,松山區,新益里,新益里,蔣萬安,1166,data/raw/openfun/tw.gov.cec~txn~candidates-votes/2022/蔣萬安-village-votes-page-1.json,matched,polling-station-single-village
2022,松山區,新聚里,新聚里,陳時中,1383,data/raw/openfun/tw.gov.cec~txn~candidates-votes/2022/陳時中-village-votes-page-1.json,matched,polling-station-single-village
2022,松山區,新聚里,新聚里,蔣萬安,1801,data/raw/openfun/tw.gov.cec~txn~candidates-votes/2022/蔣萬安-village-votes-page-1.json,matched,polling-station-single-village
2022,松山區,慈祐里,慈祐里,陳時中,1410,data/raw/openfun/tw.gov.cec~txn~candidates-votes/2022/陳時中-village-votes-page-1.json,matched,polling-station-single-village
2022,松山區,慈祐里,慈祐里,蔣萬安,1461,data/raw/openfun/tw.gov.cec~txn~candidates-votes/2022/蔣萬安-village-votes-page-1.json,matched,polling-station-single-village
2022,松山區,福成里,福成里,陳時中,463,data/raw/openfun/tw.gov.cec~txn~candidates-votes/2022/陳時中-village-votes-page-1.json,matched,polling-station-single-village
2022,松山區,福成里,福成里,蔣萬安,585,data/raw/openfun/tw.gov.cec~txn~candidates-votes/2022/蔣萬安-village-votes-page-1.json,matched,polling-station-single-village
2022,松山區,精忠里,精忠里,陳時中,704,data/raw/openfun/tw.gov.cec~txn~candidates-votes/2022/陳時中-village-votes-page-1.json,matched,polling-station-single-village
2022,松山區,精忠里,精忠里,蔣萬安,1045,data/raw/openfun/tw.gov.cec~txn~candidates-votes/2022/蔣萬安-village-votes-page-1.json,matched,polling-station-single-village
2022,松山區,龍田里,龍田里,陳時中,1183,data/raw/openfun/tw.gov.cec~txn~candidates-votes/2022/陳時中-village-votes-page-1.json,matched,polling-station-single-village
2022,松山區,龍田里,龍田里,蔣萬安,2985,data/raw/openfun/tw.gov.cec~txn~candidates-votes/2022/蔣萬安-village-votes-page-1.json,matched,polling-station-single-village
2022,松山區,鵬程里,鵬程里,陳時中,734,data/raw/openfun/tw.gov.cec~txn~candidates-votes/2022/陳時中-village-votes-page-1.json,matched,polling-station-single-village
2022,松山區,鵬程里,鵬程里,蔣萬安,1420,data/raw/openfun/tw.gov.cec~txn~candidates-votes/2022/蔣萬安-village-votes-page-1.json,matched,polling-station-single-village
2022,信義區,三張里,三張里,陳時中,1365,data/raw/openfun/tw.gov.cec~txn~candidates-votes/2022/陳時中-village-votes-page-2.json,matched,polling-station-single-village
2022,信義區,三張里,三張里,蔣萬安,2254,data/raw/openfun/tw.gov.cec~txn~candidates-votes/2022/蔣萬安-village-votes-page-2.json,matched,polling-station-single-village
2022,信義區,三犁里,三犁里,陳時中,771,data/raw/openfun/tw.gov.cec~txn~candidates-votes/2022/陳時中-village-votes-page-2.json,matched,polling-station-single-village
2022,信義區,三犁里,三犁里,蔣萬安,1279,data/raw/openfun/tw.gov.cec~txn~candidates-votes/2022/蔣萬安-village-votes-page-2.json,matched,polling-station-single-village
2022,信義區,大仁里,大仁里,陳時中,787,data/raw/openfun/tw.gov.cec~txn~candidates-votes/2022/陳時中-village-votes-page-2.json,matched,polling-station-single-village
2022,信義區,大仁里,大仁里,蔣萬安,1042,data/raw/openfun/tw.gov.cec~txn~candidates-votes/2022/蔣萬安-village-votes-page-2.json,matched,polling-station-single-village
2022,信義區,大道里,大道里,陳時中,1114,data/raw/openfun/tw.gov.cec~txn~candidates-votes/2022/陳時中-village-votes-page-2.json,matched,polling-station-single-village
2022,信義區,大道里,大道里,蔣萬安,1438,data/raw/openfun/tw.gov.cec~txn~candidates-votes/2022/蔣萬安-village-votes-page-2.json,matched,polling-station-single-village
2022,信義區,中行里,中行里,陳時中,1462,data/raw/openfun/tw.gov.cec~txn~candidates-votes/2022/陳時中-village-votes-page-2.json,matched,polling-station-single-village
2022,信義區,中行里,中行里,蔣萬安,1683,data/raw/openfun/tw.gov.cec~txn~candidates-votes/2022/蔣萬安-village-votes-page-2.json,matched,polling-station-single-village
2022,信義區,中坡里,中坡里,陳時中,798,data/raw/openfun/tw.gov.cec~txn~candidates-votes/2022/陳時中-village-votes-page-2.json,matched,polling-station-single-village
2022,信義區,中坡里,中坡里,蔣萬安,1081,data/raw/openfun/tw.gov.cec~txn~candidates-votes/2022/蔣萬安-village-votes-page-2.json,matched,polling-station-single-village
2022,信義區,中興里,中興里,陳時中,525,data/raw/openfun/tw.gov.cec~txn~candidates-votes/2022/陳時中-village-votes-page-1.json,matched,polling-station-single-village
2022,信義區,中興里,中興里,蔣萬安,759,data/raw/openfun/tw.gov.cec~txn~candidates-votes/2022/蔣萬安-village-votes-page-1.json,matched,polling-station-single-village
2022,信義區,五全里,五全里,陳時中,971,data/raw/openfun/tw.gov.cec~txn~candidates-votes/2022/陳時中-village-votes-page-1.json,matched,polling-station-single-village
2022,信義區,五全里,五全里,蔣萬安,1037,data/raw/openfun/tw.gov.cec~txn~candidates-votes/2022/蔣萬安-village-votes-page-1.json,matched,polling-station-single-village
2022,信義區,五常里,五常里,陳時中,625,data/raw/openfun/tw.gov.cec~txn~candidates-votes/2022/陳時中-village-votes-page-1.json,matched,polling-station-single-village
2022,信義區,五常里,五常里,蔣萬安,859,data/raw/openfun/tw.gov.cec~txn~candidates-votes/2022/蔣萬安-village-votes-page-1.json,matched,polling-station-single-village
2022,信義區,六合里,六合里,陳時中,890,data/raw/openfun/tw.gov.cec~txn~candidates-votes/2022/陳時中-village-votes-page-2.json,matched,polling-station-single-village
2022,信義區,六合里,六合里,蔣萬安,1832,data/raw/openfun/tw.gov.cec~txn~candidates-votes/2022/蔣萬安-village-votes-page-2.json,matched,polling-station-single-village
2022,信義區,六藝里,六藝里,陳時中,660,data/raw/openfun/tw.gov.cec~txn~candidates-votes/2022/陳時中-village-votes-page-1.json,matched,polling-station-single-village
2022,信義區,六藝里,六藝里,蔣萬安,825,data/raw/openfun/tw.gov.cec~txn~candidates-votes/2022/蔣萬安-village-votes-page-1.json,matched,polling-station-single-village
2022,信義區,四育里,四育里,陳時中,1173,data/raw/openfun/tw.gov.cec~txn~candidates-votes/2022/陳時中-village-votes-page-1.json,matched,polling-station-single-village
2022,信義區,四育里,四育里,蔣萬安,1248,data/raw/openfun/tw.gov.cec~txn~candidates-votes/2022/蔣萬安-village-votes-page-1.json,matched,polling-station-single-village
2022,信義區,四維里,四維里,陳時中,838,data/raw/openfun/tw.gov.cec~txn~candidates-votes/2022/陳時中-village-votes-page-1.json,matched,polling-station-single-village
2022,信義區,四維里,四維里,蔣萬安,1305,data/raw/openfun/tw.gov.cec~txn~candidates-votes/2022/蔣萬安-village-votes-page-1.json,matched,polling-station-single-village
2022,信義區,正和里,正和里,陳時中,668,data/raw/openfun/tw.gov.cec~txn~candidates-votes/2022/陳時中-village-votes-page-1.json,matched,polling-station-single-village
2022,信義區,正和里,正和里,蔣萬安,1217,data/raw/openfun/tw.gov.cec~txn~candidates-votes/2022/蔣萬安-village-votes-page-1.json,matched,polling-station-single-village
2022,信義區,永吉里,永吉里,陳時中,808,data/raw/openfun/tw.gov.cec~txn~candidates-votes/2022/陳時中-village-votes-page-1.json,matched,polling-station-single-village
2022,信義區,永吉里,永吉里,蔣萬安,701,data/raw/openfun/tw.gov.cec~txn~candidates-votes/2022/蔣萬安-village-votes-page-1.json,matched,polling-station-single-village
2022,信義區,永春里,永春里,陳時中,901,data/raw/openfun/tw.gov.cec~txn~candidates-votes/2022/陳時中-village-votes-page-1.json;data/raw/openfun/tw.gov.cec~txn~candidates-votes/2022/陳時中-village-votes-page-2.json,matched,polling-station-single-village
2022,信義區,永春里,永春里,蔣萬安,1092,data/raw/openfun/tw.gov.cec~txn~candidates-votes/2022/蔣萬安-village-votes-page-1.json;data/raw/openfun/tw.gov.cec~txn~candidates-votes/2022/蔣萬安-village-votes-page-2.json,matched,polling-station-single-village
2022,信義區,安康里,安康里,陳時中,1601,data/raw/openfun/tw.gov.cec~txn~candidates-votes/2022/陳時中-village-votes-page-1.json,matched,polling-station-single-village
2022,信義區,安康里,安康里,蔣萬安,2367,data/raw/openfun/tw.gov.cec~txn~candidates-votes/2022/蔣萬安-village-votes-page-1.json,matched,polling-station-single-village
2022,信義區,西村里,西村里,陳時中,538,data/raw/openfun/tw.gov.cec~txn~candidates-votes/2022/陳時中-village-votes-page-1.json,matched,polling-station-single-village
2022,信義區,西村里,西村里,蔣萬安,1527,data/raw/openfun/tw.gov.cec~txn~candidates-votes/2022/蔣萬安-village-votes-page-1.json,matched,polling-station-single-village
2022,信義區,松友里,松友里,陳時中,1014,data/raw/openfun/tw.gov.cec~txn~candidates-votes/2022/陳時中-village-votes-page-2.json,matched,polling-station-single-village
2022,信義區,松友里,松友里,蔣萬安,1563,data/raw/openfun/tw.gov.cec~txn~candidates-votes/2022/蔣萬安-village-votes-page-2.json,matched,polling-station-single-village
2022,信義區,松光里,松光里,陳時中,885,data/raw/openfun/tw.gov.cec~txn~candidates-votes/2022/陳時中-village-votes-page-2.json,matched,polling-station-single-village
2022,信義區,松光里,松光里,蔣萬安,1115,data/raw/openfun/tw.gov.cec~txn~candidates-votes/2022/蔣萬安-village-votes-page-2.json,matched,polling-station-single-village
2022,信義區,松隆里,松隆里,陳時中,359,data/raw/openfun/tw.gov.cec~txn~candidates-votes/2022/陳時中-village-votes-page-2.json,matched,polling-station-single-village
2022,信義區,松隆里,松隆里,蔣萬安,529,data/raw/openfun/tw.gov.cec~txn~candidates-votes/2022/蔣萬安-village-votes-page-2.json,matched,polling-station-single-village
2022,信義區,長春里,長春里,陳時中,811,data/raw/openfun/tw.gov.cec~txn~candidates-votes/2022/陳時中-village-votes-page-1.json,matched,polling-station-single-village
2022,信義區,長春里,長春里,蔣萬安,959,data/raw/openfun/tw.gov.cec~txn~candidates-votes/2022/蔣萬安-village-votes-page-1.json,matched,polling-station-single-village
2022,信義區,泰和里,泰和里,陳時中,1153,data/raw/openfun/tw.gov.cec~txn~candidates-votes/2022/陳時中-village-votes-page-2.json,matched,polling-station-single-village
2022,信義區,泰和里,泰和里,蔣萬安,1830,data/raw/openfun/tw.gov.cec~txn~candidates-votes/2022/蔣萬安-village-votes-page-2.json,matched,polling-station-single-village
2022,信義區,國業里,國業里,陳時中,1157,data/raw/openfun/tw.gov.cec~txn~candidates-votes/2022/陳時中-village-votes-page-2.json,matched,polling-station-single-village
2022,信義區,國業里,國業里,蔣萬安,1703,data/raw/openfun/tw.gov.cec~txn~candidates-votes/2022/蔣萬安-village-votes-page-2.json,matched,polling-station-single-village
2022,信義區,富台里,富台里,陳時中,593,data/raw/openfun/tw.gov.cec~txn~candidates-votes/2022/陳時中-village-votes-page-2.json,matched,polling-station-single-village
2022,信義區,富台里,富台里,蔣萬安,1256,data/raw/openfun/tw.gov.cec~txn~candidates-votes/2022/蔣萬安-village-votes-page-2.json,matched,polling-station-single-village
2022,信義區,惠安里,惠安里,陳時中,852,data/raw/openfun/tw.gov.cec~txn~candidates-votes/2022/陳時中-village-votes-page-2.json,matched,polling-station-single-village
2022,信義區,惠安里,惠安里,蔣萬安,1722,data/raw/openfun/tw.gov.cec~txn~candidates-votes/2022/蔣萬安-village-votes-page-2.json,matched,polling-station-single-village
2022,信義區,敦厚里,敦厚里,陳時中,800,data/raw/openfun/tw.gov.cec~txn~candidates-votes/2022/陳時中-village-votes-page-1.json,matched,polling-station-single-village
2022,信義區,敦厚里,敦厚里,蔣萬安,1182,data/raw/openfun/tw.gov.cec~txn~candidates-votes/2022/蔣萬安-village-votes-page-1.json,matched,polling-station-single-village
2022,信義區,景勤里,景勤里,陳時中,581,data/raw/openfun/tw.gov.cec~txn~candidates-votes/2022/陳時中-village-votes-page-2.json,matched,polling-station-single-village
2022,信義區,景勤里,景勤里,蔣萬安,983,data/raw/openfun/tw.gov.cec~txn~candidates-votes/2022/蔣萬安-village-votes-page-2.json,matched,polling-station-single-village
2022,信義區,景新里,景新里,陳時中,729,data/raw/openfun/tw.gov.cec~txn~candidates-votes/2022/陳時中-village-votes-page-2.json,matched,polling-station-single-village
2022,信義區,景新里,景新里,蔣萬安,1355,data/raw/openfun/tw.gov.cec~txn~candidates-votes/2022/蔣萬安-village-votes-page-2.json,matched,polling-station-single-village
2022,信義區,景聯里,景聯里,陳時中,739,data/raw/openfun/tw.gov.cec~txn~candidates-votes/2022/陳時中-village-votes-page-2.json,matched,polling-station-single-village
2022,信義區,景聯里,景聯里,蔣萬安,1093,data/raw/openfun/tw.gov.cec~txn~candidates-votes/2022/蔣萬安-village-votes-page-2.json,matched,polling-station-single-village
2022,信義區,雅祥里,雅祥里,陳時中,1038,data/raw/openfun/tw.gov.cec~txn~candidates-votes/2022/陳時中-village-votes-page-1.json,matched,polling-station-single-village
2022,信義區,雅祥里,雅祥里,蔣萬安,1144,data/raw/openfun/tw.gov.cec~txn~candidates-votes/2022/蔣萬安-village-votes-page-1.json,matched,polling-station-single-village
2022,信義區,新仁里,新仁里,陳時中,451,data/raw/openfun/tw.gov.cec~txn~candidates-votes/2022/陳時中-village-votes-page-1.json,matched,polling-station-single-village
2022,信義區,新仁里,新仁里,蔣萬安,879,data/raw/openfun/tw.gov.cec~txn~candidates-votes/2022/蔣萬安-village-votes-page-1.json,matched,polling-station-single-village
2022,信義區,嘉興里,嘉興里,陳時中,555,data/raw/openfun/tw.gov.cec~txn~candidates-votes/2022/陳時中-village-votes-page-2.json,matched,polling-station-single-village
2022,信義區,嘉興里,嘉興里,蔣萬安,780,data/raw/openfun/tw.gov.cec~txn~candidates-votes/2022/蔣萬安-village-votes-page-2.json,matched,polling-station-single-village
2022,信義區,廣居里,廣居里,陳時中,1183,data/raw/openfun/tw.gov.cec~txn~candidates-votes/2022/陳時中-village-votes-page-1.json,matched,polling-station-single-village
2022,信義區,廣居里,廣居里,蔣萬安,1837,data/raw/openfun/tw.gov.cec~txn~candidates-votes/2022/蔣萬安-village-votes-page-1.json,matched,polling-station-single-village
2022,信義區,黎平里,黎平里,陳時中,1042,data/raw/openfun/tw.gov.cec~txn~candidates-votes/2022/陳時中-village-votes-page-2.json,matched,polling-station-single-village
2022,信義區,黎平里,黎平里,蔣萬安,1826,data/raw/openfun/tw.gov.cec~txn~candidates-votes/2022/蔣萬安-village-votes-page-2.json,matched,polling-station-single-village
2022,信義區,黎安里,黎安里,陳時中,251,data/raw/openfun/tw.gov.cec~txn~candidates-votes/2022/陳時中-village-votes-page-2.json,matched,polling-station-single-village
2022,信義區,黎安里,黎安里,蔣萬安,571,data/raw/openfun/tw.gov.cec~txn~candidates-votes/2022/蔣萬安-village-votes-page-2.json,matched,polling-station-single-village
2022,信義區,黎忠里,黎忠里,陳時中,783,data/raw/openfun/tw.gov.cec~txn~candidates-votes/2022/陳時中-village-votes-page-2.json,matched,polling-station-single-village
2022,信義區,黎忠里,黎忠里,蔣萬安,1260,data/raw/openfun/tw.gov.cec~txn~candidates-votes/2022/蔣萬安-village-votes-page-2.json,matched,polling-station-single-village
2022,信義區,黎順里,黎順里,陳時中,614,data/raw/openfun/tw.gov.cec~txn~candidates-votes/2022/陳時中-village-votes-page-2.json,matched,polling-station-single-village
2022,信義區,黎順里,黎順里,蔣萬安,1032,data/raw/openfun/tw.gov.cec~txn~candidates-votes/2022/蔣萬安-village-votes-page-2.json,matched,polling-station-single-village
2022,信義區,興隆里,興隆里,陳時中,368,data/raw/openfun/tw.gov.cec~txn~candidates-votes/2022/陳時中-village-votes-page-1.json,matched,polling-station-single-village
2022,信義區,興隆里,興隆里,蔣萬安,666,data/raw/openfun/tw.gov.cec~txn~candidates-votes/2022/蔣萬安-village-votes-page-1.json,matched,polling-station-single-village
2022,信義區,興雅里,興雅里,陳時中,907,data/raw/openfun/tw.gov.cec~txn~candidates-votes/2022/陳時中-village-votes-page-1.json,matched,polling-station-single-village
2022,信義區,興雅里,興雅里,蔣萬安,1304,data/raw/openfun/tw.gov.cec~txn~candidates-votes/2022/蔣萬安-village-votes-page-1.json,matched,polling-station-single-village
2022,信義區,雙和里,雙和里,陳時中,1073,data/raw/openfun/tw.gov.cec~txn~candidates-votes/2022/陳時中-village-votes-page-2.json,matched,polling-station-single-village
2022,信義區,雙和里,雙和里,蔣萬安,1897,data/raw/openfun/tw.gov.cec~txn~candidates-votes/2022/蔣萬安-village-votes-page-2.json,matched,polling-station-single-village
2022,南港區,九如里,九如里,陳時中,870,data/raw/openfun/tw.gov.cec~txn~candidates-votes/2022/陳時中-village-votes-page-7.json,matched,polling-station-single-village
2022,南港區,九如里,九如里,蔣萬安,1556,data/raw/openfun/tw.gov.cec~txn~candidates-votes/2022/蔣萬安-village-votes-page-7.json,matched,polling-station-single-village
2022,南港區,三重里,三重里,陳時中,1099,data/raw/openfun/tw.gov.cec~txn~candidates-votes/2022/陳時中-village-votes-page-6.json,matched,polling-station-single-village
2022,南港區,三重里,三重里,蔣萬安,1544,data/raw/openfun/tw.gov.cec~txn~candidates-votes/2022/蔣萬安-village-votes-page-6.json,matched,polling-station-single-village
2022,南港區,中南里,中南里,陳時中,613,data/raw/openfun/tw.gov.cec~txn~candidates-votes/2022/陳時中-village-votes-page-6.json,matched,polling-station-single-village
2022,南港區,中南里,中南里,蔣萬安,684,data/raw/openfun/tw.gov.cec~txn~candidates-votes/2022/蔣萬安-village-votes-page-6.json,matched,polling-station-single-village
2022,南港區,中研里,中研里,陳時中,1553,data/raw/openfun/tw.gov.cec~txn~candidates-votes/2022/陳時中-village-votes-page-7.json,matched,polling-station-single-village
2022,南港區,中研里,中研里,蔣萬安,1869,data/raw/openfun/tw.gov.cec~txn~candidates-votes/2022/蔣萬安-village-votes-page-7.json,matched,polling-station-single-village
2022,南港區,仁福里,仁福里,陳時中,779,data/raw/openfun/tw.gov.cec~txn~candidates-votes/2022/陳時中-village-votes-page-7.json,matched,polling-station-single-village
2022,南港區,仁福里,仁福里,蔣萬安,1447,data/raw/openfun/tw.gov.cec~txn~candidates-votes/2022/蔣萬安-village-votes-page-7.json,matched,polling-station-single-village
2022,南港區,玉成里,玉成里,陳時中,917,data/raw/openfun/tw.gov.cec~txn~candidates-votes/2022/陳時中-village-votes-page-6.json,matched,polling-station-single-village
2022,南港區,玉成里,玉成里,蔣萬安,990,data/raw/openfun/tw.gov.cec~txn~candidates-votes/2022/蔣萬安-village-votes-page-6.json,matched,polling-station-single-village
2022,南港區,合成里,合成里,陳時中,1185,data/raw/openfun/tw.gov.cec~txn~candidates-votes/2022/陳時中-village-votes-page-6.json,matched,polling-station-single-village
2022,南港區,合成里,合成里,蔣萬安,1444,data/raw/openfun/tw.gov.cec~txn~candidates-votes/2022/蔣萬安-village-votes-page-6.json,matched,polling-station-single-village
2022,南港區,成福里,成福里,陳時中,1136,data/raw/openfun/tw.gov.cec~txn~candidates-votes/2022/陳時中-village-votes-page-6.json;data/raw/openfun/tw.gov.cec~txn~candidates-votes/2022/陳時中-village-votes-page-7.json,matched,polling-station-single-village
2022,南港區,成福里,成福里,蔣萬安,1944,data/raw/openfun/tw.gov.cec~txn~candidates-votes/2022/蔣萬安-village-votes-page-6.json;data/raw/openfun/tw.gov.cec~txn~candidates-votes/2022/蔣萬安-village-votes-page-7.json,matched,polling-station-single-village
2022,南港區,百福里,百福里,陳時中,915,data/raw/openfun/tw.gov.cec~txn~candidates-votes/2022/陳時中-village-votes-page-7.json,matched,polling-station-single-village
2022,南港區,百福里,百福里,蔣萬安,1120,data/raw/openfun/tw.gov.cec~txn~candidates-votes/2022/蔣萬安-village-votes-page-7.json,matched,polling-station-single-village
2022,南港區,西新里,西新里,陳時中,924,data/raw/openfun/tw.gov.cec~txn~candidates-votes/2022/陳時中-village-votes-page-6.json,matched,polling-station-single-village
2022,南港區,西新里,西新里,蔣萬安,848,data/raw/openfun/tw.gov.cec~txn~candidates-votes/2022/蔣萬安-village-votes-page-6.json,matched,polling-station-single-village
2022,南港區,東明里,東明里,陳時中,798,data/raw/openfun/tw.gov.cec~txn~candidates-votes/2022/陳時中-village-votes-page-6.json,matched,polling-station-single-village
2022,南港區,東明里,東明里,蔣萬安,1254,data/raw/openfun/tw.gov.cec~txn~candidates-votes/2022/蔣萬安-village-votes-page-6.json,matched,polling-station-single-village
2022,南港區,東新里,東新里,陳時中,1155,data/raw/openfun/tw.gov.cec~txn~candidates-votes/2022/陳時中-village-votes-page-6.json,matched,polling-station-single-village
2022,南港區,東新里,東新里,蔣萬安,1349,data/raw/openfun/tw.gov.cec~txn~candidates-votes/2022/蔣萬安-village-votes-page-6.json,matched,polling-station-single-village
2022,南港區,南港里,南港里,陳時中,947,data/raw/openfun/tw.gov.cec~txn~candidates-votes/2022/陳時中-village-votes-page-6.json,matched,polling-station-single-village
2022,南港區,南港里,南港里,蔣萬安,1176,data/raw/openfun/tw.gov.cec~txn~candidates-votes/2022/蔣萬安-village-votes-page-6.json,matched,polling-station-single-village
2022,南港區,重陽里,重陽里,陳時中,838,data/raw/openfun/tw.gov.cec~txn~candidates-votes/2022/陳時中-village-votes-page-7.json,matched,polling-station-single-village
2022,南港區,重陽里,重陽里,蔣萬安,1340,data/raw/openfun/tw.gov.cec~txn~candidates-votes/2022/蔣萬安-village-votes-page-7.json,matched,polling-station-single-village
2022,南港區,新光里,新光里,陳時中,620,data/raw/openfun/tw.gov.cec~txn~candidates-votes/2022/陳時中-village-votes-page-6.json,matched,polling-station-single-village
2022,南港區,新光里,新光里,蔣萬安,892,data/raw/openfun/tw.gov.cec~txn~candidates-votes/2022/蔣萬安-village-votes-page-6.json,matched,polling-station-single-village
2022,南港區,新富里,新富里,陳時中,725,data/raw/openfun/tw.gov.cec~txn~candidates-votes/2022/陳時中-village-votes-page-6.json,matched,polling-station-single-village
2022,南港區,新富里,新富里,蔣萬安,770,data/raw/openfun/tw.gov.cec~txn~candidates-votes/2022/蔣萬安-village-votes-page-6.json,matched,polling-station-single-village
2022,南港區,萬福里,萬福里,陳時中,693,data/raw/openfun/tw.gov.cec~txn~candidates-votes/2022/陳時中-village-votes-page-7.json,matched,polling-station-single-village
2022,南港區,萬福里,萬福里,蔣萬安,1072,data/raw/openfun/tw.gov.cec~txn~candidates-votes/2022/蔣萬安-village-votes-page-7.json,matched,polling-station-single-village
2022,南港區,聯成里,聯成里,陳時中,806,data/raw/openfun/tw.gov.cec~txn~candidates-votes/2022/陳時中-village-votes-page-7.json,matched,polling-station-single-village
2022,南港區,聯成里,聯成里,蔣萬安,1190,data/raw/openfun/tw.gov.cec~txn~candidates-votes/2022/蔣萬安-village-votes-page-7.json,matched,polling-station-single-village
2022,南港區,鴻福里,鴻福里,陳時中,786,data/raw/openfun/tw.gov.cec~txn~candidates-votes/2022/陳時中-village-votes-page-7.json,matched,polling-station-single-village
2022,南港區,鴻福里,鴻福里,蔣萬安,1068,data/raw/openfun/tw.gov.cec~txn~candidates-votes/2022/蔣萬安-village-votes-page-7.json,matched,polling-station-single-village
2022,南港區,舊莊里,舊莊里,陳時中,1357,data/raw/openfun/tw.gov.cec~txn~candidates-votes/2022/陳時中-village-votes-page-7.json,matched,polling-station-single-village
2022,南港區,舊莊里,舊莊里,蔣萬安,1704,data/raw/openfun/tw.gov.cec~txn~candidates-votes/2022/蔣萬安-village-votes-page-7.json,matched,polling-station-single-village
2022,萬華區,仁德里,仁德里,陳時中,959,data/raw/openfun/tw.gov.cec~txn~candidates-votes/2022/陳時中-village-votes-page-5.json,matched,polling-station-single-village
2022,萬華區,仁德里,仁德里,蔣萬安,999,data/raw/openfun/tw.gov.cec~txn~candidates-votes/2022/蔣萬安-village-votes-page-5.json,matched,polling-station-single-village
2022,萬華區,日祥里,日祥里,陳時中,806,data/raw/openfun/tw.gov.cec~txn~candidates-votes/2022/陳時中-village-votes-page-5.json,matched,polling-station-single-village
2022,萬華區,日祥里,日祥里,蔣萬安,1715,data/raw/openfun/tw.gov.cec~txn~candidates-votes/2022/蔣萬安-village-votes-page-5.json,matched,polling-station-single-village
2022,萬華區,日善里,日善里,陳時中,744,data/raw/openfun/tw.gov.cec~txn~candidates-votes/2022/陳時中-village-votes-page-5.json,matched,polling-station-single-village
2022,萬華區,日善里,日善里,蔣萬安,729,data/raw/openfun/tw.gov.cec~txn~candidates-votes/2022/蔣萬安-village-votes-page-5.json,matched,polling-station-single-village
2022,萬華區,全德里,全德里,陳時中,819,data/raw/openfun/tw.gov.cec~txn~candidates-votes/2022/陳時中-village-votes-page-5.json,matched,polling-station-single-village
2022,萬華區,全德里,全德里,蔣萬安,862,data/raw/openfun/tw.gov.cec~txn~candidates-votes/2022/蔣萬安-village-votes-page-5.json,matched,polling-station-single-village
2022,萬華區,西門里,西門里,陳時中,561,data/raw/openfun/tw.gov.cec~txn~candidates-votes/2022/陳時中-village-votes-page-5.json,matched,polling-station-single-village
2022,萬華區,西門里,西門里,蔣萬安,832,data/raw/openfun/tw.gov.cec~txn~candidates-votes/2022/蔣萬安-village-votes-page-5.json,matched,polling-station-single-village
2022,萬華區,孝德里,孝德里,陳時中,730,data/raw/openfun/tw.gov.cec~txn~candidates-votes/2022/陳時中-village-votes-page-5.json,matched,polling-station-single-village
2022,萬華區,孝德里,孝德里,蔣萬安,577,data/raw/openfun/tw.gov.cec~txn~candidates-votes/2022/蔣萬安-village-votes-page-5.json,matched,polling-station-single-village
2022,萬華區,和平里,和平里,陳時中,1523,data/raw/openfun/tw.gov.cec~txn~candidates-votes/2022/陳時中-village-votes-page-5.json,matched,polling-station-single-village
2022,萬華區,和平里,和平里,蔣萬安,1087,data/raw/openfun/tw.gov.cec~txn~candidates-votes/2022/蔣萬安-village-votes-page-5.json,matched,polling-station-single-village
2022,萬華區,和德里,和德里,陳時中,1251,data/raw/openfun/tw.gov.cec~txn~candidates-votes/2022/陳時中-village-votes-page-5.json,matched,polling-station-single-village
2022,萬華區,和德里,和德里,蔣萬安,1119,data/raw/openfun/tw.gov.cec~txn~candidates-votes/2022/蔣萬安-village-votes-page-5.json,matched,polling-station-single-village
2022,萬華區,忠貞里,忠貞里,陳時中,582,data/raw/openfun/tw.gov.cec~txn~candidates-votes/2022/陳時中-village-votes-page-5.json,matched,polling-station-single-village
2022,萬華區,忠貞里,忠貞里,蔣萬安,1530,data/raw/openfun/tw.gov.cec~txn~candidates-votes/2022/蔣萬安-village-votes-page-5.json,matched,polling-station-single-village
2022,萬華區,忠德里,忠德里,陳時中,924,data/raw/openfun/tw.gov.cec~txn~candidates-votes/2022/陳時中-village-votes-page-5.json,matched,polling-station-single-village
2022,萬華區,忠德里,忠德里,蔣萬安,850,data/raw/openfun/tw.gov.cec~txn~candidates-votes/2022/蔣萬安-village-votes-page-5.json,matched,polling-station-single-village
2022,萬華區,青山里,青山里,陳時中,1159,data/raw/openfun/tw.gov.cec~txn~candidates-votes/2022/陳時中-village-votes-page-5.json,matched,polling-station-single-village
2022,萬華區,青山里,青山里,蔣萬安,1177,data/raw/openfun/tw.gov.cec~txn~candidates-votes/2022/蔣萬安-village-votes-page-5.json,matched,polling-station-single-village
2022,萬華區,保德里,保德里,陳時中,642,data/raw/openfun/tw.gov.cec~txn~candidates-votes/2022/陳時中-village-votes-page-5.json,matched,polling-station-single-village
2022,萬華區,保德里,保德里,蔣萬安,676,data/raw/openfun/tw.gov.cec~txn~candidates-votes/2022/蔣萬安-village-votes-page-5.json,matched,polling-station-single-village
2022,萬華區,柳鄉里,柳鄉里,陳時中,1053,data/raw/openfun/tw.gov.cec~txn~candidates-votes/2022/陳時中-village-votes-page-5.json,matched,polling-station-single-village
2022,萬華區,柳鄉里,柳鄉里,蔣萬安,870,data/raw/openfun/tw.gov.cec~txn~candidates-votes/2022/蔣萬安-village-votes-page-5.json,matched,polling-station-single-village
2022,萬華區,凌霄里,凌霄里,陳時中,470,data/raw/openfun/tw.gov.cec~txn~candidates-votes/2022/陳時中-village-votes-page-5.json,matched,polling-station-single-village
2022,萬華區,凌霄里,凌霄里,蔣萬安,1031,data/raw/openfun/tw.gov.cec~txn~candidates-votes/2022/蔣萬安-village-votes-page-5.json,matched,polling-station-single-village
2022,萬華區,頂碩里,頂碩里,陳時中,1570,data/raw/openfun/tw.gov.cec~txn~candidates-votes/2022/陳時中-village-votes-page-5.json,matched,polling-station-single-village
2022,萬華區,頂碩里,頂碩里,蔣萬安,1317,data/raw/openfun/tw.gov.cec~txn~candidates-votes/2022/蔣萬安-village-votes-page-5.json,matched,polling-station-single-village
2022,萬華區,富民里,富民里,陳時中,1102,data/raw/openfun/tw.gov.cec~txn~candidates-votes/2022/陳時中-village-votes-page-5.json,matched,polling-station-single-village
2022,萬華區,富民里,富民里,蔣萬安,877,data/raw/openfun/tw.gov.cec~txn~candidates-votes/2022/蔣萬安-village-votes-page-5.json,matched,polling-station-single-village
2022,萬華區,富福里,富福里,陳時中,1001,data/raw/openfun/tw.gov.cec~txn~candidates-votes/2022/陳時中-village-votes-page-5.json,matched,polling-station-single-village
2022,萬華區,富福里,富福里,蔣萬安,895,data/raw/openfun/tw.gov.cec~txn~candidates-votes/2022/蔣萬安-village-votes-page-5.json,matched,polling-station-single-village
2022,萬華區,菜園里,菜園里,陳時中,1166,data/raw/openfun/tw.gov.cec~txn~candidates-votes/2022/陳時中-village-votes-page-5.json,matched,polling-station-single-village
2022,萬華區,菜園里,菜園里,蔣萬安,1208,data/raw/openfun/tw.gov.cec~txn~candidates-votes/2022/蔣萬安-village-votes-page-5.json,matched,polling-station-single-village
2022,萬華區,華中里,華中里,陳時中,1332,data/raw/openfun/tw.gov.cec~txn~candidates-votes/2022/陳時中-village-votes-page-5.json,matched,polling-station-single-village
2022,萬華區,華中里,華中里,蔣萬安,1232,data/raw/openfun/tw.gov.cec~txn~candidates-votes/2022/蔣萬安-village-votes-page-5.json,matched,polling-station-single-village
2022,萬華區,華江里,華江里,陳時中,1641,data/raw/openfun/tw.gov.cec~txn~candidates-votes/2022/陳時中-village-votes-page-5.json,matched,polling-station-single-village
2022,萬華區,華江里,華江里,蔣萬安,1654,data/raw/openfun/tw.gov.cec~txn~candidates-votes/2022/蔣萬安-village-votes-page-5.json,matched,polling-station-single-village
2022,萬華區,新安里,新安里,陳時中,767,data/raw/openfun/tw.gov.cec~txn~candidates-votes/2022/陳時中-village-votes-page-5.json,matched,polling-station-single-village
2022,萬華區,新安里,新安里,蔣萬安,1458,data/raw/openfun/tw.gov.cec~txn~candidates-votes/2022/蔣萬安-village-votes-page-5.json,matched,polling-station-single-village
2022,萬華區,新和里,新和里,陳時中,812,data/raw/openfun/tw.gov.cec~txn~candidates-votes/2022/陳時中-village-votes-page-5.json,matched,polling-station-single-village
2022,萬華區,新和里,新和里,蔣萬安,2747,data/raw/openfun/tw.gov.cec~txn~candidates-votes/2022/蔣萬安-village-votes-page-5.json,matched,polling-station-single-village
2022,萬華區,新忠里,新忠里,陳時中,310,data/raw/openfun/tw.gov.cec~txn~candidates-votes/2022/陳時中-village-votes-page-5.json,matched,polling-station-single-village
2022,萬華區,新忠里,新忠里,蔣萬安,1206,data/raw/openfun/tw.gov.cec~txn~candidates-votes/2022/蔣萬安-village-votes-page-5.json,matched,polling-station-single-village
2022,萬華區,新起里,新起里,陳時中,1251,data/raw/openfun/tw.gov.cec~txn~candidates-votes/2022/陳時中-village-votes-page-5.json,matched,polling-station-single-village
2022,萬華區,新起里,新起里,蔣萬安,1417,data/raw/openfun/tw.gov.cec~txn~candidates-votes/2022/蔣萬安-village-votes-page-5.json,matched,polling-station-single-village
2022,萬華區,萬壽里,萬壽里,陳時中,477,data/raw/openfun/tw.gov.cec~txn~candidates-votes/2022/陳時中-village-votes-page-5.json,matched,polling-station-single-village
2022,萬華區,萬壽里,萬壽里,蔣萬安,707,data/raw/openfun/tw.gov.cec~txn~candidates-votes/2022/蔣萬安-village-votes-page-5.json,matched,polling-station-single-village
2022,萬華區,壽德里,壽德里,陳時中,966,data/raw/openfun/tw.gov.cec~txn~candidates-votes/2022/陳時中-village-votes-page-5.json,matched,polling-station-single-village
2022,萬華區,壽德里,壽德里,蔣萬安,1037,data/raw/openfun/tw.gov.cec~txn~candidates-votes/2022/蔣萬安-village-votes-page-5.json,matched,polling-station-single-village
2022,萬華區,榮德里,榮德里,陳時中,747,data/raw/openfun/tw.gov.cec~txn~candidates-votes/2022/陳時中-village-votes-page-5.json,matched,polling-station-single-village
2022,萬華區,榮德里,榮德里,蔣萬安,711,data/raw/openfun/tw.gov.cec~txn~candidates-votes/2022/蔣萬安-village-votes-page-5.json,matched,polling-station-single-village
2022,萬華區,福星里,福星里,陳時中,845,data/raw/openfun/tw.gov.cec~txn~candidates-votes/2022/陳時中-village-votes-page-5.json,matched,polling-station-single-village
2022,萬華區,福星里,福星里,蔣萬安,1264,data/raw/openfun/tw.gov.cec~txn~candidates-votes/2022/蔣萬安-village-votes-page-5.json,matched,polling-station-single-village
2022,萬華區,福音里,福音里,陳時中,740,data/raw/openfun/tw.gov.cec~txn~candidates-votes/2022/陳時中-village-votes-page-5.json,matched,polling-station-single-village
2022,萬華區,福音里,福音里,蔣萬安,772,data/raw/openfun/tw.gov.cec~txn~candidates-votes/2022/蔣萬安-village-votes-page-5.json,matched,polling-station-single-village
2022,萬華區,綠堤里,綠堤里,陳時中,769,data/raw/openfun/tw.gov.cec~txn~candidates-votes/2022/陳時中-village-votes-page-5.json,matched,polling-station-single-village
2022,萬華區,綠堤里,綠堤里,蔣萬安,924,data/raw/openfun/tw.gov.cec~txn~candidates-votes/2022/蔣萬安-village-votes-page-5.json,matched,polling-station-single-village
2022,萬華區,銘德里,銘德里,陳時中,930,data/raw/openfun/tw.gov.cec~txn~candidates-votes/2022/陳時中-village-votes-page-5.json,matched,polling-station-single-village
2022,萬華區,銘德里,銘德里,蔣萬安,916,data/raw/openfun/tw.gov.cec~txn~candidates-votes/2022/蔣萬安-village-votes-page-5.json,matched,polling-station-single-village
2022,萬華區,糖廍里,糖廍里,陳時中,1160,data/raw/openfun/tw.gov.cec~txn~candidates-votes/2022/陳時中-village-votes-page-5.json,matched,polling-station-single-village
2022,萬華區,糖廍里,糖廍里,蔣萬安,1098,data/raw/openfun/tw.gov.cec~txn~candidates-votes/2022/蔣萬安-village-votes-page-5.json,matched,polling-station-single-village
2022,萬華區,興德里,興德里,陳時中,899,data/raw/openfun/tw.gov.cec~txn~candidates-votes/2022/陳時中-village-votes-page-5.json,matched,polling-station-single-village
2022,萬華區,興德里,興德里,蔣萬安,873,data/raw/openfun/tw.gov.cec~txn~candidates-votes/2022/蔣萬安-village-votes-page-5.json,matched,polling-station-single-village
2022,萬華區,錦德里,錦德里,陳時中,1165,data/raw/openfun/tw.gov.cec~txn~candidates-votes/2022/陳時中-village-votes-page-5.json,matched,polling-station-single-village
2022,萬華區,錦德里,錦德里,蔣萬安,1031,data/raw/openfun/tw.gov.cec~txn~candidates-votes/2022/蔣萬安-village-votes-page-5.json,matched,polling-station-single-village
2022,萬華區,雙園里,雙園里,陳時中,896,data/raw/openfun/tw.gov.cec~txn~candidates-votes/2022/陳時中-village-votes-page-5.json,matched,polling-station-single-village
2022,萬華區,雙園里,雙園里,蔣萬安,856,data/raw/openfun/tw.gov.cec~txn~candidates-votes/2022/蔣萬安-village-votes-page-5.json,matched,polling-station-single-village
2022,萬華區,騰雲里,騰雲里,陳時中,445,data/raw/openfun/tw.gov.cec~txn~candidates-votes/2022/陳時中-village-votes-page-5.json,matched,polling-station-single-village
2022,萬華區,騰雲里,騰雲里,蔣萬安,886,data/raw/openfun/tw.gov.cec~txn~candidates-votes/2022/蔣萬安-village-votes-page-5.json,matched,polling-station-single-village
