{
  "type": "FeatureCollection",
  "features": [
    {
      "type": "Feature",
      "properties": {
        "dataset_slug": "tw.openfun~entity~geo",
        "record_id": "63000010-002"
      },
      "geometry": {
        "type": "Polygon",
        "coordinates": [
          [
            [
              121.571442241,
              25.074289308
            ],
            [
              121.571458751,
              25.07423541
            ],
            [
              121.571473677,
              25.074196398
            ],
            [
              121.571557345,
              25.073977706
            ],
            [
              121.571699743,
              25.073603787
            ],
            [
              121.571748862,
              25.073437104
            ],
            [
              121.571852752,
              25.073211243
            ],
            [
              121.571887195,
              25.073134332
            ],
            [
              121.571960069,
              25.072838393
            ],
            [
              121.571996211,
              25.072627068
            ],
            [
              121.57205609,
              25.072238931
            ],
            [
              121.572060302,
              25.072211629
            ],
            [
              121.572095313,
              25.07198468
            ],
            [
              121.572195402,
              25.071446387
            ],
            [
              121.572203145,
              25.07111691
            ],
            [
              121.572182766,
              25.070728404
            ],
            [
              121.572105281,
              25.070036022
            ],
            [
              121.572048291,
              25.069757483
            ],
            [
              121.571869104,
              25.069149972
            ],
            [
              121.571699635,
              25.068635332
            ],
            [
              121.57163364,
              25.068415963
            ],
            [
              121.571321246,
              25.067734841
            ],
            [
              121.571012676,
              25.067246091
            ],
            [
              121.570749061,
              25.066827226
            ],
            [
              121.57065735,
              25.066681503
            ],
            [
              121.570404868,
              25.066277007
            ],
            [
              121.570264628,
              25.066057914
            ],
            [
              121.569843831,
              25.06538376
            ],
            [
              121.569554152,
              25.064962516
            ],
            [
              121.56945181,
              25.064745277
            ],
            [
              121.56942334,
              25.06461022
            ],
            [
              121.569394792,
              25.06445828
            ],
            [
              121.569396154,
              25.064447996
            ],
            [
              121.569412724,
              25.064323063
            ],
            [
              121.56941147,
              25.064052742
            ],
            [
              121.569418478,
              25.063905705
            ],
            [
              121.569364831,
              25.063887733
            ],
            [
              121.568254623,
              25.063515824
            ],
            [
              121.568249762,
              25.063514195
            ],
            [
              121.566874772,
              25.0633259
            ],
            [
              121.565951695,
              25.063199485
            ],
            [
              121.565940494,
              25.063197951
            ],
            [
              121.565039077,
              25.063074495
            ],
            [
              121.565000625,
              25.063069136
            ],
            [
              121.564499681,
              25.062999308
            ],
            [
              121.563786974,
              25.062899958
            ],
            [
              121.563576736,
              25.064266167
            ],
            [
              121.563934734,
              25.064304258
            ],
            [
              121.563812424,
              25.065065015
            ],
            [
              121.564481962,
              25.06521665
            ],
            [
              121.564475749,
              25.065257673
            ],
            [
              121.564409396,
              25.065695877
            ],
            [
              121.564396701,
              25.065781166
            ],
            [
              121.564381785,
              25.065881385
            ],
            [
              121.564371461,
              25.065950747
            ],
            [
              121.564544249,
              25.065982346
            ],
            [
              121.564867942,
              25.066769497
            ],
            [
              121.564985607,
              25.066930181
            ],
            [
              121.565030098,
              25.067105528
            ],
            [
              121.565054772,
              25.06716832
            ],
            [
              121.565105251,
              25.067244576
            ],
            [
              121.565151592,
              25.067304819
            ],
            [
              121.565200527,
              25.067340391
            ],
            [
              121.565271136,
              25.067374648
            ],
            [
              121.565360712,
              25.067408831
            ],
            [
              121.565598729,
              25.067488539
            ],
            [
              121.566024841,
              25.067639811
            ],
            [
              121.566225674,
              25.067709328
            ],
            [
              121.566578696,
              25.067843444
            ],
            [
              121.56723681,
              25.068065343
            ],
            [
              121.567445009,
              25.068122687
            ],
            [
              121.567461998,
              25.068127367
            ],
            [
              121.567583446,
              25.068152242
            ],
            [
              121.567982135,
              25.068232097
            ],
            [
              121.568068922,
              25.068249026
            ],
            [
              121.568100435,
              25.068325355
            ],
            [
              121.568122438,
              25.068395555
            ],
            [
              121.568151435,
              25.068513816
            ],
            [
              121.56821854,
              25.068835221
            ],
            [
              121.5682297,
              25.06896948
            ],
            [
              121.568229995,
              25.069033432
            ],
            [
              121.568219706,
              25.069087832
            ],
            [
              121.568165171,
              25.069276718
            ],
            [
              121.568084102,
              25.069514023
            ],
            [
              121.568044172,
              25.06962692
            ],
            [
              121.568022779,
              25.069647709
            ],
            [
              121.567986163,
              25.069657053
            ],
            [
              121.567882033,
              25.069665031
            ],
            [
              121.567734348,
              25.069676345
            ],
            [
              121.567411744,
              25.069715481
            ],
            [
              121.567386474,
              25.069718546
            ],
            [
              121.567278666,
              25.069714872
            ],
            [
              121.566683658,
              25.069731451
            ],
            [
              121.566445203,
              25.069729952
            ],
            [
              121.566279436,
              25.069728909
            ],
            [
              121.566165492,
              25.069706858
            ],
            [
              121.566028146,
              25.069627687
            ],
            [
              121.565841181,
              25.069501705
            ],
            [
              121.565753424,
              25.069463214
            ],
            [
              121.565011256,
              25.069486925
            ],
            [
              121.564586445,
              25.069891107
            ],
            [
              121.564519331,
              25.069946538
            ],
            [
              121.564449191,
              25.069971602
            ],
            [
              121.563671034,
              25.070006885
            ],
            [
              121.561538125,
              25.070103577
            ],
            [
              121.560130144,
              25.070006845
            ],
            [
              121.559277752,
              25.07019685
            ],
            [
              121.558069099,
              25.070359448
            ],
            [
              121.557437742,
              25.070347163
            ],
            [
              121.555994348,
              25.070319066
            ],
            [
              121.554795075,
              25.070345534
            ],
            [
              121.554840022,
              25.071677415
            ],
            [
              121.554792055,
              25.071750843
            ],
            [
              121.554703625,
              25.071776812
            ],
            [
              121.552460271,
              25.071854446
            ],
            [
              121.552496038,
              25.071738255
            ],
            [
              121.552509156,
              25.071679434
            ],
            [
              121.55245918,
              25.071520998
            ],
            [
              121.55238608,
              25.071466498
            ],
            [
              121.551842966,
              25.071519796
            ],
            [
              121.551673828,
              25.07149845
            ],
            [
              121.55159297,
              25.071418177
            ],
            [
              121.551488031,
              25.071352642
            ],
            [
              121.551237567,
              25.071474357
            ],
            [
              121.550336099,
              25.071496019
            ],
            [
              121.550303379,
              25.070964514
            ],
            [
              121.549917586,
              25.070958594
            ],
            [
              121.549910646,
              25.070958488
            ],
            [
              121.548817446,
              25.071062545
            ],
            [
              121.54890964,
              25.071116596
            ],
            [
              121.548970348,
              25.071185083
            ],
            [
              121.549026189,
              25.071290251
            ],
            [
              121.549066992,
              25.071409196
            ],
            [
              121.549082358,
              25.071468698
            ],
            [
              121.54912811,
              25.071569307
            ],
            [
              121.549168686,
              25.071637871
            ],
            [
              121.549214275,
              25.071701826
            ],
            [
              121.549290043,
              25.071761104
            ],
            [
              121.549330434,
              25.071788436
            ],
            [
              121.549416189,
              25.071829347
            ],
            [
              121.549501881,
              25.071856511
            ],
            [
              121.549663138,
              25.071897135
            ],
            [
              121.549869757,
              25.071951343
            ],
            [
              121.550150054,
              25.072034416
            ],
            [
              121.550502868,
              25.072138464
            ],
            [
              121.550714582,
              25.07220639
            ],
            [
              121.550815398,
              25.072238074
            ],
            [
              121.551097748,
              25.072342381
            ],
            [
              121.551213682,
              25.072378593
            ],
            [
              121.551252083,
              25.072393318
            ],
            [
              121.551521262,
              25.072496546
            ],
            [
              121.551637259,
              25.072546501
            ],
            [
              121.55189952,
              25.072660036
            ],
            [
              121.55199538,
              25.072710073
            ],
            [
              121.552131616,
              25.072782857
            ],
            [
              121.552313339,
              25.072896699
            ],
            [
              121.552409306,
              25.072969632
            ],
            [
              121.552424716,
              25.073038294
            ],
            [
              121.552450256,
              25.073120658
            ],
            [
              121.552462863,
              25.073212952
            ],
            [
              121.552493613,
              25.073306918
            ],
            [
              121.552528101,
              25.073812394
            ],
            [
              121.552571334,
              25.074471727
            ],
            [
              121.552622355,
              25.075072396
            ],
            [
              121.552656514,
              25.075504597
            ],
            [
              121.552665094,
              25.075621805
            ],
            [
              121.552697334,
              25.075629013
            ],
            [
              121.552793888,
              25.075613993
            ],
            [
              121.553139847,
              25.075554067
            ],
            [
              121.5532364,
              25.075539055
            ],
            [
              121.55344561,
              25.075508952
            ],
            [
              121.55373534,
              25.075478556
            ],
            [
              121.553872119,
              25.075456061
            ],
            [
              121.554065227,
              25.075426017
            ],
            [
              121.554475496,
              25.075343864
            ],
            [
              121.55468464,
              25.075299107
            ],
            [
              121.555070722,
              25.07520972
            ],
            [
              121.555215486,
              25.075172542
            ],
            [
              121.555754279,
              25.075023946
            ],
            [
              121.556100067,
              25.074927385
            ],
            [
              121.556279956,
              25.074878895
            ],
            [
              121.556298162,
              25.074873988
            ],
            [
              121.556486079,
              25.074823333
            ],
            [
              121.556695123,
              25.074756591
            ],
            [
              121.557105122,
              25.074615811
            ],
            [
              121.557635661,
              25.074423275
            ],
            [
              121.557900897,
              25.074319681
            ],
            [
              121.558237517,
              25.074155523
            ],
            [
              121.558751804,
              25.073922586
            ],
            [
              121.559254585,
              25.073649627
            ],
            [
              121.559454164,
              25.073553221
            ],
            [
              121.55992895,
              25.073323879
            ],
            [
              121.560054667,
              25.07326085
            ],
            [
              121.560177439,
              25.073212003
            ],
            [
              121.560349736,
              25.073095569
            ],
            [
              121.560600061,
              25.072915743
            ],
            [
              121.56062452,
              25.072898172
            ],
            [
              121.560983206,
              25.072700446
            ],
            [
              121.561390035,
              25.072546172
            ],
            [
              121.561665368,
              25.07246876
            ],
            [
              121.561797114,
              25.072446443
            ],
            [
              121.561995762,
              25.072433626
            ],
            [
              121.562044856,
              25.072430458
            ],
            [
              121.562156597,
              25.072423249
            ],
            [
              121.562264475,
              25.072422831
            ],
            [
              121.562316262,
              25.072424318
            ],
            [
              121.562600133,
              25.072432463
            ],
            [
              121.562983994,
              25.072496442
            ],
            [
              121.563224014,
              25.072560974
            ],
            [
              121.563572465,
              25.072745083
            ],
            [
              121.564017157,
              25.073005178
            ],
            [
              121.564281456,
              25.073135067
            ],
            [
              121.564414985,
              25.073211839
            ],
            [
              121.564494936,
              25.073252658
            ],
            [
              121.564711751,
              25.073383009
            ],
            [
              121.565184379,
              25.073683916
            ],
            [
              121.565687475,
              25.074002094
            ],
            [
              121.565904317,
              25.074137488
            ],
            [
              121.566254634,
              25.074363179
            ],
            [
              121.566677185,
              25.074623918
            ],
            [
              121.567188722,
              25.074944849
            ],
            [
              121.567622483,
              25.075230756
            ],
            [
              121.567975282,
              25.075448669
            ],
            [
              121.568186584,
              25.075584083
            ],
            [
              121.568547997,
              25.075809733
            ],
            [
              121.568887164,
              25.076020327
            ],
            [
              121.569148507,
              25.07618581
            ],
            [
              121.569287363,
              25.076240763
            ],
            [
              121.569348443,
              25.076260715
            ],
            [
              121.569398408,
              25.076275652
            ],
            [
              121.569498271,
              25.076290411
            ],
            [
              121.569592568,
              25.076300132
            ],
            [
              121.569714488,
              25.076289571
            ],
            [
              121.56981421,
              25.076274037
            ],
            [
              121.569875102,
              25.076253627
            ],
            [
              121.56996364,
              25.076217958
            ],
            [
              121.570201422,
              25.07608586
            ],
            [
              121.570300813,
              25.075999691
            ],
            [
              121.570416791,
              25.075903388
            ],
            [
              121.570593449,
              25.075741252
            ],
            [
              121.570709262,
              25.07560961
            ],
            [
              121.570940577,
              25.075280762
            ],
            [
              121.571195445,
              25.074836838
            ],
            [
              121.571305241,
              25.074604317
            ],
            [
              121.571442241,
              25.074289308
            ]
          ]
        ]
      }
    },
    {
      "type": "Feature",
      "properties": {
        "dataset_slug": "tw.openfun~entity~geo",
        "record_id": "63000010-003"
      },
      "geometry": {
        "type": "Polygon",
        "coordinates": [
          [
            [
              121.561547546,
              25.058709601
            ],
            [
              121.560507307,
              25.058626318
            ],
            [
              121.560500873,
              25.058625802
            ],
            [
              121.559255878,
              25.058526116
            ],
            [
              121.558273857,
              25.058447479
            ],
            [
              121.558038321,
              25.058428616
            ],
            [
              121.557299231,
              25.058369426
            ],
            [
              121.557002307,
              25.058345646
            ],
            [
              121.556470409,
              25.058303045
            ],
            [
              121.555232671,
              25.058203905
            ],
            [
              121.555165495,
              25.058581479
            ],
            [
              121.555143846,
              25.058703157
            ],
            [
              121.555114753,
              25.058866673
            ],
            [
              121.555074749,
              25.059091519
            ],
            [
              121.55504842,
              25.059239507
            ],
            [
              121.554999688,
              25.059513404
            ],
            [
              121.554939665,
              25.059850768
            ],
            [
              121.55457879,
              25.061879031
            ],
            [
              121.557271635,
              25.062024207
            ],
            [
              121.557328031,
              25.062032053
            ],
            [
              121.560167852,
              25.062427128
            ],
            [
              121.560253395,
              25.06141093
            ],
            [
              121.560973535,
              25.061507042
            ],
            [
              121.56132814,
              25.061554366
            ],
            [
              121.561339484,
              25.06140727
            ],
            [
              121.561354177,
              25.061216785
            ],
            [
              121.561370936,
              25.060999488
            ],
            [
              121.561388604,
              25.060770404
            ],
            [
              121.561388951,
              25.060765899
            ],
            [
              121.561408616,
              25.060510938
            ],
            [
              121.561427218,
              25.06026976
            ],
            [
              121.561448117,
              25.059998789
            ],
            [
              121.561465995,
              25.059766972
            ],
            [
              121.56146679,
              25.059756673
            ],
            [
              121.561517072,
              25.059104729
            ],
            [
              121.56154698,
              25.058716929
            ],
            [
              121.561547546,
              25.058709601
            ]
          ]
        ]
      }
    },
    {
      "type": "Feature",
      "properties": {
        "dataset_slug": "tw.openfun~entity~geo",
        "record_id": "63000010-004"
      },
      "geometry": {
        "type": "Polygon",
        "coordinates": [
          [
            [
              121.563390936,
              25.058847346
            ],
            [
              121.563446485,
              25.058321899
            ],
            [
              121.563481034,
              25.057995103
            ],
            [
              121.563481693,
              25.057988874
            ],
            [
              121.56351471,
              25.057676812
            ],
            [
              121.563544875,
              25.057391729
            ],
            [
              121.563561016,
              25.057239183
            ],
            [
              121.563579659,
              25.057062993
            ],
            [
              121.56360323,
              25.056840212
            ],
            [
              121.563596729,
              25.056839749
            ],
            [
              121.563359407,
              25.056822811
            ],
            [
              121.561928868,
              25.056720701
            ],
            [
              121.561735839,
              25.056706921
            ],
            [
              121.561721701,
              25.056857281
            ],
            [
              121.561710004,
              25.056981697
            ],
            [
              121.561699178,
              25.057096852
            ],
            [
              121.561685488,
              25.057242444
            ],
            [
              121.561674706,
              25.057357145
            ],
            [
              121.561670028,
              25.057406882
            ],
            [
              121.561656716,
              25.057548472
            ],
            [
              121.561644304,
              25.057680489
            ],
            [
              121.561642327,
              25.057701507
            ],
            [
              121.561627899,
              25.05785498
            ],
            [
              121.561612606,
              25.058017623
            ],
            [
              121.561600163,
              25.058149963
            ],
            [
              121.561582829,
              25.058334333
            ],
            [
              121.561547546,
              25.058709601
            ],
            [
              121.56154698,
              25.058716929
            ],
            [
              121.561517072,
              25.059104729
            ],
            [
              121.56146679,
              25.059756673
            ],
            [
              121.561465995,
              25.059766972
            ],
            [
              121.561448117,
              25.059998789
            ],
            [
              121.561427218,
              25.06026976
            ],
            [
              121.561408616,
              25.060510938
            ],
            [
              121.561388951,
              25.060765899
            ],
            [
              121.561388604,
              25.060770404
            ],
            [
              121.561370936,
              25.060999488
            ],
            [
              121.561354177,
              25.061216785
            ],
            [
              121.561339484,
              25.06140727
            ],
            [
              121.56132814,
              25.061554366
            ],
            [
              121.560973535,
              25.061507042
            ],
            [
              121.560253395,
              25.06141093
            ],
            [
              121.560167852,
              25.062427128
            ],
            [
              121.563058689,
              25.062798432
            ],
            [
              121.563089022,
              25.062437729
            ],
            [
              121.563105742,
              25.0622389
            ],
            [
              121.563136304,
              25.061875464
            ],
            [
              121.563140174,
              25.061829422
            ],
            [
              121.56317182,
              25.061453109
            ],
            [
              121.563179921,
              25.061356775
            ],
            [
              121.563199281,
              25.061126529
            ],
            [
              121.563218087,
              25.060902901
            ],
            [
              121.563236192,
              25.060687591
            ],
            [
              121.563239893,
              25.06064358
            ],
            [
              121.563251915,
              25.060500614
            ],
            [
              121.563260624,
              25.060397051
            ],
            [
              121.563283095,
              25.06012981
            ],
            [
              121.563298126,
              25.059951064
            ],
            [
              121.563346725,
              25.059373113
            ],
            [
              121.563390936,
              25.058847346
            ]
          ]
        ]
      }
    },
    {
      "type": "Feature",
      "properties": {
        "dataset_slug": "tw.openfun~entity~geo",
        "record_id": "63000010-005"
      },
      "geometry": {
        "type": "Polygon",
        "coordinates": [
          [
            [
              121.565593758,
              25.060433584
            ],
            [
              121.565534069,
              25.060600714
            ],
            [
              121.565466554,
              25.060789757
            ],
            [
              121.565370448,
              25.061058855
            ],
            [
              121.565271294,
              25.061336484
            ],
            [
              121.565180067,
              25.061591922
            ],
            [
              121.565175474,
              25.061639774
            ],
            [
              121.565146598,
              25.061940672
            ],
            [
              121.565137811,
              25.062032214
            ],
            [
              121.565120122,
              25.062218964
            ],
            [
              121.565091482,
              25.062521294
            ],
            [
              121.565000625,
              25.063069136
            ],
            [
              121.565039077,
              25.063074495
            ],
            [
              121.565940494,
              25.063197951
            ],
            [
              121.565951695,
              25.063199485
            ],
            [
              121.566874772,
              25.0633259
            ],
            [
              121.568249762,
              25.063514195
            ],
            [
              121.568302935,
              25.063207655
            ],
            [
              121.568340174,
              25.062992984
            ],
            [
              121.568380746,
              25.062759093
            ],
            [
              121.568473078,
              25.062226812
            ],
            [
              121.56852032,
              25.061954472
            ],
            [
              121.568561558,
              25.061716734
            ],
            [
              121.568602295,
              25.061481898
            ],
            [
              121.568646081,
              25.061229467
            ],
            [
              121.568733349,
              25.060726369
            ],
            [
              121.568986401,
              25.059267519
            ],
            [
              121.568420098,
              25.059225762
            ],
            [
              121.56813145,
              25.059533382
            ],
            [
              121.567879726,
              25.059807025
            ],
            [
              121.567741717,
              25.059951724
            ],
            [
              121.567720427,
              25.059974047
            ],
            [
              121.567500588,
              25.060208685
            ],
            [
              121.567428934,
              25.06028533
            ],
            [
              121.567333517,
              25.060387391
            ],
            [
              121.567273274,
              25.060450982
            ],
            [
              121.567213609,
              25.060513965
            ],
            [
              121.567167588,
              25.060562057
            ],
            [
              121.567120926,
              25.060611299
            ],
            [
              121.567063514,
              25.060671884
            ],
            [
              121.566960115,
              25.060781479
            ],
            [
              121.566925059,
              25.060818636
            ],
            [
              121.566805236,
              25.060953287
            ],
            [
              121.566798404,
              25.060961761
            ],
            [
              121.565593758,
              25.060433584
            ]
          ]
        ]
      }
    },
    {
      "type": "Feature",
      "properties": {
        "dataset_slug": "tw.openfun~entity~geo",
        "record_id": "63000010-006"
      },
      "geometry": {
        "type": "Polygon",
        "coordinates": [
          [
            [
              121.565593758,
              25.060433584
            ],
            [
              121.565725885,
              25.060137594
            ],
            [
              121.565834511,
              25.059802575
            ],
            [
              121.565861552,
              25.059613376
            ],
            [
              121.565878607,
              25.059494055
            ],
            [
              121.56592952,
              25.059051527
            ],
            [
              121.565727347,
              25.059034983
            ],
            [
              121.565196411,
              25.058991536
            ],
            [
              121.564873796,
              25.058965136
            ],
            [
              121.564613533,
              25.058943838
            ],
            [
              121.564596981,
              25.058942484
            ],
            [
              121.56443932,
              25.05892958
            ],
            [
              121.564274695,
              25.058916109
            ],
            [
              121.5639736,
              25.058891468
            ],
            [
              121.563390936,
              25.058847346
            ],
            [
              121.563346725,
              25.059373113
            ],
            [
              121.563298126,
              25.059951064
            ],
            [
              121.563283095,
              25.06012981
            ],
            [
              121.563260624,
              25.060397051
            ],
            [
              121.563251915,
              25.060500614
            ],
            [
              121.563239893,
              25.06064358
            ],
            [
              121.563236192,
              25.060687591
            ],
            [
              121.563218087,
              25.060902901
            ],
            [
              121.563199281,
              25.061126529
            ],
            [
              121.563179921,
              25.061356775
            ],
            [
              121.56317182,
              25.061453109
            ],
            [
              121.563140174,
              25.061829422
            ],
            [
              121.563136304,
              25.061875464
            ],
            [
              121.563105742,
              25.0622389
            ],
            [
              121.563089022,
              25.062437729
            ],
            [
              121.563058689,
              25.062798432
            ],
            [
              121.563786974,
              25.062899958
            ],
            [
              121.564499681,
              25.062999308
            ],
            [
              121.565000625,
              25.063069136
            ],
            [
              121.565091482,
              25.062521294
            ],
            [
              121.565120122,
              25.062218964
            ],
            [
              121.565137811,
              25.062032214
            ],
            [
              121.565146598,
              25.061940672
            ],
            [
              121.565175474,
              25.061639774
            ],
            [
              121.565180067,
              25.061591922
            ],
            [
              121.565271294,
              25.061336484
            ],
            [
              121.565370448,
              25.061058855
            ],
            [
              121.565466554,
              25.060789757
            ],
            [
              121.565534069,
              25.060600714
            ],
            [
              121.565593758,
              25.060433584
            ]
          ]
        ]
      }
    },
    {
      "type": "Feature",
      "properties": {
        "dataset_slug": "tw.openfun~entity~geo",
        "record_id": "63000010-007"
      },
      "geometry": {
        "type": "Polygon",
        "coordinates": [
          [
            [
              121.571360246,
              25.053953374
            ],
            [
              121.571352981,
              25.053921845
            ],
            [
              121.571286291,
              25.053550429
            ],
            [
              121.571285897,
              25.053465945
            ],
            [
              121.571285268,
              25.053330798
            ],
            [
              121.571275477,
              25.05322102
            ],
            [
              121.571311497,
              25.052984346
            ],
            [
              121.571329586,
              25.05288291
            ],
            [
              121.571347676,
              25.052781465
            ],
            [
              121.571374968,
              25.0526631
            ],
            [
              121.571448421,
              25.05249387
            ],
            [
              121.57153112,
              25.052316159
            ],
            [
              121.571614131,
              25.052206015
            ],
            [
              121.571666507,
              25.052137293
            ],
            [
              121.57167558,
              25.052125389
            ],
            [
              121.570463783,
              25.051232284
            ],
            [
              121.570329319,
              25.051905796
            ],
            [
              121.570146791,
              25.052820031
            ],
            [
              121.569861853,
              25.054247196
            ],
            [
              121.569820491,
              25.054454354
            ],
            [
              121.569686084,
              25.055218469
            ],
            [
              121.569620223,
              25.05559289
            ],
            [
              121.569438763,
              25.056624478
            ],
            [
              121.569318246,
              25.057309606
            ],
            [
              121.568594311,
              25.057249016
            ],
            [
              121.567648174,
              25.057169823
            ],
            [
              121.567345878,
              25.05714452
            ],
            [
              121.567110054,
              25.057124779
            ],
            [
              121.566108855,
              25.057040968
            ],
            [
              121.566089637,
              25.057256429
            ],
            [
              121.566079611,
              25.057368824
            ],
            [
              121.566073051,
              25.057442376
            ],
            [
              121.566052032,
              25.057678017
            ],
            [
              121.56604375,
              25.057770876
            ],
            [
              121.566022938,
              25.058004212
            ],
            [
              121.56601926,
              25.058045428
            ],
            [
              121.565994936,
              25.058318139
            ],
            [
              121.565989673,
              25.058377158
            ],
            [
              121.565965621,
              25.058646784
            ],
            [
              121.565930357,
              25.059042141
            ],
            [
              121.56592952,
              25.059051527
            ],
            [
              121.565878607,
              25.059494055
            ],
            [
              121.565861552,
              25.059613376
            ],
            [
              121.565834511,
              25.059802575
            ],
            [
              121.565725885,
              25.060137594
            ],
            [
              121.565593758,
              25.060433584
            ],
            [
              121.566798404,
              25.060961761
            ],
            [
              121.566805236,
              25.060953287
            ],
            [
              121.566925059,
              25.060818636
            ],
            [
              121.566960115,
              25.060781479
            ],
            [
              121.567063514,
              25.060671884
            ],
            [
              121.567120926,
              25.060611299
            ],
            [
              121.567167588,
              25.060562057
            ],
            [
              121.567213609,
              25.060513965
            ],
            [
              121.567273274,
              25.060450982
            ],
            [
              121.567333517,
              25.060387391
            ],
            [
              121.567428934,
              25.06028533
            ],
            [
              121.567500588,
              25.060208685
            ],
            [
              121.567720427,
              25.059974047
            ],
            [
              121.567741717,
              25.059951724
            ],
            [
              121.567879726,
              25.059807025
            ],
            [
              121.56813145,
              25.059533382
            ],
            [
              121.568420098,
              25.059225762
            ],
            [
              121.568986401,
              25.059267519
            ],
            [
              121.568733349,
              25.060726369
            ],
            [
              121.568646081,
              25.061229467
            ],
            [
              121.568602295,
              25.061481898
            ],
            [
              121.568561558,
              25.061716734
            ],
            [
              121.56852032,
              25.061954472
            ],
            [
              121.568473078,
              25.062226812
            ],
            [
              121.568380746,
              25.062759093
            ],
            [
              121.568340174,
              25.062992984
            ],
            [
              121.568302935,
              25.063207655
            ],
            [
              121.568249762,
              25.063514195
            ],
            [
              121.568254623,
              25.063515824
            ],
            [
              121.569364831,
              25.063887733
            ],
            [
              121.569418478,
              25.063905705
            ],
            [
              121.569418968,
              25.063895433
            ],
            [
              121.569419927,
              25.063875308
            ],
            [
              121.569465116,
              25.063613271
            ],
            [
              121.569519822,
              25.063401876
            ],
            [
              121.569533413,
              25.063357879
            ],
            [
              121.569574686,
              25.063224266
            ],
            [
              121.569683966,
              25.062996206
            ],
            [
              121.569712566,
              25.062936519
            ],
            [
              121.56986901,
              25.062648702
            ],
            [
              121.570062065,
              25.062250926
            ],
            [
              121.570144613,
              25.062039416
            ],
            [
              121.570309708,
              25.061616415
            ],
            [
              121.57050554,
              25.060993764
            ],
            [
              121.570593944,
              25.060712675
            ],
            [
              121.570740395,
              25.060272837
            ],
            [
              121.570895969,
              25.059799179
            ],
            [
              121.571014615,
              25.059367905
            ],
            [
              121.571078282,
              25.059088894
            ],
            [
              121.571204987,
              25.058395713
            ],
            [
              121.571477381,
              25.057002609
            ],
            [
              121.571513403,
              25.056765946
            ],
            [
              121.571541382,
              25.056585121
            ],
            [
              121.571594488,
              25.056241892
            ],
            [
              121.571603494,
              25.056182722
            ],
            [
              121.571601607,
              25.055777255
            ],
            [
              121.571596355,
              25.055642574
            ],
            [
              121.571591067,
              25.055506979
            ],
            [
              121.571599285,
              25.055278864
            ],
            [
              121.571589102,
              25.055084621
            ],
            [
              121.571569674,
              25.054898843
            ],
            [
              121.571559923,
              25.054797515
            ],
            [
              121.571465311,
              25.054409305
            ],
            [
              121.571365699,
              25.053977037
            ],
            [
              121.571360246,
              25.053953374
            ]
          ]
        ]
      }
    },
    {
      "type": "Feature",
      "properties": {
        "dataset_slug": "tw.openfun~entity~geo",
        "record_id": "63000010-008"
      },
      "geometry": {
        "type": "Polygon",
        "coordinates": [
          [
            [
              121.566108855,
              25.057040968
            ],
            [
              121.565985854,
              25.057030523
            ],
            [
              121.565362929,
              25.056977629
            ],
            [
              121.5645461,
              25.056913844
            ],
            [
              121.564046699,
              25.056874846
            ],
            [
              121.56360323,
              25.056840212
            ],
            [
              121.563579659,
              25.057062993
            ],
            [
              121.563561016,
              25.057239183
            ],
            [
              121.563544875,
              25.057391729
            ],
            [
              121.56351471,
              25.057676812
            ],
            [
              121.563481693,
              25.057988874
            ],
            [
              121.563481034,
              25.057995103
            ],
            [
              121.563446485,
              25.058321899
            ],
            [
              121.563390936,
              25.058847346
            ],
            [
              121.5639736,
              25.058891468
            ],
            [
              121.564274695,
              25.058916109
            ],
            [
              121.56443932,
              25.05892958
            ],
            [
              121.564596981,
              25.058942484
            ],
            [
              121.564613533,
              25.058943838
            ],
            [
              121.564873796,
              25.058965136
            ],
            [
              121.565196411,
              25.058991536
            ],
            [
              121.565727347,
              25.059034983
            ],
            [
              121.56592952,
              25.059051527
            ],
            [
              121.565930357,
              25.059042141
            ],
            [
              121.565965621,
              25.058646784
            ],
            [
              121.565989673,
              25.058377158
            ],
            [
              121.565994936,
              25.058318139
            ],
            [
              121.56601926,
              25.058045428
            ],
            [
              121.566022938,
              25.058004212
            ],
            [
              121.56604375,
              25.057770876
            ],
            [
              121.566052032,
              25.057678017
            ],
            [
              121.566073051,
              25.057442376
            ],
            [
              121.566079611,
              25.057368824
            ],
            [
              121.566089637,
              25.057256429
            ],
            [
              121.566108855,
              25.057040968
            ]
          ]
        ]
      }
    },
    {
      "type": "Feature",
      "properties": {
        "dataset_slug": "tw.openfun~entity~geo",
        "record_id": "63000010-009"
      },
      "geometry": {
        "type": "Polygon",
        "coordinates": [
          [
            [
              121.561735839,
              25.056706921
            ],
            [
              121.560677392,
              25.056616216
            ],
            [
              121.560211657,
              25.056576301
            ],
            [
              121.559457856,
              25.056514681
            ],
            [
              121.558911522,
              25.056470019
            ],
            [
              121.558535236,
              25.056439256
            ],
            [
              121.558228818,
              25.056414204
            ],
            [
              121.557950851,
              25.056391479
            ],
            [
              121.55783069,
              25.056381655
            ],
            [
              121.557177637,
              25.056328261
            ],
            [
              121.555603388,
              25.056199536
            ],
            [
              121.555593797,
              25.056198751
            ],
            [
              121.555516476,
              25.056628087
            ],
            [
              121.555479129,
              25.05683545
            ],
            [
              121.555414561,
              25.057193967
            ],
            [
              121.555409581,
              25.057221623
            ],
            [
              121.555305714,
              25.05779834
            ],
            [
              121.555292562,
              25.057871367
            ],
            [
              121.555232671,
              25.058203905
            ],
            [
              121.556470409,
              25.058303045
            ],
            [
              121.557002307,
              25.058345646
            ],
            [
              121.557299231,
              25.058369426
            ],
            [
              121.558038321,
              25.058428616
            ],
            [
              121.558273857,
              25.058447479
            ],
            [
              121.559255878,
              25.058526116
            ],
            [
              121.560500873,
              25.058625802
            ],
            [
              121.560507307,
              25.058626318
            ],
            [
              121.561547546,
              25.058709601
            ],
            [
              121.561582829,
              25.058334333
            ],
            [
              121.561600163,
              25.058149963
            ],
            [
              121.561612606,
              25.058017623
            ],
            [
              121.561627899,
              25.05785498
            ],
            [
              121.561642327,
              25.057701507
            ],
            [
              121.561644304,
              25.057680489
            ],
            [
              121.561656716,
              25.057548472
            ],
            [
              121.561670028,
              25.057406882
            ],
            [
              121.561674706,
              25.057357145
            ],
            [
              121.561685488,
              25.057242444
            ],
            [
              121.561699178,
              25.057096852
            ],
            [
              121.561710004,
              25.056981697
            ],
            [
              121.561721701,
              25.056857281
            ],
            [
              121.561735839,
              25.056706921
            ]
          ]
        ]
      }
    },
    {
      "type": "Feature",
      "properties": {
        "dataset_slug": "tw.openfun~entity~geo",
        "record_id": "63000010-010"
      },
      "geometry": {
        "type": "Polygon",
        "coordinates": [
          [
            [
              121.563786974,
              25.062899958
            ],
            [
              121.563058689,
              25.062798432
            ],
            [
              121.560167852,
              25.062427128
            ],
            [
              121.557328031,
              25.062032053
            ],
            [
              121.557271635,
              25.062024207
            ],
            [
              121.55457879,
              25.061879031
            ],
            [
              121.554939665,
              25.059850768
            ],
            [
              121.554999688,
              25.059513404
            ],
            [
              121.55504842,
              25.059239507
            ],
            [
              121.555074749,
              25.059091519
            ],
            [
              121.555114753,
              25.058866673
            ],
            [
              121.555143846,
              25.058703157
            ],
            [
              121.555165495,
              25.058581479
            ],
            [
              121.555232671,
              25.058203905
            ],
            [
              121.554351257,
              25.05813322
            ],
            [
              121.552910627,
              25.058017677
            ],
            [
              121.552938528,
              25.057774703
            ],
            [
              121.552960698,
              25.057581648
            ],
            [
              121.55298303,
              25.057387181
            ],
            [
              121.553005051,
              25.057195416
            ],
            [
              121.553006279,
              25.057184721
            ],
            [
              121.552972711,
              25.056608471
            ],
            [
              121.55296527,
              25.056480743
            ],
            [
              121.552936206,
              25.056329659
            ],
            [
              121.552907453,
              25.056247693
            ],
            [
              121.552846131,
              25.056286797
            ],
            [
              121.55276115,
              25.056325997
            ],
            [
              121.552699788,
              25.05635646
            ],
            [
              121.552619544,
              25.056395633
            ],
            [
              121.552515664,
              25.056439219
            ],
            [
              121.552411763,
              25.05647849
            ],
            [
              121.552317269,
              25.056504761
            ],
            [
              121.552241676,
              25.056526638
            ],
            [
              121.552175509,
              25.056539849
            ],
            [
              121.552099916,
              25.056561725
            ],
            [
              121.5520337,
              25.056566295
            ],
            [
              121.551953341,
              25.05657955
            ],
            [
              121.551877688,
              25.056588471
            ],
            [
              121.551797291,
              25.056593095
            ],
            [
              121.551740541,
              25.056597622
            ],
            [
              121.551674296,
              25.056593553
            ],
            [
              121.551636445,
              25.056593694
            ],
            [
              121.551556008,
              25.056589668
            ],
            [
              121.551503966,
              25.056589862
            ],
            [
              121.55142349,
              25.056577206
            ],
            [
              121.551323365,
              25.056561057
            ],
            [
              121.551301639,
              25.056557056
            ],
            [
              121.55128323,
              25.056553665
            ],
            [
              121.551253543,
              25.056548198
            ],
            [
              121.551076878,
              25.05650201
            ],
            [
              121.550974114,
              25.056464925
            ],
            [
              121.550882361,
              25.05643123
            ],
            [
              121.550852859,
              25.056420397
            ],
            [
              121.550766474,
              25.056373881
            ],
            [
              121.550700689,
              25.056346021
            ],
            [
              121.550653334,
              25.056310599
            ],
            [
              121.550593669,
              25.056275214
            ],
            [
              121.550588708,
              25.05627207
            ],
            [
              121.550531947,
              25.056236099
            ],
            [
              121.550478412,
              25.056195077
            ],
            [
              121.550408406,
              25.056141006
            ],
            [
              121.550363086,
              25.05610182
            ],
            [
              121.55034261,
              25.0560823
            ],
            [
              121.550323938,
              25.056064499
            ],
            [
              121.5502745,
              25.056021583
            ],
            [
              121.550241557,
              25.055995479
            ],
            [
              121.550183896,
              25.055980114
            ],
            [
              121.549949708,
              25.055917716
            ],
            [
              121.548944232,
              25.0556498
            ],
            [
              121.548955285,
              25.057646676
            ],
            [
              121.549183772,
              25.058284466
            ],
            [
              121.549214901,
              25.058371357
            ],
            [
              121.549218972,
              25.05838272
            ],
            [
              121.549339077,
              25.058618651
            ],
            [
              121.549849311,
              25.059620931
            ],
            [
              121.550067785,
              25.060050085
            ],
            [
              121.550275662,
              25.06045842
            ],
            [
              121.550310432,
              25.060526719
            ],
            [
              121.550630185,
              25.061154803
            ],
            [
              121.550789634,
              25.061468008
            ],
            [
              121.55062002,
              25.061708421
            ],
            [
              121.550816318,
              25.062092622
            ],
            [
              121.550795845,
              25.062366305
            ],
            [
              121.550606955,
              25.062406497
            ],
            [
              121.550205169,
              25.062891999
            ],
            [
              121.550049815,
              25.063005941
            ],
            [
              121.549285564,
              25.063566462
            ],
            [
              121.548822979,
              25.06390573
            ],
            [
              121.548572515,
              25.064084228
            ],
            [
              121.548532543,
              25.064112714
            ],
            [
              121.548313356,
              25.064310974
            ],
            [
              121.547917175,
              25.064504581
            ],
            [
              121.547622269,
              25.064628
            ],
            [
              121.547304609,
              25.065183474
            ],
            [
              121.547202612,
              25.065248726
            ],
            [
              121.547012323,
              25.065357401
            ],
            [
              121.545522171,
              25.066208413
            ],
            [
              121.545296993,
              25.066337006
            ],
            [
              121.544767117,
              25.066622327
            ],
            [
              121.544342039,
              25.066861125
            ],
            [
              121.544343316,
              25.066917703
            ],
            [
              121.54434477,
              25.06698226
            ],
            [
              121.544157965,
              25.067092331
            ],
            [
              121.543670955,
              25.067368995
            ],
            [
              121.542691836,
              25.06790857
            ],
            [
              121.542605211,
              25.06795643
            ],
            [
              121.542118947,
              25.068225091
            ],
            [
              121.542049131,
              25.068263665
            ],
            [
              121.54161212,
              25.068466847
            ],
            [
              121.541110592,
              25.068650066
            ],
            [
              121.541019347,
              25.068675805
            ],
            [
              121.540929612,
              25.068701123
            ],
            [
              121.540693248,
              25.068747791
            ],
            [
              121.540396444,
              25.068785527
            ],
            [
              121.539983829,
              25.068814518
            ],
            [
              121.539430241,
              25.068834869
            ],
            [
              121.539088074,
              25.068859018
            ],
            [
              121.538927248,
              25.06891457
            ],
            [
              121.538796804,
              25.069011256
            ],
            [
              121.538676628,
              25.069153713
            ],
            [
              121.538611738,
              25.069277629
            ],
            [
              121.538567023,
              25.06941064
            ],
            [
              121.53855764,
              25.069566424
            ],
            [
              121.538554177,
              25.069923765
            ],
            [
              121.538560238,
              25.070499864
            ],
            [
              121.538571111,
              25.070683055
            ],
            [
              121.538577837,
              25.07106784
            ],
            [
              121.53857844,
              25.071205271
            ],
            [
              121.538619011,
              25.071273834
            ],
            [
              121.538659379,
              25.071296602
            ],
            [
              121.538744967,
              25.071300868
            ],
            [
              121.539212257,
              25.071280836
            ],
            [
              121.53967028,
              25.071274581
            ],
            [
              121.540868077,
              25.07123356
            ],
            [
              121.542231939,
              25.071182754
            ],
            [
              121.543343422,
              25.071150599
            ],
            [
              121.54401281,
              25.071134387
            ],
            [
              121.544888509,
              25.071103665
            ],
            [
              121.545512614,
              25.071092196
            ],
            [
              121.54605111,
              25.07107187
            ],
            [
              121.546614797,
              25.071056034
            ],
            [
              121.547187835,
              25.071040551
            ],
            [
              121.547479734,
              25.071030301
            ],
            [
              121.547862234,
              25.071019725
            ],
            [
              121.548149139,
              25.071018657
            ],
            [
              121.548405906,
              25.071031448
            ],
            [
              121.548582139,
              25.071044527
            ],
            [
              121.548808705,
              25.071057421
            ],
            [
              121.548817446,
              25.071062545
            ],
            [
              121.549910646,
              25.070958488
            ],
            [
              121.549917586,
              25.070958594
            ],
            [
              121.550303379,
              25.070964514
            ],
            [
              121.550336099,
              25.071496019
            ],
            [
              121.551237567,
              25.071474357
            ],
            [
              121.551488031,
              25.071352642
            ],
            [
              121.55159297,
              25.071418177
            ],
            [
              121.551673828,
              25.07149845
            ],
            [
              121.551842966,
              25.071519796
            ],
            [
              121.55238608,
              25.071466498
            ],
            [
              121.55245918,
              25.071520998
            ],
            [
              121.552509156,
              25.071679434
            ],
            [
              121.552496038,
              25.071738255
            ],
            [
              121.552460271,
              25.071854446
            ],
            [
              121.554703625,
              25.071776812
            ],
            [
              121.554792055,
              25.071750843
            ],
            [
              121.554840022,
              25.071677415
            ],
            [
              121.554795075,
              25.070345534
            ],
            [
              121.555994348,
              25.070319066
            ],
            [
              121.557437742,
              25.070347163
            ],
            [
              121.558069099,
              25.070359448
            ],
            [
              121.559277752,
              25.07019685
            ],
            [
              121.560130144,
              25.070006845
            ],
            [
              121.561538125,
              25.070103577
            ],
            [
              121.563671034,
              25.070006885
            ],
            [
              121.564449191,
              25.069971602
            ],
            [
              121.564519331,
              25.069946538
            ],
            [
              121.564586445,
              25.069891107
            ],
            [
              121.565011256,
              25.069486925
            ],
            [
              121.565753424,
              25.069463214
            ],
            [
              121.565841181,
              25.069501705
            ],
            [
              121.566028146,
              25.069627687
            ],
            [
              121.566165492,
              25.069706858
            ],
            [
              121.566279436,
              25.069728909
            ],
            [
              121.566445203,
              25.069729952
            ],
            [
              121.566683658,
              25.069731451
            ],
            [
              121.567278666,
              25.069714872
            ],
            [
              121.567386474,
              25.069718546
            ],
            [
              121.567411744,
              25.069715481
            ],
            [
              121.567734348,
              25.069676345
            ],
            [
              121.567882033,
              25.069665031
            ],
            [
              121.567986163,
              25.069657053
            ],
            [
              121.568022779,
              25.069647709
            ],
            [
              121.568044172,
              25.06962692
            ],
            [
              121.568084102,
              25.069514023
            ],
            [
              121.568165171,
              25.069276718
            ],
            [
              121.568219706,
              25.069087832
            ],
            [
              121.568229995,
              25.069033432
            ],
            [
              121.5682297,
              25.06896948
            ],
            [
              121.56821854,
              25.068835221
            ],
            [
              121.568151435,
              25.068513816
            ],
            [
              121.568122438,
              25.068395555
            ],
            [
              121.568100435,
              25.068325355
            ],
            [
              121.568068922,
              25.068249026
            ],
            [
              121.567982135,
              25.068232097
            ],
            [
              121.567583446,
              25.068152242
            ],
            [
              121.567461998,
              25.068127367
            ],
            [
              121.567445009,
              25.068122687
            ],
            [
              121.56723681,
              25.068065343
            ],
            [
              121.566578696,
              25.067843444
            ],
            [
              121.566225674,
              25.067709328
            ],
            [
              121.566024841,
              25.067639811
            ],
            [
              121.565598729,
              25.067488539
            ],
            [
              121.565360712,
              25.067408831
            ],
            [
              121.565271136,
              25.067374648
            ],
            [
              121.565200527,
              25.067340391
            ],
            [
              121.565151592,
              25.067304819
            ],
            [
              121.565105251,
              25.067244576
            ],
            [
              121.565054772,
              25.06716832
            ],
            [
              121.565030098,
              25.067105528
            ],
            [
              121.564985607,
              25.066930181
            ],
            [
              121.564867942,
              25.066769497
            ],
            [
              121.564544249,
              25.065982346
            ],
            [
              121.564371461,
              25.065950747
            ],
            [
              121.564381785,
              25.065881385
            ],
            [
              121.564396701,
              25.065781166
            ],
            [
              121.564409396,
              25.065695877
            ],
            [
              121.564475749,
              25.065257673
            ],
            [
              121.564481962,
              25.06521665
            ],
            [
              121.563812424,
              25.065065015
            ],
            [
              121.563934734,
              25.064304258
            ],
            [
              121.563576736,
              25.064266167
            ],
            [
              121.563786974,
              25.062899958
            ]
          ]
        ]
      }
    },
    {
      "type": "Feature",
      "properties": {
        "dataset_slug": "tw.openfun~entity~geo",
        "record_id": "63000010-011"
      },
      "geometry": {
        "type": "Polygon",
        "coordinates": [
          [
            [
              121.563804849,
              25.051375576
            ],
            [
              121.563350402,
              25.051386567
            ],
            [
              121.56257289,
              25.051405367
            ],
            [
              121.5624211,
              25.051409037
            ],
            [
              121.562030152,
              25.051418489
            ],
            [
              121.561534377,
              25.051430474
            ],
            [
              121.56081714,
              25.051447808
            ],
            [
              121.560758464,
              25.051449226
            ],
            [
              121.559987565,
              25.051467853
            ],
            [
              121.559978276,
              25.051468077
            ],
            [
              121.559712219,
              25.051474505
            ],
            [
              121.559704491,
              25.051474692
            ],
            [
              121.559160886,
              25.051487824
            ],
            [
              121.558761232,
              25.051497477
            ],
            [
              121.558374187,
              25.051506824
            ],
            [
              121.557891721,
              25.051518475
            ],
            [
              121.557375479,
              25.051528886
            ],
            [
              121.557210999,
              25.051947739
            ],
            [
              121.557184939,
              25.052014103
            ],
            [
              121.557049754,
              25.052358352
            ],
            [
              121.556868556,
              25.052819776
            ],
            [
              121.556832977,
              25.052910377
            ],
            [
              121.556775895,
              25.053055736
            ],
            [
              121.556580141,
              25.053554217
            ],
            [
              121.556646109,
              25.053561112
            ],
            [
              121.558055412,
              25.053708408
            ],
            [
              121.558424954,
              25.053747029
            ],
            [
              121.55913767,
              25.053821514
            ],
            [
              121.559213239,
              25.053829411
            ],
            [
              121.560473518,
              25.053961109
            ],
            [
              121.56082895,
              25.053977482
            ],
            [
              121.561497148,
              25.054008259
            ],
            [
              121.561947105,
              25.054028983
            ],
            [
              121.56239567,
              25.054049641
            ],
            [
              121.563121484,
              25.054083065
            ],
            [
              121.563239685,
              25.054088508
            ],
            [
              121.563841895,
              25.054116236
            ],
            [
              121.563832095,
              25.053391258
            ],
            [
              121.563822512,
              25.052682362
            ],
            [
              121.56381926,
              25.052441841
            ],
            [
              121.56381605,
              25.052204249
            ],
            [
              121.563804849,
              25.051375576
            ]
          ]
        ]
      }
    },
    {
      "type": "Feature",
      "properties": {
        "dataset_slug": "tw.openfun~entity~geo",
        "record_id": "63000010-012"
      },
      "geometry": {
        "type": "Polygon",
        "coordinates": [
          [
            [
              121.560473518,
              25.053961109
            ],
            [
              121.559213239,
              25.053829411
            ],
            [
              121.55913767,
              25.053821514
            ],
            [
              121.558424954,
              25.053747029
            ],
            [
              121.558055412,
              25.053708408
            ],
            [
              121.556646109,
              25.053561112
            ],
            [
              121.556580141,
              25.053554217
            ],
            [
              121.556352183,
              25.053537827
            ],
            [
              121.555752461,
              25.053494708
            ],
            [
              121.555128572,
              25.053449847
            ],
            [
              121.555034055,
              25.05344305
            ],
            [
              121.554368847,
              25.053395215
            ],
            [
              121.554328908,
              25.053392343
            ],
            [
              121.553727498,
              25.0533537
            ],
            [
              121.55371559,
              25.053352935
            ],
            [
              121.553264281,
              25.053323934
            ],
            [
              121.553222537,
              25.053321252
            ],
            [
              121.55284612,
              25.053301131
            ],
            [
              121.552871926,
              25.053842258
            ],
            [
              121.552875584,
              25.05391816
            ],
            [
              121.552879391,
              25.053997177
            ],
            [
              121.552888691,
              25.054188449
            ],
            [
              121.552892447,
              25.054353816
            ],
            [
              121.552894359,
              25.054377877
            ],
            [
              121.552894796,
              25.054404413
            ],
            [
              121.552902993,
              25.054901992
            ],
            [
              121.552906507,
              25.055115349
            ],
            [
              121.552906644,
              25.055141457
            ],
            [
              121.552907032,
              25.055152446
            ],
            [
              121.55292366,
              25.055623207
            ],
            [
              121.552936581,
              25.055989067
            ],
            [
              121.552956507,
              25.056142514
            ],
            [
              121.55296713,
              25.056194972
            ],
            [
              121.552993999,
              25.056190494
            ],
            [
              121.553015178,
              25.056190324
            ],
            [
              121.553368013,
              25.056192376
            ],
            [
              121.553411286,
              25.056193088
            ],
            [
              121.553487807,
              25.056194348
            ],
            [
              121.553805596,
              25.056196503
            ],
            [
              121.55386847,
              25.056196942
            ],
            [
              121.553941224,
              25.056197449
            ],
            [
              121.554372814,
              25.056200378
            ],
            [
              121.554457398,
              25.056200953
            ],
            [
              121.554830912,
              25.056203485
            ],
            [
              121.55489285,
              25.056204688
            ],
            [
              121.554974823,
              25.056206278
            ],
            [
              121.555478223,
              25.05620721
            ],
            [
              121.555522436,
              25.056202964
            ],
            [
              121.555538416,
              25.056201469
            ],
            [
              121.555593797,
              25.056198751
            ],
            [
              121.555603388,
              25.056199536
            ],
            [
              121.557177637,
              25.056328261
            ],
            [
              121.55783069,
              25.056381655
            ],
            [
              121.557950851,
              25.056391479
            ],
            [
              121.558228818,
              25.056414204
            ],
            [
              121.558535236,
              25.056439256
            ],
            [
              121.558911522,
              25.056470019
            ],
            [
              121.559457856,
              25.056514681
            ],
            [
              121.560211657,
              25.056576301
            ],
            [
              121.560247729,
              25.056216053
            ],
            [
              121.56028302,
              25.055863606
            ],
            [
              121.560343983,
              25.055254783
            ],
            [
              121.560369553,
              25.054999411
            ],
            [
              121.560377514,
              25.054919919
            ],
            [
              121.56039596,
              25.054735698
            ],
            [
              121.560432215,
              25.054373612
            ],
            [
              121.560434312,
              25.054352672
            ],
            [
              121.560473518,
              25.053961109
            ]
          ]
        ]
      }
    },
    {
      "type": "Feature",
      "properties": {
        "dataset_slug": "tw.openfun~entity~geo",
        "record_id": "63000010-013"
      },
      "geometry": {
        "type": "Polygon",
        "coordinates": [
          [
            [
              121.555593797,
              25.056198751
            ],
            [
              121.555538416,
              25.056201469
            ],
            [
              121.555522436,
              25.056202964
            ],
            [
              121.555478223,
              25.05620721
            ],
            [
              121.554974823,
              25.056206278
            ],
            [
              121.55489285,
              25.056204688
            ],
            [
              121.554830912,
              25.056203485
            ],
            [
              121.554457398,
              25.056200953
            ],
            [
              121.554372814,
              25.056200378
            ],
            [
              121.553941224,
              25.056197449
            ],
            [
              121.55386847,
              25.056196942
            ],
            [
              121.553805596,
              25.056196503
            ],
            [
              121.553487807,
              25.056194348
            ],
            [
              121.553411286,
              25.056193088
            ],
            [
              121.553368013,
              25.056192376
            ],
            [
              121.553015178,
              25.056190324
            ],
            [
              121.552993999,
              25.056190494
            ],
            [
              121.55296713,
              25.056194972
            ],
            [
              121.552938424,
              25.056218697
            ],
            [
              121.552907453,
              25.056247693
            ],
            [
              121.552936206,
              25.056329659
            ],
            [
              121.55296527,
              25.056480743
            ],
            [
              121.552972711,
              25.056608471
            ],
            [
              121.553006279,
              25.057184721
            ],
            [
              121.553005051,
              25.057195416
            ],
            [
              121.55298303,
              25.057387181
            ],
            [
              121.552960698,
              25.057581648
            ],
            [
              121.552938528,
              25.057774703
            ],
            [
              121.552910627,
              25.058017677
            ],
            [
              121.554351257,
              25.05813322
            ],
            [
              121.555232671,
              25.058203905
            ],
            [
              121.555292562,
              25.057871367
            ],
            [
              121.555305714,
              25.05779834
            ],
            [
              121.555409581,
              25.057221623
            ],
            [
              121.555414561,
              25.057193967
            ],
            [
              121.555479129,
              25.05683545
            ],
            [
              121.555516476,
              25.056628087
            ],
            [
              121.555593797,
              25.056198751
            ]
          ]
        ]
      }
    },
    {
      "type": "Feature",
      "properties": {
        "dataset_slug": "tw.openfun~entity~geo",
        "record_id": "63000010-014"
      },
      "geometry": {
        "type": "Polygon",
        "coordinates": [
          [
            [
              121.557375479,
              25.051528886
            ],
            [
              121.556376942,
              25.05154917
            ],
            [
              121.555095599,
              25.05157519
            ],
            [
              121.555087793,
              25.051575348
            ],
            [
              121.555028637,
              25.05157655
            ],
            [
              121.553679874,
              25.051608967
            ],
            [
              121.552732014,
              25.051621054
            ],
            [
              121.552572691,
              25.051623086
            ],
            [
              121.552590401,
              25.052222291
            ],
            [
              121.552590824,
              25.052237704
            ],
            [
              121.552610811,
              25.052966147
            ],
            [
              121.552615017,
              25.053119429
            ],
            [
              121.552618588,
              25.053219998
            ],
            [
              121.55265709,
              25.053250152
            ],
            [
              121.55268439,
              25.0532746
            ],
            [
              121.55270563,
              25.053293622
            ],
            [
              121.55284612,
              25.053301131
            ],
            [
              121.553222537,
              25.053321252
            ],
            [
              121.553264281,
              25.053323934
            ],
            [
              121.55371559,
              25.053352935
            ],
            [
              121.553727498,
              25.0533537
            ],
            [
              121.554328908,
              25.053392343
            ],
            [
              121.554368847,
              25.053395215
            ],
            [
              121.555034055,
              25.05344305
            ],
            [
              121.555128572,
              25.053449847
            ],
            [
              121.555752461,
              25.053494708
            ],
            [
              121.556352183,
              25.053537827
            ],
            [
              121.556580141,
              25.053554217
            ],
            [
              121.556775895,
              25.053055736
            ],
            [
              121.556832977,
              25.052910377
            ],
            [
              121.556868556,
              25.052819776
            ],
            [
              121.557049754,
              25.052358352
            ],
            [
              121.557184939,
              25.052014103
            ],
            [
              121.557210999,
              25.051947739
            ],
            [
              121.557375479,
              25.051528886
            ]
          ]
        ]
      }
    },
    {
      "type": "Feature",
      "properties": {
        "dataset_slug": "tw.openfun~entity~geo",
        "record_id": "63000010-015"
      },
      "geometry": {
        "type": "Polygon",
        "coordinates": [
          [
            [
              121.552907453,
              25.056247693
            ],
            [
              121.552938424,
              25.056218697
            ],
            [
              121.55296713,
              25.056194972
            ],
            [
              121.552956507,
              25.056142514
            ],
            [
              121.552936581,
              25.055989067
            ],
            [
              121.55292366,
              25.055623207
            ],
            [
              121.552907032,
              25.055152446
            ],
            [
              121.552906644,
              25.055141457
            ],
            [
              121.552906507,
              25.055115349
            ],
            [
              121.552902993,
              25.054901992
            ],
            [
              121.552894796,
              25.054404413
            ],
            [
              121.552894359,
              25.054377877
            ],
            [
              121.552892447,
              25.054353816
            ],
            [
              121.552888691,
              25.054188449
            ],
            [
              121.552879391,
              25.053997177
            ],
            [
              121.552875584,
              25.05391816
            ],
            [
              121.552871926,
              25.053842258
            ],
            [
              121.55284612,
              25.053301131
            ],
            [
              121.55270563,
              25.053293622
            ],
            [
              121.55268439,
              25.0532746
            ],
            [
              121.55265709,
              25.053250152
            ],
            [
              121.552618588,
              25.053219998
            ],
            [
              121.552615017,
              25.053119429
            ],
            [
              121.552610811,
              25.052966147
            ],
            [
              121.552590824,
              25.052237704
            ],
            [
              121.552590401,
              25.052222291
            ],
            [
              121.552572691,
              25.051623086
            ],
            [
              121.552161051,
              25.051628329
            ],
            [
              121.55202825,
              25.051631176
            ],
            [
              121.548912584,
              25.051697929
            ],
            [
              121.548912838,
              25.051725504
            ],
            [
              121.54892677,
              25.053233471
            ],
            [
              121.54892982,
              25.053563696
            ],
            [
              121.548936456,
              25.054282105
            ],
            [
              121.548937375,
              25.054381623
            ],
            [
              121.548944232,
              25.0556498
            ],
            [
              121.549949708,
              25.055917716
            ],
            [
              121.550183896,
              25.055980114
            ],
            [
              121.550241557,
              25.055995479
            ],
            [
              121.5502745,
              25.056021583
            ],
            [
              121.550323938,
              25.056064499
            ],
            [
              121.55034261,
              25.0560823
            ],
            [
              121.550363086,
              25.05610182
            ],
            [
              121.550408406,
              25.056141006
            ],
            [
              121.550478412,
              25.056195077
            ],
            [
              121.550531947,
              25.056236099
            ],
            [
              121.550588708,
              25.05627207
            ],
            [
              121.550593669,
              25.056275214
            ],
            [
              121.550653334,
              25.056310599
            ],
            [
              121.550700689,
              25.056346021
            ],
            [
              121.550766474,
              25.056373881
            ],
            [
              121.550852859,
              25.056420397
            ],
            [
              121.550882361,
              25.05643123
            ],
            [
              121.550974114,
              25.056464925
            ],
            [
              121.551076878,
              25.05650201
            ],
            [
              121.551253543,
              25.056548198
            ],
            [
              121.55128323,
              25.056553665
            ],
            [
              121.551301639,
              25.056557056
            ],
            [
              121.551323365,
              25.056561057
            ],
            [
              121.55142349,
              25.056577206
            ],
            [
              121.551503966,
              25.056589862
            ],
            [
              121.551556008,
              25.056589668
            ],
            [
              121.551636445,
              25.056593694
            ],
            [
              121.551674296,
              25.056593553
            ],
            [
              121.551740541,
              25.056597622
            ],
            [
              121.551797291,
              25.056593095
            ],
            [
              121.551877688,
              25.056588471
            ],
            [
              121.551953341,
              25.05657955
            ],
            [
              121.5520337,
              25.056566295
            ],
            [
              121.552099916,
              25.056561725
            ],
            [
              121.552175509,
              25.056539849
            ],
            [
              121.552241676,
              25.056526638
            ],
            [
              121.552317269,
              25.056504761
            ],
            [
              121.552411763,
              25.05647849
            ],
            [
              121.552515664,
              25.056439219
            ],
            [
              121.552619544,
              25.056395633
            ],
            [
              121.552699788,
              25.05635646
            ],
            [
              121.55276115,
              25.056325997
            ],
            [
              121.552846131,
              25.056286797
            ],
            [
              121.552907453,
              25.056247693
            ]
          ]
        ]
      }
    },
    {
      "type": "Feature",
      "properties": {
        "dataset_slug": "tw.openfun~entity~geo",
        "record_id": "63000010-016"
      },
      "geometry": {
        "type": "Polygon",
        "coordinates": [
          [
            [
              121.550789634,
              25.061468008
            ],
            [
              121.550630185,
              25.061154803
            ],
            [
              121.550310432,
              25.060526719
            ],
            [
              121.550275662,
              25.06045842
            ],
            [
              121.550067785,
              25.060050085
            ],
            [
              121.549849311,
              25.059620931
            ],
            [
              121.549339077,
              25.058618651
            ],
            [
              121.549218972,
              25.05838272
            ],
            [
              121.549214901,
              25.058371357
            ],
            [
              121.549183772,
              25.058284466
            ],
            [
              121.548955285,
              25.057646676
            ],
            [
              121.548728436,
              25.057649918
            ],
            [
              121.547431328,
              25.057668452
            ],
            [
              121.54732695,
              25.057669943
            ],
            [
              121.546132804,
              25.057686995
            ],
            [
              121.545206475,
              25.057700216
            ],
            [
              121.544823251,
              25.057705684
            ],
            [
              121.544192847,
              25.057714674
            ],
            [
              121.544194017,
              25.057759691
            ],
            [
              121.544202111,
              25.05807128
            ],
            [
              121.54421626,
              25.058558092
            ],
            [
              121.544216962,
              25.058716082
            ],
            [
              121.544230961,
              25.059263713
            ],
            [
              121.544231726,
              25.059770048
            ],
            [
              121.544239842,
              25.060151838
            ],
            [
              121.544240373,
              25.060176837
            ],
            [
              121.544252125,
              25.060729688
            ],
            [
              121.544261924,
              25.0610882
            ],
            [
              121.544264406,
              25.061648442
            ],
            [
              121.544270676,
              25.062072442
            ],
            [
              121.544910872,
              25.062062955
            ],
            [
              121.544960108,
              25.062062226
            ],
            [
              121.545487227,
              25.062054412
            ],
            [
              121.545612585,
              25.062052554
            ],
            [
              121.546268881,
              25.062042822
            ],
            [
              121.546643883,
              25.062037261
            ],
            [
              121.5479097,
              25.062018479
            ],
            [
              121.548343178,
              25.061935628
            ],
            [
              121.549933377,
              25.06163168
            ],
            [
              121.550789634,
              25.061468008
            ]
          ]
        ]
      }
    },
    {
      "type": "Feature",
      "properties": {
        "dataset_slug": "tw.openfun~entity~geo",
        "record_id": "63000010-017"
      },
      "geometry": {
        "type": "Polygon",
        "coordinates": [
          [
            [
              121.550789634,
              25.061468008
            ],
            [
              121.549933377,
              25.06163168
            ],
            [
              121.548343178,
              25.061935628
            ],
            [
              121.5479097,
              25.062018479
            ],
            [
              121.546643883,
              25.062037261
            ],
            [
              121.546268881,
              25.062042822
            ],
            [
              121.545612585,
              25.062052554
            ],
            [
              121.545487227,
              25.062054412
            ],
            [
              121.544960108,
              25.062062226
            ],
            [
              121.544910872,
              25.062062955
            ],
            [
              121.544270676,
              25.062072442
            ],
            [
              121.544272574,
              25.062200772
            ],
            [
              121.544274398,
              25.062324131
            ],
            [
              121.544275714,
              25.062413201
            ],
            [
              121.544277005,
              25.062704524
            ],
            [
              121.544278662,
              25.063078006
            ],
            [
              121.544290944,
              25.063996749
            ],
            [
              121.544302625,
              25.064883403
            ],
            [
              121.544314113,
              25.065622864
            ],
            [
              121.544332668,
              25.0664456
            ],
            [
              121.544342039,
              25.066861125
            ],
            [
              121.544767117,
              25.066622327
            ],
            [
              121.545296993,
              25.066337006
            ],
            [
              121.545522171,
              25.066208413
            ],
            [
              121.547012323,
              25.065357401
            ],
            [
              121.547202612,
              25.065248726
            ],
            [
              121.547304609,
              25.065183474
            ],
            [
              121.547622269,
              25.064628
            ],
            [
              121.547917175,
              25.064504581
            ],
            [
              121.548313356,
              25.064310974
            ],
            [
              121.548532543,
              25.064112714
            ],
            [
              121.548572515,
              25.064084228
            ],
            [
              121.548822979,
              25.06390573
            ],
            [
              121.549285564,
              25.063566462
            ],
            [
              121.550049815,
              25.063005941
            ],
            [
              121.550205169,
              25.062891999
            ],
            [
              121.550606955,
              25.062406497
            ],
            [
              121.550795845,
              25.062366305
            ],
            [
              121.550816318,
              25.062092622
            ],
            [
              121.55062002,
              25.061708421
            ],
            [
              121.550789634,
              25.061468008
            ]
          ]
        ]
      }
    },
    {
      "type": "Feature",
      "properties": {
        "dataset_slug": "tw.openfun~entity~geo",
        "record_id": "63000010-018"
      },
      "geometry": {
        "type": "Polygon",
        "coordinates": [
          [
            [
              121.580070263,
              25.049462031
            ],
            [
              121.580057866,
              25.049461834
            ],
            [
              121.579963402,
              25.049460335
            ],
            [
              121.579958837,
              25.049501476
            ],
            [
              121.579906542,
              25.049503844
            ],
            [
              121.578622484,
              25.049474229
            ],
            [
              121.578165935,
              25.049465183
            ],
            [
              121.577930402,
              25.049471497
            ],
            [
              121.57779673,
              25.049498031
            ],
            [
              121.57776905,
              25.049503527
            ],
            [
              121.577362376,
              25.049481304
            ],
            [
              121.576955681,
              25.049456913
            ],
            [
              121.57668954,
              25.04943254
            ],
            [
              121.576615537,
              25.049425762
            ],
            [
              121.576415732,
              25.049407065
            ],
            [
              121.576230219,
              25.049394794
            ],
            [
              121.576108978,
              25.049399599
            ],
            [
              121.575944932,
              25.049400235
            ],
            [
              121.575816574,
              25.049407225
            ],
            [
              121.575132978,
              25.049423034
            ],
            [
              121.575118621,
              25.049423365
            ],
            [
              121.575117551,
              25.049423415
            ],
            [
              121.574939341,
              25.049432096
            ],
            [
              121.574145631,
              25.049435169
            ],
            [
              121.574072456,
              25.049435851
            ],
            [
              121.573654715,
              25.049439743
            ],
            [
              121.572719216,
              25.049439137
            ],
            [
              121.572486991,
              25.049438989
            ],
            [
              121.572467065,
              25.049438977
            ],
            [
              121.572224822,
              25.049434722
            ],
            [
              121.571967275,
              25.049430197
            ],
            [
              121.571943914,
              25.0494307
            ],
            [
              121.571645008,
              25.049437122
            ],
            [
              121.571511665,
              25.049439988
            ],
            [
              121.571153242,
              25.049489533
            ],
            [
              121.570561995,
              25.049411531
            ],
            [
              121.570470522,
              25.049406005
            ],
            [
              121.570312051,
              25.049396431
            ],
            [
              121.569779664,
              25.049331569
            ],
            [
              121.569667856,
              25.049310595
            ],
            [
              121.569337197,
              25.04925669
            ],
            [
              121.569416958,
              25.049396562
            ],
            [
              121.569787975,
              25.050047185
            ],
            [
              121.569846823,
              25.050150385
            ],
            [
              121.570199458,
              25.050768769
            ],
            [
              121.570447514,
              25.051203754
            ],
            [
              121.570463783,
              25.051232284
            ],
            [
              121.57167558,
              25.052125389
            ],
            [
              121.571678698,
              25.052121298
            ],
            [
              121.571780426,
              25.052044863
            ],
            [
              121.571900714,
              25.051968375
            ],
            [
              121.572048885,
              25.05190022
            ],
            [
              121.572271293,
              25.051831778
            ],
            [
              121.572382538,
              25.051806008
            ],
            [
              121.572614344,
              25.051762863
            ],
            [
              121.572707145,
              25.051762494
            ],
            [
              121.572827749,
              25.051753587
            ],
            [
              121.573022592,
              25.051744377
            ],
            [
              121.573282516,
              25.051760264
            ],
            [
              121.573477475,
              25.051776398
            ],
            [
              121.573737118,
              25.051793917
            ],
            [
              121.573950922,
              25.051808343
            ],
            [
              121.574183043,
              25.051832777
            ],
            [
              121.574805128,
              25.051897932
            ],
            [
              121.575306653,
              25.051980437
            ],
            [
              121.575983588,
              25.052097299
            ],
            [
              121.576297951,
              25.052142945
            ],
            [
              121.576550074,
              25.052179553
            ],
            [
              121.576726516,
              25.052204209
            ],
            [
              121.57716316,
              25.052303861
            ],
            [
              121.577571884,
              25.052386735
            ],
            [
              121.578231492,
              25.052536197
            ],
            [
              121.578872542,
              25.052685728
            ],
            [
              121.579485634,
              25.052810024
            ],
            [
              121.579807646,
              25.052886801
            ],
            [
              121.579928742,
              25.052915674
            ],
            [
              121.579946165,
              25.052615442
            ],
            [
              121.579955243,
              25.052542512
            ],
            [
              121.579968746,
              25.052409532
            ],
            [
              121.579986315,
              25.052239447
            ],
            [
              121.579995775,
              25.052147858
            ],
            [
              121.580004711,
              25.052044914
            ],
            [
              121.580013687,
              25.051950535
            ],
            [
              121.580017953,
              25.051856196
            ],
            [
              121.5800225,
              25.051821869
            ],
            [
              121.580030767,
              25.051577412
            ],
            [
              121.580011135,
              25.051410265
            ],
            [
              121.580001091,
              25.051312241
            ],
            [
              121.579991286,
              25.051230808
            ],
            [
              121.579943551,
              25.051098067
            ],
            [
              121.579872101,
              25.050931122
            ],
            [
              121.579838741,
              25.050849775
            ],
            [
              121.57979123,
              25.050764204
            ],
            [
              121.57975791,
              25.050691443
            ],
            [
              121.579729384,
              25.050635814
            ],
            [
              121.579691193,
              25.050528765
            ],
            [
              121.579675997,
              25.050477773
            ],
            [
              121.579672045,
              25.050464516
            ],
            [
              121.579671679,
              25.050387327
            ],
            [
              121.579680697,
              25.050301533
            ],
            [
              121.579699236,
              25.050237146
            ],
            [
              121.579760069,
              25.050151143
            ],
            [
              121.579811501,
              25.050069463
            ],
            [
              121.579959212,
              25.049853813
            ],
            [
              121.580022786,
              25.049760998
            ],
            [
              121.580055354,
              25.049675115
            ],
            [
              121.580057482,
              25.049668719
            ],
            [
              121.580073933,
              25.049619302
            ],
            [
              121.580071804,
              25.04952816
            ],
            [
              121.580070263,
              25.049462031
            ]
          ]
        ]
      }
    },
    {
      "type": "Feature",
      "properties": {
        "dataset_slug": "tw.openfun~entity~geo",
        "record_id": "63000010-019"
      },
      "geometry": {
        "type": "Polygon",
        "coordinates": [
          [
            [
              121.570463783,
              25.051232284
            ],
            [
              121.569358158,
              25.051257627
            ],
            [
              121.569296008,
              25.05125905
            ],
            [
              121.569136985,
              25.051262695
            ],
            [
              121.569012464,
              25.051265549
            ],
            [
              121.568377088,
              25.051280108
            ],
            [
              121.567268011,
              25.051305515
            ],
            [
              121.566124403,
              25.051331705
            ],
            [
              121.565805546,
              25.051339004
            ],
            [
              121.565414164,
              25.051347964
            ],
            [
              121.565072005,
              25.051355797
            ],
            [
              121.56450645,
              25.051368741
            ],
            [
              121.563941703,
              25.051381665
            ],
            [
              121.563804849,
              25.051375576
            ],
            [
              121.56381605,
              25.052204249
            ],
            [
              121.56381926,
              25.052441841
            ],
            [
              121.563822512,
              25.052682362
            ],
            [
              121.563832095,
              25.053391258
            ],
            [
              121.563841895,
              25.054116236
            ],
            [
              121.563868567,
              25.054117593
            ],
            [
              121.56515386,
              25.054182949
            ],
            [
              121.565608155,
              25.054206048
            ],
            [
              121.566205559,
              25.054241271
            ],
            [
              121.567244413,
              25.054302515
            ],
            [
              121.569093519,
              25.05441151
            ],
            [
              121.569820491,
              25.054454354
            ],
            [
              121.569861853,
              25.054247196
            ],
            [
              121.570146791,
              25.052820031
            ],
            [
              121.570329319,
              25.051905796
            ],
            [
              121.570463783,
              25.051232284
            ]
          ]
        ]
      }
    },
    {
      "type": "Feature",
      "properties": {
        "dataset_slug": "tw.openfun~entity~geo",
        "record_id": "63000010-020"
      },
      "geometry": {
        "type": "Polygon",
        "coordinates": [
          [
            [
              121.569820491,
              25.054454354
            ],
            [
              121.569093519,
              25.05441151
            ],
            [
              121.567244413,
              25.054302515
            ],
            [
              121.566205559,
              25.054241271
            ],
            [
              121.565608155,
              25.054206048
            ],
            [
              121.565570407,
              25.054632689
            ],
            [
              121.565568043,
              25.054659411
            ],
            [
              121.565543362,
              25.054938351
            ],
            [
              121.565518162,
              25.055223186
            ],
            [
              121.565492039,
              25.055518417
            ],
            [
              121.565469025,
              25.055778527
            ],
            [
              121.565436368,
              25.056147623
            ],
            [
              121.565419469,
              25.056338616
            ],
            [
              121.565395785,
              25.056606293
            ],
            [
              121.565362929,
              25.056977629
            ],
            [
              121.565985854,
              25.057030523
            ],
            [
              121.566108855,
              25.057040968
            ],
            [
              121.567110054,
              25.057124779
            ],
            [
              121.567345878,
              25.05714452
            ],
            [
              121.567648174,
              25.057169823
            ],
            [
              121.568594311,
              25.057249016
            ],
            [
              121.569318246,
              25.057309606
            ],
            [
              121.569438763,
              25.056624478
            ],
            [
              121.569620223,
              25.05559289
            ],
            [
              121.569686084,
              25.055218469
            ],
            [
              121.569820491,
              25.054454354
            ]
          ]
        ]
      }
    },
    {
      "type": "Feature",
      "properties": {
        "dataset_slug": "tw.openfun~entity~geo",
        "record_id": "63000010-021"
      },
      "geometry": {
        "type": "Polygon",
        "coordinates": [
          [
            [
              121.565608155,
              25.054206048
            ],
            [
              121.56515386,
              25.054182949
            ],
            [
              121.563868567,
              25.054117593
            ],
            [
              121.563841895,
              25.054116236
            ],
            [
              121.563239685,
              25.054088508
            ],
            [
              121.563121484,
              25.054083065
            ],
            [
              121.56239567,
              25.054049641
            ],
            [
              121.561947105,
              25.054028983
            ],
            [
              121.561497148,
              25.054008259
            ],
            [
              121.56082895,
              25.053977482
            ],
            [
              121.560473518,
              25.053961109
            ],
            [
              121.560434312,
              25.054352672
            ],
            [
              121.560432215,
              25.054373612
            ],
            [
              121.56039596,
              25.054735698
            ],
            [
              121.560377514,
              25.054919919
            ],
            [
              121.560369553,
              25.054999411
            ],
            [
              121.560343983,
              25.055254783
            ],
            [
              121.56028302,
              25.055863606
            ],
            [
              121.560247729,
              25.056216053
            ],
            [
              121.560211657,
              25.056576301
            ],
            [
              121.560677392,
              25.056616216
            ],
            [
              121.561735839,
              25.056706921
            ],
            [
              121.561928868,
              25.056720701
            ],
            [
              121.563359407,
              25.056822811
            ],
            [
              121.563596729,
              25.056839749
            ],
            [
              121.56360323,
              25.056840212
            ],
            [
              121.564046699,
              25.056874846
            ],
            [
              121.5645461,
              25.056913844
            ],
            [
              121.565362929,
              25.056977629
            ],
            [
              121.565395785,
              25.056606293
            ],
            [
              121.565419469,
              25.056338616
            ],
            [
              121.565436368,
              25.056147623
            ],
            [
              121.565469025,
              25.055778527
            ],
            [
              121.565492039,
              25.055518417
            ],
            [
              121.565518162,
              25.055223186
            ],
            [
              121.565543362,
              25.054938351
            ],
            [
              121.565568043,
              25.054659411
            ],
            [
              121.565570407,
              25.054632689
            ],
            [
              121.565608155,
              25.054206048
            ]
          ]
        ]
      }
    },
    {
      "type": "Feature",
      "properties": {
        "dataset_slug": "tw.openfun~entity~geo",
        "record_id": "63000010-022"
      },
      "geometry": {
        "type": "Polygon",
        "coordinates": [
          [
            [
              121.563804849,
              25.051375576
            ],
            [
              121.563941703,
              25.051381665
            ],
            [
              121.564189913,
              25.050740079
            ],
            [
              121.564337031,
              25.050359801
            ],
            [
              121.564440463,
              25.050092441
            ],
            [
              121.564489272,
              25.049966274
            ],
            [
              121.564687906,
              25.049452823
            ],
            [
              121.564909017,
              25.048881271
            ],
            [
              121.564083967,
              25.048796267
            ],
            [
              121.563233053,
              25.048708595
            ],
            [
              121.562762877,
              25.048660148
            ],
            [
              121.56266022,
              25.048649569
            ],
            [
              121.56087037,
              25.048465128
            ],
            [
              121.56007108,
              25.048382757
            ],
            [
              121.559093112,
              25.048281964
            ],
            [
              121.558431974,
              25.048213821
            ],
            [
              121.557811238,
              25.04814984
            ],
            [
              121.557817825,
              25.048425589
            ],
            [
              121.55782515,
              25.048732133
            ],
            [
              121.557833961,
              25.049100981
            ],
            [
              121.557834094,
              25.04910657
            ],
            [
              121.5578485,
              25.04970954
            ],
            [
              121.557867236,
              25.050493762
            ],
            [
              121.557870698,
              25.050638628
            ],
            [
              121.557872294,
              25.050705445
            ],
            [
              121.557877309,
              25.050915315
            ],
            [
              121.557891721,
              25.051518475
            ],
            [
              121.558374187,
              25.051506824
            ],
            [
              121.558761232,
              25.051497477
            ],
            [
              121.559160886,
              25.051487824
            ],
            [
              121.559704491,
              25.051474692
            ],
            [
              121.559712219,
              25.051474505
            ],
            [
              121.559978276,
              25.051468077
            ],
            [
              121.559987565,
              25.051467853
            ],
            [
              121.560758464,
              25.051449226
            ],
            [
              121.56081714,
              25.051447808
            ],
            [
              121.561534377,
              25.051430474
            ],
            [
              121.562030152,
              25.051418489
            ],
            [
              121.5624211,
              25.051409037
            ],
            [
              121.56257289,
              25.051405367
            ],
            [
              121.563350402,
              25.051386567
            ],
            [
              121.563804849,
              25.051375576
            ]
          ]
        ]
      }
    },
    {
      "type": "Feature",
      "properties": {
        "dataset_slug": "tw.openfun~entity~geo",
        "record_id": "63000010-024"
      },
      "geometry": {
        "type": "Polygon",
        "coordinates": [
          [
            [
              121.570463783,
              25.051232284
            ],
            [
              121.570447514,
              25.051203754
            ],
            [
              121.570199458,
              25.050768769
            ],
            [
              121.569846823,
              25.050150385
            ],
            [
              121.569787975,
              25.050047185
            ],
            [
              121.569416958,
              25.049396562
            ],
            [
              121.569337197,
              25.04925669
            ],
            [
              121.569312642,
              25.04925269
            ],
            [
              121.56927234,
              25.04924612
            ],
            [
              121.568634509,
              25.049086814
            ],
            [
              121.568041014,
              25.048943423
            ],
            [
              121.567264295,
              25.048744268
            ],
            [
              121.566403929,
              25.048517233
            ],
            [
              121.565759129,
              25.048310901
            ],
            [
              121.565726864,
              25.048378217
            ],
            [
              121.565459124,
              25.048936828
            ],
            [
              121.564909017,
              25.048881271
            ],
            [
              121.564687906,
              25.049452823
            ],
            [
              121.564489272,
              25.049966274
            ],
            [
              121.564440463,
              25.050092441
            ],
            [
              121.564337031,
              25.050359801
            ],
            [
              121.564189913,
              25.050740079
            ],
            [
              121.563941703,
              25.051381665
            ],
            [
              121.56450645,
              25.051368741
            ],
            [
              121.565072005,
              25.051355797
            ],
            [
              121.565414164,
              25.051347964
            ],
            [
              121.565805546,
              25.051339004
            ],
            [
              121.566124403,
              25.051331705
            ],
            [
              121.567268011,
              25.051305515
            ],
            [
              121.568377088,
              25.051280108
            ],
            [
              121.569012464,
              25.051265549
            ],
            [
              121.569136985,
              25.051262695
            ],
            [
              121.569296008,
              25.05125905
            ],
            [
              121.569358158,
              25.051257627
            ],
            [
              121.570463783,
              25.051232284
            ]
          ]
        ]
      }
    },
    {
      "type": "Feature",
      "properties": {
        "dataset_slug": "tw.openfun~entity~geo",
        "record_id": "63000010-025"
      },
      "geometry": {
        "type": "Polygon",
        "coordinates": [
          [
            [
              121.565759129,
              25.048310901
            ],
            [
              121.565706873,
              25.048294179
            ],
            [
              121.565024479,
              25.048037726
            ],
            [
              121.564617865,
              25.047908131
            ],
            [
              121.564237527,
              25.04779632
            ],
            [
              121.563878498,
              25.047670914
            ],
            [
              121.563616174,
              25.047588474
            ],
            [
              121.563373464,
              25.047499992
            ],
            [
              121.563058586,
              25.047381964
            ],
            [
              121.562796207,
              25.047287592
            ],
            [
              121.562435408,
              25.047151856
            ],
            [
              121.56206143,
              25.046998296
            ],
            [
              121.561733322,
              25.046850513
            ],
            [
              121.561306791,
              25.046661382
            ],
            [
              121.560959012,
              25.046507714
            ],
            [
              121.560742423,
              25.046401244
            ],
            [
              121.560309267,
              25.046194241
            ],
            [
              121.560020507,
              25.046058242
            ],
            [
              121.559718731,
              25.045940156
            ],
            [
              121.559292211,
              25.04575101
            ],
            [
              121.558957613,
              25.045615181
            ],
            [
              121.558491883,
              25.045444065
            ],
            [
              121.558235135,
              25.045364284
            ],
            [
              121.558101312,
              25.045342153
            ],
            [
              121.557773802,
              25.045233285
            ],
            [
              121.557747882,
              25.045224669
            ],
            [
              121.557747796,
              25.04522464
            ],
            [
              121.557750818,
              25.045286453
            ],
            [
              121.557756995,
              25.045412785
            ],
            [
              121.557758738,
              25.045500752
            ],
            [
              121.557762684,
              25.045699869
            ],
            [
              121.557767122,
              25.04592378
            ],
            [
              121.557767694,
              25.045952642
            ],
            [
              121.557771412,
              25.046140294
            ],
            [
              121.5577764,
              25.046391964
            ],
            [
              121.557781611,
              25.046654882
            ],
            [
              121.557786784,
              25.046915956
            ],
            [
              121.557791552,
              25.047156487
            ],
            [
              121.557800782,
              25.047622281
            ],
            [
              121.557811238,
              25.04814984
            ],
            [
              121.558431974,
              25.048213821
            ],
            [
              121.559093112,
              25.048281964
            ],
            [
              121.56007108,
              25.048382757
            ],
            [
              121.56087037,
              25.048465128
            ],
            [
              121.56266022,
              25.048649569
            ],
            [
              121.562762877,
              25.048660148
            ],
            [
              121.563233053,
              25.048708595
            ],
            [
              121.564083967,
              25.048796267
            ],
            [
              121.564909017,
              25.048881271
            ],
            [
              121.565459124,
              25.048936828
            ],
            [
              121.565726864,
              25.048378217
            ],
            [
              121.565759129,
              25.048310901
            ]
          ]
        ]
      }
    },
    {
      "type": "Feature",
      "properties": {
        "dataset_slug": "tw.openfun~entity~geo",
        "record_id": "63000010-026"
      },
      "geometry": {
        "type": "Polygon",
        "coordinates": [
          [
            [
              121.548937375,
              25.054381623
            ],
            [
              121.548936456,
              25.054282105
            ],
            [
              121.54892982,
              25.053563696
            ],
            [
              121.54892677,
              25.053233471
            ],
            [
              121.548912838,
              25.051725504
            ],
            [
              121.548912584,
              25.051697929
            ],
            [
              121.548909621,
              25.050768137
            ],
            [
              121.548901271,
              25.048147321
            ],
            [
              121.54741355,
              25.048152815
            ],
            [
              121.546842627,
              25.048154921
            ],
            [
              121.546159157,
              25.048047666
            ],
            [
              121.546023152,
              25.048026322
            ],
            [
              121.545718121,
              25.047978454
            ],
            [
              121.545262201,
              25.047870004
            ],
            [
              121.544295111,
              25.047639956
            ],
            [
              121.543922874,
              25.047551408
            ],
            [
              121.543923267,
              25.047565581
            ],
            [
              121.543928886,
              25.047768243
            ],
            [
              121.543972883,
              25.048212985
            ],
            [
              121.543973118,
              25.048221587
            ],
            [
              121.543974132,
              25.048258799
            ],
            [
              121.54407101,
              25.051816355
            ],
            [
              121.544071585,
              25.051837457
            ],
            [
              121.544129166,
              25.053951678
            ],
            [
              121.544140265,
              25.054566946
            ],
            [
              121.544414476,
              25.054556357
            ],
            [
              121.544494949,
              25.054553248
            ],
            [
              121.54619122,
              25.054487733
            ],
            [
              121.5470022,
              25.054456402
            ],
            [
              121.548013249,
              25.054417337
            ],
            [
              121.548937375,
              25.054381623
            ]
          ]
        ]
      }
    },
    {
      "type": "Feature",
      "properties": {
        "dataset_slug": "tw.openfun~entity~geo",
        "record_id": "63000010-027"
      },
      "geometry": {
        "type": "Polygon",
        "coordinates": [
          [
            [
              121.546713957,
              25.045218719
            ],
            [
              121.546543498,
              25.045239383
            ],
            [
              121.546348956,
              25.045229682
            ],
            [
              121.545891038,
              25.045168894
            ],
            [
              121.545352988,
              25.045097976
            ],
            [
              121.544967536,
              25.045045443
            ],
            [
              121.544906512,
              25.045037126
            ],
            [
              121.544082257,
              25.0449256
            ],
            [
              121.543849852,
              25.044904207
            ],
            [
              121.543853404,
              25.045001047
            ],
            [
              121.543871035,
              25.045481645
            ],
            [
              121.543894892,
              25.046542338
            ],
            [
              121.543922874,
              25.047551408
            ],
            [
              121.544295111,
              25.047639956
            ],
            [
              121.545262201,
              25.047870004
            ],
            [
              121.545718121,
              25.047978454
            ],
            [
              121.546023152,
              25.048026322
            ],
            [
              121.546159157,
              25.048047666
            ],
            [
              121.546842627,
              25.048154921
            ],
            [
              121.546793358,
              25.047765509
            ],
            [
              121.546773838,
              25.047611226
            ],
            [
              121.546745736,
              25.047363269
            ],
            [
              121.546739266,
              25.047306186
            ],
            [
              121.546720427,
              25.047126495
            ],
            [
              121.546716822,
              25.047092115
            ],
            [
              121.54671655,
              25.046914581
            ],
            [
              121.546716103,
              25.046621706
            ],
            [
              121.546715796,
              25.046420868
            ],
            [
              121.546715672,
              25.046340636
            ],
            [
              121.54671543,
              25.046181627
            ],
            [
              121.546715089,
              25.04595896
            ],
            [
              121.546714945,
              25.045864746
            ],
            [
              121.546714734,
              25.04572687
            ],
            [
              121.546714465,
              25.045550548
            ],
            [
              121.546714296,
              25.045440695
            ],
            [
              121.546713957,
              25.045218719
            ]
          ]
        ]
      }
    },
    {
      "type": "Feature",
      "properties": {
        "dataset_slug": "tw.openfun~entity~geo",
        "record_id": "63000010-028"
      },
      "geometry": {
        "type": "Polygon",
        "coordinates": [
          [
            [
              121.552572691,
              25.051623086
            ],
            [
              121.552732014,
              25.051621054
            ],
            [
              121.553679874,
              25.051608967
            ],
            [
              121.555028637,
              25.05157655
            ],
            [
              121.555012274,
              25.051308073
            ],
            [
              121.554968107,
              25.051240318
            ],
            [
              121.554867122,
              25.051085399
            ],
            [
              121.55476591,
              25.050879721
            ],
            [
              121.554763881,
              25.050873638
            ],
            [
              121.554708727,
              25.050708231
            ],
            [
              121.554651312,
              25.050485228
            ],
            [
              121.554637436,
              25.050187644
            ],
            [
              121.5546434,
              25.050118947
            ],
            [
              121.554300781,
              25.049192996
            ],
            [
              121.554270692,
              25.049055556
            ],
            [
              121.554243188,
              25.048929926
            ],
            [
              121.55423283,
              25.048760515
            ],
            [
              121.554222896,
              25.048598032
            ],
            [
              121.554185721,
              25.048328873
            ],
            [
              121.554158105,
              25.048128936
            ],
            [
              121.553554541,
              25.048131189
            ],
            [
              121.553323205,
              25.048132051
            ],
            [
              121.552832014,
              25.048133882
            ],
            [
              121.552534822,
              25.048134989
            ],
            [
              121.551319561,
              25.048139123
            ],
            [
              121.550721505,
              25.048141155
            ],
            [
              121.549699144,
              25.04814462
            ],
            [
              121.548901271,
              25.048147321
            ],
            [
              121.548909621,
              25.050768137
            ],
            [
              121.548912584,
              25.051697929
            ],
            [
              121.55202825,
              25.051631176
            ],
            [
              121.552161051,
              25.051628329
            ],
            [
              121.552572691,
              25.051623086
            ]
          ]
        ]
      }
    },
    {
      "type": "Feature",
      "properties": {
        "dataset_slug": "tw.openfun~entity~geo",
        "record_id": "63000010-029"
      },
      "geometry": {
        "type": "Polygon",
        "coordinates": [
          [
            [
              121.554158105,
              25.048128936
            ],
            [
              121.554105716,
              25.047824113
            ],
            [
              121.554101735,
              25.04780095
            ],
            [
              121.554067945,
              25.047604339
            ],
            [
              121.554019973,
              25.047325222
            ],
            [
              121.553994428,
              25.047176583
            ],
            [
              121.553991385,
              25.047158882
            ],
            [
              121.554041372,
              25.047076947
            ],
            [
              121.554116461,
              25.04697958
            ],
            [
              121.553874948,
              25.046197018
            ],
            [
              121.553854906,
              25.046045533
            ],
            [
              121.553848194,
              25.045797756
            ],
            [
              121.553896424,
              25.04532495
            ],
            [
              121.553915055,
              25.045193454
            ],
            [
              121.554007601,
              25.044540234
            ],
            [
              121.554023865,
              25.044423628
            ],
            [
              121.553903325,
              25.044419859
            ],
            [
              121.55378794,
              25.044425546
            ],
            [
              121.55372044,
              25.044428874
            ],
            [
              121.553692588,
              25.044430247
            ],
            [
              121.553445786,
              25.044442413
            ],
            [
              121.553010322,
              25.044471079
            ],
            [
              121.5529921,
              25.044472279
            ],
            [
              121.552942525,
              25.044475544
            ],
            [
              121.552459772,
              25.044540156
            ],
            [
              121.55244269,
              25.044542442
            ],
            [
              121.552443133,
              25.044559773
            ],
            [
              121.55244531,
              25.044644609
            ],
            [
              121.552452467,
              25.044923738
            ],
            [
              121.552456842,
              25.04509435
            ],
            [
              121.552461873,
              25.045290552
            ],
            [
              121.552466483,
              25.0454703
            ],
            [
              121.552471018,
              25.045647089
            ],
            [
              121.55247766,
              25.045906098
            ],
            [
              121.5524836,
              25.04613774
            ],
            [
              121.552483895,
              25.046149242
            ],
            [
              121.552496289,
              25.046632485
            ],
            [
              121.552499711,
              25.046765938
            ],
            [
              121.552511157,
              25.047212268
            ],
            [
              121.552517586,
              25.047462978
            ],
            [
              121.552521141,
              25.047601574
            ],
            [
              121.552534822,
              25.048134989
            ],
            [
              121.552832014,
              25.048133882
            ],
            [
              121.553323205,
              25.048132051
            ],
            [
              121.553554541,
              25.048131189
            ],
            [
              121.554158105,
              25.048128936
            ]
          ]
        ]
      }
    },
    {
      "type": "Feature",
      "properties": {
        "dataset_slug": "tw.openfun~entity~geo",
        "record_id": "63000010-030"
      },
      "geometry": {
        "type": "Polygon",
        "coordinates": [
          [
            [
              121.552534822,
              25.048134989
            ],
            [
              121.552521141,
              25.047601574
            ],
            [
              121.552517586,
              25.047462978
            ],
            [
              121.552511157,
              25.047212268
            ],
            [
              121.552499711,
              25.046765938
            ],
            [
              121.552496289,
              25.046632485
            ],
            [
              121.552483895,
              25.046149242
            ],
            [
              121.5524836,
              25.04613774
            ],
            [
              121.55247766,
              25.045906098
            ],
            [
              121.552471018,
              25.045647089
            ],
            [
              121.552466483,
              25.0454703
            ],
            [
              121.552461873,
              25.045290552
            ],
            [
              121.552456842,
              25.04509435
            ],
            [
              121.552452467,
              25.044923738
            ],
            [
              121.55244531,
              25.044644609
            ],
            [
              121.552443133,
              25.044559773
            ],
            [
              121.55244269,
              25.044542442
            ],
            [
              121.552382247,
              25.044550531
            ],
            [
              121.551799041,
              25.044615203
            ],
            [
              121.551135746,
              25.044680168
            ],
            [
              121.550552584,
              25.044755252
            ],
            [
              121.550163779,
              25.044798359
            ],
            [
              121.549351369,
              25.044901388
            ],
            [
              121.549059213,
              25.04493844
            ],
            [
              121.548940656,
              25.044951913
            ],
            [
              121.548885757,
              25.044958152
            ],
            [
              121.548889061,
              25.045637474
            ],
            [
              121.54889154,
              25.04614688
            ],
            [
              121.548891717,
              25.04618339
            ],
            [
              121.548901271,
              25.048147321
            ],
            [
              121.549699144,
              25.04814462
            ],
            [
              121.550721505,
              25.048141155
            ],
            [
              121.551319561,
              25.048139123
            ],
            [
              121.552534822,
              25.048134989
            ]
          ]
        ]
      }
    },
    {
      "type": "Feature",
      "properties": {
        "dataset_slug": "tw.openfun~entity~geo",
        "record_id": "63000010-031"
      },
      "geometry": {
        "type": "Polygon",
        "coordinates": [
          [
            [
              121.555064691,
              25.048025254
            ],
            [
              121.555163172,
              25.047296994
            ],
            [
              121.555163919,
              25.047291472
            ],
            [
              121.555188103,
              25.04711264
            ],
            [
              121.555190029,
              25.047098386
            ],
            [
              121.55522279,
              25.046856121
            ],
            [
              121.555289048,
              25.046366129
            ],
            [
              121.555357757,
              25.045858022
            ],
            [
              121.555389499,
              25.04562328
            ],
            [
              121.555415803,
              25.045428754
            ],
            [
              121.555442205,
              25.045233504
            ],
            [
              121.555462706,
              25.045081893
            ],
            [
              121.555511087,
              25.0447241
            ],
            [
              121.555288747,
              25.044654197
            ],
            [
              121.555128386,
              25.044613142
            ],
            [
              121.554716048,
              25.044510545
            ],
            [
              121.554200833,
              25.044429159
            ],
            [
              121.554046574,
              25.044424338
            ],
            [
              121.554023865,
              25.044423628
            ],
            [
              121.554007601,
              25.044540234
            ],
            [
              121.553915055,
              25.045193454
            ],
            [
              121.553896424,
              25.04532495
            ],
            [
              121.553848194,
              25.045797756
            ],
            [
              121.553854906,
              25.046045533
            ],
            [
              121.553874948,
              25.046197018
            ],
            [
              121.554116461,
              25.04697958
            ],
            [
              121.554041372,
              25.047076947
            ],
            [
              121.553991385,
              25.047158882
            ],
            [
              121.553994428,
              25.047176583
            ],
            [
              121.554019973,
              25.047325222
            ],
            [
              121.554067945,
              25.047604339
            ],
            [
              121.554101735,
              25.04780095
            ],
            [
              121.554105716,
              25.047824113
            ],
            [
              121.554158105,
              25.048128936
            ],
            [
              121.555064691,
              25.048025254
            ]
          ]
        ]
      }
    },
    {
      "type": "Feature",
      "properties": {
        "dataset_slug": "tw.openfun~entity~geo",
        "record_id": "63000010-032"
      },
      "geometry": {
        "type": "Polygon",
        "coordinates": [
          [
            [
              121.557747796,
              25.04522464
            ],
            [
              121.557694705,
              25.045206989
            ],
            [
              121.55739103,
              25.045136539
            ],
            [
              121.556921387,
              25.045013334
            ],
            [
              121.556142653,
              25.044849634
            ],
            [
              121.555558253,
              25.044734214
            ],
            [
              121.555517895,
              25.04472624
            ],
            [
              121.555511087,
              25.0447241
            ],
            [
              121.555462706,
              25.045081893
            ],
            [
              121.555442205,
              25.045233504
            ],
            [
              121.555415803,
              25.045428754
            ],
            [
              121.555389499,
              25.04562328
            ],
            [
              121.555357757,
              25.045858022
            ],
            [
              121.555289048,
              25.046366129
            ],
            [
              121.55522279,
              25.046856121
            ],
            [
              121.555190029,
              25.047098386
            ],
            [
              121.555188103,
              25.04711264
            ],
            [
              121.555163919,
              25.047291472
            ],
            [
              121.555163172,
              25.047296994
            ],
            [
              121.555064691,
              25.048025254
            ],
            [
              121.555666946,
              25.047979405
            ],
            [
              121.555883509,
              25.04796292
            ],
            [
              121.556234221,
              25.047996927
            ],
            [
              121.556292571,
              25.048002586
            ],
            [
              121.557811238,
              25.04814984
            ],
            [
              121.557800782,
              25.047622281
            ],
            [
              121.557791552,
              25.047156487
            ],
            [
              121.557786784,
              25.046915956
            ],
            [
              121.557781611,
              25.046654882
            ],
            [
              121.5577764,
              25.046391964
            ],
            [
              121.557771412,
              25.046140294
            ],
            [
              121.557767694,
              25.045952642
            ],
            [
              121.557767122,
              25.04592378
            ],
            [
              121.557762684,
              25.045699869
            ],
            [
              121.557758738,
              25.045500752
            ],
            [
              121.557756995,
              25.045412785
            ],
            [
              121.557750818,
              25.045286453
            ],
            [
              121.557747796,
              25.04522464
            ]
          ]
        ]
      }
    },
    {
      "type": "Feature",
      "properties": {
        "dataset_slug": "tw.openfun~entity~geo",
        "record_id": "63000010-033"
      },
      "geometry": {
        "type": "Polygon",
        "coordinates": [
          [
            [
              121.557375479,
              25.051528886
            ],
            [
              121.557891721,
              25.051518475
            ],
            [
              121.557877309,
              25.050915315
            ],
            [
              121.557872294,
              25.050705445
            ],
            [
              121.557870698,
              25.050638628
            ],
            [
              121.557867236,
              25.050493762
            ],
            [
              121.5578485,
              25.04970954
            ],
            [
              121.557834094,
              25.04910657
            ],
            [
              121.557833961,
              25.049100981
            ],
            [
              121.55782515,
              25.048732133
            ],
            [
              121.557817825,
              25.048425589
            ],
            [
              121.557811238,
              25.04814984
            ],
            [
              121.556292571,
              25.048002586
            ],
            [
              121.556234221,
              25.047996927
            ],
            [
              121.555883509,
              25.04796292
            ],
            [
              121.555666946,
              25.047979405
            ],
            [
              121.555064691,
              25.048025254
            ],
            [
              121.554158105,
              25.048128936
            ],
            [
              121.554185721,
              25.048328873
            ],
            [
              121.554222896,
              25.048598032
            ],
            [
              121.55423283,
              25.048760515
            ],
            [
              121.554243188,
              25.048929926
            ],
            [
              121.554270692,
              25.049055556
            ],
            [
              121.554300781,
              25.049192996
            ],
            [
              121.5546434,
              25.050118947
            ],
            [
              121.554637436,
              25.050187644
            ],
            [
              121.554651312,
              25.050485228
            ],
            [
              121.554708727,
              25.050708231
            ],
            [
              121.554763881,
              25.050873638
            ],
            [
              121.55476591,
              25.050879721
            ],
            [
              121.554867122,
              25.051085399
            ],
            [
              121.554968107,
              25.051240318
            ],
            [
              121.555012274,
              25.051308073
            ],
            [
              121.555028637,
              25.05157655
            ],
            [
              121.555087793,
              25.051575348
            ],
            [
              121.555095599,
              25.05157519
            ],
            [
              121.556376942,
              25.05154917
            ],
            [
              121.557375479,
              25.051528886
            ]
          ]
        ]
      }
    },
    {
      "type": "Feature",
      "properties": {
        "dataset_slug": "tw.openfun~entity~geo",
        "record_id": "63000010-034"
      },
      "geometry": {
        "type": "Polygon",
        "coordinates": [
          [
            [
              121.548901271,
              25.048147321
            ],
            [
              121.548891717,
              25.04618339
            ],
            [
              121.54889154,
              25.04614688
            ],
            [
              121.548889061,
              25.045637474
            ],
            [
              121.548885757,
              25.044958152
            ],
            [
              121.548841078,
              25.044963228
            ],
            [
              121.548395962,
              25.04501381
            ],
            [
              121.548174764,
              25.045045972
            ],
            [
              121.547881445,
              25.045088623
            ],
            [
              121.547794593,
              25.045097571
            ],
            [
              121.547434343,
              25.045134692
            ],
            [
              121.547252469,
              25.045153432
            ],
            [
              121.546751211,
              25.045214203
            ],
            [
              121.546713957,
              25.045218719
            ],
            [
              121.546714296,
              25.045440695
            ],
            [
              121.546714465,
              25.045550548
            ],
            [
              121.546714734,
              25.04572687
            ],
            [
              121.546714945,
              25.045864746
            ],
            [
              121.546715089,
              25.04595896
            ],
            [
              121.54671543,
              25.046181627
            ],
            [
              121.546715672,
              25.046340636
            ],
            [
              121.546715796,
              25.046420868
            ],
            [
              121.546716103,
              25.046621706
            ],
            [
              121.54671655,
              25.046914581
            ],
            [
              121.546716822,
              25.047092115
            ],
            [
              121.546720427,
              25.047126495
            ],
            [
              121.546739266,
              25.047306186
            ],
            [
              121.546745736,
              25.047363269
            ],
            [
              121.546773838,
              25.047611226
            ],
            [
              121.546793358,
              25.047765509
            ],
            [
              121.546842627,
              25.048154921
            ],
            [
              121.54741355,
              25.048152815
            ],
            [
              121.548901271,
              25.048147321
            ]
          ]
        ]
      }
    },
    {
      "type": "Feature",
      "properties": {
        "dataset_slug": "tw.openfun~entity~geo",
        "record_id": "63000010-035"
      },
      "geometry": {
        "type": "Polygon",
        "coordinates": [
          [
            [
              121.548955285,
              25.057646676
            ],
            [
              121.548944232,
              25.0556498
            ],
            [
              121.548937375,
              25.054381623
            ],
            [
              121.548013249,
              25.054417337
            ],
            [
              121.5470022,
              25.054456402
            ],
            [
              121.54619122,
              25.054487733
            ],
            [
              121.544494949,
              25.054553248
            ],
            [
              121.544414476,
              25.054556357
            ],
            [
              121.544140265,
              25.054566946
            ],
            [
              121.544140278,
              25.054567739
            ],
            [
              121.544176893,
              25.056597687
            ],
            [
              121.544198107,
              25.057206804
            ],
            [
              121.544188159,
              25.05753417
            ],
            [
              121.544192847,
              25.057714674
            ],
            [
              121.544823251,
              25.057705684
            ],
            [
              121.545206475,
              25.057700216
            ],
            [
              121.546132804,
              25.057686995
            ],
            [
              121.54732695,
              25.057669943
            ],
            [
              121.547431328,
              25.057668452
            ],
            [
              121.548728436,
              25.057649918
            ],
            [
              121.548955285,
              25.057646676
            ]
          ]
        ]
      }
    },
    {
      "type": "Feature",
      "properties": {
        "dataset_slug": "tw.openfun~entity~geo",
        "record_id": "63000020-001"
      },
      "geometry": {
        "type": "Polygon",
        "coordinates": [
          [
            [
              121.568413918,
              25.039037632
            ],
            [
              121.56836307,
              25.03659572
            ],
            [
              121.568284281,
              25.032811781
            ],
            [
              121.565395456,
              25.032876637
            ],
            [
              121.563823979,
              25.032914967
            ],
            [
              121.561346276,
              25.032975368
            ],
            [
              121.561327362,
              25.032975499
            ],
            [
              121.560497659,
              25.032981219
            ],
            [
              121.560426186,
              25.032981706
            ],
            [
              121.559563399,
              25.032987659
            ],
            [
              121.559577991,
              25.033011738
            ],
            [
              121.560559696,
              25.034631759
            ],
            [
              121.560248708,
              25.034491211
            ],
            [
              121.560087822,
              25.034572402
            ],
            [
              121.560054336,
              25.034569748
            ],
            [
              121.559865878,
              25.034542595
            ],
            [
              121.559717558,
              25.034521224
            ],
            [
              121.559585459,
              25.034502191
            ],
            [
              121.559216928,
              25.034449091
            ],
            [
              121.559138239,
              25.034437753
            ],
            [
              121.558842495,
              25.03439514
            ],
            [
              121.558376172,
              25.034327945
            ],
            [
              121.558121359,
              25.034291228
            ],
            [
              121.558068236,
              25.034283573
            ],
            [
              121.557805952,
              25.034245778
            ],
            [
              121.557490373,
              25.034200303
            ],
            [
              121.557460664,
              25.034196023
            ],
            [
              121.557460861,
              25.034239425
            ],
            [
              121.557461505,
              25.034381501
            ],
            [
              121.557486673,
              25.034987504
            ],
            [
              121.557486871,
              25.035031102
            ],
            [
              121.557507537,
              25.035033978
            ],
            [
              121.557842511,
              25.035080603
            ],
            [
              121.558202797,
              25.035130751
            ],
            [
              121.558374686,
              25.035154676
            ],
            [
              121.558521384,
              25.035172553
            ],
            [
              121.558845511,
              25.035212053
            ],
            [
              121.558843921,
              25.035221085
            ],
            [
              121.558784831,
              25.0355568
            ],
            [
              121.558784985,
              25.035592176
            ],
            [
              121.55878508,
              25.035613648
            ],
            [
              121.558705135,
              25.035868892
            ],
            [
              121.559195834,
              25.035939385
            ],
            [
              121.559198531,
              25.036116804
            ],
            [
              121.55934452,
              25.036112608
            ],
            [
              121.559373806,
              25.036116612
            ],
            [
              121.559785747,
              25.036099927
            ],
            [
              121.55995518,
              25.036095056
            ],
            [
              121.560689809,
              25.036073938
            ],
            [
              121.560505718,
              25.035824682
            ],
            [
              121.560505993,
              25.035791655
            ],
            [
              121.560508336,
              25.035511129
            ],
            [
              121.560616392,
              25.035463012
            ],
            [
              121.560967847,
              25.035306506
            ],
            [
              121.56125062,
              25.035733303
            ],
            [
              121.561275367,
              25.035773318
            ],
            [
              121.562007068,
              25.036956497
            ],
            [
              121.56210043,
              25.037107465
            ],
            [
              121.562345665,
              25.037503716
            ],
            [
              121.563340313,
              25.039110848
            ],
            [
              121.568413918,
              25.039037632
            ]
          ]
        ]
      }
    },
    {
      "type": "Feature",
      "properties": {
        "dataset_slug": "tw.openfun~entity~geo",
        "record_id": "63000020-002"
      },
      "geometry": {
        "type": "Polygon",
        "coordinates": [
          [
            [
              121.560689809,
              25.036073938
            ],
            [
              121.55995518,
              25.036095056
            ],
            [
              121.559785747,
              25.036099927
            ],
            [
              121.559373806,
              25.036116612
            ],
            [
              121.55934452,
              25.036112608
            ],
            [
              121.559198531,
              25.036116804
            ],
            [
              121.559195834,
              25.035939385
            ],
            [
              121.558705135,
              25.035868892
            ],
            [
              121.55878508,
              25.035613648
            ],
            [
              121.558784985,
              25.035592176
            ],
            [
              121.558784831,
              25.0355568
            ],
            [
              121.558843921,
              25.035221085
            ],
            [
              121.558845511,
              25.035212053
            ],
            [
              121.558521384,
              25.035172553
            ],
            [
              121.558374686,
              25.035154676
            ],
            [
              121.558202797,
              25.035130751
            ],
            [
              121.557842511,
              25.035080603
            ],
            [
              121.557507537,
              25.035033978
            ],
            [
              121.557486871,
              25.035031102
            ],
            [
              121.557487026,
              25.035065308
            ],
            [
              121.557487726,
              25.03521944
            ],
            [
              121.557497042,
              25.035621886
            ],
            [
              121.557498956,
              25.036044825
            ],
            [
              121.55750007,
              25.036290392
            ],
            [
              121.557517372,
              25.036801955
            ],
            [
              121.5575253,
              25.036897433
            ],
            [
              121.557535605,
              25.037518165
            ],
            [
              121.557541589,
              25.037692214
            ],
            [
              121.557567559,
              25.037692096
            ],
            [
              121.557584282,
              25.037692019
            ],
            [
              121.55843578,
              25.037653296
            ],
            [
              121.559218051,
              25.037617717
            ],
            [
              121.560371187,
              25.037565262
            ],
            [
              121.561301372,
              25.037522943
            ],
            [
              121.561261851,
              25.037063448
            ],
            [
              121.561260892,
              25.037052295
            ],
            [
              121.561079684,
              25.03674186
            ],
            [
              121.560887212,
              25.036412125
            ],
            [
              121.560689809,
              25.036073938
            ]
          ]
        ]
      }
    },
    {
      "type": "Feature",
      "properties": {
        "dataset_slug": "tw.openfun~entity~geo",
        "record_id": "63000020-003"
      },
      "geometry": {
        "type": "Polygon",
        "coordinates": [
          [
            [
              121.564448638,
              25.041113185
            ],
            [
              121.563984702,
              25.040275029
            ],
            [
              121.563340313,
              25.039110848
            ],
            [
              121.562345665,
              25.037503716
            ],
            [
              121.56210043,
              25.037107465
            ],
            [
              121.562007068,
              25.036956497
            ],
            [
              121.561275367,
              25.035773318
            ],
            [
              121.56125062,
              25.035733303
            ],
            [
              121.560967847,
              25.035306506
            ],
            [
              121.560616392,
              25.035463012
            ],
            [
              121.560508336,
              25.035511129
            ],
            [
              121.560505993,
              25.035791655
            ],
            [
              121.560505718,
              25.035824682
            ],
            [
              121.560689809,
              25.036073938
            ],
            [
              121.560887212,
              25.036412125
            ],
            [
              121.561079684,
              25.03674186
            ],
            [
              121.561260892,
              25.037052295
            ],
            [
              121.561261851,
              25.037063448
            ],
            [
              121.561301372,
              25.037522943
            ],
            [
              121.560371187,
              25.037565262
            ],
            [
              121.559218051,
              25.037617717
            ],
            [
              121.55843578,
              25.037653296
            ],
            [
              121.557584282,
              25.037692019
            ],
            [
              121.557567559,
              25.037692096
            ],
            [
              121.557541589,
              25.037692214
            ],
            [
              121.557541826,
              25.037699106
            ],
            [
              121.557553127,
              25.038027752
            ],
            [
              121.557562847,
              25.038518877
            ],
            [
              121.557557238,
              25.038935027
            ],
            [
              121.557574418,
              25.039419298
            ],
            [
              121.557586054,
              25.040333364
            ],
            [
              121.557594839,
              25.040611378
            ],
            [
              121.55760462,
              25.041116143
            ],
            [
              121.557611817,
              25.041288408
            ],
            [
              121.55765185,
              25.041287288
            ],
            [
              121.557663931,
              25.04128695
            ],
            [
              121.562113153,
              25.041173035
            ],
            [
              121.562558846,
              25.041161617
            ],
            [
              121.564448638,
              25.041113185
            ]
          ]
        ]
      }
    },
    {
      "type": "Feature",
      "properties": {
        "dataset_slug": "tw.openfun~entity~geo",
        "record_id": "63000020-004"
      },
      "geometry": {
        "type": "Polygon",
        "coordinates": [
          [
            [
              121.559563399,
              25.032987659
            ],
            [
              121.559387557,
              25.032695291
            ],
            [
              121.558968248,
              25.031998106
            ],
            [
              121.557937792,
              25.030284728
            ],
            [
              121.557779972,
              25.030022311
            ],
            [
              121.557655556,
              25.029815435
            ],
            [
              121.557393269,
              25.029379309
            ],
            [
              121.557380064,
              25.029382576
            ],
            [
              121.557367597,
              25.02938566
            ],
            [
              121.557373681,
              25.02942463
            ],
            [
              121.557382581,
              25.029481639
            ],
            [
              121.557394845,
              25.029560191
            ],
            [
              121.557411408,
              25.029908044
            ],
            [
              121.557405645,
              25.030290078
            ],
            [
              121.557415149,
              25.030733455
            ],
            [
              121.557414623,
              25.030799597
            ],
            [
              121.557410373,
              25.031333775
            ],
            [
              121.557421054,
              25.032069109
            ],
            [
              121.557437893,
              25.032478349
            ],
            [
              121.557440027,
              25.032949038
            ],
            [
              121.557440471,
              25.033047274
            ],
            [
              121.55744067,
              25.033091316
            ],
            [
              121.55744117,
              25.033201431
            ],
            [
              121.557450889,
              25.033692557
            ],
            [
              121.557458847,
              25.03379485
            ],
            [
              121.557460485,
              25.034156399
            ],
            [
              121.557460664,
              25.034196023
            ],
            [
              121.557490373,
              25.034200303
            ],
            [
              121.557805952,
              25.034245778
            ],
            [
              121.558068236,
              25.034283573
            ],
            [
              121.558121359,
              25.034291228
            ],
            [
              121.558376172,
              25.034327945
            ],
            [
              121.558842495,
              25.03439514
            ],
            [
              121.559138239,
              25.034437753
            ],
            [
              121.559216928,
              25.034449091
            ],
            [
              121.559585459,
              25.034502191
            ],
            [
              121.559717558,
              25.034521224
            ],
            [
              121.559865878,
              25.034542595
            ],
            [
              121.560054336,
              25.034569748
            ],
            [
              121.560087822,
              25.034572402
            ],
            [
              121.560248708,
              25.034491211
            ],
            [
              121.560559696,
              25.034631759
            ],
            [
              121.559577991,
              25.033011738
            ],
            [
              121.559563399,
              25.032987659
            ]
          ]
        ]
      }
    },
    {
      "type": "Feature",
      "properties": {
        "dataset_slug": "tw.openfun~entity~geo",
        "record_id": "63000020-005"
      },
      "geometry": {
        "type": "Polygon",
        "coordinates": [
          [
            [
              121.567173343,
              25.045657552
            ],
            [
              121.567077469,
              25.045497888
            ],
            [
              121.567061402,
              25.045471132
            ],
            [
              121.567054402,
              25.045459475
            ],
            [
              121.56580431,
              25.043377592
            ],
            [
              121.565381386,
              25.042671185
            ],
            [
              121.565050089,
              25.042117812
            ],
            [
              121.564858251,
              25.04179738
            ],
            [
              121.564815523,
              25.041726012
            ],
            [
              121.56476631,
              25.04164381
            ],
            [
              121.564470819,
              25.041150237
            ],
            [
              121.564448638,
              25.041113185
            ],
            [
              121.562558846,
              25.041161617
            ],
            [
              121.562113153,
              25.041173035
            ],
            [
              121.557663931,
              25.04128695
            ],
            [
              121.55765185,
              25.041287288
            ],
            [
              121.557611817,
              25.041288408
            ],
            [
              121.557614469,
              25.041351895
            ],
            [
              121.557621432,
              25.04151856
            ],
            [
              121.557629944,
              25.041743643
            ],
            [
              121.557631552,
              25.042098366
            ],
            [
              121.557632543,
              25.04231665
            ],
            [
              121.557633686,
              25.042569053
            ],
            [
              121.557642911,
              25.04295103
            ],
            [
              121.557676348,
              25.043741582
            ],
            [
              121.557678265,
              25.044164519
            ],
            [
              121.557687182,
              25.044478284
            ],
            [
              121.557688419,
              25.044751142
            ],
            [
              121.557704365,
              25.044962555
            ],
            [
              121.557704393,
              25.044968734
            ],
            [
              121.557705231,
              25.045153568
            ],
            [
              121.557694705,
              25.045206989
            ],
            [
              121.557747796,
              25.04522464
            ],
            [
              121.557747882,
              25.045224669
            ],
            [
              121.557773802,
              25.045233285
            ],
            [
              121.558101312,
              25.045342153
            ],
            [
              121.558235135,
              25.045364284
            ],
            [
              121.558491883,
              25.045444065
            ],
            [
              121.558957613,
              25.045615181
            ],
            [
              121.559292211,
              25.04575101
            ],
            [
              121.559718731,
              25.045940156
            ],
            [
              121.560020507,
              25.046058242
            ],
            [
              121.560309267,
              25.046194241
            ],
            [
              121.560742423,
              25.046401244
            ],
            [
              121.560959012,
              25.046507714
            ],
            [
              121.561306791,
              25.046661382
            ],
            [
              121.561733322,
              25.046850513
            ],
            [
              121.56206143,
              25.046998296
            ],
            [
              121.562435408,
              25.047151856
            ],
            [
              121.562796207,
              25.047287592
            ],
            [
              121.563058586,
              25.047381964
            ],
            [
              121.563373464,
              25.047499992
            ],
            [
              121.563616174,
              25.047588474
            ],
            [
              121.563878498,
              25.047670914
            ],
            [
              121.564237527,
              25.04779632
            ],
            [
              121.564617865,
              25.047908131
            ],
            [
              121.565024479,
              25.048037726
            ],
            [
              121.565706873,
              25.048294179
            ],
            [
              121.565759129,
              25.048310901
            ],
            [
              121.566403929,
              25.048517233
            ],
            [
              121.567264295,
              25.048744268
            ],
            [
              121.568041014,
              25.048943423
            ],
            [
              121.568634509,
              25.049086814
            ],
            [
              121.56927234,
              25.04924612
            ],
            [
              121.569312642,
              25.04925269
            ],
            [
              121.569337197,
              25.04925669
            ],
            [
              121.569280359,
              25.049157014
            ],
            [
              121.568655481,
              25.048119203
            ],
            [
              121.568089803,
              25.047179694
            ],
            [
              121.567628343,
              25.046413264
            ],
            [
              121.567173343,
              25.045657552
            ]
          ]
        ]
      }
    },
    {
      "type": "Feature",
      "properties": {
        "dataset_slug": "tw.openfun~entity~geo",
        "record_id": "63000020-006"
      },
      "geometry": {
        "type": "Polygon",
        "coordinates": [
          [
            [
              121.57015458,
              25.041843368
            ],
            [
              121.570153872,
              25.041690081
            ],
            [
              121.57015302,
              25.041505626
            ],
            [
              121.570152159,
              25.04131952
            ],
            [
              121.570151552,
              25.041188227
            ],
            [
              121.57016204,
              25.041182589
            ],
            [
              121.570189865,
              25.041162882
            ],
            [
              121.570219786,
              25.041135322
            ],
            [
              121.570238992,
              25.041109753
            ],
            [
              121.570253861,
              25.041076374
            ],
            [
              121.570264402,
              25.041035156
            ],
            [
              121.570263408,
              25.040983059
            ],
            [
              121.570253495,
              25.04092233
            ],
            [
              121.570232421,
              25.04086539
            ],
            [
              121.570211326,
              25.040806067
            ],
            [
              121.570179836,
              25.040746784
            ],
            [
              121.570140504,
              25.040680407
            ],
            [
              121.570096014,
              25.040623558
            ],
            [
              121.570054175,
              25.040578569
            ],
            [
              121.570004548,
              25.040535996
            ],
            [
              121.569954911,
              25.040491037
            ],
            [
              121.56988707,
              25.040448531
            ],
            [
              121.569833951,
              25.04042026
            ],
            [
              121.56983442,
              25.040070723
            ],
            [
              121.569835833,
              25.039017085
            ],
            [
              121.568413918,
              25.039037632
            ],
            [
              121.563340313,
              25.039110848
            ],
            [
              121.563984702,
              25.040275029
            ],
            [
              121.564448638,
              25.041113185
            ],
            [
              121.564470819,
              25.041150237
            ],
            [
              121.56476631,
              25.04164381
            ],
            [
              121.564815523,
              25.041726012
            ],
            [
              121.564858251,
              25.04179738
            ],
            [
              121.565050089,
              25.042117812
            ],
            [
              121.565381386,
              25.042671185
            ],
            [
              121.56580431,
              25.043377592
            ],
            [
              121.565966074,
              25.043317869
            ],
            [
              121.566162185,
              25.043268216
            ],
            [
              121.566194535,
              25.043263325
            ],
            [
              121.566346492,
              25.043240348
            ],
            [
              121.56649662,
              25.04323535
            ],
            [
              121.5665309,
              25.043234209
            ],
            [
              121.566691588,
              25.043244464
            ],
            [
              121.566837453,
              25.043265638
            ],
            [
              121.567019159,
              25.043316565
            ],
            [
              121.567180072,
              25.043375717
            ],
            [
              121.567281438,
              25.043424234
            ],
            [
              121.567367927,
              25.043472798
            ],
            [
              121.567490298,
              25.04355927
            ],
            [
              121.567641034,
              25.043680544
            ],
            [
              121.567630344,
              25.043610348
            ],
            [
              121.567630132,
              25.04356417
            ],
            [
              121.567644632,
              25.043482609
            ],
            [
              121.567677079,
              25.04342272
            ],
            [
              121.567709602,
              25.043379126
            ],
            [
              121.567754026,
              25.043335486
            ],
            [
              121.567825191,
              25.043286319
            ],
            [
              121.567911305,
              25.043253388
            ],
            [
              121.568006425,
              25.04323672
            ],
            [
              121.568042158,
              25.043244736
            ],
            [
              121.568095713,
              25.043247247
            ],
            [
              121.568143285,
              25.043241631
            ],
            [
              121.568214598,
              25.043222335
            ],
            [
              121.568276923,
              25.043192214
            ],
            [
              121.568324357,
              25.043156715
            ],
            [
              121.568343565,
              25.043133712
            ],
            [
              121.568353943,
              25.043121284
            ],
            [
              121.56838348,
              25.043074992
            ],
            [
              121.568412966,
              25.043017832
            ],
            [
              121.568454268,
              25.042944321
            ],
            [
              121.56857278,
              25.042840632
            ],
            [
              121.568664775,
              25.042791383
            ],
            [
              121.568726287,
              25.042770689
            ],
            [
              121.568733248,
              25.042768347
            ],
            [
              121.568762792,
              25.042758407
            ],
            [
              121.568872785,
              25.042741681
            ],
            [
              121.568982856,
              25.042743977
            ],
            [
              121.569015615,
              25.042752003
            ],
            [
              121.569069269,
              25.042773528
            ],
            [
              121.569134801,
              25.042792298
            ],
            [
              121.569215147,
              25.042800133
            ],
            [
              121.569280554,
              25.042791739
            ],
            [
              121.56933999,
              25.042777924
            ],
            [
              121.56938666,
              25.042761041
            ],
            [
              121.569408294,
              25.042753215
            ],
            [
              121.569482479,
              25.042712177
            ],
            [
              121.569523944,
              25.042673983
            ],
            [
              121.569568318,
              25.042619482
            ],
            [
              121.569609667,
              25.042554115
            ],
            [
              121.569633197,
              25.042496975
            ],
            [
              121.569635317,
              25.042473134
            ],
            [
              121.56963865,
              25.042469092
            ],
            [
              121.569691925,
              25.04240448
            ],
            [
              121.569789931,
              25.042285619
            ],
            [
              121.569797712,
              25.04227618
            ],
            [
              121.57011993,
              25.041885393
            ],
            [
              121.57015458,
              25.041843368
            ]
          ]
        ]
      }
    },
    {
      "type": "Feature",
      "properties": {
        "dataset_slug": "tw.openfun~entity~geo",
        "record_id": "63000020-007"
      },
      "geometry": {
        "type": "Polygon",
        "coordinates": [
          [
            [
              121.570286438,
              25.045566903
            ],
            [
              121.570285369,
              25.045537032
            ],
            [
              121.570275311,
              25.04525617
            ],
            [
              121.570261899,
              25.044881614
            ],
            [
              121.570247337,
              25.044474934
            ],
            [
              121.570234316,
              25.044111292
            ],
            [
              121.570233971,
              25.044101681
            ],
            [
              121.570220072,
              25.043713509
            ],
            [
              121.570212016,
              25.043488523
            ],
            [
              121.570204238,
              25.043271338
            ],
            [
              121.570197567,
              25.043085055
            ],
            [
              121.570189943,
              25.042872104
            ],
            [
              121.570188198,
              25.042823382
            ],
            [
              121.570167488,
              25.042244984
            ],
            [
              121.57015458,
              25.041843368
            ],
            [
              121.57011993,
              25.041885393
            ],
            [
              121.569797712,
              25.04227618
            ],
            [
              121.569789931,
              25.042285619
            ],
            [
              121.569691925,
              25.04240448
            ],
            [
              121.56963865,
              25.042469092
            ],
            [
              121.569635317,
              25.042473134
            ],
            [
              121.569633197,
              25.042496975
            ],
            [
              121.569609667,
              25.042554115
            ],
            [
              121.569568318,
              25.042619482
            ],
            [
              121.569523944,
              25.042673983
            ],
            [
              121.569482479,
              25.042712177
            ],
            [
              121.569408294,
              25.042753215
            ],
            [
              121.56938666,
              25.042761041
            ],
            [
              121.56933999,
              25.042777924
            ],
            [
              121.569280554,
              25.042791739
            ],
            [
              121.569215147,
              25.042800133
            ],
            [
              121.569134801,
              25.042792298
            ],
            [
              121.569069269,
              25.042773528
            ],
            [
              121.569015615,
              25.042752003
            ],
            [
              121.568982856,
              25.042743977
            ],
            [
              121.568872785,
              25.042741681
            ],
            [
              121.568762792,
              25.042758407
            ],
            [
              121.568733248,
              25.042768347
            ],
            [
              121.568726287,
              25.042770689
            ],
            [
              121.568664775,
              25.042791383
            ],
            [
              121.56857278,
              25.042840632
            ],
            [
              121.568454268,
              25.042944321
            ],
            [
              121.568412966,
              25.043017832
            ],
            [
              121.56838348,
              25.043074992
            ],
            [
              121.568353943,
              25.043121284
            ],
            [
              121.568343565,
              25.043133712
            ],
            [
              121.568324357,
              25.043156715
            ],
            [
              121.568276923,
              25.043192214
            ],
            [
              121.568214598,
              25.043222335
            ],
            [
              121.568143285,
              25.043241631
            ],
            [
              121.568095713,
              25.043247247
            ],
            [
              121.568042158,
              25.043244736
            ],
            [
              121.568006425,
              25.04323672
            ],
            [
              121.567911305,
              25.043253388
            ],
            [
              121.567825191,
              25.043286319
            ],
            [
              121.567754026,
              25.043335486
            ],
            [
              121.567709602,
              25.043379126
            ],
            [
              121.567677079,
              25.04342272
            ],
            [
              121.567644632,
              25.043482609
            ],
            [
              121.567630132,
              25.04356417
            ],
            [
              121.567630344,
              25.043610348
            ],
            [
              121.567641034,
              25.043680544
            ],
            [
              121.567490298,
              25.04355927
            ],
            [
              121.567367927,
              25.043472798
            ],
            [
              121.567281438,
              25.043424234
            ],
            [
              121.567180072,
              25.043375717
            ],
            [
              121.567019159,
              25.043316565
            ],
            [
              121.566837453,
              25.043265638
            ],
            [
              121.566691588,
              25.043244464
            ],
            [
              121.5665309,
              25.043234209
            ],
            [
              121.56649662,
              25.04323535
            ],
            [
              121.566346492,
              25.043240348
            ],
            [
              121.566194535,
              25.043263325
            ],
            [
              121.566162185,
              25.043268216
            ],
            [
              121.565966074,
              25.043317869
            ],
            [
              121.56580431,
              25.043377592
            ],
            [
              121.567054402,
              25.045459475
            ],
            [
              121.567061402,
              25.045471132
            ],
            [
              121.567077469,
              25.045497888
            ],
            [
              121.567173343,
              25.045657552
            ],
            [
              121.568831827,
              25.045609268
            ],
            [
              121.569184861,
              25.045598987
            ],
            [
              121.570286438,
              25.045566903
            ]
          ]
        ]
      }
    },
    {
      "type": "Feature",
      "properties": {
        "dataset_slug": "tw.openfun~entity~geo",
        "record_id": "63000020-008"
      },
      "geometry": {
        "type": "Polygon",
        "coordinates": [
          [
            [
              121.577813696,
              25.04077432
            ],
            [
              121.577810591,
              25.040286588
            ],
            [
              121.577808177,
              25.039907627
            ],
            [
              121.577806283,
              25.039553521
            ],
            [
              121.577624253,
              25.03942066
            ],
            [
              121.577602854,
              25.039405053
            ],
            [
              121.577486553,
              25.039320209
            ],
            [
              121.577207985,
              25.039117468
            ],
            [
              121.577174772,
              25.039093246
            ],
            [
              121.577145867,
              25.039072164
            ],
            [
              121.576833773,
              25.038844086
            ],
            [
              121.576644945,
              25.039059897
            ],
            [
              121.576631134,
              25.039075681
            ],
            [
              121.576628426,
              25.039079603
            ],
            [
              121.576516118,
              25.039242171
            ],
            [
              121.576510795,
              25.039241412
            ],
            [
              121.576155226,
              25.039190706
            ],
            [
              121.576079274,
              25.039179875
            ],
            [
              121.57579221,
              25.039138938
            ],
            [
              121.575517492,
              25.03909976
            ],
            [
              121.574906642,
              25.039012646
            ],
            [
              121.574558446,
              25.038962988
            ],
            [
              121.57405631,
              25.038891373
            ],
            [
              121.573959733,
              25.038877598
            ],
            [
              121.573964313,
              25.038707774
            ],
            [
              121.573911659,
              25.038690156
            ],
            [
              121.573762351,
              25.03864953
            ],
            [
              121.573613016,
              25.038605563
            ],
            [
              121.573254678,
              25.038480717
            ],
            [
              121.572957781,
              25.038481864
            ],
            [
              121.572963274,
              25.038917642
            ],
            [
              121.571862222,
              25.03895266
            ],
            [
              121.571850317,
              25.038953039
            ],
            [
              121.57084276,
              25.038985075
            ],
            [
              121.569835833,
              25.039017085
            ],
            [
              121.56983442,
              25.040070723
            ],
            [
              121.569833951,
              25.04042026
            ],
            [
              121.56988707,
              25.040448531
            ],
            [
              121.569954911,
              25.040491037
            ],
            [
              121.570004548,
              25.040535996
            ],
            [
              121.570054175,
              25.040578569
            ],
            [
              121.570096014,
              25.040623558
            ],
            [
              121.570140504,
              25.040680407
            ],
            [
              121.570179836,
              25.040746784
            ],
            [
              121.570211326,
              25.040806067
            ],
            [
              121.570232421,
              25.04086539
            ],
            [
              121.570253495,
              25.04092233
            ],
            [
              121.570263408,
              25.040983059
            ],
            [
              121.571341274,
              25.040953344
            ],
            [
              121.571930402,
              25.0409371
            ],
            [
              121.572519344,
              25.040920857
            ],
            [
              121.573432183,
              25.040895676
            ],
            [
              121.574035002,
              25.040879046
            ],
            [
              121.574713979,
              25.04086031
            ],
            [
              121.575314943,
              25.040843725
            ],
            [
              121.575984122,
              25.040825254
            ],
            [
              121.576909584,
              25.040799704
            ],
            [
              121.576933839,
              25.040799023
            ],
            [
              121.576954334,
              25.040798447
            ],
            [
              121.577813696,
              25.04077432
            ]
          ]
        ]
      }
    },
    {
      "type": "Feature",
      "properties": {
        "dataset_slug": "tw.openfun~entity~geo",
        "record_id": "63000020-009"
      },
      "geometry": {
        "type": "Polygon",
        "coordinates": [
          [
            [
              121.576833773,
              25.038844086
            ],
            [
              121.576776827,
              25.03880247
            ],
            [
              121.576700666,
              25.038746838
            ],
            [
              121.576665419,
              25.038721091
            ],
            [
              121.576085313,
              25.038297818
            ],
            [
              121.576058682,
              25.038278427
            ],
            [
              121.576023624,
              25.038252899
            ],
            [
              121.575422752,
              25.037816346
            ],
            [
              121.574906397,
              25.037441191
            ],
            [
              121.575117406,
              25.037199224
            ],
            [
              121.575202405,
              25.037101755
            ],
            [
              121.575228725,
              25.037071572
            ],
            [
              121.575269212,
              25.037025423
            ],
            [
              121.575313408,
              25.036975042
            ],
            [
              121.575363336,
              25.036918459
            ],
            [
              121.575415331,
              25.036863289
            ],
            [
              121.575570436,
              25.036687083
            ],
            [
              121.57572814,
              25.036507846
            ],
            [
              121.575872583,
              25.036343678
            ],
            [
              121.576041373,
              25.03615184
            ],
            [
              121.576194341,
              25.035977983
            ],
            [
              121.576342922,
              25.03580911
            ],
            [
              121.576347915,
              25.035803437
            ],
            [
              121.57649398,
              25.035637424
            ],
            [
              121.576641685,
              25.035469546
            ],
            [
              121.57664515,
              25.03546561
            ],
            [
              121.576832843,
              25.03525228
            ],
            [
              121.576045767,
              25.034668497
            ],
            [
              121.57580791,
              25.034492073
            ],
            [
              121.575327373,
              25.034135648
            ],
            [
              121.574896907,
              25.033816357
            ],
            [
              121.574565905,
              25.033570841
            ],
            [
              121.57453343,
              25.033547342
            ],
            [
              121.574416952,
              25.033463062
            ],
            [
              121.574188724,
              25.033305641
            ],
            [
              121.574035312,
              25.033227229
            ],
            [
              121.573974477,
              25.0331975
            ],
            [
              121.573788557,
              25.03310664
            ],
            [
              121.573541848,
              25.032998201
            ],
            [
              121.573295235,
              25.032907988
            ],
            [
              121.573075399,
              25.032854147
            ],
            [
              121.572749042,
              25.032788553
            ],
            [
              121.572429458,
              25.032747245
            ],
            [
              121.572339607,
              25.032743556
            ],
            [
              121.57202348,
              25.032730575
            ],
            [
              121.571704038,
              25.032719653
            ],
            [
              121.569720278,
              25.032773105
            ],
            [
              121.569667693,
              25.032774521
            ],
            [
              121.568284281,
              25.032811781
            ],
            [
              121.56836307,
              25.03659572
            ],
            [
              121.568413918,
              25.039037632
            ],
            [
              121.569835833,
              25.039017085
            ],
            [
              121.57084276,
              25.038985075
            ],
            [
              121.571850317,
              25.038953039
            ],
            [
              121.571862222,
              25.03895266
            ],
            [
              121.572963274,
              25.038917642
            ],
            [
              121.572957781,
              25.038481864
            ],
            [
              121.573254678,
              25.038480717
            ],
            [
              121.573613016,
              25.038605563
            ],
            [
              121.573762351,
              25.03864953
            ],
            [
              121.573911659,
              25.038690156
            ],
            [
              121.573964313,
              25.038707774
            ],
            [
              121.573959733,
              25.038877598
            ],
            [
              121.57405631,
              25.038891373
            ],
            [
              121.574558446,
              25.038962988
            ],
            [
              121.574906642,
              25.039012646
            ],
            [
              121.575517492,
              25.03909976
            ],
            [
              121.57579221,
              25.039138938
            ],
            [
              121.576079274,
              25.039179875
            ],
            [
              121.576155226,
              25.039190706
            ],
            [
              121.576510795,
              25.039241412
            ],
            [
              121.576516118,
              25.039242171
            ],
            [
              121.576628426,
              25.039079603
            ],
            [
              121.576631134,
              25.039075681
            ],
            [
              121.576644945,
              25.039059897
            ],
            [
              121.576833773,
              25.038844086
            ]
          ]
        ]
      }
    },
    {
      "type": "Feature",
      "properties": {
        "dataset_slug": "tw.openfun~entity~geo",
        "record_id": "63000020-010"
      },
      "geometry": {
        "type": "Polygon",
        "coordinates": [
          [
            [
              121.572079315,
              25.045545565
            ],
            [
              121.572069239,
              25.045248722
            ],
            [
              121.572048112,
              25.044626325
            ],
            [
              121.572036319,
              25.0442789
            ],
            [
              121.572007929,
              25.043442474
            ],
            [
              121.572007307,
              25.043424173
            ],
            [
              121.571985776,
              25.04283099
            ],
            [
              121.571399864,
              25.042640197
            ],
            [
              121.571397033,
              25.042639275
            ],
            [
              121.571345924,
              25.042622633
            ],
            [
              121.570689528,
              25.042607997
            ],
            [
              121.570167488,
              25.042244984
            ],
            [
              121.570188198,
              25.042823382
            ],
            [
              121.570189943,
              25.042872104
            ],
            [
              121.570197567,
              25.043085055
            ],
            [
              121.570204238,
              25.043271338
            ],
            [
              121.570212016,
              25.043488523
            ],
            [
              121.570220072,
              25.043713509
            ],
            [
              121.570233971,
              25.044101681
            ],
            [
              121.570234316,
              25.044111292
            ],
            [
              121.570247337,
              25.044474934
            ],
            [
              121.570261899,
              25.044881614
            ],
            [
              121.570275311,
              25.04525617
            ],
            [
              121.570285369,
              25.045537032
            ],
            [
              121.570286438,
              25.045566903
            ],
            [
              121.570921922,
              25.045559342
            ],
            [
              121.571502543,
              25.045552432
            ],
            [
              121.571508785,
              25.045552359
            ],
            [
              121.572079315,
              25.045545565
            ]
          ]
        ]
      }
    },
    {
      "type": "Feature",
      "properties": {
        "dataset_slug": "tw.openfun~entity~geo",
        "record_id": "63000020-011"
      },
      "geometry": {
        "type": "Polygon",
        "coordinates": [
          [
            [
              121.572719216,
              25.049439137
            ],
            [
              121.572701371,
              25.047178244
            ],
            [
              121.572438453,
              25.047002819
            ],
            [
              121.572142509,
              25.046805357
            ],
            [
              121.571847105,
              25.046608253
            ],
            [
              121.571532881,
              25.046398592
            ],
            [
              121.570341655,
              25.045603747
            ],
            [
              121.570286438,
              25.045566903
            ],
            [
              121.569184861,
              25.045598987
            ],
            [
              121.568831827,
              25.045609268
            ],
            [
              121.567173343,
              25.045657552
            ],
            [
              121.567628343,
              25.046413264
            ],
            [
              121.568089803,
              25.047179694
            ],
            [
              121.568655481,
              25.048119203
            ],
            [
              121.569280359,
              25.049157014
            ],
            [
              121.569337197,
              25.04925669
            ],
            [
              121.569667856,
              25.049310595
            ],
            [
              121.569779664,
              25.049331569
            ],
            [
              121.570312051,
              25.049396431
            ],
            [
              121.570470522,
              25.049406005
            ],
            [
              121.570561995,
              25.049411531
            ],
            [
              121.571153242,
              25.049489533
            ],
            [
              121.571511665,
              25.049439988
            ],
            [
              121.571645008,
              25.049437122
            ],
            [
              121.571943914,
              25.0494307
            ],
            [
              121.571967275,
              25.049430197
            ],
            [
              121.572224822,
              25.049434722
            ],
            [
              121.572467065,
              25.049438977
            ],
            [
              121.572486991,
              25.049438989
            ],
            [
              121.572719216,
              25.049439137
            ]
          ]
        ]
      }
    },
    {
      "type": "Feature",
      "properties": {
        "dataset_slug": "tw.openfun~entity~geo",
        "record_id": "63000020-012"
      },
      "geometry": {
        "type": "Polygon",
        "coordinates": [
          [
            [
              121.575470989,
              25.045472403
            ],
            [
              121.574184454,
              25.045500164
            ],
            [
              121.573887183,
              25.045506578
            ],
            [
              121.573244799,
              25.045520433
            ],
            [
              121.572686544,
              25.045532472
            ],
            [
              121.572391468,
              25.045538835
            ],
            [
              121.572091789,
              25.045545296
            ],
            [
              121.572079315,
              25.045545565
            ],
            [
              121.571508785,
              25.045552359
            ],
            [
              121.571502543,
              25.045552432
            ],
            [
              121.570921922,
              25.045559342
            ],
            [
              121.570286438,
              25.045566903
            ],
            [
              121.570341655,
              25.045603747
            ],
            [
              121.571532881,
              25.046398592
            ],
            [
              121.571847105,
              25.046608253
            ],
            [
              121.572142509,
              25.046805357
            ],
            [
              121.572438453,
              25.047002819
            ],
            [
              121.572701371,
              25.047178244
            ],
            [
              121.572805277,
              25.047236993
            ],
            [
              121.572892109,
              25.047286086
            ],
            [
              121.573220787,
              25.047471918
            ],
            [
              121.574881498,
              25.048410854
            ],
            [
              121.57487155,
              25.048121864
            ],
            [
              121.574861146,
              25.047819623
            ],
            [
              121.57485126,
              25.047532477
            ],
            [
              121.574844712,
              25.047342292
            ],
            [
              121.574554345,
              25.047343416
            ],
            [
              121.57456687,
              25.04712545
            ],
            [
              121.574568899,
              25.047090143
            ],
            [
              121.574577866,
              25.046934096
            ],
            [
              121.574578211,
              25.046928096
            ],
            [
              121.574578765,
              25.046918445
            ],
            [
              121.574847247,
              25.046876047
            ],
            [
              121.574851661,
              25.046639182
            ],
            [
              121.575282965,
              25.046636407
            ],
            [
              121.575279579,
              25.046539402
            ],
            [
              121.575273531,
              25.046366154
            ],
            [
              121.575263508,
              25.046079008
            ],
            [
              121.575488531,
              25.046071701
            ],
            [
              121.575484754,
              25.045942644
            ],
            [
              121.575479902,
              25.045776882
            ],
            [
              121.575470989,
              25.045472403
            ]
          ]
        ]
      }
    },
    {
      "type": "Feature",
      "properties": {
        "dataset_slug": "tw.openfun~entity~geo",
        "record_id": "63000020-013"
      },
      "geometry": {
        "type": "Polygon",
        "coordinates": [
          [
            [
              121.575470989,
              25.045472403
            ],
            [
              121.575461605,
              25.045148691
            ],
            [
              121.575455052,
              25.044922641
            ],
            [
              121.575452595,
              25.044837898
            ],
            [
              121.575443582,
              25.044527009
            ],
            [
              121.575438782,
              25.044361376
            ],
            [
              121.575430895,
              25.044089334
            ],
            [
              121.575425217,
              25.043893489
            ],
            [
              121.575408117,
              25.043303572
            ],
            [
              121.574759604,
              25.043326576
            ],
            [
              121.574119565,
              25.043349276
            ],
            [
              121.573480286,
              25.043371947
            ],
            [
              121.573429878,
              25.043373734
            ],
            [
              121.572606406,
              25.043402933
            ],
            [
              121.572335649,
              25.043412532
            ],
            [
              121.572007307,
              25.043424173
            ],
            [
              121.572007929,
              25.043442474
            ],
            [
              121.572036319,
              25.0442789
            ],
            [
              121.572048112,
              25.044626325
            ],
            [
              121.572069239,
              25.045248722
            ],
            [
              121.572079315,
              25.045545565
            ],
            [
              121.572091789,
              25.045545296
            ],
            [
              121.572391468,
              25.045538835
            ],
            [
              121.572686544,
              25.045532472
            ],
            [
              121.573244799,
              25.045520433
            ],
            [
              121.573887183,
              25.045506578
            ],
            [
              121.574184454,
              25.045500164
            ],
            [
              121.575470989,
              25.045472403
            ]
          ]
        ]
      }
    },
    {
      "type": "Feature",
      "properties": {
        "dataset_slug": "tw.openfun~entity~geo",
        "record_id": "63000020-014"
      },
      "geometry": {
        "type": "Polygon",
        "coordinates": [
          [
            [
              121.580070263,
              25.049462031
            ],
            [
              121.580068028,
              25.049366327
            ],
            [
              121.580057674,
              25.049169122
            ],
            [
              121.580052601,
              25.049091962
            ],
            [
              121.580042698,
              25.048873951
            ],
            [
              121.580042086,
              25.048860444
            ],
            [
              121.580039072,
              25.048831641
            ],
            [
              121.58002235,
              25.048671855
            ],
            [
              121.580021438,
              25.048478901
            ],
            [
              121.579979821,
              25.048209648
            ],
            [
              121.57998517,
              25.048146579
            ],
            [
              121.580063387,
              25.048068783
            ],
            [
              121.580252394,
              25.047877284
            ],
            [
              121.580473945,
              25.047643928
            ],
            [
              121.580571723,
              25.047548155
            ],
            [
              121.580617027,
              25.047434722
            ],
            [
              121.580642912,
              25.04736905
            ],
            [
              121.580641078,
              25.047307886
            ],
            [
              121.580640461,
              25.047287311
            ],
            [
              121.580651711,
              25.047147104
            ],
            [
              121.580669047,
              25.04693107
            ],
            [
              121.580680215,
              25.046698104
            ],
            [
              121.580687213,
              25.046514403
            ],
            [
              121.580655684,
              25.046080991
            ],
            [
              121.580651032,
              25.045959925
            ],
            [
              121.580644898,
              25.045800198
            ],
            [
              121.580646812,
              25.045632921
            ],
            [
              121.580651307,
              25.045610804
            ],
            [
              121.580694362,
              25.045399036
            ],
            [
              121.580713593,
              25.045367968
            ],
            [
              121.580734069,
              25.045334887
            ],
            [
              121.580650131,
              25.045336549
            ],
            [
              121.580469753,
              25.045340119
            ],
            [
              121.579343168,
              25.04536241
            ],
            [
              121.57925905,
              25.045364074
            ],
            [
              121.578881791,
              25.045371538
            ],
            [
              121.577778853,
              25.04539335
            ],
            [
              121.577780359,
              25.045739153
            ],
            [
              121.577783492,
              25.046458524
            ],
            [
              121.577784262,
              25.04663555
            ],
            [
              121.577787197,
              25.047309416
            ],
            [
              121.577790204,
              25.047999962
            ],
            [
              121.57779673,
              25.049498031
            ],
            [
              121.577930402,
              25.049471497
            ],
            [
              121.578165935,
              25.049465183
            ],
            [
              121.578622484,
              25.049474229
            ],
            [
              121.579906542,
              25.049503844
            ],
            [
              121.579958837,
              25.049501476
            ],
            [
              121.579963402,
              25.049460335
            ],
            [
              121.580057866,
              25.049461834
            ],
            [
              121.580070263,
              25.049462031
            ]
          ]
        ]
      }
    },
    {
      "type": "Feature",
      "properties": {
        "dataset_slug": "tw.openfun~entity~geo",
        "record_id": "63000020-015"
      },
      "geometry": {
        "type": "Polygon",
        "coordinates": [
          [
            [
              121.575408117,
              25.043303572
            ],
            [
              121.576413441,
              25.04327158
            ],
            [
              121.577159807,
              25.043247826
            ],
            [
              121.577807916,
              25.043227195
            ],
            [
              121.577804433,
              25.042858854
            ],
            [
              121.577801081,
              25.042504318
            ],
            [
              121.577797015,
              25.042074444
            ],
            [
              121.576829383,
              25.042081242
            ],
            [
              121.576835789,
              25.041974054
            ],
            [
              121.576061803,
              25.041922325
            ],
            [
              121.575365164,
              25.041875762
            ],
            [
              121.57509503,
              25.041885923
            ],
            [
              121.574324677,
              25.041914896
            ],
            [
              121.574102002,
              25.041954916
            ],
            [
              121.574071059,
              25.041965504
            ],
            [
              121.574054951,
              25.042013195
            ],
            [
              121.573416933,
              25.042044187
            ],
            [
              121.573129263,
              25.042065673
            ],
            [
              121.572848517,
              25.042086582
            ],
            [
              121.57284515,
              25.042198356
            ],
            [
              121.572844872,
              25.042230716
            ],
            [
              121.572506928,
              25.042235949
            ],
            [
              121.572494802,
              25.042236137
            ],
            [
              121.572494758,
              25.04224061
            ],
            [
              121.572493359,
              25.042380637
            ],
            [
              121.572366722,
              25.042381064
            ],
            [
              121.572373911,
              25.042660395
            ],
            [
              121.57241583,
              25.042660256
            ],
            [
              121.572409646,
              25.042804071
            ],
            [
              121.572031566,
              25.042812148
            ],
            [
              121.571985663,
              25.042813129
            ],
            [
              121.571985767,
              25.042829539
            ],
            [
              121.571985776,
              25.04283099
            ],
            [
              121.572007307,
              25.043424173
            ],
            [
              121.572335649,
              25.043412532
            ],
            [
              121.572606406,
              25.043402933
            ],
            [
              121.573429878,
              25.043373734
            ],
            [
              121.573480286,
              25.043371947
            ],
            [
              121.574119565,
              25.043349276
            ],
            [
              121.574759604,
              25.043326576
            ],
            [
              121.575408117,
              25.043303572
            ]
          ]
        ]
      }
    },
    {
      "type": "Feature",
      "properties": {
        "dataset_slug": "tw.openfun~entity~geo",
        "record_id": "63000020-016"
      },
      "geometry": {
        "type": "Polygon",
        "coordinates": [
          [
            [
              121.57779673,
              25.049498031
            ],
            [
              121.577790204,
              25.047999962
            ],
            [
              121.577787197,
              25.047309416
            ],
            [
              121.577784262,
              25.04663555
            ],
            [
              121.577783492,
              25.046458524
            ],
            [
              121.577780359,
              25.045739153
            ],
            [
              121.577778853,
              25.04539335
            ],
            [
              121.577462895,
              25.045404174
            ],
            [
              121.576985356,
              25.045420535
            ],
            [
              121.57697674,
              25.045420831
            ],
            [
              121.576581844,
              25.045434356
            ],
            [
              121.57613028,
              25.045449824
            ],
            [
              121.575788606,
              25.045461527
            ],
            [
              121.575470989,
              25.045472403
            ],
            [
              121.575479902,
              25.045776882
            ],
            [
              121.575484754,
              25.045942644
            ],
            [
              121.575488531,
              25.046071701
            ],
            [
              121.575263508,
              25.046079008
            ],
            [
              121.575273531,
              25.046366154
            ],
            [
              121.575279579,
              25.046539402
            ],
            [
              121.575282965,
              25.046636407
            ],
            [
              121.574851661,
              25.046639182
            ],
            [
              121.574847247,
              25.046876047
            ],
            [
              121.574578765,
              25.046918445
            ],
            [
              121.574578211,
              25.046928096
            ],
            [
              121.574577866,
              25.046934096
            ],
            [
              121.574568899,
              25.047090143
            ],
            [
              121.57456687,
              25.04712545
            ],
            [
              121.574554345,
              25.047343416
            ],
            [
              121.574844712,
              25.047342292
            ],
            [
              121.57485126,
              25.047532477
            ],
            [
              121.574861146,
              25.047819623
            ],
            [
              121.57487155,
              25.048121864
            ],
            [
              121.574881498,
              25.048410854
            ],
            [
              121.573220787,
              25.047471918
            ],
            [
              121.572892109,
              25.047286086
            ],
            [
              121.572805277,
              25.047236993
            ],
            [
              121.572701371,
              25.047178244
            ],
            [
              121.572719216,
              25.049439137
            ],
            [
              121.573654715,
              25.049439743
            ],
            [
              121.574072456,
              25.049435851
            ],
            [
              121.574145631,
              25.049435169
            ],
            [
              121.574939341,
              25.049432096
            ],
            [
              121.575117551,
              25.049423415
            ],
            [
              121.575118621,
              25.049423365
            ],
            [
              121.575132978,
              25.049423034
            ],
            [
              121.575816574,
              25.049407225
            ],
            [
              121.575944932,
              25.049400235
            ],
            [
              121.576108978,
              25.049399599
            ],
            [
              121.576230219,
              25.049394794
            ],
            [
              121.576415732,
              25.049407065
            ],
            [
              121.576615537,
              25.049425762
            ],
            [
              121.57668954,
              25.04943254
            ],
            [
              121.576955681,
              25.049456913
            ],
            [
              121.577362376,
              25.049481304
            ],
            [
              121.57776905,
              25.049503527
            ],
            [
              121.57779673,
              25.049498031
            ]
          ]
        ]
      }
    },
    {
      "type": "Feature",
      "properties": {
        "dataset_slug": "tw.openfun~entity~geo",
        "record_id": "63000020-017"
      },
      "geometry": {
        "type": "Polygon",
        "coordinates": [
          [
            [
              121.577778853,
              25.04539335
            ],
            [
              121.577787262,
              25.044766617
            ],
            [
              121.577793512,
              25.044300808
            ],
            [
              121.577793731,
              25.044284425
            ],
            [
              121.577800052,
              25.043813355
            ],
            [
              121.577803724,
              25.043539631
            ],
            [
              121.577807916,
              25.043227195
            ],
            [
              121.577159807,
              25.043247826
            ],
            [
              121.576413441,
              25.04327158
            ],
            [
              121.575408117,
              25.043303572
            ],
            [
              121.575425217,
              25.043893489
            ],
            [
              121.575430895,
              25.044089334
            ],
            [
              121.575438782,
              25.044361376
            ],
            [
              121.575443582,
              25.044527009
            ],
            [
              121.575452595,
              25.044837898
            ],
            [
              121.575455052,
              25.044922641
            ],
            [
              121.575461605,
              25.045148691
            ],
            [
              121.575470989,
              25.045472403
            ],
            [
              121.575788606,
              25.045461527
            ],
            [
              121.57613028,
              25.045449824
            ],
            [
              121.576581844,
              25.045434356
            ],
            [
              121.57697674,
              25.045420831
            ],
            [
              121.576985356,
              25.045420535
            ],
            [
              121.577462895,
              25.045404174
            ],
            [
              121.577778853,
              25.04539335
            ]
          ]
        ]
      }
    },
    {
      "type": "Feature",
      "properties": {
        "dataset_slug": "tw.openfun~entity~geo",
        "record_id": "63000020-018"
      },
      "geometry": {
        "type": "Polygon",
        "coordinates": [
          [
            [
              121.580734069,
              25.045334887
            ],
            [
              121.58078289,
              25.04525601
            ],
            [
              121.580815164,
              25.045226181
            ],
            [
              121.580946958,
              25.045104373
            ],
            [
              121.581055017,
              25.044985331
            ],
            [
              121.581388162,
              25.044687465
            ],
            [
              121.58140615,
              25.04467216
            ],
            [
              121.581565588,
              25.044536507
            ],
            [
              121.581777622,
              25.044353791
            ],
            [
              121.581948772,
              25.04420316
            ],
            [
              121.581955437,
              25.044197295
            ],
            [
              121.581951103,
              25.044191273
            ],
            [
              121.581935789,
              25.044170659
            ],
            [
              121.581932071,
              25.044165653
            ],
            [
              121.581715979,
              25.043874768
            ],
            [
              121.581306718,
              25.043323848
            ],
            [
              121.581100387,
              25.0430461
            ],
            [
              121.58076945,
              25.042731807
            ],
            [
              121.58024243,
              25.042231286
            ],
            [
              121.579211052,
              25.041499894
            ],
            [
              121.579187357,
              25.0414831
            ],
            [
              121.578004378,
              25.040872708
            ],
            [
              121.577813696,
              25.04077432
            ],
            [
              121.577808397,
              25.041187331
            ],
            [
              121.577805185,
              25.041437669
            ],
            [
              121.577801567,
              25.041719566
            ],
            [
              121.577801483,
              25.041726166
            ],
            [
              121.577797015,
              25.042074444
            ],
            [
              121.577801081,
              25.042504318
            ],
            [
              121.577804433,
              25.042858854
            ],
            [
              121.577807916,
              25.043227195
            ],
            [
              121.577803724,
              25.043539631
            ],
            [
              121.577800052,
              25.043813355
            ],
            [
              121.577793731,
              25.044284425
            ],
            [
              121.577793512,
              25.044300808
            ],
            [
              121.577787262,
              25.044766617
            ],
            [
              121.577778853,
              25.04539335
            ],
            [
              121.578881791,
              25.045371538
            ],
            [
              121.57925905,
              25.045364074
            ],
            [
              121.579343168,
              25.04536241
            ],
            [
              121.580469753,
              25.045340119
            ],
            [
              121.580650131,
              25.045336549
            ],
            [
              121.580734069,
              25.045334887
            ]
          ]
        ]
      }
    },
    {
      "type": "Feature",
      "properties": {
        "dataset_slug": "tw.openfun~entity~geo",
        "record_id": "63000020-019"
      },
      "geometry": {
        "type": "Polygon",
        "coordinates": [
          [
            [
              121.577797015,
              25.042074444
            ],
            [
              121.577801483,
              25.041726166
            ],
            [
              121.577801567,
              25.041719566
            ],
            [
              121.577805185,
              25.041437669
            ],
            [
              121.577808397,
              25.041187331
            ],
            [
              121.577813696,
              25.04077432
            ],
            [
              121.576954334,
              25.040798447
            ],
            [
              121.576933839,
              25.040799023
            ],
            [
              121.576909584,
              25.040799704
            ],
            [
              121.575984122,
              25.040825254
            ],
            [
              121.575314943,
              25.040843725
            ],
            [
              121.574713979,
              25.04086031
            ],
            [
              121.574035002,
              25.040879046
            ],
            [
              121.573432183,
              25.040895676
            ],
            [
              121.572519344,
              25.040920857
            ],
            [
              121.571930402,
              25.0409371
            ],
            [
              121.571341274,
              25.040953344
            ],
            [
              121.570263408,
              25.040983059
            ],
            [
              121.570264402,
              25.041035156
            ],
            [
              121.570253861,
              25.041076374
            ],
            [
              121.570238992,
              25.041109753
            ],
            [
              121.570219786,
              25.041135322
            ],
            [
              121.570189865,
              25.041162882
            ],
            [
              121.57016204,
              25.041182589
            ],
            [
              121.570151552,
              25.041188227
            ],
            [
              121.570152159,
              25.04131952
            ],
            [
              121.57015302,
              25.041505626
            ],
            [
              121.570153872,
              25.041690081
            ],
            [
              121.57015458,
              25.041843368
            ],
            [
              121.570167488,
              25.042244984
            ],
            [
              121.570689528,
              25.042607997
            ],
            [
              121.571345924,
              25.042622633
            ],
            [
              121.571397033,
              25.042639275
            ],
            [
              121.571399864,
              25.042640197
            ],
            [
              121.571985776,
              25.04283099
            ],
            [
              121.571985767,
              25.042829539
            ],
            [
              121.571985663,
              25.042813129
            ],
            [
              121.572031566,
              25.042812148
            ],
            [
              121.572409646,
              25.042804071
            ],
            [
              121.57241583,
              25.042660256
            ],
            [
              121.572373911,
              25.042660395
            ],
            [
              121.572366722,
              25.042381064
            ],
            [
              121.572493359,
              25.042380637
            ],
            [
              121.572494758,
              25.04224061
            ],
            [
              121.572494802,
              25.042236137
            ],
            [
              121.572506928,
              25.042235949
            ],
            [
              121.572844872,
              25.042230716
            ],
            [
              121.57284515,
              25.042198356
            ],
            [
              121.572848517,
              25.042086582
            ],
            [
              121.573129263,
              25.042065673
            ],
            [
              121.573416933,
              25.042044187
            ],
            [
              121.574054951,
              25.042013195
            ],
            [
              121.574071059,
              25.041965504
            ],
            [
              121.574102002,
              25.041954916
            ],
            [
              121.574324677,
              25.041914896
            ],
            [
              121.57509503,
              25.041885923
            ],
            [
              121.575365164,
              25.041875762
            ],
            [
              121.576061803,
              25.041922325
            ],
            [
              121.576835789,
              25.041974054
            ],
            [
              121.576829383,
              25.042081242
            ],
            [
              121.577797015,
              25.042074444
            ]
          ]
        ]
      }
    },
    {
      "type": "Feature",
      "properties": {
        "dataset_slug": "tw.openfun~entity~geo",
        "record_id": "63000020-020"
      },
      "geometry": {
        "type": "Polygon",
        "coordinates": [
          [
            [
              121.578445883,
              25.036229196
            ],
            [
              121.577982462,
              25.036095267
            ],
            [
              121.577877383,
              25.036064899
            ],
            [
              121.577827397,
              25.036026012
            ],
            [
              121.576832843,
              25.03525228
            ],
            [
              121.57664515,
              25.03546561
            ],
            [
              121.576641685,
              25.035469546
            ],
            [
              121.57649398,
              25.035637424
            ],
            [
              121.576347915,
              25.035803437
            ],
            [
              121.576342922,
              25.03580911
            ],
            [
              121.576194341,
              25.035977983
            ],
            [
              121.576041373,
              25.03615184
            ],
            [
              121.575872583,
              25.036343678
            ],
            [
              121.57572814,
              25.036507846
            ],
            [
              121.575570436,
              25.036687083
            ],
            [
              121.575415331,
              25.036863289
            ],
            [
              121.575363336,
              25.036918459
            ],
            [
              121.575313408,
              25.036975042
            ],
            [
              121.575269212,
              25.037025423
            ],
            [
              121.575228725,
              25.037071572
            ],
            [
              121.575202405,
              25.037101755
            ],
            [
              121.575117406,
              25.037199224
            ],
            [
              121.574906397,
              25.037441191
            ],
            [
              121.575422752,
              25.037816346
            ],
            [
              121.576023624,
              25.038252899
            ],
            [
              121.576058682,
              25.038278427
            ],
            [
              121.576085313,
              25.038297818
            ],
            [
              121.576665419,
              25.038721091
            ],
            [
              121.576700666,
              25.038746838
            ],
            [
              121.576776827,
              25.03880247
            ],
            [
              121.576833773,
              25.038844086
            ],
            [
              121.577145867,
              25.039072164
            ],
            [
              121.577174772,
              25.039093246
            ],
            [
              121.577207985,
              25.039117468
            ],
            [
              121.577486553,
              25.039320209
            ],
            [
              121.577602854,
              25.039405053
            ],
            [
              121.577624253,
              25.03942066
            ],
            [
              121.577806283,
              25.039553521
            ],
            [
              121.577808674,
              25.039541094
            ],
            [
              121.577841189,
              25.039372106
            ],
            [
              121.577871385,
              25.039215162
            ],
            [
              121.578013232,
              25.038477924
            ],
            [
              121.578022869,
              25.038427841
            ],
            [
              121.578055844,
              25.038256453
            ],
            [
              121.578161123,
              25.037709259
            ],
            [
              121.578163965,
              25.037694487
            ],
            [
              121.578361936,
              25.036665528
            ],
            [
              121.578445883,
              25.036229196
            ]
          ]
        ]
      }
    },
    {
      "type": "Feature",
      "properties": {
        "dataset_slug": "tw.openfun~entity~geo",
        "record_id": "63000020-021"
      },
      "geometry": {
        "type": "Polygon",
        "coordinates": [
          [
            [
              121.582896914,
              25.024498656
            ],
            [
              121.582421228,
              25.024635319
            ],
            [
              121.582199796,
              25.024501735
            ],
            [
              121.581978842,
              25.024468989
            ],
            [
              121.581733301,
              25.024425136
            ],
            [
              121.581635381,
              25.024470344
            ],
            [
              121.581587845,
              25.024795456
            ],
            [
              121.580059814,
              25.025264736
            ],
            [
              121.578132708,
              25.02585655
            ],
            [
              121.577701018,
              25.025989117
            ],
            [
              121.576828162,
              25.026257157
            ],
            [
              121.577991002,
              25.027355361
            ],
            [
              121.578100189,
              25.027451418
            ],
            [
              121.578523897,
              25.028115078
            ],
            [
              121.578533015,
              25.02875808
            ],
            [
              121.578538259,
              25.029225728
            ],
            [
              121.578534583,
              25.029284109
            ],
            [
              121.578520386,
              25.029509592
            ],
            [
              121.578174672,
              25.029712751
            ],
            [
              121.57807229,
              25.029772915
            ],
            [
              121.577964495,
              25.02994921
            ],
            [
              121.577895827,
              25.030048694
            ],
            [
              121.577797794,
              25.030202407
            ],
            [
              121.57779868,
              25.03039182
            ],
            [
              121.57774279,
              25.030459415
            ],
            [
              121.57772012,
              25.03048683
            ],
            [
              121.577681005,
              25.030568153
            ],
            [
              121.577133582,
              25.030710089
            ],
            [
              121.576773498,
              25.030788155
            ],
            [
              121.576779201,
              25.030950483
            ],
            [
              121.576859417,
              25.031211739
            ],
            [
              121.577019132,
              25.03157641
            ],
            [
              121.57717987,
              25.032025602
            ],
            [
              121.577239959,
              25.032337705
            ],
            [
              121.577492599,
              25.032512605
            ],
            [
              121.577547648,
              25.032670227
            ],
            [
              121.577524633,
              25.03302659
            ],
            [
              121.577476712,
              25.033337953
            ],
            [
              121.577512098,
              25.033513699
            ],
            [
              121.577528306,
              25.033579335
            ],
            [
              121.577617793,
              25.03394172
            ],
            [
              121.578078637,
              25.03428718
            ],
            [
              121.578894211,
              25.034708614
            ],
            [
              121.579152743,
              25.034842204
            ],
            [
              121.579266609,
              25.034904901
            ],
            [
              121.579386678,
              25.035238153
            ],
            [
              121.578962964,
              25.035515742
            ],
            [
              121.578957744,
              25.035519162
            ],
            [
              121.578931999,
              25.035532382
            ],
            [
              121.57881375,
              25.035593103
            ],
            [
              121.578716013,
              25.035660643
            ],
            [
              121.578660458,
              25.035719307
            ],
            [
              121.578610372,
              25.035781687
            ],
            [
              121.578573868,
              25.03583904
            ],
            [
              121.578537436,
              25.035910069
            ],
            [
              121.578511925,
              25.035987278
            ],
            [
              121.578485079,
              25.036069464
            ],
            [
              121.578445883,
              25.036229196
            ],
            [
              121.579129908,
              25.036333799
            ],
            [
              121.579173879,
              25.036301855
            ],
            [
              121.579251113,
              25.036245747
            ],
            [
              121.580381015,
              25.036670549
            ],
            [
              121.580583466,
              25.036746662
            ],
            [
              121.581488419,
              25.037086882
            ],
            [
              121.581622097,
              25.036841554
            ],
            [
              121.581698444,
              25.036701439
            ],
            [
              121.581712015,
              25.036676533
            ],
            [
              121.582585227,
              25.036636667
            ],
            [
              121.582604408,
              25.036635792
            ],
            [
              121.582841418,
              25.036390155
            ],
            [
              121.582929038,
              25.036299343
            ],
            [
              121.583263881,
              25.035628432
            ],
            [
              121.583566378,
              25.035022321
            ],
            [
              121.583771658,
              25.033403564
            ],
            [
              121.583549928,
              25.03250235
            ],
            [
              121.583143359,
              25.031796352
            ],
            [
              121.583090966,
              25.031254471
            ],
            [
              121.583319272,
              25.03028851
            ],
            [
              121.583916109,
              25.030041523
            ],
            [
              121.584139502,
              25.029858585
            ],
            [
              121.584534603,
              25.029106028
            ],
            [
              121.585071888,
              25.028125332
            ],
            [
              121.585033354,
              25.027880844
            ],
            [
              121.583718545,
              25.026463658
            ],
            [
              121.583554959,
              25.026117247
            ],
            [
              121.583396404,
              25.025520488
            ],
            [
              121.582896914,
              25.024498656
            ]
          ]
        ]
      }
    },
    {
      "type": "Feature",
      "properties": {
        "dataset_slug": "tw.openfun~entity~geo",
        "record_id": "63000020-022"
      },
      "geometry": {
        "type": "Polygon",
        "coordinates": [
          [
            [
              121.577991002,
              25.027355361
            ],
            [
              121.576204912,
              25.029439232
            ],
            [
              121.575462867,
              25.029735159
            ],
            [
              121.575459283,
              25.030642921
            ],
            [
              121.574559344,
              25.030646407
            ],
            [
              121.574521385,
              25.030653615
            ],
            [
              121.574535064,
              25.031549972
            ],
            [
              121.574543794,
              25.032121957
            ],
            [
              121.574565905,
              25.033570841
            ],
            [
              121.574896907,
              25.033816357
            ],
            [
              121.575327373,
              25.034135648
            ],
            [
              121.57580791,
              25.034492073
            ],
            [
              121.576045767,
              25.034668497
            ],
            [
              121.576832843,
              25.03525228
            ],
            [
              121.577827397,
              25.036026012
            ],
            [
              121.577877383,
              25.036064899
            ],
            [
              121.577982462,
              25.036095267
            ],
            [
              121.578445883,
              25.036229196
            ],
            [
              121.578485079,
              25.036069464
            ],
            [
              121.578511925,
              25.035987278
            ],
            [
              121.578537436,
              25.035910069
            ],
            [
              121.578573868,
              25.03583904
            ],
            [
              121.578610372,
              25.035781687
            ],
            [
              121.578660458,
              25.035719307
            ],
            [
              121.578716013,
              25.035660643
            ],
            [
              121.57881375,
              25.035593103
            ],
            [
              121.578931999,
              25.035532382
            ],
            [
              121.578957744,
              25.035519162
            ],
            [
              121.578962964,
              25.035515742
            ],
            [
              121.579386678,
              25.035238153
            ],
            [
              121.579266609,
              25.034904901
            ],
            [
              121.579152743,
              25.034842204
            ],
            [
              121.578894211,
              25.034708614
            ],
            [
              121.578078637,
              25.03428718
            ],
            [
              121.577617793,
              25.03394172
            ],
            [
              121.577528306,
              25.033579335
            ],
            [
              121.577512098,
              25.033513699
            ],
            [
              121.577476712,
              25.033337953
            ],
            [
              121.577524633,
              25.03302659
            ],
            [
              121.577547648,
              25.032670227
            ],
            [
              121.577492599,
              25.032512605
            ],
            [
              121.577239959,
              25.032337705
            ],
            [
              121.57717987,
              25.032025602
            ],
            [
              121.577019132,
              25.03157641
            ],
            [
              121.576859417,
              25.031211739
            ],
            [
              121.576779201,
              25.030950483
            ],
            [
              121.576773498,
              25.030788155
            ],
            [
              121.577133582,
              25.030710089
            ],
            [
              121.577681005,
              25.030568153
            ],
            [
              121.57772012,
              25.03048683
            ],
            [
              121.57774279,
              25.030459415
            ],
            [
              121.57779868,
              25.03039182
            ],
            [
              121.577797794,
              25.030202407
            ],
            [
              121.577895827,
              25.030048694
            ],
            [
              121.577964495,
              25.02994921
            ],
            [
              121.57807229,
              25.029772915
            ],
            [
              121.578174672,
              25.029712751
            ],
            [
              121.578520386,
              25.029509592
            ],
            [
              121.578534583,
              25.029284109
            ],
            [
              121.578538259,
              25.029225728
            ],
            [
              121.578533015,
              25.02875808
            ],
            [
              121.578523897,
              25.028115078
            ],
            [
              121.578100189,
              25.027451418
            ],
            [
              121.577991002,
              25.027355361
            ]
          ]
        ]
      }
    },
    {
      "type": "Feature",
      "properties": {
        "dataset_slug": "tw.openfun~entity~geo",
        "record_id": "63000020-023"
      },
      "geometry": {
        "type": "Polygon",
        "coordinates": [
          [
            [
              121.580172755,
              25.039948182
            ],
            [
              121.579680869,
              25.039756996
            ],
            [
              121.579332519,
              25.039604519
            ],
            [
              121.579274962,
              25.039562195
            ],
            [
              121.579253942,
              25.039533657
            ],
            [
              121.579231689,
              25.039503447
            ],
            [
              121.579191966,
              25.039441416
            ],
            [
              121.579163894,
              25.039385075
            ],
            [
              121.579159413,
              25.039376082
            ],
            [
              121.579141149,
              25.039304147
            ],
            [
              121.579140903,
              25.039251785
            ],
            [
              121.579147647,
              25.039160107
            ],
            [
              121.579178782,
              25.039091021
            ],
            [
              121.579183111,
              25.039081415
            ],
            [
              121.579220697,
              25.038902822
            ],
            [
              121.579265179,
              25.038691473
            ],
            [
              121.579266617,
              25.038684637
            ],
            [
              121.57930707,
              25.038492419
            ],
            [
              121.579343917,
              25.038317337
            ],
            [
              121.579347879,
              25.038298515
            ],
            [
              121.579347905,
              25.038290077
            ],
            [
              121.579349062,
              25.037918008
            ],
            [
              121.579349186,
              25.037878342
            ],
            [
              121.579349303,
              25.037840293
            ],
            [
              121.579286423,
              25.037408531
            ],
            [
              121.579209592,
              25.03688096
            ],
            [
              121.57920536,
              25.036851908
            ],
            [
              121.579176585,
              25.036654309
            ],
            [
              121.579129908,
              25.036333799
            ],
            [
              121.578445883,
              25.036229196
            ],
            [
              121.578361936,
              25.036665528
            ],
            [
              121.578163965,
              25.037694487
            ],
            [
              121.578161123,
              25.037709259
            ],
            [
              121.578055844,
              25.038256453
            ],
            [
              121.578022869,
              25.038427841
            ],
            [
              121.578013232,
              25.038477924
            ],
            [
              121.577871385,
              25.039215162
            ],
            [
              121.577841189,
              25.039372106
            ],
            [
              121.577808674,
              25.039541094
            ],
            [
              121.577806283,
              25.039553521
            ],
            [
              121.577808177,
              25.039907627
            ],
            [
              121.577810591,
              25.040286588
            ],
            [
              121.577813696,
              25.04077432
            ],
            [
              121.578004378,
              25.040872708
            ],
            [
              121.579187357,
              25.0414831
            ],
            [
              121.579211052,
              25.041499894
            ],
            [
              121.58024243,
              25.042231286
            ],
            [
              121.58076945,
              25.042731807
            ],
            [
              121.581100387,
              25.0430461
            ],
            [
              121.581232276,
              25.042713029
            ],
            [
              121.581171577,
              25.042468552
            ],
            [
              121.580989193,
              25.041733965
            ],
            [
              121.580892305,
              25.041343721
            ],
            [
              121.580880759,
              25.041297215
            ],
            [
              121.580801248,
              25.040976962
            ],
            [
              121.580764331,
              25.040828266
            ],
            [
              121.580728127,
              25.04068244
            ],
            [
              121.580702799,
              25.040533539
            ],
            [
              121.580698641,
              25.040509092
            ],
            [
              121.580492869,
              25.04019241
            ],
            [
              121.580341798,
              25.040075168
            ],
            [
              121.580172755,
              25.039948182
            ]
          ]
        ]
      }
    },
    {
      "type": "Feature",
      "properties": {
        "dataset_slug": "tw.openfun~entity~geo",
        "record_id": "63000020-024"
      },
      "geometry": {
        "type": "Polygon",
        "coordinates": [
          [
            [
              121.588022705,
              25.028044724
            ],
            [
              121.587917787,
              25.027905277
            ],
            [
              121.587905634,
              25.027889862
            ],
            [
              121.587859767,
              25.027831686
            ],
            [
              121.587636216,
              25.027585836
            ],
            [
              121.587475665,
              25.027434628
            ],
            [
              121.5872594,
              25.027258345
            ],
            [
              121.587126887,
              25.027157646
            ],
            [
              121.586945697,
              25.027050812
            ],
            [
              121.586834152,
              25.026975337
            ],
            [
              121.586757322,
              25.026893394
            ],
            [
              121.586694267,
              25.026786094
            ],
            [
              121.586686957,
              25.026710205
            ],
            [
              121.586672546,
              25.026602711
            ],
            [
              121.586644237,
              25.026495265
            ],
            [
              121.586587888,
              25.026337325
            ],
            [
              121.586496344,
              25.026084621
            ],
            [
              121.586369554,
              25.025878081
            ],
            [
              121.586314253,
              25.025787995
            ],
            [
              121.586272228,
              25.025718564
            ],
            [
              121.586240218,
              25.025667653
            ],
            [
              121.586153191,
              25.025529237
            ],
            [
              121.586017733,
              25.025284392
            ],
            [
              121.585961779,
              25.025208685
            ],
            [
              121.585870991,
              25.025114159
            ],
            [
              121.585868789,
              25.025112067
            ],
            [
              121.585738358,
              25.024988146
            ],
            [
              121.585576765,
              25.024836461
            ],
            [
              121.585563855,
              25.024824345
            ],
            [
              121.585544096,
              25.024802399
            ],
            [
              121.583548485,
              25.024361986
            ],
            [
              121.582896914,
              25.024498656
            ],
            [
              121.583396404,
              25.025520488
            ],
            [
              121.583554959,
              25.026117247
            ],
            [
              121.583718545,
              25.026463658
            ],
            [
              121.585033354,
              25.027880844
            ],
            [
              121.585071888,
              25.028125332
            ],
            [
              121.584534603,
              25.029106028
            ],
            [
              121.584139502,
              25.029858585
            ],
            [
              121.583916109,
              25.030041523
            ],
            [
              121.583319272,
              25.03028851
            ],
            [
              121.583090966,
              25.031254471
            ],
            [
              121.583143359,
              25.031796352
            ],
            [
              121.583549928,
              25.03250235
            ],
            [
              121.583771658,
              25.033403564
            ],
            [
              121.583566378,
              25.035022321
            ],
            [
              121.583263881,
              25.035628432
            ],
            [
              121.582929038,
              25.036299343
            ],
            [
              121.582841418,
              25.036390155
            ],
            [
              121.582604408,
              25.036635792
            ],
            [
              121.582585227,
              25.036636667
            ],
            [
              121.581712015,
              25.036676533
            ],
            [
              121.581698444,
              25.036701439
            ],
            [
              121.581622097,
              25.036841554
            ],
            [
              121.581488419,
              25.037086882
            ],
            [
              121.581496399,
              25.037089916
            ],
            [
              121.58267065,
              25.03753605
            ],
            [
              121.583033334,
              25.037673842
            ],
            [
              121.583412171,
              25.03781777
            ],
            [
              121.583780648,
              25.037957761
            ],
            [
              121.583152392,
              25.039300846
            ],
            [
              121.582865338,
              25.039914501
            ],
            [
              121.582805399,
              25.040042637
            ],
            [
              121.582753508,
              25.040153567
            ],
            [
              121.582640353,
              25.040400685
            ],
            [
              121.583434973,
              25.040706825
            ],
            [
              121.583501221,
              25.040517086
            ],
            [
              121.583568086,
              25.04032843
            ],
            [
              121.583602464,
              25.040211322
            ],
            [
              121.583732421,
              25.040102486
            ],
            [
              121.584098986,
              25.039862721
            ],
            [
              121.584181287,
              25.039506795
            ],
            [
              121.584217765,
              25.039356533
            ],
            [
              121.584214223,
              25.03935052
            ],
            [
              121.584226849,
              25.039309751
            ],
            [
              121.584254232,
              25.039255549
            ],
            [
              121.5843091,
              25.039146941
            ],
            [
              121.584540869,
              25.038885943
            ],
            [
              121.584627661,
              25.038788206
            ],
            [
              121.584697392,
              25.03870145
            ],
            [
              121.584858797,
              25.038500642
            ],
            [
              121.584862421,
              25.038496134
            ],
            [
              121.584950218,
              25.03832794
            ],
            [
              121.58500454,
              25.03822342
            ],
            [
              121.585032521,
              25.038155304
            ],
            [
              121.585046059,
              25.038122347
            ],
            [
              121.585062967,
              25.038081187
            ],
            [
              121.585086548,
              25.037938308
            ],
            [
              121.585095335,
              25.037885058
            ],
            [
              121.58509645,
              25.037878305
            ],
            [
              121.585121819,
              25.037577565
            ],
            [
              121.585129115,
              25.037500634
            ],
            [
              121.585158922,
              25.037329221
            ],
            [
              121.585226267,
              25.037003858
            ],
            [
              121.585244816,
              25.036877934
            ],
            [
              121.585240102,
              25.036692681
            ],
            [
              121.58522783,
              25.036524935
            ],
            [
              121.585219424,
              25.036367663
            ],
            [
              121.585218895,
              25.036346776
            ],
            [
              121.585214721,
              25.03618241
            ],
            [
              121.585201847,
              25.035081299
            ],
            [
              121.585283142,
              25.034803095
            ],
            [
              121.585356272,
              25.034552833
            ],
            [
              121.585518183,
              25.03398938
            ],
            [
              121.585915077,
              25.032935602
            ],
            [
              121.585969053,
              25.032211778
            ],
            [
              121.586019552,
              25.031561375
            ],
            [
              121.58617777,
              25.031029398
            ],
            [
              121.586206012,
              25.030529398
            ],
            [
              121.586219976,
              25.030246198
            ],
            [
              121.586518577,
              25.029454981
            ],
            [
              121.5870976,
              25.028879396
            ],
            [
              121.588022705,
              25.028044724
            ]
          ]
        ]
      }
    },
    {
      "type": "Feature",
      "properties": {
        "dataset_slug": "tw.openfun~entity~geo",
        "record_id": "63000020-025"
      },
      "geometry": {
        "type": "Polygon",
        "coordinates": [
          [
            [
              121.5867322,
              25.041529304
            ],
            [
              121.586748105,
              25.04149627
            ],
            [
              121.586787111,
              25.041415261
            ],
            [
              121.58691154,
              25.041156851
            ],
            [
              121.586998002,
              25.040946454
            ],
            [
              121.586855307,
              25.040794758
            ],
            [
              121.58711197,
              25.040072812
            ],
            [
              121.587042933,
              25.040024066
            ],
            [
              121.587152889,
              25.039661239
            ],
            [
              121.5874048,
              25.039736887
            ],
            [
              121.587412443,
              25.039739183
            ],
            [
              121.587416571,
              25.039740421
            ],
            [
              121.587507844,
              25.039515427
            ],
            [
              121.587516154,
              25.039494946
            ],
            [
              121.587609954,
              25.039263719
            ],
            [
              121.587668954,
              25.039082819
            ],
            [
              121.587717523,
              25.038933899
            ],
            [
              121.587776589,
              25.03875278
            ],
            [
              121.587817184,
              25.038718576
            ],
            [
              121.587860761,
              25.038654059
            ],
            [
              121.587931478,
              25.038572027
            ],
            [
              121.587998958,
              25.038493752
            ],
            [
              121.588056734,
              25.038426742
            ],
            [
              121.588183675,
              25.03837543
            ],
            [
              121.588234884,
              25.038377449
            ],
            [
              121.588300558,
              25.038346115
            ],
            [
              121.5884199,
              25.038321237
            ],
            [
              121.588467813,
              25.038305134
            ],
            [
              121.588551172,
              25.03819278
            ],
            [
              121.588606496,
              25.038135621
            ],
            [
              121.588682577,
              25.038059405
            ],
            [
              121.588800266,
              25.037964034
            ],
            [
              121.588979922,
              25.037748212
            ],
            [
              121.589090511,
              25.037621228
            ],
            [
              121.589138731,
              25.03753247
            ],
            [
              121.589297327,
              25.037272439
            ],
            [
              121.589366063,
              25.037113995
            ],
            [
              121.589400204,
              25.036987335
            ],
            [
              121.589468243,
              25.036683381
            ],
            [
              121.589488574,
              25.036575747
            ],
            [
              121.589502019,
              25.036480791
            ],
            [
              121.589508513,
              25.036385862
            ],
            [
              121.589480077,
              25.036253119
            ],
            [
              121.589437621,
              25.036095126
            ],
            [
              121.589395407,
              25.035987736
            ],
            [
              121.589373656,
              25.035862495
            ],
            [
              121.589373138,
              25.035754943
            ],
            [
              121.589372501,
              25.035622091
            ],
            [
              121.5894135,
              25.035476406
            ],
            [
              121.589440571,
              25.035324459
            ],
            [
              121.589461554,
              25.035234693
            ],
            [
              121.589474616,
              25.035178809
            ],
            [
              121.589504917,
              25.035000403
            ],
            [
              121.589521927,
              25.034900253
            ],
            [
              121.589555916,
              25.034741946
            ],
            [
              121.589603437,
              25.03450767
            ],
            [
              121.589671928,
              25.034298625
            ],
            [
              121.589796045,
              25.034095671
            ],
            [
              121.589837407,
              25.034025908
            ],
            [
              121.589947899,
              25.033879957
            ],
            [
              121.590030772,
              25.033772077
            ],
            [
              121.59016891,
              25.033594371
            ],
            [
              121.5902933,
              25.033448372
            ],
            [
              121.590470826,
              25.033297214
            ],
            [
              121.590640152,
              25.033126148
            ],
            [
              121.590678301,
              25.033087606
            ],
            [
              121.59073153,
              25.033030335
            ],
            [
              121.590920279,
              25.032827252
            ],
            [
              121.59109328,
              25.032674712
            ],
            [
              121.591307856,
              25.032496709
            ],
            [
              121.591459945,
              25.032331605
            ],
            [
              121.591501458,
              25.032293485
            ],
            [
              121.591588039,
              25.032174119
            ],
            [
              121.591625725,
              25.032122162
            ],
            [
              121.591709339,
              25.032017678
            ],
            [
              121.591798417,
              25.031906365
            ],
            [
              121.591917491,
              25.031729992
            ],
            [
              121.591922622,
              25.031722392
            ],
            [
              121.591991169,
              25.031525995
            ],
            [
              121.592025304,
              25.031399325
            ],
            [
              121.592045571,
              25.031279042
            ],
            [
              121.592031185,
              25.03117787
            ],
            [
              121.591991996,
              25.031112302
            ],
            [
              121.591982146,
              25.031095822
            ],
            [
              121.591940206,
              25.031045375
            ],
            [
              121.591807408,
              25.030887746
            ],
            [
              121.591772357,
              25.030824615
            ],
            [
              121.59174368,
              25.030733325
            ],
            [
              121.59170884,
              25.030622416
            ],
            [
              121.591687384,
              25.030495964
            ],
            [
              121.591633343,
              25.030326193
            ],
            [
              121.59145858,
              25.03011178
            ],
            [
              121.591374854,
              25.030042525
            ],
            [
              121.591256444,
              25.029986057
            ],
            [
              121.591172933,
              25.029961093
            ],
            [
              121.591006004,
              25.029930123
            ],
            [
              121.590803785,
              25.029919429
            ],
            [
              121.59078357,
              25.02991836
            ],
            [
              121.590644465,
              25.029893607
            ],
            [
              121.59055102,
              25.029863642
            ],
            [
              121.590547024,
              25.02986236
            ],
            [
              121.590449493,
              25.02981214
            ],
            [
              121.59033773,
              25.029692384
            ],
            [
              121.590246935,
              25.029597851
            ],
            [
              121.590093418,
              25.029465598
            ],
            [
              121.58984953,
              25.02932739
            ],
            [
              121.589772907,
              25.02928974
            ],
            [
              121.589682358,
              25.02924581
            ],
            [
              121.589410586,
              25.029088725
            ],
            [
              121.589390378,
              25.029075711
            ],
            [
              121.589361789,
              25.029057296
            ],
            [
              121.589285227,
              25.029032293
            ],
            [
              121.589194739,
              25.029001019
            ],
            [
              121.589076635,
              25.028867815
            ],
            [
              121.589054998,
              25.028843411
            ],
            [
              121.588859425,
              25.028635414
            ],
            [
              121.588706209,
              25.028566426
            ],
            [
              121.588344222,
              25.028435013
            ],
            [
              121.58827449,
              25.028384679
            ],
            [
              121.588183548,
              25.028258501
            ],
            [
              121.58817919,
              25.028252708
            ],
            [
              121.588022705,
              25.028044724
            ],
            [
              121.5870976,
              25.028879396
            ],
            [
              121.586518577,
              25.029454981
            ],
            [
              121.586219976,
              25.030246198
            ],
            [
              121.586206012,
              25.030529398
            ],
            [
              121.58617777,
              25.031029398
            ],
            [
              121.586019552,
              25.031561375
            ],
            [
              121.585969053,
              25.032211778
            ],
            [
              121.585915077,
              25.032935602
            ],
            [
              121.585518183,
              25.03398938
            ],
            [
              121.585356272,
              25.034552833
            ],
            [
              121.585283142,
              25.034803095
            ],
            [
              121.585201847,
              25.035081299
            ],
            [
              121.585214721,
              25.03618241
            ],
            [
              121.585218895,
              25.036346776
            ],
            [
              121.585219424,
              25.036367663
            ],
            [
              121.58522783,
              25.036524935
            ],
            [
              121.585240102,
              25.036692681
            ],
            [
              121.585244816,
              25.036877934
            ],
            [
              121.585226267,
              25.037003858
            ],
            [
              121.585158922,
              25.037329221
            ],
            [
              121.585129115,
              25.037500634
            ],
            [
              121.585121819,
              25.037577565
            ],
            [
              121.58509645,
              25.037878305
            ],
            [
              121.585095335,
              25.037885058
            ],
            [
              121.585086548,
              25.037938308
            ],
            [
              121.585062967,
              25.038081187
            ],
            [
              121.585046059,
              25.038122347
            ],
            [
              121.585032521,
              25.038155304
            ],
            [
              121.58500454,
              25.03822342
            ],
            [
              121.584950218,
              25.03832794
            ],
            [
              121.584862421,
              25.038496134
            ],
            [
              121.584858797,
              25.038500642
            ],
            [
              121.584697392,
              25.03870145
            ],
            [
              121.584627661,
              25.038788206
            ],
            [
              121.584540869,
              25.038885943
            ],
            [
              121.5843091,
              25.039146941
            ],
            [
              121.584254232,
              25.039255549
            ],
            [
              121.584226849,
              25.039309751
            ],
            [
              121.584214223,
              25.03935052
            ],
            [
              121.584217765,
              25.039356533
            ],
            [
              121.584181287,
              25.039506795
            ],
            [
              121.584098986,
              25.039862721
            ],
            [
              121.583732421,
              25.040102486
            ],
            [
              121.583602464,
              25.040211322
            ],
            [
              121.583568086,
              25.04032843
            ],
            [
              121.583501221,
              25.040517086
            ],
            [
              121.583434973,
              25.040706825
            ],
            [
              121.583606039,
              25.040772766
            ],
            [
              121.58475004,
              25.041213733
            ],
            [
              121.584691842,
              25.041360468
            ],
            [
              121.585037212,
              25.041502895
            ],
            [
              121.585058543,
              25.041514475
            ],
            [
              121.584914276,
              25.04160443
            ],
            [
              121.585025987,
              25.041774694
            ],
            [
              121.585051947,
              25.041759137
            ],
            [
              121.585313209,
              25.041599947
            ],
            [
              121.585382606,
              25.041575333
            ],
            [
              121.585411863,
              25.041573442
            ],
            [
              121.58546279,
              25.041570151
            ],
            [
              121.585560692,
              25.041580734
            ],
            [
              121.585691735,
              25.04158752
            ],
            [
              121.585769326,
              25.041599374
            ],
            [
              121.585847001,
              25.041628254
            ],
            [
              121.585936901,
              25.041625692
            ],
            [
              121.585945913,
              25.041625435
            ],
            [
              121.586090264,
              25.041614748
            ],
            [
              121.586119641,
              25.041612572
            ],
            [
              121.586287868,
              25.041568112
            ],
            [
              121.586408075,
              25.041545743
            ],
            [
              121.586500251,
              25.04154294
            ],
            [
              121.586507634,
              25.041542508
            ],
            [
              121.586606303,
              25.041536719
            ],
            [
              121.586678053,
              25.041532498
            ],
            [
              121.5867322,
              25.041529304
            ]
          ]
        ]
      }
    },
    {
      "type": "Feature",
      "properties": {
        "dataset_slug": "tw.openfun~entity~geo",
        "record_id": "63000020-026"
      },
      "geometry": {
        "type": "Polygon",
        "coordinates": [
          [
            [
              121.582837018,
              25.043415798
            ],
            [
              121.582878031,
              25.043381675
            ],
            [
              121.583085795,
              25.04321479
            ],
            [
              121.583146318,
              25.043151284
            ],
            [
              121.583234578,
              25.04308923
            ],
            [
              121.583284118,
              25.043057783
            ],
            [
              121.583630339,
              25.042771739
            ],
            [
              121.58400584,
              25.042458796
            ],
            [
              121.584138991,
              25.042346344
            ],
            [
              121.584180192,
              25.042314115
            ],
            [
              121.584222919,
              25.042280694
            ],
            [
              121.584338347,
              25.04220711
            ],
            [
              121.584580107,
              25.042052991
            ],
            [
              121.584624869,
              25.042019721
            ],
            [
              121.584692006,
              25.041969818
            ],
            [
              121.584806671,
              25.041906105
            ],
            [
              121.585024469,
              25.041775605
            ],
            [
              121.585025987,
              25.041774694
            ],
            [
              121.584914276,
              25.04160443
            ],
            [
              121.585058543,
              25.041514475
            ],
            [
              121.585037212,
              25.041502895
            ],
            [
              121.584691842,
              25.041360468
            ],
            [
              121.58475004,
              25.041213733
            ],
            [
              121.583606039,
              25.040772766
            ],
            [
              121.583434973,
              25.040706825
            ],
            [
              121.582640353,
              25.040400685
            ],
            [
              121.581875059,
              25.040109198
            ],
            [
              121.581544277,
              25.039983209
            ],
            [
              121.581149632,
              25.039832898
            ],
            [
              121.580908228,
              25.03974095
            ],
            [
              121.580380991,
              25.039540132
            ],
            [
              121.580286281,
              25.039725724
            ],
            [
              121.580172755,
              25.039948182
            ],
            [
              121.580341798,
              25.040075168
            ],
            [
              121.580492869,
              25.04019241
            ],
            [
              121.580698641,
              25.040509092
            ],
            [
              121.580702799,
              25.040533539
            ],
            [
              121.580728127,
              25.04068244
            ],
            [
              121.580764331,
              25.040828266
            ],
            [
              121.580801248,
              25.040976962
            ],
            [
              121.580880759,
              25.041297215
            ],
            [
              121.580892305,
              25.041343721
            ],
            [
              121.580989193,
              25.041733965
            ],
            [
              121.581171577,
              25.042468552
            ],
            [
              121.581232276,
              25.042713029
            ],
            [
              121.581100387,
              25.0430461
            ],
            [
              121.581306718,
              25.043323848
            ],
            [
              121.581715979,
              25.043874768
            ],
            [
              121.581932071,
              25.044165653
            ],
            [
              121.581935789,
              25.044170659
            ],
            [
              121.581951103,
              25.044191273
            ],
            [
              121.581955437,
              25.044197295
            ],
            [
              121.581958471,
              25.044194625
            ],
            [
              121.582047305,
              25.044116441
            ],
            [
              121.582354416,
              25.043826593
            ],
            [
              121.582466967,
              25.043739157
            ],
            [
              121.582601055,
              25.043612104
            ],
            [
              121.582835176,
              25.04341733
            ],
            [
              121.582837018,
              25.043415798
            ]
          ]
        ]
      }
    },
    {
      "type": "Feature",
      "properties": {
        "dataset_slug": "tw.openfun~entity~geo",
        "record_id": "63000020-027"
      },
      "geometry": {
        "type": "Polygon",
        "coordinates": [
          [
            [
              121.581488419,
              25.037086882
            ],
            [
              121.580583466,
              25.036746662
            ],
            [
              121.580381015,
              25.036670549
            ],
            [
              121.579251113,
              25.036245747
            ],
            [
              121.579173879,
              25.036301855
            ],
            [
              121.579129908,
              25.036333799
            ],
            [
              121.579176585,
              25.036654309
            ],
            [
              121.57920536,
              25.036851908
            ],
            [
              121.579209592,
              25.03688096
            ],
            [
              121.579286423,
              25.037408531
            ],
            [
              121.579349303,
              25.037840293
            ],
            [
              121.579349186,
              25.037878342
            ],
            [
              121.579349062,
              25.037918008
            ],
            [
              121.579347905,
              25.038290077
            ],
            [
              121.579347879,
              25.038298515
            ],
            [
              121.579343917,
              25.038317337
            ],
            [
              121.57930707,
              25.038492419
            ],
            [
              121.579266617,
              25.038684637
            ],
            [
              121.579265179,
              25.038691473
            ],
            [
              121.579220697,
              25.038902822
            ],
            [
              121.579183111,
              25.039081415
            ],
            [
              121.579178782,
              25.039091021
            ],
            [
              121.579147647,
              25.039160107
            ],
            [
              121.579140903,
              25.039251785
            ],
            [
              121.579141149,
              25.039304147
            ],
            [
              121.579159413,
              25.039376082
            ],
            [
              121.579163894,
              25.039385075
            ],
            [
              121.579191966,
              25.039441416
            ],
            [
              121.579231689,
              25.039503447
            ],
            [
              121.579253942,
              25.039533657
            ],
            [
              121.579274962,
              25.039562195
            ],
            [
              121.579332519,
              25.039604519
            ],
            [
              121.579680869,
              25.039756996
            ],
            [
              121.580172755,
              25.039948182
            ],
            [
              121.580286281,
              25.039725724
            ],
            [
              121.580380991,
              25.039540132
            ],
            [
              121.580908228,
              25.03974095
            ],
            [
              121.581149632,
              25.039832898
            ],
            [
              121.581544277,
              25.039983209
            ],
            [
              121.581875059,
              25.040109198
            ],
            [
              121.582640353,
              25.040400685
            ],
            [
              121.582753508,
              25.040153567
            ],
            [
              121.582805399,
              25.040042637
            ],
            [
              121.582865338,
              25.039914501
            ],
            [
              121.583152392,
              25.039300846
            ],
            [
              121.583780648,
              25.037957761
            ],
            [
              121.583412171,
              25.03781777
            ],
            [
              121.583033334,
              25.037673842
            ],
            [
              121.58267065,
              25.03753605
            ],
            [
              121.581496399,
              25.037089916
            ],
            [
              121.581488419,
              25.037086882
            ]
          ]
        ]
      }
    },
    {
      "type": "Feature",
      "properties": {
        "dataset_slug": "tw.openfun~entity~geo",
        "record_id": "63000020-028"
      },
      "geometry": {
        "type": "Polygon",
        "coordinates": [
          [
            [
              121.565395456,
              25.032876637
            ],
            [
              121.565380959,
              25.031944282
            ],
            [
              121.565365576,
              25.030954934
            ],
            [
              121.565358009,
              25.03046833
            ],
            [
              121.565351193,
              25.030029946
            ],
            [
              121.565348635,
              25.029936624
            ],
            [
              121.565343983,
              25.029851083
            ],
            [
              121.565335213,
              25.029794727
            ],
            [
              121.565324259,
              25.029726715
            ],
            [
              121.565311211,
              25.029666494
            ],
            [
              121.56529243,
              25.02960532
            ],
            [
              121.565276628,
              25.029553848
            ],
            [
              121.56526366,
              25.029511123
            ],
            [
              121.565222918,
              25.029447115
            ],
            [
              121.565173657,
              25.02938119
            ],
            [
              121.565113662,
              25.029297809
            ],
            [
              121.565045157,
              25.029214462
            ],
            [
              121.564928945,
              25.029094688
            ],
            [
              121.564921096,
              25.029086601
            ],
            [
              121.564661516,
              25.028881016
            ],
            [
              121.564455162,
              25.028717586
            ],
            [
              121.564215494,
              25.02852777
            ],
            [
              121.56408642,
              25.028425544
            ],
            [
              121.563758765,
              25.028166041
            ],
            [
              121.563582482,
              25.028026424
            ],
            [
              121.563541933,
              25.027994309
            ],
            [
              121.563304882,
              25.027806562
            ],
            [
              121.563141362,
              25.027677053
            ],
            [
              121.562719219,
              25.028189447
            ],
            [
              121.562554043,
              25.028389935
            ],
            [
              121.56221352,
              25.028803252
            ],
            [
              121.561836835,
              25.029260458
            ],
            [
              121.561831062,
              25.029267465
            ],
            [
              121.56178688,
              25.029311481
            ],
            [
              121.561533046,
              25.029590785
            ],
            [
              121.561458063,
              25.029673295
            ],
            [
              121.560839029,
              25.030411745
            ],
            [
              121.560870412,
              25.030431201
            ],
            [
              121.561061085,
              25.030549407
            ],
            [
              121.561286681,
              25.030689263
            ],
            [
              121.561286797,
              25.030714939
            ],
            [
              121.56128681,
              25.030717796
            ],
            [
              121.561287371,
              25.03084105
            ],
            [
              121.561288293,
              25.031043634
            ],
            [
              121.560485013,
              25.031174
            ],
            [
              121.560191238,
              25.031221675
            ],
            [
              121.560332704,
              25.031912517
            ],
            [
              121.560402564,
              25.032063157
            ],
            [
              121.560412051,
              25.032493009
            ],
            [
              121.560412245,
              25.03250181
            ],
            [
              121.560426186,
              25.032981706
            ],
            [
              121.560497659,
              25.032981219
            ],
            [
              121.561327362,
              25.032975499
            ],
            [
              121.561346276,
              25.032975368
            ],
            [
              121.563823979,
              25.032914967
            ],
            [
              121.565395456,
              25.032876637
            ]
          ]
        ]
      }
    },
    {
      "type": "Feature",
      "properties": {
        "dataset_slug": "tw.openfun~entity~geo",
        "record_id": "63000020-029"
      },
      "geometry": {
        "type": "Polygon",
        "coordinates": [
          [
            [
              121.567463426,
              25.024759913
            ],
            [
              121.568055418,
              25.024266328
            ],
            [
              121.568211798,
              25.024320362
            ],
            [
              121.568403812,
              25.02438671
            ],
            [
              121.568457884,
              25.024266773
            ],
            [
              121.568686996,
              25.024206031
            ],
            [
              121.568740768,
              25.024205825
            ],
            [
              121.568763458,
              25.024205738
            ],
            [
              121.569864251,
              25.023662727
            ],
            [
              121.57000032,
              25.023682231
            ],
            [
              121.570067896,
              25.023691918
            ],
            [
              121.57001572,
              25.023669233
            ],
            [
              121.569936533,
              25.023634805
            ],
            [
              121.569776885,
              25.02337214
            ],
            [
              121.569693307,
              25.02323463
            ],
            [
              121.569620382,
              25.023114651
            ],
            [
              121.569548432,
              25.022996269
            ],
            [
              121.569467685,
              25.022863419
            ],
            [
              121.569393205,
              25.022740876
            ],
            [
              121.569242948,
              25.022493658
            ],
            [
              121.569163476,
              25.022362905
            ],
            [
              121.569014858,
              25.022118381
            ],
            [
              121.568911783,
              25.02194879
            ],
            [
              121.568750909,
              25.021684098
            ],
            [
              121.567875498,
              25.02024374
            ],
            [
              121.567672099,
              25.019956396
            ],
            [
              121.567463964,
              25.01970958
            ],
            [
              121.567211452,
              25.019458436
            ],
            [
              121.56696405,
              25.019247792
            ],
            [
              121.566865378,
              25.019149479
            ],
            [
              121.566815512,
              25.019099793
            ],
            [
              121.565593443,
              25.017726782
            ],
            [
              121.564942965,
              25.01790423
            ],
            [
              121.564275242,
              25.018501687
            ],
            [
              121.56364391,
              25.018679066
            ],
            [
              121.563453708,
              25.018977243
            ],
            [
              121.562780288,
              25.019162905
            ],
            [
              121.562745833,
              25.019172403
            ],
            [
              121.562518111,
              25.019645694
            ],
            [
              121.561732977,
              25.019701163
            ],
            [
              121.56137194,
              25.020033685
            ],
            [
              121.561122535,
              25.02026339
            ],
            [
              121.561532043,
              25.020438959
            ],
            [
              121.561930717,
              25.020609882
            ],
            [
              121.562706769,
              25.020716698
            ],
            [
              121.563669964,
              25.021142076
            ],
            [
              121.563911096,
              25.021320765
            ],
            [
              121.563962908,
              25.021353876
            ],
            [
              121.564283585,
              25.02155881
            ],
            [
              121.564633898,
              25.021727097
            ],
            [
              121.564875441,
              25.021995575
            ],
            [
              121.565040663,
              25.02229427
            ],
            [
              121.565184356,
              25.022662898
            ],
            [
              121.565158677,
              25.022893094
            ],
            [
              121.565014524,
              25.023257671
            ],
            [
              121.564995736,
              25.02330502
            ],
            [
              121.565015083,
              25.023379899
            ],
            [
              121.56505611,
              25.023422264
            ],
            [
              121.565123348,
              25.023459204
            ],
            [
              121.565167507,
              25.02354938
            ],
            [
              121.565182883,
              25.023722045
            ],
            [
              121.565188034,
              25.023892746
            ],
            [
              121.564558331,
              25.023940317
            ],
            [
              121.564587576,
              25.023958803
            ],
            [
              121.564706163,
              25.024043938
            ],
            [
              121.564103944,
              25.024637587
            ],
            [
              121.564179818,
              25.024989746
            ],
            [
              121.564321074,
              25.024980976
            ],
            [
              121.564321974,
              25.025002651
            ],
            [
              121.564349845,
              25.025673144
            ],
            [
              121.564359125,
              25.02589641
            ],
            [
              121.564495146,
              25.026035926
            ],
            [
              121.56458997,
              25.026133186
            ],
            [
              121.565128503,
              25.026037688
            ],
            [
              121.565202681,
              25.026003424
            ],
            [
              121.565407619,
              25.026113084
            ],
            [
              121.565546971,
              25.026128041
            ],
            [
              121.566128013,
              25.026190401
            ],
            [
              121.565972731,
              25.02640761
            ],
            [
              121.566160363,
              25.026581001
            ],
            [
              121.566253262,
              25.026586153
            ],
            [
              121.566406816,
              25.026594668
            ],
            [
              121.566479995,
              25.026658154
            ],
            [
              121.566676265,
              25.026539183
            ],
            [
              121.566627843,
              25.026470294
            ],
            [
              121.566614535,
              25.026429169
            ],
            [
              121.566631883,
              25.026398552
            ],
            [
              121.566679767,
              25.026347894
            ],
            [
              121.566756795,
              25.026295797
            ],
            [
              121.566774175,
              25.026271814
            ],
            [
              121.566907921,
              25.026187624
            ],
            [
              121.566926842,
              25.026182233
            ],
            [
              121.566941439,
              25.026184841
            ],
            [
              121.567002834,
              25.026221793
            ],
            [
              121.567013053,
              25.026224418
            ],
            [
              121.567027626,
              25.026221699
            ],
            [
              121.567101401,
              25.026097886
            ],
            [
              121.567117297,
              25.026081079
            ],
            [
              121.56680987,
              25.025912355
            ],
            [
              121.566770843,
              25.025894321
            ],
            [
              121.566880989,
              25.025741932
            ],
            [
              121.566920301,
              25.025761579
            ],
            [
              121.56704073,
              25.025597153
            ],
            [
              121.566724048,
              25.02543695
            ],
            [
              121.566714529,
              25.025386015
            ],
            [
              121.566790998,
              25.025268388
            ],
            [
              121.566797571,
              25.025258276
            ],
            [
              121.567443411,
              25.024774894
            ],
            [
              121.567463426,
              25.024759913
            ]
          ]
        ]
      }
    },
    {
      "type": "Feature",
      "properties": {
        "dataset_slug": "tw.openfun~entity~geo",
        "record_id": "63000020-030"
      },
      "geometry": {
        "type": "Polygon",
        "coordinates": [
          [
            [
              121.568284281,
              25.032811781
            ],
            [
              121.568318642,
              25.030857228
            ],
            [
              121.568326516,
              25.030409344
            ],
            [
              121.568326665,
              25.030400801
            ],
            [
              121.568360386,
              25.028482615
            ],
            [
              121.568372309,
              25.0278044
            ],
            [
              121.568381941,
              25.027256467
            ],
            [
              121.568388213,
              25.026899712
            ],
            [
              121.568392625,
              25.026648714
            ],
            [
              121.568406909,
              25.026618319
            ],
            [
              121.568530673,
              25.026354948
            ],
            [
              121.569023305,
              25.025466978
            ],
            [
              121.568594888,
              25.025272786
            ],
            [
              121.568211196,
              25.025098867
            ],
            [
              121.567463426,
              25.024759913
            ],
            [
              121.567443411,
              25.024774894
            ],
            [
              121.566797571,
              25.025258276
            ],
            [
              121.566790998,
              25.025268388
            ],
            [
              121.566714529,
              25.025386015
            ],
            [
              121.566724048,
              25.02543695
            ],
            [
              121.56704073,
              25.025597153
            ],
            [
              121.566920301,
              25.025761579
            ],
            [
              121.566880989,
              25.025741932
            ],
            [
              121.566770843,
              25.025894321
            ],
            [
              121.56680987,
              25.025912355
            ],
            [
              121.567117297,
              25.026081079
            ],
            [
              121.567101401,
              25.026097886
            ],
            [
              121.567027626,
              25.026221699
            ],
            [
              121.567013053,
              25.026224418
            ],
            [
              121.567002834,
              25.026221793
            ],
            [
              121.566941439,
              25.026184841
            ],
            [
              121.566926842,
              25.026182233
            ],
            [
              121.566907921,
              25.026187624
            ],
            [
              121.566774175,
              25.026271814
            ],
            [
              121.566756795,
              25.026295797
            ],
            [
              121.566679767,
              25.026347894
            ],
            [
              121.566631883,
              25.026398552
            ],
            [
              121.566614535,
              25.026429169
            ],
            [
              121.566627843,
              25.026470294
            ],
            [
              121.566676265,
              25.026539183
            ],
            [
              121.566479995,
              25.026658154
            ],
            [
              121.566406816,
              25.026594668
            ],
            [
              121.566253262,
              25.026586153
            ],
            [
              121.566160363,
              25.026581001
            ],
            [
              121.565972731,
              25.02640761
            ],
            [
              121.566128013,
              25.026190401
            ],
            [
              121.565546971,
              25.026128041
            ],
            [
              121.565407619,
              25.026113084
            ],
            [
              121.565202681,
              25.026003424
            ],
            [
              121.565128503,
              25.026037688
            ],
            [
              121.56458997,
              25.026133186
            ],
            [
              121.564495146,
              25.026035926
            ],
            [
              121.564419886,
              25.026113412
            ],
            [
              121.56434437,
              25.026186445
            ],
            [
              121.564200488,
              25.026238949
            ],
            [
              121.564254442,
              25.026425805
            ],
            [
              121.564197606,
              25.026436402
            ],
            [
              121.564172246,
              25.02646619
            ],
            [
              121.563926174,
              25.026755226
            ],
            [
              121.563918113,
              25.026764693
            ],
            [
              121.563141362,
              25.027677053
            ],
            [
              121.563304882,
              25.027806562
            ],
            [
              121.563541933,
              25.027994309
            ],
            [
              121.563582482,
              25.028026424
            ],
            [
              121.563758765,
              25.028166041
            ],
            [
              121.56408642,
              25.028425544
            ],
            [
              121.564215494,
              25.02852777
            ],
            [
              121.564455162,
              25.028717586
            ],
            [
              121.564661516,
              25.028881016
            ],
            [
              121.564921096,
              25.029086601
            ],
            [
              121.564928945,
              25.029094688
            ],
            [
              121.565045157,
              25.029214462
            ],
            [
              121.565113662,
              25.029297809
            ],
            [
              121.565173657,
              25.02938119
            ],
            [
              121.565222918,
              25.029447115
            ],
            [
              121.56526366,
              25.029511123
            ],
            [
              121.565276628,
              25.029553848
            ],
            [
              121.56529243,
              25.02960532
            ],
            [
              121.565311211,
              25.029666494
            ],
            [
              121.565324259,
              25.029726715
            ],
            [
              121.565335213,
              25.029794727
            ],
            [
              121.565343983,
              25.029851083
            ],
            [
              121.565348635,
              25.029936624
            ],
            [
              121.565351193,
              25.030029946
            ],
            [
              121.565358009,
              25.03046833
            ],
            [
              121.565365576,
              25.030954934
            ],
            [
              121.565380959,
              25.031944282
            ],
            [
              121.565395456,
              25.032876637
            ],
            [
              121.568284281,
              25.032811781
            ]
          ]
        ]
      }
    },
    {
      "type": "Feature",
      "properties": {
        "dataset_slug": "tw.openfun~entity~geo",
        "record_id": "63000020-031"
      },
      "geometry": {
        "type": "Polygon",
        "coordinates": [
          [
            [
              121.577991002,
              25.027355361
            ],
            [
              121.576828162,
              25.026257157
            ],
            [
              121.575597181,
              25.026654066
            ],
            [
              121.57411243,
              25.026746065
            ],
            [
              121.572890363,
              25.026821776
            ],
            [
              121.572289029,
              25.026643624
            ],
            [
              121.571675754,
              25.026461933
            ],
            [
              121.571454795,
              25.026062526
            ],
            [
              121.571038436,
              25.025713895
            ],
            [
              121.571013918,
              25.025695393
            ],
            [
              121.57100392,
              25.02568785
            ],
            [
              121.570989714,
              25.025677131
            ],
            [
              121.570783407,
              25.025563575
            ],
            [
              121.57071038,
              25.025706878
            ],
            [
              121.570684714,
              25.025701122
            ],
            [
              121.570679962,
              25.025700055
            ],
            [
              121.57048069,
              25.025655371
            ],
            [
              121.570452191,
              25.025648981
            ],
            [
              121.570433761,
              25.025758199
            ],
            [
              121.570327461,
              25.025959644
            ],
            [
              121.569899508,
              25.025773837
            ],
            [
              121.569483399,
              25.025593172
            ],
            [
              121.569267658,
              25.025499499
            ],
            [
              121.569119937,
              25.025435361
            ],
            [
              121.569023305,
              25.025466978
            ],
            [
              121.568530673,
              25.026354948
            ],
            [
              121.568406909,
              25.026618319
            ],
            [
              121.568392625,
              25.026648714
            ],
            [
              121.568388213,
              25.026899712
            ],
            [
              121.568381941,
              25.027256467
            ],
            [
              121.568372309,
              25.0278044
            ],
            [
              121.568360386,
              25.028482615
            ],
            [
              121.568326665,
              25.030400801
            ],
            [
              121.568326516,
              25.030409344
            ],
            [
              121.568318642,
              25.030857228
            ],
            [
              121.568284281,
              25.032811781
            ],
            [
              121.569667693,
              25.032774521
            ],
            [
              121.569720278,
              25.032773105
            ],
            [
              121.571704038,
              25.032719653
            ],
            [
              121.57202348,
              25.032730575
            ],
            [
              121.572339607,
              25.032743556
            ],
            [
              121.572429458,
              25.032747245
            ],
            [
              121.572749042,
              25.032788553
            ],
            [
              121.573075399,
              25.032854147
            ],
            [
              121.573295235,
              25.032907988
            ],
            [
              121.573541848,
              25.032998201
            ],
            [
              121.573788557,
              25.03310664
            ],
            [
              121.573974477,
              25.0331975
            ],
            [
              121.574035312,
              25.033227229
            ],
            [
              121.574188724,
              25.033305641
            ],
            [
              121.574416952,
              25.033463062
            ],
            [
              121.57453343,
              25.033547342
            ],
            [
              121.574565905,
              25.033570841
            ],
            [
              121.574543794,
              25.032121957
            ],
            [
              121.574535064,
              25.031549972
            ],
            [
              121.574521385,
              25.030653615
            ],
            [
              121.574559344,
              25.030646407
            ],
            [
              121.575459283,
              25.030642921
            ],
            [
              121.575462867,
              25.029735159
            ],
            [
              121.576204912,
              25.029439232
            ],
            [
              121.577991002,
              25.027355361
            ]
          ]
        ]
      }
    },
    {
      "type": "Feature",
      "properties": {
        "dataset_slug": "tw.openfun~entity~geo",
        "record_id": "63000020-032"
      },
      "geometry": {
        "type": "Polygon",
        "coordinates": [
          [
            [
              121.576828162,
              25.026257157
            ],
            [
              121.577701018,
              25.025989117
            ],
            [
              121.578132708,
              25.02585655
            ],
            [
              121.580059814,
              25.025264736
            ],
            [
              121.581587845,
              25.024795456
            ],
            [
              121.581635381,
              25.024470344
            ],
            [
              121.581733301,
              25.024425136
            ],
            [
              121.581978842,
              25.024468989
            ],
            [
              121.582199796,
              25.024501735
            ],
            [
              121.582421228,
              25.024635319
            ],
            [
              121.582896914,
              25.024498656
            ],
            [
              121.583548485,
              25.024361986
            ],
            [
              121.585544096,
              25.024802399
            ],
            [
              121.585473037,
              25.02472348
            ],
            [
              121.585403067,
              25.024622524
            ],
            [
              121.58522787,
              25.024313211
            ],
            [
              121.585157416,
              25.024111035
            ],
            [
              121.585072976,
              25.023889939
            ],
            [
              121.585009414,
              25.023675087
            ],
            [
              121.584974005,
              25.023536042
            ],
            [
              121.58497307,
              25.023339921
            ],
            [
              121.584994482,
              25.023208857
            ],
            [
              121.585015579,
              25.023166047
            ],
            [
              121.585029839,
              25.02313711
            ],
            [
              121.585035968,
              25.022973578
            ],
            [
              121.58503531,
              25.022835217
            ],
            [
              121.585000647,
              25.022676596
            ],
            [
              121.584985879,
              25.022609017
            ],
            [
              121.584867047,
              25.022313908
            ],
            [
              121.584720348,
              25.021968592
            ],
            [
              121.58462269,
              25.021767734
            ],
            [
              121.584606791,
              25.021737598
            ],
            [
              121.584490255,
              25.0215167
            ],
            [
              121.584434099,
              25.021328253
            ],
            [
              121.584409052,
              25.021235011
            ],
            [
              121.584349716,
              25.021014138
            ],
            [
              121.584263593,
              25.020626183
            ],
            [
              121.584172064,
              25.020261782
            ],
            [
              121.584161244,
              25.020220237
            ],
            [
              121.584101707,
              25.019991643
            ],
            [
              121.584045343,
              25.019759173
            ],
            [
              121.583975195,
              25.019533045
            ],
            [
              121.583954682,
              25.019485319
            ],
            [
              121.583889629,
              25.019333978
            ],
            [
              121.583856459,
              25.019256806
            ],
            [
              121.583758802,
              25.019055945
            ],
            [
              121.583750137,
              25.019039423
            ],
            [
              121.583640306,
              25.018830007
            ],
            [
              121.583577905,
              25.018779938
            ],
            [
              121.583432646,
              25.018736498
            ],
            [
              121.583232468,
              25.018684705
            ],
            [
              121.583177405,
              25.018665653
            ],
            [
              121.583058596,
              25.018620657
            ],
            [
              121.583057632,
              25.018620231
            ],
            [
              121.582739591,
              25.018479833
            ],
            [
              121.582545582,
              25.018372618
            ],
            [
              121.582276754,
              25.018282743
            ],
            [
              121.582051805,
              25.018232481
            ],
            [
              121.581895439,
              25.018164897
            ],
            [
              121.581701243,
              25.018017894
            ],
            [
              121.581474166,
              25.017828412
            ],
            [
              121.581467002,
              25.017822433
            ],
            [
              121.581450484,
              25.017808003
            ],
            [
              121.581078398,
              25.017482965
            ],
            [
              121.580909173,
              25.017335865
            ],
            [
              121.5805397,
              25.017081571
            ],
            [
              121.580308028,
              25.016929037
            ],
            [
              121.58011373,
              25.016759302
            ],
            [
              121.579906678,
              25.016532775
            ],
            [
              121.579793654,
              25.01639114
            ],
            [
              121.579699437,
              25.01626648
            ],
            [
              121.579420237,
              25.015962801
            ],
            [
              121.579369901,
              25.015877746
            ],
            [
              121.579301001,
              25.015826869
            ],
            [
              121.57923194,
              25.015741886
            ],
            [
              121.579025159,
              25.015572198
            ],
            [
              121.578943828,
              25.015532729
            ],
            [
              121.578793331,
              25.015385554
            ],
            [
              121.578605142,
              25.015187381
            ],
            [
              121.578529759,
              25.015085379
            ],
            [
              121.578435572,
              25.014966386
            ],
            [
              121.57839915,
              25.014896691
            ],
            [
              121.578358783,
              25.014819453
            ],
            [
              121.578334795,
              25.01477355
            ],
            [
              121.578277949,
              25.014631689
            ],
            [
              121.578195923,
              25.014444459
            ],
            [
              121.57810736,
              25.014194736
            ],
            [
              121.578081832,
              25.014075494
            ],
            [
              121.578056302,
              25.013956242
            ],
            [
              121.578042644,
              25.013865744
            ],
            [
              121.577806843,
              25.013854965
            ],
            [
              121.577747422,
              25.013852249
            ],
            [
              121.577613282,
              25.013857656
            ],
            [
              121.577437922,
              25.013901308
            ],
            [
              121.577298601,
              25.013945825
            ],
            [
              121.577175379,
              25.01399029
            ],
            [
              121.576875363,
              25.014098961
            ],
            [
              121.576714576,
              25.014143561
            ],
            [
              121.576489438,
              25.014198196
            ],
            [
              121.576352503,
              25.014221414
            ],
            [
              121.576298179,
              25.014230624
            ],
            [
              121.576129861,
              25.014413283
            ],
            [
              121.575152335,
              25.015474089
            ],
            [
              121.575113994,
              25.015618911
            ],
            [
              121.575110217,
              25.01579295
            ],
            [
              121.575074222,
              25.015950339
            ],
            [
              121.5750059,
              25.016065928
            ],
            [
              121.574981621,
              25.016122061
            ],
            [
              121.574915062,
              25.016275955
            ],
            [
              121.574856081,
              25.016427141
            ],
            [
              121.574820966,
              25.016507835
            ],
            [
              121.574781137,
              25.016599361
            ],
            [
              121.574753829,
              25.016649788
            ],
            [
              121.574701528,
              25.016754823
            ],
            [
              121.574626456,
              25.016901883
            ],
            [
              121.574560442,
              25.017019557
            ],
            [
              121.574533183,
              25.017080465
            ],
            [
              121.574334252,
              25.017351172
            ],
            [
              121.574033154,
              25.017795406
            ],
            [
              121.574094906,
              25.018035167
            ],
            [
              121.573968865,
              25.018160215
            ],
            [
              121.573833372,
              25.018294642
            ],
            [
              121.573814618,
              25.018608555
            ],
            [
              121.573552277,
              25.018838144
            ],
            [
              121.573412036,
              25.018960875
            ],
            [
              121.573466981,
              25.019488168
            ],
            [
              121.573469186,
              25.019509331
            ],
            [
              121.573475492,
              25.019569859
            ],
            [
              121.573678462,
              25.019753688
            ],
            [
              121.573740214,
              25.019993451
            ],
            [
              121.573761714,
              25.020190797
            ],
            [
              121.57378243,
              25.020380969
            ],
            [
              121.573663482,
              25.020879892
            ],
            [
              121.573493098,
              25.021077516
            ],
            [
              121.573316215,
              25.021245714
            ],
            [
              121.573186901,
              25.021368704
            ],
            [
              121.573178707,
              25.021376587
            ],
            [
              121.572413589,
              25.022112624
            ],
            [
              121.572346988,
              25.022264963
            ],
            [
              121.572320928,
              25.022324571
            ],
            [
              121.57200912,
              25.022540062
            ],
            [
              121.571849276,
              25.02265053
            ],
            [
              121.57183409,
              25.022661342
            ],
            [
              121.571741205,
              25.022727477
            ],
            [
              121.571674785,
              25.022788657
            ],
            [
              121.57152091,
              25.022930399
            ],
            [
              121.571206078,
              25.023184231
            ],
            [
              121.571199422,
              25.023191451
            ],
            [
              121.571016646,
              25.023389709
            ],
            [
              121.570910399,
              25.023504958
            ],
            [
              121.570902028,
              25.023514039
            ],
            [
              121.570594923,
              25.023787942
            ],
            [
              121.570465065,
              25.023884882
            ],
            [
              121.570336693,
              25.023835857
            ],
            [
              121.570079761,
              25.023697279
            ],
            [
              121.570067896,
              25.023691918
            ],
            [
              121.57000032,
              25.023682231
            ],
            [
              121.569864251,
              25.023662727
            ],
            [
              121.568763458,
              25.024205738
            ],
            [
              121.568740768,
              25.024205825
            ],
            [
              121.568686996,
              25.024206031
            ],
            [
              121.568457884,
              25.024266773
            ],
            [
              121.568403812,
              25.02438671
            ],
            [
              121.568211798,
              25.024320362
            ],
            [
              121.568055418,
              25.024266328
            ],
            [
              121.567463426,
              25.024759913
            ],
            [
              121.568211196,
              25.025098867
            ],
            [
              121.568594888,
              25.025272786
            ],
            [
              121.569023305,
              25.025466978
            ],
            [
              121.569119937,
              25.025435361
            ],
            [
              121.569267658,
              25.025499499
            ],
            [
              121.569483399,
              25.025593172
            ],
            [
              121.569899508,
              25.025773837
            ],
            [
              121.570327461,
              25.025959644
            ],
            [
              121.570433761,
              25.025758199
            ],
            [
              121.570452191,
              25.025648981
            ],
            [
              121.57048069,
              25.025655371
            ],
            [
              121.570679962,
              25.025700055
            ],
            [
              121.570684714,
              25.025701122
            ],
            [
              121.57071038,
              25.025706878
            ],
            [
              121.570783407,
              25.025563575
            ],
            [
              121.570989714,
              25.025677131
            ],
            [
              121.57100392,
              25.02568785
            ],
            [
              121.571013918,
              25.025695393
            ],
            [
              121.571038436,
              25.025713895
            ],
            [
              121.571454795,
              25.026062526
            ],
            [
              121.571675754,
              25.026461933
            ],
            [
              121.572289029,
              25.026643624
            ],
            [
              121.572890363,
              25.026821776
            ],
            [
              121.57411243,
              25.026746065
            ],
            [
              121.575597181,
              25.026654066
            ],
            [
              121.576828162,
              25.026257157
            ]
          ]
        ]
      }
    },
    {
      "type": "Feature",
      "properties": {
        "dataset_slug": "tw.openfun~entity~geo",
        "record_id": "63000020-033"
      },
      "geometry": {
        "type": "Polygon",
        "coordinates": [
          [
            [
              121.576298179,
              25.014230624
            ],
            [
              121.576194512,
              25.014248201
            ],
            [
              121.576140777,
              25.014233747
            ],
            [
              121.576016822,
              25.014121847
            ],
            [
              121.575957537,
              25.014068323
            ],
            [
              121.575752465,
              25.013824802
            ],
            [
              121.575693178,
              25.013771279
            ],
            [
              121.575568995,
              25.013610508
            ],
            [
              121.575374654,
              25.013366936
            ],
            [
              121.575336745,
              25.013293792
            ],
            [
              121.575229097,
              25.013225794
            ],
            [
              121.575137682,
              25.013187057
            ],
            [
              121.57498651,
              25.013176635
            ],
            [
              121.574869269,
              25.013168552
            ],
            [
              121.574627636,
              25.013180697
            ],
            [
              121.574549418,
              25.013184629
            ],
            [
              121.574141546,
              25.01318133
            ],
            [
              121.57380876,
              25.013167956
            ],
            [
              121.573486889,
              25.013193647
            ],
            [
              121.573245466,
              25.013209229
            ],
            [
              121.573121801,
              25.013243876
            ],
            [
              121.573068602,
              25.01325878
            ],
            [
              121.57303043,
              25.013270932
            ],
            [
              121.572913205,
              25.01330825
            ],
            [
              121.572790051,
              25.013367361
            ],
            [
              121.572634974,
              25.013485242
            ],
            [
              121.572517254,
              25.013558986
            ],
            [
              121.572388528,
              25.013574144
            ],
            [
              121.572350801,
              25.01354008
            ],
            [
              121.572207317,
              25.013362041
            ],
            [
              121.572184042,
              25.013333161
            ],
            [
              121.572008929,
              25.013374336
            ],
            [
              121.569922639,
              25.01386489
            ],
            [
              121.569713489,
              25.013914067
            ],
            [
              121.568167556,
              25.014685694
            ],
            [
              121.567381907,
              25.015077828
            ],
            [
              121.56726061,
              25.015272157
            ],
            [
              121.567020623,
              25.015656632
            ],
            [
              121.566830354,
              25.015937316
            ],
            [
              121.566726323,
              25.016209246
            ],
            [
              121.566530233,
              25.016721813
            ],
            [
              121.566508572,
              25.016778431
            ],
            [
              121.566336004,
              25.016957264
            ],
            [
              121.565593443,
              25.017726782
            ],
            [
              121.566815512,
              25.019099793
            ],
            [
              121.566865378,
              25.019149479
            ],
            [
              121.56696405,
              25.019247792
            ],
            [
              121.567211452,
              25.019458436
            ],
            [
              121.567463964,
              25.01970958
            ],
            [
              121.567672099,
              25.019956396
            ],
            [
              121.567875498,
              25.02024374
            ],
            [
              121.568750909,
              25.021684098
            ],
            [
              121.568911783,
              25.02194879
            ],
            [
              121.569014858,
              25.022118381
            ],
            [
              121.569163476,
              25.022362905
            ],
            [
              121.569242948,
              25.022493658
            ],
            [
              121.569393205,
              25.022740876
            ],
            [
              121.569467685,
              25.022863419
            ],
            [
              121.569548432,
              25.022996269
            ],
            [
              121.569620382,
              25.023114651
            ],
            [
              121.569693307,
              25.02323463
            ],
            [
              121.569776885,
              25.02337214
            ],
            [
              121.569936533,
              25.023634805
            ],
            [
              121.57001572,
              25.023669233
            ],
            [
              121.570067896,
              25.023691918
            ],
            [
              121.570079761,
              25.023697279
            ],
            [
              121.570336693,
              25.023835857
            ],
            [
              121.570465065,
              25.023884882
            ],
            [
              121.570594923,
              25.023787942
            ],
            [
              121.570902028,
              25.023514039
            ],
            [
              121.570910399,
              25.023504958
            ],
            [
              121.571016646,
              25.023389709
            ],
            [
              121.571199422,
              25.023191451
            ],
            [
              121.571206078,
              25.023184231
            ],
            [
              121.57152091,
              25.022930399
            ],
            [
              121.571674785,
              25.022788657
            ],
            [
              121.571741205,
              25.022727477
            ],
            [
              121.57183409,
              25.022661342
            ],
            [
              121.571849276,
              25.02265053
            ],
            [
              121.57200912,
              25.022540062
            ],
            [
              121.572320928,
              25.022324571
            ],
            [
              121.572346988,
              25.022264963
            ],
            [
              121.572413589,
              25.022112624
            ],
            [
              121.573178707,
              25.021376587
            ],
            [
              121.573186901,
              25.021368704
            ],
            [
              121.573316215,
              25.021245714
            ],
            [
              121.573493098,
              25.021077516
            ],
            [
              121.573663482,
              25.020879892
            ],
            [
              121.57378243,
              25.020380969
            ],
            [
              121.573761714,
              25.020190797
            ],
            [
              121.573740214,
              25.019993451
            ],
            [
              121.573678462,
              25.019753688
            ],
            [
              121.573475492,
              25.019569859
            ],
            [
              121.573469186,
              25.019509331
            ],
            [
              121.573466981,
              25.019488168
            ],
            [
              121.573412036,
              25.018960875
            ],
            [
              121.573552277,
              25.018838144
            ],
            [
              121.573814618,
              25.018608555
            ],
            [
              121.573833372,
              25.018294642
            ],
            [
              121.573968865,
              25.018160215
            ],
            [
              121.574094906,
              25.018035167
            ],
            [
              121.574033154,
              25.017795406
            ],
            [
              121.574334252,
              25.017351172
            ],
            [
              121.574533183,
              25.017080465
            ],
            [
              121.574560442,
              25.017019557
            ],
            [
              121.574626456,
              25.016901883
            ],
            [
              121.574701528,
              25.016754823
            ],
            [
              121.574753829,
              25.016649788
            ],
            [
              121.574781137,
              25.016599361
            ],
            [
              121.574820966,
              25.016507835
            ],
            [
              121.574856081,
              25.016427141
            ],
            [
              121.574915062,
              25.016275955
            ],
            [
              121.574981621,
              25.016122061
            ],
            [
              121.5750059,
              25.016065928
            ],
            [
              121.575074222,
              25.015950339
            ],
            [
              121.575110217,
              25.01579295
            ],
            [
              121.575113994,
              25.015618911
            ],
            [
              121.575152335,
              25.015474089
            ],
            [
              121.576129861,
              25.014413283
            ],
            [
              121.576298179,
              25.014230624
            ]
          ]
        ]
      }
    },
    {
      "type": "Feature",
      "properties": {
        "dataset_slug": "tw.openfun~entity~geo",
        "record_id": "63000020-034"
      },
      "geometry": {
        "type": "Polygon",
        "coordinates": [
          [
            [
              121.560426186,
              25.032981706
            ],
            [
              121.560412245,
              25.03250181
            ],
            [
              121.560412051,
              25.032493009
            ],
            [
              121.560402564,
              25.032063157
            ],
            [
              121.560332704,
              25.031912517
            ],
            [
              121.560191238,
              25.031221675
            ],
            [
              121.560485013,
              25.031174
            ],
            [
              121.561288293,
              25.031043634
            ],
            [
              121.561287371,
              25.03084105
            ],
            [
              121.56128681,
              25.030717796
            ],
            [
              121.561286797,
              25.030714939
            ],
            [
              121.561286681,
              25.030689263
            ],
            [
              121.561061085,
              25.030549407
            ],
            [
              121.560870412,
              25.030431201
            ],
            [
              121.560839029,
              25.030411745
            ],
            [
              121.561458063,
              25.029673295
            ],
            [
              121.561347601,
              25.029612937
            ],
            [
              121.561252778,
              25.029549713
            ],
            [
              121.56107784,
              25.029433072
            ],
            [
              121.560704308,
              25.029184017
            ],
            [
              121.560699461,
              25.029180521
            ],
            [
              121.560695048,
              25.029177339
            ],
            [
              121.560562926,
              25.029082064
            ],
            [
              121.560342238,
              25.028922921
            ],
            [
              121.560338774,
              25.028920421
            ],
            [
              121.55991655,
              25.028648557
            ],
            [
              121.559880859,
              25.028633598
            ],
            [
              121.559875811,
              25.028797283
            ],
            [
              121.559491448,
              25.028993059
            ],
            [
              121.559058283,
              25.028281791
            ],
            [
              121.558135416,
              25.028714757
            ],
            [
              121.558080093,
              25.028743106
            ],
            [
              121.557727341,
              25.028923836
            ],
            [
              121.558114068,
              25.029577304
            ],
            [
              121.557906332,
              25.029685193
            ],
            [
              121.557655556,
              25.029815435
            ],
            [
              121.557779972,
              25.030022311
            ],
            [
              121.557937792,
              25.030284728
            ],
            [
              121.558968248,
              25.031998106
            ],
            [
              121.559387557,
              25.032695291
            ],
            [
              121.559563399,
              25.032987659
            ],
            [
              121.560426186,
              25.032981706
            ]
          ]
        ]
      }
    },
    {
      "type": "Feature",
      "properties": {
        "dataset_slug": "tw.openfun~entity~geo",
        "record_id": "63000020-035"
      },
      "geometry": {
        "type": "Polygon",
        "coordinates": [
          [
            [
              121.563141362,
              25.027677053
            ],
            [
              121.561892934,
              25.026699514
            ],
            [
              121.561596064,
              25.026467056
            ],
            [
              121.561582632,
              25.026455989
            ],
            [
              121.560920234,
              25.025910286
            ],
            [
              121.560712919,
              25.025739491
            ],
            [
              121.559949216,
              25.025119791
            ],
            [
              121.559768993,
              25.025181771
            ],
            [
              121.559734255,
              25.025175563
            ],
            [
              121.559372822,
              25.025077581
            ],
            [
              121.55918754,
              25.024963162
            ],
            [
              121.55907346,
              25.024892712
            ],
            [
              121.559038674,
              25.024875934
            ],
            [
              121.559010909,
              25.024876038
            ],
            [
              121.558724442,
              25.024980686
            ],
            [
              121.558700361,
              25.024991087
            ],
            [
              121.558329515,
              25.025151258
            ],
            [
              121.557643799,
              25.025185156
            ],
            [
              121.557589183,
              25.025187858
            ],
            [
              121.557419219,
              25.025270849
            ],
            [
              121.557161024,
              25.025183506
            ],
            [
              121.556907636,
              25.02538208
            ],
            [
              121.556869605,
              25.025357775
            ],
            [
              121.556834017,
              25.025380325
            ],
            [
              121.556700809,
              25.025519359
            ],
            [
              121.556803833,
              25.025612693
            ],
            [
              121.557431469,
              25.026023941
            ],
            [
              121.557460116,
              25.026054211
            ],
            [
              121.557492361,
              25.02608828
            ],
            [
              121.557513303,
              25.026254237
            ],
            [
              121.557549125,
              25.026360182
            ],
            [
              121.557610175,
              25.026461419
            ],
            [
              121.557655603,
              25.026504361
            ],
            [
              121.557726812,
              25.026571674
            ],
            [
              121.557888661,
              25.026631022
            ],
            [
              121.5580304,
              25.026708897
            ],
            [
              121.558108434,
              25.026788798
            ],
            [
              121.55814708,
              25.026828369
            ],
            [
              121.558208161,
              25.026934219
            ],
            [
              121.558238973,
              25.027049409
            ],
            [
              121.558234638,
              25.027206234
            ],
            [
              121.558221858,
              25.027282191
            ],
            [
              121.558219884,
              25.027293924
            ],
            [
              121.558179946,
              25.02739554
            ],
            [
              121.558124857,
              25.027497214
            ],
            [
              121.558082156,
              25.02755624
            ],
            [
              121.55806464,
              25.027580453
            ],
            [
              121.558060756,
              25.027838742
            ],
            [
              121.55806065,
              25.027844127
            ],
            [
              121.558060431,
              25.027855489
            ],
            [
              121.558052576,
              25.028263091
            ],
            [
              121.558064147,
              25.028295394
            ],
            [
              121.558103717,
              25.028405865
            ],
            [
              121.558124599,
              25.028557991
            ],
            [
              121.558127824,
              25.028604764
            ],
            [
              121.558130548,
              25.028644249
            ],
            [
              121.558135416,
              25.028714757
            ],
            [
              121.559058283,
              25.028281791
            ],
            [
              121.559491448,
              25.028993059
            ],
            [
              121.559875811,
              25.028797283
            ],
            [
              121.559880859,
              25.028633598
            ],
            [
              121.55991655,
              25.028648557
            ],
            [
              121.560338774,
              25.028920421
            ],
            [
              121.560342238,
              25.028922921
            ],
            [
              121.560562926,
              25.029082064
            ],
            [
              121.560695048,
              25.029177339
            ],
            [
              121.560699461,
              25.029180521
            ],
            [
              121.560704308,
              25.029184017
            ],
            [
              121.56107784,
              25.029433072
            ],
            [
              121.561252778,
              25.029549713
            ],
            [
              121.561347601,
              25.029612937
            ],
            [
              121.561458063,
              25.029673295
            ],
            [
              121.561533046,
              25.029590785
            ],
            [
              121.56178688,
              25.029311481
            ],
            [
              121.561831062,
              25.029267465
            ],
            [
              121.561836835,
              25.029260458
            ],
            [
              121.56221352,
              25.028803252
            ],
            [
              121.562554043,
              25.028389935
            ],
            [
              121.562719219,
              25.028189447
            ],
            [
              121.563141362,
              25.027677053
            ]
          ]
        ]
      }
    },
    {
      "type": "Feature",
      "properties": {
        "dataset_slug": "tw.openfun~entity~geo",
        "record_id": "63000020-036"
      },
      "geometry": {
        "type": "Polygon",
        "coordinates": [
          [
            [
              121.564495146,
              25.026035926
            ],
            [
              121.564359125,
              25.02589641
            ],
            [
              121.564349845,
              25.025673144
            ],
            [
              121.564321974,
              25.025002651
            ],
            [
              121.564321074,
              25.024980976
            ],
            [
              121.564179818,
              25.024989746
            ],
            [
              121.564103944,
              25.024637587
            ],
            [
              121.564706163,
              25.024043938
            ],
            [
              121.564587576,
              25.023958803
            ],
            [
              121.564558331,
              25.023940317
            ],
            [
              121.565188034,
              25.023892746
            ],
            [
              121.565182883,
              25.023722045
            ],
            [
              121.565167507,
              25.02354938
            ],
            [
              121.565123348,
              25.023459204
            ],
            [
              121.56505611,
              25.023422264
            ],
            [
              121.565015083,
              25.023379899
            ],
            [
              121.564995736,
              25.02330502
            ],
            [
              121.565014524,
              25.023257671
            ],
            [
              121.565158677,
              25.022893094
            ],
            [
              121.565184356,
              25.022662898
            ],
            [
              121.565040663,
              25.02229427
            ],
            [
              121.564875441,
              25.021995575
            ],
            [
              121.564633898,
              25.021727097
            ],
            [
              121.564283585,
              25.02155881
            ],
            [
              121.563962908,
              25.021353876
            ],
            [
              121.563911096,
              25.021320765
            ],
            [
              121.563669964,
              25.021142076
            ],
            [
              121.562706769,
              25.020716698
            ],
            [
              121.561930717,
              25.020609882
            ],
            [
              121.561532043,
              25.020438959
            ],
            [
              121.561122535,
              25.02026339
            ],
            [
              121.561126061,
              25.020283668
            ],
            [
              121.561564537,
              25.021690161
            ],
            [
              121.561147049,
              25.022243256
            ],
            [
              121.561077965,
              25.022328421
            ],
            [
              121.560941223,
              25.022496992
            ],
            [
              121.560934849,
              25.022504849
            ],
            [
              121.560697129,
              25.022779551
            ],
            [
              121.560658141,
              25.022826733
            ],
            [
              121.560769886,
              25.022906549
            ],
            [
              121.560903139,
              25.023001728
            ],
            [
              121.560735116,
              25.023210795
            ],
            [
              121.560333709,
              25.023672637
            ],
            [
              121.560188687,
              25.023840157
            ],
            [
              121.560257496,
              25.024723382
            ],
            [
              121.560008384,
              25.025043708
            ],
            [
              121.559949216,
              25.025119791
            ],
            [
              121.560712919,
              25.025739491
            ],
            [
              121.560920234,
              25.025910286
            ],
            [
              121.561582632,
              25.026455989
            ],
            [
              121.561596064,
              25.026467056
            ],
            [
              121.561892934,
              25.026699514
            ],
            [
              121.563141362,
              25.027677053
            ],
            [
              121.563918113,
              25.026764693
            ],
            [
              121.563926174,
              25.026755226
            ],
            [
              121.564172246,
              25.02646619
            ],
            [
              121.564197606,
              25.026436402
            ],
            [
              121.564254442,
              25.026425805
            ],
            [
              121.564200488,
              25.026238949
            ],
            [
              121.56434437,
              25.026186445
            ],
            [
              121.564419886,
              25.026113412
            ],
            [
              121.564495146,
              25.026035926
            ]
          ]
        ]
      }
    },
    {
      "type": "Feature",
      "properties": {
        "dataset_slug": "tw.openfun~entity~geo",
        "record_id": "63000020-037"
      },
      "geometry": {
        "type": "Polygon",
        "coordinates": [
          [
            [
              121.558135416,
              25.028714757
            ],
            [
              121.558130548,
              25.028644249
            ],
            [
              121.558127824,
              25.028604764
            ],
            [
              121.558124599,
              25.028557991
            ],
            [
              121.558103717,
              25.028405865
            ],
            [
              121.558064147,
              25.028295394
            ],
            [
              121.558052576,
              25.028263091
            ],
            [
              121.558060431,
              25.027855489
            ],
            [
              121.55806065,
              25.027844127
            ],
            [
              121.558060756,
              25.027838742
            ],
            [
              121.55806464,
              25.027580453
            ],
            [
              121.558082156,
              25.02755624
            ],
            [
              121.558124857,
              25.027497214
            ],
            [
              121.558179946,
              25.02739554
            ],
            [
              121.558219884,
              25.027293924
            ],
            [
              121.558221858,
              25.027282191
            ],
            [
              121.558234638,
              25.027206234
            ],
            [
              121.558238973,
              25.027049409
            ],
            [
              121.558208161,
              25.026934219
            ],
            [
              121.55814708,
              25.026828369
            ],
            [
              121.558108434,
              25.026788798
            ],
            [
              121.5580304,
              25.026708897
            ],
            [
              121.557888661,
              25.026631022
            ],
            [
              121.557726812,
              25.026571674
            ],
            [
              121.557655603,
              25.026504361
            ],
            [
              121.557610175,
              25.026461419
            ],
            [
              121.557549125,
              25.026360182
            ],
            [
              121.557513303,
              25.026254237
            ],
            [
              121.557492361,
              25.02608828
            ],
            [
              121.557460116,
              25.026054211
            ],
            [
              121.557431469,
              25.026023941
            ],
            [
              121.556803833,
              25.025612693
            ],
            [
              121.556433921,
              25.025732754
            ],
            [
              121.556477926,
              25.025851713
            ],
            [
              121.556581305,
              25.025988497
            ],
            [
              121.556697213,
              25.02627325
            ],
            [
              121.556464286,
              25.026331885
            ],
            [
              121.556524203,
              25.026472442
            ],
            [
              121.55628774,
              25.026621335
            ],
            [
              121.556178024,
              25.026831124
            ],
            [
              121.556063786,
              25.026914582
            ],
            [
              121.556111534,
              25.026986601
            ],
            [
              121.55613562,
              25.027069533
            ],
            [
              121.556179342,
              25.027123519
            ],
            [
              121.556157429,
              25.027145882
            ],
            [
              121.556033778,
              25.02727207
            ],
            [
              121.556050139,
              25.027435991
            ],
            [
              121.55599298,
              25.02745008
            ],
            [
              121.556023361,
              25.027478296
            ],
            [
              121.556207731,
              25.027649527
            ],
            [
              121.556410931,
              25.027846607
            ],
            [
              121.55659855,
              25.028076425
            ],
            [
              121.556621902,
              25.028105029
            ],
            [
              121.55685572,
              25.028445243
            ],
            [
              121.556999288,
              25.028710743
            ],
            [
              121.55707474,
              25.028826425
            ],
            [
              121.557258212,
              25.029171874
            ],
            [
              121.557292674,
              25.02923398
            ],
            [
              121.557363978,
              25.029362483
            ],
            [
              121.557367597,
              25.02938566
            ],
            [
              121.557380064,
              25.029382576
            ],
            [
              121.557393269,
              25.029379309
            ],
            [
              121.557655556,
              25.029815435
            ],
            [
              121.557906332,
              25.029685193
            ],
            [
              121.558114068,
              25.029577304
            ],
            [
              121.557727341,
              25.028923836
            ],
            [
              121.558080093,
              25.028743106
            ],
            [
              121.558135416,
              25.028714757
            ]
          ]
        ]
      }
    },
    {
      "type": "Feature",
      "properties": {
        "dataset_slug": "tw.openfun~entity~geo",
        "record_id": "63000020-038"
      },
      "geometry": {
        "type": "Polygon",
        "coordinates": [
          [
            [
              121.556803833,
              25.025612693
            ],
            [
              121.556700809,
              25.025519359
            ],
            [
              121.556834017,
              25.025380325
            ],
            [
              121.556869605,
              25.025357775
            ],
            [
              121.556907636,
              25.02538208
            ],
            [
              121.557161024,
              25.025183506
            ],
            [
              121.557419219,
              25.025270849
            ],
            [
              121.557589183,
              25.025187858
            ],
            [
              121.557643799,
              25.025185156
            ],
            [
              121.558329515,
              25.025151258
            ],
            [
              121.558700361,
              25.024991087
            ],
            [
              121.558724442,
              25.024980686
            ],
            [
              121.559010909,
              25.024876038
            ],
            [
              121.559038674,
              25.024875934
            ],
            [
              121.55907346,
              25.024892712
            ],
            [
              121.55918754,
              25.024963162
            ],
            [
              121.559372822,
              25.025077581
            ],
            [
              121.559734255,
              25.025175563
            ],
            [
              121.559768993,
              25.025181771
            ],
            [
              121.559949216,
              25.025119791
            ],
            [
              121.560008384,
              25.025043708
            ],
            [
              121.560257496,
              25.024723382
            ],
            [
              121.560188687,
              25.023840157
            ],
            [
              121.560333709,
              25.023672637
            ],
            [
              121.560735116,
              25.023210795
            ],
            [
              121.560903139,
              25.023001728
            ],
            [
              121.560769886,
              25.022906549
            ],
            [
              121.560658141,
              25.022826733
            ],
            [
              121.560697129,
              25.022779551
            ],
            [
              121.560934849,
              25.022504849
            ],
            [
              121.560941223,
              25.022496992
            ],
            [
              121.561077965,
              25.022328421
            ],
            [
              121.561147049,
              25.022243256
            ],
            [
              121.561564537,
              25.021690161
            ],
            [
              121.561126061,
              25.020283668
            ],
            [
              121.561122535,
              25.02026339
            ],
            [
              121.561097427,
              25.020661185
            ],
            [
              121.561086923,
              25.020827605
            ],
            [
              121.561072799,
              25.020875692
            ],
            [
              121.561027468,
              25.021030041
            ],
            [
              121.560935235,
              25.021344076
            ],
            [
              121.560842129,
              25.021428546
            ],
            [
              121.560554563,
              25.021689437
            ],
            [
              121.560333453,
              25.021719141
            ],
            [
              121.560042902,
              25.021758174
            ],
            [
              121.560035715,
              25.02175914
            ],
            [
              121.559921002,
              25.022003213
            ],
            [
              121.559849245,
              25.022155885
            ],
            [
              121.559842815,
              25.022164775
            ],
            [
              121.55970184,
              25.02235967
            ],
            [
              121.559400659,
              25.022498737
            ],
            [
              121.559398378,
              25.022501035
            ],
            [
              121.559372778,
              25.022526815
            ],
            [
              121.559339459,
              25.022563502
            ],
            [
              121.559291812,
              25.022606203
            ],
            [
              121.55929067,
              25.022607226
            ],
            [
              121.559246455,
              25.022630755
            ],
            [
              121.559112589,
              25.022689665
            ],
            [
              121.559111783,
              25.022690094
            ],
            [
              121.559104946,
              25.022693723
            ],
            [
              121.559060229,
              25.022717472
            ],
            [
              121.559025349,
              25.022742028
            ],
            [
              121.558987032,
              25.022780401
            ],
            [
              121.558946436,
              25.022830465
            ],
            [
              121.558900095,
              25.022899665
            ],
            [
              121.558878115,
              25.022932727
            ],
            [
              121.558858139,
              25.022962776
            ],
            [
              121.558819661,
              25.023014159
            ],
            [
              121.558729156,
              25.023118568
            ],
            [
              121.558693226,
              25.023168614
            ],
            [
              121.558653198,
              25.023207454
            ],
            [
              121.558606688,
              25.023239488
            ],
            [
              121.55856826,
              25.023253436
            ],
            [
              121.558469203,
              25.023271861
            ],
            [
              121.558395764,
              25.023281695
            ],
            [
              121.558257021,
              25.023293898
            ],
            [
              121.558120572,
              25.023297596
            ],
            [
              121.55792232,
              25.023304713
            ],
            [
              121.557753086,
              25.023309112
            ],
            [
              121.557637087,
              25.023317701
            ],
            [
              121.55737254,
              25.023354363
            ],
            [
              121.557173035,
              25.0233789
            ],
            [
              121.556948009,
              25.023518469
            ],
            [
              121.556823153,
              25.023562871
            ],
            [
              121.556796071,
              25.023572502
            ],
            [
              121.556779036,
              25.023578561
            ],
            [
              121.556202075,
              25.023819328
            ],
            [
              121.556195841,
              25.02382193
            ],
            [
              121.555777489,
              25.023996507
            ],
            [
              121.555521798,
              25.024103205
            ],
            [
              121.555513348,
              25.024106732
            ],
            [
              121.555427632,
              25.024142501
            ],
            [
              121.555202283,
              25.024210728
            ],
            [
              121.554889886,
              25.024223787
            ],
            [
              121.554880051,
              25.024224352
            ],
            [
              121.554406803,
              25.024251613
            ],
            [
              121.553910801,
              25.02428018
            ],
            [
              121.55390578,
              25.024280471
            ],
            [
              121.552902873,
              25.024338232
            ],
            [
              121.552671056,
              25.024331687
            ],
            [
              121.552647437,
              25.024360605
            ],
            [
              121.552623756,
              25.024389599
            ],
            [
              121.552962303,
              25.024695318
            ],
            [
              121.553353515,
              25.025048594
            ],
            [
              121.553714639,
              25.025374678
            ],
            [
              121.553751196,
              25.02540982
            ],
            [
              121.553947923,
              25.025598933
            ],
            [
              121.554256385,
              25.02587746
            ],
            [
              121.554778269,
              25.026358776
            ],
            [
              121.554988955,
              25.026555814
            ],
            [
              121.555432903,
              25.026970275
            ],
            [
              121.55574892,
              25.027262423
            ],
            [
              121.555944377,
              25.02740494
            ],
            [
              121.555946676,
              25.027407076
            ],
            [
              121.55599298,
              25.02745008
            ],
            [
              121.556050139,
              25.027435991
            ],
            [
              121.556033778,
              25.02727207
            ],
            [
              121.556157429,
              25.027145882
            ],
            [
              121.556179342,
              25.027123519
            ],
            [
              121.55613562,
              25.027069533
            ],
            [
              121.556111534,
              25.026986601
            ],
            [
              121.556063786,
              25.026914582
            ],
            [
              121.556178024,
              25.026831124
            ],
            [
              121.55628774,
              25.026621335
            ],
            [
              121.556524203,
              25.026472442
            ],
            [
              121.556464286,
              25.026331885
            ],
            [
              121.556697213,
              25.02627325
            ],
            [
              121.556581305,
              25.025988497
            ],
            [
              121.556477926,
              25.025851713
            ],
            [
              121.556433921,
              25.025732754
            ],
            [
              121.556803833,
              25.025612693
            ]
          ]
        ]
      }
    },
    {
      "type": "Feature",
      "properties": {
        "dataset_slug": "tw.openfun~entity~geo",
        "record_id": "63000020-039"
      },
      "geometry": {
        "type": "Polygon",
        "coordinates": [
          [
            [
              121.558878115,
              25.022932727
            ],
            [
              121.558857255,
              25.02292248
            ],
            [
              121.558745539,
              25.022837477
            ],
            [
              121.558864255,
              25.022597328
            ],
            [
              121.55911983,
              25.022341016
            ],
            [
              121.559148025,
              25.022267955
            ],
            [
              121.559174147,
              25.022036289
            ],
            [
              121.559177393,
              25.022007494
            ],
            [
              121.559145567,
              25.021911479
            ],
            [
              121.559123003,
              25.021867707
            ],
            [
              121.559102865,
              25.021853162
            ],
            [
              121.559082773,
              25.02184854
            ],
            [
              121.559047804,
              25.021851282
            ],
            [
              121.559027191,
              25.021858146
            ],
            [
              121.559007745,
              25.021869706
            ],
            [
              121.558952015,
              25.021933578
            ],
            [
              121.558915331,
              25.021930364
            ],
            [
              121.558888063,
              25.021927977
            ],
            [
              121.558798441,
              25.021920129
            ],
            [
              121.558051067,
              25.021534569
            ],
            [
              121.557471415,
              25.021235528
            ],
            [
              121.556982788,
              25.020983445
            ],
            [
              121.556602221,
              25.020665166
            ],
            [
              121.556405244,
              25.020853858
            ],
            [
              121.555911093,
              25.02132154
            ],
            [
              121.555562953,
              25.021636865
            ],
            [
              121.555205547,
              25.021964964
            ],
            [
              121.554987427,
              25.022173711
            ],
            [
              121.554738647,
              25.022402091
            ],
            [
              121.554704653,
              25.022433298
            ],
            [
              121.554634661,
              25.022497549
            ],
            [
              121.554356217,
              25.022765935
            ],
            [
              121.554124188,
              25.022991708
            ],
            [
              121.553892141,
              25.023211342
            ],
            [
              121.553695704,
              25.023368638
            ],
            [
              121.553563621,
              25.023491541
            ],
            [
              121.5533696,
              25.023629616
            ],
            [
              121.552959078,
              25.02397905
            ],
            [
              121.552671056,
              25.024331687
            ],
            [
              121.552902873,
              25.024338232
            ],
            [
              121.55390578,
              25.024280471
            ],
            [
              121.553910801,
              25.02428018
            ],
            [
              121.554406803,
              25.024251613
            ],
            [
              121.554880051,
              25.024224352
            ],
            [
              121.554889886,
              25.024223787
            ],
            [
              121.555202283,
              25.024210728
            ],
            [
              121.555427632,
              25.024142501
            ],
            [
              121.555513348,
              25.024106732
            ],
            [
              121.555521798,
              25.024103205
            ],
            [
              121.555777489,
              25.023996507
            ],
            [
              121.556195841,
              25.02382193
            ],
            [
              121.556202075,
              25.023819328
            ],
            [
              121.556779036,
              25.023578561
            ],
            [
              121.556796071,
              25.023572502
            ],
            [
              121.556823153,
              25.023562871
            ],
            [
              121.556948009,
              25.023518469
            ],
            [
              121.557173035,
              25.0233789
            ],
            [
              121.55737254,
              25.023354363
            ],
            [
              121.557637087,
              25.023317701
            ],
            [
              121.557753086,
              25.023309112
            ],
            [
              121.55792232,
              25.023304713
            ],
            [
              121.558120572,
              25.023297596
            ],
            [
              121.558257021,
              25.023293898
            ],
            [
              121.558395764,
              25.023281695
            ],
            [
              121.558469203,
              25.023271861
            ],
            [
              121.55856826,
              25.023253436
            ],
            [
              121.558606688,
              25.023239488
            ],
            [
              121.558653198,
              25.023207454
            ],
            [
              121.558693226,
              25.023168614
            ],
            [
              121.558729156,
              25.023118568
            ],
            [
              121.558819661,
              25.023014159
            ],
            [
              121.558858139,
              25.022962776
            ],
            [
              121.558878115,
              25.022932727
            ]
          ]
        ]
      }
    },
    {
      "type": "Feature",
      "properties": {
        "dataset_slug": "tw.openfun~entity~geo",
        "record_id": "63000020-040"
      },
      "geometry": {
        "type": "Polygon",
        "coordinates": [
          [
            [
              121.561122535,
              25.02026339
            ],
            [
              121.56137194,
              25.020033685
            ],
            [
              121.561351718,
              25.019929118
            ],
            [
              121.561424733,
              25.019774796
            ],
            [
              121.561518769,
              25.019610772
            ],
            [
              121.561528688,
              25.019475947
            ],
            [
              121.561506222,
              25.019167949
            ],
            [
              121.560620605,
              25.01894023
            ],
            [
              121.560565944,
              25.018497567
            ],
            [
              121.560070614,
              25.018412783
            ],
            [
              121.560216689,
              25.018113774
            ],
            [
              121.560190572,
              25.018102235
            ],
            [
              121.559762965,
              25.017913301
            ],
            [
              121.559689949,
              25.018067622
            ],
            [
              121.559768187,
              25.018140681
            ],
            [
              121.559492008,
              25.018540129
            ],
            [
              121.559439304,
              25.018530694
            ],
            [
              121.559207114,
              25.018416037
            ],
            [
              121.559067799,
              25.018554337
            ],
            [
              121.558951073,
              25.018457243
            ],
            [
              121.558694832,
              25.018727103
            ],
            [
              121.558461509,
              25.018949871
            ],
            [
              121.558233024,
              25.019144788
            ],
            [
              121.558198309,
              25.019176795
            ],
            [
              121.558086877,
              25.019270574
            ],
            [
              121.55785486,
              25.019496351
            ],
            [
              121.557570153,
              25.019758883
            ],
            [
              121.557106039,
              25.020193467
            ],
            [
              121.556725453,
              25.020547113
            ],
            [
              121.556623193,
              25.020645076
            ],
            [
              121.556602221,
              25.020665166
            ],
            [
              121.556982788,
              25.020983445
            ],
            [
              121.557471415,
              25.021235528
            ],
            [
              121.558051067,
              25.021534569
            ],
            [
              121.558798441,
              25.021920129
            ],
            [
              121.558888063,
              25.021927977
            ],
            [
              121.558915331,
              25.021930364
            ],
            [
              121.558952015,
              25.021933578
            ],
            [
              121.559007745,
              25.021869706
            ],
            [
              121.559027191,
              25.021858146
            ],
            [
              121.559047804,
              25.021851282
            ],
            [
              121.559082773,
              25.02184854
            ],
            [
              121.559102865,
              25.021853162
            ],
            [
              121.559123003,
              25.021867707
            ],
            [
              121.559145567,
              25.021911479
            ],
            [
              121.559177393,
              25.022007494
            ],
            [
              121.559174147,
              25.022036289
            ],
            [
              121.559148025,
              25.022267955
            ],
            [
              121.55911983,
              25.022341016
            ],
            [
              121.558864255,
              25.022597328
            ],
            [
              121.558745539,
              25.022837477
            ],
            [
              121.558857255,
              25.02292248
            ],
            [
              121.558878115,
              25.022932727
            ],
            [
              121.558900095,
              25.022899665
            ],
            [
              121.558946436,
              25.022830465
            ],
            [
              121.558987032,
              25.022780401
            ],
            [
              121.559025349,
              25.022742028
            ],
            [
              121.559060229,
              25.022717472
            ],
            [
              121.559104946,
              25.022693723
            ],
            [
              121.559111783,
              25.022690094
            ],
            [
              121.559112589,
              25.022689665
            ],
            [
              121.559246455,
              25.022630755
            ],
            [
              121.55929067,
              25.022607226
            ],
            [
              121.559291812,
              25.022606203
            ],
            [
              121.559339459,
              25.022563502
            ],
            [
              121.559372778,
              25.022526815
            ],
            [
              121.559398378,
              25.022501035
            ],
            [
              121.559400659,
              25.022498737
            ],
            [
              121.55970184,
              25.02235967
            ],
            [
              121.559842815,
              25.022164775
            ],
            [
              121.559849245,
              25.022155885
            ],
            [
              121.559921002,
              25.022003213
            ],
            [
              121.560035715,
              25.02175914
            ],
            [
              121.560042902,
              25.021758174
            ],
            [
              121.560333453,
              25.021719141
            ],
            [
              121.560554563,
              25.021689437
            ],
            [
              121.560842129,
              25.021428546
            ],
            [
              121.560935235,
              25.021344076
            ],
            [
              121.561027468,
              25.021030041
            ],
            [
              121.561072799,
              25.020875692
            ],
            [
              121.561086923,
              25.020827605
            ],
            [
              121.561097427,
              25.020661185
            ],
            [
              121.561122535,
              25.02026339
            ]
          ]
        ]
      }
    },
    {
      "type": "Feature",
      "properties": {
        "dataset_slug": "tw.openfun~entity~geo",
        "record_id": "63000020-041"
      },
      "geometry": {
        "type": "Polygon",
        "coordinates": [
          [
            [
              121.565593443,
              25.017726782
            ],
            [
              121.566336004,
              25.016957264
            ],
            [
              121.566508572,
              25.016778431
            ],
            [
              121.566530233,
              25.016721813
            ],
            [
              121.566726323,
              25.016209246
            ],
            [
              121.566830354,
              25.015937316
            ],
            [
              121.567020623,
              25.015656632
            ],
            [
              121.56726061,
              25.015272157
            ],
            [
              121.567381907,
              25.015077828
            ],
            [
              121.568167556,
              25.014685694
            ],
            [
              121.569713489,
              25.013914067
            ],
            [
              121.569922639,
              25.01386489
            ],
            [
              121.572008929,
              25.013374336
            ],
            [
              121.572184042,
              25.013333161
            ],
            [
              121.572178072,
              25.013325753
            ],
            [
              121.572113308,
              25.01324782
            ],
            [
              121.572091568,
              25.013189256
            ],
            [
              121.572082221,
              25.013131437
            ],
            [
              121.572074989,
              25.013086708
            ],
            [
              121.572030643,
              25.012783915
            ],
            [
              121.572019387,
              25.01271337
            ],
            [
              121.571997388,
              25.012575484
            ],
            [
              121.571975221,
              25.012349691
            ],
            [
              121.57197485,
              25.012345908
            ],
            [
              121.571936188,
              25.012111498
            ],
            [
              121.571897735,
              25.011921083
            ],
            [
              121.571843544,
              25.011808893
            ],
            [
              121.571767569,
              25.011731356
            ],
            [
              121.571719525,
              25.011682325
            ],
            [
              121.571680002,
              25.011650336
            ],
            [
              121.571563306,
              25.011555884
            ],
            [
              121.57149868,
              25.011507265
            ],
            [
              121.571397216,
              25.011425403
            ],
            [
              121.571245504,
              25.011303002
            ],
            [
              121.571094674,
              25.011181424
            ],
            [
              121.57104809,
              25.011155414
            ],
            [
              121.570981685,
              25.011118336
            ],
            [
              121.570893928,
              25.011074368
            ],
            [
              121.570704955,
              25.01097969
            ],
            [
              121.570522132,
              25.01090221
            ],
            [
              121.570414626,
              25.01086353
            ],
            [
              121.570092007,
              25.010727947
            ],
            [
              121.570000552,
              25.010679439
            ],
            [
              121.569930469,
              25.010611286
            ],
            [
              121.569833169,
              25.010460182
            ],
            [
              121.56969269,
              25.01025548
            ],
            [
              121.569654716,
              25.010167673
            ],
            [
              121.569546457,
              25.009967748
            ],
            [
              121.569357613,
              25.009748574
            ],
            [
              121.569034816,
              25.009573908
            ],
            [
              121.56896485,
              25.009530191
            ],
            [
              121.568803407,
              25.009433079
            ],
            [
              121.568541911,
              25.009259874
            ],
            [
              121.568461143,
              25.009201548
            ],
            [
              121.568358911,
              25.009143302
            ],
            [
              121.568278122,
              25.009080079
            ],
            [
              121.568100602,
              25.008987915
            ],
            [
              121.567896435,
              25.008934941
            ],
            [
              121.567745793,
              25.008852448
            ],
            [
              121.567611387,
              25.008799218
            ],
            [
              121.567363676,
              25.008614465
            ],
            [
              121.56716997,
              25.008502824
            ],
            [
              121.566686123,
              25.008314086
            ],
            [
              121.566580946,
              25.008288865
            ],
            [
              121.566385274,
              25.008241944
            ],
            [
              121.566342111,
              25.008230183
            ],
            [
              121.566111345,
              25.008167306
            ],
            [
              121.565960796,
              25.008126286
            ],
            [
              121.565950934,
              25.008123994
            ],
            [
              121.565924831,
              25.008226238
            ],
            [
              121.565834144,
              25.008528446
            ],
            [
              121.56570064,
              25.008864363
            ],
            [
              121.565597778,
              25.009188991
            ],
            [
              121.565415858,
              25.009676022
            ],
            [
              121.56534926,
              25.009877523
            ],
            [
              121.565282274,
              25.009995168
            ],
            [
              121.565034238,
              25.010163466
            ],
            [
              121.564763344,
              25.010360793
            ],
            [
              121.5645577,
              25.01048106
            ],
            [
              121.564268253,
              25.010721123
            ],
            [
              121.564034767,
              25.010901244
            ],
            [
              121.563764106,
              25.011149784
            ],
            [
              121.56365852,
              25.011262906
            ],
            [
              121.563596225,
              25.011329647
            ],
            [
              121.563494149,
              25.011551934
            ],
            [
              121.56348048,
              25.011615552
            ],
            [
              121.563439093,
              25.011808177
            ],
            [
              121.563430192,
              25.011910627
            ],
            [
              121.563440195,
              25.012047139
            ],
            [
              121.56345004,
              25.012149525
            ],
            [
              121.563479457,
              25.012431044
            ],
            [
              121.563480097,
              25.012838911
            ],
            [
              121.563406729,
              25.013189107
            ],
            [
              121.563313868,
              25.013377224
            ],
            [
              121.563070728,
              25.013497635
            ],
            [
              121.562865036,
              25.013609358
            ],
            [
              121.562687539,
              25.01373805
            ],
            [
              121.562566517,
              25.013917741
            ],
            [
              121.562380512,
              25.014234211
            ],
            [
              121.562241019,
              25.01447371
            ],
            [
              121.562045364,
              25.014730488
            ],
            [
              121.561840297,
              25.014978768
            ],
            [
              121.561494868,
              25.015278786
            ],
            [
              121.561214657,
              25.015493213
            ],
            [
              121.560878913,
              25.015861453
            ],
            [
              121.560664428,
              25.016101247
            ],
            [
              121.560530369,
              25.016313469
            ],
            [
              121.560409693,
              25.016569967
            ],
            [
              121.560270974,
              25.016980149
            ],
            [
              121.560141076,
              25.01727081
            ],
            [
              121.55996388,
              25.017467765
            ],
            [
              121.559655887,
              25.017759098
            ],
            [
              121.559329302,
              25.018084634
            ],
            [
              121.559012008,
              25.018393071
            ],
            [
              121.558967575,
              25.018439863
            ],
            [
              121.558951073,
              25.018457243
            ],
            [
              121.559067799,
              25.018554337
            ],
            [
              121.559207114,
              25.018416037
            ],
            [
              121.559439304,
              25.018530694
            ],
            [
              121.559492008,
              25.018540129
            ],
            [
              121.559768187,
              25.018140681
            ],
            [
              121.559689949,
              25.018067622
            ],
            [
              121.559762965,
              25.017913301
            ],
            [
              121.560190572,
              25.018102235
            ],
            [
              121.560216689,
              25.018113774
            ],
            [
              121.560070614,
              25.018412783
            ],
            [
              121.560565944,
              25.018497567
            ],
            [
              121.560620605,
              25.01894023
            ],
            [
              121.561506222,
              25.019167949
            ],
            [
              121.561528688,
              25.019475947
            ],
            [
              121.561518769,
              25.019610772
            ],
            [
              121.561424733,
              25.019774796
            ],
            [
              121.561351718,
              25.019929118
            ],
            [
              121.56137194,
              25.020033685
            ],
            [
              121.561732977,
              25.019701163
            ],
            [
              121.562518111,
              25.019645694
            ],
            [
              121.562745833,
              25.019172403
            ],
            [
              121.562780288,
              25.019162905
            ],
            [
              121.563453708,
              25.018977243
            ],
            [
              121.56364391,
              25.018679066
            ],
            [
              121.564275242,
              25.018501687
            ],
            [
              121.564942965,
              25.01790423
            ],
            [
              121.565593443,
              25.017726782
            ]
          ]
        ]
      }
    },
    {
      "type": "Feature",
      "properties": {
        "dataset_slug": "tw.openfun~entity~geo",
        "record_id": "63000030-001"
      },
      "geometry": {
        "type": "Polygon",
        "coordinates": [
          [
            [
              121.54884988,
              25.03781735
            ],
            [
              121.548845023,
              25.037137366
            ],
            [
              121.548836552,
              25.035951345
            ],
            [
              121.548833164,
              25.035476862
            ],
            [
              121.548830073,
              25.035044129
            ],
            [
              121.548823973,
              25.034189874
            ],
            [
              121.548817007,
              25.033214566
            ],
            [
              121.548044982,
              25.033230884
            ],
            [
              121.547713779,
              25.033237881
            ],
            [
              121.546264034,
              25.033268505
            ],
            [
              121.545956296,
              25.033275003
            ],
            [
              121.545950258,
              25.033275131
            ],
            [
              121.545953702,
              25.033454022
            ],
            [
              121.545963086,
              25.033941649
            ],
            [
              121.545969311,
              25.034265088
            ],
            [
              121.545977473,
              25.034689167
            ],
            [
              121.545985217,
              25.035091485
            ],
            [
              121.545994072,
              25.035551638
            ],
            [
              121.546002789,
              25.036004476
            ],
            [
              121.546010801,
              25.036420779
            ],
            [
              121.546016833,
              25.036734213
            ],
            [
              121.54601832,
              25.036811437
            ],
            [
              121.546025637,
              25.037191563
            ],
            [
              121.546039048,
              25.037888318
            ],
            [
              121.546044622,
              25.037888177
            ],
            [
              121.547080462,
              25.037862031
            ],
            [
              121.547091799,
              25.037861744
            ],
            [
              121.547527888,
              25.037850735
            ],
            [
              121.54884988,
              25.03781735
            ]
          ]
        ]
      }
    },
    {
      "type": "Feature",
      "properties": {
        "dataset_slug": "tw.openfun~entity~geo",
        "record_id": "63000030-002"
      },
      "geometry": {
        "type": "Polygon",
        "coordinates": [
          [
            [
              121.546039048,
              25.037888318
            ],
            [
              121.546025637,
              25.037191563
            ],
            [
              121.54601832,
              25.036811437
            ],
            [
              121.546016833,
              25.036734213
            ],
            [
              121.546010801,
              25.036420779
            ],
            [
              121.546002789,
              25.036004476
            ],
            [
              121.545994072,
              25.035551638
            ],
            [
              121.545985217,
              25.035091485
            ],
            [
              121.545977473,
              25.034689167
            ],
            [
              121.545969311,
              25.034265088
            ],
            [
              121.545963086,
              25.033941649
            ],
            [
              121.545953702,
              25.033454022
            ],
            [
              121.545950258,
              25.033275131
            ],
            [
              121.545447528,
              25.03328664
            ],
            [
              121.545062322,
              25.033295457
            ],
            [
              121.544639958,
              25.033305124
            ],
            [
              121.544383129,
              25.033311002
            ],
            [
              121.543592058,
              25.033329103
            ],
            [
              121.543608327,
              25.034357356
            ],
            [
              121.543620477,
              25.035125345
            ],
            [
              121.543625914,
              25.035468951
            ],
            [
              121.543627944,
              25.035597221
            ],
            [
              121.543634879,
              25.036035633
            ],
            [
              121.543635324,
              25.036063703
            ],
            [
              121.543640993,
              25.036421935
            ],
            [
              121.543646691,
              25.036782155
            ],
            [
              121.543665025,
              25.037940898
            ],
            [
              121.544359629,
              25.037925518
            ],
            [
              121.545166289,
              25.037907652
            ],
            [
              121.546039048,
              25.037888318
            ]
          ]
        ]
      }
    },
    {
      "type": "Feature",
      "properties": {
        "dataset_slug": "tw.openfun~entity~geo",
        "record_id": "63000030-003"
      },
      "geometry": {
        "type": "Polygon",
        "coordinates": [
          [
            [
              121.543665025,
              25.037940898
            ],
            [
              121.543646691,
              25.036782155
            ],
            [
              121.543640993,
              25.036421935
            ],
            [
              121.543635324,
              25.036063703
            ],
            [
              121.543634879,
              25.036035633
            ],
            [
              121.543627944,
              25.035597221
            ],
            [
              121.543625914,
              25.035468951
            ],
            [
              121.543620477,
              25.035125345
            ],
            [
              121.543608327,
              25.034357356
            ],
            [
              121.543592058,
              25.033329103
            ],
            [
              121.542970967,
              25.033345521
            ],
            [
              121.542569035,
              25.033356146
            ],
            [
              121.541886828,
              25.033374174
            ],
            [
              121.539819467,
              25.03342879
            ],
            [
              121.53947271,
              25.033437948
            ],
            [
              121.539456845,
              25.033438367
            ],
            [
              121.537773785,
              25.033482805
            ],
            [
              121.53779413,
              25.03439855
            ],
            [
              121.537796575,
              25.03450858
            ],
            [
              121.537805513,
              25.034910916
            ],
            [
              121.537811566,
              25.035183305
            ],
            [
              121.537813253,
              25.035259254
            ],
            [
              121.53782223,
              25.035663247
            ],
            [
              121.537831118,
              25.036063287
            ],
            [
              121.537832708,
              25.036134816
            ],
            [
              121.537839125,
              25.03642373
            ],
            [
              121.537847475,
              25.036799455
            ],
            [
              121.537875365,
              25.038054753
            ],
            [
              121.539835653,
              25.038016229
            ],
            [
              121.541250097,
              25.037988417
            ],
            [
              121.541961556,
              25.037974422
            ],
            [
              121.54298446,
              25.037954293
            ],
            [
              121.543665025,
              25.037940898
            ]
          ]
        ]
      }
    },
    {
      "type": "Feature",
      "properties": {
        "dataset_slug": "tw.openfun~entity~geo",
        "record_id": "63000030-004"
      },
      "geometry": {
        "type": "Polygon",
        "coordinates": [
          [
            [
              121.537875365,
              25.038054753
            ],
            [
              121.537847475,
              25.036799455
            ],
            [
              121.537839125,
              25.03642373
            ],
            [
              121.537832708,
              25.036134816
            ],
            [
              121.537831118,
              25.036063287
            ],
            [
              121.53782223,
              25.035663247
            ],
            [
              121.537813253,
              25.035259254
            ],
            [
              121.537811566,
              25.035183305
            ],
            [
              121.537805513,
              25.034910916
            ],
            [
              121.537796575,
              25.03450858
            ],
            [
              121.53779413,
              25.03439855
            ],
            [
              121.537773785,
              25.033482805
            ],
            [
              121.537066279,
              25.033492129
            ],
            [
              121.535905454,
              25.03350742
            ],
            [
              121.534539742,
              25.033525398
            ],
            [
              121.532679599,
              25.033549864
            ],
            [
              121.532682429,
              25.033642716
            ],
            [
              121.532685251,
              25.033654059
            ],
            [
              121.532696343,
              25.033698666
            ],
            [
              121.532714693,
              25.034792198
            ],
            [
              121.532774443,
              25.037540127
            ],
            [
              121.53278648,
              25.038131502
            ],
            [
              121.532787216,
              25.038131491
            ],
            [
              121.53341596,
              25.038122017
            ],
            [
              121.5343224,
              25.038108357
            ],
            [
              121.534812866,
              25.038100962
            ],
            [
              121.535666723,
              25.038088084
            ],
            [
              121.537875365,
              25.038054753
            ]
          ]
        ]
      }
    },
    {
      "type": "Feature",
      "properties": {
        "dataset_slug": "tw.openfun~entity~geo",
        "record_id": "63000030-005"
      },
      "geometry": {
        "type": "Polygon",
        "coordinates": [
          [
            [
              121.548866161,
              25.041491413
            ],
            [
              121.548864284,
              25.041068246
            ],
            [
              121.54886173,
              25.040491724
            ],
            [
              121.548860895,
              25.040303282
            ],
            [
              121.548858281,
              25.039713261
            ],
            [
              121.548849918,
              25.037825979
            ],
            [
              121.54884988,
              25.03781735
            ],
            [
              121.547527888,
              25.037850735
            ],
            [
              121.547091799,
              25.037861744
            ],
            [
              121.547080462,
              25.037862031
            ],
            [
              121.546044622,
              25.037888177
            ],
            [
              121.546039048,
              25.037888318
            ],
            [
              121.545166289,
              25.037907652
            ],
            [
              121.544359629,
              25.037925518
            ],
            [
              121.543665025,
              25.037940898
            ],
            [
              121.543712026,
              25.039800056
            ],
            [
              121.543732711,
              25.040618307
            ],
            [
              121.543736616,
              25.040772764
            ],
            [
              121.543743593,
              25.041048758
            ],
            [
              121.543757768,
              25.041609485
            ],
            [
              121.544657603,
              25.041588699
            ],
            [
              121.545228413,
              25.04157551
            ],
            [
              121.545241022,
              25.041575219
            ],
            [
              121.546102988,
              25.041555301
            ],
            [
              121.546169018,
              25.041553775
            ],
            [
              121.547172346,
              25.041530581
            ],
            [
              121.547178544,
              25.041530438
            ],
            [
              121.548071631,
              25.041509789
            ],
            [
              121.548866161,
              25.041491413
            ]
          ]
        ]
      }
    },
    {
      "type": "Feature",
      "properties": {
        "dataset_slug": "tw.openfun~entity~geo",
        "record_id": "63000030-006"
      },
      "geometry": {
        "type": "Polygon",
        "coordinates": [
          [
            [
              121.540669759,
              25.041642673
            ],
            [
              121.540860417,
              25.041640626
            ],
            [
              121.541322735,
              25.041635661
            ],
            [
              121.541622445,
              25.041632442
            ],
            [
              121.542924989,
              25.041618441
            ],
            [
              121.543003315,
              25.041617599
            ],
            [
              121.543757768,
              25.041609485
            ],
            [
              121.543743593,
              25.041048758
            ],
            [
              121.543736616,
              25.040772764
            ],
            [
              121.543732711,
              25.040618307
            ],
            [
              121.543712026,
              25.039800056
            ],
            [
              121.543665025,
              25.037940898
            ],
            [
              121.54298446,
              25.037954293
            ],
            [
              121.541961556,
              25.037974422
            ],
            [
              121.541250097,
              25.037988417
            ],
            [
              121.539835653,
              25.038016229
            ],
            [
              121.537875365,
              25.038054753
            ],
            [
              121.537900758,
              25.038303383
            ],
            [
              121.537893339,
              25.038831949
            ],
            [
              121.537889692,
              25.039111777
            ],
            [
              121.537856699,
              25.039351736
            ],
            [
              121.53781481,
              25.039663891
            ],
            [
              121.537809592,
              25.039702791
            ],
            [
              121.537771422,
              25.0398717
            ],
            [
              121.537710241,
              25.040124331
            ],
            [
              121.537694985,
              25.040187327
            ],
            [
              121.537616501,
              25.040461593
            ],
            [
              121.537613557,
              25.040471878
            ],
            [
              121.537555896,
              25.040631984
            ],
            [
              121.537523748,
              25.040716946
            ],
            [
              121.537502839,
              25.040772203
            ],
            [
              121.537454927,
              25.04089883
            ],
            [
              121.537439182,
              25.040936115
            ],
            [
              121.537377908,
              25.041081213
            ],
            [
              121.537313794,
              25.041208
            ],
            [
              121.537285014,
              25.041264909
            ],
            [
              121.537276649,
              25.041281452
            ],
            [
              121.53718988,
              25.04145942
            ],
            [
              121.537084271,
              25.041671294
            ],
            [
              121.537078984,
              25.041681903
            ],
            [
              121.538382128,
              25.041667675
            ],
            [
              121.53871886,
              25.041663997
            ],
            [
              121.538884447,
              25.041662189
            ],
            [
              121.539570786,
              25.041654688
            ],
            [
              121.539703195,
              25.041653241
            ],
            [
              121.540112188,
              25.041648771
            ],
            [
              121.540669759,
              25.041642673
            ]
          ]
        ]
      }
    },
    {
      "type": "Feature",
      "properties": {
        "dataset_slug": "tw.openfun~entity~geo",
        "record_id": "63000030-007"
      },
      "geometry": {
        "type": "Polygon",
        "coordinates": [
          [
            [
              121.534887672,
              25.044995084
            ],
            [
              121.535172739,
              25.044938401
            ],
            [
              121.535595695,
              25.044853545
            ],
            [
              121.535881541,
              25.044810858
            ],
            [
              121.536396202,
              25.044767325
            ],
            [
              121.53653948,
              25.044760594
            ],
            [
              121.536623634,
              25.04475664
            ],
            [
              121.536616143,
              25.044292017
            ],
            [
              121.536616509,
              25.043811044
            ],
            [
              121.536645956,
              25.04356884
            ],
            [
              121.536677553,
              25.043308936
            ],
            [
              121.536719983,
              25.043002326
            ],
            [
              121.536786769,
              25.042704502
            ],
            [
              121.536867979,
              25.042366658
            ],
            [
              121.536896487,
              25.0422111
            ],
            [
              121.537078984,
              25.041681903
            ],
            [
              121.537084271,
              25.041671294
            ],
            [
              121.53718988,
              25.04145942
            ],
            [
              121.537276649,
              25.041281452
            ],
            [
              121.537285014,
              25.041264909
            ],
            [
              121.537313794,
              25.041208
            ],
            [
              121.537377908,
              25.041081213
            ],
            [
              121.537439182,
              25.040936115
            ],
            [
              121.537454927,
              25.04089883
            ],
            [
              121.537502839,
              25.040772203
            ],
            [
              121.537523748,
              25.040716946
            ],
            [
              121.537555896,
              25.040631984
            ],
            [
              121.537613557,
              25.040471878
            ],
            [
              121.537616501,
              25.040461593
            ],
            [
              121.537694985,
              25.040187327
            ],
            [
              121.537710241,
              25.040124331
            ],
            [
              121.537771422,
              25.0398717
            ],
            [
              121.537809592,
              25.039702791
            ],
            [
              121.53781481,
              25.039663891
            ],
            [
              121.537856699,
              25.039351736
            ],
            [
              121.537889692,
              25.039111777
            ],
            [
              121.537893339,
              25.038831949
            ],
            [
              121.537900758,
              25.038303383
            ],
            [
              121.537875365,
              25.038054753
            ],
            [
              121.535666723,
              25.038088084
            ],
            [
              121.534812866,
              25.038100962
            ],
            [
              121.5343224,
              25.038108357
            ],
            [
              121.53341596,
              25.038122017
            ],
            [
              121.532787216,
              25.038131491
            ],
            [
              121.53278648,
              25.038131502
            ],
            [
              121.532787444,
              25.038178841
            ],
            [
              121.532791241,
              25.038365391
            ],
            [
              121.53280911,
              25.039243349
            ],
            [
              121.532845405,
              25.041300966
            ],
            [
              121.532868282,
              25.042283857
            ],
            [
              121.532869322,
              25.042328536
            ],
            [
              121.532870604,
              25.042383612
            ],
            [
              121.532912127,
              25.044118518
            ],
            [
              121.532931623,
              25.04546252
            ],
            [
              121.533235243,
              25.045380585
            ],
            [
              121.533652486,
              25.045266749
            ],
            [
              121.534029724,
              25.045192473
            ],
            [
              121.534692626,
              25.045033867
            ],
            [
              121.53474491,
              25.045023471
            ],
            [
              121.534887672,
              25.044995084
            ]
          ]
        ]
      }
    },
    {
      "type": "Feature",
      "properties": {
        "dataset_slug": "tw.openfun~entity~geo",
        "record_id": "63000030-008"
      },
      "geometry": {
        "type": "Polygon",
        "coordinates": [
          [
            [
              121.540726513,
              25.044643282
            ],
            [
              121.540718663,
              25.044228299
            ],
            [
              121.540716142,
              25.044095053
            ],
            [
              121.540712618,
              25.043908775
            ],
            [
              121.540706508,
              25.043585643
            ],
            [
              121.540703551,
              25.043429293
            ],
            [
              121.540701177,
              25.04330388
            ],
            [
              121.540696308,
              25.043046431
            ],
            [
              121.54069156,
              25.042795345
            ],
            [
              121.540686671,
              25.042536922
            ],
            [
              121.54068203,
              25.042291499
            ],
            [
              121.540679731,
              25.042169995
            ],
            [
              121.540669759,
              25.041642673
            ],
            [
              121.540112188,
              25.041648771
            ],
            [
              121.539703195,
              25.041653241
            ],
            [
              121.539570786,
              25.041654688
            ],
            [
              121.538884447,
              25.041662189
            ],
            [
              121.53871886,
              25.041663997
            ],
            [
              121.538382128,
              25.041667675
            ],
            [
              121.537078984,
              25.041681903
            ],
            [
              121.536896487,
              25.0422111
            ],
            [
              121.536867979,
              25.042366658
            ],
            [
              121.536786769,
              25.042704502
            ],
            [
              121.536719983,
              25.043002326
            ],
            [
              121.536677553,
              25.043308936
            ],
            [
              121.536645956,
              25.04356884
            ],
            [
              121.536616509,
              25.043811044
            ],
            [
              121.536616143,
              25.044292017
            ],
            [
              121.536623634,
              25.04475664
            ],
            [
              121.536876634,
              25.044744754
            ],
            [
              121.537517191,
              25.044711181
            ],
            [
              121.538112078,
              25.044698617
            ],
            [
              121.538992943,
              25.044674585
            ],
            [
              121.539747954,
              25.044651007
            ],
            [
              121.540525941,
              25.044648169
            ],
            [
              121.540726513,
              25.044643282
            ]
          ]
        ]
      }
    },
    {
      "type": "Feature",
      "properties": {
        "dataset_slug": "tw.openfun~entity~geo",
        "record_id": "63000030-009"
      },
      "geometry": {
        "type": "Polygon",
        "coordinates": [
          [
            [
              121.543757768,
              25.041609485
            ],
            [
              121.543003315,
              25.041617599
            ],
            [
              121.542924989,
              25.041618441
            ],
            [
              121.541622445,
              25.041632442
            ],
            [
              121.541322735,
              25.041635661
            ],
            [
              121.540860417,
              25.041640626
            ],
            [
              121.540669759,
              25.041642673
            ],
            [
              121.540679731,
              25.042169995
            ],
            [
              121.54068203,
              25.042291499
            ],
            [
              121.540686671,
              25.042536922
            ],
            [
              121.54069156,
              25.042795345
            ],
            [
              121.540696308,
              25.043046431
            ],
            [
              121.540701177,
              25.04330388
            ],
            [
              121.540703551,
              25.043429293
            ],
            [
              121.540706508,
              25.043585643
            ],
            [
              121.540712618,
              25.043908775
            ],
            [
              121.540716142,
              25.044095053
            ],
            [
              121.540718663,
              25.044228299
            ],
            [
              121.540726513,
              25.044643282
            ],
            [
              121.540744249,
              25.04464285
            ],
            [
              121.541029298,
              25.044635907
            ],
            [
              121.541624184,
              25.04462332
            ],
            [
              121.542101863,
              25.044682913
            ],
            [
              121.542983327,
              25.044794257
            ],
            [
              121.543647318,
              25.044885549
            ],
            [
              121.543849852,
              25.044904207
            ],
            [
              121.543843235,
              25.04481234
            ],
            [
              121.543833663,
              25.044453656
            ],
            [
              121.543822217,
              25.044024708
            ],
            [
              121.543821599,
              25.044001575
            ],
            [
              121.54381101,
              25.043604743
            ],
            [
              121.543795896,
              25.043038313
            ],
            [
              121.543757768,
              25.041609485
            ]
          ]
        ]
      }
    },
    {
      "type": "Feature",
      "properties": {
        "dataset_slug": "tw.openfun~entity~geo",
        "record_id": "63000030-010"
      },
      "geometry": {
        "type": "Polygon",
        "coordinates": [
          [
            [
              121.546713957,
              25.045218719
            ],
            [
              121.546751211,
              25.045214203
            ],
            [
              121.547252469,
              25.045153432
            ],
            [
              121.547434343,
              25.045134692
            ],
            [
              121.547794593,
              25.045097571
            ],
            [
              121.547881445,
              25.045088623
            ],
            [
              121.548174764,
              25.045045972
            ],
            [
              121.548395962,
              25.04501381
            ],
            [
              121.548841078,
              25.044963228
            ],
            [
              121.548885757,
              25.044958152
            ],
            [
              121.548877706,
              25.043520939
            ],
            [
              121.548875,
              25.043045325
            ],
            [
              121.548872305,
              25.042571619
            ],
            [
              121.548866161,
              25.041491413
            ],
            [
              121.548071631,
              25.041509789
            ],
            [
              121.547178544,
              25.041530438
            ],
            [
              121.547172346,
              25.041530581
            ],
            [
              121.546169018,
              25.041553775
            ],
            [
              121.546102988,
              25.041555301
            ],
            [
              121.545241022,
              25.041575219
            ],
            [
              121.545228413,
              25.04157551
            ],
            [
              121.544657603,
              25.041588699
            ],
            [
              121.543757768,
              25.041609485
            ],
            [
              121.543795896,
              25.043038313
            ],
            [
              121.54381101,
              25.043604743
            ],
            [
              121.543821599,
              25.044001575
            ],
            [
              121.543822217,
              25.044024708
            ],
            [
              121.543833663,
              25.044453656
            ],
            [
              121.543843235,
              25.04481234
            ],
            [
              121.543849852,
              25.044904207
            ],
            [
              121.544082257,
              25.0449256
            ],
            [
              121.544906512,
              25.045037126
            ],
            [
              121.544967536,
              25.045045443
            ],
            [
              121.545352988,
              25.045097976
            ],
            [
              121.545891038,
              25.045168894
            ],
            [
              121.546348956,
              25.045229682
            ],
            [
              121.546543498,
              25.045239383
            ],
            [
              121.546713957,
              25.045218719
            ]
          ]
        ]
      }
    },
    {
      "type": "Feature",
      "properties": {
        "dataset_slug": "tw.openfun~entity~geo",
        "record_id": "63000030-011"
      },
      "geometry": {
        "type": "Polygon",
        "coordinates": [
          [
            [
              121.53486409,
              25.0259771
            ],
            [
              121.534794668,
              25.02542369
            ],
            [
              121.534770709,
              25.025232714
            ],
            [
              121.534733445,
              25.02493565
            ],
            [
              121.534717096,
              25.024805313
            ],
            [
              121.534676815,
              25.024484224
            ],
            [
              121.534648804,
              25.024260917
            ],
            [
              121.534410724,
              25.022362971
            ],
            [
              121.53317526,
              25.022363087
            ],
            [
              121.532886315,
              25.022317688
            ],
            [
              121.532679269,
              25.022264695
            ],
            [
              121.532582858,
              25.022234092
            ],
            [
              121.532452964,
              25.022188708
            ],
            [
              121.532416792,
              25.022176069
            ],
            [
              121.5323364,
              25.022140524
            ],
            [
              121.532130929,
              25.022038665
            ],
            [
              121.531886031,
              25.021892961
            ],
            [
              121.531688447,
              25.021747504
            ],
            [
              121.531239413,
              25.022220308
            ],
            [
              121.531149557,
              25.022314922
            ],
            [
              121.53118308,
              25.022605211
            ],
            [
              121.531216441,
              25.022894088
            ],
            [
              121.531237653,
              25.023077765
            ],
            [
              121.531257381,
              25.023248589
            ],
            [
              121.531258413,
              25.023257515
            ],
            [
              121.531292082,
              25.023586033
            ],
            [
              121.531294164,
              25.023606346
            ],
            [
              121.531402219,
              25.024660628
            ],
            [
              121.531420572,
              25.024839693
            ],
            [
              121.531443299,
              25.025061431
            ],
            [
              121.531518182,
              25.025792052
            ],
            [
              121.531533643,
              25.025942896
            ],
            [
              121.531567891,
              25.02627704
            ],
            [
              121.531993233,
              25.026247969
            ],
            [
              121.532005301,
              25.026247143
            ],
            [
              121.533052287,
              25.026175575
            ],
            [
              121.533460843,
              25.026147646
            ],
            [
              121.533617089,
              25.026136964
            ],
            [
              121.5341817,
              25.026098364
            ],
            [
              121.534207047,
              25.02609386
            ],
            [
              121.534257462,
              25.026084901
            ],
            [
              121.53486409,
              25.0259771
            ]
          ]
        ]
      }
    },
    {
      "type": "Feature",
      "properties": {
        "dataset_slug": "tw.openfun~entity~geo",
        "record_id": "63000030-012"
      },
      "geometry": {
        "type": "Polygon",
        "coordinates": [
          [
            [
              121.530367337,
              25.026385857
            ],
            [
              121.530440605,
              25.026379216
            ],
            [
              121.531567891,
              25.02627704
            ],
            [
              121.531533643,
              25.025942896
            ],
            [
              121.531518182,
              25.025792052
            ],
            [
              121.531443299,
              25.025061431
            ],
            [
              121.531420572,
              25.024839693
            ],
            [
              121.531402219,
              25.024660628
            ],
            [
              121.531294164,
              25.023606346
            ],
            [
              121.531292082,
              25.023586033
            ],
            [
              121.531258413,
              25.023257515
            ],
            [
              121.5304839,
              25.023444185
            ],
            [
              121.53012348,
              25.02346724
            ],
            [
              121.529354566,
              25.023533782
            ],
            [
              121.529327324,
              25.023536142
            ],
            [
              121.528482266,
              25.023586013
            ],
            [
              121.528516519,
              25.023974465
            ],
            [
              121.52851732,
              25.02398355
            ],
            [
              121.528581752,
              25.024626264
            ],
            [
              121.528554106,
              25.024709275
            ],
            [
              121.528359642,
              25.025293199
            ],
            [
              121.528496015,
              25.026543301
            ],
            [
              121.529314803,
              25.026474416
            ],
            [
              121.530367337,
              25.026385857
            ]
          ]
        ]
      }
    },
    {
      "type": "Feature",
      "properties": {
        "dataset_slug": "tw.openfun~entity~geo",
        "record_id": "63000030-013"
      },
      "geometry": {
        "type": "Polygon",
        "coordinates": [
          [
            [
              121.531258413,
              25.023257515
            ],
            [
              121.531257381,
              25.023248589
            ],
            [
              121.531237653,
              25.023077765
            ],
            [
              121.531216441,
              25.022894088
            ],
            [
              121.53118308,
              25.022605211
            ],
            [
              121.531149557,
              25.022314922
            ],
            [
              121.531239413,
              25.022220308
            ],
            [
              121.531688447,
              25.021747504
            ],
            [
              121.531684633,
              25.021744241
            ],
            [
              121.530737359,
              25.020933774
            ],
            [
              121.530434264,
              25.020674448
            ],
            [
              121.52974988,
              25.020088889
            ],
            [
              121.529283331,
              25.019689704
            ],
            [
              121.529266472,
              25.019674425
            ],
            [
              121.529245187,
              25.019655133
            ],
            [
              121.529236993,
              25.019663217
            ],
            [
              121.529216525,
              25.01968341
            ],
            [
              121.528845896,
              25.020046972
            ],
            [
              121.52861392,
              25.020279932
            ],
            [
              121.52850725,
              25.020387056
            ],
            [
              121.528130076,
              25.020721436
            ],
            [
              121.527870475,
              25.020944158
            ],
            [
              121.527741631,
              25.021058803
            ],
            [
              121.527715201,
              25.021082321
            ],
            [
              121.52777855,
              25.021301124
            ],
            [
              121.527990843,
              25.021557589
            ],
            [
              121.528004465,
              25.021574046
            ],
            [
              121.528015955,
              25.021587925
            ],
            [
              121.52814248,
              25.021740772
            ],
            [
              121.528264026,
              25.021942442
            ],
            [
              121.52832527,
              25.022153509
            ],
            [
              121.528327113,
              25.022167501
            ],
            [
              121.528328788,
              25.022180226
            ],
            [
              121.528376853,
              25.022545276
            ],
            [
              121.528395149,
              25.022725154
            ],
            [
              121.528416322,
              25.022934381
            ],
            [
              121.528430861,
              25.023078045
            ],
            [
              121.528451369,
              25.023280699
            ],
            [
              121.528465386,
              25.023419202
            ],
            [
              121.528482266,
              25.023586013
            ],
            [
              121.529327324,
              25.023536142
            ],
            [
              121.529354566,
              25.023533782
            ],
            [
              121.53012348,
              25.02346724
            ],
            [
              121.5304839,
              25.023444185
            ],
            [
              121.531258413,
              25.023257515
            ]
          ]
        ]
      }
    },
    {
      "type": "Feature",
      "properties": {
        "dataset_slug": "tw.openfun~entity~geo",
        "record_id": "63000030-014"
      },
      "geometry": {
        "type": "Polygon",
        "coordinates": [
          [
            [
              121.525885365,
              25.026777028
            ],
            [
              121.526759587,
              25.026698765
            ],
            [
              121.527973608,
              25.026590075
            ],
            [
              121.528496015,
              25.026543301
            ],
            [
              121.528359642,
              25.025293199
            ],
            [
              121.528554106,
              25.024709275
            ],
            [
              121.528581752,
              25.024626264
            ],
            [
              121.52851732,
              25.02398355
            ],
            [
              121.528516519,
              25.023974465
            ],
            [
              121.528482266,
              25.023586013
            ],
            [
              121.528465386,
              25.023419202
            ],
            [
              121.528451369,
              25.023280699
            ],
            [
              121.528430861,
              25.023078045
            ],
            [
              121.528416322,
              25.022934381
            ],
            [
              121.528395149,
              25.022725154
            ],
            [
              121.528376853,
              25.022545276
            ],
            [
              121.528328788,
              25.022180226
            ],
            [
              121.528327113,
              25.022167501
            ],
            [
              121.52832527,
              25.022153509
            ],
            [
              121.528264026,
              25.021942442
            ],
            [
              121.52814248,
              25.021740772
            ],
            [
              121.528015955,
              25.021587925
            ],
            [
              121.528004465,
              25.021574046
            ],
            [
              121.527990843,
              25.021557589
            ],
            [
              121.52777855,
              25.021301124
            ],
            [
              121.527715201,
              25.021082321
            ],
            [
              121.527659514,
              25.02113187
            ],
            [
              121.527618011,
              25.021169298
            ],
            [
              121.52728875,
              25.021466225
            ],
            [
              121.526822007,
              25.02186517
            ],
            [
              121.526630217,
              25.0220353
            ],
            [
              121.526310587,
              25.022322721
            ],
            [
              121.52593335,
              25.022645404
            ],
            [
              121.525652045,
              25.022891781
            ],
            [
              121.525407274,
              25.023104003
            ],
            [
              121.525281118,
              25.023213384
            ],
            [
              121.525185197,
              25.023271441
            ],
            [
              121.525096869,
              25.023396203
            ],
            [
              121.524818162,
              25.023758096
            ],
            [
              121.524138426,
              25.024717199
            ],
            [
              121.523350607,
              25.025828788
            ],
            [
              121.523350399,
              25.025829081
            ],
            [
              121.523205865,
              25.026033013
            ],
            [
              121.522517225,
              25.027003248
            ],
            [
              121.52336168,
              25.02694639
            ],
            [
              121.524165157,
              25.026892474
            ],
            [
              121.524476955,
              25.026871549
            ],
            [
              121.524605686,
              25.026862911
            ],
            [
              121.524972113,
              25.026838319
            ],
            [
              121.525013555,
              25.026835539
            ],
            [
              121.525384912,
              25.026810616
            ],
            [
              121.525885365,
              25.026777028
            ]
          ]
        ]
      }
    },
    {
      "type": "Feature",
      "properties": {
        "dataset_slug": "tw.openfun~entity~geo",
        "record_id": "63000030-015"
      },
      "geometry": {
        "type": "Polygon",
        "coordinates": [
          [
            [
              121.53486409,
              25.0259771
            ],
            [
              121.534257462,
              25.026084901
            ],
            [
              121.534207047,
              25.02609386
            ],
            [
              121.5341817,
              25.026098364
            ],
            [
              121.533617089,
              25.026136964
            ],
            [
              121.533460843,
              25.026147646
            ],
            [
              121.533052287,
              25.026175575
            ],
            [
              121.532005301,
              25.026247143
            ],
            [
              121.531993233,
              25.026247969
            ],
            [
              121.531567891,
              25.02627704
            ],
            [
              121.530440605,
              25.026379216
            ],
            [
              121.530367337,
              25.026385857
            ],
            [
              121.530398333,
              25.0267773
            ],
            [
              121.530446567,
              25.027386482
            ],
            [
              121.530486933,
              25.02789626
            ],
            [
              121.530518373,
              25.028293345
            ],
            [
              121.530520108,
              25.028315259
            ],
            [
              121.530540033,
              25.028566894
            ],
            [
              121.530562873,
              25.028855332
            ],
            [
              121.530576535,
              25.029027867
            ],
            [
              121.5305946,
              25.029255992
            ],
            [
              121.530630832,
              25.029713576
            ],
            [
              121.531543921,
              25.029982099
            ],
            [
              121.533689628,
              25.030613084
            ],
            [
              121.534125687,
              25.029342431
            ],
            [
              121.534341659,
              25.028713088
            ],
            [
              121.534495431,
              25.028264992
            ],
            [
              121.534667725,
              25.02776292
            ],
            [
              121.534923872,
              25.027016485
            ],
            [
              121.534866271,
              25.026015027
            ],
            [
              121.53486409,
              25.0259771
            ]
          ]
        ]
      }
    },
    {
      "type": "Feature",
      "properties": {
        "dataset_slug": "tw.openfun~entity~geo",
        "record_id": "63000030-016"
      },
      "geometry": {
        "type": "Polygon",
        "coordinates": [
          [
            [
              121.52953066,
              25.029743465
            ],
            [
              121.530630832,
              25.029713576
            ],
            [
              121.5305946,
              25.029255992
            ],
            [
              121.530576535,
              25.029027867
            ],
            [
              121.530562873,
              25.028855332
            ],
            [
              121.530540033,
              25.028566894
            ],
            [
              121.530520108,
              25.028315259
            ],
            [
              121.530518373,
              25.028293345
            ],
            [
              121.530486933,
              25.02789626
            ],
            [
              121.530446567,
              25.027386482
            ],
            [
              121.530398333,
              25.0267773
            ],
            [
              121.530367337,
              25.026385857
            ],
            [
              121.529314803,
              25.026474416
            ],
            [
              121.528496015,
              25.026543301
            ],
            [
              121.527973608,
              25.026590075
            ],
            [
              121.526759587,
              25.026698765
            ],
            [
              121.525885365,
              25.026777028
            ],
            [
              121.526141277,
              25.028047022
            ],
            [
              121.526144719,
              25.028064109
            ],
            [
              121.526205267,
              25.028364576
            ],
            [
              121.526222897,
              25.028452072
            ],
            [
              121.526302062,
              25.028844923
            ],
            [
              121.526305362,
              25.028862372
            ],
            [
              121.526362943,
              25.029166856
            ],
            [
              121.526366238,
              25.029184279
            ],
            [
              121.526449951,
              25.02962694
            ],
            [
              121.526454211,
              25.029649467
            ],
            [
              121.526551929,
              25.030166169
            ],
            [
              121.526554576,
              25.030180175
            ],
            [
              121.527163744,
              25.030084418
            ],
            [
              121.527782538,
              25.029987145
            ],
            [
              121.528494627,
              25.029875203
            ],
            [
              121.528540062,
              25.02986806
            ],
            [
              121.529260333,
              25.029754829
            ],
            [
              121.529492162,
              25.029745083
            ],
            [
              121.52953066,
              25.029743465
            ]
          ]
        ]
      }
    },
    {
      "type": "Feature",
      "properties": {
        "dataset_slug": "tw.openfun~entity~geo",
        "record_id": "63000030-017"
      },
      "geometry": {
        "type": "Polygon",
        "coordinates": [
          [
            [
              121.532682429,
              25.033642716
            ],
            [
              121.532679599,
              25.033549864
            ],
            [
              121.532833505,
              25.033102373
            ],
            [
              121.533085419,
              25.032369912
            ],
            [
              121.533209907,
              25.032007945
            ],
            [
              121.533689628,
              25.030613084
            ],
            [
              121.531543921,
              25.029982099
            ],
            [
              121.530630832,
              25.029713576
            ],
            [
              121.52953066,
              25.029743465
            ],
            [
              121.529519236,
              25.030123782
            ],
            [
              121.529507852,
              25.030502721
            ],
            [
              121.529505095,
              25.030594474
            ],
            [
              121.529491919,
              25.031033126
            ],
            [
              121.529485832,
              25.03123573
            ],
            [
              121.529489736,
              25.031256505
            ],
            [
              121.529612776,
              25.031911161
            ],
            [
              121.529676074,
              25.032247949
            ],
            [
              121.529794534,
              25.032878226
            ],
            [
              121.529945384,
              25.033680828
            ],
            [
              121.529961928,
              25.033768853
            ],
            [
              121.530019957,
              25.033761975
            ],
            [
              121.53037905,
              25.033719413
            ],
            [
              121.532463683,
              25.033643497
            ],
            [
              121.532682429,
              25.033642716
            ]
          ]
        ]
      }
    },
    {
      "type": "Feature",
      "properties": {
        "dataset_slug": "tw.openfun~entity~geo",
        "record_id": "63000030-018"
      },
      "geometry": {
        "type": "Polygon",
        "coordinates": [
          [
            [
              121.527734185,
              25.034074629
            ],
            [
              121.527970396,
              25.034039947
            ],
            [
              121.529675309,
              25.033802825
            ],
            [
              121.529961928,
              25.033768853
            ],
            [
              121.529945384,
              25.033680828
            ],
            [
              121.529794534,
              25.032878226
            ],
            [
              121.529676074,
              25.032247949
            ],
            [
              121.529612776,
              25.031911161
            ],
            [
              121.529489736,
              25.031256505
            ],
            [
              121.529485832,
              25.03123573
            ],
            [
              121.529491919,
              25.031033126
            ],
            [
              121.529505095,
              25.030594474
            ],
            [
              121.529507852,
              25.030502721
            ],
            [
              121.529519236,
              25.030123782
            ],
            [
              121.52953066,
              25.029743465
            ],
            [
              121.529492162,
              25.029745083
            ],
            [
              121.529260333,
              25.029754829
            ],
            [
              121.528540062,
              25.02986806
            ],
            [
              121.528494627,
              25.029875203
            ],
            [
              121.527782538,
              25.029987145
            ],
            [
              121.527163744,
              25.030084418
            ],
            [
              121.526554576,
              25.030180175
            ],
            [
              121.526601615,
              25.0304394
            ],
            [
              121.526825378,
              25.031672513
            ],
            [
              121.526826239,
              25.031677257
            ],
            [
              121.527057328,
              25.032978977
            ],
            [
              121.527247161,
              25.034048295
            ],
            [
              121.527263588,
              25.034140824
            ],
            [
              121.527266811,
              25.034140446
            ],
            [
              121.527362377,
              25.034129219
            ],
            [
              121.527724569,
              25.034076041
            ],
            [
              121.527734185,
              25.034074629
            ]
          ]
        ]
      }
    },
    {
      "type": "Feature",
      "properties": {
        "dataset_slug": "tw.openfun~entity~geo",
        "record_id": "63000030-019"
      },
      "geometry": {
        "type": "Polygon",
        "coordinates": [
          [
            [
              121.527263588,
              25.034140824
            ],
            [
              121.527247161,
              25.034048295
            ],
            [
              121.527057328,
              25.032978977
            ],
            [
              121.526826239,
              25.031677257
            ],
            [
              121.524097834,
              25.032097647
            ],
            [
              121.524076566,
              25.032100924
            ],
            [
              121.523466983,
              25.032194839
            ],
            [
              121.522560946,
              25.032334424
            ],
            [
              121.522605211,
              25.032482319
            ],
            [
              121.522798119,
              25.032836325
            ],
            [
              121.523420151,
              25.033890262
            ],
            [
              121.524231526,
              25.035311774
            ],
            [
              121.524267298,
              25.035374446
            ],
            [
              121.524271296,
              25.035378659
            ],
            [
              121.524293193,
              25.035401738
            ],
            [
              121.524293385,
              25.035401941
            ],
            [
              121.524308499,
              25.03541787
            ],
            [
              121.524390144,
              25.035435254
            ],
            [
              121.524452186,
              25.035448464
            ],
            [
              121.524561536,
              25.03544186
            ],
            [
              121.524677532,
              25.035391669
            ],
            [
              121.524943551,
              25.035253836
            ],
            [
              121.526059177,
              25.034706328
            ],
            [
              121.526502578,
              25.034486963
            ],
            [
              121.527198396,
              25.034148481
            ],
            [
              121.527263588,
              25.034140824
            ]
          ]
        ]
      }
    },
    {
      "type": "Feature",
      "properties": {
        "dataset_slug": "tw.openfun~entity~geo",
        "record_id": "63000030-020"
      },
      "geometry": {
        "type": "Polygon",
        "coordinates": [
          [
            [
              121.526826239,
              25.031677257
            ],
            [
              121.526825378,
              25.031672513
            ],
            [
              121.526601615,
              25.0304394
            ],
            [
              121.526554576,
              25.030180175
            ],
            [
              121.526551929,
              25.030166169
            ],
            [
              121.526454211,
              25.029649467
            ],
            [
              121.526449951,
              25.02962694
            ],
            [
              121.526366238,
              25.029184279
            ],
            [
              121.526362943,
              25.029166856
            ],
            [
              121.526305362,
              25.028862372
            ],
            [
              121.526302062,
              25.028844923
            ],
            [
              121.525550821,
              25.028962684
            ],
            [
              121.525311639,
              25.029000178
            ],
            [
              121.524256645,
              25.029165544
            ],
            [
              121.524079908,
              25.029193247
            ],
            [
              121.524012653,
              25.029203788
            ],
            [
              121.523100285,
              25.029346792
            ],
            [
              121.522327309,
              25.029467941
            ],
            [
              121.521982444,
              25.029521991
            ],
            [
              121.521974689,
              25.029523207
            ],
            [
              121.521981602,
              25.029556069
            ],
            [
              121.522046852,
              25.029866231
            ],
            [
              121.522389337,
              25.031549698
            ],
            [
              121.522527781,
              25.032221869
            ],
            [
              121.522528935,
              25.03222747
            ],
            [
              121.522555868,
              25.032317463
            ],
            [
              121.522560946,
              25.032334424
            ],
            [
              121.523466983,
              25.032194839
            ],
            [
              121.524076566,
              25.032100924
            ],
            [
              121.524097834,
              25.032097647
            ],
            [
              121.526826239,
              25.031677257
            ]
          ]
        ]
      }
    },
    {
      "type": "Feature",
      "properties": {
        "dataset_slug": "tw.openfun~entity~geo",
        "record_id": "63000030-021"
      },
      "geometry": {
        "type": "Polygon",
        "coordinates": [
          [
            [
              121.526302062,
              25.028844923
            ],
            [
              121.526222897,
              25.028452072
            ],
            [
              121.526205267,
              25.028364576
            ],
            [
              121.526144719,
              25.028064109
            ],
            [
              121.526141277,
              25.028047022
            ],
            [
              121.525885365,
              25.026777028
            ],
            [
              121.525384912,
              25.026810616
            ],
            [
              121.525013555,
              25.026835539
            ],
            [
              121.524972113,
              25.026838319
            ],
            [
              121.524605686,
              25.026862911
            ],
            [
              121.524476955,
              25.026871549
            ],
            [
              121.524165157,
              25.026892474
            ],
            [
              121.52336168,
              25.02694639
            ],
            [
              121.522517225,
              25.027003248
            ],
            [
              121.522498938,
              25.027029012
            ],
            [
              121.522462142,
              25.027075288
            ],
            [
              121.522315356,
              25.027259894
            ],
            [
              121.521744472,
              25.028039716
            ],
            [
              121.521697046,
              25.028139451
            ],
            [
              121.521690499,
              25.028207918
            ],
            [
              121.521725022,
              25.028288689
            ],
            [
              121.521862906,
              25.028981666
            ],
            [
              121.521900346,
              25.029169829
            ],
            [
              121.521974689,
              25.029523207
            ],
            [
              121.521982444,
              25.029521991
            ],
            [
              121.522327309,
              25.029467941
            ],
            [
              121.523100285,
              25.029346792
            ],
            [
              121.524012653,
              25.029203788
            ],
            [
              121.524079908,
              25.029193247
            ],
            [
              121.524256645,
              25.029165544
            ],
            [
              121.525311639,
              25.029000178
            ],
            [
              121.525550821,
              25.028962684
            ],
            [
              121.526302062,
              25.028844923
            ]
          ]
        ]
      }
    },
    {
      "type": "Feature",
      "properties": {
        "dataset_slug": "tw.openfun~entity~geo",
        "record_id": "63000030-022"
      },
      "geometry": {
        "type": "Polygon",
        "coordinates": [
          [
            [
              121.543592058,
              25.033329103
            ],
            [
              121.543580153,
              25.032794016
            ],
            [
              121.543561694,
              25.031964424
            ],
            [
              121.543541538,
              25.031058426
            ],
            [
              121.543533403,
              25.03069285
            ],
            [
              121.54352772,
              25.030437354
            ],
            [
              121.543516532,
              25.030248936
            ],
            [
              121.543515519,
              25.030231885
            ],
            [
              121.543132985,
              25.029968916
            ],
            [
              121.542534565,
              25.029557533
            ],
            [
              121.542102672,
              25.029260625
            ],
            [
              121.542092395,
              25.029253559
            ],
            [
              121.542076347,
              25.029240222
            ],
            [
              121.54119871,
              25.028510793
            ],
            [
              121.541188372,
              25.0285022
            ],
            [
              121.541124426,
              25.028437282
            ],
            [
              121.540733915,
              25.028040832
            ],
            [
              121.540520739,
              25.02782441
            ],
            [
              121.540527589,
              25.028256422
            ],
            [
              121.54053479,
              25.028710432
            ],
            [
              121.540539754,
              25.029023502
            ],
            [
              121.540541925,
              25.029160428
            ],
            [
              121.540543025,
              25.029229765
            ],
            [
              121.540546675,
              25.02945988
            ],
            [
              121.540548619,
              25.029582525
            ],
            [
              121.540552891,
              25.029851881
            ],
            [
              121.540554364,
              25.029944752
            ],
            [
              121.54056606,
              25.030682289
            ],
            [
              121.540572875,
              25.031112006
            ],
            [
              121.539417129,
              25.031113396
            ],
            [
              121.5393929,
              25.031113424
            ],
            [
              121.539394698,
              25.030805913
            ],
            [
              121.539133136,
              25.030813647
            ],
            [
              121.539113646,
              25.030814224
            ],
            [
              121.538956845,
              25.03081886
            ],
            [
              121.53889532,
              25.03082068
            ],
            [
              121.538716387,
              25.03082597
            ],
            [
              121.538477792,
              25.030833023
            ],
            [
              121.538453468,
              25.030833742
            ],
            [
              121.538293511,
              25.030838471
            ],
            [
              121.538274524,
              25.030839032
            ],
            [
              121.537787431,
              25.030853432
            ],
            [
              121.537781229,
              25.032048747
            ],
            [
              121.537779161,
              25.032446982
            ],
            [
              121.537777174,
              25.032829971
            ],
            [
              121.537775832,
              25.033088587
            ],
            [
              121.537773785,
              25.033482805
            ],
            [
              121.539456845,
              25.033438367
            ],
            [
              121.53947271,
              25.033437948
            ],
            [
              121.539819467,
              25.03342879
            ],
            [
              121.541886828,
              25.033374174
            ],
            [
              121.542569035,
              25.033356146
            ],
            [
              121.542970967,
              25.033345521
            ],
            [
              121.543592058,
              25.033329103
            ]
          ]
        ]
      }
    },
    {
      "type": "Feature",
      "properties": {
        "dataset_slug": "tw.openfun~entity~geo",
        "record_id": "63000030-023"
      },
      "geometry": {
        "type": "Polygon",
        "coordinates": [
          [
            [
              121.540520739,
              25.02782441
            ],
            [
              121.540520187,
              25.027410575
            ],
            [
              121.540169243,
              25.027414063
            ],
            [
              121.53936286,
              25.027931677
            ],
            [
              121.539195052,
              25.028039392
            ],
            [
              121.538489338,
              25.028492379
            ],
            [
              121.538481064,
              25.028485463
            ],
            [
              121.538202471,
              25.028252567
            ],
            [
              121.537736399,
              25.028258923
            ],
            [
              121.537745994,
              25.028746754
            ],
            [
              121.537757067,
              25.029309691
            ],
            [
              121.537760784,
              25.02949867
            ],
            [
              121.537773732,
              25.030156975
            ],
            [
              121.537787431,
              25.030853432
            ],
            [
              121.538274524,
              25.030839032
            ],
            [
              121.538293511,
              25.030838471
            ],
            [
              121.538453468,
              25.030833742
            ],
            [
              121.538477792,
              25.030833023
            ],
            [
              121.538716387,
              25.03082597
            ],
            [
              121.53889532,
              25.03082068
            ],
            [
              121.538956845,
              25.03081886
            ],
            [
              121.539113646,
              25.030814224
            ],
            [
              121.539133136,
              25.030813647
            ],
            [
              121.539394698,
              25.030805913
            ],
            [
              121.5393929,
              25.031113424
            ],
            [
              121.539417129,
              25.031113396
            ],
            [
              121.540572875,
              25.031112006
            ],
            [
              121.54056606,
              25.030682289
            ],
            [
              121.540554364,
              25.029944752
            ],
            [
              121.540552891,
              25.029851881
            ],
            [
              121.540548619,
              25.029582525
            ],
            [
              121.540546675,
              25.02945988
            ],
            [
              121.540543025,
              25.029229765
            ],
            [
              121.540541925,
              25.029160428
            ],
            [
              121.540539754,
              25.029023502
            ],
            [
              121.54053479,
              25.028710432
            ],
            [
              121.540527589,
              25.028256422
            ],
            [
              121.540520739,
              25.02782441
            ]
          ]
        ]
      }
    },
    {
      "type": "Feature",
      "properties": {
        "dataset_slug": "tw.openfun~entity~geo",
        "record_id": "63000030-026"
      },
      "geometry": {
        "type": "Polygon",
        "coordinates": [
          [
            [
              121.543458377,
              25.028395769
            ],
            [
              121.543457802,
              25.02837654
            ],
            [
              121.543437857,
              25.027711197
            ],
            [
              121.543427418,
              25.027362924
            ],
            [
              121.543426551,
              25.027333994
            ],
            [
              121.543401424,
              25.026495678
            ],
            [
              121.543076167,
              25.02649933
            ],
            [
              121.54272626,
              25.02650326
            ],
            [
              121.541823319,
              25.026513391
            ],
            [
              121.541798081,
              25.026514206
            ],
            [
              121.541369687,
              25.026571161
            ],
            [
              121.54049758,
              25.026687106
            ],
            [
              121.5403872,
              25.02670178
            ],
            [
              121.539961522,
              25.026758369
            ],
            [
              121.539732334,
              25.026876206
            ],
            [
              121.539896961,
              25.027078871
            ],
            [
              121.540169243,
              25.027414063
            ],
            [
              121.540520187,
              25.027410575
            ],
            [
              121.540520739,
              25.02782441
            ],
            [
              121.540733915,
              25.028040832
            ],
            [
              121.541124426,
              25.028437282
            ],
            [
              121.541188372,
              25.0285022
            ],
            [
              121.54119871,
              25.028510793
            ],
            [
              121.542076347,
              25.029240222
            ],
            [
              121.542092395,
              25.029253559
            ],
            [
              121.542102672,
              25.029260625
            ],
            [
              121.542534565,
              25.029557533
            ],
            [
              121.543132985,
              25.029968916
            ],
            [
              121.543515519,
              25.030231885
            ],
            [
              121.543484634,
              25.029239446
            ],
            [
              121.543458377,
              25.028395769
            ]
          ]
        ]
      }
    },
    {
      "type": "Feature",
      "properties": {
        "dataset_slug": "tw.openfun~entity~geo",
        "record_id": "63000030-027"
      },
      "geometry": {
        "type": "Polygon",
        "coordinates": [
          [
            [
              121.548761655,
              25.030945778
            ],
            [
              121.548767061,
              25.030442466
            ],
            [
              121.548772595,
              25.029936744
            ],
            [
              121.548772673,
              25.02992963
            ],
            [
              121.548793034,
              25.028068913
            ],
            [
              121.548013342,
              25.028117227
            ],
            [
              121.547259273,
              25.02816395
            ],
            [
              121.547191894,
              25.028168125
            ],
            [
              121.546912581,
              25.02818543
            ],
            [
              121.545992769,
              25.028244023
            ],
            [
              121.545961377,
              25.028246025
            ],
            [
              121.5459301,
              25.028248016
            ],
            [
              121.545689303,
              25.028263355
            ],
            [
              121.545322315,
              25.02828673
            ],
            [
              121.545055865,
              25.028302319
            ],
            [
              121.544557693,
              25.028331463
            ],
            [
              121.54409283,
              25.028358657
            ],
            [
              121.543864018,
              25.028372042
            ],
            [
              121.543458377,
              25.028395769
            ],
            [
              121.543484634,
              25.029239446
            ],
            [
              121.543515519,
              25.030231885
            ],
            [
              121.543516532,
              25.030248936
            ],
            [
              121.54352772,
              25.030437354
            ],
            [
              121.543566606,
              25.030490624
            ],
            [
              121.543809406,
              25.030823241
            ],
            [
              121.543958159,
              25.031027017
            ],
            [
              121.545130518,
              25.031006493
            ],
            [
              121.546056054,
              25.030990287
            ],
            [
              121.54779151,
              25.030959879
            ],
            [
              121.547983081,
              25.030956521
            ],
            [
              121.547988579,
              25.030956424
            ],
            [
              121.548761655,
              25.030945778
            ]
          ]
        ]
      }
    },
    {
      "type": "Feature",
      "properties": {
        "dataset_slug": "tw.openfun~entity~geo",
        "record_id": "63000030-028"
      },
      "geometry": {
        "type": "Polygon",
        "coordinates": [
          [
            [
              121.540169243,
              25.027414063
            ],
            [
              121.539896961,
              25.027078871
            ],
            [
              121.539732334,
              25.026876206
            ],
            [
              121.539961522,
              25.026758369
            ],
            [
              121.5403872,
              25.02670178
            ],
            [
              121.54049758,
              25.026687106
            ],
            [
              121.541369687,
              25.026571161
            ],
            [
              121.541798081,
              25.026514206
            ],
            [
              121.541823319,
              25.026513391
            ],
            [
              121.54272626,
              25.02650326
            ],
            [
              121.543076167,
              25.02649933
            ],
            [
              121.543401424,
              25.026495678
            ],
            [
              121.543385279,
              25.0257213
            ],
            [
              121.543366834,
              25.024836627
            ],
            [
              121.542882051,
              25.024901695
            ],
            [
              121.542634122,
              25.02493497
            ],
            [
              121.541968329,
              25.025024327
            ],
            [
              121.541808047,
              25.025045838
            ],
            [
              121.541382352,
              25.025102969
            ],
            [
              121.541250581,
              25.025120654
            ],
            [
              121.540255856,
              25.025254146
            ],
            [
              121.53991298,
              25.025300158
            ],
            [
              121.53975654,
              25.025321152
            ],
            [
              121.539230961,
              25.02539472
            ],
            [
              121.53886826,
              25.025445488
            ],
            [
              121.537662624,
              25.025614237
            ],
            [
              121.537688237,
              25.026486218
            ],
            [
              121.537711559,
              25.027280249
            ],
            [
              121.537723729,
              25.027694538
            ],
            [
              121.53772848,
              25.027856318
            ],
            [
              121.537736399,
              25.028258923
            ],
            [
              121.538202471,
              25.028252567
            ],
            [
              121.538481064,
              25.028485463
            ],
            [
              121.538489338,
              25.028492379
            ],
            [
              121.539195052,
              25.028039392
            ],
            [
              121.53936286,
              25.027931677
            ],
            [
              121.540169243,
              25.027414063
            ]
          ]
        ]
      }
    },
    {
      "type": "Feature",
      "properties": {
        "dataset_slug": "tw.openfun~entity~geo",
        "record_id": "63000030-029"
      },
      "geometry": {
        "type": "Polygon",
        "coordinates": [
          [
            [
              121.545950258,
              25.033275131
            ],
            [
              121.545956296,
              25.033275003
            ],
            [
              121.546264034,
              25.033268505
            ],
            [
              121.547713779,
              25.033237881
            ],
            [
              121.548044982,
              25.033230884
            ],
            [
              121.548817007,
              25.033214566
            ],
            [
              121.548811421,
              25.032985538
            ],
            [
              121.548789611,
              25.032091644
            ],
            [
              121.548772661,
              25.031396889
            ],
            [
              121.548761655,
              25.030945778
            ],
            [
              121.547988579,
              25.030956424
            ],
            [
              121.547983081,
              25.030956521
            ],
            [
              121.54779151,
              25.030959879
            ],
            [
              121.546056054,
              25.030990287
            ],
            [
              121.545130518,
              25.031006493
            ],
            [
              121.543958159,
              25.031027017
            ],
            [
              121.543809406,
              25.030823241
            ],
            [
              121.543566606,
              25.030490624
            ],
            [
              121.54352772,
              25.030437354
            ],
            [
              121.543533403,
              25.03069285
            ],
            [
              121.543541538,
              25.031058426
            ],
            [
              121.543561694,
              25.031964424
            ],
            [
              121.543580153,
              25.032794016
            ],
            [
              121.543592058,
              25.033329103
            ],
            [
              121.544383129,
              25.033311002
            ],
            [
              121.544639958,
              25.033305124
            ],
            [
              121.545062322,
              25.033295457
            ],
            [
              121.545447528,
              25.03328664
            ],
            [
              121.545950258,
              25.033275131
            ]
          ]
        ]
      }
    },
    {
      "type": "Feature",
      "properties": {
        "dataset_slug": "tw.openfun~entity~geo",
        "record_id": "63000030-030"
      },
      "geometry": {
        "type": "Polygon",
        "coordinates": [
          [
            [
              121.552476962,
              25.033146033
            ],
            [
              121.552462544,
              25.032610144
            ],
            [
              121.552448415,
              25.032085037
            ],
            [
              121.552428855,
              25.031358058
            ],
            [
              121.552427825,
              25.031319751
            ],
            [
              121.552416853,
              25.030911995
            ],
            [
              121.552404505,
              25.030453013
            ],
            [
              121.551973104,
              25.030067358
            ],
            [
              121.551504425,
              25.029648376
            ],
            [
              121.550794776,
              25.029013963
            ],
            [
              121.550773835,
              25.028995243
            ],
            [
              121.550267451,
              25.028552751
            ],
            [
              121.550119318,
              25.028374947
            ],
            [
              121.549968937,
              25.028194441
            ],
            [
              121.549834318,
              25.028026077
            ],
            [
              121.549817858,
              25.028005492
            ],
            [
              121.54934669,
              25.028034651
            ],
            [
              121.548793034,
              25.028068913
            ],
            [
              121.548772673,
              25.02992963
            ],
            [
              121.548772595,
              25.029936744
            ],
            [
              121.548767061,
              25.030442466
            ],
            [
              121.548761655,
              25.030945778
            ],
            [
              121.548772661,
              25.031396889
            ],
            [
              121.548789611,
              25.032091644
            ],
            [
              121.548811421,
              25.032985538
            ],
            [
              121.548817007,
              25.033214566
            ],
            [
              121.549640552,
              25.033199154
            ],
            [
              121.550198009,
              25.033188718
            ],
            [
              121.550574945,
              25.03318166
            ],
            [
              121.550706603,
              25.033179194
            ],
            [
              121.551597745,
              25.033162505
            ],
            [
              121.552476962,
              25.033146033
            ]
          ]
        ]
      }
    },
    {
      "type": "Feature",
      "properties": {
        "dataset_slug": "tw.openfun~entity~geo",
        "record_id": "63000030-031"
      },
      "geometry": {
        "type": "Polygon",
        "coordinates": [
          [
            [
              121.556287724,
              25.033076048
            ],
            [
              121.55659572,
              25.033068361
            ],
            [
              121.557440471,
              25.033047274
            ],
            [
              121.557440027,
              25.032949038
            ],
            [
              121.557437893,
              25.032478349
            ],
            [
              121.557421054,
              25.032069109
            ],
            [
              121.557410373,
              25.031333775
            ],
            [
              121.557414623,
              25.030799597
            ],
            [
              121.557415149,
              25.030733455
            ],
            [
              121.557405645,
              25.030290078
            ],
            [
              121.557411408,
              25.029908044
            ],
            [
              121.557394845,
              25.029560191
            ],
            [
              121.557382581,
              25.029481639
            ],
            [
              121.557373681,
              25.02942463
            ],
            [
              121.557367597,
              25.02938566
            ],
            [
              121.556607687,
              25.029573628
            ],
            [
              121.556267756,
              25.029657711
            ],
            [
              121.55523131,
              25.029914072
            ],
            [
              121.555224362,
              25.029915792
            ],
            [
              121.554511508,
              25.030092109
            ],
            [
              121.554209394,
              25.030166833
            ],
            [
              121.55420977,
              25.030188469
            ],
            [
              121.55421574,
              25.030532352
            ],
            [
              121.554221725,
              25.03087703
            ],
            [
              121.55422181,
              25.030881876
            ],
            [
              121.554235201,
              25.031653073
            ],
            [
              121.554248274,
              25.032405909
            ],
            [
              121.55424839,
              25.032412658
            ],
            [
              121.554251981,
              25.032619386
            ],
            [
              121.554254095,
              25.032741098
            ],
            [
              121.554260434,
              25.033106207
            ],
            [
              121.554281032,
              25.033105901
            ],
            [
              121.55526309,
              25.033091295
            ],
            [
              121.555520912,
              25.033087459
            ],
            [
              121.55580851,
              25.03308318
            ],
            [
              121.556287724,
              25.033076048
            ]
          ]
        ]
      }
    },
    {
      "type": "Feature",
      "properties": {
        "dataset_slug": "tw.openfun~entity~geo",
        "record_id": "63000030-032"
      },
      "geometry": {
        "type": "Polygon",
        "coordinates": [
          [
            [
              121.554260434,
              25.033106207
            ],
            [
              121.554254095,
              25.032741098
            ],
            [
              121.554251981,
              25.032619386
            ],
            [
              121.55424839,
              25.032412658
            ],
            [
              121.554248274,
              25.032405909
            ],
            [
              121.554235201,
              25.031653073
            ],
            [
              121.55422181,
              25.030881876
            ],
            [
              121.554221725,
              25.03087703
            ],
            [
              121.55421574,
              25.030532352
            ],
            [
              121.55420977,
              25.030188469
            ],
            [
              121.554209394,
              25.030166833
            ],
            [
              121.554061127,
              25.029659221
            ],
            [
              121.553947178,
              25.029269102
            ],
            [
              121.553838252,
              25.028896172
            ],
            [
              121.553712623,
              25.028466056
            ],
            [
              121.55358894,
              25.028042601
            ],
            [
              121.552629001,
              25.028283583
            ],
            [
              121.552623465,
              25.028285147
            ],
            [
              121.552220522,
              25.028399021
            ],
            [
              121.552130062,
              25.028409686
            ],
            [
              121.552056535,
              25.028410997
            ],
            [
              121.552002207,
              25.028407064
            ],
            [
              121.551894653,
              25.028388857
            ],
            [
              121.551627711,
              25.028314179
            ],
            [
              121.551610341,
              25.02830932
            ],
            [
              121.551592604,
              25.028303022
            ],
            [
              121.551105269,
              25.028129975
            ],
            [
              121.551100482,
              25.028142477
            ],
            [
              121.550773835,
              25.028995243
            ],
            [
              121.550794776,
              25.029013963
            ],
            [
              121.551504425,
              25.029648376
            ],
            [
              121.551973104,
              25.030067358
            ],
            [
              121.552404505,
              25.030453013
            ],
            [
              121.552416853,
              25.030911995
            ],
            [
              121.552427825,
              25.031319751
            ],
            [
              121.552428855,
              25.031358058
            ],
            [
              121.552448415,
              25.032085037
            ],
            [
              121.552462544,
              25.032610144
            ],
            [
              121.552476962,
              25.033146033
            ],
            [
              121.553323826,
              25.033127124
            ],
            [
              121.553350719,
              25.033126524
            ],
            [
              121.553599599,
              25.033120967
            ],
            [
              121.554260434,
              25.033106207
            ]
          ]
        ]
      }
    },
    {
      "type": "Feature",
      "properties": {
        "dataset_slug": "tw.openfun~entity~geo",
        "record_id": "63000030-033"
      },
      "geometry": {
        "type": "Polygon",
        "coordinates": [
          [
            [
              121.557367597,
              25.02938566
            ],
            [
              121.557363978,
              25.029362483
            ],
            [
              121.557292674,
              25.02923398
            ],
            [
              121.557258212,
              25.029171874
            ],
            [
              121.55707474,
              25.028826425
            ],
            [
              121.556999288,
              25.028710743
            ],
            [
              121.55685572,
              25.028445243
            ],
            [
              121.556621902,
              25.028105029
            ],
            [
              121.55659855,
              25.028076425
            ],
            [
              121.556410931,
              25.027846607
            ],
            [
              121.556207731,
              25.027649527
            ],
            [
              121.556023361,
              25.027478296
            ],
            [
              121.55599298,
              25.02745008
            ],
            [
              121.555744081,
              25.027511429
            ],
            [
              121.555103242,
              25.027669378
            ],
            [
              121.554609974,
              25.027790953
            ],
            [
              121.554601693,
              25.027792994
            ],
            [
              121.553595123,
              25.028041077
            ],
            [
              121.55358894,
              25.028042601
            ],
            [
              121.553712623,
              25.028466056
            ],
            [
              121.553838252,
              25.028896172
            ],
            [
              121.553947178,
              25.029269102
            ],
            [
              121.554061127,
              25.029659221
            ],
            [
              121.554209394,
              25.030166833
            ],
            [
              121.554511508,
              25.030092109
            ],
            [
              121.555224362,
              25.029915792
            ],
            [
              121.55523131,
              25.029914072
            ],
            [
              121.556267756,
              25.029657711
            ],
            [
              121.556607687,
              25.029573628
            ],
            [
              121.557367597,
              25.02938566
            ]
          ]
        ]
      }
    },
    {
      "type": "Feature",
      "properties": {
        "dataset_slug": "tw.openfun~entity~geo",
        "record_id": "63000030-034"
      },
      "geometry": {
        "type": "Polygon",
        "coordinates": [
          [
            [
              121.55358894,
              25.028042601
            ],
            [
              121.553595123,
              25.028041077
            ],
            [
              121.554601693,
              25.027792994
            ],
            [
              121.554609974,
              25.027790953
            ],
            [
              121.555103242,
              25.027669378
            ],
            [
              121.555744081,
              25.027511429
            ],
            [
              121.55599298,
              25.02745008
            ],
            [
              121.555946676,
              25.027407076
            ],
            [
              121.555944377,
              25.02740494
            ],
            [
              121.55574892,
              25.027262423
            ],
            [
              121.555432903,
              25.026970275
            ],
            [
              121.554988955,
              25.026555814
            ],
            [
              121.554778269,
              25.026358776
            ],
            [
              121.554256385,
              25.02587746
            ],
            [
              121.553947923,
              25.025598933
            ],
            [
              121.553751196,
              25.02540982
            ],
            [
              121.553714639,
              25.025374678
            ],
            [
              121.553353515,
              25.025048594
            ],
            [
              121.552962303,
              25.024695318
            ],
            [
              121.552623756,
              25.024389599
            ],
            [
              121.552647437,
              25.024360605
            ],
            [
              121.552671056,
              25.024331687
            ],
            [
              121.552552609,
              25.024328344
            ],
            [
              121.552545429,
              25.024347201
            ],
            [
              121.552346228,
              25.024870445
            ],
            [
              121.55197592,
              25.025843127
            ],
            [
              121.55196709,
              25.025866317
            ],
            [
              121.551679509,
              25.026621687
            ],
            [
              121.551516133,
              25.027050814
            ],
            [
              121.551376548,
              25.027417446
            ],
            [
              121.551105269,
              25.028129975
            ],
            [
              121.551592604,
              25.028303022
            ],
            [
              121.551610341,
              25.02830932
            ],
            [
              121.551627711,
              25.028314179
            ],
            [
              121.551894653,
              25.028388857
            ],
            [
              121.552002207,
              25.028407064
            ],
            [
              121.552056535,
              25.028410997
            ],
            [
              121.552130062,
              25.028409686
            ],
            [
              121.552220522,
              25.028399021
            ],
            [
              121.552623465,
              25.028285147
            ],
            [
              121.552629001,
              25.028283583
            ],
            [
              121.55358894,
              25.028042601
            ]
          ]
        ]
      }
    },
    {
      "type": "Feature",
      "properties": {
        "dataset_slug": "tw.openfun~entity~geo",
        "record_id": "63000030-035"
      },
      "geometry": {
        "type": "Polygon",
        "coordinates": [
          [
            [
              121.551105269,
              25.028129975
            ],
            [
              121.551376548,
              25.027417446
            ],
            [
              121.551516133,
              25.027050814
            ],
            [
              121.551679509,
              25.026621687
            ],
            [
              121.55196709,
              25.025866317
            ],
            [
              121.55197592,
              25.025843127
            ],
            [
              121.552346228,
              25.024870445
            ],
            [
              121.552545429,
              25.024347201
            ],
            [
              121.552552609,
              25.024328344
            ],
            [
              121.552537428,
              25.024327915
            ],
            [
              121.551269494,
              25.024398101
            ],
            [
              121.550575553,
              25.02443651
            ],
            [
              121.550568006,
              25.024436927
            ],
            [
              121.550319232,
              25.024450695
            ],
            [
              121.550301324,
              25.024451686
            ],
            [
              121.549966815,
              25.0244702
            ],
            [
              121.548709833,
              25.024539756
            ],
            [
              121.5487209,
              25.0250092
            ],
            [
              121.548722426,
              25.025073959
            ],
            [
              121.548730703,
              25.025425025
            ],
            [
              121.548733871,
              25.025559405
            ],
            [
              121.548736168,
              25.02565688
            ],
            [
              121.548768053,
              25.027009295
            ],
            [
              121.54878895,
              25.027895717
            ],
            [
              121.548793034,
              25.028068913
            ],
            [
              121.54934669,
              25.028034651
            ],
            [
              121.549817858,
              25.028005492
            ],
            [
              121.549834318,
              25.028026077
            ],
            [
              121.549968937,
              25.028194441
            ],
            [
              121.550119318,
              25.028374947
            ],
            [
              121.550267451,
              25.028552751
            ],
            [
              121.550773835,
              25.028995243
            ],
            [
              121.551100482,
              25.028142477
            ],
            [
              121.551105269,
              25.028129975
            ]
          ]
        ]
      }
    },
    {
      "type": "Feature",
      "properties": {
        "dataset_slug": "tw.openfun~entity~geo",
        "record_id": "63000030-036"
      },
      "geometry": {
        "type": "Polygon",
        "coordinates": [
          [
            [
              121.545322315,
              25.02828673
            ],
            [
              121.54488291,
              25.028098889
            ],
            [
              121.544875919,
              25.027653997
            ],
            [
              121.544875911,
              25.027653434
            ],
            [
              121.544663168,
              25.027662386
            ],
            [
              121.544317883,
              25.027676913
            ],
            [
              121.544302262,
              25.027343475
            ],
            [
              121.544290703,
              25.027096746
            ],
            [
              121.544279247,
              25.026852193
            ],
            [
              121.544262602,
              25.026496897
            ],
            [
              121.544262383,
              25.026492238
            ],
            [
              121.544257895,
              25.02585388
            ],
            [
              121.544740463,
              25.025855842
            ],
            [
              121.545161447,
              25.025857636
            ],
            [
              121.545191489,
              25.025858518
            ],
            [
              121.545165427,
              25.025622503
            ],
            [
              121.545510875,
              25.025608279
            ],
            [
              121.545675748,
              25.025601491
            ],
            [
              121.546002117,
              25.025588052
            ],
            [
              121.546314649,
              25.025575182
            ],
            [
              121.546739035,
              25.025557704
            ],
            [
              121.546765095,
              25.025952292
            ],
            [
              121.546784864,
              25.026251652
            ],
            [
              121.54679194,
              25.026358777
            ],
            [
              121.546803648,
              25.02653606
            ],
            [
              121.546829322,
              25.026924802
            ],
            [
              121.546840626,
              25.02709596
            ],
            [
              121.546857375,
              25.027349562
            ],
            [
              121.546860982,
              25.027404175
            ],
            [
              121.546870199,
              25.027543728
            ],
            [
              121.546889125,
              25.027830284
            ],
            [
              121.546899088,
              25.027981151
            ],
            [
              121.546903173,
              25.028043
            ],
            [
              121.546912581,
              25.02818543
            ],
            [
              121.547191894,
              25.028168125
            ],
            [
              121.547259273,
              25.02816395
            ],
            [
              121.548013342,
              25.028117227
            ],
            [
              121.548793034,
              25.028068913
            ],
            [
              121.54878895,
              25.027895717
            ],
            [
              121.548768053,
              25.027009295
            ],
            [
              121.548736168,
              25.02565688
            ],
            [
              121.548733871,
              25.025559405
            ],
            [
              121.548730703,
              25.025425025
            ],
            [
              121.548722426,
              25.025073959
            ],
            [
              121.5487209,
              25.0250092
            ],
            [
              121.548709833,
              25.024539756
            ],
            [
              121.547797807,
              25.024590782
            ],
            [
              121.547619801,
              25.02460074
            ],
            [
              121.546705783,
              25.02465187
            ],
            [
              121.546670357,
              25.024653831
            ],
            [
              121.546547536,
              25.024660628
            ],
            [
              121.546243824,
              25.024677437
            ],
            [
              121.54506375,
              25.02474274
            ],
            [
              121.544004742,
              25.024801335
            ],
            [
              121.543962277,
              25.024803684
            ],
            [
              121.543366834,
              25.024836627
            ],
            [
              121.543385279,
              25.0257213
            ],
            [
              121.543401424,
              25.026495678
            ],
            [
              121.543426551,
              25.027333994
            ],
            [
              121.543427418,
              25.027362924
            ],
            [
              121.543437857,
              25.027711197
            ],
            [
              121.543457802,
              25.02837654
            ],
            [
              121.543458377,
              25.028395769
            ],
            [
              121.543864018,
              25.028372042
            ],
            [
              121.54409283,
              25.028358657
            ],
            [
              121.544557693,
              25.028331463
            ],
            [
              121.545055865,
              25.028302319
            ],
            [
              121.545322315,
              25.02828673
            ]
          ]
        ]
      }
    },
    {
      "type": "Feature",
      "properties": {
        "dataset_slug": "tw.openfun~entity~geo",
        "record_id": "63000030-037"
      },
      "geometry": {
        "type": "Polygon",
        "coordinates": [
          [
            [
              121.546912581,
              25.02818543
            ],
            [
              121.546903173,
              25.028043
            ],
            [
              121.546899088,
              25.027981151
            ],
            [
              121.546889125,
              25.027830284
            ],
            [
              121.546870199,
              25.027543728
            ],
            [
              121.546860982,
              25.027404175
            ],
            [
              121.546857375,
              25.027349562
            ],
            [
              121.546840626,
              25.02709596
            ],
            [
              121.546829322,
              25.026924802
            ],
            [
              121.546803648,
              25.02653606
            ],
            [
              121.54679194,
              25.026358777
            ],
            [
              121.546784864,
              25.026251652
            ],
            [
              121.546765095,
              25.025952292
            ],
            [
              121.546739035,
              25.025557704
            ],
            [
              121.546314649,
              25.025575182
            ],
            [
              121.546002117,
              25.025588052
            ],
            [
              121.545675748,
              25.025601491
            ],
            [
              121.545510875,
              25.025608279
            ],
            [
              121.545165427,
              25.025622503
            ],
            [
              121.545191489,
              25.025858518
            ],
            [
              121.545161447,
              25.025857636
            ],
            [
              121.544740463,
              25.025855842
            ],
            [
              121.544257895,
              25.02585388
            ],
            [
              121.544262383,
              25.026492238
            ],
            [
              121.544262602,
              25.026496897
            ],
            [
              121.544279247,
              25.026852193
            ],
            [
              121.544290703,
              25.027096746
            ],
            [
              121.544302262,
              25.027343475
            ],
            [
              121.544317883,
              25.027676913
            ],
            [
              121.544663168,
              25.027662386
            ],
            [
              121.544875911,
              25.027653434
            ],
            [
              121.544875919,
              25.027653997
            ],
            [
              121.54488291,
              25.028098889
            ],
            [
              121.545322315,
              25.02828673
            ],
            [
              121.545689303,
              25.028263355
            ],
            [
              121.5459301,
              25.028248016
            ],
            [
              121.545961377,
              25.028246025
            ],
            [
              121.545992769,
              25.028244023
            ],
            [
              121.546912581,
              25.02818543
            ]
          ]
        ]
      }
    },
    {
      "type": "Feature",
      "properties": {
        "dataset_slug": "tw.openfun~entity~geo",
        "record_id": "63000030-038"
      },
      "geometry": {
        "type": "Polygon",
        "coordinates": [
          [
            [
              121.548709833,
              25.024539756
            ],
            [
              121.549966815,
              25.0244702
            ],
            [
              121.550301324,
              25.024451686
            ],
            [
              121.550319232,
              25.024450695
            ],
            [
              121.550568006,
              25.024436927
            ],
            [
              121.550575553,
              25.02443651
            ],
            [
              121.551269494,
              25.024398101
            ],
            [
              121.552537428,
              25.024327915
            ],
            [
              121.552552609,
              25.024328344
            ],
            [
              121.552545536,
              25.024320358
            ],
            [
              121.551365554,
              25.023276971
            ],
            [
              121.550313371,
              25.022346567
            ],
            [
              121.550271559,
              25.022309595
            ],
            [
              121.549298639,
              25.021449258
            ],
            [
              121.548722955,
              25.020940182
            ],
            [
              121.548367154,
              25.020625546
            ],
            [
              121.548263109,
              25.020721356
            ],
            [
              121.547691657,
              25.021487234
            ],
            [
              121.547596771,
              25.021622375
            ],
            [
              121.547432352,
              25.021845631
            ],
            [
              121.547267862,
              25.022052989
            ],
            [
              121.547207173,
              25.022108871
            ],
            [
              121.54688287,
              25.022894198
            ],
            [
              121.546664524,
              25.023422933
            ],
            [
              121.546630023,
              25.023494625
            ],
            [
              121.546642655,
              25.023687578
            ],
            [
              121.546667568,
              25.024068116
            ],
            [
              121.546680366,
              25.024263613
            ],
            [
              121.546705783,
              25.02465187
            ],
            [
              121.547619801,
              25.02460074
            ],
            [
              121.547797807,
              25.024590782
            ],
            [
              121.548709833,
              25.024539756
            ]
          ]
        ]
      }
    },
    {
      "type": "Feature",
      "properties": {
        "dataset_slug": "tw.openfun~entity~geo",
        "record_id": "63000030-039"
      },
      "geometry": {
        "type": "Polygon",
        "coordinates": [
          [
            [
              121.546705783,
              25.02465187
            ],
            [
              121.546680366,
              25.024263613
            ],
            [
              121.546667568,
              25.024068116
            ],
            [
              121.546642655,
              25.023687578
            ],
            [
              121.546630023,
              25.023494625
            ],
            [
              121.546664524,
              25.023422933
            ],
            [
              121.54688287,
              25.022894198
            ],
            [
              121.547207173,
              25.022108871
            ],
            [
              121.547267862,
              25.022052989
            ],
            [
              121.547432352,
              25.021845631
            ],
            [
              121.547596771,
              25.021622375
            ],
            [
              121.547691657,
              25.021487234
            ],
            [
              121.548263109,
              25.020721356
            ],
            [
              121.548367154,
              25.020625546
            ],
            [
              121.548196383,
              25.020480204
            ],
            [
              121.546576634,
              25.019101615
            ],
            [
              121.545898248,
              25.019792987
            ],
            [
              121.545179675,
              25.0205253
            ],
            [
              121.545063677,
              25.020634658
            ],
            [
              121.544939299,
              25.020728834
            ],
            [
              121.544801037,
              25.020820534
            ],
            [
              121.544682107,
              25.020891903
            ],
            [
              121.544563132,
              25.020955661
            ],
            [
              121.544397071,
              25.021032269
            ],
            [
              121.544312771,
              25.021064436
            ],
            [
              121.544269717,
              25.021080864
            ],
            [
              121.544135699,
              25.021120758
            ],
            [
              121.544114617,
              25.021127033
            ],
            [
              121.543829245,
              25.021188872
            ],
            [
              121.543582536,
              25.021215107
            ],
            [
              121.543335726,
              25.021218538
            ],
            [
              121.543339323,
              25.021636819
            ],
            [
              121.543342983,
              25.022062733
            ],
            [
              121.543347961,
              25.022641484
            ],
            [
              121.543350313,
              25.022915114
            ],
            [
              121.543355784,
              25.023551355
            ],
            [
              121.543355963,
              25.023572167
            ],
            [
              121.543366834,
              25.024836627
            ],
            [
              121.543962277,
              25.024803684
            ],
            [
              121.544004742,
              25.024801335
            ],
            [
              121.54506375,
              25.02474274
            ],
            [
              121.546243824,
              25.024677437
            ],
            [
              121.546547536,
              25.024660628
            ],
            [
              121.546670357,
              25.024653831
            ],
            [
              121.546705783,
              25.02465187
            ]
          ]
        ]
      }
    },
    {
      "type": "Feature",
      "properties": {
        "dataset_slug": "tw.openfun~entity~geo",
        "record_id": "63000030-040"
      },
      "geometry": {
        "type": "Polygon",
        "coordinates": [
          [
            [
              121.543366834,
              25.024836627
            ],
            [
              121.543355963,
              25.023572167
            ],
            [
              121.543355784,
              25.023551355
            ],
            [
              121.543350313,
              25.022915114
            ],
            [
              121.543347961,
              25.022641484
            ],
            [
              121.543342983,
              25.022062733
            ],
            [
              121.543339323,
              25.021636819
            ],
            [
              121.543335726,
              25.021218538
            ],
            [
              121.541064482,
              25.021266407
            ],
            [
              121.540204621,
              25.021284521
            ],
            [
              121.539569992,
              25.021297886
            ],
            [
              121.539556111,
              25.021298179
            ],
            [
              121.539431373,
              25.021311289
            ],
            [
              121.539298346,
              25.02133204
            ],
            [
              121.539201364,
              25.02135266
            ],
            [
              121.539101663,
              25.021383419
            ],
            [
              121.538977047,
              25.021424397
            ],
            [
              121.53884696,
              25.021483136
            ],
            [
              121.538727971,
              25.021544362
            ],
            [
              121.538628357,
              25.021595389
            ],
            [
              121.538531595,
              25.021664127
            ],
            [
              121.538363066,
              25.021814197
            ],
            [
              121.538841802,
              25.022379005
            ],
            [
              121.539093324,
              25.022675748
            ],
            [
              121.539332626,
              25.022958069
            ],
            [
              121.539337082,
              25.022964369
            ],
            [
              121.539529615,
              25.023236497
            ],
            [
              121.539643752,
              25.023397821
            ],
            [
              121.539688588,
              25.02353381
            ],
            [
              121.539783891,
              25.023823912
            ],
            [
              121.539635789,
              25.024471192
            ],
            [
              121.53975654,
              25.025321152
            ],
            [
              121.53991298,
              25.025300158
            ],
            [
              121.540255856,
              25.025254146
            ],
            [
              121.541250581,
              25.025120654
            ],
            [
              121.541382352,
              25.025102969
            ],
            [
              121.541808047,
              25.025045838
            ],
            [
              121.541968329,
              25.025024327
            ],
            [
              121.542634122,
              25.02493497
            ],
            [
              121.542882051,
              25.024901695
            ],
            [
              121.543366834,
              25.024836627
            ]
          ]
        ]
      }
    },
    {
      "type": "Feature",
      "properties": {
        "dataset_slug": "tw.openfun~entity~geo",
        "record_id": "63000030-041"
      },
      "geometry": {
        "type": "Polygon",
        "coordinates": [
          [
            [
              121.537773785,
              25.033482805
            ],
            [
              121.537775832,
              25.033088587
            ],
            [
              121.537777174,
              25.032829971
            ],
            [
              121.537779161,
              25.032446982
            ],
            [
              121.537781229,
              25.032048747
            ],
            [
              121.537787431,
              25.030853432
            ],
            [
              121.537773732,
              25.030156975
            ],
            [
              121.537760784,
              25.02949867
            ],
            [
              121.537757067,
              25.029309691
            ],
            [
              121.537745994,
              25.028746754
            ],
            [
              121.537736399,
              25.028258923
            ],
            [
              121.53772848,
              25.027856318
            ],
            [
              121.537723729,
              25.027694538
            ],
            [
              121.537711559,
              25.027280249
            ],
            [
              121.537688237,
              25.026486218
            ],
            [
              121.537662624,
              25.025614237
            ],
            [
              121.53886826,
              25.025445488
            ],
            [
              121.539230961,
              25.02539472
            ],
            [
              121.53975654,
              25.025321152
            ],
            [
              121.539635789,
              25.024471192
            ],
            [
              121.539783891,
              25.023823912
            ],
            [
              121.539688588,
              25.02353381
            ],
            [
              121.539643752,
              25.023397821
            ],
            [
              121.539529615,
              25.023236497
            ],
            [
              121.539337082,
              25.022964369
            ],
            [
              121.539332626,
              25.022958069
            ],
            [
              121.539093324,
              25.022675748
            ],
            [
              121.538841802,
              25.022379005
            ],
            [
              121.538363066,
              25.021814197
            ],
            [
              121.537572618,
              25.022437685
            ],
            [
              121.536325875,
              25.022408233
            ],
            [
              121.536086503,
              25.022402577
            ],
            [
              121.534410724,
              25.022362971
            ],
            [
              121.534648804,
              25.024260917
            ],
            [
              121.534676815,
              25.024484224
            ],
            [
              121.534717096,
              25.024805313
            ],
            [
              121.534733445,
              25.02493565
            ],
            [
              121.534770709,
              25.025232714
            ],
            [
              121.534794668,
              25.02542369
            ],
            [
              121.53486409,
              25.0259771
            ],
            [
              121.534866271,
              25.026015027
            ],
            [
              121.534923872,
              25.027016485
            ],
            [
              121.534667725,
              25.02776292
            ],
            [
              121.534495431,
              25.028264992
            ],
            [
              121.534341659,
              25.028713088
            ],
            [
              121.534125687,
              25.029342431
            ],
            [
              121.533689628,
              25.030613084
            ],
            [
              121.533209907,
              25.032007945
            ],
            [
              121.533085419,
              25.032369912
            ],
            [
              121.532833505,
              25.033102373
            ],
            [
              121.532679599,
              25.033549864
            ],
            [
              121.534539742,
              25.033525398
            ],
            [
              121.535905454,
              25.03350742
            ],
            [
              121.537066279,
              25.033492129
            ],
            [
              121.537773785,
              25.033482805
            ]
          ]
        ]
      }
    },
    {
      "type": "Feature",
      "properties": {
        "dataset_slug": "tw.openfun~entity~geo",
        "record_id": "63000030-043"
      },
      "geometry": {
        "type": "Polygon",
        "coordinates": [
          [
            [
              121.534410724,
              25.022362971
            ],
            [
              121.534091189,
              25.020816647
            ],
            [
              121.533920786,
              25.019992001
            ],
            [
              121.533739571,
              25.019115012
            ],
            [
              121.533365762,
              25.017305931
            ],
            [
              121.533301538,
              25.016995112
            ],
            [
              121.532643431,
              25.016399393
            ],
            [
              121.532261779,
              25.016769947
            ],
            [
              121.531859161,
              25.017151165
            ],
            [
              121.531641898,
              25.017362279
            ],
            [
              121.531347859,
              25.017626256
            ],
            [
              121.53087161,
              25.018076617
            ],
            [
              121.530564936,
              25.018387368
            ],
            [
              121.530232616,
              25.018704058
            ],
            [
              121.53011614,
              25.018810949
            ],
            [
              121.529861895,
              25.019044267
            ],
            [
              121.529472122,
              25.019431267
            ],
            [
              121.529245187,
              25.019655133
            ],
            [
              121.529266472,
              25.019674425
            ],
            [
              121.529283331,
              25.019689704
            ],
            [
              121.52974988,
              25.020088889
            ],
            [
              121.530434264,
              25.020674448
            ],
            [
              121.530737359,
              25.020933774
            ],
            [
              121.531684633,
              25.021744241
            ],
            [
              121.531688447,
              25.021747504
            ],
            [
              121.531886031,
              25.021892961
            ],
            [
              121.532130929,
              25.022038665
            ],
            [
              121.5323364,
              25.022140524
            ],
            [
              121.532416792,
              25.022176069
            ],
            [
              121.532452964,
              25.022188708
            ],
            [
              121.532582858,
              25.022234092
            ],
            [
              121.532679269,
              25.022264695
            ],
            [
              121.532886315,
              25.022317688
            ],
            [
              121.53317526,
              25.022363087
            ],
            [
              121.534410724,
              25.022362971
            ]
          ]
        ]
      }
    },
    {
      "type": "Feature",
      "properties": {
        "dataset_slug": "tw.openfun~entity~geo",
        "record_id": "63000030-044"
      },
      "geometry": {
        "type": "Polygon",
        "coordinates": [
          [
            [
              121.554738647,
              25.022402091
            ],
            [
              121.554670134,
              25.022332767
            ],
            [
              121.554430048,
              25.022089844
            ],
            [
              121.554298189,
              25.021956426
            ],
            [
              121.554262476,
              25.021896537
            ],
            [
              121.553955792,
              25.021382249
            ],
            [
              121.553870221,
              25.021238749
            ],
            [
              121.553831282,
              25.021191149
            ],
            [
              121.553678256,
              25.021004076
            ],
            [
              121.553494923,
              25.020882875
            ],
            [
              121.553387626,
              25.020811942
            ],
            [
              121.553087539,
              25.020613554
            ],
            [
              121.552655258,
              25.020327772
            ],
            [
              121.552645974,
              25.020321635
            ],
            [
              121.552446112,
              25.020193188
            ],
            [
              121.552258381,
              25.020072539
            ],
            [
              121.552241552,
              25.020059419
            ],
            [
              121.552063258,
              25.019920442
            ],
            [
              121.551989398,
              25.019862868
            ],
            [
              121.551922873,
              25.019791445
            ],
            [
              121.551820277,
              25.019681292
            ],
            [
              121.551713676,
              25.019539335
            ],
            [
              121.551640963,
              25.019427674
            ],
            [
              121.551566995,
              25.019314084
            ],
            [
              121.551506543,
              25.01922125
            ],
            [
              121.551436839,
              25.019095202
            ],
            [
              121.551393421,
              25.019016688
            ],
            [
              121.551261332,
              25.018749559
            ],
            [
              121.551210999,
              25.018647259
            ],
            [
              121.551205174,
              25.018641103
            ],
            [
              121.551062547,
              25.018490351
            ],
            [
              121.550910377,
              25.018329512
            ],
            [
              121.550890378,
              25.018288856
            ],
            [
              121.55088632,
              25.018280611
            ],
            [
              121.550834888,
              25.018176063
            ],
            [
              121.549998881,
              25.018014028
            ],
            [
              121.549824092,
              25.017957744
            ],
            [
              121.549724004,
              25.017878396
            ],
            [
              121.549555117,
              25.017748059
            ],
            [
              121.549442126,
              25.01757197
            ],
            [
              121.548973559,
              25.016936501
            ],
            [
              121.548658129,
              25.017221431
            ],
            [
              121.547694567,
              25.018091815
            ],
            [
              121.547380944,
              25.018375105
            ],
            [
              121.546594372,
              25.019085595
            ],
            [
              121.546576634,
              25.019101615
            ],
            [
              121.548196383,
              25.020480204
            ],
            [
              121.548367154,
              25.020625546
            ],
            [
              121.548722955,
              25.020940182
            ],
            [
              121.549298639,
              25.021449258
            ],
            [
              121.550271559,
              25.022309595
            ],
            [
              121.550313371,
              25.022346567
            ],
            [
              121.551365554,
              25.023276971
            ],
            [
              121.552545536,
              25.024320358
            ],
            [
              121.552552609,
              25.024328344
            ],
            [
              121.552671056,
              25.024331687
            ],
            [
              121.552959078,
              25.02397905
            ],
            [
              121.5533696,
              25.023629616
            ],
            [
              121.553563621,
              25.023491541
            ],
            [
              121.553695704,
              25.023368638
            ],
            [
              121.553892141,
              25.023211342
            ],
            [
              121.554124188,
              25.022991708
            ],
            [
              121.554356217,
              25.022765935
            ],
            [
              121.554634661,
              25.022497549
            ],
            [
              121.554704653,
              25.022433298
            ],
            [
              121.554738647,
              25.022402091
            ]
          ]
        ]
      }
    },
    {
      "type": "Feature",
      "properties": {
        "dataset_slug": "tw.openfun~entity~geo",
        "record_id": "63000030-046"
      },
      "geometry": {
        "type": "Polygon",
        "coordinates": [
          [
            [
              121.55704179,
              25.012022937
            ],
            [
              121.556527571,
              25.012012536
            ],
            [
              121.556421608,
              25.01188272
            ],
            [
              121.556210274,
              25.0117533
            ],
            [
              121.556014213,
              25.011671787
            ],
            [
              121.555967365,
              25.011660341
            ],
            [
              121.555848443,
              25.011631285
            ],
            [
              121.555816157,
              25.011624731
            ],
            [
              121.551044774,
              25.015536303
            ],
            [
              121.550435271,
              25.016027467
            ],
            [
              121.550387245,
              25.016066167
            ],
            [
              121.548973559,
              25.016936501
            ],
            [
              121.549442126,
              25.01757197
            ],
            [
              121.549555117,
              25.017748059
            ],
            [
              121.549724004,
              25.017878396
            ],
            [
              121.549824092,
              25.017957744
            ],
            [
              121.549998881,
              25.018014028
            ],
            [
              121.550834888,
              25.018176063
            ],
            [
              121.55088632,
              25.018280611
            ],
            [
              121.550890378,
              25.018288856
            ],
            [
              121.550910377,
              25.018329512
            ],
            [
              121.551062547,
              25.018490351
            ],
            [
              121.551205174,
              25.018641103
            ],
            [
              121.551210999,
              25.018647259
            ],
            [
              121.551261332,
              25.018749559
            ],
            [
              121.551393421,
              25.019016688
            ],
            [
              121.551436839,
              25.019095202
            ],
            [
              121.551506543,
              25.01922125
            ],
            [
              121.551566995,
              25.019314084
            ],
            [
              121.551640963,
              25.019427674
            ],
            [
              121.551713676,
              25.019539335
            ],
            [
              121.551820277,
              25.019681292
            ],
            [
              121.551922873,
              25.019791445
            ],
            [
              121.551989398,
              25.019862868
            ],
            [
              121.552063258,
              25.019920442
            ],
            [
              121.552241552,
              25.020059419
            ],
            [
              121.552258381,
              25.020072539
            ],
            [
              121.552446112,
              25.020193188
            ],
            [
              121.552645974,
              25.020321635
            ],
            [
              121.553201784,
              25.019853692
            ],
            [
              121.553436037,
              25.019656472
            ],
            [
              121.553817035,
              25.0193357
            ],
            [
              121.553989278,
              25.019190684
            ],
            [
              121.554170295,
              25.01903828
            ],
            [
              121.554527658,
              25.018737405
            ],
            [
              121.554340723,
              25.018755184
            ],
            [
              121.554228475,
              25.018744218
            ],
            [
              121.554091212,
              25.018716264
            ],
            [
              121.553997584,
              25.018688138
            ],
            [
              121.553909958,
              25.018608748
            ],
            [
              121.553841156,
              25.018557761
            ],
            [
              121.553772286,
              25.018489693
            ],
            [
              121.553703153,
              25.018364686
            ],
            [
              121.553676755,
              25.018334252
            ],
            [
              121.553634233,
              25.018285227
            ],
            [
              121.553490203,
              25.01813772
            ],
            [
              121.553490527,
              25.018137162
            ],
            [
              121.556995469,
              25.012102687
            ],
            [
              121.55704179,
              25.012022937
            ]
          ]
        ]
      }
    },
    {
      "type": "Feature",
      "properties": {
        "dataset_slug": "tw.openfun~entity~geo",
        "record_id": "63000030-047"
      },
      "geometry": {
        "type": "Polygon",
        "coordinates": [
          [
            [
              121.556602221,
              25.020665166
            ],
            [
              121.556575501,
              25.020539939
            ],
            [
              121.556579985,
              25.020507005
            ],
            [
              121.556686416,
              25.019725385
            ],
            [
              121.556853651,
              25.018497205
            ],
            [
              121.556855564,
              25.018483153
            ],
            [
              121.556919415,
              25.018014224
            ],
            [
              121.556952527,
              25.017771045
            ],
            [
              121.557012143,
              25.017333214
            ],
            [
              121.557136718,
              25.016418297
            ],
            [
              121.557307986,
              25.016299957
            ],
            [
              121.557334693,
              25.015872659
            ],
            [
              121.55761043,
              25.015640587
            ],
            [
              121.557576402,
              25.015501223
            ],
            [
              121.557661986,
              25.015431151
            ],
            [
              121.557747431,
              25.015330564
            ],
            [
              121.557813707,
              25.015212617
            ],
            [
              121.55785133,
              25.015090417
            ],
            [
              121.557850778,
              25.014968359
            ],
            [
              121.557826409,
              25.014855114
            ],
            [
              121.557797284,
              25.014746236
            ],
            [
              121.557749205,
              25.014667953
            ],
            [
              121.557667688,
              25.014581076
            ],
            [
              121.557562334,
              25.014498647
            ],
            [
              121.557514491,
              25.014472673
            ],
            [
              121.55794129,
              25.013102798
            ],
            [
              121.558210287,
              25.012239395
            ],
            [
              121.558142563,
              25.012172073
            ],
            [
              121.558065322,
              25.012132274
            ],
            [
              121.558036941,
              25.012117651
            ],
            [
              121.55788246,
              25.012034874
            ],
            [
              121.557829745,
              25.01202822
            ],
            [
              121.557460947,
              25.012029605
            ],
            [
              121.557099645,
              25.012024108
            ],
            [
              121.557092238,
              25.012023957
            ],
            [
              121.55704179,
              25.012022937
            ],
            [
              121.556995469,
              25.012102687
            ],
            [
              121.553490527,
              25.018137162
            ],
            [
              121.553490203,
              25.01813772
            ],
            [
              121.553634233,
              25.018285227
            ],
            [
              121.553676755,
              25.018334252
            ],
            [
              121.553703153,
              25.018364686
            ],
            [
              121.553772286,
              25.018489693
            ],
            [
              121.553841156,
              25.018557761
            ],
            [
              121.553909958,
              25.018608748
            ],
            [
              121.553997584,
              25.018688138
            ],
            [
              121.554091212,
              25.018716264
            ],
            [
              121.554228475,
              25.018744218
            ],
            [
              121.554340723,
              25.018755184
            ],
            [
              121.554527658,
              25.018737405
            ],
            [
              121.554170295,
              25.01903828
            ],
            [
              121.553989278,
              25.019190684
            ],
            [
              121.553817035,
              25.0193357
            ],
            [
              121.553436037,
              25.019656472
            ],
            [
              121.553201784,
              25.019853692
            ],
            [
              121.552645974,
              25.020321635
            ],
            [
              121.552655258,
              25.020327772
            ],
            [
              121.553087539,
              25.020613554
            ],
            [
              121.553387626,
              25.020811942
            ],
            [
              121.553494923,
              25.020882875
            ],
            [
              121.553678256,
              25.021004076
            ],
            [
              121.553831282,
              25.021191149
            ],
            [
              121.553870221,
              25.021238749
            ],
            [
              121.553955792,
              25.021382249
            ],
            [
              121.554262476,
              25.021896537
            ],
            [
              121.554298189,
              25.021956426
            ],
            [
              121.554430048,
              25.022089844
            ],
            [
              121.554670134,
              25.022332767
            ],
            [
              121.554738647,
              25.022402091
            ],
            [
              121.554987427,
              25.022173711
            ],
            [
              121.555205547,
              25.021964964
            ],
            [
              121.555562953,
              25.021636865
            ],
            [
              121.555911093,
              25.02132154
            ],
            [
              121.556405244,
              25.020853858
            ],
            [
              121.556602221,
              25.020665166
            ]
          ]
        ]
      }
    },
    {
      "type": "Feature",
      "properties": {
        "dataset_slug": "tw.openfun~entity~geo",
        "record_id": "63000030-048"
      },
      "geometry": {
        "type": "Polygon",
        "coordinates": [
          [
            [
              121.558951073,
              25.018457243
            ],
            [
              121.558967575,
              25.018439863
            ],
            [
              121.559012008,
              25.018393071
            ],
            [
              121.559329302,
              25.018084634
            ],
            [
              121.559655887,
              25.017759098
            ],
            [
              121.55996388,
              25.017467765
            ],
            [
              121.560141076,
              25.01727081
            ],
            [
              121.560270974,
              25.016980149
            ],
            [
              121.560409693,
              25.016569967
            ],
            [
              121.560530369,
              25.016313469
            ],
            [
              121.560664428,
              25.016101247
            ],
            [
              121.560878913,
              25.015861453
            ],
            [
              121.561214657,
              25.015493213
            ],
            [
              121.561494868,
              25.015278786
            ],
            [
              121.561840297,
              25.014978768
            ],
            [
              121.562045364,
              25.014730488
            ],
            [
              121.562241019,
              25.01447371
            ],
            [
              121.562380512,
              25.014234211
            ],
            [
              121.562566517,
              25.013917741
            ],
            [
              121.562687539,
              25.01373805
            ],
            [
              121.562865036,
              25.013609358
            ],
            [
              121.563070728,
              25.013497635
            ],
            [
              121.563313868,
              25.013377224
            ],
            [
              121.563406729,
              25.013189107
            ],
            [
              121.563480097,
              25.012838911
            ],
            [
              121.563479457,
              25.012431044
            ],
            [
              121.56345004,
              25.012149525
            ],
            [
              121.563440195,
              25.012047139
            ],
            [
              121.563430192,
              25.011910627
            ],
            [
              121.563439093,
              25.011808177
            ],
            [
              121.56348048,
              25.011615552
            ],
            [
              121.563494149,
              25.011551934
            ],
            [
              121.563596225,
              25.011329647
            ],
            [
              121.56365852,
              25.011262906
            ],
            [
              121.563764106,
              25.011149784
            ],
            [
              121.564034767,
              25.010901244
            ],
            [
              121.564268253,
              25.010721123
            ],
            [
              121.5645577,
              25.01048106
            ],
            [
              121.564763344,
              25.010360793
            ],
            [
              121.565034238,
              25.010163466
            ],
            [
              121.565282274,
              25.009995168
            ],
            [
              121.56534926,
              25.009877523
            ],
            [
              121.565415858,
              25.009676022
            ],
            [
              121.565597778,
              25.009188991
            ],
            [
              121.56570064,
              25.008864363
            ],
            [
              121.565834144,
              25.008528446
            ],
            [
              121.565924831,
              25.008226238
            ],
            [
              121.565950934,
              25.008123994
            ],
            [
              121.565900945,
              25.008112397
            ],
            [
              121.565882777,
              25.008108182
            ],
            [
              121.565815748,
              25.008092631
            ],
            [
              121.565494624,
              25.007972118
            ],
            [
              121.565285044,
              25.007909395
            ],
            [
              121.565182907,
              25.007870684
            ],
            [
              121.564898179,
              25.007803359
            ],
            [
              121.564678027,
              25.007774882
            ],
            [
              121.564511606,
              25.007760853
            ],
            [
              121.564275514,
              25.007766633
            ],
            [
              121.564093264,
              25.0078113
            ],
            [
              121.563943167,
              25.007846077
            ],
            [
              121.563637583,
              25.007910768
            ],
            [
              121.563428437,
              25.007940883
            ],
            [
              121.563278293,
              25.007965883
            ],
            [
              121.563085355,
              25.008020369
            ],
            [
              121.562967546,
              25.008074566
            ],
            [
              121.562887366,
              25.008143285
            ],
            [
              121.562753951,
              25.00830505
            ],
            [
              121.562577764,
              25.008501175
            ],
            [
              121.562535214,
              25.008584403
            ],
            [
              121.562444618,
              25.008721574
            ],
            [
              121.562314102,
              25.008906042
            ],
            [
              121.562228647,
              25.008994318
            ],
            [
              121.562105717,
              25.00910229
            ],
            [
              121.561838207,
              25.009279221
            ],
            [
              121.56154948,
              25.009509978
            ],
            [
              121.561506886,
              25.009583438
            ],
            [
              121.561255901,
              25.009853143
            ],
            [
              121.561079932,
              25.010098143
            ],
            [
              121.561010438,
              25.010157042
            ],
            [
              121.560833706,
              25.010235892
            ],
            [
              121.56065675,
              25.010265885
            ],
            [
              121.56051188,
              25.010271314
            ],
            [
              121.560399208,
              25.010276624
            ],
            [
              121.560324166,
              25.010296453
            ],
            [
              121.56021181,
              25.010370184
            ],
            [
              121.560066149,
              25.010515217
            ],
            [
              121.559986146,
              25.010623033
            ],
            [
              121.559868844,
              25.010789619
            ],
            [
              121.55967145,
              25.011044457
            ],
            [
              121.559575392,
              25.011162094
            ],
            [
              121.559484565,
              25.011250397
            ],
            [
              121.559289501,
              25.011400477
            ],
            [
              121.559286699,
              25.011402633
            ],
            [
              121.559120408,
              25.011514085
            ],
            [
              121.559088746,
              25.011535305
            ],
            [
              121.559008447,
              25.011579593
            ],
            [
              121.55891753,
              25.011648349
            ],
            [
              121.558655402,
              25.011830131
            ],
            [
              121.558537739,
              25.011918533
            ],
            [
              121.558398951,
              25.012080313
            ],
            [
              121.558232299,
              25.012261275
            ],
            [
              121.558231308,
              25.012260292
            ],
            [
              121.558210287,
              25.012239395
            ],
            [
              121.55794129,
              25.013102798
            ],
            [
              121.557514491,
              25.014472673
            ],
            [
              121.557562334,
              25.014498647
            ],
            [
              121.557667688,
              25.014581076
            ],
            [
              121.557749205,
              25.014667953
            ],
            [
              121.557797284,
              25.014746236
            ],
            [
              121.557826409,
              25.014855114
            ],
            [
              121.557850778,
              25.014968359
            ],
            [
              121.55785133,
              25.015090417
            ],
            [
              121.557813707,
              25.015212617
            ],
            [
              121.557747431,
              25.015330564
            ],
            [
              121.557661986,
              25.015431151
            ],
            [
              121.557576402,
              25.015501223
            ],
            [
              121.55761043,
              25.015640587
            ],
            [
              121.557334693,
              25.015872659
            ],
            [
              121.557307986,
              25.016299957
            ],
            [
              121.557136718,
              25.016418297
            ],
            [
              121.557012143,
              25.017333214
            ],
            [
              121.556952527,
              25.017771045
            ],
            [
              121.556919415,
              25.018014224
            ],
            [
              121.556855564,
              25.018483153
            ],
            [
              121.556853651,
              25.018497205
            ],
            [
              121.556686416,
              25.019725385
            ],
            [
              121.556579985,
              25.020507005
            ],
            [
              121.556575501,
              25.020539939
            ],
            [
              121.556602221,
              25.020665166
            ],
            [
              121.556623193,
              25.020645076
            ],
            [
              121.556725453,
              25.020547113
            ],
            [
              121.557106039,
              25.020193467
            ],
            [
              121.557570153,
              25.019758883
            ],
            [
              121.55785486,
              25.019496351
            ],
            [
              121.558086877,
              25.019270574
            ],
            [
              121.558198309,
              25.019176795
            ],
            [
              121.558233024,
              25.019144788
            ],
            [
              121.558461509,
              25.018949871
            ],
            [
              121.558694832,
              25.018727103
            ],
            [
              121.558951073,
              25.018457243
            ]
          ]
        ]
      }
    },
    {
      "type": "Feature",
      "properties": {
        "dataset_slug": "tw.openfun~entity~geo",
        "record_id": "63000030-049"
      },
      "geometry": {
        "type": "Polygon",
        "coordinates": [
          [
            [
              121.55244269,
              25.044542442
            ],
            [
              121.552459772,
              25.044540156
            ],
            [
              121.552942525,
              25.044475544
            ],
            [
              121.5529921,
              25.044472279
            ],
            [
              121.552975598,
              25.043441131
            ],
            [
              121.552975457,
              25.04343236
            ],
            [
              121.552960614,
              25.042504898
            ],
            [
              121.552960509,
              25.042498247
            ],
            [
              121.552953184,
              25.042040536
            ],
            [
              121.552942938,
              25.041400249
            ],
            [
              121.55294278,
              25.041390407
            ],
            [
              121.551894491,
              25.041416391
            ],
            [
              121.551817747,
              25.041418294
            ],
            [
              121.550760507,
              25.041444492
            ],
            [
              121.549638169,
              25.041472294
            ],
            [
              121.548866161,
              25.041491413
            ],
            [
              121.548872305,
              25.042571619
            ],
            [
              121.548875,
              25.043045325
            ],
            [
              121.548877706,
              25.043520939
            ],
            [
              121.548885757,
              25.044958152
            ],
            [
              121.548940656,
              25.044951913
            ],
            [
              121.549059213,
              25.04493844
            ],
            [
              121.549351369,
              25.044901388
            ],
            [
              121.550163779,
              25.044798359
            ],
            [
              121.550552584,
              25.044755252
            ],
            [
              121.551135746,
              25.044680168
            ],
            [
              121.551799041,
              25.044615203
            ],
            [
              121.552382247,
              25.044550531
            ],
            [
              121.55244269,
              25.044542442
            ]
          ]
        ]
      }
    },
    {
      "type": "Feature",
      "properties": {
        "dataset_slug": "tw.openfun~entity~geo",
        "record_id": "63000030-050"
      },
      "geometry": {
        "type": "Polygon",
        "coordinates": [
          [
            [
              121.55294278,
              25.041390407
            ],
            [
              121.552936452,
              25.040784468
            ],
            [
              121.552933964,
              25.040546149
            ],
            [
              121.552931591,
              25.040318988
            ],
            [
              121.552926756,
              25.039855989
            ],
            [
              121.552921993,
              25.039399829
            ],
            [
              121.55292191,
              25.03939196
            ],
            [
              121.552919663,
              25.039176718
            ],
            [
              121.552917131,
              25.038934339
            ],
            [
              121.55291475,
              25.038706246
            ],
            [
              121.552914696,
              25.038701214
            ],
            [
              121.552912261,
              25.03846797
            ],
            [
              121.552904405,
              25.037715527
            ],
            [
              121.55175429,
              25.037744359
            ],
            [
              121.551600648,
              25.037748211
            ],
            [
              121.551571026,
              25.037748953
            ],
            [
              121.551247547,
              25.037757061
            ],
            [
              121.550301088,
              25.037780864
            ],
            [
              121.54884988,
              25.03781735
            ],
            [
              121.548849918,
              25.037825979
            ],
            [
              121.548858281,
              25.039713261
            ],
            [
              121.548860895,
              25.040303282
            ],
            [
              121.54886173,
              25.040491724
            ],
            [
              121.548864284,
              25.041068246
            ],
            [
              121.548866161,
              25.041491413
            ],
            [
              121.549638169,
              25.041472294
            ],
            [
              121.550760507,
              25.041444492
            ],
            [
              121.551817747,
              25.041418294
            ],
            [
              121.551894491,
              25.041416391
            ],
            [
              121.55294278,
              25.041390407
            ]
          ]
        ]
      }
    },
    {
      "type": "Feature",
      "properties": {
        "dataset_slug": "tw.openfun~entity~geo",
        "record_id": "63000030-051"
      },
      "geometry": {
        "type": "Polygon",
        "coordinates": [
          [
            [
              121.551247547,
              25.037757061
            ],
            [
              121.552509944,
              25.036222766
            ],
            [
              121.552536008,
              25.036191088
            ],
            [
              121.55252058,
              25.035395486
            ],
            [
              121.552512282,
              25.034967561
            ],
            [
              121.552505866,
              25.034636649
            ],
            [
              121.552501665,
              25.03442004
            ],
            [
              121.552498169,
              25.034239725
            ],
            [
              121.552490884,
              25.033863952
            ],
            [
              121.552490525,
              25.033845483
            ],
            [
              121.552476962,
              25.033146033
            ],
            [
              121.551597745,
              25.033162505
            ],
            [
              121.550706603,
              25.033179194
            ],
            [
              121.550574945,
              25.03318166
            ],
            [
              121.550198009,
              25.033188718
            ],
            [
              121.549640552,
              25.033199154
            ],
            [
              121.548817007,
              25.033214566
            ],
            [
              121.548823973,
              25.034189874
            ],
            [
              121.548830073,
              25.035044129
            ],
            [
              121.548833164,
              25.035476862
            ],
            [
              121.548836552,
              25.035951345
            ],
            [
              121.548845023,
              25.037137366
            ],
            [
              121.54884988,
              25.03781735
            ],
            [
              121.550301088,
              25.037780864
            ],
            [
              121.551247547,
              25.037757061
            ]
          ]
        ]
      }
    },
    {
      "type": "Feature",
      "properties": {
        "dataset_slug": "tw.openfun~entity~geo",
        "record_id": "63000030-052"
      },
      "geometry": {
        "type": "Polygon",
        "coordinates": [
          [
            [
              121.557611817,
              25.041288408
            ],
            [
              121.55760462,
              25.041116143
            ],
            [
              121.557594839,
              25.040611378
            ],
            [
              121.557586054,
              25.040333364
            ],
            [
              121.557574418,
              25.039419298
            ],
            [
              121.557557238,
              25.038935027
            ],
            [
              121.557562847,
              25.038518877
            ],
            [
              121.557553127,
              25.038027752
            ],
            [
              121.557541826,
              25.037699106
            ],
            [
              121.557541589,
              25.037692214
            ],
            [
              121.55690711,
              25.037695107
            ],
            [
              121.556578019,
              25.037696607
            ],
            [
              121.556166458,
              25.037698482
            ],
            [
              121.555576701,
              25.037701165
            ],
            [
              121.555458303,
              25.037701704
            ],
            [
              121.555435302,
              25.037701808
            ],
            [
              121.555247374,
              25.03842146
            ],
            [
              121.555125771,
              25.038887127
            ],
            [
              121.554999724,
              25.039369794
            ],
            [
              121.554761478,
              25.040282113
            ],
            [
              121.554640371,
              25.040745855
            ],
            [
              121.554593174,
              25.040926583
            ],
            [
              121.554475797,
              25.041376049
            ],
            [
              121.555547873,
              25.041346096
            ],
            [
              121.556680715,
              25.041314435
            ],
            [
              121.556705503,
              25.041313742
            ],
            [
              121.557611817,
              25.041288408
            ]
          ]
        ]
      }
    },
    {
      "type": "Feature",
      "properties": {
        "dataset_slug": "tw.openfun~entity~geo",
        "record_id": "63000030-053"
      },
      "geometry": {
        "type": "Polygon",
        "coordinates": [
          [
            [
              121.552904405,
              25.037715527
            ],
            [
              121.552924576,
              25.03771534
            ],
            [
              121.554046051,
              25.03770499
            ],
            [
              121.55444547,
              25.037701303
            ],
            [
              121.55443928,
              25.03700106
            ],
            [
              121.554435657,
              25.036591271
            ],
            [
              121.554434008,
              25.036404802
            ],
            [
              121.554432243,
              25.0362051
            ],
            [
              121.554430397,
              25.035996276
            ],
            [
              121.554428549,
              25.035787289
            ],
            [
              121.554426558,
              25.03556212
            ],
            [
              121.554425404,
              25.035431521
            ],
            [
              121.554409134,
              25.035414326
            ],
            [
              121.554350878,
              25.035352759
            ],
            [
              121.554766562,
              25.03488988
            ],
            [
              121.555027433,
              25.034599388
            ],
            [
              121.554850772,
              25.034489963
            ],
            [
              121.554674113,
              25.034380541
            ],
            [
              121.555807869,
              25.033739913
            ],
            [
              121.55601832,
              25.033620997
            ],
            [
              121.556283332,
              25.033471249
            ],
            [
              121.556287724,
              25.033076048
            ],
            [
              121.55580851,
              25.03308318
            ],
            [
              121.555520912,
              25.033087459
            ],
            [
              121.55526309,
              25.033091295
            ],
            [
              121.554281032,
              25.033105901
            ],
            [
              121.554260434,
              25.033106207
            ],
            [
              121.553599599,
              25.033120967
            ],
            [
              121.553350719,
              25.033126524
            ],
            [
              121.553323826,
              25.033127124
            ],
            [
              121.552476962,
              25.033146033
            ],
            [
              121.552490525,
              25.033845483
            ],
            [
              121.552490884,
              25.033863952
            ],
            [
              121.552498169,
              25.034239725
            ],
            [
              121.552501665,
              25.03442004
            ],
            [
              121.552505866,
              25.034636649
            ],
            [
              121.552512282,
              25.034967561
            ],
            [
              121.55252058,
              25.035395486
            ],
            [
              121.552536008,
              25.036191088
            ],
            [
              121.552509944,
              25.036222766
            ],
            [
              121.551247547,
              25.037757061
            ],
            [
              121.551571026,
              25.037748953
            ],
            [
              121.551600648,
              25.037748211
            ],
            [
              121.55175429,
              25.037744359
            ],
            [
              121.552904405,
              25.037715527
            ]
          ]
        ]
      }
    },
    {
      "type": "Feature",
      "properties": {
        "dataset_slug": "tw.openfun~entity~geo",
        "record_id": "63000030-054"
      },
      "geometry": {
        "type": "Polygon",
        "coordinates": [
          [
            [
              121.557611817,
              25.041288408
            ],
            [
              121.556705503,
              25.041313742
            ],
            [
              121.556680715,
              25.041314435
            ],
            [
              121.555547873,
              25.041346096
            ],
            [
              121.554475797,
              25.041376049
            ],
            [
              121.554471535,
              25.041392728
            ],
            [
              121.554316596,
              25.041999439
            ],
            [
              121.554162437,
              25.042603079
            ],
            [
              121.553923987,
              25.043536767
            ],
            [
              121.553833622,
              25.043890604
            ],
            [
              121.553729593,
              25.044288658
            ],
            [
              121.553692588,
              25.044430247
            ],
            [
              121.55372044,
              25.044428874
            ],
            [
              121.55378794,
              25.044425546
            ],
            [
              121.553903325,
              25.044419859
            ],
            [
              121.554023865,
              25.044423628
            ],
            [
              121.554046574,
              25.044424338
            ],
            [
              121.554200833,
              25.044429159
            ],
            [
              121.554716048,
              25.044510545
            ],
            [
              121.555128386,
              25.044613142
            ],
            [
              121.555288747,
              25.044654197
            ],
            [
              121.555511087,
              25.0447241
            ],
            [
              121.555517895,
              25.04472624
            ],
            [
              121.555558253,
              25.044734214
            ],
            [
              121.556142653,
              25.044849634
            ],
            [
              121.556921387,
              25.045013334
            ],
            [
              121.55739103,
              25.045136539
            ],
            [
              121.557694705,
              25.045206989
            ],
            [
              121.557705231,
              25.045153568
            ],
            [
              121.557704393,
              25.044968734
            ],
            [
              121.557704365,
              25.044962555
            ],
            [
              121.557688419,
              25.044751142
            ],
            [
              121.557687182,
              25.044478284
            ],
            [
              121.557678265,
              25.044164519
            ],
            [
              121.557676348,
              25.043741582
            ],
            [
              121.557642911,
              25.04295103
            ],
            [
              121.557633686,
              25.042569053
            ],
            [
              121.557632543,
              25.04231665
            ],
            [
              121.557631552,
              25.042098366
            ],
            [
              121.557629944,
              25.041743643
            ],
            [
              121.557621432,
              25.04151856
            ],
            [
              121.557614469,
              25.041351895
            ],
            [
              121.557611817,
              25.041288408
            ]
          ]
        ]
      }
    },
    {
      "type": "Feature",
      "properties": {
        "dataset_slug": "tw.openfun~entity~geo",
        "record_id": "63000030-055"
      },
      "geometry": {
        "type": "Polygon",
        "coordinates": [
          [
            [
              121.553692588,
              25.044430247
            ],
            [
              121.553729593,
              25.044288658
            ],
            [
              121.553833622,
              25.043890604
            ],
            [
              121.553923987,
              25.043536767
            ],
            [
              121.554162437,
              25.042603079
            ],
            [
              121.554316596,
              25.041999439
            ],
            [
              121.554471535,
              25.041392728
            ],
            [
              121.554475797,
              25.041376049
            ],
            [
              121.554593174,
              25.040926583
            ],
            [
              121.554640371,
              25.040745855
            ],
            [
              121.554761478,
              25.040282113
            ],
            [
              121.554999724,
              25.039369794
            ],
            [
              121.555125771,
              25.038887127
            ],
            [
              121.555247374,
              25.03842146
            ],
            [
              121.555435302,
              25.037701808
            ],
            [
              121.554810145,
              25.037701489
            ],
            [
              121.55444547,
              25.037701303
            ],
            [
              121.554046051,
              25.03770499
            ],
            [
              121.552924576,
              25.03771534
            ],
            [
              121.552904405,
              25.037715527
            ],
            [
              121.552912261,
              25.03846797
            ],
            [
              121.552914696,
              25.038701214
            ],
            [
              121.55291475,
              25.038706246
            ],
            [
              121.552917131,
              25.038934339
            ],
            [
              121.552919663,
              25.039176718
            ],
            [
              121.55292191,
              25.03939196
            ],
            [
              121.552921993,
              25.039399829
            ],
            [
              121.552926756,
              25.039855989
            ],
            [
              121.552931591,
              25.040318988
            ],
            [
              121.552933964,
              25.040546149
            ],
            [
              121.552936452,
              25.040784468
            ],
            [
              121.55294278,
              25.041390407
            ],
            [
              121.552942938,
              25.041400249
            ],
            [
              121.552953184,
              25.042040536
            ],
            [
              121.552960509,
              25.042498247
            ],
            [
              121.552960614,
              25.042504898
            ],
            [
              121.552975457,
              25.04343236
            ],
            [
              121.552975598,
              25.043441131
            ],
            [
              121.5529921,
              25.044472279
            ],
            [
              121.553010322,
              25.044471079
            ],
            [
              121.553445786,
              25.044442413
            ],
            [
              121.553692588,
              25.044430247
            ]
          ]
        ]
      }
    },
    {
      "type": "Feature",
      "properties": {
        "dataset_slug": "tw.openfun~entity~geo",
        "record_id": "63000030-056"
      },
      "geometry": {
        "type": "Polygon",
        "coordinates": [
          [
            [
              121.557541589,
              25.037692214
            ],
            [
              121.557535605,
              25.037518165
            ],
            [
              121.5575253,
              25.036897433
            ],
            [
              121.557517372,
              25.036801955
            ],
            [
              121.55750007,
              25.036290392
            ],
            [
              121.557498956,
              25.036044825
            ],
            [
              121.557497042,
              25.035621886
            ],
            [
              121.557487726,
              25.03521944
            ],
            [
              121.557487026,
              25.035065308
            ],
            [
              121.557486871,
              25.035031102
            ],
            [
              121.557486673,
              25.034987504
            ],
            [
              121.557461505,
              25.034381501
            ],
            [
              121.557460861,
              25.034239425
            ],
            [
              121.557460664,
              25.034196023
            ],
            [
              121.557460485,
              25.034156399
            ],
            [
              121.557458847,
              25.03379485
            ],
            [
              121.557450889,
              25.033692557
            ],
            [
              121.55744117,
              25.033201431
            ],
            [
              121.55744067,
              25.033091316
            ],
            [
              121.557440471,
              25.033047274
            ],
            [
              121.55659572,
              25.033068361
            ],
            [
              121.556287724,
              25.033076048
            ],
            [
              121.556283332,
              25.033471249
            ],
            [
              121.55601832,
              25.033620997
            ],
            [
              121.555807869,
              25.033739913
            ],
            [
              121.554674113,
              25.034380541
            ],
            [
              121.554850772,
              25.034489963
            ],
            [
              121.555027433,
              25.034599388
            ],
            [
              121.554766562,
              25.03488988
            ],
            [
              121.554350878,
              25.035352759
            ],
            [
              121.554409134,
              25.035414326
            ],
            [
              121.554425404,
              25.035431521
            ],
            [
              121.554426558,
              25.03556212
            ],
            [
              121.554428549,
              25.035787289
            ],
            [
              121.554430397,
              25.035996276
            ],
            [
              121.554432243,
              25.0362051
            ],
            [
              121.554434008,
              25.036404802
            ],
            [
              121.554435657,
              25.036591271
            ],
            [
              121.55443928,
              25.03700106
            ],
            [
              121.55444547,
              25.037701303
            ],
            [
              121.554810145,
              25.037701489
            ],
            [
              121.555435302,
              25.037701808
            ],
            [
              121.555458303,
              25.037701704
            ],
            [
              121.555576701,
              25.037701165
            ],
            [
              121.556166458,
              25.037698482
            ],
            [
              121.556578019,
              25.037696607
            ],
            [
              121.55690711,
              25.037695107
            ],
            [
              121.557541589,
              25.037692214
            ]
          ]
        ]
      }
    },
    {
      "type": "Feature",
      "properties": {
        "dataset_slug": "tw.openfun~entity~geo",
        "record_id": "63000030-057"
      },
      "geometry": {
        "type": "Polygon",
        "coordinates": [
          [
            [
              121.538363066,
              25.021814197
            ],
            [
              121.538531595,
              25.021664127
            ],
            [
              121.538628357,
              25.021595389
            ],
            [
              121.538727971,
              25.021544362
            ],
            [
              121.53884696,
              25.021483136
            ],
            [
              121.538977047,
              25.021424397
            ],
            [
              121.539101663,
              25.021383419
            ],
            [
              121.539201364,
              25.02135266
            ],
            [
              121.539298346,
              25.02133204
            ],
            [
              121.539431373,
              25.021311289
            ],
            [
              121.539556111,
              25.021298179
            ],
            [
              121.539569992,
              25.021297886
            ],
            [
              121.540204621,
              25.021284521
            ],
            [
              121.541064482,
              25.021266407
            ],
            [
              121.543335726,
              25.021218538
            ],
            [
              121.543582536,
              25.021215107
            ],
            [
              121.543829245,
              25.021188872
            ],
            [
              121.544114617,
              25.021127033
            ],
            [
              121.544135699,
              25.021120758
            ],
            [
              121.544269717,
              25.021080864
            ],
            [
              121.544312771,
              25.021064436
            ],
            [
              121.544397071,
              25.021032269
            ],
            [
              121.544563132,
              25.020955661
            ],
            [
              121.544682107,
              25.020891903
            ],
            [
              121.544801037,
              25.020820534
            ],
            [
              121.544939299,
              25.020728834
            ],
            [
              121.545063677,
              25.020634658
            ],
            [
              121.545179675,
              25.0205253
            ],
            [
              121.545898248,
              25.019792987
            ],
            [
              121.546576634,
              25.019101615
            ],
            [
              121.546594372,
              25.019085595
            ],
            [
              121.547380944,
              25.018375105
            ],
            [
              121.547694567,
              25.018091815
            ],
            [
              121.548658129,
              25.017221431
            ],
            [
              121.548973559,
              25.016936501
            ],
            [
              121.550387245,
              25.016066167
            ],
            [
              121.550435271,
              25.016027467
            ],
            [
              121.551044774,
              25.015536303
            ],
            [
              121.555816157,
              25.011624731
            ],
            [
              121.555682706,
              25.011597642
            ],
            [
              121.555661936,
              25.011597069
            ],
            [
              121.555464408,
              25.011591607
            ],
            [
              121.555306291,
              25.011578484
            ],
            [
              121.555276848,
              25.011556331
            ],
            [
              121.555260976,
              25.01154439
            ],
            [
              121.555259201,
              25.011540239
            ],
            [
              121.55522294,
              25.011455435
            ],
            [
              121.555124351,
              25.01129133
            ],
            [
              121.555048588,
              25.01118195
            ],
            [
              121.554897065,
              25.010963213
            ],
            [
              121.554881117,
              25.010932881
            ],
            [
              121.554828736,
              25.010833255
            ],
            [
              121.55477543,
              25.010696382
            ],
            [
              121.554699233,
              25.010491062
            ],
            [
              121.554670844,
              25.010437934
            ],
            [
              121.554600551,
              25.01030639
            ],
            [
              121.55448297,
              25.010140251
            ],
            [
              121.554414985,
              25.010085677
            ],
            [
              121.554256435,
              25.009976623
            ],
            [
              121.554090234,
              25.009840167
            ],
            [
              121.553976935,
              25.009751501
            ],
            [
              121.553878691,
              25.009662761
            ],
            [
              121.553734946,
              25.009498823
            ],
            [
              121.553651631,
              25.009382627
            ],
            [
              121.553522967,
              25.009225473
            ],
            [
              121.553462541,
              25.009177726
            ],
            [
              121.553281382,
              25.009061883
            ],
            [
              121.553077741,
              25.0089667
            ],
            [
              121.552829005,
              25.008885388
            ],
            [
              121.552595536,
              25.008851993
            ],
            [
              121.552581599,
              25.008855072
            ],
            [
              121.552555129,
              25.008860915
            ],
            [
              121.552483491,
              25.008876729
            ],
            [
              121.55243764,
              25.008886851
            ],
            [
              121.552340109,
              25.008955744
            ],
            [
              121.552207046,
              25.009058215
            ],
            [
              121.5521076,
              25.009134799
            ],
            [
              121.551942825,
              25.009313604
            ],
            [
              121.551755782,
              25.00956103
            ],
            [
              121.551537983,
              25.009664632
            ],
            [
              121.551252571,
              25.009795909
            ],
            [
              121.551049516,
              25.009830932
            ],
            [
              121.550756083,
              25.009852586
            ],
            [
              121.550515334,
              25.009874036
            ],
            [
              121.550206757,
              25.009875187
            ],
            [
              121.549973349,
              25.009855495
            ],
            [
              121.549627078,
              25.009843068
            ],
            [
              121.549491545,
              25.009829857
            ],
            [
              121.549280808,
              25.009830645
            ],
            [
              121.548919208,
              25.009756598
            ],
            [
              121.548441129,
              25.009555868
            ],
            [
              121.548131938,
              25.009419944
            ],
            [
              121.548011273,
              25.009365562
            ],
            [
              121.547995061,
              25.009354828
            ],
            [
              121.547898042,
              25.009290595
            ],
            [
              121.547686695,
              25.009154309
            ],
            [
              121.547635958,
              25.009124874
            ],
            [
              121.547581049,
              25.009093019
            ],
            [
              121.547354559,
              25.00893623
            ],
            [
              121.5471281,
              25.008786287
            ],
            [
              121.546977085,
              25.008677194
            ],
            [
              121.546660096,
              25.008479616
            ],
            [
              121.546494277,
              25.008425399
            ],
            [
              121.54611754,
              25.008330842
            ],
            [
              121.545598482,
              25.008181634
            ],
            [
              121.54527452,
              25.008107438
            ],
            [
              121.545205976,
              25.008088513
            ],
            [
              121.545185572,
              25.008082878
            ],
            [
              121.544980635,
              25.008026288
            ],
            [
              121.544935264,
              25.007978478
            ],
            [
              121.544822006,
              25.007896648
            ],
            [
              121.544723922,
              25.00784218
            ],
            [
              121.544618556,
              25.007842574
            ],
            [
              121.544535828,
              25.007856582
            ],
            [
              121.544460719,
              25.007891128
            ],
            [
              121.544167838,
              25.008036126
            ],
            [
              121.544017862,
              25.008160024
            ],
            [
              121.543965545,
              25.008242463
            ],
            [
              121.54374841,
              25.008496837
            ],
            [
              121.543745087,
              25.008499277
            ],
            [
              121.54363588,
              25.008579485
            ],
            [
              121.543537832,
              25.008555319
            ],
            [
              121.543334498,
              25.008505204
            ],
            [
              121.542912547,
              25.008397107
            ],
            [
              121.542611166,
              25.008322831
            ],
            [
              121.542166579,
              25.008201102
            ],
            [
              121.541759863,
              25.008134061
            ],
            [
              121.54166536,
              25.008128474
            ],
            [
              121.541541543,
              25.008121154
            ],
            [
              121.541509538,
              25.008120266
            ],
            [
              121.541336408,
              25.008115467
            ],
            [
              121.541323255,
              25.008115102
            ],
            [
              121.540999753,
              25.008143698
            ],
            [
              121.540558897,
              25.008222736
            ],
            [
              121.540092727,
              25.008327251
            ],
            [
              121.539201638,
              25.008588373
            ],
            [
              121.539075674,
              25.008625286
            ],
            [
              121.539092805,
              25.008605631
            ],
            [
              121.539131289,
              25.00854671
            ],
            [
              121.539135457,
              25.00851535
            ],
            [
              121.539109559,
              25.008499762
            ],
            [
              121.5390666,
              25.008519517
            ],
            [
              121.538890129,
              25.008524086
            ],
            [
              121.53874818,
              25.008548108
            ],
            [
              121.538631905,
              25.008536784
            ],
            [
              121.538502801,
              25.008545087
            ],
            [
              121.538356412,
              25.00853779
            ],
            [
              121.538184123,
              25.008514904
            ],
            [
              121.538059153,
              25.008484002
            ],
            [
              121.53796421,
              25.008429491
            ],
            [
              121.537929858,
              25.008449206
            ],
            [
              121.537926366,
              25.008454015
            ],
            [
              121.53785284,
              25.008555293
            ],
            [
              121.537763927,
              25.008808582
            ],
            [
              121.537755051,
              25.008833866
            ],
            [
              121.537648584,
              25.009096808
            ],
            [
              121.537589467,
              25.009359568
            ],
            [
              121.537558558,
              25.009592668
            ],
            [
              121.537337809,
              25.01032383
            ],
            [
              121.537234537,
              25.01080393
            ],
            [
              121.537190159,
              25.010982278
            ],
            [
              121.537171835,
              25.011025695
            ],
            [
              121.537131023,
              25.011122394
            ],
            [
              121.537085868,
              25.011229384
            ],
            [
              121.537065199,
              25.011266563
            ],
            [
              121.536914107,
              25.011538402
            ],
            [
              121.536805145,
              25.011760972
            ],
            [
              121.536608248,
              25.01216316
            ],
            [
              121.536294409,
              25.012685151
            ],
            [
              121.536107472,
              25.012966807
            ],
            [
              121.535864765,
              25.013253999
            ],
            [
              121.535520157,
              25.01362532
            ],
            [
              121.535032959,
              25.014093114
            ],
            [
              121.534620667,
              25.014478391
            ],
            [
              121.53429842,
              25.014801655
            ],
            [
              121.533931159,
              25.015159359
            ],
            [
              121.533519006,
              25.015578883
            ],
            [
              121.533395195,
              25.015682313
            ],
            [
              121.533390967,
              25.015685845
            ],
            [
              121.533232903,
              25.015817885
            ],
            [
              121.533130764,
              25.015913804
            ],
            [
              121.532702691,
              25.016341854
            ],
            [
              121.532692115,
              25.016352124
            ],
            [
              121.532643431,
              25.016399393
            ],
            [
              121.533301538,
              25.016995112
            ],
            [
              121.533365762,
              25.017305931
            ],
            [
              121.533739571,
              25.019115012
            ],
            [
              121.533920786,
              25.019992001
            ],
            [
              121.534091189,
              25.020816647
            ],
            [
              121.534410724,
              25.022362971
            ],
            [
              121.536086503,
              25.022402577
            ],
            [
              121.536325875,
              25.022408233
            ],
            [
              121.537572618,
              25.022437685
            ],
            [
              121.538363066,
              25.021814197
            ]
          ]
        ]
      }
    },
    {
      "type": "Feature",
      "properties": {
        "dataset_slug": "tw.openfun~entity~geo",
        "record_id": "63000040-001"
      },
      "geometry": {
        "type": "Polygon",
        "coordinates": [
          [
            [
              121.529869596,
              25.047871722
            ],
            [
              121.53024076,
              25.047581531
            ],
            [
              121.530406023,
              25.047452321
            ],
            [
              121.53099809,
              25.046989414
            ],
            [
              121.531177538,
              25.04684911
            ],
            [
              121.531502286,
              25.046595204
            ],
            [
              121.532696694,
              25.045661328
            ],
            [
              121.53287726,
              25.045476647
            ],
            [
              121.532055459,
              25.045690205
            ],
            [
              121.530775702,
              25.046049374
            ],
            [
              121.530253729,
              25.046209695
            ],
            [
              121.52945661,
              25.046435744
            ],
            [
              121.528909335,
              25.046602306
            ],
            [
              121.527695812,
              25.046971122
            ],
            [
              121.526399009,
              25.047363733
            ],
            [
              121.5257863,
              25.047542192
            ],
            [
              121.525328254,
              25.047649268
            ],
            [
              121.52474232,
              25.04775795
            ],
            [
              121.52422013,
              25.047838805
            ],
            [
              121.524198807,
              25.047840253
            ],
            [
              121.524210783,
              25.047883292
            ],
            [
              121.524423306,
              25.048647005
            ],
            [
              121.52455766,
              25.049129824
            ],
            [
              121.526358038,
              25.048702728
            ],
            [
              121.528111062,
              25.048287888
            ],
            [
              121.529042896,
              25.048067368
            ],
            [
              121.529869596,
              25.047871722
            ]
          ]
        ]
      }
    },
    {
      "type": "Feature",
      "properties": {
        "dataset_slug": "tw.openfun~entity~geo",
        "record_id": "63000040-002"
      },
      "geometry": {
        "type": "Polygon",
        "coordinates": [
          [
            [
              121.527676159,
              25.052058632
            ],
            [
              121.527841737,
              25.051287437
            ],
            [
              121.5279277,
              25.051022575
            ],
            [
              121.528094064,
              25.050509983
            ],
            [
              121.528155744,
              25.050374326
            ],
            [
              121.528208422,
              25.050258465
            ],
            [
              121.52842197,
              25.049788786
            ],
            [
              121.528471991,
              25.049714047
            ],
            [
              121.528587689,
              25.049541181
            ],
            [
              121.528818493,
              25.049196328
            ],
            [
              121.529277623,
              25.048510318
            ],
            [
              121.529287233,
              25.048499951
            ],
            [
              121.529784346,
              25.047963686
            ],
            [
              121.529869596,
              25.047871722
            ],
            [
              121.529042896,
              25.048067368
            ],
            [
              121.528111062,
              25.048287888
            ],
            [
              121.526358038,
              25.048702728
            ],
            [
              121.52455766,
              25.049129824
            ],
            [
              121.524748506,
              25.0498229
            ],
            [
              121.524889178,
              25.050333759
            ],
            [
              121.524949028,
              25.050551104
            ],
            [
              121.525059291,
              25.050951524
            ],
            [
              121.525192323,
              25.051434629
            ],
            [
              121.525234439,
              25.051587571
            ],
            [
              121.525287797,
              25.051781338
            ],
            [
              121.52536917,
              25.052076838
            ],
            [
              121.525382326,
              25.052076734
            ],
            [
              121.526909088,
              25.05206469
            ],
            [
              121.527328589,
              25.052061377
            ],
            [
              121.527676159,
              25.052058632
            ]
          ]
        ]
      }
    },
    {
      "type": "Feature",
      "properties": {
        "dataset_slug": "tw.openfun~entity~geo",
        "record_id": "63000040-003"
      },
      "geometry": {
        "type": "Polygon",
        "coordinates": [
          [
            [
              121.52536917,
              25.052076838
            ],
            [
              121.525287797,
              25.051781338
            ],
            [
              121.525234439,
              25.051587571
            ],
            [
              121.525192323,
              25.051434629
            ],
            [
              121.525059291,
              25.050951524
            ],
            [
              121.524949028,
              25.050551104
            ],
            [
              121.524889178,
              25.050333759
            ],
            [
              121.524748506,
              25.0498229
            ],
            [
              121.52455766,
              25.049129824
            ],
            [
              121.524423306,
              25.048647005
            ],
            [
              121.524210783,
              25.047883292
            ],
            [
              121.524198807,
              25.047840253
            ],
            [
              121.523674355,
              25.047875863
            ],
            [
              121.522437941,
              25.047949979
            ],
            [
              121.521187449,
              25.048013555
            ],
            [
              121.520740968,
              25.048030226
            ],
            [
              121.521237069,
              25.049068297
            ],
            [
              121.521406539,
              25.049422544
            ],
            [
              121.521590079,
              25.049806196
            ],
            [
              121.521592768,
              25.049811815
            ],
            [
              121.521855314,
              25.050360608
            ],
            [
              121.521939238,
              25.050536031
            ],
            [
              121.522164872,
              25.051007661
            ],
            [
              121.522276353,
              25.051240682
            ],
            [
              121.522304407,
              25.051335213
            ],
            [
              121.52250222,
              25.05200174
            ],
            [
              121.522557226,
              25.052187079
            ],
            [
              121.52536917,
              25.052076838
            ]
          ]
        ]
      }
    },
    {
      "type": "Feature",
      "properties": {
        "dataset_slug": "tw.openfun~entity~geo",
        "record_id": "63000040-004"
      },
      "geometry": {
        "type": "Polygon",
        "coordinates": [
          [
            [
              121.522700783,
              25.054955467
            ],
            [
              121.522680542,
              25.054565134
            ],
            [
              121.522650137,
              25.053978802
            ],
            [
              121.522647144,
              25.053921076
            ],
            [
              121.522612796,
              25.053258702
            ],
            [
              121.522610013,
              25.053205043
            ],
            [
              121.522587811,
              25.052776897
            ],
            [
              121.522557226,
              25.052187079
            ],
            [
              121.52250222,
              25.05200174
            ],
            [
              121.522304407,
              25.051335213
            ],
            [
              121.522276353,
              25.051240682
            ],
            [
              121.522164872,
              25.051007661
            ],
            [
              121.521939238,
              25.050536031
            ],
            [
              121.521855314,
              25.050360608
            ],
            [
              121.521592768,
              25.049811815
            ],
            [
              121.521590079,
              25.049806196
            ],
            [
              121.521406539,
              25.049422544
            ],
            [
              121.521237069,
              25.049068297
            ],
            [
              121.520740968,
              25.048030226
            ],
            [
              121.52063997,
              25.048034001
            ],
            [
              121.520477989,
              25.048040049
            ],
            [
              121.520187058,
              25.048084783
            ],
            [
              121.519613302,
              25.048173007
            ],
            [
              121.519534963,
              25.048185052
            ],
            [
              121.51931082,
              25.048315981
            ],
            [
              121.519137961,
              25.048416953
            ],
            [
              121.519119656,
              25.048427646
            ],
            [
              121.519061797,
              25.048425753
            ],
            [
              121.518814255,
              25.04839929
            ],
            [
              121.518657908,
              25.048367073
            ],
            [
              121.518804234,
              25.048460995
            ],
            [
              121.518914117,
              25.048543101
            ],
            [
              121.518917525,
              25.048545715
            ],
            [
              121.518998759,
              25.048608044
            ],
            [
              121.519089754,
              25.048694089
            ],
            [
              121.519195615,
              25.048803068
            ],
            [
              121.519341731,
              25.048957957
            ],
            [
              121.519445755,
              25.04907957
            ],
            [
              121.519503657,
              25.049163907
            ],
            [
              121.519535581,
              25.049224654
            ],
            [
              121.519574995,
              25.049324268
            ],
            [
              121.519591815,
              25.049361361
            ],
            [
              121.519614284,
              25.049393395
            ],
            [
              121.519628453,
              25.049456
            ],
            [
              121.519704962,
              25.049555754
            ],
            [
              121.519790554,
              25.049702
            ],
            [
              121.519902903,
              25.049925737
            ],
            [
              121.519979984,
              25.050128255
            ],
            [
              121.519997161,
              25.050180917
            ],
            [
              121.520009265,
              25.050218028
            ],
            [
              121.520051269,
              25.050346801
            ],
            [
              121.520110938,
              25.050592067
            ],
            [
              121.520176813,
              25.050917361
            ],
            [
              121.520212805,
              25.051109341
            ],
            [
              121.520274104,
              25.051738827
            ],
            [
              121.52027519,
              25.051994967
            ],
            [
              121.520300741,
              25.052632837
            ],
            [
              121.520300974,
              25.052638643
            ],
            [
              121.520301757,
              25.052658187
            ],
            [
              121.520308088,
              25.052816262
            ],
            [
              121.520388768,
              25.053867262
            ],
            [
              121.52043857,
              25.054550152
            ],
            [
              121.520495238,
              25.055483825
            ],
            [
              121.520571282,
              25.056823009
            ],
            [
              121.520622921,
              25.057621224
            ],
            [
              121.520654865,
              25.057625188
            ],
            [
              121.520807532,
              25.057645605
            ],
            [
              121.521649911,
              25.057758257
            ],
            [
              121.521793644,
              25.057777477
            ],
            [
              121.522856795,
              25.057919646
            ],
            [
              121.522835627,
              25.057517472
            ],
            [
              121.522812495,
              25.05707795
            ],
            [
              121.522808273,
              25.056997781
            ],
            [
              121.522790291,
              25.056656112
            ],
            [
              121.522748092,
              25.055854348
            ],
            [
              121.522743268,
              25.05576268
            ],
            [
              121.522700783,
              25.054955467
            ]
          ]
        ]
      }
    },
    {
      "type": "Feature",
      "properties": {
        "dataset_slug": "tw.openfun~entity~geo",
        "record_id": "63000040-005"
      },
      "geometry": {
        "type": "Polygon",
        "coordinates": [
          [
            [
              121.527545394,
              25.054878159
            ],
            [
              121.527541929,
              25.054565268
            ],
            [
              121.527541299,
              25.054508558
            ],
            [
              121.527538285,
              25.054236314
            ],
            [
              121.527535744,
              25.054006887
            ],
            [
              121.527533144,
              25.053772176
            ],
            [
              121.527530555,
              25.053538433
            ],
            [
              121.527527505,
              25.053263033
            ],
            [
              121.527556041,
              25.053031835
            ],
            [
              121.527676159,
              25.052058632
            ],
            [
              121.527328589,
              25.052061377
            ],
            [
              121.526909088,
              25.05206469
            ],
            [
              121.525382326,
              25.052076734
            ],
            [
              121.52536917,
              25.052076838
            ],
            [
              121.522557226,
              25.052187079
            ],
            [
              121.522587811,
              25.052776897
            ],
            [
              121.522610013,
              25.053205043
            ],
            [
              121.522612796,
              25.053258702
            ],
            [
              121.522647144,
              25.053921076
            ],
            [
              121.522650137,
              25.053978802
            ],
            [
              121.522680542,
              25.054565134
            ],
            [
              121.522700783,
              25.054955467
            ],
            [
              121.523105622,
              25.054949014
            ],
            [
              121.523416573,
              25.054944055
            ],
            [
              121.524205324,
              25.054931477
            ],
            [
              121.525441472,
              25.054911753
            ],
            [
              121.525717512,
              25.054907346
            ],
            [
              121.526311482,
              25.054897865
            ],
            [
              121.526713917,
              25.054891439
            ],
            [
              121.52699475,
              25.054886954
            ],
            [
              121.527545394,
              25.054878159
            ]
          ]
        ]
      }
    },
    {
      "type": "Feature",
      "properties": {
        "dataset_slug": "tw.openfun~entity~geo",
        "record_id": "63000040-006"
      },
      "geometry": {
        "type": "Polygon",
        "coordinates": [
          [
            [
              121.527593084,
              25.057963893
            ],
            [
              121.527588832,
              25.057688752
            ],
            [
              121.527584736,
              25.057423738
            ],
            [
              121.527577989,
              25.05698719
            ],
            [
              121.5275712,
              25.056547917
            ],
            [
              121.527557593,
              25.055667508
            ],
            [
              121.5275548,
              25.055486762
            ],
            [
              121.527552285,
              25.055324071
            ],
            [
              121.527545473,
              25.05488329
            ],
            [
              121.527545394,
              25.054878159
            ],
            [
              121.52699475,
              25.054886954
            ],
            [
              121.526713917,
              25.054891439
            ],
            [
              121.526311482,
              25.054897865
            ],
            [
              121.525717512,
              25.054907346
            ],
            [
              121.525441472,
              25.054911753
            ],
            [
              121.524205324,
              25.054931477
            ],
            [
              121.523416573,
              25.054944055
            ],
            [
              121.523105622,
              25.054949014
            ],
            [
              121.522700783,
              25.054955467
            ],
            [
              121.522743268,
              25.05576268
            ],
            [
              121.522748092,
              25.055854348
            ],
            [
              121.522790291,
              25.056656112
            ],
            [
              121.522808273,
              25.056997781
            ],
            [
              121.522812495,
              25.05707795
            ],
            [
              121.522835627,
              25.057517472
            ],
            [
              121.522856795,
              25.057919646
            ],
            [
              121.523394318,
              25.05797499
            ],
            [
              121.523961129,
              25.058033348
            ],
            [
              121.524021736,
              25.05803959
            ],
            [
              121.524675469,
              25.058025739
            ],
            [
              121.524988094,
              25.058019117
            ],
            [
              121.525506561,
              25.058008129
            ],
            [
              121.525514501,
              25.05800796
            ],
            [
              121.526433654,
              25.057988477
            ],
            [
              121.527593084,
              25.057963893
            ]
          ]
        ]
      }
    },
    {
      "type": "Feature",
      "properties": {
        "dataset_slug": "tw.openfun~entity~geo",
        "record_id": "63000040-007"
      },
      "geometry": {
        "type": "Polygon",
        "coordinates": [
          [
            [
              121.527595157,
              25.060236906
            ],
            [
              121.527594774,
              25.059817238
            ],
            [
              121.527594372,
              25.059376641
            ],
            [
              121.52759398,
              25.058947846
            ],
            [
              121.527593949,
              25.058913127
            ],
            [
              121.527593774,
              25.058722559
            ],
            [
              121.527593606,
              25.05853816
            ],
            [
              121.52759343,
              25.058344397
            ],
            [
              121.527593084,
              25.057963893
            ],
            [
              121.526433654,
              25.057988477
            ],
            [
              121.525514501,
              25.05800796
            ],
            [
              121.525506561,
              25.058008129
            ],
            [
              121.524988094,
              25.058019117
            ],
            [
              121.524675469,
              25.058025739
            ],
            [
              121.524021736,
              25.05803959
            ],
            [
              121.523961129,
              25.058033348
            ],
            [
              121.523394318,
              25.05797499
            ],
            [
              121.522856795,
              25.057919646
            ],
            [
              121.522935848,
              25.059782793
            ],
            [
              121.52295059,
              25.060130218
            ],
            [
              121.522955989,
              25.060257418
            ],
            [
              121.522957829,
              25.060300792
            ],
            [
              121.522963598,
              25.060300713
            ],
            [
              121.523498012,
              25.060293358
            ],
            [
              121.523742512,
              25.060289993
            ],
            [
              121.52397678,
              25.060286768
            ],
            [
              121.524272403,
              25.060282697
            ],
            [
              121.524780851,
              25.060275695
            ],
            [
              121.525185035,
              25.060270128
            ],
            [
              121.52555477,
              25.060265033
            ],
            [
              121.525923005,
              25.06025996
            ],
            [
              121.526981854,
              25.060245364
            ],
            [
              121.527595157,
              25.060236906
            ]
          ]
        ]
      }
    },
    {
      "type": "Feature",
      "properties": {
        "dataset_slug": "tw.openfun~entity~geo",
        "record_id": "63000040-008"
      },
      "geometry": {
        "type": "Polygon",
        "coordinates": [
          [
            [
              121.522435527,
              25.066752907
            ],
            [
              121.522353532,
              25.066361767
            ],
            [
              121.522269992,
              25.065833192
            ],
            [
              121.522226167,
              25.065081782
            ],
            [
              121.522233314,
              25.06488494
            ],
            [
              121.522235264,
              25.064831232
            ],
            [
              121.522353665,
              25.063995752
            ],
            [
              121.522373196,
              25.063810122
            ],
            [
              121.522423063,
              25.063616237
            ],
            [
              121.522643106,
              25.062760696
            ],
            [
              121.522646867,
              25.062739914
            ],
            [
              121.522772889,
              25.062043549
            ],
            [
              121.522828892,
              25.06173409
            ],
            [
              121.522967777,
              25.060966641
            ],
            [
              121.522970746,
              25.06095024
            ],
            [
              121.522970379,
              25.060931841
            ],
            [
              121.522957829,
              25.060300792
            ],
            [
              121.522955989,
              25.060257418
            ],
            [
              121.52295059,
              25.060130218
            ],
            [
              121.522935848,
              25.059782793
            ],
            [
              121.522856795,
              25.057919646
            ],
            [
              121.521793644,
              25.057777477
            ],
            [
              121.521649911,
              25.057758257
            ],
            [
              121.520807532,
              25.057645605
            ],
            [
              121.520654865,
              25.057625188
            ],
            [
              121.520622921,
              25.057621224
            ],
            [
              121.520625353,
              25.057658836
            ],
            [
              121.520646768,
              25.057989856
            ],
            [
              121.520648218,
              25.058331382
            ],
            [
              121.520656575,
              25.058918355
            ],
            [
              121.520652048,
              25.059233235
            ],
            [
              121.520641476,
              25.059410303
            ],
            [
              121.520635865,
              25.059504276
            ],
            [
              121.520578316,
              25.059760629
            ],
            [
              121.520497385,
              25.060033075
            ],
            [
              121.520370522,
              25.060317905
            ],
            [
              121.520361114,
              25.060339029
            ],
            [
              121.520352176,
              25.060359096
            ],
            [
              121.519992303,
              25.061224854
            ],
            [
              121.519666907,
              25.061986306
            ],
            [
              121.519400052,
              25.062664965
            ],
            [
              121.519333108,
              25.062833213
            ],
            [
              121.51931858,
              25.062869728
            ],
            [
              121.51923708,
              25.063074558
            ],
            [
              121.519138777,
              25.063400416
            ],
            [
              121.519069612,
              25.063683488
            ],
            [
              121.519001484,
              25.064212029
            ],
            [
              121.518984866,
              25.064441554
            ],
            [
              121.518991446,
              25.064647783
            ],
            [
              121.519099346,
              25.065202388
            ],
            [
              121.519267089,
              25.066005146
            ],
            [
              121.519281931,
              25.066076172
            ],
            [
              121.51930883,
              25.066204903
            ],
            [
              121.519399307,
              25.066769193
            ],
            [
              121.51951464,
              25.067691986
            ],
            [
              121.519605654,
              25.068412083
            ],
            [
              121.519614014,
              25.068483533
            ],
            [
              121.519839935,
              25.068479898
            ],
            [
              121.519896501,
              25.06847902
            ],
            [
              121.52084925,
              25.068464226
            ],
            [
              121.522846363,
              25.068433195
            ],
            [
              121.522770127,
              25.068121399
            ],
            [
              121.522435527,
              25.066752907
            ]
          ]
        ]
      }
    },
    {
      "type": "Feature",
      "properties": {
        "dataset_slug": "tw.openfun~entity~geo",
        "record_id": "63000040-009"
      },
      "geometry": {
        "type": "Polygon",
        "coordinates": [
          [
            [
              121.527713126,
              25.062583337
            ],
            [
              121.527685749,
              25.062038832
            ],
            [
              121.527675732,
              25.061839554
            ],
            [
              121.527665411,
              25.061634282
            ],
            [
              121.527655623,
              25.061439615
            ],
            [
              121.527648263,
              25.061293224
            ],
            [
              121.527645432,
              25.061236904
            ],
            [
              121.527641736,
              25.061163388
            ],
            [
              121.527635367,
              25.06103669
            ],
            [
              121.527625813,
              25.060846665
            ],
            [
              121.527619427,
              25.060719678
            ],
            [
              121.527595157,
              25.060236906
            ],
            [
              121.526981854,
              25.060245364
            ],
            [
              121.525923005,
              25.06025996
            ],
            [
              121.52555477,
              25.060265033
            ],
            [
              121.525185035,
              25.060270128
            ],
            [
              121.524780851,
              25.060275695
            ],
            [
              121.524272403,
              25.060282697
            ],
            [
              121.52397678,
              25.060286768
            ],
            [
              121.523742512,
              25.060289993
            ],
            [
              121.523498012,
              25.060293358
            ],
            [
              121.522963598,
              25.060300713
            ],
            [
              121.522957829,
              25.060300792
            ],
            [
              121.522970379,
              25.060931841
            ],
            [
              121.522970746,
              25.06095024
            ],
            [
              121.522967777,
              25.060966641
            ],
            [
              121.522828892,
              25.06173409
            ],
            [
              121.522772889,
              25.062043549
            ],
            [
              121.522646867,
              25.062739914
            ],
            [
              121.522643106,
              25.062760696
            ],
            [
              121.523233682,
              25.062740047
            ],
            [
              121.523604967,
              25.062727061
            ],
            [
              121.524360491,
              25.062700638
            ],
            [
              121.524664013,
              25.062690023
            ],
            [
              121.525023299,
              25.062677454
            ],
            [
              121.525289451,
              25.062668144
            ],
            [
              121.525609024,
              25.062656964
            ],
            [
              121.525625983,
              25.06265637
            ],
            [
              121.52708867,
              25.062605191
            ],
            [
              121.527713126,
              25.062583337
            ]
          ]
        ]
      }
    },
    {
      "type": "Feature",
      "properties": {
        "dataset_slug": "tw.openfun~entity~geo",
        "record_id": "63000040-010"
      },
      "geometry": {
        "type": "Polygon",
        "coordinates": [
          [
            [
              121.527723065,
              25.064814898
            ],
            [
              121.527719078,
              25.063919563
            ],
            [
              121.527713126,
              25.062583337
            ],
            [
              121.52708867,
              25.062605191
            ],
            [
              121.525625983,
              25.06265637
            ],
            [
              121.525609024,
              25.062656964
            ],
            [
              121.525289451,
              25.062668144
            ],
            [
              121.525023299,
              25.062677454
            ],
            [
              121.524664013,
              25.062690023
            ],
            [
              121.524360491,
              25.062700638
            ],
            [
              121.523604967,
              25.062727061
            ],
            [
              121.523233682,
              25.062740047
            ],
            [
              121.522643106,
              25.062760696
            ],
            [
              121.522423063,
              25.063616237
            ],
            [
              121.522373196,
              25.063810122
            ],
            [
              121.522353665,
              25.063995752
            ],
            [
              121.522235264,
              25.064831232
            ],
            [
              121.52288378,
              25.064934047
            ],
            [
              121.524264953,
              25.064900057
            ],
            [
              121.525392152,
              25.064872309
            ],
            [
              121.525659715,
              25.06486572
            ],
            [
              121.525860868,
              25.064860768
            ],
            [
              121.526320124,
              25.064849458
            ],
            [
              121.527074988,
              25.064830865
            ],
            [
              121.527307443,
              25.064825138
            ],
            [
              121.527723065,
              25.064814898
            ]
          ]
        ]
      }
    },
    {
      "type": "Feature",
      "properties": {
        "dataset_slug": "tw.openfun~entity~geo",
        "record_id": "63000040-011"
      },
      "geometry": {
        "type": "Polygon",
        "coordinates": [
          [
            [
              121.527733306,
              25.066595962
            ],
            [
              121.527728128,
              25.065695453
            ],
            [
              121.527724529,
              25.065069417
            ],
            [
              121.527723065,
              25.064814898
            ],
            [
              121.527307443,
              25.064825138
            ],
            [
              121.527074988,
              25.064830865
            ],
            [
              121.526320124,
              25.064849458
            ],
            [
              121.525860868,
              25.064860768
            ],
            [
              121.525659715,
              25.06486572
            ],
            [
              121.525392152,
              25.064872309
            ],
            [
              121.524264953,
              25.064900057
            ],
            [
              121.52288378,
              25.064934047
            ],
            [
              121.522235264,
              25.064831232
            ],
            [
              121.522233314,
              25.06488494
            ],
            [
              121.522226167,
              25.065081782
            ],
            [
              121.522269992,
              25.065833192
            ],
            [
              121.522353532,
              25.066361767
            ],
            [
              121.522435527,
              25.066752907
            ],
            [
              121.522970886,
              25.066737056
            ],
            [
              121.522979149,
              25.066736812
            ],
            [
              121.524310262,
              25.066697391
            ],
            [
              121.525428878,
              25.066664254
            ],
            [
              121.525714787,
              25.066655782
            ],
            [
              121.52588822,
              25.066650644
            ],
            [
              121.527334548,
              25.066607782
            ],
            [
              121.527733306,
              25.066595962
            ]
          ]
        ]
      }
    },
    {
      "type": "Feature",
      "properties": {
        "dataset_slug": "tw.openfun~entity~geo",
        "record_id": "63000040-012"
      },
      "geometry": {
        "type": "Polygon",
        "coordinates": [
          [
            [
              121.524974395,
              25.074334578
            ],
            [
              121.525002768,
              25.074123352
            ],
            [
              121.52503938,
              25.073850794
            ],
            [
              121.525101675,
              25.073666277
            ],
            [
              121.525214335,
              25.073458533
            ],
            [
              121.525402439,
              25.073192942
            ],
            [
              121.525742078,
              25.072961365
            ],
            [
              121.526056737,
              25.072787464
            ],
            [
              121.526472665,
              25.072693842
            ],
            [
              121.526621329,
              25.072709656
            ],
            [
              121.527741025,
              25.071330145
            ],
            [
              121.527840961,
              25.071099415
            ],
            [
              121.527865109,
              25.070845915
            ],
            [
              121.527778523,
              25.068054061
            ],
            [
              121.527772346,
              25.067854873
            ],
            [
              121.527770076,
              25.067781634
            ],
            [
              121.527765626,
              25.067638151
            ],
            [
              121.527763609,
              25.067573101
            ],
            [
              121.527758977,
              25.067423766
            ],
            [
              121.527757688,
              25.067382211
            ],
            [
              121.527753185,
              25.067237005
            ],
            [
              121.527751955,
              25.067197329
            ],
            [
              121.527747066,
              25.067039681
            ],
            [
              121.527740638,
              25.0668324
            ],
            [
              121.52773406,
              25.066620296
            ],
            [
              121.527733306,
              25.066595962
            ],
            [
              121.527334548,
              25.066607782
            ],
            [
              121.52588822,
              25.066650644
            ],
            [
              121.525714787,
              25.066655782
            ],
            [
              121.525428878,
              25.066664254
            ],
            [
              121.524310262,
              25.066697391
            ],
            [
              121.522979149,
              25.066736812
            ],
            [
              121.522970886,
              25.066737056
            ],
            [
              121.522435527,
              25.066752907
            ],
            [
              121.522770127,
              25.068121399
            ],
            [
              121.522846363,
              25.068433195
            ],
            [
              121.52084925,
              25.068464226
            ],
            [
              121.519896501,
              25.06847902
            ],
            [
              121.519839935,
              25.068479898
            ],
            [
              121.519614014,
              25.068483533
            ],
            [
              121.519619575,
              25.068531048
            ],
            [
              121.519625419,
              25.068580989
            ],
            [
              121.519830942,
              25.070337349
            ],
            [
              121.519933304,
              25.070966687
            ],
            [
              121.520101728,
              25.071838851
            ],
            [
              121.520110657,
              25.071885088
            ],
            [
              121.520113303,
              25.071898793
            ],
            [
              121.520324235,
              25.072702294
            ],
            [
              121.520461351,
              25.073110798
            ],
            [
              121.520722529,
              25.073616776
            ],
            [
              121.520733147,
              25.073637346
            ],
            [
              121.52093449,
              25.074027402
            ],
            [
              121.520967867,
              25.074100654
            ],
            [
              121.521066874,
              25.074312103
            ],
            [
              121.521131013,
              25.074465915
            ],
            [
              121.52125125,
              25.074693042
            ],
            [
              121.521307624,
              25.074831118
            ],
            [
              121.521342946,
              25.074906143
            ],
            [
              121.521370155,
              25.074970805
            ],
            [
              121.521412892,
              25.07506868
            ],
            [
              121.521436251,
              25.075133367
            ],
            [
              121.521461446,
              25.075177028
            ],
            [
              121.52150016,
              25.075232911
            ],
            [
              121.521537036,
              25.075309789
            ],
            [
              121.521573928,
              25.075390189
            ],
            [
              121.521591564,
              25.075465385
            ],
            [
              121.521618734,
              25.075521301
            ],
            [
              121.521692884,
              25.075676727
            ],
            [
              121.521718085,
              25.075722151
            ],
            [
              121.521766643,
              25.075830511
            ],
            [
              121.521807431,
              25.075923133
            ],
            [
              121.521852089,
              25.07601925
            ],
            [
              121.521939416,
              25.076197481
            ],
            [
              121.521966482,
              25.076228892
            ],
            [
              121.522012972,
              25.076303997
            ],
            [
              121.522096236,
              25.076431485
            ],
            [
              121.522125849,
              25.076485587
            ],
            [
              121.522201314,
              25.076588589
            ],
            [
              121.522232387,
              25.076656744
            ],
            [
              121.522350582,
              25.076855874
            ],
            [
              121.52245917,
              25.077056788
            ],
            [
              121.52248039,
              25.077084407
            ],
            [
              121.522500885,
              25.07711108
            ],
            [
              121.52266303,
              25.076999954
            ],
            [
              121.522846495,
              25.076855734
            ],
            [
              121.523006375,
              25.076740869
            ],
            [
              121.523264175,
              25.076556504
            ],
            [
              121.523327413,
              25.076505413
            ],
            [
              121.523447621,
              25.076408294
            ],
            [
              121.52361785,
              25.076244179
            ],
            [
              121.52375305,
              25.076088169
            ],
            [
              121.523892549,
              25.075912199
            ],
            [
              121.524175889,
              25.075552265
            ],
            [
              121.524298437,
              25.075365693
            ],
            [
              121.524534199,
              25.07503306
            ],
            [
              121.52459032,
              25.074953879
            ],
            [
              121.52472093,
              25.074750027
            ],
            [
              121.524925533,
              25.074426266
            ],
            [
              121.524974395,
              25.074334578
            ]
          ]
        ]
      }
    },
    {
      "type": "Feature",
      "properties": {
        "dataset_slug": "tw.openfun~entity~geo",
        "record_id": "63000040-013"
      },
      "geometry": {
        "type": "Polygon",
        "coordinates": [
          [
            [
              121.544576051,
              25.079720396
            ],
            [
              121.544370893,
              25.079709368
            ],
            [
              121.544370898,
              25.079670128
            ],
            [
              121.544371101,
              25.077617216
            ],
            [
              121.544371222,
              25.076425357
            ],
            [
              121.544274712,
              25.076429136
            ],
            [
              121.544032448,
              25.076438624
            ],
            [
              121.534856963,
              25.076797632
            ],
            [
              121.533428848,
              25.076853457
            ],
            [
              121.529486609,
              25.076890904
            ],
            [
              121.529150828,
              25.076822486
            ],
            [
              121.528722825,
              25.076587325
            ],
            [
              121.528416769,
              25.076337808
            ],
            [
              121.528186711,
              25.076032326
            ],
            [
              121.52800204,
              25.075643146
            ],
            [
              121.527939734,
              25.075337067
            ],
            [
              121.527953365,
              25.074961113
            ],
            [
              121.528013648,
              25.074793818
            ],
            [
              121.528119366,
              25.074556756
            ],
            [
              121.528163566,
              25.074194614
            ],
            [
              121.528147174,
              25.073930135
            ],
            [
              121.527992708,
              25.073471244
            ],
            [
              121.527762608,
              25.07315184
            ],
            [
              121.527426052,
              25.072902419
            ],
            [
              121.527151093,
              25.072792016
            ],
            [
              121.526922129,
              25.072737135
            ],
            [
              121.526621329,
              25.072709656
            ],
            [
              121.526472665,
              25.072693842
            ],
            [
              121.526056737,
              25.072787464
            ],
            [
              121.525742078,
              25.072961365
            ],
            [
              121.525402439,
              25.073192942
            ],
            [
              121.525214335,
              25.073458533
            ],
            [
              121.525101675,
              25.073666277
            ],
            [
              121.52503938,
              25.073850794
            ],
            [
              121.525002768,
              25.074123352
            ],
            [
              121.524974395,
              25.074334578
            ],
            [
              121.525029878,
              25.074230468
            ],
            [
              121.525073585,
              25.074202399
            ],
            [
              121.525192089,
              25.074241866
            ],
            [
              121.525359011,
              25.074329017
            ],
            [
              121.525521685,
              25.07444808
            ],
            [
              121.5255833,
              25.0745077
            ],
            [
              121.525653733,
              25.074579235
            ],
            [
              121.525724474,
              25.074722554
            ],
            [
              121.525760084,
              25.074850046
            ],
            [
              121.525773627,
              25.074941725
            ],
            [
              121.52579162,
              25.075049358
            ],
            [
              121.525783197,
              25.075129148
            ],
            [
              121.525774896,
              25.075236853
            ],
            [
              121.525718813,
              25.075444444
            ],
            [
              121.525653963,
              25.075652054
            ],
            [
              121.525520528,
              25.07601025
            ],
            [
              121.525451142,
              25.076181993
            ],
            [
              121.525420958,
              25.076297758
            ],
            [
              121.525295094,
              25.076585345
            ],
            [
              121.525225876,
              25.076796972
            ],
            [
              121.525195605,
              25.076947385
            ],
            [
              121.525183535,
              25.077198688
            ],
            [
              121.525162513,
              25.077406153
            ],
            [
              121.525145429,
              25.077509898
            ],
            [
              121.525098347,
              25.077773285
            ],
            [
              121.525042331,
              25.077996827
            ],
            [
              121.524921442,
              25.078423979
            ],
            [
              121.524856675,
              25.078651541
            ],
            [
              121.524752954,
              25.079049581
            ],
            [
              121.524666203,
              25.079261271
            ],
            [
              121.524596778,
              25.079425032
            ],
            [
              121.524483712,
              25.07963281
            ],
            [
              121.52444454,
              25.079696759
            ],
            [
              121.52439691,
              25.07983252
            ],
            [
              121.524357824,
              25.079916409
            ],
            [
              121.524331989,
              25.08009837
            ],
            [
              121.524319458,
              25.080241986
            ],
            [
              121.524312788,
              25.080361845
            ],
            [
              121.524310752,
              25.08039842
            ],
            [
              121.524307249,
              25.080461373
            ],
            [
              121.524285764,
              25.080561153
            ],
            [
              121.524291003,
              25.080760537
            ],
            [
              121.52429145,
              25.08086423
            ],
            [
              121.524304768,
              25.080904058
            ],
            [
              121.524331428,
              25.080987717
            ],
            [
              121.524380173,
              25.081111176
            ],
            [
              121.524437578,
              25.081210678
            ],
            [
              121.524539324,
              25.081384847
            ],
            [
              121.524609914,
              25.081492273
            ],
            [
              121.524662749,
              25.081547925
            ],
            [
              121.524728632,
              25.081579596
            ],
            [
              121.524781279,
              25.081591372
            ],
            [
              121.524824862,
              25.081596627
            ],
            [
              121.524877754,
              25.081603003
            ],
            [
              121.525002417,
              25.081602562
            ],
            [
              121.525011028,
              25.081613817
            ],
            [
              121.525085276,
              25.081710854
            ],
            [
              121.525255164,
              25.081932882
            ],
            [
              121.525504492,
              25.08150504
            ],
            [
              121.525702744,
              25.081326272
            ],
            [
              121.525842475,
              25.081341675
            ],
            [
              121.525961291,
              25.081366686
            ],
            [
              121.526132693,
              25.081439214
            ],
            [
              121.526523336,
              25.081663176
            ],
            [
              121.526885752,
              25.081931735
            ],
            [
              121.526936313,
              25.082023027
            ],
            [
              121.526945971,
              25.082122833
            ],
            [
              121.526911339,
              25.082237295
            ],
            [
              121.526881666,
              25.082338017
            ],
            [
              121.52689209,
              25.082429451
            ],
            [
              121.527542507,
              25.083161691
            ],
            [
              121.527692159,
              25.083289518
            ],
            [
              121.527800085,
              25.083381699
            ],
            [
              121.527909176,
              25.083553926
            ],
            [
              121.52818075,
              25.083715715
            ],
            [
              121.528501587,
              25.083995687
            ],
            [
              121.528888411,
              25.084502286
            ],
            [
              121.52919155,
              25.084331344
            ],
            [
              121.529196464,
              25.084328573
            ],
            [
              121.529238571,
              25.084349637
            ],
            [
              121.529263994,
              25.084367182
            ],
            [
              121.529284733,
              25.084372729
            ],
            [
              121.529514122,
              25.08443409
            ],
            [
              121.52965005,
              25.084445565
            ],
            [
              121.529799212,
              25.084476949
            ],
            [
              121.530049393,
              25.084555818
            ],
            [
              121.530295174,
              25.084630712
            ],
            [
              121.530501577,
              25.084721718
            ],
            [
              121.530681649,
              25.084804818
            ],
            [
              121.530781152,
              25.084866583
            ],
            [
              121.530873473,
              25.084930062
            ],
            [
              121.530970283,
              25.08501746
            ],
            [
              121.531049612,
              25.08511688
            ],
            [
              121.531060661,
              25.085134086
            ],
            [
              121.531062347,
              25.085136713
            ],
            [
              121.531146702,
              25.085268076
            ],
            [
              121.53123516,
              25.08545122
            ],
            [
              121.531306,
              25.085614472
            ],
            [
              121.531328349,
              25.085714096
            ],
            [
              121.531403851,
              25.08594115
            ],
            [
              121.531469842,
              25.085996742
            ],
            [
              121.531514056,
              25.086084329
            ],
            [
              121.531616624,
              25.086229508
            ],
            [
              121.53173556,
              25.086364683
            ],
            [
              121.531854425,
              25.086483896
            ],
            [
              121.532056866,
              25.086670619
            ],
            [
              121.53218008,
              25.086781844
            ],
            [
              121.532303313,
              25.08689706
            ],
            [
              121.532356127,
              25.086962559
            ],
            [
              121.532466403,
              25.087121687
            ],
            [
              121.532510774,
              25.087245157
            ],
            [
              121.532568329,
              25.08737656
            ],
            [
              121.532625711,
              25.087468088
            ],
            [
              121.532744595,
              25.087591291
            ],
            [
              121.532845808,
              25.087682654
            ],
            [
              121.532951284,
              25.087746084
            ],
            [
              121.533061072,
              25.087793546
            ],
            [
              121.53314886,
              25.087821145
            ],
            [
              121.533238968,
              25.087838127
            ],
            [
              121.533380646,
              25.087890199
            ],
            [
              121.533542977,
              25.088028133
            ],
            [
              121.53361938,
              25.088097109
            ],
            [
              121.533933582,
              25.088156576
            ],
            [
              121.534316115,
              25.088613992
            ],
            [
              121.53469835,
              25.089002154
            ],
            [
              121.534898963,
              25.089191876
            ],
            [
              121.535156883,
              25.08943333
            ],
            [
              121.535481586,
              25.08971782
            ],
            [
              121.535730067,
              25.089976613
            ],
            [
              121.535793478,
              25.090034257
            ],
            [
              121.535897037,
              25.090128404
            ],
            [
              121.535976342,
              25.090174391
            ],
            [
              121.536164092,
              25.090283263
            ],
            [
              121.536564679,
              25.090515529
            ],
            [
              121.536850992,
              25.090722247
            ],
            [
              121.537089501,
              25.090885824
            ],
            [
              121.537404286,
              25.091066492
            ],
            [
              121.537633103,
              25.091178207
            ],
            [
              121.53799522,
              25.091315393
            ],
            [
              121.538051822,
              25.091359907
            ],
            [
              121.538286946,
              25.091602615
            ],
            [
              121.538312734,
              25.091631435
            ],
            [
              121.538337005,
              25.09164964
            ],
            [
              121.538633295,
              25.091763109
            ],
            [
              121.538675278,
              25.091774027
            ],
            [
              121.538717752,
              25.091777062
            ],
            [
              121.538764777,
              25.091775545
            ],
            [
              121.538814134,
              25.091782145
            ],
            [
              121.538881581,
              25.091793748
            ],
            [
              121.538966529,
              25.091808917
            ],
            [
              121.539471968,
              25.091973779
            ],
            [
              121.539777586,
              25.092070683
            ],
            [
              121.539924781,
              25.092087183
            ],
            [
              121.539973145,
              25.091993287
            ],
            [
              121.540377083,
              25.091209046
            ],
            [
              121.541044798,
              25.091057201
            ],
            [
              121.54159493,
              25.090785241
            ],
            [
              121.541673245,
              25.090791178
            ],
            [
              121.542080266,
              25.090822041
            ],
            [
              121.542083945,
              25.09082232
            ],
            [
              121.542210901,
              25.090687032
            ],
            [
              121.543041094,
              25.090181463
            ],
            [
              121.543287575,
              25.08975158
            ],
            [
              121.543380608,
              25.089536744
            ],
            [
              121.543614504,
              25.089296882
            ],
            [
              121.54386174,
              25.089038587
            ],
            [
              121.544022258,
              25.088903176
            ],
            [
              121.544219225,
              25.088466656
            ],
            [
              121.544141363,
              25.085638409
            ],
            [
              121.544132783,
              25.085326798
            ],
            [
              121.544105499,
              25.084335657
            ],
            [
              121.544541613,
              25.084150126
            ],
            [
              121.544562198,
              25.08414137
            ],
            [
              121.544580859,
              25.083826967
            ],
            [
              121.544639335,
              25.082841786
            ],
            [
              121.544639808,
              25.082833837
            ],
            [
              121.544650443,
              25.082202582
            ],
            [
              121.544633941,
              25.081510136
            ],
            [
              121.544613284,
              25.081155789
            ],
            [
              121.544612152,
              25.081136386
            ],
            [
              121.544576051,
              25.079720396
            ]
          ]
        ]
      }
    },
    {
      "type": "Feature",
      "properties": {
        "dataset_slug": "tw.openfun~entity~geo",
        "record_id": "63000040-014"
      },
      "geometry": {
        "type": "Polygon",
        "coordinates": [
          [
            [
              121.54897335,
              25.09124082
            ],
            [
              121.548992383,
              25.090967612
            ],
            [
              121.549099108,
              25.089435624
            ],
            [
              121.549117997,
              25.089164491
            ],
            [
              121.549184959,
              25.088203263
            ],
            [
              121.549339279,
              25.086701533
            ],
            [
              121.549359409,
              25.086588548
            ],
            [
              121.549385813,
              25.086501386
            ],
            [
              121.54942751,
              25.086410686
            ],
            [
              121.549660532,
              25.086089835
            ],
            [
              121.549618363,
              25.086054356
            ],
            [
              121.54958278,
              25.086009128
            ],
            [
              121.549534115,
              25.085915659
            ],
            [
              121.549500037,
              25.085847011
            ],
            [
              121.54948861,
              25.085809009
            ],
            [
              121.549481523,
              25.085662707
            ],
            [
              121.549459757,
              25.085500092
            ],
            [
              121.549643503,
              25.085361136
            ],
            [
              121.549755793,
              25.08528171
            ],
            [
              121.549820184,
              25.085249442
            ],
            [
              121.550141858,
              25.085164096
            ],
            [
              121.550108986,
              25.085141529
            ],
            [
              121.550073387,
              25.085117105
            ],
            [
              121.549991754,
              25.085058194
            ],
            [
              121.549902327,
              25.084983341
            ],
            [
              121.549812986,
              25.084902845
            ],
            [
              121.549723315,
              25.084804212
            ],
            [
              121.549653277,
              25.084711132
            ],
            [
              121.549616288,
              25.084662719
            ],
            [
              121.549542196,
              25.084551184
            ],
            [
              121.549479061,
              25.084434193
            ],
            [
              121.54942736,
              25.084312637
            ],
            [
              121.549413785,
              25.084274363
            ],
            [
              121.549327974,
              25.084090384
            ],
            [
              121.549000373,
              25.082852439
            ],
            [
              121.54899644,
              25.082837584
            ],
            [
              121.548798899,
              25.08203627
            ],
            [
              121.548794894,
              25.082020028
            ],
            [
              121.548570075,
              25.081202556
            ],
            [
              121.548565687,
              25.0811881
            ],
            [
              121.54853463,
              25.081085784
            ],
            [
              121.548446208,
              25.080892896
            ],
            [
              121.54840905,
              25.080818732
            ],
            [
              121.548364095,
              25.080732204
            ],
            [
              121.548315358,
              25.080666922
            ],
            [
              121.548251047,
              25.080585781
            ],
            [
              121.548200601,
              25.080528944
            ],
            [
              121.548163403,
              25.080487032
            ],
            [
              121.548011567,
              25.080331907
            ],
            [
              121.547877277,
              25.080203249
            ],
            [
              121.547643649,
              25.080030986
            ],
            [
              121.547416506,
              25.079863504
            ],
            [
              121.547185539,
              25.07985187
            ],
            [
              121.545968492,
              25.079790557
            ],
            [
              121.545033467,
              25.079743445
            ],
            [
              121.544807451,
              25.079732057
            ],
            [
              121.544576051,
              25.079720396
            ],
            [
              121.544612152,
              25.081136386
            ],
            [
              121.544613284,
              25.081155789
            ],
            [
              121.544633941,
              25.081510136
            ],
            [
              121.544650443,
              25.082202582
            ],
            [
              121.544639808,
              25.082833837
            ],
            [
              121.544639335,
              25.082841786
            ],
            [
              121.544580859,
              25.083826967
            ],
            [
              121.544562198,
              25.08414137
            ],
            [
              121.544541613,
              25.084150126
            ],
            [
              121.544105499,
              25.084335657
            ],
            [
              121.544132783,
              25.085326798
            ],
            [
              121.544141363,
              25.085638409
            ],
            [
              121.544219225,
              25.088466656
            ],
            [
              121.544022258,
              25.088903176
            ],
            [
              121.54386174,
              25.089038587
            ],
            [
              121.543614504,
              25.089296882
            ],
            [
              121.543380608,
              25.089536744
            ],
            [
              121.543287575,
              25.08975158
            ],
            [
              121.543041094,
              25.090181463
            ],
            [
              121.542210901,
              25.090687032
            ],
            [
              121.542083945,
              25.09082232
            ],
            [
              121.542080266,
              25.090822041
            ],
            [
              121.541673245,
              25.090791178
            ],
            [
              121.54159493,
              25.090785241
            ],
            [
              121.541044798,
              25.091057201
            ],
            [
              121.540377083,
              25.091209046
            ],
            [
              121.539973145,
              25.091993287
            ],
            [
              121.539924781,
              25.092087183
            ],
            [
              121.539959612,
              25.092091087
            ],
            [
              121.540301097,
              25.092129365
            ],
            [
              121.540624745,
              25.092171468
            ],
            [
              121.540758007,
              25.092188297
            ],
            [
              121.540806824,
              25.092211581
            ],
            [
              121.540832576,
              25.09224469
            ],
            [
              121.540862006,
              25.092301711
            ],
            [
              121.540880401,
              25.092378965
            ],
            [
              121.540906152,
              25.092515081
            ],
            [
              121.540957656,
              25.092667752
            ],
            [
              121.541016516,
              25.092750525
            ],
            [
              121.541112165,
              25.092811225
            ],
            [
              121.541240923,
              25.09285537
            ],
            [
              121.541360484,
              25.092873764
            ],
            [
              121.541474527,
              25.092868246
            ],
            [
              121.541562818,
              25.092836977
            ],
            [
              121.541640073,
              25.09279651
            ],
            [
              121.541704452,
              25.092741328
            ],
            [
              121.541759634,
              25.092676949
            ],
            [
              121.541836889,
              25.092561066
            ],
            [
              121.541930699,
              25.092402878
            ],
            [
              121.542057618,
              25.092121451
            ],
            [
              121.542114639,
              25.091990853
            ],
            [
              121.542184819,
              25.091911844
            ],
            [
              121.542323717,
              25.091837919
            ],
            [
              121.542504128,
              25.091759348
            ],
            [
              121.542751284,
              25.091715164
            ],
            [
              121.54299867,
              25.091722915
            ],
            [
              121.543445917,
              25.091747243
            ],
            [
              121.543864585,
              25.091763016
            ],
            [
              121.544064176,
              25.091718995
            ],
            [
              121.544215892,
              25.091605896
            ],
            [
              121.544414788,
              25.091406061
            ],
            [
              121.544565962,
              25.091171783
            ],
            [
              121.544688597,
              25.090937608
            ],
            [
              121.544763815,
              25.090738229
            ],
            [
              121.544782187,
              25.090590994
            ],
            [
              121.544895613,
              25.090426098
            ],
            [
              121.544961649,
              25.090382032
            ],
            [
              121.544973224,
              25.090374308
            ],
            [
              121.544999953,
              25.09035647
            ],
            [
              121.545114153,
              25.090367588
            ],
            [
              121.54517127,
              25.090373149
            ],
            [
              121.545380797,
              25.090424307
            ],
            [
              121.545694697,
              25.090414485
            ],
            [
              121.545980485,
              25.090499993
            ],
            [
              121.546241137,
              25.090617375
            ],
            [
              121.546266464,
              25.090628779
            ],
            [
              121.546485387,
              25.090653945
            ],
            [
              121.546804795,
              25.090652763
            ],
            [
              121.546818355,
              25.090652712
            ],
            [
              121.546826007,
              25.090652684
            ],
            [
              121.547294024,
              25.09065095
            ],
            [
              121.547636543,
              25.09065833
            ],
            [
              121.547912935,
              25.090769835
            ],
            [
              121.548139984,
              25.090911623
            ],
            [
              121.548146308,
              25.090915571
            ],
            [
              121.548160982,
              25.090924735
            ],
            [
              121.548323136,
              25.091019352
            ],
            [
              121.548494688,
              25.091087962
            ],
            [
              121.548666043,
              25.091113294
            ],
            [
              121.548885241,
              25.091199043
            ],
            [
              121.548970336,
              25.091239391
            ],
            [
              121.54897335,
              25.09124082
            ]
          ]
        ]
      }
    },
    {
      "type": "Feature",
      "properties": {
        "dataset_slug": "tw.openfun~entity~geo",
        "record_id": "63000040-015"
      },
      "geometry": {
        "type": "Polygon",
        "coordinates": [
          [
            [
              121.556324594,
              25.084611836
            ],
            [
              121.55632509,
              25.08380544
            ],
            [
              121.556319085,
              25.082617908
            ],
            [
              121.556305443,
              25.079919984
            ],
            [
              121.556303409,
              25.079517796
            ],
            [
              121.556301894,
              25.079218228
            ],
            [
              121.55629576,
              25.078005015
            ],
            [
              121.556293384,
              25.077534946
            ],
            [
              121.556280018,
              25.074891063
            ],
            [
              121.556279956,
              25.074878895
            ],
            [
              121.556100067,
              25.074927385
            ],
            [
              121.555754279,
              25.075023946
            ],
            [
              121.555215486,
              25.075172542
            ],
            [
              121.555070722,
              25.07520972
            ],
            [
              121.55468464,
              25.075299107
            ],
            [
              121.554475496,
              25.075343864
            ],
            [
              121.554065227,
              25.075426017
            ],
            [
              121.553872119,
              25.075456061
            ],
            [
              121.55373534,
              25.075478556
            ],
            [
              121.55344561,
              25.075508952
            ],
            [
              121.5532364,
              25.075539055
            ],
            [
              121.553139847,
              25.075554067
            ],
            [
              121.552793888,
              25.075613993
            ],
            [
              121.552697334,
              25.075629013
            ],
            [
              121.552665094,
              25.075621805
            ],
            [
              121.552228564,
              25.075721865
            ],
            [
              121.550593664,
              25.075898103
            ],
            [
              121.550206162,
              25.075939871
            ],
            [
              121.550193941,
              25.075941189
            ],
            [
              121.550240405,
              25.077333496
            ],
            [
              121.550360625,
              25.077333051
            ],
            [
              121.550573421,
              25.07735252
            ],
            [
              121.550697438,
              25.077374016
            ],
            [
              121.550831173,
              25.077379386
            ],
            [
              121.55088983,
              25.077381742
            ],
            [
              121.55115456,
              25.0774348
            ],
            [
              121.551306408,
              25.077473063
            ],
            [
              121.551401069,
              25.077547021
            ],
            [
              121.551530366,
              25.077644913
            ],
            [
              121.55159475,
              25.077693659
            ],
            [
              121.551616353,
              25.077710016
            ],
            [
              121.55181328,
              25.077901793
            ],
            [
              121.551928487,
              25.078021257
            ],
            [
              121.552027067,
              25.078144157
            ],
            [
              121.552088668,
              25.078270581
            ],
            [
              121.552155925,
              25.078420619
            ],
            [
              121.552165515,
              25.078443679
            ],
            [
              121.552206412,
              25.07854202
            ],
            [
              121.552244139,
              25.07870737
            ],
            [
              121.552276212,
              25.07884741
            ],
            [
              121.552299167,
              25.079014505
            ],
            [
              121.552292453,
              25.079168193
            ],
            [
              121.55228441,
              25.079219872
            ],
            [
              121.552270889,
              25.079306754
            ],
            [
              121.552247352,
              25.079418292
            ],
            [
              121.552221988,
              25.079538277
            ],
            [
              121.552192847,
              25.079638019
            ],
            [
              121.552171031,
              25.079722537
            ],
            [
              121.552134483,
              25.079822306
            ],
            [
              121.552088211,
              25.079957622
            ],
            [
              121.551710674,
              25.081009318
            ],
            [
              121.55156619,
              25.081013287
            ],
            [
              121.550892351,
              25.081032279
            ],
            [
              121.550305184,
              25.081048826
            ],
            [
              121.550296961,
              25.081049058
            ],
            [
              121.55022197,
              25.081040488
            ],
            [
              121.549799345,
              25.081046922
            ],
            [
              121.549183452,
              25.081059433
            ],
            [
              121.549154084,
              25.081058197
            ],
            [
              121.54914015,
              25.081057611
            ],
            [
              121.54907065,
              25.081054686
            ],
            [
              121.548565687,
              25.0811881
            ],
            [
              121.548570075,
              25.081202556
            ],
            [
              121.548794894,
              25.082020028
            ],
            [
              121.548798899,
              25.08203627
            ],
            [
              121.54899644,
              25.082837584
            ],
            [
              121.549000373,
              25.082852439
            ],
            [
              121.549327974,
              25.084090384
            ],
            [
              121.549413785,
              25.084274363
            ],
            [
              121.54942736,
              25.084312637
            ],
            [
              121.549479061,
              25.084434193
            ],
            [
              121.549542196,
              25.084551184
            ],
            [
              121.549616288,
              25.084662719
            ],
            [
              121.549653277,
              25.084711132
            ],
            [
              121.549723315,
              25.084804212
            ],
            [
              121.549812986,
              25.084902845
            ],
            [
              121.549902327,
              25.084983341
            ],
            [
              121.549991754,
              25.085058194
            ],
            [
              121.550073387,
              25.085117105
            ],
            [
              121.550108986,
              25.085141529
            ],
            [
              121.550141858,
              25.085164096
            ],
            [
              121.550159919,
              25.085176496
            ],
            [
              121.550190756,
              25.085193535
            ],
            [
              121.550250657,
              25.085227538
            ],
            [
              121.55032338,
              25.085266981
            ],
            [
              121.550393908,
              25.0853034
            ],
            [
              121.55069662,
              25.0854643
            ],
            [
              121.550888023,
              25.085564613
            ],
            [
              121.551063177,
              25.085664841
            ],
            [
              121.551141151,
              25.085702864
            ],
            [
              121.551249474,
              25.085746374
            ],
            [
              121.55136155,
              25.085781121
            ],
            [
              121.551476524,
              25.08580684
            ],
            [
              121.551559989,
              25.08583066
            ],
            [
              121.551602283,
              25.08584028
            ],
            [
              121.551631903,
              25.085846372
            ],
            [
              121.55166331,
              25.085851122
            ],
            [
              121.551698456,
              25.085856254
            ],
            [
              121.551730144,
              25.085859349
            ],
            [
              121.551770187,
              25.085862143
            ],
            [
              121.551839096,
              25.085864595
            ],
            [
              121.551888321,
              25.085865649
            ],
            [
              121.551936206,
              25.085866509
            ],
            [
              121.551977323,
              25.085865507
            ],
            [
              121.552020324,
              25.085862576
            ],
            [
              121.552070322,
              25.085856675
            ],
            [
              121.552112077,
              25.085849821
            ],
            [
              121.552161261,
              25.08584172
            ],
            [
              121.552221754,
              25.085828919
            ],
            [
              121.552282199,
              25.085814077
            ],
            [
              121.552318833,
              25.08580392
            ],
            [
              121.552355961,
              25.085793256
            ],
            [
              121.552487035,
              25.085755184
            ],
            [
              121.552537895,
              25.085740586
            ],
            [
              121.552610805,
              25.085717337
            ],
            [
              121.552977806,
              25.085600312
            ],
            [
              121.553074533,
              25.085571766
            ],
            [
              121.553284577,
              25.085509779
            ],
            [
              121.553788987,
              25.085360915
            ],
            [
              121.553883621,
              25.085332319
            ],
            [
              121.554124427,
              25.085259552
            ],
            [
              121.55439832,
              25.085179616
            ],
            [
              121.555118593,
              25.084969403
            ],
            [
              121.555218897,
              25.084939469
            ],
            [
              121.556124702,
              25.084669155
            ],
            [
              121.556202109,
              25.084646958
            ],
            [
              121.556324594,
              25.084611836
            ]
          ]
        ]
      }
    },
    {
      "type": "Feature",
      "properties": {
        "dataset_slug": "tw.openfun~entity~geo",
        "record_id": "63000040-016"
      },
      "geometry": {
        "type": "Polygon",
        "coordinates": [
          [
            [
              121.550193941,
              25.075941189
            ],
            [
              121.549586415,
              25.075991717
            ],
            [
              121.548733464,
              25.076062652
            ],
            [
              121.547643923,
              25.076153256
            ],
            [
              121.546539468,
              25.076245092
            ],
            [
              121.545632362,
              25.076320513
            ],
            [
              121.544375277,
              25.07642502
            ],
            [
              121.544371222,
              25.076425357
            ],
            [
              121.544371101,
              25.077617216
            ],
            [
              121.544370898,
              25.079670128
            ],
            [
              121.544370893,
              25.079709368
            ],
            [
              121.544576051,
              25.079720396
            ],
            [
              121.544807451,
              25.079732057
            ],
            [
              121.545033467,
              25.079743445
            ],
            [
              121.545968492,
              25.079790557
            ],
            [
              121.547185539,
              25.07985187
            ],
            [
              121.547416506,
              25.079863504
            ],
            [
              121.547643649,
              25.080030986
            ],
            [
              121.547877277,
              25.080203249
            ],
            [
              121.548011567,
              25.080331907
            ],
            [
              121.548163403,
              25.080487032
            ],
            [
              121.548200601,
              25.080528944
            ],
            [
              121.548251047,
              25.080585781
            ],
            [
              121.548315358,
              25.080666922
            ],
            [
              121.548364095,
              25.080732204
            ],
            [
              121.54840905,
              25.080818732
            ],
            [
              121.548446208,
              25.080892896
            ],
            [
              121.54853463,
              25.081085784
            ],
            [
              121.548565687,
              25.0811881
            ],
            [
              121.54907065,
              25.081054686
            ],
            [
              121.54914015,
              25.081057611
            ],
            [
              121.549154084,
              25.081058197
            ],
            [
              121.549183452,
              25.081059433
            ],
            [
              121.549799345,
              25.081046922
            ],
            [
              121.55022197,
              25.081040488
            ],
            [
              121.550296961,
              25.081049058
            ],
            [
              121.550305184,
              25.081048826
            ],
            [
              121.550892351,
              25.081032279
            ],
            [
              121.55156619,
              25.081013287
            ],
            [
              121.551710674,
              25.081009318
            ],
            [
              121.552088211,
              25.079957622
            ],
            [
              121.552134483,
              25.079822306
            ],
            [
              121.552171031,
              25.079722537
            ],
            [
              121.552192847,
              25.079638019
            ],
            [
              121.552221988,
              25.079538277
            ],
            [
              121.552247352,
              25.079418292
            ],
            [
              121.552270889,
              25.079306754
            ],
            [
              121.55228441,
              25.079219872
            ],
            [
              121.552292453,
              25.079168193
            ],
            [
              121.552299167,
              25.079014505
            ],
            [
              121.552276212,
              25.07884741
            ],
            [
              121.552244139,
              25.07870737
            ],
            [
              121.552206412,
              25.07854202
            ],
            [
              121.552165515,
              25.078443679
            ],
            [
              121.552155925,
              25.078420619
            ],
            [
              121.552088668,
              25.078270581
            ],
            [
              121.552027067,
              25.078144157
            ],
            [
              121.551928487,
              25.078021257
            ],
            [
              121.55181328,
              25.077901793
            ],
            [
              121.551616353,
              25.077710016
            ],
            [
              121.55159475,
              25.077693659
            ],
            [
              121.551530366,
              25.077644913
            ],
            [
              121.551401069,
              25.077547021
            ],
            [
              121.551306408,
              25.077473063
            ],
            [
              121.55115456,
              25.0774348
            ],
            [
              121.55088983,
              25.077381742
            ],
            [
              121.550831173,
              25.077379386
            ],
            [
              121.550697438,
              25.077374016
            ],
            [
              121.550573421,
              25.07735252
            ],
            [
              121.550360625,
              25.077333051
            ],
            [
              121.550240405,
              25.077333496
            ],
            [
              121.550193941,
              25.075941189
            ]
          ]
        ]
      }
    },
    {
      "type": "Feature",
      "properties": {
        "dataset_slug": "tw.openfun~entity~geo",
        "record_id": "63000040-017"
      },
      "geometry": {
        "type": "Polygon",
        "coordinates": [
          [
            [
              121.544371222,
              25.076425357
            ],
            [
              121.544375277,
              25.07642502
            ],
            [
              121.545632362,
              25.076320513
            ],
            [
              121.546539468,
              25.076245092
            ],
            [
              121.547643923,
              25.076153256
            ],
            [
              121.548733464,
              25.076062652
            ],
            [
              121.549586415,
              25.075991717
            ],
            [
              121.550193941,
              25.075941189
            ],
            [
              121.550206162,
              25.075939871
            ],
            [
              121.550593664,
              25.075898103
            ],
            [
              121.552228564,
              25.075721865
            ],
            [
              121.552665094,
              25.075621805
            ],
            [
              121.552656514,
              25.075504597
            ],
            [
              121.552622355,
              25.075072396
            ],
            [
              121.552571334,
              25.074471727
            ],
            [
              121.552528101,
              25.073812394
            ],
            [
              121.552493613,
              25.073306918
            ],
            [
              121.552462863,
              25.073212952
            ],
            [
              121.552450256,
              25.073120658
            ],
            [
              121.552424716,
              25.073038294
            ],
            [
              121.552409306,
              25.072969632
            ],
            [
              121.552313339,
              25.072896699
            ],
            [
              121.552131616,
              25.072782857
            ],
            [
              121.55199538,
              25.072710073
            ],
            [
              121.55189952,
              25.072660036
            ],
            [
              121.551637259,
              25.072546501
            ],
            [
              121.551521262,
              25.072496546
            ],
            [
              121.551252083,
              25.072393318
            ],
            [
              121.551213682,
              25.072378593
            ],
            [
              121.551097748,
              25.072342381
            ],
            [
              121.550815398,
              25.072238074
            ],
            [
              121.550714582,
              25.07220639
            ],
            [
              121.550502868,
              25.072138464
            ],
            [
              121.550150054,
              25.072034416
            ],
            [
              121.549869757,
              25.071951343
            ],
            [
              121.549663138,
              25.071897135
            ],
            [
              121.549501881,
              25.071856511
            ],
            [
              121.549416189,
              25.071829347
            ],
            [
              121.549330434,
              25.071788436
            ],
            [
              121.549290043,
              25.071761104
            ],
            [
              121.549214275,
              25.071701826
            ],
            [
              121.549168686,
              25.071637871
            ],
            [
              121.54912811,
              25.071569307
            ],
            [
              121.549082358,
              25.071468698
            ],
            [
              121.549066992,
              25.071409196
            ],
            [
              121.549026189,
              25.071290251
            ],
            [
              121.548970348,
              25.071185083
            ],
            [
              121.54890964,
              25.071116596
            ],
            [
              121.548817446,
              25.071062545
            ],
            [
              121.548808705,
              25.071057421
            ],
            [
              121.548582139,
              25.071044527
            ],
            [
              121.548405906,
              25.071031448
            ],
            [
              121.548149139,
              25.071018657
            ],
            [
              121.547862234,
              25.071019725
            ],
            [
              121.547479734,
              25.071030301
            ],
            [
              121.547187835,
              25.071040551
            ],
            [
              121.546614797,
              25.071056034
            ],
            [
              121.54605111,
              25.07107187
            ],
            [
              121.545512614,
              25.071092196
            ],
            [
              121.544888509,
              25.071103665
            ],
            [
              121.54401281,
              25.071134387
            ],
            [
              121.543343422,
              25.071150599
            ],
            [
              121.542231939,
              25.071182754
            ],
            [
              121.540868077,
              25.07123356
            ],
            [
              121.53967028,
              25.071274581
            ],
            [
              121.539212257,
              25.071280836
            ],
            [
              121.538744967,
              25.071300868
            ],
            [
              121.538659379,
              25.071296602
            ],
            [
              121.538619011,
              25.071273834
            ],
            [
              121.53857844,
              25.071205271
            ],
            [
              121.538577837,
              25.07106784
            ],
            [
              121.538571111,
              25.070683055
            ],
            [
              121.538560238,
              25.070499864
            ],
            [
              121.538554177,
              25.069923765
            ],
            [
              121.53855764,
              25.069566424
            ],
            [
              121.538567023,
              25.06941064
            ],
            [
              121.538611738,
              25.069277629
            ],
            [
              121.538676628,
              25.069153713
            ],
            [
              121.538796804,
              25.069011256
            ],
            [
              121.538927248,
              25.06891457
            ],
            [
              121.539088074,
              25.068859018
            ],
            [
              121.539430241,
              25.068834869
            ],
            [
              121.539983829,
              25.068814518
            ],
            [
              121.540396444,
              25.068785527
            ],
            [
              121.540693248,
              25.068747791
            ],
            [
              121.540929612,
              25.068701123
            ],
            [
              121.541019347,
              25.068675805
            ],
            [
              121.541110592,
              25.068650066
            ],
            [
              121.54161212,
              25.068466847
            ],
            [
              121.542049131,
              25.068263665
            ],
            [
              121.542118947,
              25.068225091
            ],
            [
              121.542605211,
              25.06795643
            ],
            [
              121.542691836,
              25.06790857
            ],
            [
              121.543670955,
              25.067368995
            ],
            [
              121.544157965,
              25.067092331
            ],
            [
              121.54434477,
              25.06698226
            ],
            [
              121.544343316,
              25.066917703
            ],
            [
              121.544342039,
              25.066861125
            ],
            [
              121.544332668,
              25.0664456
            ],
            [
              121.54428837,
              25.066476189
            ],
            [
              121.544239875,
              25.066509676
            ],
            [
              121.543449031,
              25.067055769
            ],
            [
              121.543106553,
              25.067323259
            ],
            [
              121.542902412,
              25.067472976
            ],
            [
              121.542763962,
              25.067565397
            ],
            [
              121.542632447,
              25.067654623
            ],
            [
              121.542568753,
              25.067688323
            ],
            [
              121.542445438,
              25.067753568
            ],
            [
              121.542289533,
              25.067823861
            ],
            [
              121.542109335,
              25.067894252
            ],
            [
              121.541946408,
              25.067945557
            ],
            [
              121.541769606,
              25.067996923
            ],
            [
              121.541637824,
              25.068025923
            ],
            [
              121.541457462,
              25.068061447
            ],
            [
              121.541037517,
              25.068061709
            ],
            [
              121.541007179,
              25.068061728
            ],
            [
              121.539925981,
              25.06808232
            ],
            [
              121.538337104,
              25.068112569
            ],
            [
              121.53627959,
              25.068151713
            ],
            [
              121.534213164,
              25.068180844
            ],
            [
              121.533279966,
              25.06819399
            ],
            [
              121.533287492,
              25.068631702
            ],
            [
              121.533294174,
              25.069020411
            ],
            [
              121.533337221,
              25.07152425
            ],
            [
              121.533348099,
              25.072156887
            ],
            [
              121.53335541,
              25.07258218
            ],
            [
              121.533356957,
              25.072672126
            ],
            [
              121.533391572,
              25.074685412
            ],
            [
              121.533394688,
              25.074866598
            ],
            [
              121.533428848,
              25.076853457
            ],
            [
              121.534856963,
              25.076797632
            ],
            [
              121.544032448,
              25.076438624
            ],
            [
              121.544274712,
              25.076429136
            ],
            [
              121.544371222,
              25.076425357
            ]
          ]
        ]
      }
    },
    {
      "type": "Feature",
      "properties": {
        "dataset_slug": "tw.openfun~entity~geo",
        "record_id": "63000040-018"
      },
      "geometry": {
        "type": "Polygon",
        "coordinates": [
          [
            [
              121.533279966,
              25.06819399
            ],
            [
              121.533262652,
              25.0665067
            ],
            [
              121.533258335,
              25.066085538
            ],
            [
              121.53325298,
              25.065563221
            ],
            [
              121.53324484,
              25.064769152
            ],
            [
              121.532643746,
              25.064770389
            ],
            [
              121.531729725,
              25.064772263
            ],
            [
              121.530348341,
              25.064775088
            ],
            [
              121.530334045,
              25.064775118
            ],
            [
              121.530345419,
              25.065009747
            ],
            [
              121.53035674,
              25.065243272
            ],
            [
              121.530363103,
              25.065374547
            ],
            [
              121.530376366,
              25.065648128
            ],
            [
              121.530382166,
              25.065767781
            ],
            [
              121.530396502,
              25.066063521
            ],
            [
              121.530420996,
              25.066568776
            ],
            [
              121.530439432,
              25.066949038
            ],
            [
              121.530457527,
              25.067322239
            ],
            [
              121.530476624,
              25.067716096
            ],
            [
              121.530501415,
              25.068227364
            ],
            [
              121.532460645,
              25.068203836
            ],
            [
              121.533279966,
              25.06819399
            ]
          ]
        ]
      }
    },
    {
      "type": "Feature",
      "properties": {
        "dataset_slug": "tw.openfun~entity~geo",
        "record_id": "63000040-019"
      },
      "geometry": {
        "type": "Polygon",
        "coordinates": [
          [
            [
              121.533428848,
              25.076853457
            ],
            [
              121.533394688,
              25.074866598
            ],
            [
              121.533391572,
              25.074685412
            ],
            [
              121.533356957,
              25.072672126
            ],
            [
              121.53335541,
              25.07258218
            ],
            [
              121.533348099,
              25.072156887
            ],
            [
              121.533337221,
              25.07152425
            ],
            [
              121.533294174,
              25.069020411
            ],
            [
              121.533287492,
              25.068631702
            ],
            [
              121.533279966,
              25.06819399
            ],
            [
              121.532460645,
              25.068203836
            ],
            [
              121.530501415,
              25.068227364
            ],
            [
              121.530476624,
              25.067716096
            ],
            [
              121.530457527,
              25.067322239
            ],
            [
              121.530439432,
              25.066949038
            ],
            [
              121.530420996,
              25.066568776
            ],
            [
              121.530396502,
              25.066063521
            ],
            [
              121.530382166,
              25.065767781
            ],
            [
              121.530376366,
              25.065648128
            ],
            [
              121.530363103,
              25.065374547
            ],
            [
              121.53035674,
              25.065243272
            ],
            [
              121.530345419,
              25.065009747
            ],
            [
              121.530334045,
              25.064775118
            ],
            [
              121.529040435,
              25.064794832
            ],
            [
              121.528170303,
              25.064808088
            ],
            [
              121.527723065,
              25.064814898
            ],
            [
              121.527724529,
              25.065069417
            ],
            [
              121.527728128,
              25.065695453
            ],
            [
              121.527733306,
              25.066595962
            ],
            [
              121.52773406,
              25.066620296
            ],
            [
              121.527740638,
              25.0668324
            ],
            [
              121.527747066,
              25.067039681
            ],
            [
              121.527751955,
              25.067197329
            ],
            [
              121.527753185,
              25.067237005
            ],
            [
              121.527757688,
              25.067382211
            ],
            [
              121.527758977,
              25.067423766
            ],
            [
              121.527763609,
              25.067573101
            ],
            [
              121.527765626,
              25.067638151
            ],
            [
              121.527770076,
              25.067781634
            ],
            [
              121.527772346,
              25.067854873
            ],
            [
              121.527778523,
              25.068054061
            ],
            [
              121.527865109,
              25.070845915
            ],
            [
              121.527840961,
              25.071099415
            ],
            [
              121.527741025,
              25.071330145
            ],
            [
              121.526621329,
              25.072709656
            ],
            [
              121.526922129,
              25.072737135
            ],
            [
              121.527151093,
              25.072792016
            ],
            [
              121.527426052,
              25.072902419
            ],
            [
              121.527762608,
              25.07315184
            ],
            [
              121.527992708,
              25.073471244
            ],
            [
              121.528147174,
              25.073930135
            ],
            [
              121.528163566,
              25.074194614
            ],
            [
              121.528119366,
              25.074556756
            ],
            [
              121.528013648,
              25.074793818
            ],
            [
              121.527953365,
              25.074961113
            ],
            [
              121.527939734,
              25.075337067
            ],
            [
              121.52800204,
              25.075643146
            ],
            [
              121.528186711,
              25.076032326
            ],
            [
              121.528416769,
              25.076337808
            ],
            [
              121.528722825,
              25.076587325
            ],
            [
              121.529150828,
              25.076822486
            ],
            [
              121.529486609,
              25.076890904
            ],
            [
              121.533428848,
              25.076853457
            ]
          ]
        ]
      }
    },
    {
      "type": "Feature",
      "properties": {
        "dataset_slug": "tw.openfun~entity~geo",
        "record_id": "63000040-020"
      },
      "geometry": {
        "type": "Polygon",
        "coordinates": [
          [
            [
              121.530334045,
              25.064775118
            ],
            [
              121.530348341,
              25.064775088
            ],
            [
              121.531729725,
              25.064772263
            ],
            [
              121.532643746,
              25.064770389
            ],
            [
              121.53324484,
              25.064769152
            ],
            [
              121.533231162,
              25.064333249
            ],
            [
              121.533214793,
              25.063811552
            ],
            [
              121.533203047,
              25.063437248
            ],
            [
              121.533190303,
              25.063031079
            ],
            [
              121.533171965,
              25.062446661
            ],
            [
              121.531659433,
              25.062484551
            ],
            [
              121.530277286,
              25.062519161
            ],
            [
              121.528165685,
              25.062572014
            ],
            [
              121.527713126,
              25.062583337
            ],
            [
              121.527719078,
              25.063919563
            ],
            [
              121.527723065,
              25.064814898
            ],
            [
              121.528170303,
              25.064808088
            ],
            [
              121.529040435,
              25.064794832
            ],
            [
              121.530334045,
              25.064775118
            ]
          ]
        ]
      }
    },
    {
      "type": "Feature",
      "properties": {
        "dataset_slug": "tw.openfun~entity~geo",
        "record_id": "63000040-021"
      },
      "geometry": {
        "type": "Polygon",
        "coordinates": [
          [
            [
              121.537002906,
              25.062361748
            ],
            [
              121.536993573,
              25.061796524
            ],
            [
              121.5369925,
              25.061731575
            ],
            [
              121.536989004,
              25.06151991
            ],
            [
              121.536980429,
              25.061000589
            ],
            [
              121.536968101,
              25.060254067
            ],
            [
              121.536964548,
              25.060035665
            ],
            [
              121.536955821,
              25.059499
            ],
            [
              121.536935871,
              25.058272157
            ],
            [
              121.536935264,
              25.058234853
            ],
            [
              121.536927828,
              25.05777736
            ],
            [
              121.534804818,
              25.057869525
            ],
            [
              121.533669475,
              25.057918803
            ],
            [
              121.533116685,
              25.057942789
            ],
            [
              121.533135384,
              25.058827399
            ],
            [
              121.533166731,
              25.060310087
            ],
            [
              121.533167043,
              25.060324797
            ],
            [
              121.533170695,
              25.061899397
            ],
            [
              121.533171157,
              25.062098098
            ],
            [
              121.533171965,
              25.062446661
            ],
            [
              121.534522202,
              25.062416744
            ],
            [
              121.534890936,
              25.062408572
            ],
            [
              121.534950267,
              25.062407257
            ],
            [
              121.536446746,
              25.062374081
            ],
            [
              121.537002906,
              25.062361748
            ]
          ]
        ]
      }
    },
    {
      "type": "Feature",
      "properties": {
        "dataset_slug": "tw.openfun~entity~geo",
        "record_id": "63000040-022"
      },
      "geometry": {
        "type": "Polygon",
        "coordinates": [
          [
            [
              121.533171965,
              25.062446661
            ],
            [
              121.533171157,
              25.062098098
            ],
            [
              121.533170695,
              25.061899397
            ],
            [
              121.533167043,
              25.060324797
            ],
            [
              121.532537319,
              25.060327055
            ],
            [
              121.532259903,
              25.060328048
            ],
            [
              121.531675152,
              25.060330142
            ],
            [
              121.530766414,
              25.060333391
            ],
            [
              121.530243377,
              25.060335258
            ],
            [
              121.530243137,
              25.060279492
            ],
            [
              121.529961341,
              25.060274962
            ],
            [
              121.529721082,
              25.0602711
            ],
            [
              121.528932705,
              25.060258424
            ],
            [
              121.527595157,
              25.060236906
            ],
            [
              121.527619427,
              25.060719678
            ],
            [
              121.527625813,
              25.060846665
            ],
            [
              121.527635367,
              25.06103669
            ],
            [
              121.527641736,
              25.061163388
            ],
            [
              121.527645432,
              25.061236904
            ],
            [
              121.527648263,
              25.061293224
            ],
            [
              121.527655623,
              25.061439615
            ],
            [
              121.527665411,
              25.061634282
            ],
            [
              121.527675732,
              25.061839554
            ],
            [
              121.527685749,
              25.062038832
            ],
            [
              121.527713126,
              25.062583337
            ],
            [
              121.528165685,
              25.062572014
            ],
            [
              121.530277286,
              25.062519161
            ],
            [
              121.531659433,
              25.062484551
            ],
            [
              121.533171965,
              25.062446661
            ]
          ]
        ]
      }
    },
    {
      "type": "Feature",
      "properties": {
        "dataset_slug": "tw.openfun~entity~geo",
        "record_id": "63000040-023"
      },
      "geometry": {
        "type": "Polygon",
        "coordinates": [
          [
            [
              121.533167043,
              25.060324797
            ],
            [
              121.533166731,
              25.060310087
            ],
            [
              121.533135384,
              25.058827399
            ],
            [
              121.533116685,
              25.057942789
            ],
            [
              121.532201006,
              25.057941707
            ],
            [
              121.531870448,
              25.057941313
            ],
            [
              121.53098296,
              25.057940257
            ],
            [
              121.530795065,
              25.057940031
            ],
            [
              121.530195252,
              25.057939313
            ],
            [
              121.528884727,
              25.057951686
            ],
            [
              121.527593084,
              25.057963893
            ],
            [
              121.52759343,
              25.058344397
            ],
            [
              121.527593606,
              25.05853816
            ],
            [
              121.527593774,
              25.058722559
            ],
            [
              121.527593949,
              25.058913127
            ],
            [
              121.52759398,
              25.058947846
            ],
            [
              121.527594372,
              25.059376641
            ],
            [
              121.527594774,
              25.059817238
            ],
            [
              121.527595157,
              25.060236906
            ],
            [
              121.528932705,
              25.060258424
            ],
            [
              121.529721082,
              25.0602711
            ],
            [
              121.529961341,
              25.060274962
            ],
            [
              121.530243137,
              25.060279492
            ],
            [
              121.530243377,
              25.060335258
            ],
            [
              121.530766414,
              25.060333391
            ],
            [
              121.531675152,
              25.060330142
            ],
            [
              121.532259903,
              25.060328048
            ],
            [
              121.532537319,
              25.060327055
            ],
            [
              121.533167043,
              25.060324797
            ]
          ]
        ]
      }
    },
    {
      "type": "Feature",
      "properties": {
        "dataset_slug": "tw.openfun~entity~geo",
        "record_id": "63000040-024"
      },
      "geometry": {
        "type": "Polygon",
        "coordinates": [
          [
            [
              121.537049829,
              25.064275813
            ],
            [
              121.537038057,
              25.063787866
            ],
            [
              121.537036752,
              25.063734897
            ],
            [
              121.537002906,
              25.062361748
            ],
            [
              121.536446746,
              25.062374081
            ],
            [
              121.534950267,
              25.062407257
            ],
            [
              121.534890936,
              25.062408572
            ],
            [
              121.534522202,
              25.062416744
            ],
            [
              121.533171965,
              25.062446661
            ],
            [
              121.533190303,
              25.063031079
            ],
            [
              121.533203047,
              25.063437248
            ],
            [
              121.533214793,
              25.063811552
            ],
            [
              121.533231162,
              25.064333249
            ],
            [
              121.53324484,
              25.064769152
            ],
            [
              121.53325298,
              25.065563221
            ],
            [
              121.533258335,
              25.066085538
            ],
            [
              121.533262652,
              25.0665067
            ],
            [
              121.533279966,
              25.06819399
            ],
            [
              121.533646827,
              25.067884927
            ],
            [
              121.534165491,
              25.067457816
            ],
            [
              121.534455566,
              25.067209924
            ],
            [
              121.534467953,
              25.067199339
            ],
            [
              121.534547625,
              25.067131253
            ],
            [
              121.535566762,
              25.066271452
            ],
            [
              121.535694046,
              25.066164066
            ],
            [
              121.535789769,
              25.066126199
            ],
            [
              121.535980934,
              25.065987932
            ],
            [
              121.536083274,
              25.065904207
            ],
            [
              121.536103779,
              25.06588743
            ],
            [
              121.536376641,
              25.065636297
            ],
            [
              121.536420476,
              25.065584073
            ],
            [
              121.536608309,
              25.065360302
            ],
            [
              121.536711139,
              25.065186515
            ],
            [
              121.536771474,
              25.065084548
            ],
            [
              121.536840753,
              25.064956774
            ],
            [
              121.536893773,
              25.064858982
            ],
            [
              121.536898176,
              25.064846246
            ],
            [
              121.537001993,
              25.064545906
            ],
            [
              121.537008844,
              25.064507221
            ],
            [
              121.537049829,
              25.064275813
            ]
          ]
        ]
      }
    },
    {
      "type": "Feature",
      "properties": {
        "dataset_slug": "tw.openfun~entity~geo",
        "record_id": "63000040-025"
      },
      "geometry": {
        "type": "Polygon",
        "coordinates": [
          [
            [
              121.541007179,
              25.068061728
            ],
            [
              121.541000508,
              25.067760586
            ],
            [
              121.540995751,
              25.067545827
            ],
            [
              121.540991508,
              25.067354308
            ],
            [
              121.540987534,
              25.067174892
            ],
            [
              121.540983919,
              25.067011677
            ],
            [
              121.540983055,
              25.066972688
            ],
            [
              121.540978815,
              25.066781329
            ],
            [
              121.540970383,
              25.066400605
            ],
            [
              121.540970117,
              25.066388561
            ],
            [
              121.540960624,
              25.065959848
            ],
            [
              121.540951176,
              25.065533205
            ],
            [
              121.540933597,
              25.064739381
            ],
            [
              121.540923476,
              25.064282294
            ],
            [
              121.540923307,
              25.064274667
            ],
            [
              121.540893029,
              25.06290726
            ],
            [
              121.540880392,
              25.062336549
            ],
            [
              121.540787208,
              25.062337156
            ],
            [
              121.539627653,
              25.062344701
            ],
            [
              121.537002906,
              25.062361748
            ],
            [
              121.537036752,
              25.063734897
            ],
            [
              121.537038057,
              25.063787866
            ],
            [
              121.537049829,
              25.064275813
            ],
            [
              121.538295686,
              25.064302544
            ],
            [
              121.538299541,
              25.064547513
            ],
            [
              121.538302988,
              25.064766378
            ],
            [
              121.538305088,
              25.064899838
            ],
            [
              121.538308983,
              25.065147306
            ],
            [
              121.538309195,
              25.065160723
            ],
            [
              121.538315294,
              25.065548197
            ],
            [
              121.538318231,
              25.065734733
            ],
            [
              121.538318627,
              25.065759863
            ],
            [
              121.538322102,
              25.065980646
            ],
            [
              121.538325599,
              25.066202819
            ],
            [
              121.538328748,
              25.066402871
            ],
            [
              121.538334962,
              25.066797461
            ],
            [
              121.53833561,
              25.067195283
            ],
            [
              121.538335926,
              25.067389501
            ],
            [
              121.53833624,
              25.067581969
            ],
            [
              121.538337104,
              25.068112569
            ],
            [
              121.539925981,
              25.06808232
            ],
            [
              121.541007179,
              25.068061728
            ]
          ]
        ]
      }
    },
    {
      "type": "Feature",
      "properties": {
        "dataset_slug": "tw.openfun~entity~geo",
        "record_id": "63000040-026"
      },
      "geometry": {
        "type": "Polygon",
        "coordinates": [
          [
            [
              121.538337104,
              25.068112569
            ],
            [
              121.53833624,
              25.067581969
            ],
            [
              121.538335926,
              25.067389501
            ],
            [
              121.53833561,
              25.067195283
            ],
            [
              121.538334962,
              25.066797461
            ],
            [
              121.538328748,
              25.066402871
            ],
            [
              121.538325599,
              25.066202819
            ],
            [
              121.538322102,
              25.065980646
            ],
            [
              121.538318627,
              25.065759863
            ],
            [
              121.538318231,
              25.065734733
            ],
            [
              121.538315294,
              25.065548197
            ],
            [
              121.538309195,
              25.065160723
            ],
            [
              121.538308983,
              25.065147306
            ],
            [
              121.538305088,
              25.064899838
            ],
            [
              121.538302988,
              25.064766378
            ],
            [
              121.538299541,
              25.064547513
            ],
            [
              121.538295686,
              25.064302544
            ],
            [
              121.537049829,
              25.064275813
            ],
            [
              121.537008844,
              25.064507221
            ],
            [
              121.537001993,
              25.064545906
            ],
            [
              121.536898176,
              25.064846246
            ],
            [
              121.536893773,
              25.064858982
            ],
            [
              121.536840753,
              25.064956774
            ],
            [
              121.536771474,
              25.065084548
            ],
            [
              121.536711139,
              25.065186515
            ],
            [
              121.536608309,
              25.065360302
            ],
            [
              121.536420476,
              25.065584073
            ],
            [
              121.536376641,
              25.065636297
            ],
            [
              121.536103779,
              25.06588743
            ],
            [
              121.536083274,
              25.065904207
            ],
            [
              121.535980934,
              25.065987932
            ],
            [
              121.535789769,
              25.066126199
            ],
            [
              121.535694046,
              25.066164066
            ],
            [
              121.535566762,
              25.066271452
            ],
            [
              121.534547625,
              25.067131253
            ],
            [
              121.534467953,
              25.067199339
            ],
            [
              121.534455566,
              25.067209924
            ],
            [
              121.534165491,
              25.067457816
            ],
            [
              121.533646827,
              25.067884927
            ],
            [
              121.533279966,
              25.06819399
            ],
            [
              121.534213164,
              25.068180844
            ],
            [
              121.53627959,
              25.068151713
            ],
            [
              121.538337104,
              25.068112569
            ]
          ]
        ]
      }
    },
    {
      "type": "Feature",
      "properties": {
        "dataset_slug": "tw.openfun~entity~geo",
        "record_id": "63000040-027"
      },
      "geometry": {
        "type": "Polygon",
        "coordinates": [
          [
            [
              121.544332668,
              25.0664456
            ],
            [
              121.544314113,
              25.065622864
            ],
            [
              121.544302625,
              25.064883403
            ],
            [
              121.544290944,
              25.063996749
            ],
            [
              121.544278662,
              25.063078006
            ],
            [
              121.544277005,
              25.062704524
            ],
            [
              121.544275714,
              25.062413201
            ],
            [
              121.544274398,
              25.062324131
            ],
            [
              121.544226988,
              25.062324305
            ],
            [
              121.543639764,
              25.062326459
            ],
            [
              121.542518642,
              25.062330565
            ],
            [
              121.542412072,
              25.062330955
            ],
            [
              121.541558199,
              25.062334076
            ],
            [
              121.540880392,
              25.062336549
            ],
            [
              121.540893029,
              25.06290726
            ],
            [
              121.540923307,
              25.064274667
            ],
            [
              121.540923476,
              25.064282294
            ],
            [
              121.540933597,
              25.064739381
            ],
            [
              121.540951176,
              25.065533205
            ],
            [
              121.540960624,
              25.065959848
            ],
            [
              121.540970117,
              25.066388561
            ],
            [
              121.540970383,
              25.066400605
            ],
            [
              121.540978815,
              25.066781329
            ],
            [
              121.540983055,
              25.066972688
            ],
            [
              121.540983919,
              25.067011677
            ],
            [
              121.540987534,
              25.067174892
            ],
            [
              121.540991508,
              25.067354308
            ],
            [
              121.540995751,
              25.067545827
            ],
            [
              121.541000508,
              25.067760586
            ],
            [
              121.541007179,
              25.068061728
            ],
            [
              121.541037517,
              25.068061709
            ],
            [
              121.541457462,
              25.068061447
            ],
            [
              121.541637824,
              25.068025923
            ],
            [
              121.541769606,
              25.067996923
            ],
            [
              121.541946408,
              25.067945557
            ],
            [
              121.542109335,
              25.067894252
            ],
            [
              121.542289533,
              25.067823861
            ],
            [
              121.542445438,
              25.067753568
            ],
            [
              121.542568753,
              25.067688323
            ],
            [
              121.542632447,
              25.067654623
            ],
            [
              121.542763962,
              25.067565397
            ],
            [
              121.542902412,
              25.067472976
            ],
            [
              121.543106553,
              25.067323259
            ],
            [
              121.543449031,
              25.067055769
            ],
            [
              121.544239875,
              25.066509676
            ],
            [
              121.54428837,
              25.066476189
            ],
            [
              121.544332668,
              25.0664456
            ]
          ]
        ]
      }
    },
    {
      "type": "Feature",
      "properties": {
        "dataset_slug": "tw.openfun~entity~geo",
        "record_id": "63000040-028"
      },
      "geometry": {
        "type": "Polygon",
        "coordinates": [
          [
            [
              121.540880392,
              25.062336549
            ],
            [
              121.541558199,
              25.062334076
            ],
            [
              121.542412072,
              25.062330955
            ],
            [
              121.542518642,
              25.062330565
            ],
            [
              121.543639764,
              25.062326459
            ],
            [
              121.544226988,
              25.062324305
            ],
            [
              121.544274398,
              25.062324131
            ],
            [
              121.544272574,
              25.062200772
            ],
            [
              121.544270676,
              25.062072442
            ],
            [
              121.544264406,
              25.061648442
            ],
            [
              121.544261924,
              25.0610882
            ],
            [
              121.544252125,
              25.060729688
            ],
            [
              121.544240373,
              25.060176837
            ],
            [
              121.544239842,
              25.060151838
            ],
            [
              121.544190495,
              25.060152514
            ],
            [
              121.543629488,
              25.060160195
            ],
            [
              121.542375492,
              25.060177357
            ],
            [
              121.54200534,
              25.060182421
            ],
            [
              121.540735341,
              25.060199788
            ],
            [
              121.539211504,
              25.060220608
            ],
            [
              121.537847337,
              25.060239235
            ],
            [
              121.536968101,
              25.060254067
            ],
            [
              121.536980429,
              25.061000589
            ],
            [
              121.536989004,
              25.06151991
            ],
            [
              121.5369925,
              25.061731575
            ],
            [
              121.536993573,
              25.061796524
            ],
            [
              121.537002906,
              25.062361748
            ],
            [
              121.539627653,
              25.062344701
            ],
            [
              121.540787208,
              25.062337156
            ],
            [
              121.540880392,
              25.062336549
            ]
          ]
        ]
      }
    },
    {
      "type": "Feature",
      "properties": {
        "dataset_slug": "tw.openfun~entity~geo",
        "record_id": "63000040-029"
      },
      "geometry": {
        "type": "Polygon",
        "coordinates": [
          [
            [
              121.544239842,
              25.060151838
            ],
            [
              121.544231726,
              25.059770048
            ],
            [
              121.544230961,
              25.059263713
            ],
            [
              121.544216962,
              25.058716082
            ],
            [
              121.54421626,
              25.058558092
            ],
            [
              121.544202111,
              25.05807128
            ],
            [
              121.544194017,
              25.057759691
            ],
            [
              121.544192847,
              25.057714674
            ],
            [
              121.544140661,
              25.057715417
            ],
            [
              121.543578161,
              25.057710724
            ],
            [
              121.543537522,
              25.057710385
            ],
            [
              121.543031803,
              25.057706163
            ],
            [
              121.543015631,
              25.057706028
            ],
            [
              121.542643919,
              25.057702923
            ],
            [
              121.54216398,
              25.057698916
            ],
            [
              121.541887004,
              25.057703069
            ],
            [
              121.540681147,
              25.05772115
            ],
            [
              121.540598861,
              25.057722383
            ],
            [
              121.539175734,
              25.057743706
            ],
            [
              121.539165115,
              25.057743865
            ],
            [
              121.537542773,
              25.057768157
            ],
            [
              121.536927828,
              25.05777736
            ],
            [
              121.536935264,
              25.058234853
            ],
            [
              121.536935871,
              25.058272157
            ],
            [
              121.536955821,
              25.059499
            ],
            [
              121.536964548,
              25.060035665
            ],
            [
              121.536968101,
              25.060254067
            ],
            [
              121.537847337,
              25.060239235
            ],
            [
              121.539211504,
              25.060220608
            ],
            [
              121.540735341,
              25.060199788
            ],
            [
              121.54200534,
              25.060182421
            ],
            [
              121.542375492,
              25.060177357
            ],
            [
              121.543629488,
              25.060160195
            ],
            [
              121.544190495,
              25.060152514
            ],
            [
              121.544239842,
              25.060151838
            ]
          ]
        ]
      }
    },
    {
      "type": "Feature",
      "properties": {
        "dataset_slug": "tw.openfun~entity~geo",
        "record_id": "63000040-030"
      },
      "geometry": {
        "type": "Polygon",
        "coordinates": [
          [
            [
              121.532996537,
              25.05201727
            ],
            [
              121.530073658,
              25.052033018
            ],
            [
              121.530088271,
              25.052756235
            ],
            [
              121.530098723,
              25.053273508
            ],
            [
              121.530110146,
              25.053838808
            ],
            [
              121.530118278,
              25.054241293
            ],
            [
              121.53013016,
              25.054829322
            ],
            [
              121.530130259,
              25.054834212
            ],
            [
              121.530139161,
              25.055274771
            ],
            [
              121.530143076,
              25.055468485
            ],
            [
              121.530146156,
              25.055620896
            ],
            [
              121.530146613,
              25.055643586
            ],
            [
              121.530154426,
              25.056030174
            ],
            [
              121.530154597,
              25.056038669
            ],
            [
              121.530158955,
              25.056254276
            ],
            [
              121.530166136,
              25.056609686
            ],
            [
              121.530169682,
              25.056785161
            ],
            [
              121.530173002,
              25.056949459
            ],
            [
              121.530177911,
              25.057192397
            ],
            [
              121.530181622,
              25.057376076
            ],
            [
              121.530186717,
              25.057628161
            ],
            [
              121.530195252,
              25.057939313
            ],
            [
              121.530795065,
              25.057940031
            ],
            [
              121.53098296,
              25.057940257
            ],
            [
              121.531870448,
              25.057941313
            ],
            [
              121.532201006,
              25.057941707
            ],
            [
              121.533116685,
              25.057942789
            ],
            [
              121.533101972,
              25.05721723
            ],
            [
              121.533092389,
              25.056744626
            ],
            [
              121.533072306,
              25.055754185
            ],
            [
              121.533052714,
              25.054787933
            ],
            [
              121.533052573,
              25.054781001
            ],
            [
              121.533040047,
              25.05416327
            ],
            [
              121.533032866,
              25.053809083
            ],
            [
              121.533024897,
              25.053416054
            ],
            [
              121.533024737,
              25.053408147
            ],
            [
              121.533010473,
              25.052704662
            ],
            [
              121.532996537,
              25.05201727
            ]
          ]
        ]
      }
    },
    {
      "type": "Feature",
      "properties": {
        "dataset_slug": "tw.openfun~entity~geo",
        "record_id": "63000040-031"
      },
      "geometry": {
        "type": "Polygon",
        "coordinates": [
          [
            [
              121.530195252,
              25.057939313
            ],
            [
              121.530186717,
              25.057628161
            ],
            [
              121.530181622,
              25.057376076
            ],
            [
              121.530177911,
              25.057192397
            ],
            [
              121.530173002,
              25.056949459
            ],
            [
              121.530169682,
              25.056785161
            ],
            [
              121.530166136,
              25.056609686
            ],
            [
              121.530158955,
              25.056254276
            ],
            [
              121.530154597,
              25.056038669
            ],
            [
              121.530154426,
              25.056030174
            ],
            [
              121.530146613,
              25.055643586
            ],
            [
              121.530146156,
              25.055620896
            ],
            [
              121.530143076,
              25.055468485
            ],
            [
              121.530139161,
              25.055274771
            ],
            [
              121.530130259,
              25.054834212
            ],
            [
              121.53013016,
              25.054829322
            ],
            [
              121.530118278,
              25.054241293
            ],
            [
              121.530110146,
              25.053838808
            ],
            [
              121.530098723,
              25.053273508
            ],
            [
              121.530088271,
              25.052756235
            ],
            [
              121.530073658,
              25.052033018
            ],
            [
              121.52895575,
              25.052044966
            ],
            [
              121.528772408,
              25.052046925
            ],
            [
              121.527676159,
              25.052058632
            ],
            [
              121.527556041,
              25.053031835
            ],
            [
              121.527527505,
              25.053263033
            ],
            [
              121.527530555,
              25.053538433
            ],
            [
              121.527533144,
              25.053772176
            ],
            [
              121.527535744,
              25.054006887
            ],
            [
              121.527538285,
              25.054236314
            ],
            [
              121.527541299,
              25.054508558
            ],
            [
              121.527541929,
              25.054565268
            ],
            [
              121.527545394,
              25.054878159
            ],
            [
              121.527545473,
              25.05488329
            ],
            [
              121.527552285,
              25.055324071
            ],
            [
              121.5275548,
              25.055486762
            ],
            [
              121.527557593,
              25.055667508
            ],
            [
              121.5275712,
              25.056547917
            ],
            [
              121.527577989,
              25.05698719
            ],
            [
              121.527584736,
              25.057423738
            ],
            [
              121.527588832,
              25.057688752
            ],
            [
              121.527593084,
              25.057963893
            ],
            [
              121.528884727,
              25.057951686
            ],
            [
              121.530195252,
              25.057939313
            ]
          ]
        ]
      }
    },
    {
      "type": "Feature",
      "properties": {
        "dataset_slug": "tw.openfun~entity~geo",
        "record_id": "63000040-032"
      },
      "geometry": {
        "type": "Polygon",
        "coordinates": [
          [
            [
              121.530073658,
              25.052033018
            ],
            [
              121.532996537,
              25.05201727
            ],
            [
              121.532985286,
              25.051400338
            ],
            [
              121.5329814,
              25.051187331
            ],
            [
              121.532977519,
              25.05097449
            ],
            [
              121.532970748,
              25.050603216
            ],
            [
              121.532955103,
              25.04974529
            ],
            [
              121.532954806,
              25.049729015
            ],
            [
              121.532947788,
              25.049344215
            ],
            [
              121.53294079,
              25.048960459
            ],
            [
              121.532940633,
              25.048951857
            ],
            [
              121.532931054,
              25.048426583
            ],
            [
              121.532927035,
              25.048206159
            ],
            [
              121.532921799,
              25.047919036
            ],
            [
              121.532918005,
              25.047710927
            ],
            [
              121.532914881,
              25.047539644
            ],
            [
              121.532911247,
              25.047340387
            ],
            [
              121.532906393,
              25.047074169
            ],
            [
              121.532897511,
              25.046587142
            ],
            [
              121.532881097,
              25.045687004
            ],
            [
              121.532879734,
              25.045612266
            ],
            [
              121.53287726,
              25.045476647
            ],
            [
              121.532696694,
              25.045661328
            ],
            [
              121.531502286,
              25.046595204
            ],
            [
              121.531177538,
              25.04684911
            ],
            [
              121.53099809,
              25.046989414
            ],
            [
              121.530406023,
              25.047452321
            ],
            [
              121.53024076,
              25.047581531
            ],
            [
              121.529869596,
              25.047871722
            ],
            [
              121.529784346,
              25.047963686
            ],
            [
              121.529287233,
              25.048499951
            ],
            [
              121.529277623,
              25.048510318
            ],
            [
              121.528818493,
              25.049196328
            ],
            [
              121.528587689,
              25.049541181
            ],
            [
              121.528471991,
              25.049714047
            ],
            [
              121.52842197,
              25.049788786
            ],
            [
              121.528208422,
              25.050258465
            ],
            [
              121.528155744,
              25.050374326
            ],
            [
              121.528094064,
              25.050509983
            ],
            [
              121.5279277,
              25.051022575
            ],
            [
              121.527841737,
              25.051287437
            ],
            [
              121.527676159,
              25.052058632
            ],
            [
              121.528772408,
              25.052046925
            ],
            [
              121.52895575,
              25.052044966
            ],
            [
              121.530073658,
              25.052033018
            ]
          ]
        ]
      }
    },
    {
      "type": "Feature",
      "properties": {
        "dataset_slug": "tw.openfun~entity~geo",
        "record_id": "63000040-033"
      },
      "geometry": {
        "type": "Polygon",
        "coordinates": [
          [
            [
              121.536927828,
              25.05777736
            ],
            [
              121.536875323,
              25.0561874
            ],
            [
              121.536835338,
              25.054976549
            ],
            [
              121.536826987,
              25.054723642
            ],
            [
              121.536824264,
              25.054503535
            ],
            [
              121.536821811,
              25.054303541
            ],
            [
              121.536821552,
              25.054282436
            ],
            [
              121.536819659,
              25.054128018
            ],
            [
              121.536817768,
              25.053973802
            ],
            [
              121.53681541,
              25.053781435
            ],
            [
              121.536812948,
              25.053580638
            ],
            [
              121.536802105,
              25.052696198
            ],
            [
              121.536799596,
              25.052491521
            ],
            [
              121.536793119,
              25.051963226
            ],
            [
              121.534782925,
              25.051991853
            ],
            [
              121.532996537,
              25.05201727
            ],
            [
              121.533010473,
              25.052704662
            ],
            [
              121.533024737,
              25.053408147
            ],
            [
              121.533024897,
              25.053416054
            ],
            [
              121.533032866,
              25.053809083
            ],
            [
              121.533040047,
              25.05416327
            ],
            [
              121.533052573,
              25.054781001
            ],
            [
              121.533052714,
              25.054787933
            ],
            [
              121.533072306,
              25.055754185
            ],
            [
              121.533092389,
              25.056744626
            ],
            [
              121.533101972,
              25.05721723
            ],
            [
              121.533116685,
              25.057942789
            ],
            [
              121.533669475,
              25.057918803
            ],
            [
              121.534804818,
              25.057869525
            ],
            [
              121.536927828,
              25.05777736
            ]
          ]
        ]
      }
    },
    {
      "type": "Feature",
      "properties": {
        "dataset_slug": "tw.openfun~entity~geo",
        "record_id": "63000040-034"
      },
      "geometry": {
        "type": "Polygon",
        "coordinates": [
          [
            [
              121.54216398,
              25.057698916
            ],
            [
              121.542162319,
              25.057320951
            ],
            [
              121.54216163,
              25.057164004
            ],
            [
              121.542161013,
              25.057023806
            ],
            [
              121.542160163,
              25.056830654
            ],
            [
              121.542160004,
              25.056794411
            ],
            [
              121.542159377,
              25.056651816
            ],
            [
              121.54215855,
              25.056463853
            ],
            [
              121.542156769,
              25.056058548
            ],
            [
              121.542154799,
              25.05561056
            ],
            [
              121.542153737,
              25.055368931
            ],
            [
              121.542153677,
              25.055355112
            ],
            [
              121.542152751,
              25.055144519
            ],
            [
              121.542152296,
              25.055041106
            ],
            [
              121.542152161,
              25.055010197
            ],
            [
              121.542150408,
              25.054611368
            ],
            [
              121.542108636,
              25.05461224
            ],
            [
              121.540494042,
              25.054645957
            ],
            [
              121.539075725,
              25.054675557
            ],
            [
              121.539062626,
              25.05467583
            ],
            [
              121.538738724,
              25.054682588
            ],
            [
              121.536826987,
              25.054723642
            ],
            [
              121.536835338,
              25.054976549
            ],
            [
              121.536875323,
              25.0561874
            ],
            [
              121.536927828,
              25.05777736
            ],
            [
              121.537542773,
              25.057768157
            ],
            [
              121.539165115,
              25.057743865
            ],
            [
              121.539175734,
              25.057743706
            ],
            [
              121.540598861,
              25.057722383
            ],
            [
              121.540681147,
              25.05772115
            ],
            [
              121.541887004,
              25.057703069
            ],
            [
              121.54216398,
              25.057698916
            ]
          ]
        ]
      }
    },
    {
      "type": "Feature",
      "properties": {
        "dataset_slug": "tw.openfun~entity~geo",
        "record_id": "63000040-035"
      },
      "geometry": {
        "type": "Polygon",
        "coordinates": [
          [
            [
              121.544192847,
              25.057714674
            ],
            [
              121.544188159,
              25.05753417
            ],
            [
              121.544198107,
              25.057206804
            ],
            [
              121.544176893,
              25.056597687
            ],
            [
              121.544140278,
              25.054567739
            ],
            [
              121.544140265,
              25.054566946
            ],
            [
              121.544085601,
              25.054569056
            ],
            [
              121.543497422,
              25.054582187
            ],
            [
              121.543243427,
              25.05458769
            ],
            [
              121.543112673,
              25.054590523
            ],
            [
              121.542624955,
              25.054601088
            ],
            [
              121.542150408,
              25.054611368
            ],
            [
              121.542152161,
              25.055010197
            ],
            [
              121.542152296,
              25.055041106
            ],
            [
              121.542152751,
              25.055144519
            ],
            [
              121.542153677,
              25.055355112
            ],
            [
              121.542153737,
              25.055368931
            ],
            [
              121.542154799,
              25.05561056
            ],
            [
              121.542156769,
              25.056058548
            ],
            [
              121.54215855,
              25.056463853
            ],
            [
              121.542159377,
              25.056651816
            ],
            [
              121.542160004,
              25.056794411
            ],
            [
              121.542160163,
              25.056830654
            ],
            [
              121.542161013,
              25.057023806
            ],
            [
              121.54216163,
              25.057164004
            ],
            [
              121.542162319,
              25.057320951
            ],
            [
              121.54216398,
              25.057698916
            ],
            [
              121.542643919,
              25.057702923
            ],
            [
              121.543015631,
              25.057706028
            ],
            [
              121.543031803,
              25.057706163
            ],
            [
              121.543537522,
              25.057710385
            ],
            [
              121.543578161,
              25.057710724
            ],
            [
              121.544140661,
              25.057715417
            ],
            [
              121.544192847,
              25.057714674
            ]
          ]
        ]
      }
    },
    {
      "type": "Feature",
      "properties": {
        "dataset_slug": "tw.openfun~entity~geo",
        "record_id": "63000040-036"
      },
      "geometry": {
        "type": "Polygon",
        "coordinates": [
          [
            [
              121.536793119,
              25.051963226
            ],
            [
              121.53676741,
              25.050941006
            ],
            [
              121.536766683,
              25.05091215
            ],
            [
              121.536751775,
              25.050319376
            ],
            [
              121.536734933,
              25.049649706
            ],
            [
              121.536702837,
              25.048373494
            ],
            [
              121.536702655,
              25.048366894
            ],
            [
              121.536680141,
              25.047556076
            ],
            [
              121.536661919,
              25.046899843
            ],
            [
              121.5366431,
              25.046222091
            ],
            [
              121.536638315,
              25.046049717
            ],
            [
              121.536487729,
              25.046018102
            ],
            [
              121.536321076,
              25.045971931
            ],
            [
              121.536289195,
              25.045960204
            ],
            [
              121.536147953,
              25.045908249
            ],
            [
              121.535965182,
              25.045835826
            ],
            [
              121.53578556,
              25.045751701
            ],
            [
              121.53577167,
              25.045743617
            ],
            [
              121.53560585,
              25.04564711
            ],
            [
              121.535596807,
              25.045640674
            ],
            [
              121.535426038,
              25.045519135
            ],
            [
              121.535307185,
              25.045423099
            ],
            [
              121.535233151,
              25.045358422
            ],
            [
              121.535217216,
              25.0453445
            ],
            [
              121.535107953,
              25.045245504
            ],
            [
              121.534985734,
              25.045111471
            ],
            [
              121.534927561,
              25.045042428
            ],
            [
              121.534887672,
              25.044995084
            ],
            [
              121.53474491,
              25.045023471
            ],
            [
              121.534692626,
              25.045033867
            ],
            [
              121.534029724,
              25.045192473
            ],
            [
              121.533652486,
              25.045266749
            ],
            [
              121.533235243,
              25.045380585
            ],
            [
              121.532931623,
              25.04546252
            ],
            [
              121.53287726,
              25.045476647
            ],
            [
              121.532879734,
              25.045612266
            ],
            [
              121.532881097,
              25.045687004
            ],
            [
              121.532897511,
              25.046587142
            ],
            [
              121.532906393,
              25.047074169
            ],
            [
              121.532911247,
              25.047340387
            ],
            [
              121.532914881,
              25.047539644
            ],
            [
              121.532918005,
              25.047710927
            ],
            [
              121.532921799,
              25.047919036
            ],
            [
              121.532927035,
              25.048206159
            ],
            [
              121.532931054,
              25.048426583
            ],
            [
              121.532940633,
              25.048951857
            ],
            [
              121.53294079,
              25.048960459
            ],
            [
              121.532947788,
              25.049344215
            ],
            [
              121.532954806,
              25.049729015
            ],
            [
              121.532955103,
              25.04974529
            ],
            [
              121.532970748,
              25.050603216
            ],
            [
              121.532977519,
              25.05097449
            ],
            [
              121.5329814,
              25.051187331
            ],
            [
              121.532985286,
              25.051400338
            ],
            [
              121.532996537,
              25.05201727
            ],
            [
              121.534782925,
              25.051991853
            ],
            [
              121.536793119,
              25.051963226
            ]
          ]
        ]
      }
    },
    {
      "type": "Feature",
      "properties": {
        "dataset_slug": "tw.openfun~entity~geo",
        "record_id": "63000040-037"
      },
      "geometry": {
        "type": "Polygon",
        "coordinates": [
          [
            [
              121.543849852,
              25.044904207
            ],
            [
              121.543647318,
              25.044885549
            ],
            [
              121.542983327,
              25.044794257
            ],
            [
              121.542101863,
              25.044682913
            ],
            [
              121.541624184,
              25.04462332
            ],
            [
              121.541029298,
              25.044635907
            ],
            [
              121.540744249,
              25.04464285
            ],
            [
              121.540726513,
              25.044643282
            ],
            [
              121.540525941,
              25.044648169
            ],
            [
              121.539747954,
              25.044651007
            ],
            [
              121.538992943,
              25.044674585
            ],
            [
              121.538112078,
              25.044698617
            ],
            [
              121.537517191,
              25.044711181
            ],
            [
              121.536876634,
              25.044744754
            ],
            [
              121.536623634,
              25.04475664
            ],
            [
              121.53653948,
              25.044760594
            ],
            [
              121.536396202,
              25.044767325
            ],
            [
              121.535881541,
              25.044810858
            ],
            [
              121.535595695,
              25.044853545
            ],
            [
              121.535172739,
              25.044938401
            ],
            [
              121.534887672,
              25.044995084
            ],
            [
              121.534927561,
              25.045042428
            ],
            [
              121.534985734,
              25.045111471
            ],
            [
              121.535107953,
              25.045245504
            ],
            [
              121.535217216,
              25.0453445
            ],
            [
              121.535233151,
              25.045358422
            ],
            [
              121.535307185,
              25.045423099
            ],
            [
              121.535426038,
              25.045519135
            ],
            [
              121.535596807,
              25.045640674
            ],
            [
              121.53560585,
              25.04564711
            ],
            [
              121.53577167,
              25.045743617
            ],
            [
              121.53578556,
              25.045751701
            ],
            [
              121.535965182,
              25.045835826
            ],
            [
              121.536147953,
              25.045908249
            ],
            [
              121.536289195,
              25.045960204
            ],
            [
              121.536321076,
              25.045971931
            ],
            [
              121.536487729,
              25.046018102
            ],
            [
              121.536638315,
              25.046049717
            ],
            [
              121.536652994,
              25.046052032
            ],
            [
              121.538165558,
              25.046290685
            ],
            [
              121.538185172,
              25.046293779
            ],
            [
              121.539744414,
              25.046537754
            ],
            [
              121.539765016,
              25.046542545
            ],
            [
              121.54050434,
              25.046714457
            ],
            [
              121.540516082,
              25.046717187
            ],
            [
              121.541064111,
              25.046851426
            ],
            [
              121.541476305,
              25.046952392
            ],
            [
              121.541549437,
              25.046970305
            ],
            [
              121.541975954,
              25.047074776
            ],
            [
              121.542153264,
              25.047118207
            ],
            [
              121.542209995,
              25.047132103
            ],
            [
              121.542738151,
              25.047261465
            ],
            [
              121.543919008,
              25.047550489
            ],
            [
              121.543922874,
              25.047551408
            ],
            [
              121.543894892,
              25.046542338
            ],
            [
              121.543871035,
              25.045481645
            ],
            [
              121.543853404,
              25.045001047
            ],
            [
              121.543849852,
              25.044904207
            ]
          ]
        ]
      }
    },
    {
      "type": "Feature",
      "properties": {
        "dataset_slug": "tw.openfun~entity~geo",
        "record_id": "63000040-038"
      },
      "geometry": {
        "type": "Polygon",
        "coordinates": [
          [
            [
              121.543973118,
              25.048221587
            ],
            [
              121.543972883,
              25.048212985
            ],
            [
              121.543928886,
              25.047768243
            ],
            [
              121.543923267,
              25.047565581
            ],
            [
              121.543922874,
              25.047551408
            ],
            [
              121.543919008,
              25.047550489
            ],
            [
              121.542738151,
              25.047261465
            ],
            [
              121.542209995,
              25.047132103
            ],
            [
              121.542153264,
              25.047118207
            ],
            [
              121.541975954,
              25.047074776
            ],
            [
              121.541549437,
              25.046970305
            ],
            [
              121.541476305,
              25.046952392
            ],
            [
              121.541064111,
              25.046851426
            ],
            [
              121.540516082,
              25.046717187
            ],
            [
              121.54050434,
              25.046714457
            ],
            [
              121.539765016,
              25.046542545
            ],
            [
              121.539744414,
              25.046537754
            ],
            [
              121.538185172,
              25.046293779
            ],
            [
              121.538165558,
              25.046290685
            ],
            [
              121.536652994,
              25.046052032
            ],
            [
              121.536638315,
              25.046049717
            ],
            [
              121.5366431,
              25.046222091
            ],
            [
              121.536661919,
              25.046899843
            ],
            [
              121.536680141,
              25.047556076
            ],
            [
              121.536702655,
              25.048366894
            ],
            [
              121.536702837,
              25.048373494
            ],
            [
              121.537978277,
              25.04834687
            ],
            [
              121.539069676,
              25.04832408
            ],
            [
              121.539074712,
              25.048323975
            ],
            [
              121.54039383,
              25.048296419
            ],
            [
              121.541277998,
              25.048277943
            ],
            [
              121.542123986,
              25.048260258
            ],
            [
              121.543374159,
              25.048234115
            ],
            [
              121.543937243,
              25.048222337
            ],
            [
              121.543973118,
              25.048221587
            ]
          ]
        ]
      }
    },
    {
      "type": "Feature",
      "properties": {
        "dataset_slug": "tw.openfun~entity~geo",
        "record_id": "63000040-039"
      },
      "geometry": {
        "type": "Polygon",
        "coordinates": [
          [
            [
              121.54407101,
              25.051816355
            ],
            [
              121.543974132,
              25.048258799
            ],
            [
              121.543973118,
              25.048221587
            ],
            [
              121.543937243,
              25.048222337
            ],
            [
              121.543374159,
              25.048234115
            ],
            [
              121.542123986,
              25.048260258
            ],
            [
              121.541277998,
              25.048277943
            ],
            [
              121.54039383,
              25.048296419
            ],
            [
              121.539074712,
              25.048323975
            ],
            [
              121.539069676,
              25.04832408
            ],
            [
              121.537978277,
              25.04834687
            ],
            [
              121.536702837,
              25.048373494
            ],
            [
              121.536734933,
              25.049649706
            ],
            [
              121.536751775,
              25.050319376
            ],
            [
              121.536766683,
              25.05091215
            ],
            [
              121.53676741,
              25.050941006
            ],
            [
              121.536793119,
              25.051963226
            ],
            [
              121.538483755,
              25.051929141
            ],
            [
              121.539707713,
              25.051904452
            ],
            [
              121.540445479,
              25.051889566
            ],
            [
              121.540454144,
              25.051889391
            ],
            [
              121.542058972,
              25.051856997
            ],
            [
              121.54278219,
              25.051842391
            ],
            [
              121.543437663,
              25.05182915
            ],
            [
              121.543445387,
              25.051828996
            ],
            [
              121.544031583,
              25.051817152
            ],
            [
              121.54407101,
              25.051816355
            ]
          ]
        ]
      }
    },
    {
      "type": "Feature",
      "properties": {
        "dataset_slug": "tw.openfun~entity~geo",
        "record_id": "63000040-040"
      },
      "geometry": {
        "type": "Polygon",
        "coordinates": [
          [
            [
              121.542150408,
              25.054611368
            ],
            [
              121.542624955,
              25.054601088
            ],
            [
              121.543112673,
              25.054590523
            ],
            [
              121.543243427,
              25.05458769
            ],
            [
              121.543497422,
              25.054582187
            ],
            [
              121.544085601,
              25.054569056
            ],
            [
              121.544140265,
              25.054566946
            ],
            [
              121.544129166,
              25.053951678
            ],
            [
              121.544071585,
              25.051837457
            ],
            [
              121.54407101,
              25.051816355
            ],
            [
              121.544031583,
              25.051817152
            ],
            [
              121.543445387,
              25.051828996
            ],
            [
              121.543437663,
              25.05182915
            ],
            [
              121.54278219,
              25.051842391
            ],
            [
              121.542058972,
              25.051856997
            ],
            [
              121.540454144,
              25.051889391
            ],
            [
              121.540445479,
              25.051889566
            ],
            [
              121.539707713,
              25.051904452
            ],
            [
              121.538483755,
              25.051929141
            ],
            [
              121.536793119,
              25.051963226
            ],
            [
              121.536799596,
              25.052491521
            ],
            [
              121.536802105,
              25.052696198
            ],
            [
              121.536812948,
              25.053580638
            ],
            [
              121.53681541,
              25.053781435
            ],
            [
              121.536817768,
              25.053973802
            ],
            [
              121.536819659,
              25.054128018
            ],
            [
              121.536821552,
              25.054282436
            ],
            [
              121.536821811,
              25.054303541
            ],
            [
              121.536824264,
              25.054503535
            ],
            [
              121.536826987,
              25.054723642
            ],
            [
              121.538738724,
              25.054682588
            ],
            [
              121.539062626,
              25.05467583
            ],
            [
              121.539075725,
              25.054675557
            ],
            [
              121.540494042,
              25.054645957
            ],
            [
              121.542108636,
              25.05461224
            ],
            [
              121.542150408,
              25.054611368
            ]
          ]
        ]
      }
    },
    {
      "type": "Feature",
      "properties": {
        "dataset_slug": "tw.openfun~entity~geo",
        "record_id": "63000040-041"
      },
      "geometry": {
        "type": "Polygon",
        "coordinates": [
          [
            [
              121.564388691,
              25.078776876
            ],
            [
              121.564440464,
              25.078734278
            ],
            [
              121.564667284,
              25.078627454
            ],
            [
              121.565018044,
              25.078502044
            ],
            [
              121.565267204,
              25.078430452
            ],
            [
              121.565832027,
              25.078281956
            ],
            [
              121.566385739,
              25.078128458
            ],
            [
              121.566806597,
              25.078020877
            ],
            [
              121.56721078,
              25.07790328
            ],
            [
              121.567725724,
              25.077760002
            ],
            [
              121.568538071,
              25.077537825
            ],
            [
              121.568696782,
              25.077495892
            ],
            [
              121.568757061,
              25.077479965
            ],
            [
              121.569041972,
              25.077404688
            ],
            [
              121.569462782,
              25.077287019
            ],
            [
              121.569938983,
              25.077159023
            ],
            [
              121.570287859,
              25.077071906
            ],
            [
              121.570381945,
              25.077036217
            ],
            [
              121.570702675,
              25.076858386
            ],
            [
              121.570862934,
              25.076746762
            ],
            [
              121.571105789,
              25.076513728
            ],
            [
              121.571282233,
              25.076306169
            ],
            [
              121.571491541,
              25.076012731
            ],
            [
              121.571858356,
              25.075544012
            ],
            [
              121.572095239,
              25.075220172
            ],
            [
              121.572332167,
              25.074906441
            ],
            [
              121.572508395,
              25.074653471
            ],
            [
              121.572508205,
              25.07461311
            ],
            [
              121.572452578,
              25.074572962
            ],
            [
              121.572136079,
              25.074468238
            ],
            [
              121.572070265,
              25.074450627
            ],
            [
              121.571708654,
              25.074353859
            ],
            [
              121.571442241,
              25.074289308
            ],
            [
              121.571305241,
              25.074604317
            ],
            [
              121.571195445,
              25.074836838
            ],
            [
              121.570940577,
              25.075280762
            ],
            [
              121.570709262,
              25.07560961
            ],
            [
              121.570593449,
              25.075741252
            ],
            [
              121.570416791,
              25.075903388
            ],
            [
              121.570300813,
              25.075999691
            ],
            [
              121.570201422,
              25.07608586
            ],
            [
              121.56996364,
              25.076217958
            ],
            [
              121.569875102,
              25.076253627
            ],
            [
              121.56981421,
              25.076274037
            ],
            [
              121.569714488,
              25.076289571
            ],
            [
              121.569592568,
              25.076300132
            ],
            [
              121.569498271,
              25.076290411
            ],
            [
              121.569398408,
              25.076275652
            ],
            [
              121.569348443,
              25.076260715
            ],
            [
              121.569287363,
              25.076240763
            ],
            [
              121.569148507,
              25.07618581
            ],
            [
              121.568887164,
              25.076020327
            ],
            [
              121.568547997,
              25.075809733
            ],
            [
              121.568186584,
              25.075584083
            ],
            [
              121.567975282,
              25.075448669
            ],
            [
              121.567622483,
              25.075230756
            ],
            [
              121.567188722,
              25.074944849
            ],
            [
              121.566677185,
              25.074623918
            ],
            [
              121.566254634,
              25.074363179
            ],
            [
              121.565904317,
              25.074137488
            ],
            [
              121.565687475,
              25.074002094
            ],
            [
              121.565184379,
              25.073683916
            ],
            [
              121.564711751,
              25.073383009
            ],
            [
              121.564494936,
              25.073252658
            ],
            [
              121.564414985,
              25.073211839
            ],
            [
              121.564281456,
              25.073135067
            ],
            [
              121.564017157,
              25.073005178
            ],
            [
              121.563572465,
              25.072745083
            ],
            [
              121.563224014,
              25.072560974
            ],
            [
              121.562983994,
              25.072496442
            ],
            [
              121.562600133,
              25.072432463
            ],
            [
              121.562316262,
              25.072424318
            ],
            [
              121.562264475,
              25.072422831
            ],
            [
              121.562156597,
              25.072423249
            ],
            [
              121.562044856,
              25.072430458
            ],
            [
              121.561995762,
              25.072433626
            ],
            [
              121.561797114,
              25.072446443
            ],
            [
              121.561665368,
              25.07246876
            ],
            [
              121.561390035,
              25.072546172
            ],
            [
              121.560983206,
              25.072700446
            ],
            [
              121.56062452,
              25.072898172
            ],
            [
              121.560600061,
              25.072915743
            ],
            [
              121.560349736,
              25.073095569
            ],
            [
              121.560177439,
              25.073212003
            ],
            [
              121.560054667,
              25.07326085
            ],
            [
              121.55992895,
              25.073323879
            ],
            [
              121.559454164,
              25.073553221
            ],
            [
              121.559254585,
              25.073649627
            ],
            [
              121.558751804,
              25.073922586
            ],
            [
              121.558237517,
              25.074155523
            ],
            [
              121.557900897,
              25.074319681
            ],
            [
              121.557635661,
              25.074423275
            ],
            [
              121.557105122,
              25.074615811
            ],
            [
              121.556695123,
              25.074756591
            ],
            [
              121.556486079,
              25.074823333
            ],
            [
              121.556298162,
              25.074873988
            ],
            [
              121.556279956,
              25.074878895
            ],
            [
              121.556280018,
              25.074891063
            ],
            [
              121.556293384,
              25.077534946
            ],
            [
              121.55629576,
              25.078005015
            ],
            [
              121.556301894,
              25.079218228
            ],
            [
              121.556303409,
              25.079517796
            ],
            [
              121.556305443,
              25.079919984
            ],
            [
              121.556319085,
              25.082617908
            ],
            [
              121.55632509,
              25.08380544
            ],
            [
              121.556324594,
              25.084611836
            ],
            [
              121.556451647,
              25.084575401
            ],
            [
              121.556722217,
              25.084495571
            ],
            [
              121.556730428,
              25.08449369
            ],
            [
              121.556861247,
              25.084463704
            ],
            [
              121.556967557,
              25.084446206
            ],
            [
              121.557091421,
              25.084432063
            ],
            [
              121.557224083,
              25.084428143
            ],
            [
              121.557396846,
              25.084433191
            ],
            [
              121.557493263,
              25.084441947
            ],
            [
              121.557540942,
              25.084449849
            ],
            [
              121.557621033,
              25.084463124
            ],
            [
              121.557728679,
              25.084486599
            ],
            [
              121.557762388,
              25.084496454
            ],
            [
              121.557772248,
              25.084461467
            ],
            [
              121.557828973,
              25.084383341
            ],
            [
              121.558105594,
              25.084546773
            ],
            [
              121.558191448,
              25.084598388
            ],
            [
              121.558242997,
              25.084685043
            ],
            [
              121.558342194,
              25.084785457
            ],
            [
              121.558408888,
              25.084820524
            ],
            [
              121.558597787,
              25.08490557
            ],
            [
              121.558714407,
              25.084945492
            ],
            [
              121.558786599,
              25.084970453
            ],
            [
              121.558864292,
              25.084985285
            ],
            [
              121.558969751,
              25.08501011
            ],
            [
              121.559104933,
              25.085019436
            ],
            [
              121.559247064,
              25.085029243
            ],
            [
              121.559280307,
              25.085024069
            ],
            [
              121.559607105,
              25.084952185
            ],
            [
              121.55983967,
              25.08488571
            ],
            [
              121.559961487,
              25.084849931
            ],
            [
              121.560033471,
              25.084829474
            ],
            [
              121.560105434,
              25.084803977
            ],
            [
              121.560432047,
              25.084691726
            ],
            [
              121.560586987,
              25.084625542
            ],
            [
              121.560699188,
              25.084576812
            ],
            [
              121.560786193,
              25.084539023
            ],
            [
              121.560902648,
              25.084488804
            ],
            [
              121.560963267,
              25.084462663
            ],
            [
              121.561029594,
              25.084416994
            ],
            [
              121.56110123,
              25.084320862
            ],
            [
              121.561128582,
              25.084240031
            ],
            [
              121.561243858,
              25.083987319
            ],
            [
              121.561397551,
              25.083648691
            ],
            [
              121.56154006,
              25.083289922
            ],
            [
              121.561795405,
              25.082659271
            ],
            [
              121.561937936,
              25.082305548
            ],
            [
              121.561992776,
              25.082174163
            ],
            [
              121.562097005,
              25.081931585
            ],
            [
              121.562179151,
              25.081709274
            ],
            [
              121.562321792,
              25.081380773
            ],
            [
              121.562409576,
              25.081178621
            ],
            [
              121.562576443,
              25.080895836
            ],
            [
              121.562719641,
              25.080688425
            ],
            [
              121.562956652,
              25.080384789
            ],
            [
              121.563166219,
              25.08014181
            ],
            [
              121.563381305,
              25.079893754
            ],
            [
              121.56357978,
              25.079650813
            ],
            [
              121.563872042,
              25.079306604
            ],
            [
              121.564142265,
              25.078992747
            ],
            [
              121.564280288,
              25.078866075
            ],
            [
              121.564332145,
              25.078823404
            ],
            [
              121.564388691,
              25.078776876
            ]
          ]
        ]
      }
    },
    {
      "type": "Feature",
      "properties": {
        "dataset_slug": "tw.openfun~entity~geo",
        "record_id": "63000040-042"
      },
      "geometry": {
        "type": "Polygon",
        "coordinates": [
          [
            [
              121.557762388,
              25.084496454
            ],
            [
              121.557728679,
              25.084486599
            ],
            [
              121.557621033,
              25.084463124
            ],
            [
              121.557540942,
              25.084449849
            ],
            [
              121.557493263,
              25.084441947
            ],
            [
              121.557396846,
              25.084433191
            ],
            [
              121.557224083,
              25.084428143
            ],
            [
              121.557091421,
              25.084432063
            ],
            [
              121.556967557,
              25.084446206
            ],
            [
              121.556861247,
              25.084463704
            ],
            [
              121.556730428,
              25.08449369
            ],
            [
              121.556722217,
              25.084495571
            ],
            [
              121.556451647,
              25.084575401
            ],
            [
              121.556324594,
              25.084611836
            ],
            [
              121.556202109,
              25.084646958
            ],
            [
              121.556124702,
              25.084669155
            ],
            [
              121.555218897,
              25.084939469
            ],
            [
              121.555118593,
              25.084969403
            ],
            [
              121.55439832,
              25.085179616
            ],
            [
              121.554124427,
              25.085259552
            ],
            [
              121.553883621,
              25.085332319
            ],
            [
              121.553788987,
              25.085360915
            ],
            [
              121.553284577,
              25.085509779
            ],
            [
              121.553074533,
              25.085571766
            ],
            [
              121.552977806,
              25.085600312
            ],
            [
              121.552610805,
              25.085717337
            ],
            [
              121.552537895,
              25.085740586
            ],
            [
              121.552487035,
              25.085755184
            ],
            [
              121.552355961,
              25.085793256
            ],
            [
              121.552318833,
              25.08580392
            ],
            [
              121.552282199,
              25.085814077
            ],
            [
              121.552221754,
              25.085828919
            ],
            [
              121.552161261,
              25.08584172
            ],
            [
              121.552112077,
              25.085849821
            ],
            [
              121.552070322,
              25.085856675
            ],
            [
              121.552020324,
              25.085862576
            ],
            [
              121.551977323,
              25.085865507
            ],
            [
              121.551936206,
              25.085866509
            ],
            [
              121.551888321,
              25.085865649
            ],
            [
              121.551839096,
              25.085864595
            ],
            [
              121.551770187,
              25.085862143
            ],
            [
              121.551730144,
              25.085859349
            ],
            [
              121.551698456,
              25.085856254
            ],
            [
              121.55166331,
              25.085851122
            ],
            [
              121.551631903,
              25.085846372
            ],
            [
              121.551602283,
              25.08584028
            ],
            [
              121.551559989,
              25.08583066
            ],
            [
              121.551476524,
              25.08580684
            ],
            [
              121.55136155,
              25.085781121
            ],
            [
              121.551249474,
              25.085746374
            ],
            [
              121.551141151,
              25.085702864
            ],
            [
              121.551063177,
              25.085664841
            ],
            [
              121.550888023,
              25.085564613
            ],
            [
              121.55069662,
              25.0854643
            ],
            [
              121.550393908,
              25.0853034
            ],
            [
              121.55032338,
              25.085266981
            ],
            [
              121.550250657,
              25.085227538
            ],
            [
              121.550190756,
              25.085193535
            ],
            [
              121.550159919,
              25.085176496
            ],
            [
              121.550141858,
              25.085164096
            ],
            [
              121.549820184,
              25.085249442
            ],
            [
              121.549755793,
              25.08528171
            ],
            [
              121.549643503,
              25.085361136
            ],
            [
              121.549459757,
              25.085500092
            ],
            [
              121.549481523,
              25.085662707
            ],
            [
              121.54948861,
              25.085809009
            ],
            [
              121.549500037,
              25.085847011
            ],
            [
              121.549534115,
              25.085915659
            ],
            [
              121.54958278,
              25.086009128
            ],
            [
              121.549618363,
              25.086054356
            ],
            [
              121.549660532,
              25.086089835
            ],
            [
              121.54942751,
              25.086410686
            ],
            [
              121.549385813,
              25.086501386
            ],
            [
              121.549359409,
              25.086588548
            ],
            [
              121.549339279,
              25.086701533
            ],
            [
              121.549184959,
              25.088203263
            ],
            [
              121.549117997,
              25.089164491
            ],
            [
              121.549099108,
              25.089435624
            ],
            [
              121.548992383,
              25.090967612
            ],
            [
              121.54897335,
              25.09124082
            ],
            [
              121.549066387,
              25.091284934
            ],
            [
              121.549238208,
              25.091414145
            ],
            [
              121.549300073,
              25.091481137
            ],
            [
              121.549381608,
              25.091569429
            ],
            [
              121.549592148,
              25.091845645
            ],
            [
              121.549874559,
              25.091880142
            ],
            [
              121.550321651,
              25.091869816
            ],
            [
              121.550787537,
              25.091807482
            ],
            [
              121.551110724,
              25.091745686
            ],
            [
              121.551377215,
              25.09177065
            ],
            [
              121.551653653,
              25.091890805
            ],
            [
              121.551911531,
              25.092114914
            ],
            [
              121.552112445,
              25.092365196
            ],
            [
              121.552172611,
              25.092405536
            ],
            [
              121.552173758,
              25.09239273
            ],
            [
              121.552198847,
              25.092112471
            ],
            [
              121.552217014,
              25.091921958
            ],
            [
              121.552273042,
              25.091688024
            ],
            [
              121.552385096,
              25.09150923
            ],
            [
              121.552452505,
              25.091401675
            ],
            [
              121.552707647,
              25.091019832
            ],
            [
              121.552868204,
              25.090759538
            ],
            [
              121.552950219,
              25.090623897
            ],
            [
              121.553104277,
              25.090369109
            ],
            [
              121.553264791,
              25.090100153
            ],
            [
              121.553436299,
              25.089881121
            ],
            [
              121.553482344,
              25.089822318
            ],
            [
              121.553747699,
              25.089596252
            ],
            [
              121.554102361,
              25.08932741
            ],
            [
              121.554183822,
              25.089265661
            ],
            [
              121.554612064,
              25.088859707
            ],
            [
              121.554943886,
              25.088607413
            ],
            [
              121.555304604,
              25.088432915
            ],
            [
              121.55574158,
              25.088292764
            ],
            [
              121.556309017,
              25.088132169
            ],
            [
              121.55633065,
              25.088126045
            ],
            [
              121.556546717,
              25.088085875
            ],
            [
              121.556663337,
              25.088064194
            ],
            [
              121.55702464,
              25.088019549
            ],
            [
              121.557157707,
              25.087993066
            ],
            [
              121.557224061,
              25.08794088
            ],
            [
              121.557271272,
              25.087862791
            ],
            [
              121.557273289,
              25.087853419
            ],
            [
              121.557289904,
              25.087776152
            ],
            [
              121.557213089,
              25.087620623
            ],
            [
              121.557069802,
              25.087491313
            ],
            [
              121.557033028,
              25.087414119
            ],
            [
              121.55695454,
              25.087249364
            ],
            [
              121.55684844,
              25.08692947
            ],
            [
              121.556847495,
              25.086721712
            ],
            [
              121.556931968,
              25.086470354
            ],
            [
              121.557205363,
              25.085923938
            ],
            [
              121.557378189,
              25.085666253
            ],
            [
              121.557482358,
              25.085561966
            ],
            [
              121.557737866,
              25.085266675
            ],
            [
              121.557718408,
              25.085171522
            ],
            [
              121.557696463,
              25.085116334
            ],
            [
              121.557670289,
              25.085050511
            ],
            [
              121.557669815,
              25.084946635
            ],
            [
              121.557716078,
              25.084660781
            ],
            [
              121.5577573,
              25.084514508
            ],
            [
              121.557762388,
              25.084496454
            ]
          ]
        ]
      }
    },
    {
      "type": "Feature",
      "properties": {
        "dataset_slug": "tw.openfun~entity~geo",
        "record_id": "63000050-001"
      },
      "geometry": {
        "type": "Polygon",
        "coordinates": [
          [
            [
              121.537065199,
              25.011266563
            ],
            [
              121.537013748,
              25.011258559
            ],
            [
              121.536809771,
              25.011211828
            ],
            [
              121.536639043,
              25.011182245
            ],
            [
              121.53642314,
              25.011129623
            ],
            [
              121.536266647,
              25.011104303
            ],
            [
              121.536043697,
              25.011053332
            ],
            [
              121.535882409,
              25.011015082
            ],
            [
              121.53570211,
              25.010963957
            ],
            [
              121.535588114,
              25.010903959
            ],
            [
              121.53537438,
              25.010792544
            ],
            [
              121.535265013,
              25.01070664
            ],
            [
              121.535074973,
              25.010595133
            ],
            [
              121.53495137,
              25.010504971
            ],
            [
              121.534765957,
              25.010367561
            ],
            [
              121.534480845,
              25.010187366
            ],
            [
              121.534186254,
              25.010007193
            ],
            [
              121.533905899,
              25.009831295
            ],
            [
              121.533616125,
              25.009668377
            ],
            [
              121.533454613,
              25.009578341
            ],
            [
              121.533232381,
              25.009436916
            ],
            [
              121.532865916,
              25.009247839
            ],
            [
              121.532520693,
              25.009051221
            ],
            [
              121.532259226,
              25.008893876
            ],
            [
              121.532212381,
              25.008884909
            ],
            [
              121.531950903,
              25.008724519
            ],
            [
              121.531914073,
              25.008712483
            ],
            [
              121.531846682,
              25.008668648
            ],
            [
              121.531835056,
              25.008686349
            ],
            [
              121.53172512,
              25.008827119
            ],
            [
              121.531667752,
              25.00891359
            ],
            [
              121.531539087,
              25.009079733
            ],
            [
              121.531438875,
              25.009172223
            ],
            [
              121.531406438,
              25.009219492
            ],
            [
              121.531307426,
              25.009303934
            ],
            [
              121.531211084,
              25.009407877
            ],
            [
              121.531091892,
              25.009492436
            ],
            [
              121.530974006,
              25.009582739
            ],
            [
              121.53086861,
              25.009656886
            ],
            [
              121.53078822,
              25.009702177
            ],
            [
              121.530722839,
              25.009730136
            ],
            [
              121.530649985,
              25.009770778
            ],
            [
              121.53056074,
              25.009812679
            ],
            [
              121.53046133,
              25.00984431
            ],
            [
              121.53037948,
              25.009863189
            ],
            [
              121.530257295,
              25.00988578
            ],
            [
              121.530088438,
              25.009908655
            ],
            [
              121.530026727,
              25.009921685
            ],
            [
              121.5299159,
              25.009945346
            ],
            [
              121.529831415,
              25.009949322
            ],
            [
              121.52971158,
              25.009948946
            ],
            [
              121.529619638,
              25.009967879
            ],
            [
              121.529483523,
              25.009983669
            ],
            [
              121.529320948,
              25.010003062
            ],
            [
              121.529198726,
              25.010021054
            ],
            [
              121.529100472,
              25.0100389
            ],
            [
              121.529002285,
              25.01006592
            ],
            [
              121.528889041,
              25.010103383
            ],
            [
              121.528797223,
              25.010138403
            ],
            [
              121.528627311,
              25.010188843
            ],
            [
              121.528463837,
              25.010256459
            ],
            [
              121.528398498,
              25.010290167
            ],
            [
              121.528258888,
              25.010343865
            ],
            [
              121.528150832,
              25.010400803
            ],
            [
              121.528064149,
              25.010447289
            ],
            [
              121.527899422,
              25.010516055
            ],
            [
              121.527750952,
              25.010566363
            ],
            [
              121.527703333,
              25.010607988
            ],
            [
              121.527587734,
              25.010668417
            ],
            [
              121.527419304,
              25.010747551
            ],
            [
              121.527335043,
              25.010781371
            ],
            [
              121.52732048,
              25.010789214
            ],
            [
              121.529897791,
              25.013289781
            ],
            [
              121.530555542,
              25.013684924
            ],
            [
              121.531066163,
              25.014111158
            ],
            [
              121.53132398,
              25.014232859
            ],
            [
              121.531374732,
              25.014256816
            ],
            [
              121.531801068,
              25.014661617
            ],
            [
              121.5322217,
              25.015060996
            ],
            [
              121.53252964,
              25.014855472
            ],
            [
              121.533370045,
              25.015658289
            ],
            [
              121.533395195,
              25.015682313
            ],
            [
              121.533519006,
              25.015578883
            ],
            [
              121.533931159,
              25.015159359
            ],
            [
              121.53429842,
              25.014801655
            ],
            [
              121.534620667,
              25.014478391
            ],
            [
              121.535032959,
              25.014093114
            ],
            [
              121.535520157,
              25.01362532
            ],
            [
              121.535864765,
              25.013253999
            ],
            [
              121.536107472,
              25.012966807
            ],
            [
              121.536294409,
              25.012685151
            ],
            [
              121.536608248,
              25.01216316
            ],
            [
              121.536805145,
              25.011760972
            ],
            [
              121.536914107,
              25.011538402
            ],
            [
              121.537065199,
              25.011266563
            ]
          ]
        ]
      }
    },
    {
      "type": "Feature",
      "properties": {
        "dataset_slug": "tw.openfun~entity~geo",
        "record_id": "63000050-002"
      },
      "geometry": {
        "type": "Polygon",
        "coordinates": [
          [
            [
              121.5322217,
              25.015060996
            ],
            [
              121.531801068,
              25.014661617
            ],
            [
              121.531374732,
              25.014256816
            ],
            [
              121.53132398,
              25.014232859
            ],
            [
              121.531066163,
              25.014111158
            ],
            [
              121.530555542,
              25.013684924
            ],
            [
              121.529897791,
              25.013289781
            ],
            [
              121.52732048,
              25.010789214
            ],
            [
              121.527310633,
              25.010794518
            ],
            [
              121.527235794,
              25.010834827
            ],
            [
              121.527087602,
              25.010921859
            ],
            [
              121.526964567,
              25.010999557
            ],
            [
              121.526866561,
              25.011050688
            ],
            [
              121.526747303,
              25.01112721
            ],
            [
              121.52666319,
              25.011180565
            ],
            [
              121.526533778,
              25.011249113
            ],
            [
              121.526385621,
              25.01134075
            ],
            [
              121.526253945,
              25.011443748
            ],
            [
              121.52617111,
              25.011499384
            ],
            [
              121.526073139,
              25.011555109
            ],
            [
              121.525967814,
              25.011639578
            ],
            [
              121.525891431,
              25.0117147
            ],
            [
              121.525753873,
              25.011873992
            ],
            [
              121.525641491,
              25.01202626
            ],
            [
              121.525529134,
              25.012181959
            ],
            [
              121.525469184,
              25.012261546
            ],
            [
              121.52535806,
              25.01241381
            ],
            [
              121.52525815,
              25.012547608
            ],
            [
              121.52522322,
              25.012599489
            ],
            [
              121.525153221,
              25.012684889
            ],
            [
              121.525059551,
              25.012809482
            ],
            [
              121.525018408,
              25.012874026
            ],
            [
              121.524907269,
              25.013023978
            ],
            [
              121.524825985,
              25.013118618
            ],
            [
              121.524741083,
              25.013235127
            ],
            [
              121.524632301,
              25.01336325
            ],
            [
              121.524551251,
              25.0134889
            ],
            [
              121.524445992,
              25.01358256
            ],
            [
              121.524416258,
              25.013616396
            ],
            [
              121.526278293,
              25.015505864
            ],
            [
              121.526513426,
              25.015744455
            ],
            [
              121.527090739,
              25.016330254
            ],
            [
              121.527496298,
              25.01674177
            ],
            [
              121.527967087,
              25.017086987
            ],
            [
              121.528622837,
              25.017567829
            ],
            [
              121.528991031,
              25.017308116
            ],
            [
              121.530332053,
              25.016362188
            ],
            [
              121.530678846,
              25.016117562
            ],
            [
              121.530686489,
              25.016112172
            ],
            [
              121.531328994,
              25.015672245
            ],
            [
              121.531953849,
              25.0152444
            ],
            [
              121.5322217,
              25.015060996
            ]
          ]
        ]
      }
    },
    {
      "type": "Feature",
      "properties": {
        "dataset_slug": "tw.openfun~entity~geo",
        "record_id": "63000050-003"
      },
      "geometry": {
        "type": "Polygon",
        "coordinates": [
          [
            [
              121.532643431,
              25.016399393
            ],
            [
              121.532692115,
              25.016352124
            ],
            [
              121.532702691,
              25.016341854
            ],
            [
              121.533130764,
              25.015913804
            ],
            [
              121.533232903,
              25.015817885
            ],
            [
              121.533390967,
              25.015685845
            ],
            [
              121.533395195,
              25.015682313
            ],
            [
              121.533370045,
              25.015658289
            ],
            [
              121.53252964,
              25.014855472
            ],
            [
              121.5322217,
              25.015060996
            ],
            [
              121.531953849,
              25.0152444
            ],
            [
              121.531328994,
              25.015672245
            ],
            [
              121.530686489,
              25.016112172
            ],
            [
              121.530678846,
              25.016117562
            ],
            [
              121.530332053,
              25.016362188
            ],
            [
              121.528991031,
              25.017308116
            ],
            [
              121.528622837,
              25.017567829
            ],
            [
              121.528250887,
              25.017829101
            ],
            [
              121.527609685,
              25.018279501
            ],
            [
              121.528060703,
              25.018657225
            ],
            [
              121.528769238,
              25.019250609
            ],
            [
              121.529159076,
              25.019577089
            ],
            [
              121.529245187,
              25.019655133
            ],
            [
              121.529472122,
              25.019431267
            ],
            [
              121.529861895,
              25.019044267
            ],
            [
              121.53011614,
              25.018810949
            ],
            [
              121.530232616,
              25.018704058
            ],
            [
              121.530564936,
              25.018387368
            ],
            [
              121.53087161,
              25.018076617
            ],
            [
              121.531347859,
              25.017626256
            ],
            [
              121.531641898,
              25.017362279
            ],
            [
              121.531859161,
              25.017151165
            ],
            [
              121.532261779,
              25.016769947
            ],
            [
              121.532643431,
              25.016399393
            ]
          ]
        ]
      }
    },
    {
      "type": "Feature",
      "properties": {
        "dataset_slug": "tw.openfun~entity~geo",
        "record_id": "63000050-004"
      },
      "geometry": {
        "type": "Polygon",
        "coordinates": [
          [
            [
              121.529245187,
              25.019655133
            ],
            [
              121.529159076,
              25.019577089
            ],
            [
              121.528769238,
              25.019250609
            ],
            [
              121.528060703,
              25.018657225
            ],
            [
              121.527609685,
              25.018279501
            ],
            [
              121.528250887,
              25.017829101
            ],
            [
              121.528622837,
              25.017567829
            ],
            [
              121.527967087,
              25.017086987
            ],
            [
              121.527496298,
              25.01674177
            ],
            [
              121.527090739,
              25.016330254
            ],
            [
              121.526513426,
              25.015744455
            ],
            [
              121.526278293,
              25.015505864
            ],
            [
              121.524416258,
              25.013616396
            ],
            [
              121.524409771,
              25.013623777
            ],
            [
              121.524354688,
              25.013686462
            ],
            [
              121.524271019,
              25.0137995
            ],
            [
              121.524198383,
              25.013869985
            ],
            [
              121.524108261,
              25.013963555
            ],
            [
              121.524060785,
              25.014024698
            ],
            [
              121.523992149,
              25.014123869
            ],
            [
              121.523838395,
              25.014310834
            ],
            [
              121.523733369,
              25.014435485
            ],
            [
              121.523700995,
              25.014491942
            ],
            [
              121.523629706,
              25.014573899
            ],
            [
              121.523592382,
              25.014643023
            ],
            [
              121.523484915,
              25.014779185
            ],
            [
              121.523373609,
              25.014907307
            ],
            [
              121.523329966,
              25.014975325
            ],
            [
              121.523268881,
              25.015072141
            ],
            [
              121.523215087,
              25.015132186
            ],
            [
              121.523172629,
              25.015189863
            ],
            [
              121.523124078,
              25.01527627
            ],
            [
              121.523098316,
              25.015314302
            ],
            [
              121.523028012,
              25.015418088
            ],
            [
              121.522932058,
              25.015575973
            ],
            [
              121.522893498,
              25.015648542
            ],
            [
              121.522806122,
              25.015773106
            ],
            [
              121.522721265,
              25.015895327
            ],
            [
              121.522680557,
              25.015951728
            ],
            [
              121.522661334,
              25.015978361
            ],
            [
              121.522617737,
              25.016052112
            ],
            [
              121.522525224,
              25.016164052
            ],
            [
              121.522481794,
              25.016259602
            ],
            [
              121.522434321,
              25.016321922
            ],
            [
              121.522392069,
              25.016407133
            ],
            [
              121.522363468,
              25.016462432
            ],
            [
              121.522318478,
              25.01651897
            ],
            [
              121.522216314,
              25.016689527
            ],
            [
              121.522123743,
              25.016793432
            ],
            [
              121.52212373,
              25.016793465
            ],
            [
              121.522108965,
              25.016841748
            ],
            [
              121.522095856,
              25.016864441
            ],
            [
              121.522070362,
              25.016908573
            ],
            [
              121.522007823,
              25.016980142
            ],
            [
              121.521939302,
              25.017095392
            ],
            [
              121.521868167,
              25.017198021
            ],
            [
              121.521818449,
              25.017297064
            ],
            [
              121.521732112,
              25.017391746
            ],
            [
              121.521687201,
              25.01745862
            ],
            [
              121.521624767,
              25.017543975
            ],
            [
              121.521564691,
              25.017607501
            ],
            [
              121.521504665,
              25.017677905
            ],
            [
              121.521433346,
              25.017756419
            ],
            [
              121.521324511,
              25.017878807
            ],
            [
              121.521239319,
              25.017957407
            ],
            [
              121.521131936,
              25.01810504
            ],
            [
              121.521036735,
              25.018195186
            ],
            [
              121.520945156,
              25.018263497
            ],
            [
              121.520843787,
              25.018372046
            ],
            [
              121.520737233,
              25.018462276
            ],
            [
              121.520602988,
              25.018560701
            ],
            [
              121.520551738,
              25.018613125
            ],
            [
              121.520558615,
              25.018619388
            ],
            [
              121.521390484,
              25.019376996
            ],
            [
              121.522461159,
              25.020352072
            ],
            [
              121.52265942,
              25.020398399
            ],
            [
              121.523357018,
              25.020561404
            ],
            [
              121.523938017,
              25.020697159
            ],
            [
              121.524489896,
              25.020826108
            ],
            [
              121.524626807,
              25.020858097
            ],
            [
              121.525124532,
              25.020912595
            ],
            [
              121.525395757,
              25.020938209
            ],
            [
              121.525475427,
              25.02094651
            ],
            [
              121.526721287,
              25.0208108
            ],
            [
              121.527222897,
              25.020756156
            ],
            [
              121.527309944,
              25.020732431
            ],
            [
              121.527333511,
              25.020726008
            ],
            [
              121.527414276,
              25.020746195
            ],
            [
              121.527450891,
              25.020755349
            ],
            [
              121.527529295,
              25.020808615
            ],
            [
              121.527581706,
              25.020879832
            ],
            [
              121.52771068,
              25.021066704
            ],
            [
              121.527715201,
              25.021082321
            ],
            [
              121.527741631,
              25.021058803
            ],
            [
              121.527870475,
              25.020944158
            ],
            [
              121.528130076,
              25.020721436
            ],
            [
              121.52850725,
              25.020387056
            ],
            [
              121.52861392,
              25.020279932
            ],
            [
              121.528845896,
              25.020046972
            ],
            [
              121.529216525,
              25.01968341
            ],
            [
              121.529236993,
              25.019663217
            ],
            [
              121.529245187,
              25.019655133
            ]
          ]
        ]
      }
    },
    {
      "type": "Feature",
      "properties": {
        "dataset_slug": "tw.openfun~entity~geo",
        "record_id": "63000050-005"
      },
      "geometry": {
        "type": "Polygon",
        "coordinates": [
          [
            [
              121.525475427,
              25.02094651
            ],
            [
              121.525395757,
              25.020938209
            ],
            [
              121.525124532,
              25.020912595
            ],
            [
              121.524626807,
              25.020858097
            ],
            [
              121.524489896,
              25.020826108
            ],
            [
              121.523938017,
              25.020697159
            ],
            [
              121.523357018,
              25.020561404
            ],
            [
              121.52265942,
              25.020398399
            ],
            [
              121.522461159,
              25.020352072
            ],
            [
              121.521390484,
              25.019376996
            ],
            [
              121.520558615,
              25.018619388
            ],
            [
              121.520551738,
              25.018613125
            ],
            [
              121.520545397,
              25.018619612
            ],
            [
              121.520543286,
              25.018621506
            ],
            [
              121.520515343,
              25.018646541
            ],
            [
              121.520372467,
              25.018774545
            ],
            [
              121.520288557,
              25.018856579
            ],
            [
              121.52019444,
              25.018922606
            ],
            [
              121.520055114,
              25.019016479
            ],
            [
              121.519977402,
              25.019083551
            ],
            [
              121.519922203,
              25.019125228
            ],
            [
              121.519775435,
              25.019236354
            ],
            [
              121.519639877,
              25.019327913
            ],
            [
              121.519616376,
              25.019342958
            ],
            [
              121.519611737,
              25.019345928
            ],
            [
              121.520200367,
              25.020933285
            ],
            [
              121.52030756,
              25.02112723
            ],
            [
              121.520355651,
              25.021617523
            ],
            [
              121.520410159,
              25.022173226
            ],
            [
              121.520415286,
              25.02218108
            ],
            [
              121.520653376,
              25.022545745
            ],
            [
              121.521074657,
              25.023190982
            ],
            [
              121.521382831,
              25.023662981
            ],
            [
              121.521474157,
              25.023778823
            ],
            [
              121.521606552,
              25.023946759
            ],
            [
              121.521702049,
              25.02406789
            ],
            [
              121.522088244,
              25.023809076
            ],
            [
              121.522254536,
              25.023697633
            ],
            [
              121.522270355,
              25.023687031
            ],
            [
              121.522602058,
              25.023403415
            ],
            [
              121.52306269,
              25.023009556
            ],
            [
              121.523444253,
              25.022683303
            ],
            [
              121.523449697,
              25.022678647
            ],
            [
              121.52392204,
              25.022274768
            ],
            [
              121.523928712,
              25.022269063
            ],
            [
              121.524614226,
              25.021682905
            ],
            [
              121.524841646,
              25.021488443
            ],
            [
              121.525262974,
              25.021128175
            ],
            [
              121.525475427,
              25.02094651
            ]
          ]
        ]
      }
    },
    {
      "type": "Feature",
      "properties": {
        "dataset_slug": "tw.openfun~entity~geo",
        "record_id": "63000050-006"
      },
      "geometry": {
        "type": "Polygon",
        "coordinates": [
          [
            [
              121.527715201,
              25.021082321
            ],
            [
              121.52771068,
              25.021066704
            ],
            [
              121.527581706,
              25.020879832
            ],
            [
              121.527529295,
              25.020808615
            ],
            [
              121.527450891,
              25.020755349
            ],
            [
              121.527414276,
              25.020746195
            ],
            [
              121.527333511,
              25.020726008
            ],
            [
              121.527309944,
              25.020732431
            ],
            [
              121.527222897,
              25.020756156
            ],
            [
              121.526721287,
              25.0208108
            ],
            [
              121.525475427,
              25.02094651
            ],
            [
              121.525262974,
              25.021128175
            ],
            [
              121.524841646,
              25.021488443
            ],
            [
              121.524614226,
              25.021682905
            ],
            [
              121.523928712,
              25.022269063
            ],
            [
              121.52392204,
              25.022274768
            ],
            [
              121.523449697,
              25.022678647
            ],
            [
              121.523444253,
              25.022683303
            ],
            [
              121.52306269,
              25.023009556
            ],
            [
              121.522602058,
              25.023403415
            ],
            [
              121.522270355,
              25.023687031
            ],
            [
              121.522254536,
              25.023697633
            ],
            [
              121.522088244,
              25.023809076
            ],
            [
              121.521702049,
              25.02406789
            ],
            [
              121.522052022,
              25.024478916
            ],
            [
              121.522352105,
              25.024831344
            ],
            [
              121.522399867,
              25.024887438
            ],
            [
              121.522509858,
              25.025198266
            ],
            [
              121.522753128,
              25.025416187
            ],
            [
              121.522763429,
              25.025425415
            ],
            [
              121.52332698,
              25.025812977
            ],
            [
              121.523350399,
              25.025829081
            ],
            [
              121.523350607,
              25.025828788
            ],
            [
              121.524138426,
              25.024717199
            ],
            [
              121.524818162,
              25.023758096
            ],
            [
              121.525096869,
              25.023396203
            ],
            [
              121.525185197,
              25.023271441
            ],
            [
              121.525281118,
              25.023213384
            ],
            [
              121.525407274,
              25.023104003
            ],
            [
              121.525652045,
              25.022891781
            ],
            [
              121.52593335,
              25.022645404
            ],
            [
              121.526310587,
              25.022322721
            ],
            [
              121.526630217,
              25.0220353
            ],
            [
              121.526822007,
              25.02186517
            ],
            [
              121.52728875,
              25.021466225
            ],
            [
              121.527618011,
              25.021169298
            ],
            [
              121.527659514,
              25.02113187
            ],
            [
              121.527715201,
              25.021082321
            ]
          ]
        ]
      }
    },
    {
      "type": "Feature",
      "properties": {
        "dataset_slug": "tw.openfun~entity~geo",
        "record_id": "63000050-007"
      },
      "geometry": {
        "type": "Polygon",
        "coordinates": [
          [
            [
              121.521382831,
              25.023662981
            ],
            [
              121.521074657,
              25.023190982
            ],
            [
              121.520653376,
              25.022545745
            ],
            [
              121.520415286,
              25.02218108
            ],
            [
              121.520410159,
              25.022173226
            ],
            [
              121.520355651,
              25.021617523
            ],
            [
              121.52030756,
              25.02112723
            ],
            [
              121.520200367,
              25.020933285
            ],
            [
              121.519611737,
              25.019345928
            ],
            [
              121.519545713,
              25.019388196
            ],
            [
              121.519456512,
              25.019436972
            ],
            [
              121.519394997,
              25.019477534
            ],
            [
              121.519302137,
              25.019543564
            ],
            [
              121.519202851,
              25.019593548
            ],
            [
              121.519150083,
              25.019622576
            ],
            [
              121.518999265,
              25.019698137
            ],
            [
              121.518858442,
              25.01976103
            ],
            [
              121.518755335,
              25.019806441
            ],
            [
              121.518683738,
              25.019848221
            ],
            [
              121.518624722,
              25.019885323
            ],
            [
              121.518451379,
              25.019985146
            ],
            [
              121.518316803,
              25.020039945
            ],
            [
              121.518131947,
              25.020119162
            ],
            [
              121.517954644,
              25.020196051
            ],
            [
              121.517801147,
              25.020250961
            ],
            [
              121.517621239,
              25.020317528
            ],
            [
              121.517453899,
              25.02037712
            ],
            [
              121.51731173,
              25.020428516
            ],
            [
              121.517193527,
              25.020479773
            ],
            [
              121.516983288,
              25.020538484
            ],
            [
              121.516857377,
              25.020571413
            ],
            [
              121.516662275,
              25.020630043
            ],
            [
              121.516513856,
              25.020689511
            ],
            [
              121.516454585,
              25.020692174
            ],
            [
              121.516366396,
              25.020708795
            ],
            [
              121.516290948,
              25.020741412
            ],
            [
              121.516269284,
              25.020750023
            ],
            [
              121.516326312,
              25.020905584
            ],
            [
              121.516634057,
              25.021745026
            ],
            [
              121.516726988,
              25.022235225
            ],
            [
              121.516742698,
              25.022312462
            ],
            [
              121.51681135,
              25.022649998
            ],
            [
              121.516836709,
              25.022785745
            ],
            [
              121.516846763,
              25.023025535
            ],
            [
              121.516855059,
              25.023223392
            ],
            [
              121.516839965,
              25.023563035
            ],
            [
              121.516813926,
              25.023862206
            ],
            [
              121.516808427,
              25.023925388
            ],
            [
              121.517408059,
              25.023898343
            ],
            [
              121.51741405,
              25.023898073
            ],
            [
              121.517458909,
              25.023896049
            ],
            [
              121.517561355,
              25.023891428
            ],
            [
              121.518597205,
              25.023844702
            ],
            [
              121.519012727,
              25.023825955
            ],
            [
              121.519024898,
              25.023825118
            ],
            [
              121.519031031,
              25.023824695
            ],
            [
              121.520567913,
              25.023719021
            ],
            [
              121.521083089,
              25.023683594
            ],
            [
              121.521382831,
              25.023662981
            ]
          ]
        ]
      }
    },
    {
      "type": "Feature",
      "properties": {
        "dataset_slug": "tw.openfun~entity~geo",
        "record_id": "63000050-008"
      },
      "geometry": {
        "type": "Polygon",
        "coordinates": [
          [
            [
              121.522517225,
              25.027003248
            ],
            [
              121.523205865,
              25.026033013
            ],
            [
              121.523350399,
              25.025829081
            ],
            [
              121.52332698,
              25.025812977
            ],
            [
              121.522763429,
              25.025425415
            ],
            [
              121.522753128,
              25.025416187
            ],
            [
              121.522509858,
              25.025198266
            ],
            [
              121.522399867,
              25.024887438
            ],
            [
              121.522352105,
              25.024831344
            ],
            [
              121.522052022,
              25.024478916
            ],
            [
              121.521702049,
              25.02406789
            ],
            [
              121.521329024,
              25.024288329
            ],
            [
              121.52083135,
              25.02452717
            ],
            [
              121.520814981,
              25.024535026
            ],
            [
              121.52070374,
              25.02457376
            ],
            [
              121.520328829,
              25.0247043
            ],
            [
              121.520232389,
              25.024730485
            ],
            [
              121.519920053,
              25.024815295
            ],
            [
              121.51953236,
              25.024906877
            ],
            [
              121.519478395,
              25.024921393
            ],
            [
              121.519313782,
              25.024965663
            ],
            [
              121.519017767,
              25.025024685
            ],
            [
              121.518986263,
              25.026001047
            ],
            [
              121.518972848,
              25.026416801
            ],
            [
              121.519060107,
              25.026432806
            ],
            [
              121.519687519,
              25.026547878
            ],
            [
              121.519797047,
              25.026567965
            ],
            [
              121.520905978,
              25.026771342
            ],
            [
              121.521100507,
              25.026807018
            ],
            [
              121.521111743,
              25.026809078
            ],
            [
              121.521234828,
              25.026831651
            ],
            [
              121.52227652,
              25.027022686
            ],
            [
              121.522446114,
              25.027008035
            ],
            [
              121.522517225,
              25.027003248
            ]
          ]
        ]
      }
    },
    {
      "type": "Feature",
      "properties": {
        "dataset_slug": "tw.openfun~entity~geo",
        "record_id": "63000050-009"
      },
      "geometry": {
        "type": "Polygon",
        "coordinates": [
          [
            [
              121.518972848,
              25.026416801
            ],
            [
              121.518986263,
              25.026001047
            ],
            [
              121.519017767,
              25.025024685
            ],
            [
              121.519313782,
              25.024965663
            ],
            [
              121.519478395,
              25.024921393
            ],
            [
              121.51953236,
              25.024906877
            ],
            [
              121.519920053,
              25.024815295
            ],
            [
              121.520232389,
              25.024730485
            ],
            [
              121.520328829,
              25.0247043
            ],
            [
              121.52070374,
              25.02457376
            ],
            [
              121.520814981,
              25.024535026
            ],
            [
              121.52083135,
              25.02452717
            ],
            [
              121.521329024,
              25.024288329
            ],
            [
              121.521702049,
              25.02406789
            ],
            [
              121.521606552,
              25.023946759
            ],
            [
              121.521474157,
              25.023778823
            ],
            [
              121.521382831,
              25.023662981
            ],
            [
              121.521083089,
              25.023683594
            ],
            [
              121.520567913,
              25.023719021
            ],
            [
              121.519031031,
              25.023824695
            ],
            [
              121.519024898,
              25.023825118
            ],
            [
              121.519012727,
              25.023825955
            ],
            [
              121.518597205,
              25.023844702
            ],
            [
              121.517561355,
              25.023891428
            ],
            [
              121.517458909,
              25.023896049
            ],
            [
              121.51741405,
              25.023898073
            ],
            [
              121.517408059,
              25.023898343
            ],
            [
              121.516808427,
              25.023925388
            ],
            [
              121.51673623,
              25.024199756
            ],
            [
              121.516587167,
              25.024766251
            ],
            [
              121.516555038,
              25.024888348
            ],
            [
              121.516351657,
              25.025661253
            ],
            [
              121.516346067,
              25.025682499
            ],
            [
              121.516254154,
              25.026031788
            ],
            [
              121.51624708,
              25.026058667
            ],
            [
              121.516224995,
              25.026142601
            ],
            [
              121.516095984,
              25.026632869
            ],
            [
              121.51592565,
              25.027280166
            ],
            [
              121.517160141,
              25.026930405
            ],
            [
              121.517964888,
              25.026702395
            ],
            [
              121.518972848,
              25.026416801
            ]
          ]
        ]
      }
    },
    {
      "type": "Feature",
      "properties": {
        "dataset_slug": "tw.openfun~entity~geo",
        "record_id": "63000050-010"
      },
      "geometry": {
        "type": "Polygon",
        "coordinates": [
          [
            [
              121.51592565,
              25.027280166
            ],
            [
              121.516095984,
              25.026632869
            ],
            [
              121.516224995,
              25.026142601
            ],
            [
              121.51624708,
              25.026058667
            ],
            [
              121.516254154,
              25.026031788
            ],
            [
              121.516346067,
              25.025682499
            ],
            [
              121.516351657,
              25.025661253
            ],
            [
              121.516555038,
              25.024888348
            ],
            [
              121.516587167,
              25.024766251
            ],
            [
              121.51673623,
              25.024199756
            ],
            [
              121.516808427,
              25.023925388
            ],
            [
              121.516813926,
              25.023862206
            ],
            [
              121.516839965,
              25.023563035
            ],
            [
              121.516855059,
              25.023223392
            ],
            [
              121.516846763,
              25.023025535
            ],
            [
              121.516836709,
              25.022785745
            ],
            [
              121.51681135,
              25.022649998
            ],
            [
              121.516742698,
              25.022312462
            ],
            [
              121.516726988,
              25.022235225
            ],
            [
              121.516634057,
              25.021745026
            ],
            [
              121.516326312,
              25.020905584
            ],
            [
              121.516269284,
              25.020750023
            ],
            [
              121.516260982,
              25.020753323
            ],
            [
              121.516185292,
              25.020783408
            ],
            [
              121.51618049,
              25.020784831
            ],
            [
              121.516102212,
              25.020808028
            ],
            [
              121.515995258,
              25.020845431
            ],
            [
              121.515908431,
              25.020874669
            ],
            [
              121.515812772,
              25.020903963
            ],
            [
              121.515638933,
              25.020938348
            ],
            [
              121.515556041,
              25.020988228
            ],
            [
              121.515411407,
              25.021047675
            ],
            [
              121.515281754,
              25.021086367
            ],
            [
              121.515120669,
              25.021139027
            ],
            [
              121.514964533,
              25.021179038
            ],
            [
              121.514850078,
              25.021225667
            ],
            [
              121.514690161,
              25.021265693
            ],
            [
              121.514594423,
              25.021284667
            ],
            [
              121.514550781,
              25.02130422
            ],
            [
              121.514516465,
              25.021319595
            ],
            [
              121.51433401,
              25.02138272
            ],
            [
              121.514216807,
              25.021398363
            ],
            [
              121.514080814,
              25.021433655
            ],
            [
              121.513922141,
              25.021471383
            ],
            [
              121.513742084,
              25.021518418
            ],
            [
              121.513590878,
              25.021542323
            ],
            [
              121.513525387,
              25.021557652
            ],
            [
              121.513405768,
              25.021588239
            ],
            [
              121.513296188,
              25.021611882
            ],
            [
              121.513107198,
              25.021645199
            ],
            [
              121.512934534,
              25.021668076
            ],
            [
              121.512797166,
              25.021687303
            ],
            [
              121.512706415,
              25.021698195
            ],
            [
              121.512559038,
              25.021728956
            ],
            [
              121.512403028,
              25.021743496
            ],
            [
              121.512420498,
              25.021985111
            ],
            [
              121.512426451,
              25.022177381
            ],
            [
              121.512427452,
              25.02241805
            ],
            [
              121.512421442,
              25.022691268
            ],
            [
              121.512415273,
              25.02292546
            ],
            [
              121.512385574,
              25.023214111
            ],
            [
              121.512341282,
              25.023989671
            ],
            [
              121.512284601,
              25.02401304
            ],
            [
              121.51223828,
              25.024027808
            ],
            [
              121.512210323,
              25.024036722
            ],
            [
              121.512257444,
              25.024096874
            ],
            [
              121.51265269,
              25.02460142
            ],
            [
              121.512884964,
              25.024897921
            ],
            [
              121.513109152,
              25.025184102
            ],
            [
              121.513117346,
              25.025194559
            ],
            [
              121.513915673,
              25.026213623
            ],
            [
              121.513930702,
              25.026233529
            ],
            [
              121.514009394,
              25.026379176
            ],
            [
              121.514201574,
              25.026734865
            ],
            [
              121.514547846,
              25.027375741
            ],
            [
              121.514579677,
              25.027434654
            ],
            [
              121.514668339,
              25.027598747
            ],
            [
              121.514723953,
              25.027584656
            ],
            [
              121.515028539,
              25.027507479
            ],
            [
              121.51592565,
              25.027280166
            ]
          ]
        ]
      }
    },
    {
      "type": "Feature",
      "properties": {
        "dataset_slug": "tw.openfun~entity~geo",
        "record_id": "63000050-011"
      },
      "geometry": {
        "type": "Polygon",
        "coordinates": [
          [
            [
              121.514668339,
              25.027598747
            ],
            [
              121.514579677,
              25.027434654
            ],
            [
              121.514547846,
              25.027375741
            ],
            [
              121.514201574,
              25.026734865
            ],
            [
              121.514009394,
              25.026379176
            ],
            [
              121.513930702,
              25.026233529
            ],
            [
              121.513915673,
              25.026213623
            ],
            [
              121.513117346,
              25.025194559
            ],
            [
              121.513109152,
              25.025184102
            ],
            [
              121.512884964,
              25.024897921
            ],
            [
              121.51265269,
              25.02460142
            ],
            [
              121.512257444,
              25.024096874
            ],
            [
              121.512210323,
              25.024036722
            ],
            [
              121.51187964,
              25.024142165
            ],
            [
              121.511572007,
              25.024236114
            ],
            [
              121.511526476,
              25.02424887
            ],
            [
              121.511102782,
              25.024367586
            ],
            [
              121.5105821,
              25.024519378
            ],
            [
              121.510159945,
              25.024638359
            ],
            [
              121.510103478,
              25.024654275
            ],
            [
              121.510181534,
              25.024888215
            ],
            [
              121.510330247,
              25.025333912
            ],
            [
              121.510494538,
              25.025826288
            ],
            [
              121.510753541,
              25.026602505
            ],
            [
              121.510756722,
              25.026612039
            ],
            [
              121.510893097,
              25.027020747
            ],
            [
              121.510901476,
              25.027042027
            ],
            [
              121.511057417,
              25.027438065
            ],
            [
              121.511079557,
              25.027474808
            ],
            [
              121.511161531,
              25.027610849
            ],
            [
              121.511367603,
              25.027952835
            ],
            [
              121.511380216,
              25.027973766
            ],
            [
              121.511444453,
              25.02808037
            ],
            [
              121.511698682,
              25.028506486
            ],
            [
              121.511752992,
              25.02859752
            ],
            [
              121.512001654,
              25.029014323
            ],
            [
              121.512712086,
              25.028637208
            ],
            [
              121.513132136,
              25.028414232
            ],
            [
              121.513444864,
              25.028248225
            ],
            [
              121.513643547,
              25.028142755
            ],
            [
              121.514668339,
              25.027598747
            ]
          ]
        ]
      }
    },
    {
      "type": "Feature",
      "properties": {
        "dataset_slug": "tw.openfun~entity~geo",
        "record_id": "63000050-012"
      },
      "geometry": {
        "type": "Polygon",
        "coordinates": [
          [
            [
              121.510893097,
              25.027020747
            ],
            [
              121.510756722,
              25.026612039
            ],
            [
              121.510753541,
              25.026602505
            ],
            [
              121.510494538,
              25.025826288
            ],
            [
              121.510330247,
              25.025333912
            ],
            [
              121.510181534,
              25.024888215
            ],
            [
              121.510103478,
              25.024654275
            ],
            [
              121.510016822,
              25.0246787
            ],
            [
              121.509445395,
              25.024848465
            ],
            [
              121.509233143,
              25.024907413
            ],
            [
              121.509125864,
              25.024937208
            ],
            [
              121.509118217,
              25.024939331
            ],
            [
              121.509051175,
              25.024957954
            ],
            [
              121.508917429,
              25.025092024
            ],
            [
              121.508533437,
              25.025490464
            ],
            [
              121.508492132,
              25.025533322
            ],
            [
              121.508233628,
              25.025792447
            ],
            [
              121.507921302,
              25.026035548
            ],
            [
              121.507298654,
              25.026571297
            ],
            [
              121.5071,
              25.026762317
            ],
            [
              121.507292499,
              25.027018586
            ],
            [
              121.507303502,
              25.027033233
            ],
            [
              121.507649105,
              25.027493318
            ],
            [
              121.507908444,
              25.027838561
            ],
            [
              121.508052392,
              25.02803019
            ],
            [
              121.508063663,
              25.028045192
            ],
            [
              121.508300567,
              25.028482669
            ],
            [
              121.508560558,
              25.028962769
            ],
            [
              121.508564897,
              25.028957028
            ],
            [
              121.508947912,
              25.02845031
            ],
            [
              121.509325147,
              25.02808325
            ],
            [
              121.509364989,
              25.028044483
            ],
            [
              121.509529047,
              25.027884848
            ],
            [
              121.509539186,
              25.027874982
            ],
            [
              121.509621666,
              25.02781645
            ],
            [
              121.509656929,
              25.027791425
            ],
            [
              121.509687123,
              25.027769999
            ],
            [
              121.509898685,
              25.02761986
            ],
            [
              121.510184337,
              25.027417145
            ],
            [
              121.51018566,
              25.027416204
            ],
            [
              121.510214038,
              25.027396066
            ],
            [
              121.510646756,
              25.027156901
            ],
            [
              121.510893097,
              25.027020747
            ]
          ]
        ]
      }
    },
    {
      "type": "Feature",
      "properties": {
        "dataset_slug": "tw.openfun~entity~geo",
        "record_id": "63000050-013"
      },
      "geometry": {
        "type": "Polygon",
        "coordinates": [
          [
            [
              121.509255277,
              25.030551336
            ],
            [
              121.510987935,
              25.029581663
            ],
            [
              121.511510519,
              25.029289195
            ],
            [
              121.511980899,
              25.029025941
            ],
            [
              121.512001654,
              25.029014323
            ],
            [
              121.511752992,
              25.02859752
            ],
            [
              121.511698682,
              25.028506486
            ],
            [
              121.511444453,
              25.02808037
            ],
            [
              121.511380216,
              25.027973766
            ],
            [
              121.511367603,
              25.027952835
            ],
            [
              121.511161531,
              25.027610849
            ],
            [
              121.511079557,
              25.027474808
            ],
            [
              121.511057417,
              25.027438065
            ],
            [
              121.510901476,
              25.027042027
            ],
            [
              121.510893097,
              25.027020747
            ],
            [
              121.510646756,
              25.027156901
            ],
            [
              121.510214038,
              25.027396066
            ],
            [
              121.51018566,
              25.027416204
            ],
            [
              121.510184337,
              25.027417145
            ],
            [
              121.509898685,
              25.02761986
            ],
            [
              121.509687123,
              25.027769999
            ],
            [
              121.509656929,
              25.027791425
            ],
            [
              121.509621666,
              25.02781645
            ],
            [
              121.509539186,
              25.027874982
            ],
            [
              121.509529047,
              25.027884848
            ],
            [
              121.509364989,
              25.028044483
            ],
            [
              121.509325147,
              25.02808325
            ],
            [
              121.508947912,
              25.02845031
            ],
            [
              121.508564897,
              25.028957028
            ],
            [
              121.508560558,
              25.028962769
            ],
            [
              121.508270803,
              25.029318699
            ],
            [
              121.507456419,
              25.030319062
            ],
            [
              121.507188525,
              25.030648131
            ],
            [
              121.507292259,
              25.030627816
            ],
            [
              121.507343951,
              25.030617693
            ],
            [
              121.507478859,
              25.030576109
            ],
            [
              121.507650517,
              25.030511965
            ],
            [
              121.507672412,
              25.030499364
            ],
            [
              121.50771388,
              25.030530838
            ],
            [
              121.507923552,
              25.03068998
            ],
            [
              121.508347222,
              25.031011546
            ],
            [
              121.509255277,
              25.030551336
            ]
          ]
        ]
      }
    },
    {
      "type": "Feature",
      "properties": {
        "dataset_slug": "tw.openfun~entity~geo",
        "record_id": "63000050-014"
      },
      "geometry": {
        "type": "Polygon",
        "coordinates": [
          [
            [
              121.508560558,
              25.028962769
            ],
            [
              121.508300567,
              25.028482669
            ],
            [
              121.508063663,
              25.028045192
            ],
            [
              121.508052392,
              25.02803019
            ],
            [
              121.507908444,
              25.027838561
            ],
            [
              121.507649105,
              25.027493318
            ],
            [
              121.507303502,
              25.027033233
            ],
            [
              121.507292499,
              25.027018586
            ],
            [
              121.5071,
              25.026762317
            ],
            [
              121.50709276,
              25.02676928
            ],
            [
              121.506900839,
              25.026953823
            ],
            [
              121.505809113,
              25.028117255
            ],
            [
              121.504822137,
              25.029189156
            ],
            [
              121.504807919,
              25.029204597
            ],
            [
              121.504763746,
              25.029252571
            ],
            [
              121.504186529,
              25.029876114
            ],
            [
              121.504166506,
              25.029910599
            ],
            [
              121.504135354,
              25.029964249
            ],
            [
              121.50413542,
              25.029978237
            ],
            [
              121.5041633,
              25.029983416
            ],
            [
              121.505858298,
              25.030374648
            ],
            [
              121.50601621,
              25.030411094
            ],
            [
              121.506742055,
              25.030578623
            ],
            [
              121.5069346,
              25.030615352
            ],
            [
              121.5070534,
              25.030637381
            ],
            [
              121.507188525,
              25.030648131
            ],
            [
              121.507456419,
              25.030319062
            ],
            [
              121.508270803,
              25.029318699
            ],
            [
              121.508560558,
              25.028962769
            ]
          ]
        ]
      }
    },
    {
      "type": "Feature",
      "properties": {
        "dataset_slug": "tw.openfun~entity~geo",
        "record_id": "63000050-015"
      },
      "geometry": {
        "type": "Polygon",
        "coordinates": [
          [
            [
              121.506982246,
              25.031961393
            ],
            [
              121.507621347,
              25.031379419
            ],
            [
              121.507739223,
              25.03131968
            ],
            [
              121.507951512,
              25.031212093
            ],
            [
              121.508347222,
              25.031011546
            ],
            [
              121.507923552,
              25.03068998
            ],
            [
              121.50771388,
              25.030530838
            ],
            [
              121.507672412,
              25.030499364
            ],
            [
              121.507650517,
              25.030511965
            ],
            [
              121.507478859,
              25.030576109
            ],
            [
              121.507343951,
              25.030617693
            ],
            [
              121.507292259,
              25.030627816
            ],
            [
              121.507188525,
              25.030648131
            ],
            [
              121.5070534,
              25.030637381
            ],
            [
              121.5069346,
              25.030615352
            ],
            [
              121.506742055,
              25.030578623
            ],
            [
              121.50601621,
              25.030411094
            ],
            [
              121.505858298,
              25.030374648
            ],
            [
              121.5041633,
              25.029983416
            ],
            [
              121.50413542,
              25.029978237
            ],
            [
              121.504135628,
              25.030022139
            ],
            [
              121.504137084,
              25.030332247
            ],
            [
              121.504140875,
              25.030492808
            ],
            [
              121.504160478,
              25.031323181
            ],
            [
              121.504404933,
              25.03177765
            ],
            [
              121.504940564,
              25.032773426
            ],
            [
              121.505278969,
              25.033400866
            ],
            [
              121.50528734,
              25.033393593
            ],
            [
              121.505292631,
              25.033388995
            ],
            [
              121.505999846,
              25.032791454
            ],
            [
              121.506633478,
              25.03225608
            ],
            [
              121.506982246,
              25.031961393
            ]
          ]
        ]
      }
    },
    {
      "type": "Feature",
      "properties": {
        "dataset_slug": "tw.openfun~entity~geo",
        "record_id": "63000050-016"
      },
      "geometry": {
        "type": "Polygon",
        "coordinates": [
          [
            [
              121.508066379,
              25.036782383
            ],
            [
              121.507725245,
              25.035688339
            ],
            [
              121.507719376,
              25.035669514
            ],
            [
              121.507668812,
              25.035362597
            ],
            [
              121.507580664,
              25.034827532
            ],
            [
              121.507579842,
              25.034822541
            ],
            [
              121.507506564,
              25.034377742
            ],
            [
              121.507375221,
              25.033580478
            ],
            [
              121.507374497,
              25.033571789
            ],
            [
              121.507342637,
              25.033190251
            ],
            [
              121.507329802,
              25.033036068
            ],
            [
              121.507304391,
              25.032730825
            ],
            [
              121.50729045,
              25.032563358
            ],
            [
              121.507265532,
              25.032264022
            ],
            [
              121.507167094,
              25.032158862
            ],
            [
              121.506982246,
              25.031961393
            ],
            [
              121.506633478,
              25.03225608
            ],
            [
              121.505999846,
              25.032791454
            ],
            [
              121.505292631,
              25.033388995
            ],
            [
              121.50528734,
              25.033393593
            ],
            [
              121.505278969,
              25.033400866
            ],
            [
              121.505305929,
              25.033450852
            ],
            [
              121.505401475,
              25.033628003
            ],
            [
              121.505686687,
              25.034146467
            ],
            [
              121.505810392,
              25.034371341
            ],
            [
              121.506024358,
              25.034786302
            ],
            [
              121.506080148,
              25.034924332
            ],
            [
              121.506233077,
              25.035308503
            ],
            [
              121.506326585,
              25.035543398
            ],
            [
              121.506496874,
              25.036022661
            ],
            [
              121.506505688,
              25.036047468
            ],
            [
              121.506573338,
              25.036237867
            ],
            [
              121.506585873,
              25.036275466
            ],
            [
              121.506690235,
              25.036588505
            ],
            [
              121.506770192,
              25.03700709
            ],
            [
              121.50680754,
              25.037136826
            ],
            [
              121.506872394,
              25.037241312
            ],
            [
              121.50688002,
              25.037270886
            ],
            [
              121.508048728,
              25.036789651
            ],
            [
              121.508066379,
              25.036782383
            ]
          ]
        ]
      }
    },
    {
      "type": "Feature",
      "properties": {
        "dataset_slug": "tw.openfun~entity~geo",
        "record_id": "63000050-017"
      },
      "geometry": {
        "type": "Polygon",
        "coordinates": [
          [
            [
              121.512444116,
              25.035222823
            ],
            [
              121.512940262,
              25.034382851
            ],
            [
              121.514419493,
              25.031878439
            ],
            [
              121.513640581,
              25.031678287
            ],
            [
              121.509255277,
              25.030551336
            ],
            [
              121.508347222,
              25.031011546
            ],
            [
              121.507951512,
              25.031212093
            ],
            [
              121.507739223,
              25.03131968
            ],
            [
              121.507621347,
              25.031379419
            ],
            [
              121.506982246,
              25.031961393
            ],
            [
              121.507167094,
              25.032158862
            ],
            [
              121.507265532,
              25.032264022
            ],
            [
              121.50729045,
              25.032563358
            ],
            [
              121.507304391,
              25.032730825
            ],
            [
              121.507329802,
              25.033036068
            ],
            [
              121.507342637,
              25.033190251
            ],
            [
              121.507374497,
              25.033571789
            ],
            [
              121.507375221,
              25.033580478
            ],
            [
              121.507506564,
              25.034377742
            ],
            [
              121.507579842,
              25.034822541
            ],
            [
              121.507580664,
              25.034827532
            ],
            [
              121.507668812,
              25.035362597
            ],
            [
              121.507719376,
              25.035669514
            ],
            [
              121.507725245,
              25.035688339
            ],
            [
              121.508066379,
              25.036782383
            ],
            [
              121.51075965,
              25.035672713
            ],
            [
              121.510796786,
              25.035662793
            ],
            [
              121.511875818,
              25.035374608
            ],
            [
              121.512444116,
              25.035222823
            ]
          ]
        ]
      }
    },
    {
      "type": "Feature",
      "properties": {
        "dataset_slug": "tw.openfun~entity~geo",
        "record_id": "63000050-018"
      },
      "geometry": {
        "type": "Polygon",
        "coordinates": [
          [
            [
              121.515293687,
              25.029761921
            ],
            [
              121.515361163,
              25.029496941
            ],
            [
              121.51546107,
              25.029104605
            ],
            [
              121.515466147,
              25.029084672
            ],
            [
              121.515518304,
              25.02887985
            ],
            [
              121.515564294,
              25.02869924
            ],
            [
              121.515642926,
              25.028390453
            ],
            [
              121.515833381,
              25.027642519
            ],
            [
              121.51592565,
              25.027280166
            ],
            [
              121.515028539,
              25.027507479
            ],
            [
              121.514723953,
              25.027584656
            ],
            [
              121.514668339,
              25.027598747
            ],
            [
              121.513643547,
              25.028142755
            ],
            [
              121.513444864,
              25.028248225
            ],
            [
              121.513132136,
              25.028414232
            ],
            [
              121.512712086,
              25.028637208
            ],
            [
              121.512001654,
              25.029014323
            ],
            [
              121.511980899,
              25.029025941
            ],
            [
              121.511510519,
              25.029289195
            ],
            [
              121.510987935,
              25.029581663
            ],
            [
              121.509255277,
              25.030551336
            ],
            [
              121.513640581,
              25.031678287
            ],
            [
              121.514419493,
              25.031878439
            ],
            [
              121.514930613,
              25.030640971
            ],
            [
              121.514932543,
              25.030636297
            ],
            [
              121.515060193,
              25.030327241
            ],
            [
              121.515062073,
              25.030322688
            ],
            [
              121.515288719,
              25.02977395
            ],
            [
              121.515293687,
              25.029761921
            ]
          ]
        ]
      }
    },
    {
      "type": "Feature",
      "properties": {
        "dataset_slug": "tw.openfun~entity~geo",
        "record_id": "63000050-019"
      },
      "geometry": {
        "type": "Polygon",
        "coordinates": [
          [
            [
              121.521744472,
              25.028039716
            ],
            [
              121.522315356,
              25.027259894
            ],
            [
              121.522462142,
              25.027075288
            ],
            [
              121.522498938,
              25.027029012
            ],
            [
              121.522517225,
              25.027003248
            ],
            [
              121.522446114,
              25.027008035
            ],
            [
              121.52227652,
              25.027022686
            ],
            [
              121.521234828,
              25.026831651
            ],
            [
              121.521111743,
              25.026809078
            ],
            [
              121.521100507,
              25.026807018
            ],
            [
              121.520905978,
              25.026771342
            ],
            [
              121.519797047,
              25.026567965
            ],
            [
              121.519687519,
              25.026547878
            ],
            [
              121.519060107,
              25.026432806
            ],
            [
              121.518972848,
              25.026416801
            ],
            [
              121.517964888,
              25.026702395
            ],
            [
              121.517160141,
              25.026930405
            ],
            [
              121.51592565,
              25.027280166
            ],
            [
              121.515833381,
              25.027642519
            ],
            [
              121.515642926,
              25.028390453
            ],
            [
              121.515564294,
              25.02869924
            ],
            [
              121.515518304,
              25.02887985
            ],
            [
              121.515466147,
              25.029084672
            ],
            [
              121.51546107,
              25.029104605
            ],
            [
              121.515361163,
              25.029496941
            ],
            [
              121.515293687,
              25.029761921
            ],
            [
              121.516408652,
              25.030024497
            ],
            [
              121.516426743,
              25.030028758
            ],
            [
              121.516956501,
              25.03034146
            ],
            [
              121.517447197,
              25.030631102
            ],
            [
              121.51756964,
              25.030703374
            ],
            [
              121.517967249,
              25.030938068
            ],
            [
              121.51831505,
              25.031143358
            ],
            [
              121.518724087,
              25.031384793
            ],
            [
              121.519062682,
              25.031584647
            ],
            [
              121.519384501,
              25.031147919
            ],
            [
              121.519463168,
              25.031041164
            ],
            [
              121.519594798,
              25.030862531
            ],
            [
              121.519640928,
              25.03079993
            ],
            [
              121.51974294,
              25.030661491
            ],
            [
              121.519906181,
              25.030439961
            ],
            [
              121.520032541,
              25.030268479
            ],
            [
              121.52035182,
              25.029835187
            ],
            [
              121.520380071,
              25.029796844
            ],
            [
              121.520974626,
              25.028989968
            ],
            [
              121.521497048,
              25.028280972
            ],
            [
              121.521648237,
              25.028106041
            ],
            [
              121.521744472,
              25.028039716
            ]
          ]
        ]
      }
    },
    {
      "type": "Feature",
      "properties": {
        "dataset_slug": "tw.openfun~entity~geo",
        "record_id": "63000050-020"
      },
      "geometry": {
        "type": "Polygon",
        "coordinates": [
          [
            [
              121.516596261,
              25.034960865
            ],
            [
              121.517998335,
              25.033041631
            ],
            [
              121.518042235,
              25.032981536
            ],
            [
              121.518258601,
              25.032685355
            ],
            [
              121.518632739,
              25.032173201
            ],
            [
              121.518767855,
              25.03198824
            ],
            [
              121.519052888,
              25.031598055
            ],
            [
              121.519062682,
              25.031584647
            ],
            [
              121.518724087,
              25.031384793
            ],
            [
              121.51831505,
              25.031143358
            ],
            [
              121.517967249,
              25.030938068
            ],
            [
              121.51756964,
              25.030703374
            ],
            [
              121.517447197,
              25.030631102
            ],
            [
              121.516956501,
              25.03034146
            ],
            [
              121.516426743,
              25.030028758
            ],
            [
              121.516408652,
              25.030024497
            ],
            [
              121.515293687,
              25.029761921
            ],
            [
              121.515288719,
              25.02977395
            ],
            [
              121.515062073,
              25.030322688
            ],
            [
              121.515060193,
              25.030327241
            ],
            [
              121.514932543,
              25.030636297
            ],
            [
              121.514930613,
              25.030640971
            ],
            [
              121.514419493,
              25.031878439
            ],
            [
              121.512940262,
              25.034382851
            ],
            [
              121.512444116,
              25.035222823
            ],
            [
              121.514977295,
              25.035063019
            ],
            [
              121.516596261,
              25.034960865
            ]
          ]
        ]
      }
    },
    {
      "type": "Feature",
      "properties": {
        "dataset_slug": "tw.openfun~entity~geo",
        "record_id": "63000050-021"
      },
      "geometry": {
        "type": "Polygon",
        "coordinates": [
          [
            [
              121.522560946,
              25.032334424
            ],
            [
              121.522555868,
              25.032317463
            ],
            [
              121.522528935,
              25.03222747
            ],
            [
              121.522527781,
              25.032221869
            ],
            [
              121.522389337,
              25.031549698
            ],
            [
              121.522046852,
              25.029866231
            ],
            [
              121.521981602,
              25.029556069
            ],
            [
              121.521974689,
              25.029523207
            ],
            [
              121.521900346,
              25.029169829
            ],
            [
              121.521862906,
              25.028981666
            ],
            [
              121.521725022,
              25.028288689
            ],
            [
              121.521690499,
              25.028207918
            ],
            [
              121.521697046,
              25.028139451
            ],
            [
              121.521744472,
              25.028039716
            ],
            [
              121.521648237,
              25.028106041
            ],
            [
              121.521497048,
              25.028280972
            ],
            [
              121.520974626,
              25.028989968
            ],
            [
              121.520380071,
              25.029796844
            ],
            [
              121.52035182,
              25.029835187
            ],
            [
              121.520032541,
              25.030268479
            ],
            [
              121.519906181,
              25.030439961
            ],
            [
              121.51974294,
              25.030661491
            ],
            [
              121.519640928,
              25.03079993
            ],
            [
              121.519594798,
              25.030862531
            ],
            [
              121.519463168,
              25.031041164
            ],
            [
              121.519384501,
              25.031147919
            ],
            [
              121.519062682,
              25.031584647
            ],
            [
              121.519052888,
              25.031598055
            ],
            [
              121.518767855,
              25.03198824
            ],
            [
              121.518632739,
              25.032173201
            ],
            [
              121.518258601,
              25.032685355
            ],
            [
              121.518042235,
              25.032981536
            ],
            [
              121.517998335,
              25.033041631
            ],
            [
              121.516596261,
              25.034960865
            ],
            [
              121.518538611,
              25.034104507
            ],
            [
              121.519191642,
              25.033816586
            ],
            [
              121.520454232,
              25.033259898
            ],
            [
              121.521041772,
              25.033000841
            ],
            [
              121.521607202,
              25.032751528
            ],
            [
              121.522515448,
              25.032351053
            ],
            [
              121.522548981,
              25.032336269
            ],
            [
              121.522560946,
              25.032334424
            ]
          ]
        ]
      }
    },
    {
      "type": "Feature",
      "properties": {
        "dataset_slug": "tw.openfun~entity~geo",
        "record_id": "63000050-022"
      },
      "geometry": {
        "type": "Polygon",
        "coordinates": [
          [
            [
              121.517722429,
              25.038973389
            ],
            [
              121.516596261,
              25.034960865
            ],
            [
              121.514977295,
              25.035063019
            ],
            [
              121.512444116,
              25.035222823
            ],
            [
              121.511875818,
              25.035374608
            ],
            [
              121.510796786,
              25.035662793
            ],
            [
              121.51075965,
              25.035672713
            ],
            [
              121.508066379,
              25.036782383
            ],
            [
              121.508048728,
              25.036789651
            ],
            [
              121.50688002,
              25.037270886
            ],
            [
              121.506886425,
              25.037295722
            ],
            [
              121.506884118,
              25.037308618
            ],
            [
              121.506881925,
              25.037320862
            ],
            [
              121.506739674,
              25.037417686
            ],
            [
              121.506735332,
              25.037480527
            ],
            [
              121.506791244,
              25.037647881
            ],
            [
              121.507029208,
              25.038371031
            ],
            [
              121.5072849,
              25.039220823
            ],
            [
              121.507295981,
              25.039257656
            ],
            [
              121.507515608,
              25.039987576
            ],
            [
              121.507661145,
              25.040452441
            ],
            [
              121.508127232,
              25.042024742
            ],
            [
              121.508152762,
              25.04209007
            ],
            [
              121.510537237,
              25.042184001
            ],
            [
              121.511502289,
              25.042222006
            ],
            [
              121.511517636,
              25.04222261
            ],
            [
              121.513188249,
              25.042290782
            ],
            [
              121.513055402,
              25.041027481
            ],
            [
              121.512935005,
              25.039884236
            ],
            [
              121.513803422,
              25.039773559
            ],
            [
              121.513954989,
              25.039754239
            ],
            [
              121.515342842,
              25.039577377
            ],
            [
              121.515568062,
              25.03953674
            ],
            [
              121.51570883,
              25.03951134
            ],
            [
              121.516463256,
              25.039309795
            ],
            [
              121.517722429,
              25.038973389
            ]
          ]
        ]
      }
    },
    {
      "type": "Feature",
      "properties": {
        "dataset_slug": "tw.openfun~entity~geo",
        "record_id": "63000050-023"
      },
      "geometry": {
        "type": "Polygon",
        "coordinates": [
          [
            [
              121.513355114,
              25.049418134
            ],
            [
              121.513302977,
              25.047191301
            ],
            [
              121.513274201,
              25.045962235
            ],
            [
              121.513274073,
              25.045956766
            ],
            [
              121.513255075,
              25.045145329
            ],
            [
              121.513229156,
              25.044038181
            ],
            [
              121.513199709,
              25.042780334
            ],
            [
              121.513188249,
              25.042290782
            ],
            [
              121.511517636,
              25.04222261
            ],
            [
              121.511502289,
              25.042222006
            ],
            [
              121.510537237,
              25.042184001
            ],
            [
              121.508152762,
              25.04209007
            ],
            [
              121.508188781,
              25.042182237
            ],
            [
              121.508235028,
              25.042300579
            ],
            [
              121.508345272,
              25.042700679
            ],
            [
              121.508469833,
              25.043189276
            ],
            [
              121.508484215,
              25.043245688
            ],
            [
              121.508603394,
              25.043713179
            ],
            [
              121.508769204,
              25.044403449
            ],
            [
              121.50878777,
              25.044472954
            ],
            [
              121.508893902,
              25.044822547
            ],
            [
              121.508988424,
              25.045133892
            ],
            [
              121.509013015,
              25.04521489
            ],
            [
              121.509041466,
              25.045308602
            ],
            [
              121.509126082,
              25.04558732
            ],
            [
              121.509246069,
              25.045982544
            ],
            [
              121.509260647,
              25.046030558
            ],
            [
              121.509403588,
              25.046501385
            ],
            [
              121.509559028,
              25.047013374
            ],
            [
              121.509613492,
              25.047192771
            ],
            [
              121.509651144,
              25.04731679
            ],
            [
              121.509785371,
              25.047559248
            ],
            [
              121.509952479,
              25.047700379
            ],
            [
              121.510297668,
              25.047952232
            ],
            [
              121.510437572,
              25.048088562
            ],
            [
              121.510682548,
              25.048327277
            ],
            [
              121.510788316,
              25.04834717
            ],
            [
              121.510970291,
              25.048399901
            ],
            [
              121.511193465,
              25.048489862
            ],
            [
              121.511387325,
              25.048579912
            ],
            [
              121.511510784,
              25.04865953
            ],
            [
              121.511515795,
              25.048665035
            ],
            [
              121.511850072,
              25.049428611
            ],
            [
              121.512043302,
              25.049853807
            ],
            [
              121.513355114,
              25.049418134
            ]
          ]
        ]
      }
    },
    {
      "type": "Feature",
      "properties": {
        "dataset_slug": "tw.openfun~entity~geo",
        "record_id": "63000050-024"
      },
      "geometry": {
        "type": "Polygon",
        "coordinates": [
          [
            [
              121.518657908,
              25.048367073
            ],
            [
              121.518814255,
              25.04839929
            ],
            [
              121.519061797,
              25.048425753
            ],
            [
              121.519119656,
              25.048427646
            ],
            [
              121.519137961,
              25.048416953
            ],
            [
              121.51931082,
              25.048315981
            ],
            [
              121.519534963,
              25.048185052
            ],
            [
              121.519613302,
              25.048173007
            ],
            [
              121.520187058,
              25.048084783
            ],
            [
              121.520477989,
              25.048040049
            ],
            [
              121.52063997,
              25.048034001
            ],
            [
              121.520740968,
              25.048030226
            ],
            [
              121.519662712,
              25.045647799
            ],
            [
              121.519299959,
              25.044474371
            ],
            [
              121.518936068,
              25.043297229
            ],
            [
              121.517798605,
              25.039244793
            ],
            [
              121.517722429,
              25.038973389
            ],
            [
              121.516463256,
              25.039309795
            ],
            [
              121.51570883,
              25.03951134
            ],
            [
              121.515568062,
              25.03953674
            ],
            [
              121.515342842,
              25.039577377
            ],
            [
              121.513954989,
              25.039754239
            ],
            [
              121.513803422,
              25.039773559
            ],
            [
              121.512935005,
              25.039884236
            ],
            [
              121.513055402,
              25.041027481
            ],
            [
              121.513188249,
              25.042290782
            ],
            [
              121.513199709,
              25.042780334
            ],
            [
              121.513229156,
              25.044038181
            ],
            [
              121.513255075,
              25.045145329
            ],
            [
              121.513274073,
              25.045956766
            ],
            [
              121.513274201,
              25.045962235
            ],
            [
              121.513302977,
              25.047191301
            ],
            [
              121.513355114,
              25.049418134
            ],
            [
              121.513421943,
              25.049395939
            ],
            [
              121.513759054,
              25.049292792
            ],
            [
              121.514169124,
              25.049187131
            ],
            [
              121.514601036,
              25.049072677
            ],
            [
              121.51494676,
              25.048991691
            ],
            [
              121.515378198,
              25.048896935
            ],
            [
              121.516796708,
              25.048558928
            ],
            [
              121.517381705,
              25.048430331
            ],
            [
              121.51761586,
              25.04841619
            ],
            [
              121.517730874,
              25.048430881
            ],
            [
              121.517964177,
              25.048395529
            ],
            [
              121.51828594,
              25.048368371
            ],
            [
              121.518657908,
              25.048367073
            ]
          ]
        ]
      }
    },
    {
      "type": "Feature",
      "properties": {
        "dataset_slug": "tw.openfun~entity~geo",
        "record_id": "63000050-025"
      },
      "geometry": {
        "type": "Polygon",
        "coordinates": [
          [
            [
              121.524198807,
              25.047840253
            ],
            [
              121.52422013,
              25.047838805
            ],
            [
              121.52474232,
              25.04775795
            ],
            [
              121.525328254,
              25.047649268
            ],
            [
              121.5257863,
              25.047542192
            ],
            [
              121.526399009,
              25.047363733
            ],
            [
              121.527695812,
              25.046971122
            ],
            [
              121.528909335,
              25.046602306
            ],
            [
              121.52945661,
              25.046435744
            ],
            [
              121.530253729,
              25.046209695
            ],
            [
              121.530775702,
              25.046049374
            ],
            [
              121.532055459,
              25.045690205
            ],
            [
              121.53287726,
              25.045476647
            ],
            [
              121.532931623,
              25.04546252
            ],
            [
              121.532912127,
              25.044118518
            ],
            [
              121.532870604,
              25.042383612
            ],
            [
              121.532869322,
              25.042328536
            ],
            [
              121.532868282,
              25.042283857
            ],
            [
              121.532843182,
              25.042290901
            ],
            [
              121.532140422,
              25.042488141
            ],
            [
              121.530733803,
              25.042882915
            ],
            [
              121.529869127,
              25.043125582
            ],
            [
              121.529842314,
              25.043132519
            ],
            [
              121.528680507,
              25.043433088
            ],
            [
              121.528516488,
              25.043475521
            ],
            [
              121.52824458,
              25.043545864
            ],
            [
              121.526829795,
              25.043911862
            ],
            [
              121.526781872,
              25.043924259
            ],
            [
              121.525457366,
              25.04424495
            ],
            [
              121.525086813,
              25.044334666
            ],
            [
              121.524382234,
              25.044505252
            ],
            [
              121.523330345,
              25.044759919
            ],
            [
              121.523321249,
              25.044762121
            ],
            [
              121.519662712,
              25.045647799
            ],
            [
              121.520740968,
              25.048030226
            ],
            [
              121.521187449,
              25.048013555
            ],
            [
              121.522437941,
              25.047949979
            ],
            [
              121.523674355,
              25.047875863
            ],
            [
              121.524198807,
              25.047840253
            ]
          ]
        ]
      }
    },
    {
      "type": "Feature",
      "properties": {
        "dataset_slug": "tw.openfun~entity~geo",
        "record_id": "63000050-026"
      },
      "geometry": {
        "type": "Polygon",
        "coordinates": [
          [
            [
              121.529869127,
              25.043125582
            ],
            [
              121.52955258,
              25.04206038
            ],
            [
              121.529337673,
              25.041337193
            ],
            [
              121.529186549,
              25.040828637
            ],
            [
              121.528320132,
              25.041033649
            ],
            [
              121.526981769,
              25.041350274
            ],
            [
              121.526758726,
              25.041403039
            ],
            [
              121.526622618,
              25.041435238
            ],
            [
              121.526451661,
              25.041475681
            ],
            [
              121.526145343,
              25.041548145
            ],
            [
              121.526123813,
              25.041553239
            ],
            [
              121.524414406,
              25.041968036
            ],
            [
              121.522645532,
              25.042397237
            ],
            [
              121.522144749,
              25.042518744
            ],
            [
              121.520917564,
              25.042816491
            ],
            [
              121.518936068,
              25.043297229
            ],
            [
              121.519299959,
              25.044474371
            ],
            [
              121.519662712,
              25.045647799
            ],
            [
              121.523321249,
              25.044762121
            ],
            [
              121.523330345,
              25.044759919
            ],
            [
              121.524382234,
              25.044505252
            ],
            [
              121.525086813,
              25.044334666
            ],
            [
              121.525457366,
              25.04424495
            ],
            [
              121.526781872,
              25.043924259
            ],
            [
              121.526829795,
              25.043911862
            ],
            [
              121.52824458,
              25.043545864
            ],
            [
              121.528516488,
              25.043475521
            ],
            [
              121.528680507,
              25.043433088
            ],
            [
              121.529842314,
              25.043132519
            ],
            [
              121.529869127,
              25.043125582
            ]
          ]
        ]
      }
    },
    {
      "type": "Feature",
      "properties": {
        "dataset_slug": "tw.openfun~entity~geo",
        "record_id": "63000050-027"
      },
      "geometry": {
        "type": "Polygon",
        "coordinates": [
          [
            [
              121.532868282,
              25.042283857
            ],
            [
              121.532845405,
              25.041300966
            ],
            [
              121.53280911,
              25.039243349
            ],
            [
              121.532791241,
              25.038365391
            ],
            [
              121.532787444,
              25.038178841
            ],
            [
              121.53278648,
              25.038131502
            ],
            [
              121.532750048,
              25.03813205
            ],
            [
              121.531937088,
              25.038146844
            ],
            [
              121.531630317,
              25.038152426
            ],
            [
              121.53122638,
              25.038159774
            ],
            [
              121.531091794,
              25.038162222
            ],
            [
              121.530635334,
              25.038170523
            ],
            [
              121.529390109,
              25.038193164
            ],
            [
              121.529415386,
              25.038375243
            ],
            [
              121.529445053,
              25.038765058
            ],
            [
              121.529438746,
              25.038928083
            ],
            [
              121.529438212,
              25.038934347
            ],
            [
              121.529408761,
              25.039279752
            ],
            [
              121.529444262,
              25.039285624
            ],
            [
              121.52969242,
              25.03932668
            ],
            [
              121.529781053,
              25.0396302
            ],
            [
              121.529913415,
              25.040083459
            ],
            [
              121.530065356,
              25.040603769
            ],
            [
              121.529186549,
              25.040828637
            ],
            [
              121.529337673,
              25.041337193
            ],
            [
              121.52955258,
              25.04206038
            ],
            [
              121.529869127,
              25.043125582
            ],
            [
              121.530733803,
              25.042882915
            ],
            [
              121.532140422,
              25.042488141
            ],
            [
              121.532843182,
              25.042290901
            ],
            [
              121.532868282,
              25.042283857
            ]
          ]
        ]
      }
    },
    {
      "type": "Feature",
      "properties": {
        "dataset_slug": "tw.openfun~entity~geo",
        "record_id": "63000050-028"
      },
      "geometry": {
        "type": "Polygon",
        "coordinates": [
          [
            [
              121.526123813,
              25.041553239
            ],
            [
              121.525737679,
              25.04018087
            ],
            [
              121.525611455,
              25.039732245
            ],
            [
              121.525556507,
              25.039536946
            ],
            [
              121.525491584,
              25.039306194
            ],
            [
              121.525487138,
              25.039290396
            ],
            [
              121.52540436,
              25.038996186
            ],
            [
              121.525202252,
              25.038277837
            ],
            [
              121.525084312,
              25.037858642
            ],
            [
              121.524978772,
              25.037513388
            ],
            [
              121.524887803,
              25.037215795
            ],
            [
              121.524701427,
              25.036606086
            ],
            [
              121.524570558,
              25.036177959
            ],
            [
              121.524452102,
              25.035790439
            ],
            [
              121.524396682,
              25.035609135
            ],
            [
              121.524289549,
              25.035439439
            ],
            [
              121.524272563,
              25.035412535
            ],
            [
              121.52428696,
              25.035405
            ],
            [
              121.524293193,
              25.035401738
            ],
            [
              121.524271296,
              25.035378659
            ],
            [
              121.524267298,
              25.035374446
            ],
            [
              121.524231526,
              25.035311774
            ],
            [
              121.523420151,
              25.033890262
            ],
            [
              121.522798119,
              25.032836325
            ],
            [
              121.522605211,
              25.032482319
            ],
            [
              121.522560946,
              25.032334424
            ],
            [
              121.522548981,
              25.032336269
            ],
            [
              121.522515448,
              25.032351053
            ],
            [
              121.521607202,
              25.032751528
            ],
            [
              121.521041772,
              25.033000841
            ],
            [
              121.520454232,
              25.033259898
            ],
            [
              121.519191642,
              25.033816586
            ],
            [
              121.518538611,
              25.034104507
            ],
            [
              121.516596261,
              25.034960865
            ],
            [
              121.517722429,
              25.038973389
            ],
            [
              121.517798605,
              25.039244793
            ],
            [
              121.518936068,
              25.043297229
            ],
            [
              121.520917564,
              25.042816491
            ],
            [
              121.522144749,
              25.042518744
            ],
            [
              121.522645532,
              25.042397237
            ],
            [
              121.524414406,
              25.041968036
            ],
            [
              121.526123813,
              25.041553239
            ]
          ]
        ]
      }
    },
    {
      "type": "Feature",
      "properties": {
        "dataset_slug": "tw.openfun~entity~geo",
        "record_id": "63000050-029"
      },
      "geometry": {
        "type": "Polygon",
        "coordinates": [
          [
            [
              121.529186549,
              25.040828637
            ],
            [
              121.530065356,
              25.040603769
            ],
            [
              121.529913415,
              25.040083459
            ],
            [
              121.529781053,
              25.0396302
            ],
            [
              121.52969242,
              25.03932668
            ],
            [
              121.529444262,
              25.039285624
            ],
            [
              121.529408761,
              25.039279752
            ],
            [
              121.529438212,
              25.038934347
            ],
            [
              121.529438746,
              25.038928083
            ],
            [
              121.529445053,
              25.038765058
            ],
            [
              121.529415386,
              25.038375243
            ],
            [
              121.529390109,
              25.038193164
            ],
            [
              121.529319392,
              25.038024023
            ],
            [
              121.529301463,
              25.037921816
            ],
            [
              121.529287052,
              25.037883934
            ],
            [
              121.529088266,
              25.037361356
            ],
            [
              121.52902165,
              25.037186232
            ],
            [
              121.528926301,
              25.036935572
            ],
            [
              121.527996469,
              25.037158982
            ],
            [
              121.527221093,
              25.037345277
            ],
            [
              121.526408269,
              25.037540563
            ],
            [
              121.525084312,
              25.037858642
            ],
            [
              121.525202252,
              25.038277837
            ],
            [
              121.52540436,
              25.038996186
            ],
            [
              121.525487138,
              25.039290396
            ],
            [
              121.525491584,
              25.039306194
            ],
            [
              121.525556507,
              25.039536946
            ],
            [
              121.525611455,
              25.039732245
            ],
            [
              121.525737679,
              25.04018087
            ],
            [
              121.526123813,
              25.041553239
            ],
            [
              121.526145343,
              25.041548145
            ],
            [
              121.526451661,
              25.041475681
            ],
            [
              121.526622618,
              25.041435238
            ],
            [
              121.526758726,
              25.041403039
            ],
            [
              121.526981769,
              25.041350274
            ],
            [
              121.528320132,
              25.041033649
            ],
            [
              121.529186549,
              25.040828637
            ]
          ]
        ]
      }
    },
    {
      "type": "Feature",
      "properties": {
        "dataset_slug": "tw.openfun~entity~geo",
        "record_id": "63000050-030"
      },
      "geometry": {
        "type": "Polygon",
        "coordinates": [
          [
            [
              121.528926301,
              25.036935572
            ],
            [
              121.528825494,
              25.036773515
            ],
            [
              121.528816049,
              25.036758333
            ],
            [
              121.528722575,
              25.036608064
            ],
            [
              121.52868348,
              25.036589009
            ],
            [
              121.528616935,
              25.036474274
            ],
            [
              121.528426473,
              25.036145878
            ],
            [
              121.528266811,
              25.036006655
            ],
            [
              121.528238112,
              25.035902555
            ],
            [
              121.528199932,
              25.035764062
            ],
            [
              121.52813962,
              25.035545293
            ],
            [
              121.528079737,
              25.035328077
            ],
            [
              121.528042042,
              25.035191342
            ],
            [
              121.527962518,
              25.034902882
            ],
            [
              121.527734185,
              25.034074629
            ],
            [
              121.527724569,
              25.034076041
            ],
            [
              121.527362377,
              25.034129219
            ],
            [
              121.527266811,
              25.034140446
            ],
            [
              121.527263588,
              25.034140824
            ],
            [
              121.527198396,
              25.034148481
            ],
            [
              121.526502578,
              25.034486963
            ],
            [
              121.526059177,
              25.034706328
            ],
            [
              121.524943551,
              25.035253836
            ],
            [
              121.524677532,
              25.035391669
            ],
            [
              121.524561536,
              25.03544186
            ],
            [
              121.524452186,
              25.035448464
            ],
            [
              121.524390144,
              25.035435254
            ],
            [
              121.524308499,
              25.03541787
            ],
            [
              121.524293385,
              25.035401941
            ],
            [
              121.524293193,
              25.035401738
            ],
            [
              121.52428696,
              25.035405
            ],
            [
              121.524272563,
              25.035412535
            ],
            [
              121.524289549,
              25.035439439
            ],
            [
              121.524396682,
              25.035609135
            ],
            [
              121.524452102,
              25.035790439
            ],
            [
              121.524570558,
              25.036177959
            ],
            [
              121.524701427,
              25.036606086
            ],
            [
              121.524887803,
              25.037215795
            ],
            [
              121.524978772,
              25.037513388
            ],
            [
              121.525084312,
              25.037858642
            ],
            [
              121.526408269,
              25.037540563
            ],
            [
              121.527221093,
              25.037345277
            ],
            [
              121.527996469,
              25.037158982
            ],
            [
              121.528926301,
              25.036935572
            ]
          ]
        ]
      }
    },
    {
      "type": "Feature",
      "properties": {
        "dataset_slug": "tw.openfun~entity~geo",
        "record_id": "63000050-031"
      },
      "geometry": {
        "type": "Polygon",
        "coordinates": [
          [
            [
              121.53278648,
              25.038131502
            ],
            [
              121.532774443,
              25.037540127
            ],
            [
              121.532714693,
              25.034792198
            ],
            [
              121.532696343,
              25.033698666
            ],
            [
              121.532685251,
              25.033654059
            ],
            [
              121.532682429,
              25.033642716
            ],
            [
              121.532463683,
              25.033643497
            ],
            [
              121.53037905,
              25.033719413
            ],
            [
              121.530019957,
              25.033761975
            ],
            [
              121.529961928,
              25.033768853
            ],
            [
              121.529675309,
              25.033802825
            ],
            [
              121.527970396,
              25.034039947
            ],
            [
              121.527734185,
              25.034074629
            ],
            [
              121.527962518,
              25.034902882
            ],
            [
              121.528042042,
              25.035191342
            ],
            [
              121.528079737,
              25.035328077
            ],
            [
              121.52813962,
              25.035545293
            ],
            [
              121.528199932,
              25.035764062
            ],
            [
              121.528238112,
              25.035902555
            ],
            [
              121.528266811,
              25.036006655
            ],
            [
              121.528426473,
              25.036145878
            ],
            [
              121.528616935,
              25.036474274
            ],
            [
              121.52868348,
              25.036589009
            ],
            [
              121.528722575,
              25.036608064
            ],
            [
              121.528816049,
              25.036758333
            ],
            [
              121.528825494,
              25.036773515
            ],
            [
              121.528926301,
              25.036935572
            ],
            [
              121.52902165,
              25.037186232
            ],
            [
              121.529088266,
              25.037361356
            ],
            [
              121.529287052,
              25.037883934
            ],
            [
              121.529301463,
              25.037921816
            ],
            [
              121.529319392,
              25.038024023
            ],
            [
              121.529390109,
              25.038193164
            ],
            [
              121.530635334,
              25.038170523
            ],
            [
              121.531091794,
              25.038162222
            ],
            [
              121.53122638,
              25.038159774
            ],
            [
              121.531630317,
              25.038152426
            ],
            [
              121.531937088,
              25.038146844
            ],
            [
              121.532750048,
              25.03813205
            ],
            [
              121.53278648,
              25.038131502
            ]
          ]
        ]
      }
    }
  ]
}
