source_year,district,li_name_source,li_name_2022,mapping_type,confidence,source_evidence,notes
1994,士林區,三玉里,三玉里,exact-village-id,verified,tw.gov.cec~txn~candidates-votes → tw.openfun~entity~geo,target_village_id=63000110-033
1994,士林區,仁勇里,仁勇里,exact-village-id,verified,tw.gov.cec~txn~candidates-votes → tw.openfun~entity~geo,target_village_id=63000110-001
1994,士林區,公館里,公館里,exact-village-id,verified,tw.gov.cec~txn~candidates-votes → tw.openfun~entity~geo,target_village_id=63000110-044
1994,士林區,天山里,天山里,exact-village-id,verified,tw.gov.cec~txn~candidates-votes → tw.openfun~entity~geo,target_village_id=63000110-040
1994,士林區,天母里,天母里,exact-village-id,verified,tw.gov.cec~txn~candidates-votes → tw.openfun~entity~geo,target_village_id=63000110-042
1994,士林區,天玉里,天玉里,exact-village-id,verified,tw.gov.cec~txn~candidates-votes → tw.openfun~entity~geo,target_village_id=63000110-041
1994,士林區,天和里,天和里,exact-village-id,verified,tw.gov.cec~txn~candidates-votes → tw.openfun~entity~geo,target_village_id=63000110-039
1994,士林區,天祿里,天祿里,exact-village-id,verified,tw.gov.cec~txn~candidates-votes → tw.openfun~entity~geo,target_village_id=63000110-037
1994,士林區,天壽里,天壽里,exact-village-id,verified,tw.gov.cec~txn~candidates-votes → tw.openfun~entity~geo,target_village_id=63000110-038
1994,士林區,天福里,天福里,exact-village-id,verified,tw.gov.cec~txn~candidates-votes → tw.openfun~entity~geo,target_village_id=63000110-036
1994,士林區,平等里,平等里,exact-village-id,verified,tw.gov.cec~txn~candidates-votes → tw.openfun~entity~geo,target_village_id=63000110-048
1994,士林區,永倫里,永倫里,exact-village-id,verified,tw.gov.cec~txn~candidates-votes → tw.openfun~entity~geo,target_village_id=63000110-022
1994,士林區,永福里,永福里,exact-village-id,verified,tw.gov.cec~txn~candidates-votes → tw.openfun~entity~geo,target_village_id=63000110-043
1994,士林區,名山里,名山里,exact-village-id,verified,tw.gov.cec~txn~candidates-votes → tw.openfun~entity~geo,target_village_id=63000110-026
1994,士林區,百齡里,百齡里,exact-village-id,verified,tw.gov.cec~txn~candidates-votes → tw.openfun~entity~geo,target_village_id=63000110-011
1994,士林區,岩山里,岩山里,exact-village-id,verified,tw.gov.cec~txn~candidates-votes → tw.openfun~entity~geo,target_village_id=63000110-025
1994,士林區,忠誠里,忠誠里,exact-village-id,verified,tw.gov.cec~txn~candidates-votes → tw.openfun~entity~geo,target_village_id=63000110-030
1994,士林區,承德里,承德里,exact-village-id,verified,tw.gov.cec~txn~candidates-votes → tw.openfun~entity~geo,target_village_id=63000110-012
1994,士林區,明勝里,明勝里,exact-village-id,verified,tw.gov.cec~txn~candidates-votes → tw.openfun~entity~geo,target_village_id=63000110-014
1994,士林區,東山里,東山里,exact-village-id,verified,tw.gov.cec~txn~candidates-votes → tw.openfun~entity~geo,target_village_id=63000110-032
1994,士林區,社子里,社子里,exact-village-id,verified,tw.gov.cec~txn~candidates-votes → tw.openfun~entity~geo,target_village_id=63000110-019
1994,士林區,社園里,社園里,exact-village-id,verified,tw.gov.cec~txn~candidates-votes → tw.openfun~entity~geo,target_village_id=63000110-021
1994,士林區,社新里,社新里,exact-village-id,verified,tw.gov.cec~txn~candidates-votes → tw.openfun~entity~geo,target_village_id=63000110-020
1994,士林區,芝山里,芝山里,exact-village-id,verified,tw.gov.cec~txn~candidates-votes → tw.openfun~entity~geo,target_village_id=63000110-031
1994,士林區,前港里,前港里,exact-village-id,verified,tw.gov.cec~txn~candidates-votes → tw.openfun~entity~geo,target_village_id=63000110-010
1994,士林區,後港里,後港里,exact-village-id,verified,tw.gov.cec~txn~candidates-votes → tw.openfun~entity~geo,target_village_id=63000110-008
1994,士林區,富光里,富光里,exact-village-id,verified,tw.gov.cec~txn~candidates-votes → tw.openfun~entity~geo,target_village_id=63000110-016
1994,士林區,富洲里,富洲里,exact-village-id,verified,tw.gov.cec~txn~candidates-votes → tw.openfun~entity~geo,target_village_id=63000110-024
1994,士林區,菁山里,菁山里,exact-village-id,verified,tw.gov.cec~txn~candidates-votes → tw.openfun~entity~geo,target_village_id=63000110-047
1994,士林區,陽明里,陽明里,exact-village-id,verified,tw.gov.cec~txn~candidates-votes → tw.openfun~entity~geo,target_village_id=63000110-046
1994,士林區,新安里,新安里,exact-village-id,verified,tw.gov.cec~txn~candidates-votes → tw.openfun~entity~geo,target_village_id=63000110-045
1994,士林區,溪山里,溪山里,exact-village-id,verified,tw.gov.cec~txn~candidates-votes → tw.openfun~entity~geo,target_village_id=63000110-049
1994,士林區,義信里,義信里,exact-village-id,verified,tw.gov.cec~txn~candidates-votes → tw.openfun~entity~geo,target_village_id=63000110-002
1994,士林區,聖山里,聖山里,exact-village-id,verified,tw.gov.cec~txn~candidates-votes → tw.openfun~entity~geo,target_village_id=63000110-029
1994,士林區,葫東里,葫東里,exact-village-id,verified,tw.gov.cec~txn~candidates-votes → tw.openfun~entity~geo,target_village_id=63000110-018
1994,士林區,葫蘆里,葫蘆里,exact-village-id,verified,tw.gov.cec~txn~candidates-votes → tw.openfun~entity~geo,target_village_id=63000110-017
1994,士林區,福中里,福中里,exact-village-id,verified,tw.gov.cec~txn~candidates-votes → tw.openfun~entity~geo,target_village_id=63000110-009
1994,士林區,福安里,福安里,exact-village-id,verified,tw.gov.cec~txn~candidates-votes → tw.openfun~entity~geo,target_village_id=63000110-023
1994,士林區,福志里,福志里,exact-village-id,verified,tw.gov.cec~txn~candidates-votes → tw.openfun~entity~geo,target_village_id=63000110-005
1994,士林區,福佳里,福佳里,exact-village-id,verified,tw.gov.cec~txn~candidates-votes → tw.openfun~entity~geo,target_village_id=63000110-007
1994,士林區,福林里,福林里,exact-village-id,verified,tw.gov.cec~txn~candidates-votes → tw.openfun~entity~geo,target_village_id=63000110-003
1994,士林區,福華里,福華里,exact-village-id,verified,tw.gov.cec~txn~candidates-votes → tw.openfun~entity~geo,target_village_id=63000110-013
1994,士林區,福順里,福順里,exact-village-id,verified,tw.gov.cec~txn~candidates-votes → tw.openfun~entity~geo,target_village_id=63000110-015
1994,士林區,福德里,福德里,exact-village-id,verified,tw.gov.cec~txn~candidates-votes → tw.openfun~entity~geo,target_village_id=63000110-004
1994,士林區,翠山里,翠山里,exact-village-id,verified,tw.gov.cec~txn~candidates-votes → tw.openfun~entity~geo,target_village_id=63000110-050
1994,士林區,德行里,德行里,exact-village-id,verified,tw.gov.cec~txn~candidates-votes → tw.openfun~entity~geo,target_village_id=63000110-027
1994,士林區,德華里,德華里,exact-village-id,verified,tw.gov.cec~txn~candidates-votes → tw.openfun~entity~geo,target_village_id=63000110-028
1994,士林區,舊佳里,舊佳里,exact-village-id,verified,tw.gov.cec~txn~candidates-votes → tw.openfun~entity~geo,target_village_id=63000110-006
1994,士林區,蘭雅里,蘭雅里,exact-village-id,verified,tw.gov.cec~txn~candidates-votes → tw.openfun~entity~geo,target_village_id=63000110-034
1994,士林區,蘭興里,蘭興里,exact-village-id,verified,tw.gov.cec~txn~candidates-votes → tw.openfun~entity~geo,target_village_id=63000110-035
1994,大同區,大有里,大有里,exact-village-id,verified,tw.gov.cec~txn~candidates-votes → tw.openfun~entity~geo,target_village_id=63000060-009
1994,大同區,民權里,民權里,exact-village-id,verified,tw.gov.cec~txn~candidates-votes → tw.openfun~entity~geo,target_village_id=63000060-013
1994,大同區,永樂里,永樂里,exact-village-id,verified,tw.gov.cec~txn~candidates-votes → tw.openfun~entity~geo,target_village_id=63000060-005
1994,大同區,玉泉里,玉泉里,exact-village-id,verified,tw.gov.cec~txn~candidates-votes → tw.openfun~entity~geo,target_village_id=63000060-001
1994,大同區,光能里,光能里,exact-village-id,verified,tw.gov.cec~txn~candidates-votes → tw.openfun~entity~geo,target_village_id=63000060-008
1994,大同區,老師里,老師里,exact-village-id,verified,tw.gov.cec~txn~candidates-votes → tw.openfun~entity~geo,target_village_id=63000060-024
1994,大同區,至聖里,至聖里,exact-village-id,verified,tw.gov.cec~txn~candidates-votes → tw.openfun~entity~geo,target_village_id=63000060-022
1994,大同區,延平里,延平里,exact-village-id,verified,tw.gov.cec~txn~candidates-votes → tw.openfun~entity~geo,target_village_id=63000060-010
1994,大同區,保安里,保安里,exact-village-id,verified,tw.gov.cec~txn~candidates-votes → tw.openfun~entity~geo,target_village_id=63000060-026
1994,大同區,南芳里,南芳里,exact-village-id,verified,tw.gov.cec~txn~candidates-votes → tw.openfun~entity~geo,target_village_id=63000060-012
1994,大同區,建功里,建功里,exact-village-id,verified,tw.gov.cec~txn~candidates-votes → tw.openfun~entity~geo,target_village_id=63000060-003
1994,大同區,建明里,建明里,exact-village-id,verified,tw.gov.cec~txn~candidates-votes → tw.openfun~entity~geo,target_village_id=63000060-002
1994,大同區,建泰里,建泰里,exact-village-id,verified,tw.gov.cec~txn~candidates-votes → tw.openfun~entity~geo,target_village_id=63000060-004
1994,大同區,星明里,星明里,exact-village-id,verified,tw.gov.cec~txn~candidates-votes → tw.openfun~entity~geo,target_village_id=63000060-007
1994,大同區,重慶里,重慶里,exact-village-id,verified,tw.gov.cec~txn~candidates-votes → tw.openfun~entity~geo,target_village_id=63000060-025
1994,大同區,國順里,國順里,exact-village-id,verified,tw.gov.cec~txn~candidates-votes → tw.openfun~entity~geo,target_village_id=63000060-017
1994,大同區,國慶里,國慶里,exact-village-id,verified,tw.gov.cec~txn~candidates-votes → tw.openfun~entity~geo,target_village_id=63000060-018
1994,大同區,揚雅里,揚雅里,exact-village-id,verified,tw.gov.cec~txn~candidates-votes → tw.openfun~entity~geo,target_village_id=63000060-019
1994,大同區,斯文里,斯文里,exact-village-id,verified,tw.gov.cec~txn~candidates-votes → tw.openfun~entity~geo,target_village_id=63000060-020
1994,大同區,景星里,景星里,exact-village-id,verified,tw.gov.cec~txn~candidates-votes → tw.openfun~entity~geo,target_village_id=63000060-014
1994,大同區,朝陽里,朝陽里,exact-village-id,verified,tw.gov.cec~txn~candidates-votes → tw.openfun~entity~geo,target_village_id=63000060-006
1994,大同區,隆和里,隆和里,exact-village-id,verified,tw.gov.cec~txn~candidates-votes → tw.openfun~entity~geo,target_village_id=63000060-015
1994,大同區,蓬萊里,蓬萊里,exact-village-id,verified,tw.gov.cec~txn~candidates-votes → tw.openfun~entity~geo,target_village_id=63000060-016
1994,大同區,鄰江里,鄰江里,exact-village-id,verified,tw.gov.cec~txn~candidates-votes → tw.openfun~entity~geo,target_village_id=63000060-021
1994,大同區,雙連里,雙連里,exact-village-id,verified,tw.gov.cec~txn~candidates-votes → tw.openfun~entity~geo,target_village_id=63000060-011
1994,大安區,大學里,大學里,exact-village-id,verified,tw.gov.cec~txn~candidates-votes → tw.openfun~entity~geo,target_village_id=63000030-043
1994,大安區,仁愛里,仁愛里,exact-village-id,verified,tw.gov.cec~txn~candidates-votes → tw.openfun~entity~geo,target_village_id=63000030-005
1994,大安區,仁慈里,仁慈里,exact-village-id,verified,tw.gov.cec~txn~candidates-votes → tw.openfun~entity~geo,target_village_id=63000030-002
1994,大安區,古風里,古風里,exact-village-id,verified,tw.gov.cec~txn~candidates-votes → tw.openfun~entity~geo,target_village_id=63000030-013
1994,大安區,古莊里,古莊里,exact-village-id,verified,tw.gov.cec~txn~candidates-votes → tw.openfun~entity~geo,target_village_id=63000030-014
1994,大安區,正聲里,正聲里,exact-village-id,verified,tw.gov.cec~txn~candidates-votes → tw.openfun~entity~geo,target_village_id=63000030-052
1994,大安區,民炤里,民炤里,exact-village-id,verified,tw.gov.cec~txn~candidates-votes → tw.openfun~entity~geo,target_village_id=63000030-004
1994,大安區,民輝里,民輝里,exact-village-id,verified,tw.gov.cec~txn~candidates-votes → tw.openfun~entity~geo,target_village_id=63000030-007
1994,大安區,永康里,永康里,exact-village-id,verified,tw.gov.cec~txn~candidates-votes → tw.openfun~entity~geo,target_village_id=63000030-018
1994,大安區,光明里,光明里,exact-village-id,verified,tw.gov.cec~txn~candidates-votes → tw.openfun~entity~geo,target_village_id=63000030-019
1994,大安區,光武里,光武里,exact-village-id,verified,tw.gov.cec~txn~candidates-votes → tw.openfun~entity~geo,target_village_id=63000030-010
1994,大安區,光信里,光信里,exact-village-id,verified,tw.gov.cec~txn~candidates-votes → tw.openfun~entity~geo,target_village_id=63000030-056
1994,大安區,全安里,全安里,exact-village-id,verified,tw.gov.cec~txn~candidates-votes → tw.openfun~entity~geo,target_village_id=63000030-035
1994,大安區,住安里,住安里,exact-village-id,verified,tw.gov.cec~txn~candidates-votes → tw.openfun~entity~geo,target_village_id=63000030-029
1994,大安區,車層里,車層里,exact-village-id,verified,tw.gov.cec~txn~candidates-votes → tw.openfun~entity~geo,target_village_id=63000030-055
1994,大安區,和安里,和安里,exact-village-id,verified,tw.gov.cec~txn~candidates-votes → tw.openfun~entity~geo,target_village_id=63000030-003
1994,大安區,昌隆里,昌隆里,exact-village-id,verified,tw.gov.cec~txn~candidates-votes → tw.openfun~entity~geo,target_village_id=63000030-008
1994,大安區,法治里,法治里,exact-village-id,verified,tw.gov.cec~txn~candidates-votes → tw.openfun~entity~geo,target_village_id=63000030-034
1994,大安區,臥龍里,臥龍里,exact-village-id,verified,tw.gov.cec~txn~candidates-votes → tw.openfun~entity~geo,target_village_id=63000030-039
1994,大安區,芳和里,芳和里,exact-village-id,verified,tw.gov.cec~txn~candidates-votes → tw.openfun~entity~geo,target_village_id=63000030-044
1994,大安區,虎嘯里,虎嘯里,exact-village-id,verified,tw.gov.cec~txn~candidates-votes → tw.openfun~entity~geo,target_village_id=63000030-038
1994,大安區,建安里,建安里,exact-village-id,verified,tw.gov.cec~txn~candidates-votes → tw.openfun~entity~geo,target_village_id=63000030-049
1994,大安區,建倫里,建倫里,exact-village-id,verified,tw.gov.cec~txn~candidates-votes → tw.openfun~entity~geo,target_village_id=63000030-050
1994,大安區,通化里,通化里,exact-village-id,verified,tw.gov.cec~txn~candidates-votes → tw.openfun~entity~geo,target_village_id=63000030-031
1994,大安區,通安里,通安里,exact-village-id,verified,tw.gov.cec~txn~candidates-votes → tw.openfun~entity~geo,target_village_id=63000030-032
1994,大安區,敦安里,敦安里,exact-village-id,verified,tw.gov.cec~txn~candidates-votes → tw.openfun~entity~geo,target_village_id=63000030-051
1994,大安區,敦煌里,敦煌里,exact-village-id,verified,tw.gov.cec~txn~candidates-votes → tw.openfun~entity~geo,target_village_id=63000030-053
1994,大安區,華聲里,華聲里,exact-village-id,verified,tw.gov.cec~txn~candidates-votes → tw.openfun~entity~geo,target_village_id=63000030-054
1994,大安區,新龍里,新龍里,exact-village-id,verified,tw.gov.cec~txn~candidates-votes → tw.openfun~entity~geo,target_village_id=63000030-023
1994,大安區,群英里,群英里,exact-village-id,verified,tw.gov.cec~txn~candidates-votes → tw.openfun~entity~geo,target_village_id=63000030-037
1994,大安區,群賢里,群賢里,exact-village-id,verified,tw.gov.cec~txn~candidates-votes → tw.openfun~entity~geo,target_village_id=63000030-036
1994,大安區,義安里,義安里,exact-village-id,verified,tw.gov.cec~txn~candidates-votes → tw.openfun~entity~geo,target_village_id=63000030-030
1994,大安區,義村里,義村里,exact-village-id,verified,tw.gov.cec~txn~candidates-votes → tw.openfun~entity~geo,target_village_id=63000030-006
1994,大安區,誠安里,誠安里,exact-village-id,verified,tw.gov.cec~txn~candidates-votes → tw.openfun~entity~geo,target_village_id=63000030-009
1994,大安區,福住里,福住里,exact-village-id,verified,tw.gov.cec~txn~candidates-votes → tw.openfun~entity~geo,target_village_id=63000030-017
1994,大安區,德安里,德安里,exact-village-id,verified,tw.gov.cec~txn~candidates-votes → tw.openfun~entity~geo,target_village_id=63000030-001
1994,大安區,黎元里,黎元里,exact-village-id,verified,tw.gov.cec~txn~candidates-votes → tw.openfun~entity~geo,target_village_id=63000030-046
1994,大安區,黎孝里,黎孝里,exact-village-id,verified,tw.gov.cec~txn~candidates-votes → tw.openfun~entity~geo,target_village_id=63000030-047
1994,大安區,黎和里,黎和里,exact-village-id,verified,tw.gov.cec~txn~candidates-votes → tw.openfun~entity~geo,target_village_id=63000030-048
1994,大安區,錦安里,錦安里,exact-village-id,verified,tw.gov.cec~txn~candidates-votes → tw.openfun~entity~geo,target_village_id=63000030-016
1994,大安區,錦泰里,錦泰里,exact-village-id,verified,tw.gov.cec~txn~candidates-votes → tw.openfun~entity~geo,target_village_id=63000030-020
1994,大安區,錦華里,錦華里,exact-village-id,verified,tw.gov.cec~txn~candidates-votes → tw.openfun~entity~geo,target_village_id=63000030-021
1994,大安區,龍生里,龍生里,exact-village-id,verified,tw.gov.cec~txn~candidates-votes → tw.openfun~entity~geo,target_village_id=63000030-028
1994,大安區,龍安里,龍安里,exact-village-id,verified,tw.gov.cec~txn~candidates-votes → tw.openfun~entity~geo,target_village_id=63000030-015
1994,大安區,龍坡里,龍坡里,exact-village-id,verified,tw.gov.cec~txn~candidates-votes → tw.openfun~entity~geo,target_village_id=63000030-011
1994,大安區,龍門里,龍門里,exact-village-id,verified,tw.gov.cec~txn~candidates-votes → tw.openfun~entity~geo,target_village_id=63000030-041
1994,大安區,龍泉里,龍泉里,exact-village-id,verified,tw.gov.cec~txn~candidates-votes → tw.openfun~entity~geo,target_village_id=63000030-012
1994,大安區,龍陣里,龍陣里,exact-village-id,verified,tw.gov.cec~txn~candidates-votes → tw.openfun~entity~geo,target_village_id=63000030-026
1994,大安區,龍淵里,龍淵里,exact-village-id,verified,tw.gov.cec~txn~candidates-votes → tw.openfun~entity~geo,target_village_id=63000030-040
1994,大安區,龍雲里,龍雲里,exact-village-id,verified,tw.gov.cec~txn~candidates-votes → tw.openfun~entity~geo,target_village_id=63000030-027
1994,大安區,龍圖里,龍圖里,exact-village-id,verified,tw.gov.cec~txn~candidates-votes → tw.openfun~entity~geo,target_village_id=63000030-022
1994,大安區,臨江里,臨江里,exact-village-id,verified,tw.gov.cec~txn~candidates-votes → tw.openfun~entity~geo,target_village_id=63000030-033
1994,中山區,力行里,力行里,exact-village-id,verified,tw.gov.cec~txn~candidates-votes → tw.openfun~entity~geo,target_village_id=63000040-039
1994,中山區,下埤里,下埤里,exact-village-id,verified,tw.gov.cec~txn~candidates-votes → tw.openfun~entity~geo,target_village_id=63000040-027
1994,中山區,大佳里,大佳里,exact-village-id,verified,tw.gov.cec~txn~candidates-votes → tw.openfun~entity~geo,target_village_id=63000040-017
1994,中山區,大直里,大直里,exact-village-id,verified,tw.gov.cec~txn~candidates-votes → tw.openfun~entity~geo,target_village_id=63000040-014
1994,中山區,中山里,中山里,exact-village-id,verified,tw.gov.cec~txn~candidates-votes → tw.openfun~entity~geo,target_village_id=63000040-006
1994,中山區,中央里,中央里,exact-village-id,verified,tw.gov.cec~txn~candidates-votes → tw.openfun~entity~geo,target_village_id=63000040-033
1994,中山區,中吉里,中吉里,exact-village-id,verified,tw.gov.cec~txn~candidates-votes → tw.openfun~entity~geo,target_village_id=63000040-030
1994,中山區,中庄里,中庄里,exact-village-id,verified,tw.gov.cec~txn~candidates-votes → tw.openfun~entity~geo,target_village_id=63000040-023
1994,中山區,中原里,中原里,exact-village-id,verified,tw.gov.cec~txn~candidates-votes → tw.openfun~entity~geo,target_village_id=63000040-031
1994,中山區,正守里,正守里,exact-village-id,verified,tw.gov.cec~txn~candidates-votes → tw.openfun~entity~geo,target_village_id=63000040-001
1994,中山區,正得里,正得里,exact-village-id,verified,tw.gov.cec~txn~candidates-votes → tw.openfun~entity~geo,target_village_id=63000040-003
1994,中山區,正義里,正義里,exact-village-id,verified,tw.gov.cec~txn~candidates-votes → tw.openfun~entity~geo,target_village_id=63000040-002
1994,中山區,民安里,民安里,exact-village-id,verified,tw.gov.cec~txn~candidates-votes → tw.openfun~entity~geo,target_village_id=63000040-004
1994,中山區,永安里,永安里,exact-village-id,verified,tw.gov.cec~txn~candidates-votes → tw.openfun~entity~geo,target_village_id=63000040-016
1994,中山區,成功里,成功里,exact-village-id,verified,tw.gov.cec~txn~candidates-votes → tw.openfun~entity~geo,target_village_id=63000040-015
1994,中山區,朱崙里,朱崙里,exact-village-id,verified,tw.gov.cec~txn~candidates-votes → tw.openfun~entity~geo,target_village_id=63000040-038
1994,中山區,朱園里,朱園里,exact-village-id,verified,tw.gov.cec~txn~candidates-votes → tw.openfun~entity~geo,target_village_id=63000040-036
1994,中山區,朱馥里,朱馥里,exact-village-id,verified,tw.gov.cec~txn~candidates-votes → tw.openfun~entity~geo,target_village_id=63000040-034
1994,中山區,江山里,江山里,exact-village-id,verified,tw.gov.cec~txn~candidates-votes → tw.openfun~entity~geo,target_village_id=63000040-029
1994,中山區,江寧里,江寧里,exact-village-id,verified,tw.gov.cec~txn~candidates-votes → tw.openfun~entity~geo,target_village_id=63000040-028
1994,中山區,行仁里,行仁里,exact-village-id,verified,tw.gov.cec~txn~candidates-votes → tw.openfun~entity~geo,target_village_id=63000040-025
1994,中山區,行孝里,行孝里,exact-village-id,verified,tw.gov.cec~txn~candidates-votes → tw.openfun~entity~geo,target_village_id=63000040-026
1994,中山區,行政里,行政里,exact-village-id,verified,tw.gov.cec~txn~candidates-votes → tw.openfun~entity~geo,target_village_id=63000040-024
1994,中山區,松江里,松江里,exact-village-id,verified,tw.gov.cec~txn~candidates-votes → tw.openfun~entity~geo,target_village_id=63000040-021
1994,中山區,恆安里,恆安里,exact-village-id,verified,tw.gov.cec~txn~candidates-votes → tw.openfun~entity~geo,target_village_id=63000040-010
1994,中山區,埤頭里,埤頭里,exact-village-id,verified,tw.gov.cec~txn~candidates-votes → tw.openfun~entity~geo,target_village_id=63000040-037
1994,中山區,康樂里,康樂里,exact-village-id,verified,tw.gov.cec~txn~candidates-votes → tw.openfun~entity~geo,target_village_id=63000040-005
1994,中山區,復華里,復華里,exact-village-id,verified,tw.gov.cec~txn~candidates-votes → tw.openfun~entity~geo,target_village_id=63000040-040
1994,中山區,晴光里,晴光里,exact-village-id,verified,tw.gov.cec~txn~candidates-votes → tw.openfun~entity~geo,target_village_id=63000040-011
1994,中山區,集英里,集英里,exact-village-id,verified,tw.gov.cec~txn~candidates-votes → tw.openfun~entity~geo,target_village_id=63000040-008
1994,中山區,圓山里,圓山里,exact-village-id,verified,tw.gov.cec~txn~candidates-votes → tw.openfun~entity~geo,target_village_id=63000040-012
1994,中山區,新生里,新生里,exact-village-id,verified,tw.gov.cec~txn~candidates-votes → tw.openfun~entity~geo,target_village_id=63000040-022
1994,中山區,新庄里,新庄里,exact-village-id,verified,tw.gov.cec~txn~candidates-votes → tw.openfun~entity~geo,target_village_id=63000040-019
1994,中山區,新喜里,新喜里,exact-village-id,verified,tw.gov.cec~txn~candidates-votes → tw.openfun~entity~geo,target_village_id=63000040-018
1994,中山區,新福里,新福里,exact-village-id,verified,tw.gov.cec~txn~candidates-votes → tw.openfun~entity~geo,target_village_id=63000040-020
1994,中山區,聚盛里,聚盛里,exact-village-id,verified,tw.gov.cec~txn~candidates-votes → tw.openfun~entity~geo,target_village_id=63000040-007
1994,中山區,聚葉里,聚葉里,exact-village-id,verified,tw.gov.cec~txn~candidates-votes → tw.openfun~entity~geo,target_village_id=63000040-009
1994,中山區,劍潭里,劍潭里,exact-village-id,verified,tw.gov.cec~txn~candidates-votes → tw.openfun~entity~geo,target_village_id=63000040-013
1994,中山區,興亞里,興亞里,exact-village-id,verified,tw.gov.cec~txn~candidates-votes → tw.openfun~entity~geo,target_village_id=63000040-032
1994,中山區,龍洲里,龍洲里,exact-village-id,verified,tw.gov.cec~txn~candidates-votes → tw.openfun~entity~geo,target_village_id=63000040-035
1994,中正區,三愛里,三愛里,exact-village-id,verified,tw.gov.cec~txn~candidates-votes → tw.openfun~entity~geo,target_village_id=63000050-031
1994,中正區,文北里,文北里,exact-village-id,verified,tw.gov.cec~txn~candidates-votes → tw.openfun~entity~geo,target_village_id=63000050-029
1994,中正區,文盛里,文盛里,exact-village-id,verified,tw.gov.cec~txn~candidates-votes → tw.openfun~entity~geo,target_village_id=63000050-003
1994,中正區,文祥里,文祥里,exact-village-id,verified,tw.gov.cec~txn~candidates-votes → tw.openfun~entity~geo,target_village_id=63000050-030
1994,中正區,水源里,水源里,exact-village-id,verified,tw.gov.cec~txn~candidates-votes → tw.openfun~entity~geo,target_village_id=63000050-001
1994,中正區,永功里,永功里,exact-village-id,verified,tw.gov.cec~txn~candidates-votes → tw.openfun~entity~geo,target_village_id=63000050-011
1994,中正區,永昌里,永昌里,exact-village-id,verified,tw.gov.cec~txn~candidates-votes → tw.openfun~entity~geo,target_village_id=63000050-012
1994,中正區,光復里,光復里,exact-village-id,verified,tw.gov.cec~txn~candidates-votes → tw.openfun~entity~geo,target_village_id=63000050-023
1994,中正區,幸市里,幸市里,exact-village-id,verified,tw.gov.cec~txn~candidates-votes → tw.openfun~entity~geo,target_village_id=63000050-027
1994,中正區,幸福里,幸福里,exact-village-id,verified,tw.gov.cec~txn~candidates-votes → tw.openfun~entity~geo,target_village_id=63000050-026
1994,中正區,忠勤里,忠勤里,exact-village-id,verified,tw.gov.cec~txn~candidates-votes → tw.openfun~entity~geo,target_village_id=63000050-014
1994,中正區,東門里,東門里,exact-village-id,verified,tw.gov.cec~txn~candidates-votes → tw.openfun~entity~geo,target_village_id=63000050-028
1994,中正區,板溪里,板溪里,exact-village-id,verified,tw.gov.cec~txn~candidates-votes → tw.openfun~entity~geo,target_village_id=63000050-008
1994,中正區,林興里,林興里,exact-village-id,verified,tw.gov.cec~txn~candidates-votes → tw.openfun~entity~geo,target_village_id=63000050-004
1994,中正區,河堤里,河堤里,exact-village-id,verified,tw.gov.cec~txn~candidates-votes → tw.openfun~entity~geo,target_village_id=63000050-005
1994,中正區,南門里,南門里,exact-village-id,verified,tw.gov.cec~txn~candidates-votes → tw.openfun~entity~geo,target_village_id=63000050-017
1994,中正區,南福里,南福里,exact-village-id,verified,tw.gov.cec~txn~candidates-votes → tw.openfun~entity~geo,target_village_id=63000050-019
1994,中正區,建國里,建國里,exact-village-id,verified,tw.gov.cec~txn~candidates-votes → tw.openfun~entity~geo,target_village_id=63000050-022
1994,中正區,梅花里,梅花里,exact-village-id,verified,tw.gov.cec~txn~candidates-votes → tw.openfun~entity~geo,target_village_id=63000050-025
1994,中正區,頂東里,頂東里,exact-village-id,verified,tw.gov.cec~txn~candidates-votes → tw.openfun~entity~geo,target_village_id=63000050-006
1994,中正區,富水里,富水里,exact-village-id,verified,tw.gov.cec~txn~candidates-votes → tw.openfun~entity~geo,target_village_id=63000050-002
1994,中正區,廈安里,廈安里,exact-village-id,verified,tw.gov.cec~txn~candidates-votes → tw.openfun~entity~geo,target_village_id=63000050-015
1994,中正區,愛國里,愛國里,exact-village-id,verified,tw.gov.cec~txn~candidates-votes → tw.openfun~entity~geo,target_village_id=63000050-016
1994,中正區,新營里,新營里,exact-village-id,verified,tw.gov.cec~txn~candidates-votes → tw.openfun~entity~geo,target_village_id=63000050-021
1994,中正區,網溪里,網溪里,exact-village-id,verified,tw.gov.cec~txn~candidates-votes → tw.openfun~entity~geo,target_village_id=63000050-007
1994,中正區,黎明里,黎明里,exact-village-id,verified,tw.gov.cec~txn~candidates-votes → tw.openfun~entity~geo,target_village_id=63000050-024
1994,中正區,螢圃里,螢圃里,exact-village-id,verified,tw.gov.cec~txn~candidates-votes → tw.openfun~entity~geo,target_village_id=63000050-009
1994,中正區,螢雪里,螢雪里,exact-village-id,verified,tw.gov.cec~txn~candidates-votes → tw.openfun~entity~geo,target_village_id=63000050-010
1994,中正區,龍光里,龍光里,exact-village-id,verified,tw.gov.cec~txn~candidates-votes → tw.openfun~entity~geo,target_village_id=63000050-018
1994,中正區,龍福里,龍福里,exact-village-id,verified,tw.gov.cec~txn~candidates-votes → tw.openfun~entity~geo,target_village_id=63000050-020
1994,中正區,龍興里,龍興里,exact-village-id,verified,tw.gov.cec~txn~candidates-votes → tw.openfun~entity~geo,target_village_id=63000050-013
1994,內湖區,大湖里,大湖里,exact-village-id,verified,tw.gov.cec~txn~candidates-votes → tw.openfun~entity~geo,target_village_id=63000100-012
1994,內湖區,五分里,五分里,exact-village-id,verified,tw.gov.cec~txn~candidates-votes → tw.openfun~entity~geo,target_village_id=63000100-022
1994,內湖區,內湖里,內湖里,exact-village-id,verified,tw.gov.cec~txn~candidates-votes → tw.openfun~entity~geo,target_village_id=63000100-009
1994,內湖區,內溝里,內溝里,exact-village-id,verified,tw.gov.cec~txn~candidates-votes → tw.openfun~entity~geo,target_village_id=63000100-025
1994,內湖區,石潭里,石潭里,exact-village-id,verified,tw.gov.cec~txn~candidates-votes → tw.openfun~entity~geo,target_village_id=63000100-028
1994,內湖區,行善里,行善里,exact-village-id,verified,tw.gov.cec~txn~candidates-votes → tw.openfun~entity~geo,target_village_id=63000100-027
1994,內湖區,西安里,西安里,exact-village-id,verified,tw.gov.cec~txn~candidates-votes → tw.openfun~entity~geo,target_village_id=63000100-003
1994,內湖區,西康里,西康里,exact-village-id,verified,tw.gov.cec~txn~candidates-votes → tw.openfun~entity~geo,target_village_id=63000100-002
1994,內湖區,西湖里,西湖里,exact-village-id,verified,tw.gov.cec~txn~candidates-votes → tw.openfun~entity~geo,target_village_id=63000100-001
1994,內湖區,東湖里,東湖里,exact-village-id,verified,tw.gov.cec~txn~candidates-votes → tw.openfun~entity~geo,target_village_id=63000100-023
1994,內湖區,金瑞里,金瑞里,exact-village-id,verified,tw.gov.cec~txn~candidates-votes → tw.openfun~entity~geo,target_village_id=63000100-014
1994,內湖區,金龍里,金龍里,exact-village-id,verified,tw.gov.cec~txn~candidates-votes → tw.openfun~entity~geo,target_village_id=63000100-013
1994,內湖區,清白里,清白里,exact-village-id,verified,tw.gov.cec~txn~candidates-votes → tw.openfun~entity~geo,target_village_id=63000100-017
1994,內湖區,港都里,港都里,exact-village-id,verified,tw.gov.cec~txn~candidates-votes → tw.openfun~entity~geo,target_village_id=63000100-006
1994,內湖區,港富里,港富里,exact-village-id,verified,tw.gov.cec~txn~candidates-votes → tw.openfun~entity~geo,target_village_id=63000100-007
1994,內湖區,港華里,港華里,exact-village-id,verified,tw.gov.cec~txn~candidates-votes → tw.openfun~entity~geo,target_village_id=63000100-008
1994,內湖區,港墘里,港墘里,exact-village-id,verified,tw.gov.cec~txn~candidates-votes → tw.openfun~entity~geo,target_village_id=63000100-005
1994,內湖區,湖元里,湖元里,exact-village-id,verified,tw.gov.cec~txn~candidates-votes → tw.openfun~entity~geo,target_village_id=63000100-030
1994,內湖區,湖興里,湖興里,exact-village-id,verified,tw.gov.cec~txn~candidates-votes → tw.openfun~entity~geo,target_village_id=63000100-029
1994,內湖區,湖濱里,湖濱里,exact-village-id,verified,tw.gov.cec~txn~candidates-votes → tw.openfun~entity~geo,target_village_id=63000100-010
1994,內湖區,紫星里,紫星里,exact-village-id,verified,tw.gov.cec~txn~candidates-votes → tw.openfun~entity~geo,target_village_id=63000100-011
1994,內湖區,紫陽里,紫陽里,exact-village-id,verified,tw.gov.cec~txn~candidates-votes → tw.openfun~entity~geo,target_village_id=63000100-019
1994,內湖區,紫雲里,紫雲里,exact-village-id,verified,tw.gov.cec~txn~candidates-votes → tw.openfun~entity~geo,target_village_id=63000100-016
1994,內湖區,週美里,週美里,exact-village-id,verified,tw.gov.cec~txn~candidates-votes → tw.openfun~entity~geo,target_village_id=63000100-026
1994,內湖區,瑞光里,瑞光里,exact-village-id,verified,tw.gov.cec~txn~candidates-votes → tw.openfun~entity~geo,target_village_id=63000100-021
1994,內湖區,瑞陽里,瑞陽里,exact-village-id,verified,tw.gov.cec~txn~candidates-votes → tw.openfun~entity~geo,target_village_id=63000100-020
1994,內湖區,葫洲里,葫洲里,exact-village-id,verified,tw.gov.cec~txn~candidates-votes → tw.openfun~entity~geo,target_village_id=63000100-018
1994,內湖區,碧山里,碧山里,exact-village-id,verified,tw.gov.cec~txn~candidates-votes → tw.openfun~entity~geo,target_village_id=63000100-015
1994,內湖區,樂康里,樂康里,exact-village-id,verified,tw.gov.cec~txn~candidates-votes → tw.openfun~entity~geo,target_village_id=63000100-024
1994,文山區,木柵里,木柵里,exact-village-id,verified,tw.gov.cec~txn~candidates-votes → tw.openfun~entity~geo,target_village_id=63000080-027
1994,文山區,木新里,木新里,exact-village-id,verified,tw.gov.cec~txn~candidates-votes → tw.openfun~entity~geo,target_village_id=63000080-028
1994,文山區,老泉里,老泉里,exact-village-id,verified,tw.gov.cec~txn~candidates-votes → tw.openfun~entity~geo,target_village_id=63000080-037
1994,文山區,明義里,明義里,exact-village-id,verified,tw.gov.cec~txn~candidates-votes → tw.openfun~entity~geo,target_village_id=63000080-025
1994,文山區,明興里,明興里,exact-village-id,verified,tw.gov.cec~txn~candidates-votes → tw.openfun~entity~geo,target_village_id=63000080-026
1994,文山區,指南里,指南里,exact-village-id,verified,tw.gov.cec~txn~candidates-votes → tw.openfun~entity~geo,target_village_id=63000080-036
1994,文山區,博嘉里,博嘉里,exact-village-id,verified,tw.gov.cec~txn~candidates-votes → tw.openfun~entity~geo,target_village_id=63000080-034
1994,文山區,景仁里,景仁里,exact-village-id,verified,tw.gov.cec~txn~candidates-votes → tw.openfun~entity~geo,target_village_id=63000080-005
1994,文山區,景行里,景行里,exact-village-id,verified,tw.gov.cec~txn~candidates-votes → tw.openfun~entity~geo,target_village_id=63000080-001
1994,文山區,景東里,景東里,exact-village-id,verified,tw.gov.cec~txn~candidates-votes → tw.openfun~entity~geo,target_village_id=63000080-002
1994,文山區,景美里,景美里,exact-village-id,verified,tw.gov.cec~txn~candidates-votes → tw.openfun~entity~geo,target_village_id=63000080-003
1994,文山區,景華里,景華里,exact-village-id,verified,tw.gov.cec~txn~candidates-votes → tw.openfun~entity~geo,target_village_id=63000080-006
1994,文山區,景慶里,景慶里,exact-village-id,verified,tw.gov.cec~txn~candidates-votes → tw.openfun~entity~geo,target_village_id=63000080-004
1994,文山區,華興里,華興里,exact-village-id,verified,tw.gov.cec~txn~candidates-votes → tw.openfun~entity~geo,target_village_id=63000080-024
1994,文山區,順興里,順興里,exact-village-id,verified,tw.gov.cec~txn~candidates-votes → tw.openfun~entity~geo,target_village_id=63000080-029
1994,文山區,萬年里,萬年里,exact-village-id,verified,tw.gov.cec~txn~candidates-votes → tw.openfun~entity~geo,target_village_id=63000080-010
1994,文山區,萬有里,萬有里,exact-village-id,verified,tw.gov.cec~txn~candidates-votes → tw.openfun~entity~geo,target_village_id=63000080-007
1994,文山區,萬和里,萬和里,exact-village-id,verified,tw.gov.cec~txn~candidates-votes → tw.openfun~entity~geo,target_village_id=63000080-011
1994,文山區,萬芳里,萬芳里,exact-village-id,verified,tw.gov.cec~txn~candidates-votes → tw.openfun~entity~geo,target_village_id=63000080-033
1994,文山區,萬盛里,萬盛里,exact-village-id,verified,tw.gov.cec~txn~candidates-votes → tw.openfun~entity~geo,target_village_id=63000080-012
1994,文山區,萬祥里,萬祥里,exact-village-id,verified,tw.gov.cec~txn~candidates-votes → tw.openfun~entity~geo,target_village_id=63000080-008
1994,文山區,萬隆里,萬隆里,exact-village-id,verified,tw.gov.cec~txn~candidates-votes → tw.openfun~entity~geo,target_village_id=63000080-009
1994,文山區,萬興里,萬興里,exact-village-id,verified,tw.gov.cec~txn~candidates-votes → tw.openfun~entity~geo,target_village_id=63000080-035
1994,文山區,試院里,試院里,exact-village-id,verified,tw.gov.cec~txn~candidates-votes → tw.openfun~entity~geo,target_village_id=63000080-023
1994,文山區,樟林里,樟林里,exact-village-id,verified,tw.gov.cec~txn~candidates-votes → tw.openfun~entity~geo,target_village_id=63000080-030
1994,文山區,樟新里,樟新里,exact-village-id,verified,tw.gov.cec~txn~candidates-votes → tw.openfun~entity~geo,target_village_id=63000080-031
1994,文山區,樟腳里,樟腳里,exact-village-id,verified,tw.gov.cec~txn~candidates-votes → tw.openfun~entity~geo,target_village_id=63000080-032
1994,文山區,興光里,興光里,exact-village-id,verified,tw.gov.cec~txn~candidates-votes → tw.openfun~entity~geo,target_village_id=63000080-014
1994,文山區,興安里,興安里,exact-village-id,verified,tw.gov.cec~txn~candidates-votes → tw.openfun~entity~geo,target_village_id=63000080-018
1994,文山區,興旺里,興旺里,exact-village-id,verified,tw.gov.cec~txn~candidates-votes → tw.openfun~entity~geo,target_village_id=63000080-020
1994,文山區,興昌里,興昌里,exact-village-id,verified,tw.gov.cec~txn~candidates-votes → tw.openfun~entity~geo,target_village_id=63000080-022
1994,文山區,興家里,興家里,exact-village-id,verified,tw.gov.cec~txn~candidates-votes → tw.openfun~entity~geo,target_village_id=63000080-015
1994,文山區,興泰里,興泰里,exact-village-id,verified,tw.gov.cec~txn~candidates-votes → tw.openfun~entity~geo,target_village_id=63000080-021
1994,文山區,興得里,興得里,exact-village-id,verified,tw.gov.cec~txn~candidates-votes → tw.openfun~entity~geo,target_village_id=63000080-016
1994,文山區,興業里,興業里,exact-village-id,verified,tw.gov.cec~txn~candidates-votes → tw.openfun~entity~geo,target_village_id=63000080-017
1994,文山區,興福里,興福里,exact-village-id,verified,tw.gov.cec~txn~candidates-votes → tw.openfun~entity~geo,target_village_id=63000080-019
1994,文山區,興豐里,興豐里,exact-village-id,verified,tw.gov.cec~txn~candidates-votes → tw.openfun~entity~geo,target_village_id=63000080-013
1994,北投區,一德里,一德里,exact-village-id,verified,tw.gov.cec~txn~candidates-votes → tw.openfun~entity~geo,target_village_id=63000120-037
1994,北投區,八仙里,八仙里,exact-village-id,verified,tw.gov.cec~txn~candidates-votes → tw.openfun~entity~geo,target_village_id=63000120-018
1994,北投區,大同里,大同里,exact-village-id,verified,tw.gov.cec~txn~candidates-votes → tw.openfun~entity~geo,target_village_id=63000120-024
1994,北投區,中心里,中心里,exact-village-id,verified,tw.gov.cec~txn~candidates-votes → tw.openfun~entity~geo,target_village_id=63000120-027
1994,北投區,中央里,中央里,exact-village-id,verified,tw.gov.cec~txn~candidates-votes → tw.openfun~entity~geo,target_village_id=63000120-022
1994,北投區,中和里,中和里,exact-village-id,verified,tw.gov.cec~txn~candidates-votes → tw.openfun~entity~geo,target_village_id=63000120-030
1994,北投區,中庸里,中庸里,exact-village-id,verified,tw.gov.cec~txn~candidates-votes → tw.openfun~entity~geo,target_village_id=63000120-028
1994,北投區,文化里,文化里,exact-village-id,verified,tw.gov.cec~txn~candidates-votes → tw.openfun~entity~geo,target_village_id=63000120-033
1994,北投區,文林里,文林里,exact-village-id,verified,tw.gov.cec~txn~candidates-votes → tw.openfun~entity~geo,target_village_id=63000120-002
1994,北投區,永和里,永和里,exact-village-id,verified,tw.gov.cec~txn~candidates-votes → tw.openfun~entity~geo,target_village_id=63000120-009
1994,北投區,永明里,永明里,exact-village-id,verified,tw.gov.cec~txn~candidates-votes → tw.openfun~entity~geo,target_village_id=63000120-011
1994,北投區,永欣里,永欣里,exact-village-id,verified,tw.gov.cec~txn~candidates-votes → tw.openfun~entity~geo,target_village_id=63000120-010
1994,北投區,石牌里,石牌里,exact-village-id,verified,tw.gov.cec~txn~candidates-votes → tw.openfun~entity~geo,target_village_id=63000120-003
1994,北投區,立農里,立農里,exact-village-id,verified,tw.gov.cec~txn~candidates-votes → tw.openfun~entity~geo,target_village_id=63000120-017
1994,北投區,立賢里,立賢里,exact-village-id,verified,tw.gov.cec~txn~candidates-votes → tw.openfun~entity~geo,target_village_id=63000120-016
1994,北投區,吉利里,吉利里,exact-village-id,verified,tw.gov.cec~txn~candidates-votes → tw.openfun~entity~geo,target_village_id=63000120-013
1994,北投區,吉慶里,吉慶里,exact-village-id,verified,tw.gov.cec~txn~candidates-votes → tw.openfun~entity~geo,target_village_id=63000120-014
1994,北投區,秀山里,秀山里,exact-village-id,verified,tw.gov.cec~txn~candidates-votes → tw.openfun~entity~geo,target_village_id=63000120-032
1994,北投區,奇岩里,奇岩里,exact-village-id,verified,tw.gov.cec~txn~candidates-votes → tw.openfun~entity~geo,target_village_id=63000120-020
1994,北投區,東華里,東華里,exact-village-id,verified,tw.gov.cec~txn~candidates-votes → tw.openfun~entity~geo,target_village_id=63000120-012
1994,北投區,林泉里,林泉里,exact-village-id,verified,tw.gov.cec~txn~candidates-votes → tw.openfun~entity~geo,target_village_id=63000120-026
1994,北投區,長安里,長安里,exact-village-id,verified,tw.gov.cec~txn~candidates-votes → tw.openfun~entity~geo,target_village_id=63000120-023
1994,北投區,建民里,建民里,exact-village-id,verified,tw.gov.cec~txn~candidates-votes → tw.openfun~entity~geo,target_village_id=63000120-001
1994,北投區,泉源里,泉源里,exact-village-id,verified,tw.gov.cec~txn~candidates-votes → tw.openfun~entity~geo,target_village_id=63000120-039
1994,北投區,洲美里,洲美里,exact-village-id,verified,tw.gov.cec~txn~candidates-votes → tw.openfun~entity~geo,target_village_id=63000120-019
1994,北投區,振華里,振華里,exact-village-id,verified,tw.gov.cec~txn~candidates-votes → tw.openfun~entity~geo,target_village_id=63000120-008
1994,北投區,桃源里,桃源里,exact-village-id,verified,tw.gov.cec~txn~candidates-votes → tw.openfun~entity~geo,target_village_id=63000120-036
1994,北投區,清江里,清江里,exact-village-id,verified,tw.gov.cec~txn~candidates-votes → tw.openfun~entity~geo,target_village_id=63000120-021
1994,北投區,尊賢里,尊賢里,exact-village-id,verified,tw.gov.cec~txn~candidates-votes → tw.openfun~entity~geo,target_village_id=63000120-015
1994,北投區,智仁里,智仁里,exact-village-id,verified,tw.gov.cec~txn~candidates-votes → tw.openfun~entity~geo,target_village_id=63000120-031
1994,北投區,湖山里,湖山里,exact-village-id,verified,tw.gov.cec~txn~candidates-votes → tw.openfun~entity~geo,target_village_id=63000120-040
1994,北投區,開明里,開明里,exact-village-id,verified,tw.gov.cec~txn~candidates-votes → tw.openfun~entity~geo,target_village_id=63000120-029
1994,北投區,溫泉里,溫泉里,exact-village-id,verified,tw.gov.cec~txn~candidates-votes → tw.openfun~entity~geo,target_village_id=63000120-025
1994,北投區,裕民里,裕民里,exact-village-id,verified,tw.gov.cec~txn~candidates-votes → tw.openfun~entity~geo,target_village_id=63000120-007
1994,北投區,榮光里,榮光里,exact-village-id,verified,tw.gov.cec~txn~candidates-votes → tw.openfun~entity~geo,target_village_id=63000120-005
1994,北投區,榮華里,榮華里,exact-village-id,verified,tw.gov.cec~txn~candidates-votes → tw.openfun~entity~geo,target_village_id=63000120-006
1994,北投區,福興里,福興里,exact-village-id,verified,tw.gov.cec~txn~candidates-votes → tw.openfun~entity~geo,target_village_id=63000120-004
1994,北投區,稻香里,稻香里,exact-village-id,verified,tw.gov.cec~txn~candidates-votes → tw.openfun~entity~geo,target_village_id=63000120-035
1994,北投區,豐年里,豐年里,exact-village-id,verified,tw.gov.cec~txn~candidates-votes → tw.openfun~entity~geo,target_village_id=63000120-034
1994,北投區,關渡里,關渡里,exact-village-id,verified,tw.gov.cec~txn~candidates-votes → tw.openfun~entity~geo,target_village_id=63000120-038
1994,松山區,三民里,三民里,exact-village-id,verified,tw.gov.cec~txn~candidates-votes → tw.openfun~entity~geo,target_village_id=63000010-004
1994,松山區,中正里,中正里,exact-village-id,verified,tw.gov.cec~txn~candidates-votes → tw.openfun~entity~geo,target_village_id=63000010-026
1994,松山區,中崙里,中崙里,exact-village-id,verified,tw.gov.cec~txn~candidates-votes → tw.openfun~entity~geo,target_village_id=63000010-027
1994,松山區,中華里,中華里,exact-village-id,verified,tw.gov.cec~txn~candidates-votes → tw.openfun~entity~geo,target_village_id=63000010-015
1994,松山區,介壽里,介壽里,exact-village-id,verified,tw.gov.cec~txn~candidates-votes → tw.openfun~entity~geo,target_village_id=63000010-009
1994,松山區,民有里,民有里,exact-village-id,verified,tw.gov.cec~txn~candidates-votes → tw.openfun~entity~geo,target_village_id=63000010-016
1994,松山區,民福里,民福里,exact-village-id,verified,tw.gov.cec~txn~candidates-votes → tw.openfun~entity~geo,target_village_id=63000010-017
1994,松山區,吉仁里,吉仁里,exact-village-id,verified,tw.gov.cec~txn~candidates-votes → tw.openfun~entity~geo,target_village_id=63000010-029
1994,松山區,吉祥里,吉祥里,exact-village-id,verified,tw.gov.cec~txn~candidates-votes → tw.openfun~entity~geo,target_village_id=63000010-022
1994,松山區,安平里,安平里,exact-village-id,verified,tw.gov.cec~txn~candidates-votes → tw.openfun~entity~geo,target_village_id=63000010-019
1994,松山區,自強里,自強里,exact-village-id,verified,tw.gov.cec~txn~candidates-votes → tw.openfun~entity~geo,target_village_id=63000010-021
1994,松山區,東光里,東光里,exact-village-id,verified,tw.gov.cec~txn~candidates-votes → tw.openfun~entity~geo,target_village_id=63000010-011
1994,松山區,東昌里,東昌里,exact-village-id,verified,tw.gov.cec~txn~candidates-votes → tw.openfun~entity~geo,target_village_id=63000010-013
1994,松山區,東勢里,東勢里,exact-village-id,verified,tw.gov.cec~txn~candidates-votes → tw.openfun~entity~geo,target_village_id=63000010-014
1994,松山區,東榮里,東榮里,exact-village-id,verified,tw.gov.cec~txn~candidates-votes → tw.openfun~entity~geo,target_village_id=63000010-003
1994,松山區,松基里,松基里,exact-village-id,verified,tw.gov.cec~txn~candidates-votes → tw.openfun~entity~geo,target_village_id=63000010-035
1994,松山區,美仁里,美仁里,exact-village-id,verified,tw.gov.cec~txn~candidates-votes → tw.openfun~entity~geo,target_village_id=63000010-028
1994,松山區,莊敬里,莊敬里,exact-village-id,verified,tw.gov.cec~txn~candidates-votes → tw.openfun~entity~geo,target_village_id=63000010-002
1994,松山區,富泰里,富泰里,exact-village-id,verified,tw.gov.cec~txn~candidates-votes → tw.openfun~entity~geo,target_village_id=63000010-008
1994,松山區,富錦里,富錦里,exact-village-id,verified,tw.gov.cec~txn~candidates-votes → tw.openfun~entity~geo,target_village_id=63000010-006
1994,松山區,復建里,復建里,exact-village-id,verified,tw.gov.cec~txn~candidates-votes → tw.openfun~entity~geo,target_village_id=63000010-032
1994,松山區,復盛里,復盛里,exact-village-id,verified,tw.gov.cec~txn~candidates-votes → tw.openfun~entity~geo,target_village_id=63000010-025
1994,松山區,復勢里,復勢里,exact-village-id,verified,tw.gov.cec~txn~candidates-votes → tw.openfun~entity~geo,target_village_id=63000010-033
1994,松山區,復源里,復源里,exact-village-id,verified,tw.gov.cec~txn~candidates-votes → tw.openfun~entity~geo,target_village_id=63000010-031
1994,松山區,敦化里,敦化里,exact-village-id,verified,tw.gov.cec~txn~candidates-votes → tw.openfun~entity~geo,target_village_id=63000010-030
1994,松山區,新東里,新東里,exact-village-id,verified,tw.gov.cec~txn~candidates-votes → tw.openfun~entity~geo,target_village_id=63000010-007
1994,松山區,新益里,新益里,exact-village-id,verified,tw.gov.cec~txn~candidates-votes → tw.openfun~entity~geo,target_village_id=63000010-005
1994,松山區,新聚里,新聚里,exact-village-id,verified,tw.gov.cec~txn~candidates-votes → tw.openfun~entity~geo,target_village_id=63000010-024
1994,松山區,慈祐里,慈祐里,exact-village-id,verified,tw.gov.cec~txn~candidates-votes → tw.openfun~entity~geo,target_village_id=63000010-018
1994,松山區,福成里,福成里,exact-village-id,verified,tw.gov.cec~txn~candidates-votes → tw.openfun~entity~geo,target_village_id=63000010-034
1994,松山區,精忠里,精忠里,exact-village-id,verified,tw.gov.cec~txn~candidates-votes → tw.openfun~entity~geo,target_village_id=63000010-010
1994,松山區,龍田里,龍田里,exact-village-id,verified,tw.gov.cec~txn~candidates-votes → tw.openfun~entity~geo,target_village_id=63000010-012
1994,松山區,鵬程里,鵬程里,exact-village-id,verified,tw.gov.cec~txn~candidates-votes → tw.openfun~entity~geo,target_village_id=63000010-020
1994,信義區,三張里,三張里,exact-village-id,verified,tw.gov.cec~txn~candidates-votes → tw.openfun~entity~geo,target_village_id=63000020-030
1994,信義區,三犁里,三犁里,exact-village-id,verified,tw.gov.cec~txn~candidates-votes → tw.openfun~entity~geo,target_village_id=63000020-031
1994,信義區,大仁里,大仁里,exact-village-id,verified,tw.gov.cec~txn~candidates-votes → tw.openfun~entity~geo,target_village_id=63000020-027
1994,信義區,大道里,大道里,exact-village-id,verified,tw.gov.cec~txn~candidates-votes → tw.openfun~entity~geo,target_village_id=63000020-026
1994,信義區,中行里,中行里,exact-village-id,verified,tw.gov.cec~txn~candidates-votes → tw.openfun~entity~geo,target_village_id=63000020-025
1994,信義區,中坡里,中坡里,exact-village-id,verified,tw.gov.cec~txn~candidates-votes → tw.openfun~entity~geo,target_village_id=63000020-024
1994,信義區,中興里,中興里,exact-village-id,verified,tw.gov.cec~txn~candidates-votes → tw.openfun~entity~geo,target_village_id=63000020-004
1994,信義區,五全里,五全里,exact-village-id,verified,tw.gov.cec~txn~candidates-votes → tw.openfun~entity~geo,target_village_id=63000020-013
1994,信義區,五常里,五常里,exact-village-id,verified,tw.gov.cec~txn~candidates-votes → tw.openfun~entity~geo,target_village_id=63000020-012
1994,信義區,六合里,六合里,exact-village-id,verified,tw.gov.cec~txn~candidates-votes → tw.openfun~entity~geo,target_village_id=63000020-032
1994,信義區,六藝里,六藝里,exact-village-id,verified,tw.gov.cec~txn~candidates-votes → tw.openfun~entity~geo,target_village_id=63000020-010
1994,信義區,四育里,四育里,exact-village-id,verified,tw.gov.cec~txn~candidates-votes → tw.openfun~entity~geo,target_village_id=63000020-016
1994,信義區,四維里,四維里,exact-village-id,verified,tw.gov.cec~txn~candidates-votes → tw.openfun~entity~geo,target_village_id=63000020-017
1994,信義區,正和里,正和里,exact-village-id,verified,tw.gov.cec~txn~candidates-votes → tw.openfun~entity~geo,target_village_id=63000020-002
1994,信義區,永吉里,永吉里,exact-village-id,verified,tw.gov.cec~txn~candidates-votes → tw.openfun~entity~geo,target_village_id=63000020-014
1994,信義區,永春里,永春里,exact-village-id,verified,tw.gov.cec~txn~candidates-votes → tw.openfun~entity~geo,target_village_id=63000020-018
1994,信義區,安康里,安康里,exact-village-id,verified,tw.gov.cec~txn~candidates-votes → tw.openfun~entity~geo,target_village_id=63000020-009
1994,信義區,西村里,西村里,exact-village-id,verified,tw.gov.cec~txn~candidates-votes → tw.openfun~entity~geo,target_village_id=63000020-001
1994,信義區,松友里,松友里,exact-village-id,verified,tw.gov.cec~txn~candidates-votes → tw.openfun~entity~geo,target_village_id=63000020-022
1994,信義區,松光里,松光里,exact-village-id,verified,tw.gov.cec~txn~candidates-votes → tw.openfun~entity~geo,target_village_id=63000020-023
1994,信義區,松隆里,松隆里,exact-village-id,verified,tw.gov.cec~txn~candidates-votes → tw.openfun~entity~geo,target_village_id=63000020-021
1994,信義區,長春里,長春里,exact-village-id,verified,tw.gov.cec~txn~candidates-votes → tw.openfun~entity~geo,target_village_id=63000020-015
1994,信義區,泰和里,泰和里,exact-village-id,verified,tw.gov.cec~txn~candidates-votes → tw.openfun~entity~geo,target_village_id=63000020-033
1994,信義區,國業里,國業里,exact-village-id,verified,tw.gov.cec~txn~candidates-votes → tw.openfun~entity~geo,target_village_id=63000020-020
1994,信義區,富台里,富台里,exact-village-id,verified,tw.gov.cec~txn~candidates-votes → tw.openfun~entity~geo,target_village_id=63000020-019
1994,信義區,惠安里,惠安里,exact-village-id,verified,tw.gov.cec~txn~candidates-votes → tw.openfun~entity~geo,target_village_id=63000020-029
1994,信義區,敦厚里,敦厚里,exact-village-id,verified,tw.gov.cec~txn~candidates-votes → tw.openfun~entity~geo,target_village_id=63000020-007
1994,信義區,景勤里,景勤里,exact-village-id,verified,tw.gov.cec~txn~candidates-votes → tw.openfun~entity~geo,target_village_id=63000020-035
1994,信義區,景新里,景新里,exact-village-id,verified,tw.gov.cec~txn~candidates-votes → tw.openfun~entity~geo,target_village_id=63000020-028
1994,信義區,景聯里,景聯里,exact-village-id,verified,tw.gov.cec~txn~candidates-votes → tw.openfun~entity~geo,target_village_id=63000020-034
1994,信義區,雅祥里,雅祥里,exact-village-id,verified,tw.gov.cec~txn~candidates-votes → tw.openfun~entity~geo,target_village_id=63000020-011
1994,信義區,新仁里,新仁里,exact-village-id,verified,tw.gov.cec~txn~candidates-votes → tw.openfun~entity~geo,target_village_id=63000020-005
1994,信義區,嘉興里,嘉興里,exact-village-id,verified,tw.gov.cec~txn~candidates-votes → tw.openfun~entity~geo,target_village_id=63000020-037
1994,信義區,廣居里,廣居里,exact-village-id,verified,tw.gov.cec~txn~candidates-votes → tw.openfun~entity~geo,target_village_id=63000020-008
1994,信義區,黎平里,黎平里,exact-village-id,verified,tw.gov.cec~txn~candidates-votes → tw.openfun~entity~geo,target_village_id=63000020-039
1994,信義區,黎安里,黎安里,exact-village-id,verified,tw.gov.cec~txn~candidates-votes → tw.openfun~entity~geo,target_village_id=63000020-041
1994,信義區,黎忠里,黎忠里,exact-village-id,verified,tw.gov.cec~txn~candidates-votes → tw.openfun~entity~geo,target_village_id=63000020-040
1994,信義區,黎順里,黎順里,exact-village-id,verified,tw.gov.cec~txn~candidates-votes → tw.openfun~entity~geo,target_village_id=63000020-038
1994,信義區,興隆里,興隆里,exact-village-id,verified,tw.gov.cec~txn~candidates-votes → tw.openfun~entity~geo,target_village_id=63000020-003
1994,信義區,興雅里,興雅里,exact-village-id,verified,tw.gov.cec~txn~candidates-votes → tw.openfun~entity~geo,target_village_id=63000020-006
1994,信義區,雙和里,雙和里,exact-village-id,verified,tw.gov.cec~txn~candidates-votes → tw.openfun~entity~geo,target_village_id=63000020-036
1994,南港區,九如里,九如里,exact-village-id,verified,tw.gov.cec~txn~candidates-votes → tw.openfun~entity~geo,target_village_id=63000090-018
1994,南港區,三重里,三重里,exact-village-id,verified,tw.gov.cec~txn~candidates-votes → tw.openfun~entity~geo,target_village_id=63000090-004
1994,南港區,中南里,中南里,exact-village-id,verified,tw.gov.cec~txn~candidates-votes → tw.openfun~entity~geo,target_village_id=63000090-002
1994,南港區,中研里,中研里,exact-village-id,verified,tw.gov.cec~txn~candidates-votes → tw.openfun~entity~geo,target_village_id=63000090-017
1994,南港區,玉成里,玉成里,exact-village-id,verified,tw.gov.cec~txn~candidates-votes → tw.openfun~entity~geo,target_village_id=63000090-009
1994,南港區,合成里,合成里,exact-village-id,verified,tw.gov.cec~txn~candidates-votes → tw.openfun~entity~geo,target_village_id=63000090-010
1994,南港區,成福里,成福里,exact-village-id,verified,tw.gov.cec~txn~candidates-votes → tw.openfun~entity~geo,target_village_id=63000090-011
1994,南港區,百福里,百福里,exact-village-id,verified,tw.gov.cec~txn~candidates-votes → tw.openfun~entity~geo,target_village_id=63000090-014
1994,南港區,西新里,西新里,exact-village-id,verified,tw.gov.cec~txn~candidates-votes → tw.openfun~entity~geo,target_village_id=63000090-008
1994,南港區,東明里,東明里,exact-village-id,verified,tw.gov.cec~txn~candidates-votes → tw.openfun~entity~geo,target_village_id=63000090-007
1994,南港區,東新里,東新里,exact-village-id,verified,tw.gov.cec~txn~candidates-votes → tw.openfun~entity~geo,target_village_id=63000090-005
1994,南港區,南港里,南港里,exact-village-id,verified,tw.gov.cec~txn~candidates-votes → tw.openfun~entity~geo,target_village_id=63000090-001
1994,南港區,新光里,新光里,exact-village-id,verified,tw.gov.cec~txn~candidates-votes → tw.openfun~entity~geo,target_village_id=63000090-006
1994,南港區,新富里,新富里,exact-village-id,verified,tw.gov.cec~txn~candidates-votes → tw.openfun~entity~geo,target_village_id=63000090-003
1994,南港區,萬福里,萬福里,exact-village-id,verified,tw.gov.cec~txn~candidates-votes → tw.openfun~entity~geo,target_village_id=63000090-012
1994,南港區,聯成里,聯成里,exact-village-id,verified,tw.gov.cec~txn~candidates-votes → tw.openfun~entity~geo,target_village_id=63000090-015
1994,南港區,鴻福里,鴻福里,exact-village-id,verified,tw.gov.cec~txn~candidates-votes → tw.openfun~entity~geo,target_village_id=63000090-013
1994,南港區,舊莊里,舊莊里,exact-village-id,verified,tw.gov.cec~txn~candidates-votes → tw.openfun~entity~geo,target_village_id=63000090-016
1994,萬華區,仁德里,仁德里,exact-village-id,verified,tw.gov.cec~txn~candidates-votes → tw.openfun~entity~geo,target_village_id=63000070-009
1994,萬華區,日祥里,日祥里,exact-village-id,verified,tw.gov.cec~txn~candidates-votes → tw.openfun~entity~geo,target_village_id=63000070-033
1994,萬華區,日善里,日善里,exact-village-id,verified,tw.gov.cec~txn~candidates-votes → tw.openfun~entity~geo,target_village_id=63000070-020
1994,萬華區,全德里,全德里,exact-village-id,verified,tw.gov.cec~txn~candidates-votes → tw.openfun~entity~geo,target_village_id=63000070-026
1994,萬華區,西門里,西門里,exact-village-id,verified,tw.gov.cec~txn~candidates-votes → tw.openfun~entity~geo,target_village_id=63000070-003
1994,萬華區,孝德里,孝德里,exact-village-id,verified,tw.gov.cec~txn~candidates-votes → tw.openfun~entity~geo,target_village_id=63000070-023
1994,萬華區,和平里,和平里,exact-village-id,verified,tw.gov.cec~txn~candidates-votes → tw.openfun~entity~geo,target_village_id=63000070-016
1994,萬華區,和德里,和德里,exact-village-id,verified,tw.gov.cec~txn~candidates-votes → tw.openfun~entity~geo,target_village_id=63000070-024
1994,萬華區,忠貞里,忠貞里,exact-village-id,verified,tw.gov.cec~txn~candidates-votes → tw.openfun~entity~geo,target_village_id=63000070-034
1994,萬華區,忠德里,忠德里,exact-village-id,verified,tw.gov.cec~txn~candidates-votes → tw.openfun~entity~geo,target_village_id=63000070-022
1994,萬華區,青山里,青山里,exact-village-id,verified,tw.gov.cec~txn~candidates-votes → tw.openfun~entity~geo,target_village_id=63000070-006
1994,萬華區,保德里,保德里,exact-village-id,verified,tw.gov.cec~txn~candidates-votes → tw.openfun~entity~geo,target_village_id=63000070-027
1994,萬華區,柳鄉里,柳鄉里,exact-village-id,verified,tw.gov.cec~txn~candidates-votes → tw.openfun~entity~geo,target_village_id=63000070-019
1994,萬華區,凌霄里,凌霄里,exact-village-id,verified,tw.gov.cec~txn~candidates-votes → tw.openfun~entity~geo,target_village_id=63000070-035
1994,萬華區,頂碩里,頂碩里,exact-village-id,verified,tw.gov.cec~txn~candidates-votes → tw.openfun~entity~geo,target_village_id=63000070-011
1994,萬華區,富民里,富民里,exact-village-id,verified,tw.gov.cec~txn~candidates-votes → tw.openfun~entity~geo,target_village_id=63000070-007
1994,萬華區,富福里,富福里,exact-village-id,verified,tw.gov.cec~txn~candidates-votes → tw.openfun~entity~geo,target_village_id=63000070-010
1994,萬華區,菜園里,菜園里,exact-village-id,verified,tw.gov.cec~txn~candidates-votes → tw.openfun~entity~geo,target_village_id=63000070-005
1994,萬華區,華中里,華中里,exact-village-id,verified,tw.gov.cec~txn~candidates-votes → tw.openfun~entity~geo,target_village_id=63000070-032
1994,萬華區,華江里,華江里,exact-village-id,verified,tw.gov.cec~txn~candidates-votes → tw.openfun~entity~geo,target_village_id=63000070-018
1994,萬華區,新安里,新安里,exact-village-id,verified,tw.gov.cec~txn~candidates-votes → tw.openfun~entity~geo,target_village_id=63000070-021
1994,萬華區,新和里,新和里,exact-village-id,verified,tw.gov.cec~txn~candidates-votes → tw.openfun~entity~geo,target_village_id=63000070-014
1994,萬華區,新忠里,新忠里,exact-village-id,verified,tw.gov.cec~txn~candidates-votes → tw.openfun~entity~geo,target_village_id=63000070-013
1994,萬華區,新起里,新起里,exact-village-id,verified,tw.gov.cec~txn~candidates-votes → tw.openfun~entity~geo,target_village_id=63000070-004
1994,萬華區,萬壽里,萬壽里,exact-village-id,verified,tw.gov.cec~txn~candidates-votes → tw.openfun~entity~geo,target_village_id=63000070-002
1994,萬華區,壽德里,壽德里,exact-village-id,verified,tw.gov.cec~txn~candidates-votes → tw.openfun~entity~geo,target_village_id=63000070-030
1994,萬華區,榮德里,榮德里,exact-village-id,verified,tw.gov.cec~txn~candidates-votes → tw.openfun~entity~geo,target_village_id=63000070-029
1994,萬華區,福星里,福星里,exact-village-id,verified,tw.gov.cec~txn~candidates-votes → tw.openfun~entity~geo,target_village_id=63000070-001
1994,萬華區,福音里,福音里,exact-village-id,verified,tw.gov.cec~txn~candidates-votes → tw.openfun~entity~geo,target_village_id=63000070-008
1994,萬華區,綠堤里,綠堤里,exact-village-id,verified,tw.gov.cec~txn~candidates-votes → tw.openfun~entity~geo,target_village_id=63000070-017
1994,萬華區,銘德里,銘德里,exact-village-id,verified,tw.gov.cec~txn~candidates-votes → tw.openfun~entity~geo,target_village_id=63000070-028
1994,萬華區,糖廍里,糖廍里,exact-village-id,verified,tw.gov.cec~txn~candidates-votes → tw.openfun~entity~geo,target_village_id=63000070-015
1994,萬華區,興德里,興德里,exact-village-id,verified,tw.gov.cec~txn~candidates-votes → tw.openfun~entity~geo,target_village_id=63000070-031
1994,萬華區,錦德里,錦德里,exact-village-id,verified,tw.gov.cec~txn~candidates-votes → tw.openfun~entity~geo,target_village_id=63000070-025
1994,萬華區,雙園里,雙園里,exact-village-id,verified,tw.gov.cec~txn~candidates-votes → tw.openfun~entity~geo,target_village_id=63000070-012
1994,萬華區,騰雲里,騰雲里,exact-village-id,verified,tw.gov.cec~txn~candidates-votes → tw.openfun~entity~geo,target_village_id=63000070-036
1998,士林區,三玉里,三玉里,exact-village-id,verified,tw.gov.cec~txn~candidates-votes → tw.openfun~entity~geo,target_village_id=63000110-033
1998,士林區,仁勇里,仁勇里,exact-village-id,verified,tw.gov.cec~txn~candidates-votes → tw.openfun~entity~geo,target_village_id=63000110-001
1998,士林區,公館里,公館里,exact-village-id,verified,tw.gov.cec~txn~candidates-votes → tw.openfun~entity~geo,target_village_id=63000110-044
1998,士林區,天山里,天山里,exact-village-id,verified,tw.gov.cec~txn~candidates-votes → tw.openfun~entity~geo,target_village_id=63000110-040
1998,士林區,天母里,天母里,exact-village-id,verified,tw.gov.cec~txn~candidates-votes → tw.openfun~entity~geo,target_village_id=63000110-042
1998,士林區,天玉里,天玉里,exact-village-id,verified,tw.gov.cec~txn~candidates-votes → tw.openfun~entity~geo,target_village_id=63000110-041
1998,士林區,天和里,天和里,exact-village-id,verified,tw.gov.cec~txn~candidates-votes → tw.openfun~entity~geo,target_village_id=63000110-039
1998,士林區,天祿里,天祿里,exact-village-id,verified,tw.gov.cec~txn~candidates-votes → tw.openfun~entity~geo,target_village_id=63000110-037
1998,士林區,天壽里,天壽里,exact-village-id,verified,tw.gov.cec~txn~candidates-votes → tw.openfun~entity~geo,target_village_id=63000110-038
1998,士林區,天福里,天福里,exact-village-id,verified,tw.gov.cec~txn~candidates-votes → tw.openfun~entity~geo,target_village_id=63000110-036
1998,士林區,平等里,平等里,exact-village-id,verified,tw.gov.cec~txn~candidates-votes → tw.openfun~entity~geo,target_village_id=63000110-048
1998,士林區,永倫里,永倫里,exact-village-id,verified,tw.gov.cec~txn~candidates-votes → tw.openfun~entity~geo,target_village_id=63000110-022
1998,士林區,永福里,永福里,exact-village-id,verified,tw.gov.cec~txn~candidates-votes → tw.openfun~entity~geo,target_village_id=63000110-043
1998,士林區,名山里,名山里,exact-village-id,verified,tw.gov.cec~txn~candidates-votes → tw.openfun~entity~geo,target_village_id=63000110-026
1998,士林區,百齡里,百齡里,exact-village-id,verified,tw.gov.cec~txn~candidates-votes → tw.openfun~entity~geo,target_village_id=63000110-011
1998,士林區,岩山里,岩山里,exact-village-id,verified,tw.gov.cec~txn~candidates-votes → tw.openfun~entity~geo,target_village_id=63000110-025
1998,士林區,忠誠里,忠誠里,exact-village-id,verified,tw.gov.cec~txn~candidates-votes → tw.openfun~entity~geo,target_village_id=63000110-030
1998,士林區,承德里,承德里,exact-village-id,verified,tw.gov.cec~txn~candidates-votes → tw.openfun~entity~geo,target_village_id=63000110-012
1998,士林區,明勝里,明勝里,exact-village-id,verified,tw.gov.cec~txn~candidates-votes → tw.openfun~entity~geo,target_village_id=63000110-014
1998,士林區,東山里,東山里,exact-village-id,verified,tw.gov.cec~txn~candidates-votes → tw.openfun~entity~geo,target_village_id=63000110-032
1998,士林區,社子里,社子里,exact-village-id,verified,tw.gov.cec~txn~candidates-votes → tw.openfun~entity~geo,target_village_id=63000110-019
1998,士林區,社園里,社園里,exact-village-id,verified,tw.gov.cec~txn~candidates-votes → tw.openfun~entity~geo,target_village_id=63000110-021
1998,士林區,社新里,社新里,exact-village-id,verified,tw.gov.cec~txn~candidates-votes → tw.openfun~entity~geo,target_village_id=63000110-020
1998,士林區,芝山里,芝山里,exact-village-id,verified,tw.gov.cec~txn~candidates-votes → tw.openfun~entity~geo,target_village_id=63000110-031
1998,士林區,前港里,前港里,exact-village-id,verified,tw.gov.cec~txn~candidates-votes → tw.openfun~entity~geo,target_village_id=63000110-010
1998,士林區,後港里,後港里,exact-village-id,verified,tw.gov.cec~txn~candidates-votes → tw.openfun~entity~geo,target_village_id=63000110-008
1998,士林區,富光里,富光里,exact-village-id,verified,tw.gov.cec~txn~candidates-votes → tw.openfun~entity~geo,target_village_id=63000110-016
1998,士林區,富洲里,富洲里,exact-village-id,verified,tw.gov.cec~txn~candidates-votes → tw.openfun~entity~geo,target_village_id=63000110-024
1998,士林區,菁山里,菁山里,exact-village-id,verified,tw.gov.cec~txn~candidates-votes → tw.openfun~entity~geo,target_village_id=63000110-047
1998,士林區,陽明里,陽明里,exact-village-id,verified,tw.gov.cec~txn~candidates-votes → tw.openfun~entity~geo,target_village_id=63000110-046
1998,士林區,新安里,新安里,exact-village-id,verified,tw.gov.cec~txn~candidates-votes → tw.openfun~entity~geo,target_village_id=63000110-045
1998,士林區,溪山里,溪山里,exact-village-id,verified,tw.gov.cec~txn~candidates-votes → tw.openfun~entity~geo,target_village_id=63000110-049
1998,士林區,義信里,義信里,exact-village-id,verified,tw.gov.cec~txn~candidates-votes → tw.openfun~entity~geo,target_village_id=63000110-002
1998,士林區,聖山里,聖山里,exact-village-id,verified,tw.gov.cec~txn~candidates-votes → tw.openfun~entity~geo,target_village_id=63000110-029
1998,士林區,葫東里,葫東里,exact-village-id,verified,tw.gov.cec~txn~candidates-votes → tw.openfun~entity~geo,target_village_id=63000110-018
1998,士林區,葫蘆里,葫蘆里,exact-village-id,verified,tw.gov.cec~txn~candidates-votes → tw.openfun~entity~geo,target_village_id=63000110-017
1998,士林區,福中里,福中里,exact-village-id,verified,tw.gov.cec~txn~candidates-votes → tw.openfun~entity~geo,target_village_id=63000110-009
1998,士林區,福安里,福安里,exact-village-id,verified,tw.gov.cec~txn~candidates-votes → tw.openfun~entity~geo,target_village_id=63000110-023
1998,士林區,福志里,福志里,exact-village-id,verified,tw.gov.cec~txn~candidates-votes → tw.openfun~entity~geo,target_village_id=63000110-005
1998,士林區,福佳里,福佳里,exact-village-id,verified,tw.gov.cec~txn~candidates-votes → tw.openfun~entity~geo,target_village_id=63000110-007
1998,士林區,福林里,福林里,exact-village-id,verified,tw.gov.cec~txn~candidates-votes → tw.openfun~entity~geo,target_village_id=63000110-003
1998,士林區,福華里,福華里,exact-village-id,verified,tw.gov.cec~txn~candidates-votes → tw.openfun~entity~geo,target_village_id=63000110-013
1998,士林區,福順里,福順里,exact-village-id,verified,tw.gov.cec~txn~candidates-votes → tw.openfun~entity~geo,target_village_id=63000110-015
1998,士林區,福德里,福德里,exact-village-id,verified,tw.gov.cec~txn~candidates-votes → tw.openfun~entity~geo,target_village_id=63000110-004
1998,士林區,翠山里,翠山里,exact-village-id,verified,tw.gov.cec~txn~candidates-votes → tw.openfun~entity~geo,target_village_id=63000110-050
1998,士林區,德行里,德行里,exact-village-id,verified,tw.gov.cec~txn~candidates-votes → tw.openfun~entity~geo,target_village_id=63000110-027
1998,士林區,德華里,德華里,exact-village-id,verified,tw.gov.cec~txn~candidates-votes → tw.openfun~entity~geo,target_village_id=63000110-028
1998,士林區,舊佳里,舊佳里,exact-village-id,verified,tw.gov.cec~txn~candidates-votes → tw.openfun~entity~geo,target_village_id=63000110-006
1998,士林區,蘭雅里,蘭雅里,exact-village-id,verified,tw.gov.cec~txn~candidates-votes → tw.openfun~entity~geo,target_village_id=63000110-034
1998,士林區,蘭興里,蘭興里,exact-village-id,verified,tw.gov.cec~txn~candidates-votes → tw.openfun~entity~geo,target_village_id=63000110-035
1998,大同區,大有里,大有里,exact-village-id,verified,tw.gov.cec~txn~candidates-votes → tw.openfun~entity~geo,target_village_id=63000060-009
1998,大同區,民權里,民權里,exact-village-id,verified,tw.gov.cec~txn~candidates-votes → tw.openfun~entity~geo,target_village_id=63000060-013
1998,大同區,永樂里,永樂里,exact-village-id,verified,tw.gov.cec~txn~candidates-votes → tw.openfun~entity~geo,target_village_id=63000060-005
1998,大同區,玉泉里,玉泉里,exact-village-id,verified,tw.gov.cec~txn~candidates-votes → tw.openfun~entity~geo,target_village_id=63000060-001
1998,大同區,光能里,光能里,exact-village-id,verified,tw.gov.cec~txn~candidates-votes → tw.openfun~entity~geo,target_village_id=63000060-008
1998,大同區,老師里,老師里,exact-village-id,verified,tw.gov.cec~txn~candidates-votes → tw.openfun~entity~geo,target_village_id=63000060-024
1998,大同區,至聖里,至聖里,exact-village-id,verified,tw.gov.cec~txn~candidates-votes → tw.openfun~entity~geo,target_village_id=63000060-022
1998,大同區,延平里,延平里,exact-village-id,verified,tw.gov.cec~txn~candidates-votes → tw.openfun~entity~geo,target_village_id=63000060-010
1998,大同區,保安里,保安里,exact-village-id,verified,tw.gov.cec~txn~candidates-votes → tw.openfun~entity~geo,target_village_id=63000060-026
1998,大同區,南芳里,南芳里,exact-village-id,verified,tw.gov.cec~txn~candidates-votes → tw.openfun~entity~geo,target_village_id=63000060-012
1998,大同區,建功里,建功里,exact-village-id,verified,tw.gov.cec~txn~candidates-votes → tw.openfun~entity~geo,target_village_id=63000060-003
1998,大同區,建明里,建明里,exact-village-id,verified,tw.gov.cec~txn~candidates-votes → tw.openfun~entity~geo,target_village_id=63000060-002
1998,大同區,建泰里,建泰里,exact-village-id,verified,tw.gov.cec~txn~candidates-votes → tw.openfun~entity~geo,target_village_id=63000060-004
1998,大同區,星明里,星明里,exact-village-id,verified,tw.gov.cec~txn~candidates-votes → tw.openfun~entity~geo,target_village_id=63000060-007
1998,大同區,重慶里,重慶里,exact-village-id,verified,tw.gov.cec~txn~candidates-votes → tw.openfun~entity~geo,target_village_id=63000060-025
1998,大同區,國順里,國順里,exact-village-id,verified,tw.gov.cec~txn~candidates-votes → tw.openfun~entity~geo,target_village_id=63000060-017
1998,大同區,國慶里,國慶里,exact-village-id,verified,tw.gov.cec~txn~candidates-votes → tw.openfun~entity~geo,target_village_id=63000060-018
1998,大同區,揚雅里,揚雅里,exact-village-id,verified,tw.gov.cec~txn~candidates-votes → tw.openfun~entity~geo,target_village_id=63000060-019
1998,大同區,斯文里,斯文里,exact-village-id,verified,tw.gov.cec~txn~candidates-votes → tw.openfun~entity~geo,target_village_id=63000060-020
1998,大同區,景星里,景星里,exact-village-id,verified,tw.gov.cec~txn~candidates-votes → tw.openfun~entity~geo,target_village_id=63000060-014
1998,大同區,朝陽里,朝陽里,exact-village-id,verified,tw.gov.cec~txn~candidates-votes → tw.openfun~entity~geo,target_village_id=63000060-006
1998,大同區,隆和里,隆和里,exact-village-id,verified,tw.gov.cec~txn~candidates-votes → tw.openfun~entity~geo,target_village_id=63000060-015
1998,大同區,蓬萊里,蓬萊里,exact-village-id,verified,tw.gov.cec~txn~candidates-votes → tw.openfun~entity~geo,target_village_id=63000060-016
1998,大同區,鄰江里,鄰江里,exact-village-id,verified,tw.gov.cec~txn~candidates-votes → tw.openfun~entity~geo,target_village_id=63000060-021
1998,大同區,雙連里,雙連里,exact-village-id,verified,tw.gov.cec~txn~candidates-votes → tw.openfun~entity~geo,target_village_id=63000060-011
1998,大安區,大學里,大學里,exact-village-id,verified,tw.gov.cec~txn~candidates-votes → tw.openfun~entity~geo,target_village_id=63000030-043
1998,大安區,仁愛里,仁愛里,exact-village-id,verified,tw.gov.cec~txn~candidates-votes → tw.openfun~entity~geo,target_village_id=63000030-005
1998,大安區,仁慈里,仁慈里,exact-village-id,verified,tw.gov.cec~txn~candidates-votes → tw.openfun~entity~geo,target_village_id=63000030-002
1998,大安區,古風里,古風里,exact-village-id,verified,tw.gov.cec~txn~candidates-votes → tw.openfun~entity~geo,target_village_id=63000030-013
1998,大安區,古莊里,古莊里,exact-village-id,verified,tw.gov.cec~txn~candidates-votes → tw.openfun~entity~geo,target_village_id=63000030-014
1998,大安區,正聲里,正聲里,exact-village-id,verified,tw.gov.cec~txn~candidates-votes → tw.openfun~entity~geo,target_village_id=63000030-052
1998,大安區,民炤里,民炤里,exact-village-id,verified,tw.gov.cec~txn~candidates-votes → tw.openfun~entity~geo,target_village_id=63000030-004
1998,大安區,民輝里,民輝里,exact-village-id,verified,tw.gov.cec~txn~candidates-votes → tw.openfun~entity~geo,target_village_id=63000030-007
1998,大安區,永康里,永康里,exact-village-id,verified,tw.gov.cec~txn~candidates-votes → tw.openfun~entity~geo,target_village_id=63000030-018
1998,大安區,光明里,光明里,exact-village-id,verified,tw.gov.cec~txn~candidates-votes → tw.openfun~entity~geo,target_village_id=63000030-019
1998,大安區,光武里,光武里,exact-village-id,verified,tw.gov.cec~txn~candidates-votes → tw.openfun~entity~geo,target_village_id=63000030-010
1998,大安區,光信里,光信里,exact-village-id,verified,tw.gov.cec~txn~candidates-votes → tw.openfun~entity~geo,target_village_id=63000030-056
1998,大安區,全安里,全安里,exact-village-id,verified,tw.gov.cec~txn~candidates-votes → tw.openfun~entity~geo,target_village_id=63000030-035
1998,大安區,住安里,住安里,exact-village-id,verified,tw.gov.cec~txn~candidates-votes → tw.openfun~entity~geo,target_village_id=63000030-029
1998,大安區,車層里,車層里,exact-village-id,verified,tw.gov.cec~txn~candidates-votes → tw.openfun~entity~geo,target_village_id=63000030-055
1998,大安區,和安里,和安里,exact-village-id,verified,tw.gov.cec~txn~candidates-votes → tw.openfun~entity~geo,target_village_id=63000030-003
1998,大安區,昌隆里,昌隆里,exact-village-id,verified,tw.gov.cec~txn~candidates-votes → tw.openfun~entity~geo,target_village_id=63000030-008
1998,大安區,法治里,法治里,exact-village-id,verified,tw.gov.cec~txn~candidates-votes → tw.openfun~entity~geo,target_village_id=63000030-034
1998,大安區,臥龍里,臥龍里,exact-village-id,verified,tw.gov.cec~txn~candidates-votes → tw.openfun~entity~geo,target_village_id=63000030-039
1998,大安區,芳和里,芳和里,exact-village-id,verified,tw.gov.cec~txn~candidates-votes → tw.openfun~entity~geo,target_village_id=63000030-044
1998,大安區,虎嘯里,虎嘯里,exact-village-id,verified,tw.gov.cec~txn~candidates-votes → tw.openfun~entity~geo,target_village_id=63000030-038
1998,大安區,建安里,建安里,exact-village-id,verified,tw.gov.cec~txn~candidates-votes → tw.openfun~entity~geo,target_village_id=63000030-049
1998,大安區,建倫里,建倫里,exact-village-id,verified,tw.gov.cec~txn~candidates-votes → tw.openfun~entity~geo,target_village_id=63000030-050
1998,大安區,通化里,通化里,exact-village-id,verified,tw.gov.cec~txn~candidates-votes → tw.openfun~entity~geo,target_village_id=63000030-031
1998,大安區,通安里,通安里,exact-village-id,verified,tw.gov.cec~txn~candidates-votes → tw.openfun~entity~geo,target_village_id=63000030-032
1998,大安區,敦安里,敦安里,exact-village-id,verified,tw.gov.cec~txn~candidates-votes → tw.openfun~entity~geo,target_village_id=63000030-051
1998,大安區,敦煌里,敦煌里,exact-village-id,verified,tw.gov.cec~txn~candidates-votes → tw.openfun~entity~geo,target_village_id=63000030-053
1998,大安區,華聲里,華聲里,exact-village-id,verified,tw.gov.cec~txn~candidates-votes → tw.openfun~entity~geo,target_village_id=63000030-054
1998,大安區,新龍里,新龍里,exact-village-id,verified,tw.gov.cec~txn~candidates-votes → tw.openfun~entity~geo,target_village_id=63000030-023
1998,大安區,群英里,群英里,exact-village-id,verified,tw.gov.cec~txn~candidates-votes → tw.openfun~entity~geo,target_village_id=63000030-037
1998,大安區,群賢里,群賢里,exact-village-id,verified,tw.gov.cec~txn~candidates-votes → tw.openfun~entity~geo,target_village_id=63000030-036
1998,大安區,義安里,義安里,exact-village-id,verified,tw.gov.cec~txn~candidates-votes → tw.openfun~entity~geo,target_village_id=63000030-030
1998,大安區,義村里,義村里,exact-village-id,verified,tw.gov.cec~txn~candidates-votes → tw.openfun~entity~geo,target_village_id=63000030-006
1998,大安區,誠安里,誠安里,exact-village-id,verified,tw.gov.cec~txn~candidates-votes → tw.openfun~entity~geo,target_village_id=63000030-009
1998,大安區,福住里,福住里,exact-village-id,verified,tw.gov.cec~txn~candidates-votes → tw.openfun~entity~geo,target_village_id=63000030-017
1998,大安區,德安里,德安里,exact-village-id,verified,tw.gov.cec~txn~candidates-votes → tw.openfun~entity~geo,target_village_id=63000030-001
1998,大安區,黎元里,黎元里,exact-village-id,verified,tw.gov.cec~txn~candidates-votes → tw.openfun~entity~geo,target_village_id=63000030-046
1998,大安區,黎孝里,黎孝里,exact-village-id,verified,tw.gov.cec~txn~candidates-votes → tw.openfun~entity~geo,target_village_id=63000030-047
1998,大安區,黎和里,黎和里,exact-village-id,verified,tw.gov.cec~txn~candidates-votes → tw.openfun~entity~geo,target_village_id=63000030-048
1998,大安區,錦安里,錦安里,exact-village-id,verified,tw.gov.cec~txn~candidates-votes → tw.openfun~entity~geo,target_village_id=63000030-016
1998,大安區,錦泰里,錦泰里,exact-village-id,verified,tw.gov.cec~txn~candidates-votes → tw.openfun~entity~geo,target_village_id=63000030-020
1998,大安區,錦華里,錦華里,exact-village-id,verified,tw.gov.cec~txn~candidates-votes → tw.openfun~entity~geo,target_village_id=63000030-021
1998,大安區,龍生里,龍生里,exact-village-id,verified,tw.gov.cec~txn~candidates-votes → tw.openfun~entity~geo,target_village_id=63000030-028
1998,大安區,龍安里,龍安里,exact-village-id,verified,tw.gov.cec~txn~candidates-votes → tw.openfun~entity~geo,target_village_id=63000030-015
1998,大安區,龍坡里,龍坡里,exact-village-id,verified,tw.gov.cec~txn~candidates-votes → tw.openfun~entity~geo,target_village_id=63000030-011
1998,大安區,龍門里,龍門里,exact-village-id,verified,tw.gov.cec~txn~candidates-votes → tw.openfun~entity~geo,target_village_id=63000030-041
1998,大安區,龍泉里,龍泉里,exact-village-id,verified,tw.gov.cec~txn~candidates-votes → tw.openfun~entity~geo,target_village_id=63000030-012
1998,大安區,龍陣里,龍陣里,exact-village-id,verified,tw.gov.cec~txn~candidates-votes → tw.openfun~entity~geo,target_village_id=63000030-026
1998,大安區,龍淵里,龍淵里,exact-village-id,verified,tw.gov.cec~txn~candidates-votes → tw.openfun~entity~geo,target_village_id=63000030-040
1998,大安區,龍雲里,龍雲里,exact-village-id,verified,tw.gov.cec~txn~candidates-votes → tw.openfun~entity~geo,target_village_id=63000030-027
1998,大安區,龍圖里,龍圖里,exact-village-id,verified,tw.gov.cec~txn~candidates-votes → tw.openfun~entity~geo,target_village_id=63000030-022
1998,大安區,臨江里,臨江里,exact-village-id,verified,tw.gov.cec~txn~candidates-votes → tw.openfun~entity~geo,target_village_id=63000030-033
1998,中山區,力行里,力行里,exact-village-id,verified,tw.gov.cec~txn~candidates-votes → tw.openfun~entity~geo,target_village_id=63000040-039
1998,中山區,下埤里,下埤里,exact-village-id,verified,tw.gov.cec~txn~candidates-votes → tw.openfun~entity~geo,target_village_id=63000040-027
1998,中山區,大佳里,大佳里,exact-village-id,verified,tw.gov.cec~txn~candidates-votes → tw.openfun~entity~geo,target_village_id=63000040-017
1998,中山區,大直里,大直里,exact-village-id,verified,tw.gov.cec~txn~candidates-votes → tw.openfun~entity~geo,target_village_id=63000040-014
1998,中山區,中山里,中山里,exact-village-id,verified,tw.gov.cec~txn~candidates-votes → tw.openfun~entity~geo,target_village_id=63000040-006
1998,中山區,中央里,中央里,exact-village-id,verified,tw.gov.cec~txn~candidates-votes → tw.openfun~entity~geo,target_village_id=63000040-033
1998,中山區,中吉里,中吉里,exact-village-id,verified,tw.gov.cec~txn~candidates-votes → tw.openfun~entity~geo,target_village_id=63000040-030
1998,中山區,中庄里,中庄里,exact-village-id,verified,tw.gov.cec~txn~candidates-votes → tw.openfun~entity~geo,target_village_id=63000040-023
1998,中山區,中原里,中原里,exact-village-id,verified,tw.gov.cec~txn~candidates-votes → tw.openfun~entity~geo,target_village_id=63000040-031
1998,中山區,正守里,正守里,exact-village-id,verified,tw.gov.cec~txn~candidates-votes → tw.openfun~entity~geo,target_village_id=63000040-001
1998,中山區,正得里,正得里,exact-village-id,verified,tw.gov.cec~txn~candidates-votes → tw.openfun~entity~geo,target_village_id=63000040-003
1998,中山區,正義里,正義里,exact-village-id,verified,tw.gov.cec~txn~candidates-votes → tw.openfun~entity~geo,target_village_id=63000040-002
1998,中山區,民安里,民安里,exact-village-id,verified,tw.gov.cec~txn~candidates-votes → tw.openfun~entity~geo,target_village_id=63000040-004
1998,中山區,永安里,永安里,exact-village-id,verified,tw.gov.cec~txn~candidates-votes → tw.openfun~entity~geo,target_village_id=63000040-016
1998,中山區,成功里,成功里,exact-village-id,verified,tw.gov.cec~txn~candidates-votes → tw.openfun~entity~geo,target_village_id=63000040-015
1998,中山區,朱崙里,朱崙里,exact-village-id,verified,tw.gov.cec~txn~candidates-votes → tw.openfun~entity~geo,target_village_id=63000040-038
1998,中山區,朱園里,朱園里,exact-village-id,verified,tw.gov.cec~txn~candidates-votes → tw.openfun~entity~geo,target_village_id=63000040-036
1998,中山區,朱馥里,朱馥里,exact-village-id,verified,tw.gov.cec~txn~candidates-votes → tw.openfun~entity~geo,target_village_id=63000040-034
1998,中山區,江山里,江山里,exact-village-id,verified,tw.gov.cec~txn~candidates-votes → tw.openfun~entity~geo,target_village_id=63000040-029
1998,中山區,江寧里,江寧里,exact-village-id,verified,tw.gov.cec~txn~candidates-votes → tw.openfun~entity~geo,target_village_id=63000040-028
1998,中山區,行仁里,行仁里,exact-village-id,verified,tw.gov.cec~txn~candidates-votes → tw.openfun~entity~geo,target_village_id=63000040-025
1998,中山區,行孝里,行孝里,exact-village-id,verified,tw.gov.cec~txn~candidates-votes → tw.openfun~entity~geo,target_village_id=63000040-026
1998,中山區,行政里,行政里,exact-village-id,verified,tw.gov.cec~txn~candidates-votes → tw.openfun~entity~geo,target_village_id=63000040-024
1998,中山區,松江里,松江里,exact-village-id,verified,tw.gov.cec~txn~candidates-votes → tw.openfun~entity~geo,target_village_id=63000040-021
1998,中山區,恆安里,恆安里,exact-village-id,verified,tw.gov.cec~txn~candidates-votes → tw.openfun~entity~geo,target_village_id=63000040-010
1998,中山區,埤頭里,埤頭里,exact-village-id,verified,tw.gov.cec~txn~candidates-votes → tw.openfun~entity~geo,target_village_id=63000040-037
1998,中山區,康樂里,康樂里,exact-village-id,verified,tw.gov.cec~txn~candidates-votes → tw.openfun~entity~geo,target_village_id=63000040-005
1998,中山區,復華里,復華里,exact-village-id,verified,tw.gov.cec~txn~candidates-votes → tw.openfun~entity~geo,target_village_id=63000040-040
1998,中山區,晴光里,晴光里,exact-village-id,verified,tw.gov.cec~txn~candidates-votes → tw.openfun~entity~geo,target_village_id=63000040-011
1998,中山區,集英里,集英里,exact-village-id,verified,tw.gov.cec~txn~candidates-votes → tw.openfun~entity~geo,target_village_id=63000040-008
1998,中山區,圓山里,圓山里,exact-village-id,verified,tw.gov.cec~txn~candidates-votes → tw.openfun~entity~geo,target_village_id=63000040-012
1998,中山區,新生里,新生里,exact-village-id,verified,tw.gov.cec~txn~candidates-votes → tw.openfun~entity~geo,target_village_id=63000040-022
1998,中山區,新庄里,新庄里,exact-village-id,verified,tw.gov.cec~txn~candidates-votes → tw.openfun~entity~geo,target_village_id=63000040-019
1998,中山區,新喜里,新喜里,exact-village-id,verified,tw.gov.cec~txn~candidates-votes → tw.openfun~entity~geo,target_village_id=63000040-018
1998,中山區,新福里,新福里,exact-village-id,verified,tw.gov.cec~txn~candidates-votes → tw.openfun~entity~geo,target_village_id=63000040-020
1998,中山區,聚盛里,聚盛里,exact-village-id,verified,tw.gov.cec~txn~candidates-votes → tw.openfun~entity~geo,target_village_id=63000040-007
1998,中山區,聚葉里,聚葉里,exact-village-id,verified,tw.gov.cec~txn~candidates-votes → tw.openfun~entity~geo,target_village_id=63000040-009
1998,中山區,劍潭里,劍潭里,exact-village-id,verified,tw.gov.cec~txn~candidates-votes → tw.openfun~entity~geo,target_village_id=63000040-013
1998,中山區,興亞里,興亞里,exact-village-id,verified,tw.gov.cec~txn~candidates-votes → tw.openfun~entity~geo,target_village_id=63000040-032
1998,中山區,龍洲里,龍洲里,exact-village-id,verified,tw.gov.cec~txn~candidates-votes → tw.openfun~entity~geo,target_village_id=63000040-035
1998,中正區,三愛里,三愛里,exact-village-id,verified,tw.gov.cec~txn~candidates-votes → tw.openfun~entity~geo,target_village_id=63000050-031
1998,中正區,文北里,文北里,exact-village-id,verified,tw.gov.cec~txn~candidates-votes → tw.openfun~entity~geo,target_village_id=63000050-029
1998,中正區,文盛里,文盛里,exact-village-id,verified,tw.gov.cec~txn~candidates-votes → tw.openfun~entity~geo,target_village_id=63000050-003
1998,中正區,文祥里,文祥里,exact-village-id,verified,tw.gov.cec~txn~candidates-votes → tw.openfun~entity~geo,target_village_id=63000050-030
1998,中正區,水源里,水源里,exact-village-id,verified,tw.gov.cec~txn~candidates-votes → tw.openfun~entity~geo,target_village_id=63000050-001
1998,中正區,永功里,永功里,exact-village-id,verified,tw.gov.cec~txn~candidates-votes → tw.openfun~entity~geo,target_village_id=63000050-011
1998,中正區,永昌里,永昌里,exact-village-id,verified,tw.gov.cec~txn~candidates-votes → tw.openfun~entity~geo,target_village_id=63000050-012
1998,中正區,光復里,光復里,exact-village-id,verified,tw.gov.cec~txn~candidates-votes → tw.openfun~entity~geo,target_village_id=63000050-023
1998,中正區,幸市里,幸市里,exact-village-id,verified,tw.gov.cec~txn~candidates-votes → tw.openfun~entity~geo,target_village_id=63000050-027
1998,中正區,幸福里,幸福里,exact-village-id,verified,tw.gov.cec~txn~candidates-votes → tw.openfun~entity~geo,target_village_id=63000050-026
1998,中正區,忠勤里,忠勤里,exact-village-id,verified,tw.gov.cec~txn~candidates-votes → tw.openfun~entity~geo,target_village_id=63000050-014
1998,中正區,東門里,東門里,exact-village-id,verified,tw.gov.cec~txn~candidates-votes → tw.openfun~entity~geo,target_village_id=63000050-028
1998,中正區,板溪里,板溪里,exact-village-id,verified,tw.gov.cec~txn~candidates-votes → tw.openfun~entity~geo,target_village_id=63000050-008
1998,中正區,林興里,林興里,exact-village-id,verified,tw.gov.cec~txn~candidates-votes → tw.openfun~entity~geo,target_village_id=63000050-004
1998,中正區,河堤里,河堤里,exact-village-id,verified,tw.gov.cec~txn~candidates-votes → tw.openfun~entity~geo,target_village_id=63000050-005
1998,中正區,南門里,南門里,exact-village-id,verified,tw.gov.cec~txn~candidates-votes → tw.openfun~entity~geo,target_village_id=63000050-017
1998,中正區,南福里,南福里,exact-village-id,verified,tw.gov.cec~txn~candidates-votes → tw.openfun~entity~geo,target_village_id=63000050-019
1998,中正區,建國里,建國里,exact-village-id,verified,tw.gov.cec~txn~candidates-votes → tw.openfun~entity~geo,target_village_id=63000050-022
1998,中正區,梅花里,梅花里,exact-village-id,verified,tw.gov.cec~txn~candidates-votes → tw.openfun~entity~geo,target_village_id=63000050-025
1998,中正區,頂東里,頂東里,exact-village-id,verified,tw.gov.cec~txn~candidates-votes → tw.openfun~entity~geo,target_village_id=63000050-006
1998,中正區,富水里,富水里,exact-village-id,verified,tw.gov.cec~txn~candidates-votes → tw.openfun~entity~geo,target_village_id=63000050-002
1998,中正區,廈安里,廈安里,exact-village-id,verified,tw.gov.cec~txn~candidates-votes → tw.openfun~entity~geo,target_village_id=63000050-015
1998,中正區,愛國里,愛國里,exact-village-id,verified,tw.gov.cec~txn~candidates-votes → tw.openfun~entity~geo,target_village_id=63000050-016
1998,中正區,新營里,新營里,exact-village-id,verified,tw.gov.cec~txn~candidates-votes → tw.openfun~entity~geo,target_village_id=63000050-021
1998,中正區,網溪里,網溪里,exact-village-id,verified,tw.gov.cec~txn~candidates-votes → tw.openfun~entity~geo,target_village_id=63000050-007
1998,中正區,黎明里,黎明里,exact-village-id,verified,tw.gov.cec~txn~candidates-votes → tw.openfun~entity~geo,target_village_id=63000050-024
1998,中正區,螢圃里,螢圃里,exact-village-id,verified,tw.gov.cec~txn~candidates-votes → tw.openfun~entity~geo,target_village_id=63000050-009
1998,中正區,螢雪里,螢雪里,exact-village-id,verified,tw.gov.cec~txn~candidates-votes → tw.openfun~entity~geo,target_village_id=63000050-010
1998,中正區,龍光里,龍光里,exact-village-id,verified,tw.gov.cec~txn~candidates-votes → tw.openfun~entity~geo,target_village_id=63000050-018
1998,中正區,龍福里,龍福里,exact-village-id,verified,tw.gov.cec~txn~candidates-votes → tw.openfun~entity~geo,target_village_id=63000050-020
1998,中正區,龍興里,龍興里,exact-village-id,verified,tw.gov.cec~txn~candidates-votes → tw.openfun~entity~geo,target_village_id=63000050-013
1998,內湖區,大湖里,大湖里,exact-village-id,verified,tw.gov.cec~txn~candidates-votes → tw.openfun~entity~geo,target_village_id=63000100-012
1998,內湖區,五分里,五分里,exact-village-id,verified,tw.gov.cec~txn~candidates-votes → tw.openfun~entity~geo,target_village_id=63000100-022
1998,內湖區,內湖里,內湖里,exact-village-id,verified,tw.gov.cec~txn~candidates-votes → tw.openfun~entity~geo,target_village_id=63000100-009
1998,內湖區,內溝里,內溝里,exact-village-id,verified,tw.gov.cec~txn~candidates-votes → tw.openfun~entity~geo,target_village_id=63000100-025
1998,內湖區,石潭里,石潭里,exact-village-id,verified,tw.gov.cec~txn~candidates-votes → tw.openfun~entity~geo,target_village_id=63000100-028
1998,內湖區,行善里,行善里,exact-village-id,verified,tw.gov.cec~txn~candidates-votes → tw.openfun~entity~geo,target_village_id=63000100-027
1998,內湖區,西安里,西安里,exact-village-id,verified,tw.gov.cec~txn~candidates-votes → tw.openfun~entity~geo,target_village_id=63000100-003
1998,內湖區,西康里,西康里,exact-village-id,verified,tw.gov.cec~txn~candidates-votes → tw.openfun~entity~geo,target_village_id=63000100-002
1998,內湖區,西湖里,西湖里,exact-village-id,verified,tw.gov.cec~txn~candidates-votes → tw.openfun~entity~geo,target_village_id=63000100-001
1998,內湖區,東湖里,東湖里,exact-village-id,verified,tw.gov.cec~txn~candidates-votes → tw.openfun~entity~geo,target_village_id=63000100-023
1998,內湖區,金瑞里,金瑞里,exact-village-id,verified,tw.gov.cec~txn~candidates-votes → tw.openfun~entity~geo,target_village_id=63000100-014
1998,內湖區,金龍里,金龍里,exact-village-id,verified,tw.gov.cec~txn~candidates-votes → tw.openfun~entity~geo,target_village_id=63000100-013
1998,內湖區,清白里,清白里,exact-village-id,verified,tw.gov.cec~txn~candidates-votes → tw.openfun~entity~geo,target_village_id=63000100-017
1998,內湖區,港都里,港都里,exact-village-id,verified,tw.gov.cec~txn~candidates-votes → tw.openfun~entity~geo,target_village_id=63000100-006
1998,內湖區,港富里,港富里,exact-village-id,verified,tw.gov.cec~txn~candidates-votes → tw.openfun~entity~geo,target_village_id=63000100-007
1998,內湖區,港華里,港華里,exact-village-id,verified,tw.gov.cec~txn~candidates-votes → tw.openfun~entity~geo,target_village_id=63000100-008
1998,內湖區,港墘里,港墘里,exact-village-id,verified,tw.gov.cec~txn~candidates-votes → tw.openfun~entity~geo,target_village_id=63000100-005
1998,內湖區,湖元里,湖元里,exact-village-id,verified,tw.gov.cec~txn~candidates-votes → tw.openfun~entity~geo,target_village_id=63000100-030
1998,內湖區,湖興里,湖興里,exact-village-id,verified,tw.gov.cec~txn~candidates-votes → tw.openfun~entity~geo,target_village_id=63000100-029
1998,內湖區,湖濱里,湖濱里,exact-village-id,verified,tw.gov.cec~txn~candidates-votes → tw.openfun~entity~geo,target_village_id=63000100-010
1998,內湖區,紫星里,紫星里,exact-village-id,verified,tw.gov.cec~txn~candidates-votes → tw.openfun~entity~geo,target_village_id=63000100-011
1998,內湖區,紫陽里,紫陽里,exact-village-id,verified,tw.gov.cec~txn~candidates-votes → tw.openfun~entity~geo,target_village_id=63000100-019
1998,內湖區,紫雲里,紫雲里,exact-village-id,verified,tw.gov.cec~txn~candidates-votes → tw.openfun~entity~geo,target_village_id=63000100-016
1998,內湖區,週美里,週美里,exact-village-id,verified,tw.gov.cec~txn~candidates-votes → tw.openfun~entity~geo,target_village_id=63000100-026
1998,內湖區,瑞光里,瑞光里,exact-village-id,verified,tw.gov.cec~txn~candidates-votes → tw.openfun~entity~geo,target_village_id=63000100-021
1998,內湖區,瑞陽里,瑞陽里,exact-village-id,verified,tw.gov.cec~txn~candidates-votes → tw.openfun~entity~geo,target_village_id=63000100-020
1998,內湖區,葫洲里,葫洲里,exact-village-id,verified,tw.gov.cec~txn~candidates-votes → tw.openfun~entity~geo,target_village_id=63000100-018
1998,內湖區,碧山里,碧山里,exact-village-id,verified,tw.gov.cec~txn~candidates-votes → tw.openfun~entity~geo,target_village_id=63000100-015
1998,內湖區,樂康里,樂康里,exact-village-id,verified,tw.gov.cec~txn~candidates-votes → tw.openfun~entity~geo,target_village_id=63000100-024
1998,文山區,木柵里,木柵里,exact-village-id,verified,tw.gov.cec~txn~candidates-votes → tw.openfun~entity~geo,target_village_id=63000080-027
1998,文山區,木新里,木新里,exact-village-id,verified,tw.gov.cec~txn~candidates-votes → tw.openfun~entity~geo,target_village_id=63000080-028
1998,文山區,老泉里,老泉里,exact-village-id,verified,tw.gov.cec~txn~candidates-votes → tw.openfun~entity~geo,target_village_id=63000080-037
1998,文山區,明義里,明義里,exact-village-id,verified,tw.gov.cec~txn~candidates-votes → tw.openfun~entity~geo,target_village_id=63000080-025
1998,文山區,明興里,明興里,exact-village-id,verified,tw.gov.cec~txn~candidates-votes → tw.openfun~entity~geo,target_village_id=63000080-026
1998,文山區,指南里,指南里,exact-village-id,verified,tw.gov.cec~txn~candidates-votes → tw.openfun~entity~geo,target_village_id=63000080-036
1998,文山區,博嘉里,博嘉里,exact-village-id,verified,tw.gov.cec~txn~candidates-votes → tw.openfun~entity~geo,target_village_id=63000080-034
1998,文山區,景仁里,景仁里,exact-village-id,verified,tw.gov.cec~txn~candidates-votes → tw.openfun~entity~geo,target_village_id=63000080-005
1998,文山區,景行里,景行里,exact-village-id,verified,tw.gov.cec~txn~candidates-votes → tw.openfun~entity~geo,target_village_id=63000080-001
1998,文山區,景東里,景東里,exact-village-id,verified,tw.gov.cec~txn~candidates-votes → tw.openfun~entity~geo,target_village_id=63000080-002
1998,文山區,景美里,景美里,exact-village-id,verified,tw.gov.cec~txn~candidates-votes → tw.openfun~entity~geo,target_village_id=63000080-003
1998,文山區,景華里,景華里,exact-village-id,verified,tw.gov.cec~txn~candidates-votes → tw.openfun~entity~geo,target_village_id=63000080-006
1998,文山區,景慶里,景慶里,exact-village-id,verified,tw.gov.cec~txn~candidates-votes → tw.openfun~entity~geo,target_village_id=63000080-004
1998,文山區,華興里,華興里,exact-village-id,verified,tw.gov.cec~txn~candidates-votes → tw.openfun~entity~geo,target_village_id=63000080-024
1998,文山區,順興里,順興里,exact-village-id,verified,tw.gov.cec~txn~candidates-votes → tw.openfun~entity~geo,target_village_id=63000080-029
1998,文山區,萬年里,萬年里,exact-village-id,verified,tw.gov.cec~txn~candidates-votes → tw.openfun~entity~geo,target_village_id=63000080-010
1998,文山區,萬有里,萬有里,exact-village-id,verified,tw.gov.cec~txn~candidates-votes → tw.openfun~entity~geo,target_village_id=63000080-007
1998,文山區,萬和里,萬和里,exact-village-id,verified,tw.gov.cec~txn~candidates-votes → tw.openfun~entity~geo,target_village_id=63000080-011
1998,文山區,萬芳里,萬芳里,exact-village-id,verified,tw.gov.cec~txn~candidates-votes → tw.openfun~entity~geo,target_village_id=63000080-033
1998,文山區,萬盛里,萬盛里,exact-village-id,verified,tw.gov.cec~txn~candidates-votes → tw.openfun~entity~geo,target_village_id=63000080-012
1998,文山區,萬祥里,萬祥里,exact-village-id,verified,tw.gov.cec~txn~candidates-votes → tw.openfun~entity~geo,target_village_id=63000080-008
1998,文山區,萬隆里,萬隆里,exact-village-id,verified,tw.gov.cec~txn~candidates-votes → tw.openfun~entity~geo,target_village_id=63000080-009
1998,文山區,萬興里,萬興里,exact-village-id,verified,tw.gov.cec~txn~candidates-votes → tw.openfun~entity~geo,target_village_id=63000080-035
1998,文山區,試院里,試院里,exact-village-id,verified,tw.gov.cec~txn~candidates-votes → tw.openfun~entity~geo,target_village_id=63000080-023
1998,文山區,樟林里,樟林里,exact-village-id,verified,tw.gov.cec~txn~candidates-votes → tw.openfun~entity~geo,target_village_id=63000080-030
1998,文山區,樟新里,樟新里,exact-village-id,verified,tw.gov.cec~txn~candidates-votes → tw.openfun~entity~geo,target_village_id=63000080-031
1998,文山區,樟腳里,樟腳里,exact-village-id,verified,tw.gov.cec~txn~candidates-votes → tw.openfun~entity~geo,target_village_id=63000080-032
1998,文山區,興光里,興光里,exact-village-id,verified,tw.gov.cec~txn~candidates-votes → tw.openfun~entity~geo,target_village_id=63000080-014
1998,文山區,興安里,興安里,exact-village-id,verified,tw.gov.cec~txn~candidates-votes → tw.openfun~entity~geo,target_village_id=63000080-018
1998,文山區,興旺里,興旺里,exact-village-id,verified,tw.gov.cec~txn~candidates-votes → tw.openfun~entity~geo,target_village_id=63000080-020
1998,文山區,興昌里,興昌里,exact-village-id,verified,tw.gov.cec~txn~candidates-votes → tw.openfun~entity~geo,target_village_id=63000080-022
1998,文山區,興家里,興家里,exact-village-id,verified,tw.gov.cec~txn~candidates-votes → tw.openfun~entity~geo,target_village_id=63000080-015
1998,文山區,興泰里,興泰里,exact-village-id,verified,tw.gov.cec~txn~candidates-votes → tw.openfun~entity~geo,target_village_id=63000080-021
1998,文山區,興得里,興得里,exact-village-id,verified,tw.gov.cec~txn~candidates-votes → tw.openfun~entity~geo,target_village_id=63000080-016
1998,文山區,興業里,興業里,exact-village-id,verified,tw.gov.cec~txn~candidates-votes → tw.openfun~entity~geo,target_village_id=63000080-017
1998,文山區,興福里,興福里,exact-village-id,verified,tw.gov.cec~txn~candidates-votes → tw.openfun~entity~geo,target_village_id=63000080-019
1998,文山區,興豐里,興豐里,exact-village-id,verified,tw.gov.cec~txn~candidates-votes → tw.openfun~entity~geo,target_village_id=63000080-013
1998,北投區,一德里,一德里,exact-village-id,verified,tw.gov.cec~txn~candidates-votes → tw.openfun~entity~geo,target_village_id=63000120-037
1998,北投區,八仙里,八仙里,exact-village-id,verified,tw.gov.cec~txn~candidates-votes → tw.openfun~entity~geo,target_village_id=63000120-018
1998,北投區,大同里,大同里,exact-village-id,verified,tw.gov.cec~txn~candidates-votes → tw.openfun~entity~geo,target_village_id=63000120-024
1998,北投區,中心里,中心里,exact-village-id,verified,tw.gov.cec~txn~candidates-votes → tw.openfun~entity~geo,target_village_id=63000120-027
1998,北投區,中央里,中央里,exact-village-id,verified,tw.gov.cec~txn~candidates-votes → tw.openfun~entity~geo,target_village_id=63000120-022
1998,北投區,中和里,中和里,exact-village-id,verified,tw.gov.cec~txn~candidates-votes → tw.openfun~entity~geo,target_village_id=63000120-030
1998,北投區,中庸里,中庸里,exact-village-id,verified,tw.gov.cec~txn~candidates-votes → tw.openfun~entity~geo,target_village_id=63000120-028
1998,北投區,文化里,文化里,exact-village-id,verified,tw.gov.cec~txn~candidates-votes → tw.openfun~entity~geo,target_village_id=63000120-033
1998,北投區,文林里,文林里,exact-village-id,verified,tw.gov.cec~txn~candidates-votes → tw.openfun~entity~geo,target_village_id=63000120-002
1998,北投區,永和里,永和里,exact-village-id,verified,tw.gov.cec~txn~candidates-votes → tw.openfun~entity~geo,target_village_id=63000120-009
1998,北投區,永明里,永明里,exact-village-id,verified,tw.gov.cec~txn~candidates-votes → tw.openfun~entity~geo,target_village_id=63000120-011
1998,北投區,永欣里,永欣里,exact-village-id,verified,tw.gov.cec~txn~candidates-votes → tw.openfun~entity~geo,target_village_id=63000120-010
1998,北投區,石牌里,石牌里,exact-village-id,verified,tw.gov.cec~txn~candidates-votes → tw.openfun~entity~geo,target_village_id=63000120-003
1998,北投區,立農里,立農里,exact-village-id,verified,tw.gov.cec~txn~candidates-votes → tw.openfun~entity~geo,target_village_id=63000120-017
1998,北投區,立賢里,立賢里,exact-village-id,verified,tw.gov.cec~txn~candidates-votes → tw.openfun~entity~geo,target_village_id=63000120-016
1998,北投區,吉利里,吉利里,exact-village-id,verified,tw.gov.cec~txn~candidates-votes → tw.openfun~entity~geo,target_village_id=63000120-013
1998,北投區,吉慶里,吉慶里,exact-village-id,verified,tw.gov.cec~txn~candidates-votes → tw.openfun~entity~geo,target_village_id=63000120-014
1998,北投區,秀山里,秀山里,exact-village-id,verified,tw.gov.cec~txn~candidates-votes → tw.openfun~entity~geo,target_village_id=63000120-032
1998,北投區,奇岩里,奇岩里,exact-village-id,verified,tw.gov.cec~txn~candidates-votes → tw.openfun~entity~geo,target_village_id=63000120-020
1998,北投區,東華里,東華里,exact-village-id,verified,tw.gov.cec~txn~candidates-votes → tw.openfun~entity~geo,target_village_id=63000120-012
1998,北投區,林泉里,林泉里,exact-village-id,verified,tw.gov.cec~txn~candidates-votes → tw.openfun~entity~geo,target_village_id=63000120-026
1998,北投區,長安里,長安里,exact-village-id,verified,tw.gov.cec~txn~candidates-votes → tw.openfun~entity~geo,target_village_id=63000120-023
1998,北投區,建民里,建民里,exact-village-id,verified,tw.gov.cec~txn~candidates-votes → tw.openfun~entity~geo,target_village_id=63000120-001
1998,北投區,泉源里,泉源里,exact-village-id,verified,tw.gov.cec~txn~candidates-votes → tw.openfun~entity~geo,target_village_id=63000120-039
1998,北投區,洲美里,洲美里,exact-village-id,verified,tw.gov.cec~txn~candidates-votes → tw.openfun~entity~geo,target_village_id=63000120-019
1998,北投區,振華里,振華里,exact-village-id,verified,tw.gov.cec~txn~candidates-votes → tw.openfun~entity~geo,target_village_id=63000120-008
1998,北投區,桃源里,桃源里,exact-village-id,verified,tw.gov.cec~txn~candidates-votes → tw.openfun~entity~geo,target_village_id=63000120-036
1998,北投區,清江里,清江里,exact-village-id,verified,tw.gov.cec~txn~candidates-votes → tw.openfun~entity~geo,target_village_id=63000120-021
1998,北投區,尊賢里,尊賢里,exact-village-id,verified,tw.gov.cec~txn~candidates-votes → tw.openfun~entity~geo,target_village_id=63000120-015
1998,北投區,智仁里,智仁里,exact-village-id,verified,tw.gov.cec~txn~candidates-votes → tw.openfun~entity~geo,target_village_id=63000120-031
1998,北投區,湖山里,湖山里,exact-village-id,verified,tw.gov.cec~txn~candidates-votes → tw.openfun~entity~geo,target_village_id=63000120-040
1998,北投區,開明里,開明里,exact-village-id,verified,tw.gov.cec~txn~candidates-votes → tw.openfun~entity~geo,target_village_id=63000120-029
1998,北投區,溫泉里,溫泉里,exact-village-id,verified,tw.gov.cec~txn~candidates-votes → tw.openfun~entity~geo,target_village_id=63000120-025
1998,北投區,裕民里,裕民里,exact-village-id,verified,tw.gov.cec~txn~candidates-votes → tw.openfun~entity~geo,target_village_id=63000120-007
1998,北投區,榮光里,榮光里,exact-village-id,verified,tw.gov.cec~txn~candidates-votes → tw.openfun~entity~geo,target_village_id=63000120-005
1998,北投區,榮華里,榮華里,exact-village-id,verified,tw.gov.cec~txn~candidates-votes → tw.openfun~entity~geo,target_village_id=63000120-006
1998,北投區,福興里,福興里,exact-village-id,verified,tw.gov.cec~txn~candidates-votes → tw.openfun~entity~geo,target_village_id=63000120-004
1998,北投區,稻香里,稻香里,exact-village-id,verified,tw.gov.cec~txn~candidates-votes → tw.openfun~entity~geo,target_village_id=63000120-035
1998,北投區,豐年里,豐年里,exact-village-id,verified,tw.gov.cec~txn~candidates-votes → tw.openfun~entity~geo,target_village_id=63000120-034
1998,北投區,關渡里,關渡里,exact-village-id,verified,tw.gov.cec~txn~candidates-votes → tw.openfun~entity~geo,target_village_id=63000120-038
1998,松山區,三民里,三民里,exact-village-id,verified,tw.gov.cec~txn~candidates-votes → tw.openfun~entity~geo,target_village_id=63000010-004
1998,松山區,中正里,中正里,exact-village-id,verified,tw.gov.cec~txn~candidates-votes → tw.openfun~entity~geo,target_village_id=63000010-026
1998,松山區,中崙里,中崙里,exact-village-id,verified,tw.gov.cec~txn~candidates-votes → tw.openfun~entity~geo,target_village_id=63000010-027
1998,松山區,中華里,中華里,exact-village-id,verified,tw.gov.cec~txn~candidates-votes → tw.openfun~entity~geo,target_village_id=63000010-015
1998,松山區,介壽里,介壽里,exact-village-id,verified,tw.gov.cec~txn~candidates-votes → tw.openfun~entity~geo,target_village_id=63000010-009
1998,松山區,民有里,民有里,exact-village-id,verified,tw.gov.cec~txn~candidates-votes → tw.openfun~entity~geo,target_village_id=63000010-016
1998,松山區,民福里,民福里,exact-village-id,verified,tw.gov.cec~txn~candidates-votes → tw.openfun~entity~geo,target_village_id=63000010-017
1998,松山區,吉仁里,吉仁里,exact-village-id,verified,tw.gov.cec~txn~candidates-votes → tw.openfun~entity~geo,target_village_id=63000010-029
1998,松山區,吉祥里,吉祥里,exact-village-id,verified,tw.gov.cec~txn~candidates-votes → tw.openfun~entity~geo,target_village_id=63000010-022
1998,松山區,安平里,安平里,exact-village-id,verified,tw.gov.cec~txn~candidates-votes → tw.openfun~entity~geo,target_village_id=63000010-019
1998,松山區,自強里,自強里,exact-village-id,verified,tw.gov.cec~txn~candidates-votes → tw.openfun~entity~geo,target_village_id=63000010-021
1998,松山區,東光里,東光里,exact-village-id,verified,tw.gov.cec~txn~candidates-votes → tw.openfun~entity~geo,target_village_id=63000010-011
1998,松山區,東昌里,東昌里,exact-village-id,verified,tw.gov.cec~txn~candidates-votes → tw.openfun~entity~geo,target_village_id=63000010-013
1998,松山區,東勢里,東勢里,exact-village-id,verified,tw.gov.cec~txn~candidates-votes → tw.openfun~entity~geo,target_village_id=63000010-014
1998,松山區,東榮里,東榮里,exact-village-id,verified,tw.gov.cec~txn~candidates-votes → tw.openfun~entity~geo,target_village_id=63000010-003
1998,松山區,松基里,松基里,exact-village-id,verified,tw.gov.cec~txn~candidates-votes → tw.openfun~entity~geo,target_village_id=63000010-035
1998,松山區,美仁里,美仁里,exact-village-id,verified,tw.gov.cec~txn~candidates-votes → tw.openfun~entity~geo,target_village_id=63000010-028
1998,松山區,莊敬里,莊敬里,exact-village-id,verified,tw.gov.cec~txn~candidates-votes → tw.openfun~entity~geo,target_village_id=63000010-002
1998,松山區,富泰里,富泰里,exact-village-id,verified,tw.gov.cec~txn~candidates-votes → tw.openfun~entity~geo,target_village_id=63000010-008
1998,松山區,富錦里,富錦里,exact-village-id,verified,tw.gov.cec~txn~candidates-votes → tw.openfun~entity~geo,target_village_id=63000010-006
1998,松山區,復建里,復建里,exact-village-id,verified,tw.gov.cec~txn~candidates-votes → tw.openfun~entity~geo,target_village_id=63000010-032
1998,松山區,復盛里,復盛里,exact-village-id,verified,tw.gov.cec~txn~candidates-votes → tw.openfun~entity~geo,target_village_id=63000010-025
1998,松山區,復勢里,復勢里,exact-village-id,verified,tw.gov.cec~txn~candidates-votes → tw.openfun~entity~geo,target_village_id=63000010-033
1998,松山區,復源里,復源里,exact-village-id,verified,tw.gov.cec~txn~candidates-votes → tw.openfun~entity~geo,target_village_id=63000010-031
1998,松山區,敦化里,敦化里,exact-village-id,verified,tw.gov.cec~txn~candidates-votes → tw.openfun~entity~geo,target_village_id=63000010-030
1998,松山區,新東里,新東里,exact-village-id,verified,tw.gov.cec~txn~candidates-votes → tw.openfun~entity~geo,target_village_id=63000010-007
1998,松山區,新益里,新益里,exact-village-id,verified,tw.gov.cec~txn~candidates-votes → tw.openfun~entity~geo,target_village_id=63000010-005
1998,松山區,新聚里,新聚里,exact-village-id,verified,tw.gov.cec~txn~candidates-votes → tw.openfun~entity~geo,target_village_id=63000010-024
1998,松山區,慈祐里,慈祐里,exact-village-id,verified,tw.gov.cec~txn~candidates-votes → tw.openfun~entity~geo,target_village_id=63000010-018
1998,松山區,福成里,福成里,exact-village-id,verified,tw.gov.cec~txn~candidates-votes → tw.openfun~entity~geo,target_village_id=63000010-034
1998,松山區,精忠里,精忠里,exact-village-id,verified,tw.gov.cec~txn~candidates-votes → tw.openfun~entity~geo,target_village_id=63000010-010
1998,松山區,龍田里,龍田里,exact-village-id,verified,tw.gov.cec~txn~candidates-votes → tw.openfun~entity~geo,target_village_id=63000010-012
1998,松山區,鵬程里,鵬程里,exact-village-id,verified,tw.gov.cec~txn~candidates-votes → tw.openfun~entity~geo,target_village_id=63000010-020
1998,信義區,三張里,三張里,exact-village-id,verified,tw.gov.cec~txn~candidates-votes → tw.openfun~entity~geo,target_village_id=63000020-030
1998,信義區,三犁里,三犁里,exact-village-id,verified,tw.gov.cec~txn~candidates-votes → tw.openfun~entity~geo,target_village_id=63000020-031
1998,信義區,大仁里,大仁里,exact-village-id,verified,tw.gov.cec~txn~candidates-votes → tw.openfun~entity~geo,target_village_id=63000020-027
1998,信義區,大道里,大道里,exact-village-id,verified,tw.gov.cec~txn~candidates-votes → tw.openfun~entity~geo,target_village_id=63000020-026
1998,信義區,中行里,中行里,exact-village-id,verified,tw.gov.cec~txn~candidates-votes → tw.openfun~entity~geo,target_village_id=63000020-025
1998,信義區,中坡里,中坡里,exact-village-id,verified,tw.gov.cec~txn~candidates-votes → tw.openfun~entity~geo,target_village_id=63000020-024
1998,信義區,中興里,中興里,exact-village-id,verified,tw.gov.cec~txn~candidates-votes → tw.openfun~entity~geo,target_village_id=63000020-004
1998,信義區,五全里,五全里,exact-village-id,verified,tw.gov.cec~txn~candidates-votes → tw.openfun~entity~geo,target_village_id=63000020-013
1998,信義區,五常里,五常里,exact-village-id,verified,tw.gov.cec~txn~candidates-votes → tw.openfun~entity~geo,target_village_id=63000020-012
1998,信義區,六合里,六合里,exact-village-id,verified,tw.gov.cec~txn~candidates-votes → tw.openfun~entity~geo,target_village_id=63000020-032
1998,信義區,六藝里,六藝里,exact-village-id,verified,tw.gov.cec~txn~candidates-votes → tw.openfun~entity~geo,target_village_id=63000020-010
1998,信義區,四育里,四育里,exact-village-id,verified,tw.gov.cec~txn~candidates-votes → tw.openfun~entity~geo,target_village_id=63000020-016
1998,信義區,四維里,四維里,exact-village-id,verified,tw.gov.cec~txn~candidates-votes → tw.openfun~entity~geo,target_village_id=63000020-017
1998,信義區,正和里,正和里,exact-village-id,verified,tw.gov.cec~txn~candidates-votes → tw.openfun~entity~geo,target_village_id=63000020-002
1998,信義區,永吉里,永吉里,exact-village-id,verified,tw.gov.cec~txn~candidates-votes → tw.openfun~entity~geo,target_village_id=63000020-014
1998,信義區,永春里,永春里,exact-village-id,verified,tw.gov.cec~txn~candidates-votes → tw.openfun~entity~geo,target_village_id=63000020-018
1998,信義區,安康里,安康里,exact-village-id,verified,tw.gov.cec~txn~candidates-votes → tw.openfun~entity~geo,target_village_id=63000020-009
1998,信義區,西村里,西村里,exact-village-id,verified,tw.gov.cec~txn~candidates-votes → tw.openfun~entity~geo,target_village_id=63000020-001
1998,信義區,松友里,松友里,exact-village-id,verified,tw.gov.cec~txn~candidates-votes → tw.openfun~entity~geo,target_village_id=63000020-022
1998,信義區,松光里,松光里,exact-village-id,verified,tw.gov.cec~txn~candidates-votes → tw.openfun~entity~geo,target_village_id=63000020-023
1998,信義區,松隆里,松隆里,exact-village-id,verified,tw.gov.cec~txn~candidates-votes → tw.openfun~entity~geo,target_village_id=63000020-021
1998,信義區,長春里,長春里,exact-village-id,verified,tw.gov.cec~txn~candidates-votes → tw.openfun~entity~geo,target_village_id=63000020-015
1998,信義區,泰和里,泰和里,exact-village-id,verified,tw.gov.cec~txn~candidates-votes → tw.openfun~entity~geo,target_village_id=63000020-033
1998,信義區,國業里,國業里,exact-village-id,verified,tw.gov.cec~txn~candidates-votes → tw.openfun~entity~geo,target_village_id=63000020-020
1998,信義區,富台里,富台里,exact-village-id,verified,tw.gov.cec~txn~candidates-votes → tw.openfun~entity~geo,target_village_id=63000020-019
1998,信義區,惠安里,惠安里,exact-village-id,verified,tw.gov.cec~txn~candidates-votes → tw.openfun~entity~geo,target_village_id=63000020-029
1998,信義區,敦厚里,敦厚里,exact-village-id,verified,tw.gov.cec~txn~candidates-votes → tw.openfun~entity~geo,target_village_id=63000020-007
1998,信義區,景勤里,景勤里,exact-village-id,verified,tw.gov.cec~txn~candidates-votes → tw.openfun~entity~geo,target_village_id=63000020-035
1998,信義區,景新里,景新里,exact-village-id,verified,tw.gov.cec~txn~candidates-votes → tw.openfun~entity~geo,target_village_id=63000020-028
1998,信義區,景聯里,景聯里,exact-village-id,verified,tw.gov.cec~txn~candidates-votes → tw.openfun~entity~geo,target_village_id=63000020-034
1998,信義區,雅祥里,雅祥里,exact-village-id,verified,tw.gov.cec~txn~candidates-votes → tw.openfun~entity~geo,target_village_id=63000020-011
1998,信義區,新仁里,新仁里,exact-village-id,verified,tw.gov.cec~txn~candidates-votes → tw.openfun~entity~geo,target_village_id=63000020-005
1998,信義區,嘉興里,嘉興里,exact-village-id,verified,tw.gov.cec~txn~candidates-votes → tw.openfun~entity~geo,target_village_id=63000020-037
1998,信義區,廣居里,廣居里,exact-village-id,verified,tw.gov.cec~txn~candidates-votes → tw.openfun~entity~geo,target_village_id=63000020-008
1998,信義區,黎平里,黎平里,exact-village-id,verified,tw.gov.cec~txn~candidates-votes → tw.openfun~entity~geo,target_village_id=63000020-039
1998,信義區,黎安里,黎安里,exact-village-id,verified,tw.gov.cec~txn~candidates-votes → tw.openfun~entity~geo,target_village_id=63000020-041
1998,信義區,黎忠里,黎忠里,exact-village-id,verified,tw.gov.cec~txn~candidates-votes → tw.openfun~entity~geo,target_village_id=63000020-040
1998,信義區,黎順里,黎順里,exact-village-id,verified,tw.gov.cec~txn~candidates-votes → tw.openfun~entity~geo,target_village_id=63000020-038
1998,信義區,興隆里,興隆里,exact-village-id,verified,tw.gov.cec~txn~candidates-votes → tw.openfun~entity~geo,target_village_id=63000020-003
1998,信義區,興雅里,興雅里,exact-village-id,verified,tw.gov.cec~txn~candidates-votes → tw.openfun~entity~geo,target_village_id=63000020-006
1998,信義區,雙和里,雙和里,exact-village-id,verified,tw.gov.cec~txn~candidates-votes → tw.openfun~entity~geo,target_village_id=63000020-036
1998,南港區,九如里,九如里,exact-village-id,verified,tw.gov.cec~txn~candidates-votes → tw.openfun~entity~geo,target_village_id=63000090-018
1998,南港區,三重里,三重里,exact-village-id,verified,tw.gov.cec~txn~candidates-votes → tw.openfun~entity~geo,target_village_id=63000090-004
1998,南港區,中南里,中南里,exact-village-id,verified,tw.gov.cec~txn~candidates-votes → tw.openfun~entity~geo,target_village_id=63000090-002
1998,南港區,中研里,中研里,exact-village-id,verified,tw.gov.cec~txn~candidates-votes → tw.openfun~entity~geo,target_village_id=63000090-017
1998,南港區,玉成里,玉成里,exact-village-id,verified,tw.gov.cec~txn~candidates-votes → tw.openfun~entity~geo,target_village_id=63000090-009
1998,南港區,合成里,合成里,exact-village-id,verified,tw.gov.cec~txn~candidates-votes → tw.openfun~entity~geo,target_village_id=63000090-010
1998,南港區,成福里,成福里,exact-village-id,verified,tw.gov.cec~txn~candidates-votes → tw.openfun~entity~geo,target_village_id=63000090-011
1998,南港區,百福里,百福里,exact-village-id,verified,tw.gov.cec~txn~candidates-votes → tw.openfun~entity~geo,target_village_id=63000090-014
1998,南港區,西新里,西新里,exact-village-id,verified,tw.gov.cec~txn~candidates-votes → tw.openfun~entity~geo,target_village_id=63000090-008
1998,南港區,東明里,東明里,exact-village-id,verified,tw.gov.cec~txn~candidates-votes → tw.openfun~entity~geo,target_village_id=63000090-007
1998,南港區,東新里,東新里,exact-village-id,verified,tw.gov.cec~txn~candidates-votes → tw.openfun~entity~geo,target_village_id=63000090-005
1998,南港區,南港里,南港里,exact-village-id,verified,tw.gov.cec~txn~candidates-votes → tw.openfun~entity~geo,target_village_id=63000090-001
1998,南港區,新光里,新光里,exact-village-id,verified,tw.gov.cec~txn~candidates-votes → tw.openfun~entity~geo,target_village_id=63000090-006
1998,南港區,新富里,新富里,exact-village-id,verified,tw.gov.cec~txn~candidates-votes → tw.openfun~entity~geo,target_village_id=63000090-003
1998,南港區,萬福里,萬福里,exact-village-id,verified,tw.gov.cec~txn~candidates-votes → tw.openfun~entity~geo,target_village_id=63000090-012
1998,南港區,聯成里,聯成里,exact-village-id,verified,tw.gov.cec~txn~candidates-votes → tw.openfun~entity~geo,target_village_id=63000090-015
1998,南港區,鴻福里,鴻福里,exact-village-id,verified,tw.gov.cec~txn~candidates-votes → tw.openfun~entity~geo,target_village_id=63000090-013
1998,南港區,舊莊里,舊莊里,exact-village-id,verified,tw.gov.cec~txn~candidates-votes → tw.openfun~entity~geo,target_village_id=63000090-016
1998,萬華區,仁德里,仁德里,exact-village-id,verified,tw.gov.cec~txn~candidates-votes → tw.openfun~entity~geo,target_village_id=63000070-009
1998,萬華區,日祥里,日祥里,exact-village-id,verified,tw.gov.cec~txn~candidates-votes → tw.openfun~entity~geo,target_village_id=63000070-033
1998,萬華區,日善里,日善里,exact-village-id,verified,tw.gov.cec~txn~candidates-votes → tw.openfun~entity~geo,target_village_id=63000070-020
1998,萬華區,全德里,全德里,exact-village-id,verified,tw.gov.cec~txn~candidates-votes → tw.openfun~entity~geo,target_village_id=63000070-026
1998,萬華區,西門里,西門里,exact-village-id,verified,tw.gov.cec~txn~candidates-votes → tw.openfun~entity~geo,target_village_id=63000070-003
1998,萬華區,孝德里,孝德里,exact-village-id,verified,tw.gov.cec~txn~candidates-votes → tw.openfun~entity~geo,target_village_id=63000070-023
1998,萬華區,和平里,和平里,exact-village-id,verified,tw.gov.cec~txn~candidates-votes → tw.openfun~entity~geo,target_village_id=63000070-016
1998,萬華區,和德里,和德里,exact-village-id,verified,tw.gov.cec~txn~candidates-votes → tw.openfun~entity~geo,target_village_id=63000070-024
1998,萬華區,忠貞里,忠貞里,exact-village-id,verified,tw.gov.cec~txn~candidates-votes → tw.openfun~entity~geo,target_village_id=63000070-034
1998,萬華區,忠德里,忠德里,exact-village-id,verified,tw.gov.cec~txn~candidates-votes → tw.openfun~entity~geo,target_village_id=63000070-022
1998,萬華區,青山里,青山里,exact-village-id,verified,tw.gov.cec~txn~candidates-votes → tw.openfun~entity~geo,target_village_id=63000070-006
1998,萬華區,保德里,保德里,exact-village-id,verified,tw.gov.cec~txn~candidates-votes → tw.openfun~entity~geo,target_village_id=63000070-027
1998,萬華區,柳鄉里,柳鄉里,exact-village-id,verified,tw.gov.cec~txn~candidates-votes → tw.openfun~entity~geo,target_village_id=63000070-019
1998,萬華區,凌霄里,凌霄里,exact-village-id,verified,tw.gov.cec~txn~candidates-votes → tw.openfun~entity~geo,target_village_id=63000070-035
1998,萬華區,頂碩里,頂碩里,exact-village-id,verified,tw.gov.cec~txn~candidates-votes → tw.openfun~entity~geo,target_village_id=63000070-011
1998,萬華區,富民里,富民里,exact-village-id,verified,tw.gov.cec~txn~candidates-votes → tw.openfun~entity~geo,target_village_id=63000070-007
1998,萬華區,富福里,富福里,exact-village-id,verified,tw.gov.cec~txn~candidates-votes → tw.openfun~entity~geo,target_village_id=63000070-010
1998,萬華區,菜園里,菜園里,exact-village-id,verified,tw.gov.cec~txn~candidates-votes → tw.openfun~entity~geo,target_village_id=63000070-005
1998,萬華區,華中里,華中里,exact-village-id,verified,tw.gov.cec~txn~candidates-votes → tw.openfun~entity~geo,target_village_id=63000070-032
1998,萬華區,華江里,華江里,exact-village-id,verified,tw.gov.cec~txn~candidates-votes → tw.openfun~entity~geo,target_village_id=63000070-018
1998,萬華區,新安里,新安里,exact-village-id,verified,tw.gov.cec~txn~candidates-votes → tw.openfun~entity~geo,target_village_id=63000070-021
1998,萬華區,新和里,新和里,exact-village-id,verified,tw.gov.cec~txn~candidates-votes → tw.openfun~entity~geo,target_village_id=63000070-014
1998,萬華區,新忠里,新忠里,exact-village-id,verified,tw.gov.cec~txn~candidates-votes → tw.openfun~entity~geo,target_village_id=63000070-013
1998,萬華區,新起里,新起里,exact-village-id,verified,tw.gov.cec~txn~candidates-votes → tw.openfun~entity~geo,target_village_id=63000070-004
1998,萬華區,萬壽里,萬壽里,exact-village-id,verified,tw.gov.cec~txn~candidates-votes → tw.openfun~entity~geo,target_village_id=63000070-002
1998,萬華區,壽德里,壽德里,exact-village-id,verified,tw.gov.cec~txn~candidates-votes → tw.openfun~entity~geo,target_village_id=63000070-030
1998,萬華區,榮德里,榮德里,exact-village-id,verified,tw.gov.cec~txn~candidates-votes → tw.openfun~entity~geo,target_village_id=63000070-029
1998,萬華區,福星里,福星里,exact-village-id,verified,tw.gov.cec~txn~candidates-votes → tw.openfun~entity~geo,target_village_id=63000070-001
1998,萬華區,福音里,福音里,exact-village-id,verified,tw.gov.cec~txn~candidates-votes → tw.openfun~entity~geo,target_village_id=63000070-008
1998,萬華區,綠堤里,綠堤里,exact-village-id,verified,tw.gov.cec~txn~candidates-votes → tw.openfun~entity~geo,target_village_id=63000070-017
1998,萬華區,銘德里,銘德里,exact-village-id,verified,tw.gov.cec~txn~candidates-votes → tw.openfun~entity~geo,target_village_id=63000070-028
1998,萬華區,糖廍里,糖廍里,exact-village-id,verified,tw.gov.cec~txn~candidates-votes → tw.openfun~entity~geo,target_village_id=63000070-015
1998,萬華區,興德里,興德里,exact-village-id,verified,tw.gov.cec~txn~candidates-votes → tw.openfun~entity~geo,target_village_id=63000070-031
1998,萬華區,錦德里,錦德里,exact-village-id,verified,tw.gov.cec~txn~candidates-votes → tw.openfun~entity~geo,target_village_id=63000070-025
1998,萬華區,雙園里,雙園里,exact-village-id,verified,tw.gov.cec~txn~candidates-votes → tw.openfun~entity~geo,target_village_id=63000070-012
1998,萬華區,騰雲里,騰雲里,exact-village-id,verified,tw.gov.cec~txn~candidates-votes → tw.openfun~entity~geo,target_village_id=63000070-036
2002,士林區,三玉里,三玉里,exact-district-li-name,verified,tw.gov.cec~txn~candidates-votes → tw.openfun~entity~geo,target_village_id=63000110-033
2002,士林區,仁勇里,仁勇里,exact-district-li-name,verified,tw.gov.cec~txn~candidates-votes → tw.openfun~entity~geo,target_village_id=63000110-001
2002,士林區,公館里,公館里,exact-district-li-name,verified,tw.gov.cec~txn~candidates-votes → tw.openfun~entity~geo,target_village_id=63000110-044
2002,士林區,天山里,天山里,exact-district-li-name,verified,tw.gov.cec~txn~candidates-votes → tw.openfun~entity~geo,target_village_id=63000110-040
2002,士林區,天母里,天母里,exact-district-li-name,verified,tw.gov.cec~txn~candidates-votes → tw.openfun~entity~geo,target_village_id=63000110-042
2002,士林區,天玉里,天玉里,exact-district-li-name,verified,tw.gov.cec~txn~candidates-votes → tw.openfun~entity~geo,target_village_id=63000110-041
2002,士林區,天和里,天和里,exact-district-li-name,verified,tw.gov.cec~txn~candidates-votes → tw.openfun~entity~geo,target_village_id=63000110-039
2002,士林區,天祿里,天祿里,exact-district-li-name,verified,tw.gov.cec~txn~candidates-votes → tw.openfun~entity~geo,target_village_id=63000110-037
2002,士林區,天壽里,天壽里,exact-district-li-name,verified,tw.gov.cec~txn~candidates-votes → tw.openfun~entity~geo,target_village_id=63000110-038
2002,士林區,天福里,天福里,exact-district-li-name,verified,tw.gov.cec~txn~candidates-votes → tw.openfun~entity~geo,target_village_id=63000110-036
2002,士林區,平等里,平等里,exact-district-li-name,verified,tw.gov.cec~txn~candidates-votes → tw.openfun~entity~geo,target_village_id=63000110-048
2002,士林區,永倫里,永倫里,exact-district-li-name,verified,tw.gov.cec~txn~candidates-votes → tw.openfun~entity~geo,target_village_id=63000110-022
2002,士林區,永福里,永福里,exact-district-li-name,verified,tw.gov.cec~txn~candidates-votes → tw.openfun~entity~geo,target_village_id=63000110-043
2002,士林區,名山里,名山里,exact-district-li-name,verified,tw.gov.cec~txn~candidates-votes → tw.openfun~entity~geo,target_village_id=63000110-026
2002,士林區,百齡里,百齡里,exact-district-li-name,verified,tw.gov.cec~txn~candidates-votes → tw.openfun~entity~geo,target_village_id=63000110-011
2002,士林區,岩山里,岩山里,exact-district-li-name,verified,tw.gov.cec~txn~candidates-votes → tw.openfun~entity~geo,target_village_id=63000110-025
2002,士林區,忠誠里,忠誠里,exact-district-li-name,verified,tw.gov.cec~txn~candidates-votes → tw.openfun~entity~geo,target_village_id=63000110-030
2002,士林區,承德里,承德里,exact-district-li-name,verified,tw.gov.cec~txn~candidates-votes → tw.openfun~entity~geo,target_village_id=63000110-012
2002,士林區,明勝里,明勝里,exact-district-li-name,verified,tw.gov.cec~txn~candidates-votes → tw.openfun~entity~geo,target_village_id=63000110-014
2002,士林區,東山里,東山里,exact-district-li-name,verified,tw.gov.cec~txn~candidates-votes → tw.openfun~entity~geo,target_village_id=63000110-032
2002,士林區,社子里,社子里,exact-district-li-name,verified,tw.gov.cec~txn~candidates-votes → tw.openfun~entity~geo,target_village_id=63000110-019
2002,士林區,社園里,社園里,exact-district-li-name,verified,tw.gov.cec~txn~candidates-votes → tw.openfun~entity~geo,target_village_id=63000110-021
2002,士林區,社新里,社新里,exact-district-li-name,verified,tw.gov.cec~txn~candidates-votes → tw.openfun~entity~geo,target_village_id=63000110-020
2002,士林區,芝山里,芝山里,exact-district-li-name,verified,tw.gov.cec~txn~candidates-votes → tw.openfun~entity~geo,target_village_id=63000110-031
2002,士林區,前港里,前港里,exact-district-li-name,verified,tw.gov.cec~txn~candidates-votes → tw.openfun~entity~geo,target_village_id=63000110-010
2002,士林區,後港里,後港里,exact-district-li-name,verified,tw.gov.cec~txn~candidates-votes → tw.openfun~entity~geo,target_village_id=63000110-008
2002,士林區,富光里,富光里,exact-district-li-name,verified,tw.gov.cec~txn~candidates-votes → tw.openfun~entity~geo,target_village_id=63000110-016
2002,士林區,富洲里,富洲里,exact-district-li-name,verified,tw.gov.cec~txn~candidates-votes → tw.openfun~entity~geo,target_village_id=63000110-024
2002,士林區,菁山里,菁山里,exact-district-li-name,verified,tw.gov.cec~txn~candidates-votes → tw.openfun~entity~geo,target_village_id=63000110-047
2002,士林區,陽明里,陽明里,exact-district-li-name,verified,tw.gov.cec~txn~candidates-votes → tw.openfun~entity~geo,target_village_id=63000110-046
2002,士林區,新安里,新安里,exact-district-li-name,verified,tw.gov.cec~txn~candidates-votes → tw.openfun~entity~geo,target_village_id=63000110-045
2002,士林區,溪山里,溪山里,exact-district-li-name,verified,tw.gov.cec~txn~candidates-votes → tw.openfun~entity~geo,target_village_id=63000110-049
2002,士林區,義信里,義信里,exact-district-li-name,verified,tw.gov.cec~txn~candidates-votes → tw.openfun~entity~geo,target_village_id=63000110-002
2002,士林區,聖山里,聖山里,exact-district-li-name,verified,tw.gov.cec~txn~candidates-votes → tw.openfun~entity~geo,target_village_id=63000110-029
2002,士林區,葫東里,葫東里,exact-district-li-name,verified,tw.gov.cec~txn~candidates-votes → tw.openfun~entity~geo,target_village_id=63000110-018
2002,士林區,葫蘆里,葫蘆里,exact-district-li-name,verified,tw.gov.cec~txn~candidates-votes → tw.openfun~entity~geo,target_village_id=63000110-017
2002,士林區,福中里,福中里,exact-district-li-name,verified,tw.gov.cec~txn~candidates-votes → tw.openfun~entity~geo,target_village_id=63000110-009
2002,士林區,福安里,福安里,exact-district-li-name,verified,tw.gov.cec~txn~candidates-votes → tw.openfun~entity~geo,target_village_id=63000110-023
2002,士林區,福志里,福志里,exact-district-li-name,verified,tw.gov.cec~txn~candidates-votes → tw.openfun~entity~geo,target_village_id=63000110-005
2002,士林區,福佳里,福佳里,exact-district-li-name,verified,tw.gov.cec~txn~candidates-votes → tw.openfun~entity~geo,target_village_id=63000110-007
2002,士林區,福林里,福林里,exact-district-li-name,verified,tw.gov.cec~txn~candidates-votes → tw.openfun~entity~geo,target_village_id=63000110-003
2002,士林區,福華里,福華里,exact-district-li-name,verified,tw.gov.cec~txn~candidates-votes → tw.openfun~entity~geo,target_village_id=63000110-013
2002,士林區,福順里,福順里,exact-district-li-name,verified,tw.gov.cec~txn~candidates-votes → tw.openfun~entity~geo,target_village_id=63000110-015
2002,士林區,福德里,福德里,exact-district-li-name,verified,tw.gov.cec~txn~candidates-votes → tw.openfun~entity~geo,target_village_id=63000110-004
2002,士林區,翠山里,翠山里,exact-district-li-name,verified,tw.gov.cec~txn~candidates-votes → tw.openfun~entity~geo,target_village_id=63000110-050
2002,士林區,德行里,德行里,exact-district-li-name,verified,tw.gov.cec~txn~candidates-votes → tw.openfun~entity~geo,target_village_id=63000110-027
2002,士林區,德華里,德華里,exact-district-li-name,verified,tw.gov.cec~txn~candidates-votes → tw.openfun~entity~geo,target_village_id=63000110-028
2002,士林區,臨溪里,臨溪里,exact-district-li-name,verified,tw.gov.cec~txn~candidates-votes → tw.openfun~entity~geo,target_village_id=63000110-051
2002,士林區,舊佳里,舊佳里,exact-district-li-name,verified,tw.gov.cec~txn~candidates-votes → tw.openfun~entity~geo,target_village_id=63000110-006
2002,士林區,蘭雅里,蘭雅里,exact-district-li-name,verified,tw.gov.cec~txn~candidates-votes → tw.openfun~entity~geo,target_village_id=63000110-034
2002,士林區,蘭興里,蘭興里,exact-district-li-name,verified,tw.gov.cec~txn~candidates-votes → tw.openfun~entity~geo,target_village_id=63000110-035
2002,大同區,大有里,大有里,exact-district-li-name,verified,tw.gov.cec~txn~candidates-votes → tw.openfun~entity~geo,target_village_id=63000060-009
2002,大同區,民權里,民權里,exact-district-li-name,verified,tw.gov.cec~txn~candidates-votes → tw.openfun~entity~geo,target_village_id=63000060-013
2002,大同區,永樂里,永樂里,exact-district-li-name,verified,tw.gov.cec~txn~candidates-votes → tw.openfun~entity~geo,target_village_id=63000060-005
2002,大同區,玉泉里,玉泉里,exact-district-li-name,verified,tw.gov.cec~txn~candidates-votes → tw.openfun~entity~geo,target_village_id=63000060-001
2002,大同區,光能里,光能里,exact-district-li-name,verified,tw.gov.cec~txn~candidates-votes → tw.openfun~entity~geo,target_village_id=63000060-008
2002,大同區,老師里,老師里,exact-district-li-name,verified,tw.gov.cec~txn~candidates-votes → tw.openfun~entity~geo,target_village_id=63000060-024
2002,大同區,至聖里,至聖里,exact-district-li-name,verified,tw.gov.cec~txn~candidates-votes → tw.openfun~entity~geo,target_village_id=63000060-022
2002,大同區,延平里,延平里,exact-district-li-name,verified,tw.gov.cec~txn~candidates-votes → tw.openfun~entity~geo,target_village_id=63000060-010
2002,大同區,保安里,保安里,exact-district-li-name,verified,tw.gov.cec~txn~candidates-votes → tw.openfun~entity~geo,target_village_id=63000060-026
2002,大同區,南芳里,南芳里,exact-district-li-name,verified,tw.gov.cec~txn~candidates-votes → tw.openfun~entity~geo,target_village_id=63000060-012
2002,大同區,建功里,建功里,exact-district-li-name,verified,tw.gov.cec~txn~candidates-votes → tw.openfun~entity~geo,target_village_id=63000060-003
2002,大同區,建明里,建明里,exact-district-li-name,verified,tw.gov.cec~txn~candidates-votes → tw.openfun~entity~geo,target_village_id=63000060-002
2002,大同區,建泰里,建泰里,exact-district-li-name,verified,tw.gov.cec~txn~candidates-votes → tw.openfun~entity~geo,target_village_id=63000060-004
2002,大同區,星明里,星明里,exact-district-li-name,verified,tw.gov.cec~txn~candidates-votes → tw.openfun~entity~geo,target_village_id=63000060-007
2002,大同區,重慶里,重慶里,exact-district-li-name,verified,tw.gov.cec~txn~candidates-votes → tw.openfun~entity~geo,target_village_id=63000060-025
2002,大同區,國順里,國順里,exact-district-li-name,verified,tw.gov.cec~txn~candidates-votes → tw.openfun~entity~geo,target_village_id=63000060-017
2002,大同區,國慶里,國慶里,exact-district-li-name,verified,tw.gov.cec~txn~candidates-votes → tw.openfun~entity~geo,target_village_id=63000060-018
2002,大同區,揚雅里,揚雅里,exact-district-li-name,verified,tw.gov.cec~txn~candidates-votes → tw.openfun~entity~geo,target_village_id=63000060-019
2002,大同區,斯文里,斯文里,exact-district-li-name,verified,tw.gov.cec~txn~candidates-votes → tw.openfun~entity~geo,target_village_id=63000060-020
2002,大同區,景星里,景星里,exact-district-li-name,verified,tw.gov.cec~txn~candidates-votes → tw.openfun~entity~geo,target_village_id=63000060-014
2002,大同區,朝陽里,朝陽里,exact-district-li-name,verified,tw.gov.cec~txn~candidates-votes → tw.openfun~entity~geo,target_village_id=63000060-006
2002,大同區,隆和里,隆和里,exact-district-li-name,verified,tw.gov.cec~txn~candidates-votes → tw.openfun~entity~geo,target_village_id=63000060-015
2002,大同區,蓬萊里,蓬萊里,exact-district-li-name,verified,tw.gov.cec~txn~candidates-votes → tw.openfun~entity~geo,target_village_id=63000060-016
2002,大同區,鄰江里,鄰江里,exact-district-li-name,verified,tw.gov.cec~txn~candidates-votes → tw.openfun~entity~geo,target_village_id=63000060-021
2002,大同區,雙連里,雙連里,exact-district-li-name,verified,tw.gov.cec~txn~candidates-votes → tw.openfun~entity~geo,target_village_id=63000060-011
2002,大安區,大學里,大學里,exact-district-li-name,verified,tw.gov.cec~txn~candidates-votes → tw.openfun~entity~geo,target_village_id=63000030-043
2002,大安區,仁愛里,仁愛里,exact-district-li-name,verified,tw.gov.cec~txn~candidates-votes → tw.openfun~entity~geo,target_village_id=63000030-005
2002,大安區,仁慈里,仁慈里,exact-district-li-name,verified,tw.gov.cec~txn~candidates-votes → tw.openfun~entity~geo,target_village_id=63000030-002
2002,大安區,古風里,古風里,exact-district-li-name,verified,tw.gov.cec~txn~candidates-votes → tw.openfun~entity~geo,target_village_id=63000030-013
2002,大安區,古莊里,古莊里,exact-district-li-name,verified,tw.gov.cec~txn~candidates-votes → tw.openfun~entity~geo,target_village_id=63000030-014
2002,大安區,正聲里,正聲里,exact-district-li-name,verified,tw.gov.cec~txn~candidates-votes → tw.openfun~entity~geo,target_village_id=63000030-052
2002,大安區,民炤里,民炤里,exact-district-li-name,verified,tw.gov.cec~txn~candidates-votes → tw.openfun~entity~geo,target_village_id=63000030-004
2002,大安區,民輝里,民輝里,exact-district-li-name,verified,tw.gov.cec~txn~candidates-votes → tw.openfun~entity~geo,target_village_id=63000030-007
2002,大安區,永康里,永康里,exact-district-li-name,verified,tw.gov.cec~txn~candidates-votes → tw.openfun~entity~geo,target_village_id=63000030-018
2002,大安區,光明里,光明里,exact-district-li-name,verified,tw.gov.cec~txn~candidates-votes → tw.openfun~entity~geo,target_village_id=63000030-019
2002,大安區,光武里,光武里,exact-district-li-name,verified,tw.gov.cec~txn~candidates-votes → tw.openfun~entity~geo,target_village_id=63000030-010
2002,大安區,光信里,光信里,exact-district-li-name,verified,tw.gov.cec~txn~candidates-votes → tw.openfun~entity~geo,target_village_id=63000030-056
2002,大安區,全安里,全安里,exact-district-li-name,verified,tw.gov.cec~txn~candidates-votes → tw.openfun~entity~geo,target_village_id=63000030-035
2002,大安區,住安里,住安里,exact-district-li-name,verified,tw.gov.cec~txn~candidates-votes → tw.openfun~entity~geo,target_village_id=63000030-029
2002,大安區,車層里,車層里,exact-district-li-name,verified,tw.gov.cec~txn~candidates-votes → tw.openfun~entity~geo,target_village_id=63000030-055
2002,大安區,和安里,和安里,exact-district-li-name,verified,tw.gov.cec~txn~candidates-votes → tw.openfun~entity~geo,target_village_id=63000030-003
2002,大安區,昌隆里,昌隆里,exact-district-li-name,verified,tw.gov.cec~txn~candidates-votes → tw.openfun~entity~geo,target_village_id=63000030-008
2002,大安區,法治里,法治里,exact-district-li-name,verified,tw.gov.cec~txn~candidates-votes → tw.openfun~entity~geo,target_village_id=63000030-034
2002,大安區,臥龍里,臥龍里,exact-district-li-name,verified,tw.gov.cec~txn~candidates-votes → tw.openfun~entity~geo,target_village_id=63000030-039
2002,大安區,芳和里,芳和里,exact-district-li-name,verified,tw.gov.cec~txn~candidates-votes → tw.openfun~entity~geo,target_village_id=63000030-044
2002,大安區,虎嘯里,虎嘯里,exact-district-li-name,verified,tw.gov.cec~txn~candidates-votes → tw.openfun~entity~geo,target_village_id=63000030-038
2002,大安區,建安里,建安里,exact-district-li-name,verified,tw.gov.cec~txn~candidates-votes → tw.openfun~entity~geo,target_village_id=63000030-049
2002,大安區,建倫里,建倫里,exact-district-li-name,verified,tw.gov.cec~txn~candidates-votes → tw.openfun~entity~geo,target_village_id=63000030-050
2002,大安區,通化里,通化里,exact-district-li-name,verified,tw.gov.cec~txn~candidates-votes → tw.openfun~entity~geo,target_village_id=63000030-031
2002,大安區,通安里,通安里,exact-district-li-name,verified,tw.gov.cec~txn~candidates-votes → tw.openfun~entity~geo,target_village_id=63000030-032
2002,大安區,敦安里,敦安里,exact-district-li-name,verified,tw.gov.cec~txn~candidates-votes → tw.openfun~entity~geo,target_village_id=63000030-051
2002,大安區,敦煌里,敦煌里,exact-district-li-name,verified,tw.gov.cec~txn~candidates-votes → tw.openfun~entity~geo,target_village_id=63000030-053
2002,大安區,華聲里,華聲里,exact-district-li-name,verified,tw.gov.cec~txn~candidates-votes → tw.openfun~entity~geo,target_village_id=63000030-054
2002,大安區,新龍里,新龍里,exact-district-li-name,verified,tw.gov.cec~txn~candidates-votes → tw.openfun~entity~geo,target_village_id=63000030-023
2002,大安區,群英里,群英里,exact-district-li-name,verified,tw.gov.cec~txn~candidates-votes → tw.openfun~entity~geo,target_village_id=63000030-037
2002,大安區,群賢里,群賢里,exact-district-li-name,verified,tw.gov.cec~txn~candidates-votes → tw.openfun~entity~geo,target_village_id=63000030-036
2002,大安區,義安里,義安里,exact-district-li-name,verified,tw.gov.cec~txn~candidates-votes → tw.openfun~entity~geo,target_village_id=63000030-030
2002,大安區,義村里,義村里,exact-district-li-name,verified,tw.gov.cec~txn~candidates-votes → tw.openfun~entity~geo,target_village_id=63000030-006
2002,大安區,誠安里,誠安里,exact-district-li-name,verified,tw.gov.cec~txn~candidates-votes → tw.openfun~entity~geo,target_village_id=63000030-009
2002,大安區,福住里,福住里,exact-district-li-name,verified,tw.gov.cec~txn~candidates-votes → tw.openfun~entity~geo,target_village_id=63000030-017
2002,大安區,德安里,德安里,exact-district-li-name,verified,tw.gov.cec~txn~candidates-votes → tw.openfun~entity~geo,target_village_id=63000030-001
2002,大安區,黎元里,黎元里,exact-district-li-name,verified,tw.gov.cec~txn~candidates-votes → tw.openfun~entity~geo,target_village_id=63000030-046
2002,大安區,黎孝里,黎孝里,exact-district-li-name,verified,tw.gov.cec~txn~candidates-votes → tw.openfun~entity~geo,target_village_id=63000030-047
2002,大安區,黎和里,黎和里,exact-district-li-name,verified,tw.gov.cec~txn~candidates-votes → tw.openfun~entity~geo,target_village_id=63000030-048
2002,大安區,學府里,學府里,exact-district-li-name,verified,tw.gov.cec~txn~candidates-votes → tw.openfun~entity~geo,target_village_id=63000030-057
2002,大安區,錦安里,錦安里,exact-district-li-name,verified,tw.gov.cec~txn~candidates-votes → tw.openfun~entity~geo,target_village_id=63000030-016
2002,大安區,錦泰里,錦泰里,exact-district-li-name,verified,tw.gov.cec~txn~candidates-votes → tw.openfun~entity~geo,target_village_id=63000030-020
2002,大安區,錦華里,錦華里,exact-district-li-name,verified,tw.gov.cec~txn~candidates-votes → tw.openfun~entity~geo,target_village_id=63000030-021
2002,大安區,龍生里,龍生里,exact-district-li-name,verified,tw.gov.cec~txn~candidates-votes → tw.openfun~entity~geo,target_village_id=63000030-028
2002,大安區,龍安里,龍安里,exact-district-li-name,verified,tw.gov.cec~txn~candidates-votes → tw.openfun~entity~geo,target_village_id=63000030-015
2002,大安區,龍坡里,龍坡里,exact-district-li-name,verified,tw.gov.cec~txn~candidates-votes → tw.openfun~entity~geo,target_village_id=63000030-011
2002,大安區,龍門里,龍門里,exact-district-li-name,verified,tw.gov.cec~txn~candidates-votes → tw.openfun~entity~geo,target_village_id=63000030-041
2002,大安區,龍泉里,龍泉里,exact-district-li-name,verified,tw.gov.cec~txn~candidates-votes → tw.openfun~entity~geo,target_village_id=63000030-012
2002,大安區,龍陣里,龍陣里,exact-district-li-name,verified,tw.gov.cec~txn~candidates-votes → tw.openfun~entity~geo,target_village_id=63000030-026
2002,大安區,龍淵里,龍淵里,exact-district-li-name,verified,tw.gov.cec~txn~candidates-votes → tw.openfun~entity~geo,target_village_id=63000030-040
2002,大安區,龍雲里,龍雲里,exact-district-li-name,verified,tw.gov.cec~txn~candidates-votes → tw.openfun~entity~geo,target_village_id=63000030-027
2002,大安區,龍圖里,龍圖里,exact-district-li-name,verified,tw.gov.cec~txn~candidates-votes → tw.openfun~entity~geo,target_village_id=63000030-022
2002,大安區,臨江里,臨江里,exact-district-li-name,verified,tw.gov.cec~txn~candidates-votes → tw.openfun~entity~geo,target_village_id=63000030-033
2002,中山區,力行里,力行里,exact-district-li-name,verified,tw.gov.cec~txn~candidates-votes → tw.openfun~entity~geo,target_village_id=63000040-039
2002,中山區,下埤里,下埤里,exact-district-li-name,verified,tw.gov.cec~txn~candidates-votes → tw.openfun~entity~geo,target_village_id=63000040-027
2002,中山區,大佳里,大佳里,exact-district-li-name,verified,tw.gov.cec~txn~candidates-votes → tw.openfun~entity~geo,target_village_id=63000040-017
2002,中山區,大直里,大直里,exact-district-li-name,verified,tw.gov.cec~txn~candidates-votes → tw.openfun~entity~geo,target_village_id=63000040-014
2002,中山區,中山里,中山里,exact-district-li-name,verified,tw.gov.cec~txn~candidates-votes → tw.openfun~entity~geo,target_village_id=63000040-006
2002,中山區,中央里,中央里,exact-district-li-name,verified,tw.gov.cec~txn~candidates-votes → tw.openfun~entity~geo,target_village_id=63000040-033
2002,中山區,中吉里,中吉里,exact-district-li-name,verified,tw.gov.cec~txn~candidates-votes → tw.openfun~entity~geo,target_village_id=63000040-030
2002,中山區,中庄里,中庄里,exact-district-li-name,verified,tw.gov.cec~txn~candidates-votes → tw.openfun~entity~geo,target_village_id=63000040-023
2002,中山區,中原里,中原里,exact-district-li-name,verified,tw.gov.cec~txn~candidates-votes → tw.openfun~entity~geo,target_village_id=63000040-031
2002,中山區,北安里,北安里,exact-district-li-name,verified,tw.gov.cec~txn~candidates-votes → tw.openfun~entity~geo,target_village_id=63000040-042
2002,中山區,正守里,正守里,exact-district-li-name,verified,tw.gov.cec~txn~candidates-votes → tw.openfun~entity~geo,target_village_id=63000040-001
2002,中山區,正得里,正得里,exact-district-li-name,verified,tw.gov.cec~txn~candidates-votes → tw.openfun~entity~geo,target_village_id=63000040-003
2002,中山區,正義里,正義里,exact-district-li-name,verified,tw.gov.cec~txn~candidates-votes → tw.openfun~entity~geo,target_village_id=63000040-002
2002,中山區,民安里,民安里,exact-district-li-name,verified,tw.gov.cec~txn~candidates-votes → tw.openfun~entity~geo,target_village_id=63000040-004
2002,中山區,永安里,永安里,exact-district-li-name,verified,tw.gov.cec~txn~candidates-votes → tw.openfun~entity~geo,target_village_id=63000040-016
2002,中山區,成功里,成功里,exact-district-li-name,verified,tw.gov.cec~txn~candidates-votes → tw.openfun~entity~geo,target_village_id=63000040-015
2002,中山區,朱崙里,朱崙里,exact-district-li-name,verified,tw.gov.cec~txn~candidates-votes → tw.openfun~entity~geo,target_village_id=63000040-038
2002,中山區,朱園里,朱園里,exact-district-li-name,verified,tw.gov.cec~txn~candidates-votes → tw.openfun~entity~geo,target_village_id=63000040-036
2002,中山區,朱馥里,朱馥里,exact-district-li-name,verified,tw.gov.cec~txn~candidates-votes → tw.openfun~entity~geo,target_village_id=63000040-034
2002,中山區,江山里,江山里,exact-district-li-name,verified,tw.gov.cec~txn~candidates-votes → tw.openfun~entity~geo,target_village_id=63000040-029
2002,中山區,江寧里,江寧里,exact-district-li-name,verified,tw.gov.cec~txn~candidates-votes → tw.openfun~entity~geo,target_village_id=63000040-028
2002,中山區,行仁里,行仁里,exact-district-li-name,verified,tw.gov.cec~txn~candidates-votes → tw.openfun~entity~geo,target_village_id=63000040-025
2002,中山區,行孝里,行孝里,exact-district-li-name,verified,tw.gov.cec~txn~candidates-votes → tw.openfun~entity~geo,target_village_id=63000040-026
2002,中山區,行政里,行政里,exact-district-li-name,verified,tw.gov.cec~txn~candidates-votes → tw.openfun~entity~geo,target_village_id=63000040-024
2002,中山區,松江里,松江里,exact-district-li-name,verified,tw.gov.cec~txn~candidates-votes → tw.openfun~entity~geo,target_village_id=63000040-021
2002,中山區,金泰里,金泰里,exact-district-li-name,verified,tw.gov.cec~txn~candidates-votes → tw.openfun~entity~geo,target_village_id=63000040-041
2002,中山區,恆安里,恆安里,exact-district-li-name,verified,tw.gov.cec~txn~candidates-votes → tw.openfun~entity~geo,target_village_id=63000040-010
2002,中山區,埤頭里,埤頭里,exact-district-li-name,verified,tw.gov.cec~txn~candidates-votes → tw.openfun~entity~geo,target_village_id=63000040-037
2002,中山區,康樂里,康樂里,exact-district-li-name,verified,tw.gov.cec~txn~candidates-votes → tw.openfun~entity~geo,target_village_id=63000040-005
2002,中山區,復華里,復華里,exact-district-li-name,verified,tw.gov.cec~txn~candidates-votes → tw.openfun~entity~geo,target_village_id=63000040-040
2002,中山區,晴光里,晴光里,exact-district-li-name,verified,tw.gov.cec~txn~candidates-votes → tw.openfun~entity~geo,target_village_id=63000040-011
2002,中山區,集英里,集英里,exact-district-li-name,verified,tw.gov.cec~txn~candidates-votes → tw.openfun~entity~geo,target_village_id=63000040-008
2002,中山區,圓山里,圓山里,exact-district-li-name,verified,tw.gov.cec~txn~candidates-votes → tw.openfun~entity~geo,target_village_id=63000040-012
2002,中山區,新生里,新生里,exact-district-li-name,verified,tw.gov.cec~txn~candidates-votes → tw.openfun~entity~geo,target_village_id=63000040-022
2002,中山區,新庄里,新庄里,exact-district-li-name,verified,tw.gov.cec~txn~candidates-votes → tw.openfun~entity~geo,target_village_id=63000040-019
2002,中山區,新喜里,新喜里,exact-district-li-name,verified,tw.gov.cec~txn~candidates-votes → tw.openfun~entity~geo,target_village_id=63000040-018
2002,中山區,新福里,新福里,exact-district-li-name,verified,tw.gov.cec~txn~candidates-votes → tw.openfun~entity~geo,target_village_id=63000040-020
2002,中山區,聚盛里,聚盛里,exact-district-li-name,verified,tw.gov.cec~txn~candidates-votes → tw.openfun~entity~geo,target_village_id=63000040-007
2002,中山區,聚葉里,聚葉里,exact-district-li-name,verified,tw.gov.cec~txn~candidates-votes → tw.openfun~entity~geo,target_village_id=63000040-009
2002,中山區,劍潭里,劍潭里,exact-district-li-name,verified,tw.gov.cec~txn~candidates-votes → tw.openfun~entity~geo,target_village_id=63000040-013
2002,中山區,興亞里,興亞里,exact-district-li-name,verified,tw.gov.cec~txn~candidates-votes → tw.openfun~entity~geo,target_village_id=63000040-032
2002,中山區,龍洲里,龍洲里,exact-district-li-name,verified,tw.gov.cec~txn~candidates-votes → tw.openfun~entity~geo,target_village_id=63000040-035
2002,中正區,三愛里,三愛里,exact-district-li-name,verified,tw.gov.cec~txn~candidates-votes → tw.openfun~entity~geo,target_village_id=63000050-031
2002,中正區,文北里,文北里,exact-district-li-name,verified,tw.gov.cec~txn~candidates-votes → tw.openfun~entity~geo,target_village_id=63000050-029
2002,中正區,文盛里,文盛里,exact-district-li-name,verified,tw.gov.cec~txn~candidates-votes → tw.openfun~entity~geo,target_village_id=63000050-003
2002,中正區,文祥里,文祥里,exact-district-li-name,verified,tw.gov.cec~txn~candidates-votes → tw.openfun~entity~geo,target_village_id=63000050-030
2002,中正區,水源里,水源里,exact-district-li-name,verified,tw.gov.cec~txn~candidates-votes → tw.openfun~entity~geo,target_village_id=63000050-001
2002,中正區,永功里,永功里,exact-district-li-name,verified,tw.gov.cec~txn~candidates-votes → tw.openfun~entity~geo,target_village_id=63000050-011
2002,中正區,永昌里,永昌里,exact-district-li-name,verified,tw.gov.cec~txn~candidates-votes → tw.openfun~entity~geo,target_village_id=63000050-012
2002,中正區,光復里,光復里,exact-district-li-name,verified,tw.gov.cec~txn~candidates-votes → tw.openfun~entity~geo,target_village_id=63000050-023
2002,中正區,幸市里,幸市里,exact-district-li-name,verified,tw.gov.cec~txn~candidates-votes → tw.openfun~entity~geo,target_village_id=63000050-027
2002,中正區,幸福里,幸福里,exact-district-li-name,verified,tw.gov.cec~txn~candidates-votes → tw.openfun~entity~geo,target_village_id=63000050-026
2002,中正區,忠勤里,忠勤里,exact-district-li-name,verified,tw.gov.cec~txn~candidates-votes → tw.openfun~entity~geo,target_village_id=63000050-014
2002,中正區,東門里,東門里,exact-district-li-name,verified,tw.gov.cec~txn~candidates-votes → tw.openfun~entity~geo,target_village_id=63000050-028
2002,中正區,板溪里,板溪里,exact-district-li-name,verified,tw.gov.cec~txn~candidates-votes → tw.openfun~entity~geo,target_village_id=63000050-008
2002,中正區,林興里,林興里,exact-district-li-name,verified,tw.gov.cec~txn~candidates-votes → tw.openfun~entity~geo,target_village_id=63000050-004
2002,中正區,河堤里,河堤里,exact-district-li-name,verified,tw.gov.cec~txn~candidates-votes → tw.openfun~entity~geo,target_village_id=63000050-005
2002,中正區,南門里,南門里,exact-district-li-name,verified,tw.gov.cec~txn~candidates-votes → tw.openfun~entity~geo,target_village_id=63000050-017
2002,中正區,南福里,南福里,exact-district-li-name,verified,tw.gov.cec~txn~candidates-votes → tw.openfun~entity~geo,target_village_id=63000050-019
2002,中正區,建國里,建國里,exact-district-li-name,verified,tw.gov.cec~txn~candidates-votes → tw.openfun~entity~geo,target_village_id=63000050-022
2002,中正區,梅花里,梅花里,exact-district-li-name,verified,tw.gov.cec~txn~candidates-votes → tw.openfun~entity~geo,target_village_id=63000050-025
2002,中正區,頂東里,頂東里,exact-district-li-name,verified,tw.gov.cec~txn~candidates-votes → tw.openfun~entity~geo,target_village_id=63000050-006
2002,中正區,富水里,富水里,exact-district-li-name,verified,tw.gov.cec~txn~candidates-votes → tw.openfun~entity~geo,target_village_id=63000050-002
2002,中正區,廈安里,廈安里,exact-district-li-name,verified,tw.gov.cec~txn~candidates-votes → tw.openfun~entity~geo,target_village_id=63000050-015
2002,中正區,愛國里,愛國里,exact-district-li-name,verified,tw.gov.cec~txn~candidates-votes → tw.openfun~entity~geo,target_village_id=63000050-016
2002,中正區,新營里,新營里,exact-district-li-name,verified,tw.gov.cec~txn~candidates-votes → tw.openfun~entity~geo,target_village_id=63000050-021
2002,中正區,網溪里,網溪里,exact-district-li-name,verified,tw.gov.cec~txn~candidates-votes → tw.openfun~entity~geo,target_village_id=63000050-007
2002,中正區,黎明里,黎明里,exact-district-li-name,verified,tw.gov.cec~txn~candidates-votes → tw.openfun~entity~geo,target_village_id=63000050-024
2002,中正區,螢圃里,螢圃里,exact-district-li-name,verified,tw.gov.cec~txn~candidates-votes → tw.openfun~entity~geo,target_village_id=63000050-009
2002,中正區,螢雪里,螢雪里,exact-district-li-name,verified,tw.gov.cec~txn~candidates-votes → tw.openfun~entity~geo,target_village_id=63000050-010
2002,中正區,龍光里,龍光里,exact-district-li-name,verified,tw.gov.cec~txn~candidates-votes → tw.openfun~entity~geo,target_village_id=63000050-018
2002,中正區,龍福里,龍福里,exact-district-li-name,verified,tw.gov.cec~txn~candidates-votes → tw.openfun~entity~geo,target_village_id=63000050-020
2002,中正區,龍興里,龍興里,exact-district-li-name,verified,tw.gov.cec~txn~candidates-votes → tw.openfun~entity~geo,target_village_id=63000050-013
2002,內湖區,大湖里,大湖里,exact-district-li-name,verified,tw.gov.cec~txn~candidates-votes → tw.openfun~entity~geo,target_village_id=63000100-012
2002,內湖區,五分里,五分里,exact-district-li-name,verified,tw.gov.cec~txn~candidates-votes → tw.openfun~entity~geo,target_village_id=63000100-022
2002,內湖區,內湖里,內湖里,exact-district-li-name,verified,tw.gov.cec~txn~candidates-votes → tw.openfun~entity~geo,target_village_id=63000100-009
2002,內湖區,內溝里,內溝里,exact-district-li-name,verified,tw.gov.cec~txn~candidates-votes → tw.openfun~entity~geo,target_village_id=63000100-025
2002,內湖區,石潭里,石潭里,exact-district-li-name,verified,tw.gov.cec~txn~candidates-votes → tw.openfun~entity~geo,target_village_id=63000100-028
2002,內湖區,安泰里,安泰里,exact-district-li-name,verified,tw.gov.cec~txn~candidates-votes → tw.openfun~entity~geo,target_village_id=63000100-033
2002,內湖區,安湖里,安湖里,exact-district-li-name,verified,tw.gov.cec~txn~candidates-votes → tw.openfun~entity~geo,target_village_id=63000100-031
2002,內湖區,行善里,行善里,exact-district-li-name,verified,tw.gov.cec~txn~candidates-votes → tw.openfun~entity~geo,target_village_id=63000100-027
2002,內湖區,西安里,西安里,exact-district-li-name,verified,tw.gov.cec~txn~candidates-votes → tw.openfun~entity~geo,target_village_id=63000100-003
2002,內湖區,西康里,西康里,exact-district-li-name,verified,tw.gov.cec~txn~candidates-votes → tw.openfun~entity~geo,target_village_id=63000100-002
2002,內湖區,西湖里,西湖里,exact-district-li-name,verified,tw.gov.cec~txn~candidates-votes → tw.openfun~entity~geo,target_village_id=63000100-001
2002,內湖區,秀湖里,秀湖里,exact-district-li-name,verified,tw.gov.cec~txn~candidates-votes → tw.openfun~entity~geo,target_village_id=63000100-032
2002,內湖區,明湖里,明湖里,exact-district-li-name,verified,tw.gov.cec~txn~candidates-votes → tw.openfun~entity~geo,target_village_id=63000100-036
2002,內湖區,東湖里,東湖里,exact-district-li-name,verified,tw.gov.cec~txn~candidates-votes → tw.openfun~entity~geo,target_village_id=63000100-023
2002,內湖區,金湖里,金湖里,exact-district-li-name,verified,tw.gov.cec~txn~candidates-votes → tw.openfun~entity~geo,target_village_id=63000100-034
2002,內湖區,金瑞里,金瑞里,exact-district-li-name,verified,tw.gov.cec~txn~candidates-votes → tw.openfun~entity~geo,target_village_id=63000100-014
2002,內湖區,金龍里,金龍里,exact-district-li-name,verified,tw.gov.cec~txn~candidates-votes → tw.openfun~entity~geo,target_village_id=63000100-013
2002,內湖區,康寧里,康寧里,exact-district-li-name,verified,tw.gov.cec~txn~candidates-votes → tw.openfun~entity~geo,target_village_id=63000100-035
2002,內湖區,清白里,清白里,exact-district-li-name,verified,tw.gov.cec~txn~candidates-votes → tw.openfun~entity~geo,target_village_id=63000100-017
2002,內湖區,港都里,港都里,exact-district-li-name,verified,tw.gov.cec~txn~candidates-votes → tw.openfun~entity~geo,target_village_id=63000100-006
2002,內湖區,港富里,港富里,exact-district-li-name,verified,tw.gov.cec~txn~candidates-votes → tw.openfun~entity~geo,target_village_id=63000100-007
2002,內湖區,港華里,港華里,exact-district-li-name,verified,tw.gov.cec~txn~candidates-votes → tw.openfun~entity~geo,target_village_id=63000100-008
2002,內湖區,港墘里,港墘里,exact-district-li-name,verified,tw.gov.cec~txn~candidates-votes → tw.openfun~entity~geo,target_village_id=63000100-005
2002,內湖區,湖元里,湖元里,exact-district-li-name,verified,tw.gov.cec~txn~candidates-votes → tw.openfun~entity~geo,target_village_id=63000100-030
2002,內湖區,湖興里,湖興里,exact-district-li-name,verified,tw.gov.cec~txn~candidates-votes → tw.openfun~entity~geo,target_village_id=63000100-029
2002,內湖區,湖濱里,湖濱里,exact-district-li-name,verified,tw.gov.cec~txn~candidates-votes → tw.openfun~entity~geo,target_village_id=63000100-010
2002,內湖區,紫星里,紫星里,exact-district-li-name,verified,tw.gov.cec~txn~candidates-votes → tw.openfun~entity~geo,target_village_id=63000100-011
2002,內湖區,紫陽里,紫陽里,exact-district-li-name,verified,tw.gov.cec~txn~candidates-votes → tw.openfun~entity~geo,target_village_id=63000100-019
2002,內湖區,紫雲里,紫雲里,exact-district-li-name,verified,tw.gov.cec~txn~candidates-votes → tw.openfun~entity~geo,target_village_id=63000100-016
2002,內湖區,週美里,週美里,exact-district-li-name,verified,tw.gov.cec~txn~candidates-votes → tw.openfun~entity~geo,target_village_id=63000100-026
2002,內湖區,瑞光里,瑞光里,exact-district-li-name,verified,tw.gov.cec~txn~candidates-votes → tw.openfun~entity~geo,target_village_id=63000100-021
2002,內湖區,瑞陽里,瑞陽里,exact-district-li-name,verified,tw.gov.cec~txn~candidates-votes → tw.openfun~entity~geo,target_village_id=63000100-020
2002,內湖區,葫洲里,葫洲里,exact-district-li-name,verified,tw.gov.cec~txn~candidates-votes → tw.openfun~entity~geo,target_village_id=63000100-018
2002,內湖區,碧山里,碧山里,exact-district-li-name,verified,tw.gov.cec~txn~candidates-votes → tw.openfun~entity~geo,target_village_id=63000100-015
2002,內湖區,樂康里,樂康里,exact-district-li-name,verified,tw.gov.cec~txn~candidates-votes → tw.openfun~entity~geo,target_village_id=63000100-024
2002,內湖區,麗山里,麗山里,exact-district-li-name,verified,tw.gov.cec~txn~candidates-votes → tw.openfun~entity~geo,target_village_id=63000100-038
2002,內湖區,蘆洲里,蘆洲里,exact-district-li-name,verified,tw.gov.cec~txn~candidates-votes → tw.openfun~entity~geo,target_village_id=63000100-037
2002,文山區,木柵里,木柵里,exact-district-li-name,verified,tw.gov.cec~txn~candidates-votes → tw.openfun~entity~geo,target_village_id=63000080-027
2002,文山區,木新里,木新里,exact-district-li-name,verified,tw.gov.cec~txn~candidates-votes → tw.openfun~entity~geo,target_village_id=63000080-028
2002,文山區,老泉里,老泉里,exact-district-li-name,verified,tw.gov.cec~txn~candidates-votes → tw.openfun~entity~geo,target_village_id=63000080-037
2002,文山區,忠順里,忠順里,exact-district-li-name,verified,tw.gov.cec~txn~candidates-votes → tw.openfun~entity~geo,target_village_id=63000080-038
2002,文山區,明義里,明義里,exact-district-li-name,verified,tw.gov.cec~txn~candidates-votes → tw.openfun~entity~geo,target_village_id=63000080-025
2002,文山區,明興里,明興里,exact-district-li-name,verified,tw.gov.cec~txn~candidates-votes → tw.openfun~entity~geo,target_village_id=63000080-026
2002,文山區,指南里,指南里,exact-district-li-name,verified,tw.gov.cec~txn~candidates-votes → tw.openfun~entity~geo,target_village_id=63000080-036
2002,文山區,博嘉里,博嘉里,exact-district-li-name,verified,tw.gov.cec~txn~candidates-votes → tw.openfun~entity~geo,target_village_id=63000080-034
2002,文山區,景仁里,景仁里,exact-district-li-name,verified,tw.gov.cec~txn~candidates-votes → tw.openfun~entity~geo,target_village_id=63000080-005
2002,文山區,景行里,景行里,exact-district-li-name,verified,tw.gov.cec~txn~candidates-votes → tw.openfun~entity~geo,target_village_id=63000080-001
2002,文山區,景東里,景東里,exact-district-li-name,verified,tw.gov.cec~txn~candidates-votes → tw.openfun~entity~geo,target_village_id=63000080-002
2002,文山區,景美里,景美里,exact-district-li-name,verified,tw.gov.cec~txn~candidates-votes → tw.openfun~entity~geo,target_village_id=63000080-003
2002,文山區,景華里,景華里,exact-district-li-name,verified,tw.gov.cec~txn~candidates-votes → tw.openfun~entity~geo,target_village_id=63000080-006
2002,文山區,景慶里,景慶里,exact-district-li-name,verified,tw.gov.cec~txn~candidates-votes → tw.openfun~entity~geo,target_village_id=63000080-004
2002,文山區,華興里,華興里,exact-district-li-name,verified,tw.gov.cec~txn~candidates-votes → tw.openfun~entity~geo,target_village_id=63000080-024
2002,文山區,順興里,順興里,exact-district-li-name,verified,tw.gov.cec~txn~candidates-votes → tw.openfun~entity~geo,target_village_id=63000080-029
2002,文山區,萬年里,萬年里,exact-district-li-name,verified,tw.gov.cec~txn~candidates-votes → tw.openfun~entity~geo,target_village_id=63000080-010
2002,文山區,萬有里,萬有里,exact-district-li-name,verified,tw.gov.cec~txn~candidates-votes → tw.openfun~entity~geo,target_village_id=63000080-007
2002,文山區,萬和里,萬和里,exact-district-li-name,verified,tw.gov.cec~txn~candidates-votes → tw.openfun~entity~geo,target_village_id=63000080-011
2002,文山區,萬芳里,萬芳里,exact-district-li-name,verified,tw.gov.cec~txn~candidates-votes → tw.openfun~entity~geo,target_village_id=63000080-033
2002,文山區,萬美里,萬美里,exact-district-li-name,verified,tw.gov.cec~txn~candidates-votes → tw.openfun~entity~geo,target_village_id=63000080-039
2002,文山區,萬盛里,萬盛里,exact-district-li-name,verified,tw.gov.cec~txn~candidates-votes → tw.openfun~entity~geo,target_village_id=63000080-012
2002,文山區,萬祥里,萬祥里,exact-district-li-name,verified,tw.gov.cec~txn~candidates-votes → tw.openfun~entity~geo,target_village_id=63000080-008
2002,文山區,萬隆里,萬隆里,exact-district-li-name,verified,tw.gov.cec~txn~candidates-votes → tw.openfun~entity~geo,target_village_id=63000080-009
2002,文山區,萬興里,萬興里,exact-district-li-name,verified,tw.gov.cec~txn~candidates-votes → tw.openfun~entity~geo,target_village_id=63000080-035
2002,文山區,試院里,試院里,exact-district-li-name,verified,tw.gov.cec~txn~candidates-votes → tw.openfun~entity~geo,target_village_id=63000080-023
2002,文山區,樟林里,樟林里,exact-district-li-name,verified,tw.gov.cec~txn~candidates-votes → tw.openfun~entity~geo,target_village_id=63000080-030
2002,文山區,樟新里,樟新里,exact-district-li-name,verified,tw.gov.cec~txn~candidates-votes → tw.openfun~entity~geo,target_village_id=63000080-031
2002,文山區,樟腳里,樟腳里,exact-district-li-name,verified,tw.gov.cec~txn~candidates-votes → tw.openfun~entity~geo,target_village_id=63000080-032
2002,文山區,興光里,興光里,exact-district-li-name,verified,tw.gov.cec~txn~candidates-votes → tw.openfun~entity~geo,target_village_id=63000080-014
2002,文山區,興安里,興安里,exact-district-li-name,verified,tw.gov.cec~txn~candidates-votes → tw.openfun~entity~geo,target_village_id=63000080-018
2002,文山區,興旺里,興旺里,exact-district-li-name,verified,tw.gov.cec~txn~candidates-votes → tw.openfun~entity~geo,target_village_id=63000080-020
2002,文山區,興昌里,興昌里,exact-district-li-name,verified,tw.gov.cec~txn~candidates-votes → tw.openfun~entity~geo,target_village_id=63000080-022
2002,文山區,興家里,興家里,exact-district-li-name,verified,tw.gov.cec~txn~candidates-votes → tw.openfun~entity~geo,target_village_id=63000080-015
2002,文山區,興泰里,興泰里,exact-district-li-name,verified,tw.gov.cec~txn~candidates-votes → tw.openfun~entity~geo,target_village_id=63000080-021
2002,文山區,興得里,興得里,exact-district-li-name,verified,tw.gov.cec~txn~candidates-votes → tw.openfun~entity~geo,target_village_id=63000080-016
2002,文山區,興業里,興業里,exact-district-li-name,verified,tw.gov.cec~txn~candidates-votes → tw.openfun~entity~geo,target_village_id=63000080-017
2002,文山區,興福里,興福里,exact-district-li-name,verified,tw.gov.cec~txn~candidates-votes → tw.openfun~entity~geo,target_village_id=63000080-019
2002,文山區,興豐里,興豐里,exact-district-li-name,verified,tw.gov.cec~txn~candidates-votes → tw.openfun~entity~geo,target_village_id=63000080-013
2002,北投區,一德里,一德里,exact-district-li-name,verified,tw.gov.cec~txn~candidates-votes → tw.openfun~entity~geo,target_village_id=63000120-037
2002,北投區,八仙里,八仙里,exact-district-li-name,verified,tw.gov.cec~txn~candidates-votes → tw.openfun~entity~geo,target_village_id=63000120-018
2002,北投區,大屯里,大屯里,exact-district-li-name,verified,tw.gov.cec~txn~candidates-votes → tw.openfun~entity~geo,target_village_id=63000120-041
2002,北投區,大同里,大同里,exact-district-li-name,verified,tw.gov.cec~txn~candidates-votes → tw.openfun~entity~geo,target_village_id=63000120-024
2002,北投區,中心里,中心里,exact-district-li-name,verified,tw.gov.cec~txn~candidates-votes → tw.openfun~entity~geo,target_village_id=63000120-027
2002,北投區,中央里,中央里,exact-district-li-name,verified,tw.gov.cec~txn~candidates-votes → tw.openfun~entity~geo,target_village_id=63000120-022
2002,北投區,中和里,中和里,exact-district-li-name,verified,tw.gov.cec~txn~candidates-votes → tw.openfun~entity~geo,target_village_id=63000120-030
2002,北投區,中庸里,中庸里,exact-district-li-name,verified,tw.gov.cec~txn~candidates-votes → tw.openfun~entity~geo,target_village_id=63000120-028
2002,北投區,文化里,文化里,exact-district-li-name,verified,tw.gov.cec~txn~candidates-votes → tw.openfun~entity~geo,target_village_id=63000120-033
2002,北投區,文林里,文林里,exact-district-li-name,verified,tw.gov.cec~txn~candidates-votes → tw.openfun~entity~geo,target_village_id=63000120-002
2002,北投區,永和里,永和里,exact-district-li-name,verified,tw.gov.cec~txn~candidates-votes → tw.openfun~entity~geo,target_village_id=63000120-009
2002,北投區,永明里,永明里,exact-district-li-name,verified,tw.gov.cec~txn~candidates-votes → tw.openfun~entity~geo,target_village_id=63000120-011
2002,北投區,永欣里,永欣里,exact-district-li-name,verified,tw.gov.cec~txn~candidates-votes → tw.openfun~entity~geo,target_village_id=63000120-010
2002,北投區,石牌里,石牌里,exact-district-li-name,verified,tw.gov.cec~txn~candidates-votes → tw.openfun~entity~geo,target_village_id=63000120-003
2002,北投區,立農里,立農里,exact-district-li-name,verified,tw.gov.cec~txn~candidates-votes → tw.openfun~entity~geo,target_village_id=63000120-017
2002,北投區,立賢里,立賢里,exact-district-li-name,verified,tw.gov.cec~txn~candidates-votes → tw.openfun~entity~geo,target_village_id=63000120-016
2002,北投區,吉利里,吉利里,exact-district-li-name,verified,tw.gov.cec~txn~candidates-votes → tw.openfun~entity~geo,target_village_id=63000120-013
2002,北投區,吉慶里,吉慶里,exact-district-li-name,verified,tw.gov.cec~txn~candidates-votes → tw.openfun~entity~geo,target_village_id=63000120-014
2002,北投區,秀山里,秀山里,exact-district-li-name,verified,tw.gov.cec~txn~candidates-votes → tw.openfun~entity~geo,target_village_id=63000120-032
2002,北投區,奇岩里,奇岩里,exact-district-li-name,verified,tw.gov.cec~txn~candidates-votes → tw.openfun~entity~geo,target_village_id=63000120-020
2002,北投區,東華里,東華里,exact-district-li-name,verified,tw.gov.cec~txn~candidates-votes → tw.openfun~entity~geo,target_village_id=63000120-012
2002,北投區,林泉里,林泉里,exact-district-li-name,verified,tw.gov.cec~txn~candidates-votes → tw.openfun~entity~geo,target_village_id=63000120-026
2002,北投區,長安里,長安里,exact-district-li-name,verified,tw.gov.cec~txn~candidates-votes → tw.openfun~entity~geo,target_village_id=63000120-023
2002,北投區,建民里,建民里,exact-district-li-name,verified,tw.gov.cec~txn~candidates-votes → tw.openfun~entity~geo,target_village_id=63000120-001
2002,北投區,泉源里,泉源里,exact-district-li-name,verified,tw.gov.cec~txn~candidates-votes → tw.openfun~entity~geo,target_village_id=63000120-039
2002,北投區,洲美里,洲美里,exact-district-li-name,verified,tw.gov.cec~txn~candidates-votes → tw.openfun~entity~geo,target_village_id=63000120-019
2002,北投區,振華里,振華里,exact-district-li-name,verified,tw.gov.cec~txn~candidates-votes → tw.openfun~entity~geo,target_village_id=63000120-008
2002,北投區,桃源里,桃源里,exact-district-li-name,verified,tw.gov.cec~txn~candidates-votes → tw.openfun~entity~geo,target_village_id=63000120-036
2002,北投區,清江里,清江里,exact-district-li-name,verified,tw.gov.cec~txn~candidates-votes → tw.openfun~entity~geo,target_village_id=63000120-021
2002,北投區,尊賢里,尊賢里,exact-district-li-name,verified,tw.gov.cec~txn~candidates-votes → tw.openfun~entity~geo,target_village_id=63000120-015
2002,北投區,智仁里,智仁里,exact-district-li-name,verified,tw.gov.cec~txn~candidates-votes → tw.openfun~entity~geo,target_village_id=63000120-031
2002,北投區,湖山里,湖山里,exact-district-li-name,verified,tw.gov.cec~txn~candidates-votes → tw.openfun~entity~geo,target_village_id=63000120-040
2002,北投區,湖田里,湖田里,exact-district-li-name,verified,tw.gov.cec~txn~candidates-votes → tw.openfun~entity~geo,target_village_id=63000120-042
2002,北投區,開明里,開明里,exact-district-li-name,verified,tw.gov.cec~txn~candidates-votes → tw.openfun~entity~geo,target_village_id=63000120-029
2002,北投區,溫泉里,溫泉里,exact-district-li-name,verified,tw.gov.cec~txn~candidates-votes → tw.openfun~entity~geo,target_village_id=63000120-025
2002,北投區,裕民里,裕民里,exact-district-li-name,verified,tw.gov.cec~txn~candidates-votes → tw.openfun~entity~geo,target_village_id=63000120-007
2002,北投區,榮光里,榮光里,exact-district-li-name,verified,tw.gov.cec~txn~candidates-votes → tw.openfun~entity~geo,target_village_id=63000120-005
2002,北投區,榮華里,榮華里,exact-district-li-name,verified,tw.gov.cec~txn~candidates-votes → tw.openfun~entity~geo,target_village_id=63000120-006
2002,北投區,福興里,福興里,exact-district-li-name,verified,tw.gov.cec~txn~candidates-votes → tw.openfun~entity~geo,target_village_id=63000120-004
2002,北投區,稻香里,稻香里,exact-district-li-name,verified,tw.gov.cec~txn~candidates-votes → tw.openfun~entity~geo,target_village_id=63000120-035
2002,北投區,豐年里,豐年里,exact-district-li-name,verified,tw.gov.cec~txn~candidates-votes → tw.openfun~entity~geo,target_village_id=63000120-034
2002,北投區,關渡里,關渡里,exact-district-li-name,verified,tw.gov.cec~txn~candidates-votes → tw.openfun~entity~geo,target_village_id=63000120-038
2002,松山區,三民里,三民里,exact-district-li-name,verified,tw.gov.cec~txn~candidates-votes → tw.openfun~entity~geo,target_village_id=63000010-004
2002,松山區,中正里,中正里,exact-district-li-name,verified,tw.gov.cec~txn~candidates-votes → tw.openfun~entity~geo,target_village_id=63000010-026
2002,松山區,中崙里,中崙里,exact-district-li-name,verified,tw.gov.cec~txn~candidates-votes → tw.openfun~entity~geo,target_village_id=63000010-027
2002,松山區,中華里,中華里,exact-district-li-name,verified,tw.gov.cec~txn~candidates-votes → tw.openfun~entity~geo,target_village_id=63000010-015
2002,松山區,介壽里,介壽里,exact-district-li-name,verified,tw.gov.cec~txn~candidates-votes → tw.openfun~entity~geo,target_village_id=63000010-009
2002,松山區,民有里,民有里,exact-district-li-name,verified,tw.gov.cec~txn~candidates-votes → tw.openfun~entity~geo,target_village_id=63000010-016
2002,松山區,民福里,民福里,exact-district-li-name,verified,tw.gov.cec~txn~candidates-votes → tw.openfun~entity~geo,target_village_id=63000010-017
2002,松山區,吉仁里,吉仁里,exact-district-li-name,verified,tw.gov.cec~txn~candidates-votes → tw.openfun~entity~geo,target_village_id=63000010-029
2002,松山區,吉祥里,吉祥里,exact-district-li-name,verified,tw.gov.cec~txn~candidates-votes → tw.openfun~entity~geo,target_village_id=63000010-022
2002,松山區,安平里,安平里,exact-district-li-name,verified,tw.gov.cec~txn~candidates-votes → tw.openfun~entity~geo,target_village_id=63000010-019
2002,松山區,自強里,自強里,exact-district-li-name,verified,tw.gov.cec~txn~candidates-votes → tw.openfun~entity~geo,target_village_id=63000010-021
2002,松山區,東光里,東光里,exact-district-li-name,verified,tw.gov.cec~txn~candidates-votes → tw.openfun~entity~geo,target_village_id=63000010-011
2002,松山區,東昌里,東昌里,exact-district-li-name,verified,tw.gov.cec~txn~candidates-votes → tw.openfun~entity~geo,target_village_id=63000010-013
2002,松山區,東勢里,東勢里,exact-district-li-name,verified,tw.gov.cec~txn~candidates-votes → tw.openfun~entity~geo,target_village_id=63000010-014
2002,松山區,東榮里,東榮里,exact-district-li-name,verified,tw.gov.cec~txn~candidates-votes → tw.openfun~entity~geo,target_village_id=63000010-003
2002,松山區,松基里,松基里,exact-district-li-name,verified,tw.gov.cec~txn~candidates-votes → tw.openfun~entity~geo,target_village_id=63000010-035
2002,松山區,美仁里,美仁里,exact-district-li-name,verified,tw.gov.cec~txn~candidates-votes → tw.openfun~entity~geo,target_village_id=63000010-028
2002,松山區,莊敬里,莊敬里,exact-district-li-name,verified,tw.gov.cec~txn~candidates-votes → tw.openfun~entity~geo,target_village_id=63000010-002
2002,松山區,富泰里,富泰里,exact-district-li-name,verified,tw.gov.cec~txn~candidates-votes → tw.openfun~entity~geo,target_village_id=63000010-008
2002,松山區,富錦里,富錦里,exact-district-li-name,verified,tw.gov.cec~txn~candidates-votes → tw.openfun~entity~geo,target_village_id=63000010-006
2002,松山區,復建里,復建里,exact-district-li-name,verified,tw.gov.cec~txn~candidates-votes → tw.openfun~entity~geo,target_village_id=63000010-032
2002,松山區,復盛里,復盛里,exact-district-li-name,verified,tw.gov.cec~txn~candidates-votes → tw.openfun~entity~geo,target_village_id=63000010-025
2002,松山區,復勢里,復勢里,exact-district-li-name,verified,tw.gov.cec~txn~candidates-votes → tw.openfun~entity~geo,target_village_id=63000010-033
2002,松山區,復源里,復源里,exact-district-li-name,verified,tw.gov.cec~txn~candidates-votes → tw.openfun~entity~geo,target_village_id=63000010-031
2002,松山區,敦化里,敦化里,exact-district-li-name,verified,tw.gov.cec~txn~candidates-votes → tw.openfun~entity~geo,target_village_id=63000010-030
2002,松山區,新東里,新東里,exact-district-li-name,verified,tw.gov.cec~txn~candidates-votes → tw.openfun~entity~geo,target_village_id=63000010-007
2002,松山區,新益里,新益里,exact-district-li-name,verified,tw.gov.cec~txn~candidates-votes → tw.openfun~entity~geo,target_village_id=63000010-005
2002,松山區,新聚里,新聚里,exact-district-li-name,verified,tw.gov.cec~txn~candidates-votes → tw.openfun~entity~geo,target_village_id=63000010-024
2002,松山區,慈祐里,慈祐里,exact-district-li-name,verified,tw.gov.cec~txn~candidates-votes → tw.openfun~entity~geo,target_village_id=63000010-018
2002,松山區,福成里,福成里,exact-district-li-name,verified,tw.gov.cec~txn~candidates-votes → tw.openfun~entity~geo,target_village_id=63000010-034
2002,松山區,精忠里,精忠里,exact-district-li-name,verified,tw.gov.cec~txn~candidates-votes → tw.openfun~entity~geo,target_village_id=63000010-010
2002,松山區,龍田里,龍田里,exact-district-li-name,verified,tw.gov.cec~txn~candidates-votes → tw.openfun~entity~geo,target_village_id=63000010-012
2002,松山區,鵬程里,鵬程里,exact-district-li-name,verified,tw.gov.cec~txn~candidates-votes → tw.openfun~entity~geo,target_village_id=63000010-020
2002,信義區,三張里,三張里,exact-district-li-name,verified,tw.gov.cec~txn~candidates-votes → tw.openfun~entity~geo,target_village_id=63000020-030
2002,信義區,三犁里,三犁里,exact-district-li-name,verified,tw.gov.cec~txn~candidates-votes → tw.openfun~entity~geo,target_village_id=63000020-031
2002,信義區,大仁里,大仁里,exact-district-li-name,verified,tw.gov.cec~txn~candidates-votes → tw.openfun~entity~geo,target_village_id=63000020-027
2002,信義區,大道里,大道里,exact-district-li-name,verified,tw.gov.cec~txn~candidates-votes → tw.openfun~entity~geo,target_village_id=63000020-026
2002,信義區,中行里,中行里,exact-district-li-name,verified,tw.gov.cec~txn~candidates-votes → tw.openfun~entity~geo,target_village_id=63000020-025
2002,信義區,中坡里,中坡里,exact-district-li-name,verified,tw.gov.cec~txn~candidates-votes → tw.openfun~entity~geo,target_village_id=63000020-024
2002,信義區,中興里,中興里,exact-district-li-name,verified,tw.gov.cec~txn~candidates-votes → tw.openfun~entity~geo,target_village_id=63000020-004
2002,信義區,五全里,五全里,exact-district-li-name,verified,tw.gov.cec~txn~candidates-votes → tw.openfun~entity~geo,target_village_id=63000020-013
2002,信義區,五常里,五常里,exact-district-li-name,verified,tw.gov.cec~txn~candidates-votes → tw.openfun~entity~geo,target_village_id=63000020-012
2002,信義區,六合里,六合里,exact-district-li-name,verified,tw.gov.cec~txn~candidates-votes → tw.openfun~entity~geo,target_village_id=63000020-032
2002,信義區,六藝里,六藝里,exact-district-li-name,verified,tw.gov.cec~txn~candidates-votes → tw.openfun~entity~geo,target_village_id=63000020-010
2002,信義區,四育里,四育里,exact-district-li-name,verified,tw.gov.cec~txn~candidates-votes → tw.openfun~entity~geo,target_village_id=63000020-016
2002,信義區,四維里,四維里,exact-district-li-name,verified,tw.gov.cec~txn~candidates-votes → tw.openfun~entity~geo,target_village_id=63000020-017
2002,信義區,正和里,正和里,exact-district-li-name,verified,tw.gov.cec~txn~candidates-votes → tw.openfun~entity~geo,target_village_id=63000020-002
2002,信義區,永吉里,永吉里,exact-district-li-name,verified,tw.gov.cec~txn~candidates-votes → tw.openfun~entity~geo,target_village_id=63000020-014
2002,信義區,永春里,永春里,exact-district-li-name,verified,tw.gov.cec~txn~candidates-votes → tw.openfun~entity~geo,target_village_id=63000020-018
2002,信義區,安康里,安康里,exact-district-li-name,verified,tw.gov.cec~txn~candidates-votes → tw.openfun~entity~geo,target_village_id=63000020-009
2002,信義區,西村里,西村里,exact-district-li-name,verified,tw.gov.cec~txn~candidates-votes → tw.openfun~entity~geo,target_village_id=63000020-001
2002,信義區,松友里,松友里,exact-district-li-name,verified,tw.gov.cec~txn~candidates-votes → tw.openfun~entity~geo,target_village_id=63000020-022
2002,信義區,松光里,松光里,exact-district-li-name,verified,tw.gov.cec~txn~candidates-votes → tw.openfun~entity~geo,target_village_id=63000020-023
2002,信義區,松隆里,松隆里,exact-district-li-name,verified,tw.gov.cec~txn~candidates-votes → tw.openfun~entity~geo,target_village_id=63000020-021
2002,信義區,長春里,長春里,exact-district-li-name,verified,tw.gov.cec~txn~candidates-votes → tw.openfun~entity~geo,target_village_id=63000020-015
2002,信義區,泰和里,泰和里,exact-district-li-name,verified,tw.gov.cec~txn~candidates-votes → tw.openfun~entity~geo,target_village_id=63000020-033
2002,信義區,國業里,國業里,exact-district-li-name,verified,tw.gov.cec~txn~candidates-votes → tw.openfun~entity~geo,target_village_id=63000020-020
2002,信義區,富台里,富台里,exact-district-li-name,verified,tw.gov.cec~txn~candidates-votes → tw.openfun~entity~geo,target_village_id=63000020-019
2002,信義區,惠安里,惠安里,exact-district-li-name,verified,tw.gov.cec~txn~candidates-votes → tw.openfun~entity~geo,target_village_id=63000020-029
2002,信義區,敦厚里,敦厚里,exact-district-li-name,verified,tw.gov.cec~txn~candidates-votes → tw.openfun~entity~geo,target_village_id=63000020-007
2002,信義區,景勤里,景勤里,exact-district-li-name,verified,tw.gov.cec~txn~candidates-votes → tw.openfun~entity~geo,target_village_id=63000020-035
2002,信義區,景新里,景新里,exact-district-li-name,verified,tw.gov.cec~txn~candidates-votes → tw.openfun~entity~geo,target_village_id=63000020-028
2002,信義區,景聯里,景聯里,exact-district-li-name,verified,tw.gov.cec~txn~candidates-votes → tw.openfun~entity~geo,target_village_id=63000020-034
2002,信義區,雅祥里,雅祥里,exact-district-li-name,verified,tw.gov.cec~txn~candidates-votes → tw.openfun~entity~geo,target_village_id=63000020-011
2002,信義區,新仁里,新仁里,exact-district-li-name,verified,tw.gov.cec~txn~candidates-votes → tw.openfun~entity~geo,target_village_id=63000020-005
2002,信義區,嘉興里,嘉興里,exact-district-li-name,verified,tw.gov.cec~txn~candidates-votes → tw.openfun~entity~geo,target_village_id=63000020-037
2002,信義區,廣居里,廣居里,exact-district-li-name,verified,tw.gov.cec~txn~candidates-votes → tw.openfun~entity~geo,target_village_id=63000020-008
2002,信義區,黎平里,黎平里,exact-district-li-name,verified,tw.gov.cec~txn~candidates-votes → tw.openfun~entity~geo,target_village_id=63000020-039
2002,信義區,黎安里,黎安里,exact-district-li-name,verified,tw.gov.cec~txn~candidates-votes → tw.openfun~entity~geo,target_village_id=63000020-041
2002,信義區,黎忠里,黎忠里,exact-district-li-name,verified,tw.gov.cec~txn~candidates-votes → tw.openfun~entity~geo,target_village_id=63000020-040
2002,信義區,黎順里,黎順里,exact-district-li-name,verified,tw.gov.cec~txn~candidates-votes → tw.openfun~entity~geo,target_village_id=63000020-038
2002,信義區,興隆里,興隆里,exact-district-li-name,verified,tw.gov.cec~txn~candidates-votes → tw.openfun~entity~geo,target_village_id=63000020-003
2002,信義區,興雅里,興雅里,exact-district-li-name,verified,tw.gov.cec~txn~candidates-votes → tw.openfun~entity~geo,target_village_id=63000020-006
2002,信義區,雙和里,雙和里,exact-district-li-name,verified,tw.gov.cec~txn~candidates-votes → tw.openfun~entity~geo,target_village_id=63000020-036
2002,南港區,九如里,九如里,exact-district-li-name,verified,tw.gov.cec~txn~candidates-votes → tw.openfun~entity~geo,target_village_id=63000090-018
2002,南港區,三重里,三重里,exact-district-li-name,verified,tw.gov.cec~txn~candidates-votes → tw.openfun~entity~geo,target_village_id=63000090-004
2002,南港區,中南里,中南里,exact-district-li-name,verified,tw.gov.cec~txn~candidates-votes → tw.openfun~entity~geo,target_village_id=63000090-002
2002,南港區,中研里,中研里,exact-district-li-name,verified,tw.gov.cec~txn~candidates-votes → tw.openfun~entity~geo,target_village_id=63000090-017
2002,南港區,仁福里,仁福里,exact-district-li-name,verified,tw.gov.cec~txn~candidates-votes → tw.openfun~entity~geo,target_village_id=63000090-019
2002,南港區,玉成里,玉成里,exact-district-li-name,verified,tw.gov.cec~txn~candidates-votes → tw.openfun~entity~geo,target_village_id=63000090-009
2002,南港區,合成里,合成里,exact-district-li-name,verified,tw.gov.cec~txn~candidates-votes → tw.openfun~entity~geo,target_village_id=63000090-010
2002,南港區,成福里,成福里,exact-district-li-name,verified,tw.gov.cec~txn~candidates-votes → tw.openfun~entity~geo,target_village_id=63000090-011
2002,南港區,百福里,百福里,exact-district-li-name,verified,tw.gov.cec~txn~candidates-votes → tw.openfun~entity~geo,target_village_id=63000090-014
2002,南港區,西新里,西新里,exact-district-li-name,verified,tw.gov.cec~txn~candidates-votes → tw.openfun~entity~geo,target_village_id=63000090-008
2002,南港區,東明里,東明里,exact-district-li-name,verified,tw.gov.cec~txn~candidates-votes → tw.openfun~entity~geo,target_village_id=63000090-007
2002,南港區,東新里,東新里,exact-district-li-name,verified,tw.gov.cec~txn~candidates-votes → tw.openfun~entity~geo,target_village_id=63000090-005
2002,南港區,南港里,南港里,exact-district-li-name,verified,tw.gov.cec~txn~candidates-votes → tw.openfun~entity~geo,target_village_id=63000090-001
2002,南港區,新光里,新光里,exact-district-li-name,verified,tw.gov.cec~txn~candidates-votes → tw.openfun~entity~geo,target_village_id=63000090-006
2002,南港區,新富里,新富里,exact-district-li-name,verified,tw.gov.cec~txn~candidates-votes → tw.openfun~entity~geo,target_village_id=63000090-003
2002,南港區,萬福里,萬福里,exact-district-li-name,verified,tw.gov.cec~txn~candidates-votes → tw.openfun~entity~geo,target_village_id=63000090-012
2002,南港區,聯成里,聯成里,exact-district-li-name,verified,tw.gov.cec~txn~candidates-votes → tw.openfun~entity~geo,target_village_id=63000090-015
2002,南港區,鴻福里,鴻福里,exact-district-li-name,verified,tw.gov.cec~txn~candidates-votes → tw.openfun~entity~geo,target_village_id=63000090-013
2002,南港區,舊莊里,舊莊里,exact-district-li-name,verified,tw.gov.cec~txn~candidates-votes → tw.openfun~entity~geo,target_village_id=63000090-016
2002,萬華區,仁德里,仁德里,exact-district-li-name,verified,tw.gov.cec~txn~candidates-votes → tw.openfun~entity~geo,target_village_id=63000070-009
2002,萬華區,日祥里,日祥里,exact-district-li-name,verified,tw.gov.cec~txn~candidates-votes → tw.openfun~entity~geo,target_village_id=63000070-033
2002,萬華區,日善里,日善里,exact-district-li-name,verified,tw.gov.cec~txn~candidates-votes → tw.openfun~entity~geo,target_village_id=63000070-020
2002,萬華區,全德里,全德里,exact-district-li-name,verified,tw.gov.cec~txn~candidates-votes → tw.openfun~entity~geo,target_village_id=63000070-026
2002,萬華區,西門里,西門里,exact-district-li-name,verified,tw.gov.cec~txn~candidates-votes → tw.openfun~entity~geo,target_village_id=63000070-003
2002,萬華區,孝德里,孝德里,exact-district-li-name,verified,tw.gov.cec~txn~candidates-votes → tw.openfun~entity~geo,target_village_id=63000070-023
2002,萬華區,和平里,和平里,exact-district-li-name,verified,tw.gov.cec~txn~candidates-votes → tw.openfun~entity~geo,target_village_id=63000070-016
2002,萬華區,和德里,和德里,exact-district-li-name,verified,tw.gov.cec~txn~candidates-votes → tw.openfun~entity~geo,target_village_id=63000070-024
2002,萬華區,忠貞里,忠貞里,exact-district-li-name,verified,tw.gov.cec~txn~candidates-votes → tw.openfun~entity~geo,target_village_id=63000070-034
2002,萬華區,忠德里,忠德里,exact-district-li-name,verified,tw.gov.cec~txn~candidates-votes → tw.openfun~entity~geo,target_village_id=63000070-022
2002,萬華區,青山里,青山里,exact-district-li-name,verified,tw.gov.cec~txn~candidates-votes → tw.openfun~entity~geo,target_village_id=63000070-006
2002,萬華區,保德里,保德里,exact-district-li-name,verified,tw.gov.cec~txn~candidates-votes → tw.openfun~entity~geo,target_village_id=63000070-027
2002,萬華區,柳鄉里,柳鄉里,exact-district-li-name,verified,tw.gov.cec~txn~candidates-votes → tw.openfun~entity~geo,target_village_id=63000070-019
2002,萬華區,凌霄里,凌霄里,exact-district-li-name,verified,tw.gov.cec~txn~candidates-votes → tw.openfun~entity~geo,target_village_id=63000070-035
2002,萬華區,頂碩里,頂碩里,exact-district-li-name,verified,tw.gov.cec~txn~candidates-votes → tw.openfun~entity~geo,target_village_id=63000070-011
2002,萬華區,富民里,富民里,exact-district-li-name,verified,tw.gov.cec~txn~candidates-votes → tw.openfun~entity~geo,target_village_id=63000070-007
2002,萬華區,富福里,富福里,exact-district-li-name,verified,tw.gov.cec~txn~candidates-votes → tw.openfun~entity~geo,target_village_id=63000070-010
2002,萬華區,菜園里,菜園里,exact-district-li-name,verified,tw.gov.cec~txn~candidates-votes → tw.openfun~entity~geo,target_village_id=63000070-005
2002,萬華區,華中里,華中里,exact-district-li-name,verified,tw.gov.cec~txn~candidates-votes → tw.openfun~entity~geo,target_village_id=63000070-032
2002,萬華區,華江里,華江里,exact-district-li-name,verified,tw.gov.cec~txn~candidates-votes → tw.openfun~entity~geo,target_village_id=63000070-018
2002,萬華區,新安里,新安里,exact-district-li-name,verified,tw.gov.cec~txn~candidates-votes → tw.openfun~entity~geo,target_village_id=63000070-021
2002,萬華區,新和里,新和里,exact-district-li-name,verified,tw.gov.cec~txn~candidates-votes → tw.openfun~entity~geo,target_village_id=63000070-014
2002,萬華區,新忠里,新忠里,exact-district-li-name,verified,tw.gov.cec~txn~candidates-votes → tw.openfun~entity~geo,target_village_id=63000070-013
2002,萬華區,新起里,新起里,exact-district-li-name,verified,tw.gov.cec~txn~candidates-votes → tw.openfun~entity~geo,target_village_id=63000070-004
2002,萬華區,萬壽里,萬壽里,exact-district-li-name,verified,tw.gov.cec~txn~candidates-votes → tw.openfun~entity~geo,target_village_id=63000070-002
2002,萬華區,壽德里,壽德里,exact-district-li-name,verified,tw.gov.cec~txn~candidates-votes → tw.openfun~entity~geo,target_village_id=63000070-030
2002,萬華區,榮德里,榮德里,exact-district-li-name,verified,tw.gov.cec~txn~candidates-votes → tw.openfun~entity~geo,target_village_id=63000070-029
2002,萬華區,福星里,福星里,exact-district-li-name,verified,tw.gov.cec~txn~candidates-votes → tw.openfun~entity~geo,target_village_id=63000070-001
2002,萬華區,福音里,福音里,exact-district-li-name,verified,tw.gov.cec~txn~candidates-votes → tw.openfun~entity~geo,target_village_id=63000070-008
2002,萬華區,綠堤里,綠堤里,exact-district-li-name,verified,tw.gov.cec~txn~candidates-votes → tw.openfun~entity~geo,target_village_id=63000070-017
2002,萬華區,銘德里,銘德里,exact-district-li-name,verified,tw.gov.cec~txn~candidates-votes → tw.openfun~entity~geo,target_village_id=63000070-028
2002,萬華區,糖廍里,糖廍里,manual-cross-year-openfun-evidence,verified,OpenFun 2006 得票列的「臺北市萬華區糖廍里」經 polling-station 明確對應 63000070-015；2010 年資料再次確認。,target_village_id=63000070-015
2002,萬華區,興德里,興德里,exact-district-li-name,verified,tw.gov.cec~txn~candidates-votes → tw.openfun~entity~geo,target_village_id=63000070-031
2002,萬華區,錦德里,錦德里,exact-district-li-name,verified,tw.gov.cec~txn~candidates-votes → tw.openfun~entity~geo,target_village_id=63000070-025
2002,萬華區,雙園里,雙園里,exact-district-li-name,verified,tw.gov.cec~txn~candidates-votes → tw.openfun~entity~geo,target_village_id=63000070-012
2002,萬華區,騰雲里,騰雲里,exact-district-li-name,verified,tw.gov.cec~txn~candidates-votes → tw.openfun~entity~geo,target_village_id=63000070-036
2006,士林區,三玉里,三玉里,polling-station-single-village,verified,tw.gov.cec~ref~polling-station.識別碼 → 村里代碼 → tw.openfun~entity~geo,target_village_id=63000110-033
2006,士林區,仁勇里,仁勇里,polling-station-single-village,verified,tw.gov.cec~ref~polling-station.識別碼 → 村里代碼 → tw.openfun~entity~geo,target_village_id=63000110-001
2006,士林區,公館里,公館里,polling-station-single-village,verified,tw.gov.cec~ref~polling-station.識別碼 → 村里代碼 → tw.openfun~entity~geo,target_village_id=63000110-044
2006,士林區,天山里,天山里,polling-station-single-village,verified,tw.gov.cec~ref~polling-station.識別碼 → 村里代碼 → tw.openfun~entity~geo,target_village_id=63000110-040
2006,士林區,天母里,天母里,polling-station-single-village,verified,tw.gov.cec~ref~polling-station.識別碼 → 村里代碼 → tw.openfun~entity~geo,target_village_id=63000110-042
2006,士林區,天玉里,天玉里,polling-station-single-village,verified,tw.gov.cec~ref~polling-station.識別碼 → 村里代碼 → tw.openfun~entity~geo,target_village_id=63000110-041
2006,士林區,天和里,天和里,polling-station-single-village,verified,tw.gov.cec~ref~polling-station.識別碼 → 村里代碼 → tw.openfun~entity~geo,target_village_id=63000110-039
2006,士林區,天祿里,天祿里,polling-station-single-village,verified,tw.gov.cec~ref~polling-station.識別碼 → 村里代碼 → tw.openfun~entity~geo,target_village_id=63000110-037
2006,士林區,天壽里,天壽里,polling-station-single-village,verified,tw.gov.cec~ref~polling-station.識別碼 → 村里代碼 → tw.openfun~entity~geo,target_village_id=63000110-038
2006,士林區,天福里,天福里,polling-station-single-village,verified,tw.gov.cec~ref~polling-station.識別碼 → 村里代碼 → tw.openfun~entity~geo,target_village_id=63000110-036
2006,士林區,平等里,平等里,polling-station-single-village,verified,tw.gov.cec~ref~polling-station.識別碼 → 村里代碼 → tw.openfun~entity~geo,target_village_id=63000110-048
2006,士林區,永倫里,永倫里,polling-station-single-village,verified,tw.gov.cec~ref~polling-station.識別碼 → 村里代碼 → tw.openfun~entity~geo,target_village_id=63000110-022
2006,士林區,永福里,永福里,polling-station-single-village,verified,tw.gov.cec~ref~polling-station.識別碼 → 村里代碼 → tw.openfun~entity~geo,target_village_id=63000110-043
2006,士林區,名山里,名山里,polling-station-single-village,verified,tw.gov.cec~ref~polling-station.識別碼 → 村里代碼 → tw.openfun~entity~geo,target_village_id=63000110-026
2006,士林區,百齡里,百齡里,polling-station-single-village,verified,tw.gov.cec~ref~polling-station.識別碼 → 村里代碼 → tw.openfun~entity~geo,target_village_id=63000110-011
2006,士林區,岩山里,岩山里,polling-station-single-village,verified,tw.gov.cec~ref~polling-station.識別碼 → 村里代碼 → tw.openfun~entity~geo,target_village_id=63000110-025
2006,士林區,忠誠里,忠誠里,polling-station-single-village,verified,tw.gov.cec~ref~polling-station.識別碼 → 村里代碼 → tw.openfun~entity~geo,target_village_id=63000110-030
2006,士林區,承德里,承德里,polling-station-single-village,verified,tw.gov.cec~ref~polling-station.識別碼 → 村里代碼 → tw.openfun~entity~geo,target_village_id=63000110-012
2006,士林區,明勝里,明勝里,polling-station-single-village,verified,tw.gov.cec~ref~polling-station.識別碼 → 村里代碼 → tw.openfun~entity~geo,target_village_id=63000110-014
2006,士林區,東山里,東山里,polling-station-single-village,verified,tw.gov.cec~ref~polling-station.識別碼 → 村里代碼 → tw.openfun~entity~geo,target_village_id=63000110-032
2006,士林區,社子里,社子里,polling-station-single-village,verified,tw.gov.cec~ref~polling-station.識別碼 → 村里代碼 → tw.openfun~entity~geo,target_village_id=63000110-019
2006,士林區,社園里,社園里,polling-station-single-village,verified,tw.gov.cec~ref~polling-station.識別碼 → 村里代碼 → tw.openfun~entity~geo,target_village_id=63000110-021
2006,士林區,社新里,社新里,polling-station-single-village,verified,tw.gov.cec~ref~polling-station.識別碼 → 村里代碼 → tw.openfun~entity~geo,target_village_id=63000110-020
2006,士林區,芝山里,芝山里,polling-station-single-village,verified,tw.gov.cec~ref~polling-station.識別碼 → 村里代碼 → tw.openfun~entity~geo,target_village_id=63000110-031
2006,士林區,前港里,前港里,polling-station-single-village,verified,tw.gov.cec~ref~polling-station.識別碼 → 村里代碼 → tw.openfun~entity~geo,target_village_id=63000110-010
2006,士林區,後港里,後港里,polling-station-single-village,verified,tw.gov.cec~ref~polling-station.識別碼 → 村里代碼 → tw.openfun~entity~geo,target_village_id=63000110-008
2006,士林區,富光里,富光里,polling-station-single-village,verified,tw.gov.cec~ref~polling-station.識別碼 → 村里代碼 → tw.openfun~entity~geo,target_village_id=63000110-016
2006,士林區,富洲里,富洲里,polling-station-single-village,verified,tw.gov.cec~ref~polling-station.識別碼 → 村里代碼 → tw.openfun~entity~geo,target_village_id=63000110-024
2006,士林區,菁山里,菁山里,polling-station-single-village,verified,tw.gov.cec~ref~polling-station.識別碼 → 村里代碼 → tw.openfun~entity~geo,target_village_id=63000110-047
2006,士林區,陽明里,陽明里,polling-station-single-village,verified,tw.gov.cec~ref~polling-station.識別碼 → 村里代碼 → tw.openfun~entity~geo,target_village_id=63000110-046
2006,士林區,新安里,新安里,polling-station-single-village,verified,tw.gov.cec~ref~polling-station.識別碼 → 村里代碼 → tw.openfun~entity~geo,target_village_id=63000110-045
2006,士林區,溪山里,溪山里,polling-station-single-village,verified,tw.gov.cec~ref~polling-station.識別碼 → 村里代碼 → tw.openfun~entity~geo,target_village_id=63000110-049
2006,士林區,義信里,義信里,polling-station-single-village,verified,tw.gov.cec~ref~polling-station.識別碼 → 村里代碼 → tw.openfun~entity~geo,target_village_id=63000110-002
2006,士林區,聖山里,聖山里,polling-station-single-village,verified,tw.gov.cec~ref~polling-station.識別碼 → 村里代碼 → tw.openfun~entity~geo,target_village_id=63000110-029
2006,士林區,葫東里,葫東里,polling-station-single-village,verified,tw.gov.cec~ref~polling-station.識別碼 → 村里代碼 → tw.openfun~entity~geo,target_village_id=63000110-018
2006,士林區,葫蘆里,葫蘆里,polling-station-single-village,verified,tw.gov.cec~ref~polling-station.識別碼 → 村里代碼 → tw.openfun~entity~geo,target_village_id=63000110-017
2006,士林區,福中里,福中里,polling-station-single-village,verified,tw.gov.cec~ref~polling-station.識別碼 → 村里代碼 → tw.openfun~entity~geo,target_village_id=63000110-009
2006,士林區,福安里,福安里,polling-station-single-village,verified,tw.gov.cec~ref~polling-station.識別碼 → 村里代碼 → tw.openfun~entity~geo,target_village_id=63000110-023
2006,士林區,福志里,福志里,polling-station-single-village,verified,tw.gov.cec~ref~polling-station.識別碼 → 村里代碼 → tw.openfun~entity~geo,target_village_id=63000110-005
2006,士林區,福佳里,福佳里,polling-station-single-village,verified,tw.gov.cec~ref~polling-station.識別碼 → 村里代碼 → tw.openfun~entity~geo,target_village_id=63000110-007
2006,士林區,福林里,福林里,polling-station-single-village,verified,tw.gov.cec~ref~polling-station.識別碼 → 村里代碼 → tw.openfun~entity~geo,target_village_id=63000110-003
2006,士林區,福華里,福華里,polling-station-single-village,verified,tw.gov.cec~ref~polling-station.識別碼 → 村里代碼 → tw.openfun~entity~geo,target_village_id=63000110-013
2006,士林區,福順里,福順里,polling-station-single-village,verified,tw.gov.cec~ref~polling-station.識別碼 → 村里代碼 → tw.openfun~entity~geo,target_village_id=63000110-015
2006,士林區,福德里,福德里,polling-station-single-village,verified,tw.gov.cec~ref~polling-station.識別碼 → 村里代碼 → tw.openfun~entity~geo,target_village_id=63000110-004
2006,士林區,翠山里,翠山里,polling-station-single-village,verified,tw.gov.cec~ref~polling-station.識別碼 → 村里代碼 → tw.openfun~entity~geo,target_village_id=63000110-050
2006,士林區,德行里,德行里,polling-station-single-village,verified,tw.gov.cec~ref~polling-station.識別碼 → 村里代碼 → tw.openfun~entity~geo,target_village_id=63000110-027
2006,士林區,德華里,德華里,polling-station-single-village,verified,tw.gov.cec~ref~polling-station.識別碼 → 村里代碼 → tw.openfun~entity~geo,target_village_id=63000110-028
2006,士林區,臨溪里,臨溪里,polling-station-single-village,verified,tw.gov.cec~ref~polling-station.識別碼 → 村里代碼 → tw.openfun~entity~geo,target_village_id=63000110-051
2006,士林區,舊佳里,舊佳里,polling-station-single-village,verified,tw.gov.cec~ref~polling-station.識別碼 → 村里代碼 → tw.openfun~entity~geo,target_village_id=63000110-006
2006,士林區,蘭雅里,蘭雅里,polling-station-single-village,verified,tw.gov.cec~ref~polling-station.識別碼 → 村里代碼 → tw.openfun~entity~geo,target_village_id=63000110-034
2006,士林區,蘭興里,蘭興里,polling-station-single-village,verified,tw.gov.cec~ref~polling-station.識別碼 → 村里代碼 → tw.openfun~entity~geo,target_village_id=63000110-035
2006,大同區,大有里,大有里,polling-station-single-village,verified,tw.gov.cec~ref~polling-station.識別碼 → 村里代碼 → tw.openfun~entity~geo,target_village_id=63000060-009
2006,大同區,民權里,民權里,polling-station-single-village,verified,tw.gov.cec~ref~polling-station.識別碼 → 村里代碼 → tw.openfun~entity~geo,target_village_id=63000060-013
2006,大同區,永樂里,永樂里,polling-station-single-village,verified,tw.gov.cec~ref~polling-station.識別碼 → 村里代碼 → tw.openfun~entity~geo,target_village_id=63000060-005
2006,大同區,玉泉里,玉泉里,polling-station-single-village,verified,tw.gov.cec~ref~polling-station.識別碼 → 村里代碼 → tw.openfun~entity~geo,target_village_id=63000060-001
2006,大同區,光能里,光能里,polling-station-single-village,verified,tw.gov.cec~ref~polling-station.識別碼 → 村里代碼 → tw.openfun~entity~geo,target_village_id=63000060-008
2006,大同區,老師里,老師里,polling-station-single-village,verified,tw.gov.cec~ref~polling-station.識別碼 → 村里代碼 → tw.openfun~entity~geo,target_village_id=63000060-024
2006,大同區,至聖里,至聖里,polling-station-single-village,verified,tw.gov.cec~ref~polling-station.識別碼 → 村里代碼 → tw.openfun~entity~geo,target_village_id=63000060-022
2006,大同區,延平里,延平里,polling-station-single-village,verified,tw.gov.cec~ref~polling-station.識別碼 → 村里代碼 → tw.openfun~entity~geo,target_village_id=63000060-010
2006,大同區,保安里,保安里,polling-station-single-village,verified,tw.gov.cec~ref~polling-station.識別碼 → 村里代碼 → tw.openfun~entity~geo,target_village_id=63000060-026
2006,大同區,南芳里,南芳里,polling-station-single-village,verified,tw.gov.cec~ref~polling-station.識別碼 → 村里代碼 → tw.openfun~entity~geo,target_village_id=63000060-012
2006,大同區,建功里,建功里,polling-station-single-village,verified,tw.gov.cec~ref~polling-station.識別碼 → 村里代碼 → tw.openfun~entity~geo,target_village_id=63000060-003
2006,大同區,建明里,建明里,polling-station-single-village,verified,tw.gov.cec~ref~polling-station.識別碼 → 村里代碼 → tw.openfun~entity~geo,target_village_id=63000060-002
2006,大同區,建泰里,建泰里,polling-station-single-village,verified,tw.gov.cec~ref~polling-station.識別碼 → 村里代碼 → tw.openfun~entity~geo,target_village_id=63000060-004
2006,大同區,星明里,星明里,polling-station-single-village,verified,tw.gov.cec~ref~polling-station.識別碼 → 村里代碼 → tw.openfun~entity~geo,target_village_id=63000060-007
2006,大同區,重慶里,重慶里,polling-station-single-village,verified,tw.gov.cec~ref~polling-station.識別碼 → 村里代碼 → tw.openfun~entity~geo,target_village_id=63000060-025
2006,大同區,國順里,國順里,polling-station-single-village,verified,tw.gov.cec~ref~polling-station.識別碼 → 村里代碼 → tw.openfun~entity~geo,target_village_id=63000060-017
2006,大同區,國慶里,國慶里,polling-station-single-village,verified,tw.gov.cec~ref~polling-station.識別碼 → 村里代碼 → tw.openfun~entity~geo,target_village_id=63000060-018
2006,大同區,揚雅里,揚雅里,polling-station-single-village,verified,tw.gov.cec~ref~polling-station.識別碼 → 村里代碼 → tw.openfun~entity~geo,target_village_id=63000060-019
2006,大同區,斯文里,斯文里,polling-station-single-village,verified,tw.gov.cec~ref~polling-station.識別碼 → 村里代碼 → tw.openfun~entity~geo,target_village_id=63000060-020
2006,大同區,景星里,景星里,polling-station-single-village,verified,tw.gov.cec~ref~polling-station.識別碼 → 村里代碼 → tw.openfun~entity~geo,target_village_id=63000060-014
2006,大同區,朝陽里,朝陽里,polling-station-single-village,verified,tw.gov.cec~ref~polling-station.識別碼 → 村里代碼 → tw.openfun~entity~geo,target_village_id=63000060-006
2006,大同區,隆和里,隆和里,polling-station-single-village,verified,tw.gov.cec~ref~polling-station.識別碼 → 村里代碼 → tw.openfun~entity~geo,target_village_id=63000060-015
2006,大同區,蓬萊里,蓬萊里,polling-station-single-village,verified,tw.gov.cec~ref~polling-station.識別碼 → 村里代碼 → tw.openfun~entity~geo,target_village_id=63000060-016
2006,大同區,鄰江里,鄰江里,polling-station-single-village,verified,tw.gov.cec~ref~polling-station.識別碼 → 村里代碼 → tw.openfun~entity~geo,target_village_id=63000060-021
2006,大同區,雙連里,雙連里,polling-station-single-village,verified,tw.gov.cec~ref~polling-station.識別碼 → 村里代碼 → tw.openfun~entity~geo,target_village_id=63000060-011
2006,大安區,大學里,大學里,polling-station-single-village,verified,tw.gov.cec~ref~polling-station.識別碼 → 村里代碼 → tw.openfun~entity~geo,target_village_id=63000030-043
2006,大安區,仁愛里,仁愛里,polling-station-single-village,verified,tw.gov.cec~ref~polling-station.識別碼 → 村里代碼 → tw.openfun~entity~geo,target_village_id=63000030-005
2006,大安區,仁慈里,仁慈里,polling-station-single-village,verified,tw.gov.cec~ref~polling-station.識別碼 → 村里代碼 → tw.openfun~entity~geo,target_village_id=63000030-002
2006,大安區,古風里,古風里,polling-station-single-village,verified,tw.gov.cec~ref~polling-station.識別碼 → 村里代碼 → tw.openfun~entity~geo,target_village_id=63000030-013
2006,大安區,古莊里,古莊里,polling-station-single-village,verified,tw.gov.cec~ref~polling-station.識別碼 → 村里代碼 → tw.openfun~entity~geo,target_village_id=63000030-014
2006,大安區,正聲里,正聲里,polling-station-single-village,verified,tw.gov.cec~ref~polling-station.識別碼 → 村里代碼 → tw.openfun~entity~geo,target_village_id=63000030-052
2006,大安區,民炤里,民炤里,polling-station-single-village,verified,tw.gov.cec~ref~polling-station.識別碼 → 村里代碼 → tw.openfun~entity~geo,target_village_id=63000030-004
2006,大安區,民輝里,民輝里,polling-station-single-village,verified,tw.gov.cec~ref~polling-station.識別碼 → 村里代碼 → tw.openfun~entity~geo,target_village_id=63000030-007
2006,大安區,永康里,永康里,polling-station-single-village,verified,tw.gov.cec~ref~polling-station.識別碼 → 村里代碼 → tw.openfun~entity~geo,target_village_id=63000030-018
2006,大安區,光明里,光明里,polling-station-single-village,verified,tw.gov.cec~ref~polling-station.識別碼 → 村里代碼 → tw.openfun~entity~geo,target_village_id=63000030-019
2006,大安區,光武里,光武里,polling-station-single-village,verified,tw.gov.cec~ref~polling-station.識別碼 → 村里代碼 → tw.openfun~entity~geo,target_village_id=63000030-010
2006,大安區,光信里,光信里,polling-station-single-village,verified,tw.gov.cec~ref~polling-station.識別碼 → 村里代碼 → tw.openfun~entity~geo,target_village_id=63000030-056
2006,大安區,全安里,全安里,polling-station-single-village,verified,tw.gov.cec~ref~polling-station.識別碼 → 村里代碼 → tw.openfun~entity~geo,target_village_id=63000030-035
2006,大安區,住安里,住安里,polling-station-single-village,verified,tw.gov.cec~ref~polling-station.識別碼 → 村里代碼 → tw.openfun~entity~geo,target_village_id=63000030-029
2006,大安區,車層里,車層里,polling-station-single-village,verified,tw.gov.cec~ref~polling-station.識別碼 → 村里代碼 → tw.openfun~entity~geo,target_village_id=63000030-055
2006,大安區,和安里,和安里,polling-station-single-village,verified,tw.gov.cec~ref~polling-station.識別碼 → 村里代碼 → tw.openfun~entity~geo,target_village_id=63000030-003
2006,大安區,昌隆里,昌隆里,polling-station-single-village,verified,tw.gov.cec~ref~polling-station.識別碼 → 村里代碼 → tw.openfun~entity~geo,target_village_id=63000030-008
2006,大安區,法治里,法治里,polling-station-single-village,verified,tw.gov.cec~ref~polling-station.識別碼 → 村里代碼 → tw.openfun~entity~geo,target_village_id=63000030-034
2006,大安區,臥龍里,臥龍里,polling-station-single-village,verified,tw.gov.cec~ref~polling-station.識別碼 → 村里代碼 → tw.openfun~entity~geo,target_village_id=63000030-039
2006,大安區,芳和里,芳和里,polling-station-single-village,verified,tw.gov.cec~ref~polling-station.識別碼 → 村里代碼 → tw.openfun~entity~geo,target_village_id=63000030-044
2006,大安區,虎嘯里,虎嘯里,polling-station-single-village,verified,tw.gov.cec~ref~polling-station.識別碼 → 村里代碼 → tw.openfun~entity~geo,target_village_id=63000030-038
2006,大安區,建安里,建安里,polling-station-single-village,verified,tw.gov.cec~ref~polling-station.識別碼 → 村里代碼 → tw.openfun~entity~geo,target_village_id=63000030-049
2006,大安區,建倫里,建倫里,polling-station-single-village,verified,tw.gov.cec~ref~polling-station.識別碼 → 村里代碼 → tw.openfun~entity~geo,target_village_id=63000030-050
2006,大安區,通化里,通化里,polling-station-single-village,verified,tw.gov.cec~ref~polling-station.識別碼 → 村里代碼 → tw.openfun~entity~geo,target_village_id=63000030-031
2006,大安區,通安里,通安里,polling-station-single-village,verified,tw.gov.cec~ref~polling-station.識別碼 → 村里代碼 → tw.openfun~entity~geo,target_village_id=63000030-032
2006,大安區,敦安里,敦安里,polling-station-single-village,verified,tw.gov.cec~ref~polling-station.識別碼 → 村里代碼 → tw.openfun~entity~geo,target_village_id=63000030-051
2006,大安區,敦煌里,敦煌里,polling-station-single-village,verified,tw.gov.cec~ref~polling-station.識別碼 → 村里代碼 → tw.openfun~entity~geo,target_village_id=63000030-053
2006,大安區,華聲里,華聲里,polling-station-single-village,verified,tw.gov.cec~ref~polling-station.識別碼 → 村里代碼 → tw.openfun~entity~geo,target_village_id=63000030-054
2006,大安區,新龍里,新龍里,polling-station-single-village,verified,tw.gov.cec~ref~polling-station.識別碼 → 村里代碼 → tw.openfun~entity~geo,target_village_id=63000030-023
2006,大安區,群英里,群英里,polling-station-single-village,verified,tw.gov.cec~ref~polling-station.識別碼 → 村里代碼 → tw.openfun~entity~geo,target_village_id=63000030-037
2006,大安區,群賢里,群賢里,polling-station-single-village,verified,tw.gov.cec~ref~polling-station.識別碼 → 村里代碼 → tw.openfun~entity~geo,target_village_id=63000030-036
2006,大安區,義安里,義安里,polling-station-single-village,verified,tw.gov.cec~ref~polling-station.識別碼 → 村里代碼 → tw.openfun~entity~geo,target_village_id=63000030-030
2006,大安區,義村里,義村里,polling-station-single-village,verified,tw.gov.cec~ref~polling-station.識別碼 → 村里代碼 → tw.openfun~entity~geo,target_village_id=63000030-006
2006,大安區,誠安里,誠安里,polling-station-single-village,verified,tw.gov.cec~ref~polling-station.識別碼 → 村里代碼 → tw.openfun~entity~geo,target_village_id=63000030-009
2006,大安區,福住里,福住里,polling-station-single-village,verified,tw.gov.cec~ref~polling-station.識別碼 → 村里代碼 → tw.openfun~entity~geo,target_village_id=63000030-017
2006,大安區,德安里,德安里,polling-station-single-village,verified,tw.gov.cec~ref~polling-station.識別碼 → 村里代碼 → tw.openfun~entity~geo,target_village_id=63000030-001
2006,大安區,黎元里,黎元里,polling-station-single-village,verified,tw.gov.cec~ref~polling-station.識別碼 → 村里代碼 → tw.openfun~entity~geo,target_village_id=63000030-046
2006,大安區,黎孝里,黎孝里,polling-station-single-village,verified,tw.gov.cec~ref~polling-station.識別碼 → 村里代碼 → tw.openfun~entity~geo,target_village_id=63000030-047
2006,大安區,黎和里,黎和里,polling-station-single-village,verified,tw.gov.cec~ref~polling-station.識別碼 → 村里代碼 → tw.openfun~entity~geo,target_village_id=63000030-048
2006,大安區,學府里,學府里,polling-station-single-village,verified,tw.gov.cec~ref~polling-station.識別碼 → 村里代碼 → tw.openfun~entity~geo,target_village_id=63000030-057
2006,大安區,錦安里,錦安里,polling-station-single-village,verified,tw.gov.cec~ref~polling-station.識別碼 → 村里代碼 → tw.openfun~entity~geo,target_village_id=63000030-016
2006,大安區,錦泰里,錦泰里,polling-station-single-village,verified,tw.gov.cec~ref~polling-station.識別碼 → 村里代碼 → tw.openfun~entity~geo,target_village_id=63000030-020
2006,大安區,錦華里,錦華里,polling-station-single-village,verified,tw.gov.cec~ref~polling-station.識別碼 → 村里代碼 → tw.openfun~entity~geo,target_village_id=63000030-021
2006,大安區,龍生里,龍生里,polling-station-single-village,verified,tw.gov.cec~ref~polling-station.識別碼 → 村里代碼 → tw.openfun~entity~geo,target_village_id=63000030-028
2006,大安區,龍安里,龍安里,polling-station-single-village,verified,tw.gov.cec~ref~polling-station.識別碼 → 村里代碼 → tw.openfun~entity~geo,target_village_id=63000030-015
2006,大安區,龍坡里,龍坡里,polling-station-single-village,verified,tw.gov.cec~ref~polling-station.識別碼 → 村里代碼 → tw.openfun~entity~geo,target_village_id=63000030-011
2006,大安區,龍門里,龍門里,polling-station-single-village,verified,tw.gov.cec~ref~polling-station.識別碼 → 村里代碼 → tw.openfun~entity~geo,target_village_id=63000030-041
2006,大安區,龍泉里,龍泉里,polling-station-single-village,verified,tw.gov.cec~ref~polling-station.識別碼 → 村里代碼 → tw.openfun~entity~geo,target_village_id=63000030-012
2006,大安區,龍陣里,龍陣里,polling-station-single-village,verified,tw.gov.cec~ref~polling-station.識別碼 → 村里代碼 → tw.openfun~entity~geo,target_village_id=63000030-026
2006,大安區,龍淵里,龍淵里,polling-station-single-village,verified,tw.gov.cec~ref~polling-station.識別碼 → 村里代碼 → tw.openfun~entity~geo,target_village_id=63000030-040
2006,大安區,龍雲里,龍雲里,polling-station-single-village,verified,tw.gov.cec~ref~polling-station.識別碼 → 村里代碼 → tw.openfun~entity~geo,target_village_id=63000030-027
2006,大安區,龍圖里,龍圖里,polling-station-single-village,verified,tw.gov.cec~ref~polling-station.識別碼 → 村里代碼 → tw.openfun~entity~geo,target_village_id=63000030-022
2006,大安區,臨江里,臨江里,polling-station-single-village,verified,tw.gov.cec~ref~polling-station.識別碼 → 村里代碼 → tw.openfun~entity~geo,target_village_id=63000030-033
2006,中山區,力行里,力行里,polling-station-single-village,verified,tw.gov.cec~ref~polling-station.識別碼 → 村里代碼 → tw.openfun~entity~geo,target_village_id=63000040-039
2006,中山區,下埤里,下埤里,polling-station-single-village,verified,tw.gov.cec~ref~polling-station.識別碼 → 村里代碼 → tw.openfun~entity~geo,target_village_id=63000040-027
2006,中山區,大佳里,大佳里,polling-station-single-village,verified,tw.gov.cec~ref~polling-station.識別碼 → 村里代碼 → tw.openfun~entity~geo,target_village_id=63000040-017
2006,中山區,大直里,大直里,polling-station-single-village,verified,tw.gov.cec~ref~polling-station.識別碼 → 村里代碼 → tw.openfun~entity~geo,target_village_id=63000040-014
2006,中山區,中山里,中山里,polling-station-single-village,verified,tw.gov.cec~ref~polling-station.識別碼 → 村里代碼 → tw.openfun~entity~geo,target_village_id=63000040-006
2006,中山區,中央里,中央里,polling-station-single-village,verified,tw.gov.cec~ref~polling-station.識別碼 → 村里代碼 → tw.openfun~entity~geo,target_village_id=63000040-033
2006,中山區,中吉里,中吉里,polling-station-single-village,verified,tw.gov.cec~ref~polling-station.識別碼 → 村里代碼 → tw.openfun~entity~geo,target_village_id=63000040-030
2006,中山區,中庄里,中庄里,polling-station-single-village,verified,tw.gov.cec~ref~polling-station.識別碼 → 村里代碼 → tw.openfun~entity~geo,target_village_id=63000040-023
2006,中山區,中原里,中原里,polling-station-single-village,verified,tw.gov.cec~ref~polling-station.識別碼 → 村里代碼 → tw.openfun~entity~geo,target_village_id=63000040-031
2006,中山區,北安里,北安里,polling-station-single-village,verified,tw.gov.cec~ref~polling-station.識別碼 → 村里代碼 → tw.openfun~entity~geo,target_village_id=63000040-042
2006,中山區,正守里,正守里,polling-station-single-village,verified,tw.gov.cec~ref~polling-station.識別碼 → 村里代碼 → tw.openfun~entity~geo,target_village_id=63000040-001
2006,中山區,正得里,正得里,polling-station-single-village,verified,tw.gov.cec~ref~polling-station.識別碼 → 村里代碼 → tw.openfun~entity~geo,target_village_id=63000040-003
2006,中山區,正義里,正義里,polling-station-single-village,verified,tw.gov.cec~ref~polling-station.識別碼 → 村里代碼 → tw.openfun~entity~geo,target_village_id=63000040-002
2006,中山區,民安里,民安里,polling-station-single-village,verified,tw.gov.cec~ref~polling-station.識別碼 → 村里代碼 → tw.openfun~entity~geo,target_village_id=63000040-004
2006,中山區,永安里,永安里,polling-station-single-village,verified,tw.gov.cec~ref~polling-station.識別碼 → 村里代碼 → tw.openfun~entity~geo,target_village_id=63000040-016
2006,中山區,成功里,成功里,polling-station-single-village,verified,tw.gov.cec~ref~polling-station.識別碼 → 村里代碼 → tw.openfun~entity~geo,target_village_id=63000040-015
2006,中山區,朱崙里,朱崙里,polling-station-single-village,verified,tw.gov.cec~ref~polling-station.識別碼 → 村里代碼 → tw.openfun~entity~geo,target_village_id=63000040-038
2006,中山區,朱園里,朱園里,polling-station-single-village,verified,tw.gov.cec~ref~polling-station.識別碼 → 村里代碼 → tw.openfun~entity~geo,target_village_id=63000040-036
2006,中山區,朱馥里,朱馥里,polling-station-single-village,verified,tw.gov.cec~ref~polling-station.識別碼 → 村里代碼 → tw.openfun~entity~geo,target_village_id=63000040-034
2006,中山區,江山里,江山里,polling-station-single-village,verified,tw.gov.cec~ref~polling-station.識別碼 → 村里代碼 → tw.openfun~entity~geo,target_village_id=63000040-029
2006,中山區,江寧里,江寧里,polling-station-single-village,verified,tw.gov.cec~ref~polling-station.識別碼 → 村里代碼 → tw.openfun~entity~geo,target_village_id=63000040-028
2006,中山區,行仁里,行仁里,polling-station-single-village,verified,tw.gov.cec~ref~polling-station.識別碼 → 村里代碼 → tw.openfun~entity~geo,target_village_id=63000040-025
2006,中山區,行孝里,行孝里,polling-station-single-village,verified,tw.gov.cec~ref~polling-station.識別碼 → 村里代碼 → tw.openfun~entity~geo,target_village_id=63000040-026
2006,中山區,行政里,行政里,polling-station-single-village,verified,tw.gov.cec~ref~polling-station.識別碼 → 村里代碼 → tw.openfun~entity~geo,target_village_id=63000040-024
2006,中山區,松江里,松江里,polling-station-single-village,verified,tw.gov.cec~ref~polling-station.識別碼 → 村里代碼 → tw.openfun~entity~geo,target_village_id=63000040-021
2006,中山區,金泰里,金泰里,polling-station-single-village,verified,tw.gov.cec~ref~polling-station.識別碼 → 村里代碼 → tw.openfun~entity~geo,target_village_id=63000040-041
2006,中山區,恒安里,恆安里,polling-station-single-village,verified,tw.gov.cec~ref~polling-station.識別碼 → 村里代碼 → tw.openfun~entity~geo,target_village_id=63000040-010
2006,中山區,埤頭里,埤頭里,polling-station-single-village,verified,tw.gov.cec~ref~polling-station.識別碼 → 村里代碼 → tw.openfun~entity~geo,target_village_id=63000040-037
2006,中山區,康樂里,康樂里,polling-station-single-village,verified,tw.gov.cec~ref~polling-station.識別碼 → 村里代碼 → tw.openfun~entity~geo,target_village_id=63000040-005
2006,中山區,復華里,復華里,polling-station-single-village,verified,tw.gov.cec~ref~polling-station.識別碼 → 村里代碼 → tw.openfun~entity~geo,target_village_id=63000040-040
2006,中山區,晴光里,晴光里,polling-station-single-village,verified,tw.gov.cec~ref~polling-station.識別碼 → 村里代碼 → tw.openfun~entity~geo,target_village_id=63000040-011
2006,中山區,集英里,集英里,polling-station-single-village,verified,tw.gov.cec~ref~polling-station.識別碼 → 村里代碼 → tw.openfun~entity~geo,target_village_id=63000040-008
2006,中山區,圓山里,圓山里,polling-station-single-village,verified,tw.gov.cec~ref~polling-station.識別碼 → 村里代碼 → tw.openfun~entity~geo,target_village_id=63000040-012
2006,中山區,新生里,新生里,polling-station-single-village,verified,tw.gov.cec~ref~polling-station.識別碼 → 村里代碼 → tw.openfun~entity~geo,target_village_id=63000040-022
2006,中山區,新庄里,新庄里,polling-station-single-village,verified,tw.gov.cec~ref~polling-station.識別碼 → 村里代碼 → tw.openfun~entity~geo,target_village_id=63000040-019
2006,中山區,新喜里,新喜里,polling-station-single-village,verified,tw.gov.cec~ref~polling-station.識別碼 → 村里代碼 → tw.openfun~entity~geo,target_village_id=63000040-018
2006,中山區,新福里,新福里,polling-station-single-village,verified,tw.gov.cec~ref~polling-station.識別碼 → 村里代碼 → tw.openfun~entity~geo,target_village_id=63000040-020
2006,中山區,聚盛里,聚盛里,polling-station-single-village,verified,tw.gov.cec~ref~polling-station.識別碼 → 村里代碼 → tw.openfun~entity~geo,target_village_id=63000040-007
2006,中山區,聚葉里,聚葉里,polling-station-single-village,verified,tw.gov.cec~ref~polling-station.識別碼 → 村里代碼 → tw.openfun~entity~geo,target_village_id=63000040-009
2006,中山區,劍潭里,劍潭里,polling-station-single-village,verified,tw.gov.cec~ref~polling-station.識別碼 → 村里代碼 → tw.openfun~entity~geo,target_village_id=63000040-013
2006,中山區,興亞里,興亞里,polling-station-single-village,verified,tw.gov.cec~ref~polling-station.識別碼 → 村里代碼 → tw.openfun~entity~geo,target_village_id=63000040-032
2006,中山區,龍洲里,龍洲里,polling-station-single-village,verified,tw.gov.cec~ref~polling-station.識別碼 → 村里代碼 → tw.openfun~entity~geo,target_village_id=63000040-035
2006,中正區,三愛里,三愛里,polling-station-single-village,verified,tw.gov.cec~ref~polling-station.識別碼 → 村里代碼 → tw.openfun~entity~geo,target_village_id=63000050-031
2006,中正區,文北里,文北里,polling-station-single-village,verified,tw.gov.cec~ref~polling-station.識別碼 → 村里代碼 → tw.openfun~entity~geo,target_village_id=63000050-029
2006,中正區,文盛里,文盛里,polling-station-single-village,verified,tw.gov.cec~ref~polling-station.識別碼 → 村里代碼 → tw.openfun~entity~geo,target_village_id=63000050-003
2006,中正區,文祥里,文祥里,polling-station-single-village,verified,tw.gov.cec~ref~polling-station.識別碼 → 村里代碼 → tw.openfun~entity~geo,target_village_id=63000050-030
2006,中正區,水源里,水源里,polling-station-single-village,verified,tw.gov.cec~ref~polling-station.識別碼 → 村里代碼 → tw.openfun~entity~geo,target_village_id=63000050-001
2006,中正區,永功里,永功里,polling-station-single-village,verified,tw.gov.cec~ref~polling-station.識別碼 → 村里代碼 → tw.openfun~entity~geo,target_village_id=63000050-011
2006,中正區,永昌里,永昌里,polling-station-single-village,verified,tw.gov.cec~ref~polling-station.識別碼 → 村里代碼 → tw.openfun~entity~geo,target_village_id=63000050-012
2006,中正區,光復里,光復里,polling-station-single-village,verified,tw.gov.cec~ref~polling-station.識別碼 → 村里代碼 → tw.openfun~entity~geo,target_village_id=63000050-023
2006,中正區,幸市里,幸市里,polling-station-single-village,verified,tw.gov.cec~ref~polling-station.識別碼 → 村里代碼 → tw.openfun~entity~geo,target_village_id=63000050-027
2006,中正區,幸福里,幸福里,polling-station-single-village,verified,tw.gov.cec~ref~polling-station.識別碼 → 村里代碼 → tw.openfun~entity~geo,target_village_id=63000050-026
2006,中正區,忠勤里,忠勤里,polling-station-single-village,verified,tw.gov.cec~ref~polling-station.識別碼 → 村里代碼 → tw.openfun~entity~geo,target_village_id=63000050-014
2006,中正區,東門里,東門里,polling-station-single-village,verified,tw.gov.cec~ref~polling-station.識別碼 → 村里代碼 → tw.openfun~entity~geo,target_village_id=63000050-028
2006,中正區,板溪里,板溪里,polling-station-single-village,verified,tw.gov.cec~ref~polling-station.識別碼 → 村里代碼 → tw.openfun~entity~geo,target_village_id=63000050-008
2006,中正區,林興里,林興里,polling-station-single-village,verified,tw.gov.cec~ref~polling-station.識別碼 → 村里代碼 → tw.openfun~entity~geo,target_village_id=63000050-004
2006,中正區,河堤里,河堤里,polling-station-single-village,verified,tw.gov.cec~ref~polling-station.識別碼 → 村里代碼 → tw.openfun~entity~geo,target_village_id=63000050-005
2006,中正區,南門里,南門里,polling-station-single-village,verified,tw.gov.cec~ref~polling-station.識別碼 → 村里代碼 → tw.openfun~entity~geo,target_village_id=63000050-017
2006,中正區,南福里,南福里,polling-station-single-village,verified,tw.gov.cec~ref~polling-station.識別碼 → 村里代碼 → tw.openfun~entity~geo,target_village_id=63000050-019
2006,中正區,建國里,建國里,polling-station-single-village,verified,tw.gov.cec~ref~polling-station.識別碼 → 村里代碼 → tw.openfun~entity~geo,target_village_id=63000050-022
2006,中正區,梅花里,梅花里,polling-station-single-village,verified,tw.gov.cec~ref~polling-station.識別碼 → 村里代碼 → tw.openfun~entity~geo,target_village_id=63000050-025
2006,中正區,頂東里,頂東里,polling-station-single-village,verified,tw.gov.cec~ref~polling-station.識別碼 → 村里代碼 → tw.openfun~entity~geo,target_village_id=63000050-006
2006,中正區,富水里,富水里,polling-station-single-village,verified,tw.gov.cec~ref~polling-station.識別碼 → 村里代碼 → tw.openfun~entity~geo,target_village_id=63000050-002
2006,中正區,廈安里,廈安里,polling-station-single-village,verified,tw.gov.cec~ref~polling-station.識別碼 → 村里代碼 → tw.openfun~entity~geo,target_village_id=63000050-015
2006,中正區,愛國里,愛國里,polling-station-single-village,verified,tw.gov.cec~ref~polling-station.識別碼 → 村里代碼 → tw.openfun~entity~geo,target_village_id=63000050-016
2006,中正區,新營里,新營里,polling-station-single-village,verified,tw.gov.cec~ref~polling-station.識別碼 → 村里代碼 → tw.openfun~entity~geo,target_village_id=63000050-021
2006,中正區,網溪里,網溪里,polling-station-single-village,verified,tw.gov.cec~ref~polling-station.識別碼 → 村里代碼 → tw.openfun~entity~geo,target_village_id=63000050-007
2006,中正區,黎明里,黎明里,polling-station-single-village,verified,tw.gov.cec~ref~polling-station.識別碼 → 村里代碼 → tw.openfun~entity~geo,target_village_id=63000050-024
2006,中正區,螢圃里,螢圃里,polling-station-single-village,verified,tw.gov.cec~ref~polling-station.識別碼 → 村里代碼 → tw.openfun~entity~geo,target_village_id=63000050-009
2006,中正區,螢雪里,螢雪里,polling-station-single-village,verified,tw.gov.cec~ref~polling-station.識別碼 → 村里代碼 → tw.openfun~entity~geo,target_village_id=63000050-010
2006,中正區,龍光里,龍光里,polling-station-single-village,verified,tw.gov.cec~ref~polling-station.識別碼 → 村里代碼 → tw.openfun~entity~geo,target_village_id=63000050-018
2006,中正區,龍福里,龍福里,polling-station-single-village,verified,tw.gov.cec~ref~polling-station.識別碼 → 村里代碼 → tw.openfun~entity~geo,target_village_id=63000050-020
2006,中正區,龍興里,龍興里,polling-station-single-village,verified,tw.gov.cec~ref~polling-station.識別碼 → 村里代碼 → tw.openfun~entity~geo,target_village_id=63000050-013
2006,內湖區,大湖里,大湖里,polling-station-single-village,verified,tw.gov.cec~ref~polling-station.識別碼 → 村里代碼 → tw.openfun~entity~geo,target_village_id=63000100-012
2006,內湖區,五分里,五分里,polling-station-single-village,verified,tw.gov.cec~ref~polling-station.識別碼 → 村里代碼 → tw.openfun~entity~geo,target_village_id=63000100-022
2006,內湖區,內湖里,內湖里,polling-station-single-village,verified,tw.gov.cec~ref~polling-station.識別碼 → 村里代碼 → tw.openfun~entity~geo,target_village_id=63000100-009
2006,內湖區,內溝里,內溝里,polling-station-single-village,verified,tw.gov.cec~ref~polling-station.識別碼 → 村里代碼 → tw.openfun~entity~geo,target_village_id=63000100-025
2006,內湖區,石潭里,石潭里,polling-station-single-village,verified,tw.gov.cec~ref~polling-station.識別碼 → 村里代碼 → tw.openfun~entity~geo,target_village_id=63000100-028
2006,內湖區,安泰里,安泰里,polling-station-single-village,verified,tw.gov.cec~ref~polling-station.識別碼 → 村里代碼 → tw.openfun~entity~geo,target_village_id=63000100-033
2006,內湖區,安湖里,安湖里,polling-station-single-village,verified,tw.gov.cec~ref~polling-station.識別碼 → 村里代碼 → tw.openfun~entity~geo,target_village_id=63000100-031
2006,內湖區,行善里,行善里,polling-station-single-village,verified,tw.gov.cec~ref~polling-station.識別碼 → 村里代碼 → tw.openfun~entity~geo,target_village_id=63000100-027
2006,內湖區,西安里,西安里,polling-station-single-village,verified,tw.gov.cec~ref~polling-station.識別碼 → 村里代碼 → tw.openfun~entity~geo,target_village_id=63000100-003
2006,內湖區,西康里,西康里,polling-station-single-village,verified,tw.gov.cec~ref~polling-station.識別碼 → 村里代碼 → tw.openfun~entity~geo,target_village_id=63000100-002
2006,內湖區,西湖里,西湖里,polling-station-single-village,verified,tw.gov.cec~ref~polling-station.識別碼 → 村里代碼 → tw.openfun~entity~geo,target_village_id=63000100-001
2006,內湖區,秀湖里,秀湖里,polling-station-single-village,verified,tw.gov.cec~ref~polling-station.識別碼 → 村里代碼 → tw.openfun~entity~geo,target_village_id=63000100-032
2006,內湖區,明湖里,明湖里,polling-station-single-village,verified,tw.gov.cec~ref~polling-station.識別碼 → 村里代碼 → tw.openfun~entity~geo,target_village_id=63000100-036
2006,內湖區,東湖里,東湖里,polling-station-single-village,verified,tw.gov.cec~ref~polling-station.識別碼 → 村里代碼 → tw.openfun~entity~geo,target_village_id=63000100-023
2006,內湖區,金湖里,金湖里,polling-station-single-village,verified,tw.gov.cec~ref~polling-station.識別碼 → 村里代碼 → tw.openfun~entity~geo,target_village_id=63000100-034
2006,內湖區,金瑞里,金瑞里,polling-station-single-village,verified,tw.gov.cec~ref~polling-station.識別碼 → 村里代碼 → tw.openfun~entity~geo,target_village_id=63000100-014
2006,內湖區,金龍里,金龍里,polling-station-single-village,verified,tw.gov.cec~ref~polling-station.識別碼 → 村里代碼 → tw.openfun~entity~geo,target_village_id=63000100-013
2006,內湖區,康寧里,康寧里,polling-station-single-village,verified,tw.gov.cec~ref~polling-station.識別碼 → 村里代碼 → tw.openfun~entity~geo,target_village_id=63000100-035
2006,內湖區,清白里,清白里,polling-station-single-village,verified,tw.gov.cec~ref~polling-station.識別碼 → 村里代碼 → tw.openfun~entity~geo,target_village_id=63000100-017
2006,內湖區,港都里,港都里,polling-station-single-village,verified,tw.gov.cec~ref~polling-station.識別碼 → 村里代碼 → tw.openfun~entity~geo,target_village_id=63000100-006
2006,內湖區,港富里,港富里,polling-station-single-village,verified,tw.gov.cec~ref~polling-station.識別碼 → 村里代碼 → tw.openfun~entity~geo,target_village_id=63000100-007
2006,內湖區,港華里,港華里,polling-station-single-village,verified,tw.gov.cec~ref~polling-station.識別碼 → 村里代碼 → tw.openfun~entity~geo,target_village_id=63000100-008
2006,內湖區,港墘里,港墘里,polling-station-single-village,verified,tw.gov.cec~ref~polling-station.識別碼 → 村里代碼 → tw.openfun~entity~geo,target_village_id=63000100-005
2006,內湖區,湖元里,湖元里,polling-station-single-village,verified,tw.gov.cec~ref~polling-station.識別碼 → 村里代碼 → tw.openfun~entity~geo,target_village_id=63000100-030
2006,內湖區,湖興里,湖興里,polling-station-single-village,verified,tw.gov.cec~ref~polling-station.識別碼 → 村里代碼 → tw.openfun~entity~geo,target_village_id=63000100-029
2006,內湖區,湖濱里,湖濱里,polling-station-single-village,verified,tw.gov.cec~ref~polling-station.識別碼 → 村里代碼 → tw.openfun~entity~geo,target_village_id=63000100-010
2006,內湖區,紫星里,紫星里,polling-station-single-village,verified,tw.gov.cec~ref~polling-station.識別碼 → 村里代碼 → tw.openfun~entity~geo,target_village_id=63000100-011
2006,內湖區,紫陽里,紫陽里,polling-station-single-village,verified,tw.gov.cec~ref~polling-station.識別碼 → 村里代碼 → tw.openfun~entity~geo,target_village_id=63000100-019
2006,內湖區,紫雲里,紫雲里,polling-station-single-village,verified,tw.gov.cec~ref~polling-station.識別碼 → 村里代碼 → tw.openfun~entity~geo,target_village_id=63000100-016
2006,內湖區,週美里,週美里,polling-station-single-village,verified,tw.gov.cec~ref~polling-station.識別碼 → 村里代碼 → tw.openfun~entity~geo,target_village_id=63000100-026
2006,內湖區,瑞光里,瑞光里,polling-station-single-village,verified,tw.gov.cec~ref~polling-station.識別碼 → 村里代碼 → tw.openfun~entity~geo,target_village_id=63000100-021
2006,內湖區,瑞陽里,瑞陽里,polling-station-single-village,verified,tw.gov.cec~ref~polling-station.識別碼 → 村里代碼 → tw.openfun~entity~geo,target_village_id=63000100-020
2006,內湖區,葫洲里,葫洲里,polling-station-single-village,verified,tw.gov.cec~ref~polling-station.識別碼 → 村里代碼 → tw.openfun~entity~geo,target_village_id=63000100-018
2006,內湖區,碧山里,碧山里,polling-station-single-village,verified,tw.gov.cec~ref~polling-station.識別碼 → 村里代碼 → tw.openfun~entity~geo,target_village_id=63000100-015
2006,內湖區,樂康里,樂康里,polling-station-single-village,verified,tw.gov.cec~ref~polling-station.識別碼 → 村里代碼 → tw.openfun~entity~geo,target_village_id=63000100-024
2006,內湖區,麗山里,麗山里,polling-station-single-village,verified,tw.gov.cec~ref~polling-station.識別碼 → 村里代碼 → tw.openfun~entity~geo,target_village_id=63000100-038
2006,內湖區,蘆洲里,蘆洲里,polling-station-single-village,verified,tw.gov.cec~ref~polling-station.識別碼 → 村里代碼 → tw.openfun~entity~geo,target_village_id=63000100-037
2006,文山區,木柵里,木柵里,polling-station-single-village,verified,tw.gov.cec~ref~polling-station.識別碼 → 村里代碼 → tw.openfun~entity~geo,target_village_id=63000080-027
2006,文山區,木新里,木新里,polling-station-single-village,verified,tw.gov.cec~ref~polling-station.識別碼 → 村里代碼 → tw.openfun~entity~geo,target_village_id=63000080-028
2006,文山區,老泉里,老泉里,polling-station-single-village,verified,tw.gov.cec~ref~polling-station.識別碼 → 村里代碼 → tw.openfun~entity~geo,target_village_id=63000080-037
2006,文山區,忠順里,忠順里,polling-station-single-village,verified,tw.gov.cec~ref~polling-station.識別碼 → 村里代碼 → tw.openfun~entity~geo,target_village_id=63000080-038
2006,文山區,明義里,明義里,polling-station-single-village,verified,tw.gov.cec~ref~polling-station.識別碼 → 村里代碼 → tw.openfun~entity~geo,target_village_id=63000080-025
2006,文山區,明興里,明興里,polling-station-single-village,verified,tw.gov.cec~ref~polling-station.識別碼 → 村里代碼 → tw.openfun~entity~geo,target_village_id=63000080-026
2006,文山區,指南里,指南里,polling-station-single-village,verified,tw.gov.cec~ref~polling-station.識別碼 → 村里代碼 → tw.openfun~entity~geo,target_village_id=63000080-036
2006,文山區,博嘉里,博嘉里,polling-station-single-village,verified,tw.gov.cec~ref~polling-station.識別碼 → 村里代碼 → tw.openfun~entity~geo,target_village_id=63000080-034
2006,文山區,景仁里,景仁里,polling-station-single-village,verified,tw.gov.cec~ref~polling-station.識別碼 → 村里代碼 → tw.openfun~entity~geo,target_village_id=63000080-005
2006,文山區,景行里,景行里,polling-station-single-village,verified,tw.gov.cec~ref~polling-station.識別碼 → 村里代碼 → tw.openfun~entity~geo,target_village_id=63000080-001
2006,文山區,景東里,景東里,polling-station-single-village,verified,tw.gov.cec~ref~polling-station.識別碼 → 村里代碼 → tw.openfun~entity~geo,target_village_id=63000080-002
2006,文山區,景美里,景美里,polling-station-single-village,verified,tw.gov.cec~ref~polling-station.識別碼 → 村里代碼 → tw.openfun~entity~geo,target_village_id=63000080-003
2006,文山區,景華里,景華里,polling-station-single-village,verified,tw.gov.cec~ref~polling-station.識別碼 → 村里代碼 → tw.openfun~entity~geo,target_village_id=63000080-006
2006,文山區,景慶里,景慶里,polling-station-single-village,verified,tw.gov.cec~ref~polling-station.識別碼 → 村里代碼 → tw.openfun~entity~geo,target_village_id=63000080-004
2006,文山區,華興里,華興里,polling-station-single-village,verified,tw.gov.cec~ref~polling-station.識別碼 → 村里代碼 → tw.openfun~entity~geo,target_village_id=63000080-024
2006,文山區,順興里,順興里,polling-station-single-village,verified,tw.gov.cec~ref~polling-station.識別碼 → 村里代碼 → tw.openfun~entity~geo,target_village_id=63000080-029
2006,文山區,萬年里,萬年里,polling-station-single-village,verified,tw.gov.cec~ref~polling-station.識別碼 → 村里代碼 → tw.openfun~entity~geo,target_village_id=63000080-010
2006,文山區,萬有里,萬有里,polling-station-single-village,verified,tw.gov.cec~ref~polling-station.識別碼 → 村里代碼 → tw.openfun~entity~geo,target_village_id=63000080-007
2006,文山區,萬和里,萬和里,polling-station-single-village,verified,tw.gov.cec~ref~polling-station.識別碼 → 村里代碼 → tw.openfun~entity~geo,target_village_id=63000080-011
2006,文山區,萬芳里,萬芳里,polling-station-single-village,verified,tw.gov.cec~ref~polling-station.識別碼 → 村里代碼 → tw.openfun~entity~geo,target_village_id=63000080-033
2006,文山區,萬美里,萬美里,polling-station-single-village,verified,tw.gov.cec~ref~polling-station.識別碼 → 村里代碼 → tw.openfun~entity~geo,target_village_id=63000080-039
2006,文山區,萬盛里,萬盛里,polling-station-single-village,verified,tw.gov.cec~ref~polling-station.識別碼 → 村里代碼 → tw.openfun~entity~geo,target_village_id=63000080-012
2006,文山區,萬祥里,萬祥里,polling-station-single-village,verified,tw.gov.cec~ref~polling-station.識別碼 → 村里代碼 → tw.openfun~entity~geo,target_village_id=63000080-008
2006,文山區,萬隆里,萬隆里,polling-station-single-village,verified,tw.gov.cec~ref~polling-station.識別碼 → 村里代碼 → tw.openfun~entity~geo,target_village_id=63000080-009
2006,文山區,萬興里,萬興里,polling-station-single-village,verified,tw.gov.cec~ref~polling-station.識別碼 → 村里代碼 → tw.openfun~entity~geo,target_village_id=63000080-035
2006,文山區,試院里,試院里,polling-station-single-village,verified,tw.gov.cec~ref~polling-station.識別碼 → 村里代碼 → tw.openfun~entity~geo,target_village_id=63000080-023
2006,文山區,樟林里,樟林里,polling-station-single-village,verified,tw.gov.cec~ref~polling-station.識別碼 → 村里代碼 → tw.openfun~entity~geo,target_village_id=63000080-030
2006,文山區,樟新里,樟新里,polling-station-single-village,verified,tw.gov.cec~ref~polling-station.識別碼 → 村里代碼 → tw.openfun~entity~geo,target_village_id=63000080-031
2006,文山區,樟腳里,樟腳里,polling-station-single-village,verified,tw.gov.cec~ref~polling-station.識別碼 → 村里代碼 → tw.openfun~entity~geo,target_village_id=63000080-032
2006,文山區,興光里,興光里,polling-station-single-village,verified,tw.gov.cec~ref~polling-station.識別碼 → 村里代碼 → tw.openfun~entity~geo,target_village_id=63000080-014
2006,文山區,興安里,興安里,polling-station-single-village,verified,tw.gov.cec~ref~polling-station.識別碼 → 村里代碼 → tw.openfun~entity~geo,target_village_id=63000080-018
2006,文山區,興旺里,興旺里,polling-station-single-village,verified,tw.gov.cec~ref~polling-station.識別碼 → 村里代碼 → tw.openfun~entity~geo,target_village_id=63000080-020
2006,文山區,興昌里,興昌里,polling-station-single-village,verified,tw.gov.cec~ref~polling-station.識別碼 → 村里代碼 → tw.openfun~entity~geo,target_village_id=63000080-022
2006,文山區,興家里,興家里,polling-station-single-village,verified,tw.gov.cec~ref~polling-station.識別碼 → 村里代碼 → tw.openfun~entity~geo,target_village_id=63000080-015
2006,文山區,興泰里,興泰里,polling-station-single-village,verified,tw.gov.cec~ref~polling-station.識別碼 → 村里代碼 → tw.openfun~entity~geo,target_village_id=63000080-021
2006,文山區,興得里,興得里,polling-station-single-village,verified,tw.gov.cec~ref~polling-station.識別碼 → 村里代碼 → tw.openfun~entity~geo,target_village_id=63000080-016
2006,文山區,興業里,興業里,polling-station-single-village,verified,tw.gov.cec~ref~polling-station.識別碼 → 村里代碼 → tw.openfun~entity~geo,target_village_id=63000080-017
2006,文山區,興福里,興福里,polling-station-single-village,verified,tw.gov.cec~ref~polling-station.識別碼 → 村里代碼 → tw.openfun~entity~geo,target_village_id=63000080-019
2006,文山區,興豐里,興豐里,polling-station-single-village,verified,tw.gov.cec~ref~polling-station.識別碼 → 村里代碼 → tw.openfun~entity~geo,target_village_id=63000080-013
2006,北投區,一德里,一德里,polling-station-single-village,verified,tw.gov.cec~ref~polling-station.識別碼 → 村里代碼 → tw.openfun~entity~geo,target_village_id=63000120-037
2006,北投區,八仙里,八仙里,polling-station-single-village,verified,tw.gov.cec~ref~polling-station.識別碼 → 村里代碼 → tw.openfun~entity~geo,target_village_id=63000120-018
2006,北投區,大屯里,大屯里,polling-station-single-village,verified,tw.gov.cec~ref~polling-station.識別碼 → 村里代碼 → tw.openfun~entity~geo,target_village_id=63000120-041
2006,北投區,大同里,大同里,polling-station-single-village,verified,tw.gov.cec~ref~polling-station.識別碼 → 村里代碼 → tw.openfun~entity~geo,target_village_id=63000120-024
2006,北投區,中心里,中心里,polling-station-single-village,verified,tw.gov.cec~ref~polling-station.識別碼 → 村里代碼 → tw.openfun~entity~geo,target_village_id=63000120-027
2006,北投區,中央里,中央里,polling-station-single-village,verified,tw.gov.cec~ref~polling-station.識別碼 → 村里代碼 → tw.openfun~entity~geo,target_village_id=63000120-022
2006,北投區,中和里,中和里,polling-station-single-village,verified,tw.gov.cec~ref~polling-station.識別碼 → 村里代碼 → tw.openfun~entity~geo,target_village_id=63000120-030
2006,北投區,中庸里,中庸里,polling-station-single-village,verified,tw.gov.cec~ref~polling-station.識別碼 → 村里代碼 → tw.openfun~entity~geo,target_village_id=63000120-028
2006,北投區,文化里,文化里,polling-station-single-village,verified,tw.gov.cec~ref~polling-station.識別碼 → 村里代碼 → tw.openfun~entity~geo,target_village_id=63000120-033
2006,北投區,文林里,文林里,polling-station-single-village,verified,tw.gov.cec~ref~polling-station.識別碼 → 村里代碼 → tw.openfun~entity~geo,target_village_id=63000120-002
2006,北投區,永和里,永和里,polling-station-single-village,verified,tw.gov.cec~ref~polling-station.識別碼 → 村里代碼 → tw.openfun~entity~geo,target_village_id=63000120-009
2006,北投區,永明里,永明里,polling-station-single-village,verified,tw.gov.cec~ref~polling-station.識別碼 → 村里代碼 → tw.openfun~entity~geo,target_village_id=63000120-011
2006,北投區,永欣里,永欣里,polling-station-single-village,verified,tw.gov.cec~ref~polling-station.識別碼 → 村里代碼 → tw.openfun~entity~geo,target_village_id=63000120-010
2006,北投區,石牌里,石牌里,polling-station-single-village,verified,tw.gov.cec~ref~polling-station.識別碼 → 村里代碼 → tw.openfun~entity~geo,target_village_id=63000120-003
2006,北投區,立農里,立農里,polling-station-single-village,verified,tw.gov.cec~ref~polling-station.識別碼 → 村里代碼 → tw.openfun~entity~geo,target_village_id=63000120-017
2006,北投區,立賢里,立賢里,polling-station-single-village,verified,tw.gov.cec~ref~polling-station.識別碼 → 村里代碼 → tw.openfun~entity~geo,target_village_id=63000120-016
2006,北投區,吉利里,吉利里,polling-station-single-village,verified,tw.gov.cec~ref~polling-station.識別碼 → 村里代碼 → tw.openfun~entity~geo,target_village_id=63000120-013
2006,北投區,吉慶里,吉慶里,polling-station-single-village,verified,tw.gov.cec~ref~polling-station.識別碼 → 村里代碼 → tw.openfun~entity~geo,target_village_id=63000120-014
2006,北投區,秀山里,秀山里,polling-station-single-village,verified,tw.gov.cec~ref~polling-station.識別碼 → 村里代碼 → tw.openfun~entity~geo,target_village_id=63000120-032
2006,北投區,奇岩里,奇岩里,polling-station-single-village,verified,tw.gov.cec~ref~polling-station.識別碼 → 村里代碼 → tw.openfun~entity~geo,target_village_id=63000120-020
2006,北投區,東華里,東華里,polling-station-single-village,verified,tw.gov.cec~ref~polling-station.識別碼 → 村里代碼 → tw.openfun~entity~geo,target_village_id=63000120-012
2006,北投區,林泉里,林泉里,polling-station-single-village,verified,tw.gov.cec~ref~polling-station.識別碼 → 村里代碼 → tw.openfun~entity~geo,target_village_id=63000120-026
2006,北投區,長安里,長安里,polling-station-single-village,verified,tw.gov.cec~ref~polling-station.識別碼 → 村里代碼 → tw.openfun~entity~geo,target_village_id=63000120-023
2006,北投區,建民里,建民里,polling-station-single-village,verified,tw.gov.cec~ref~polling-station.識別碼 → 村里代碼 → tw.openfun~entity~geo,target_village_id=63000120-001
2006,北投區,泉源里,泉源里,polling-station-single-village,verified,tw.gov.cec~ref~polling-station.識別碼 → 村里代碼 → tw.openfun~entity~geo,target_village_id=63000120-039
2006,北投區,洲美里,洲美里,polling-station-single-village,verified,tw.gov.cec~ref~polling-station.識別碼 → 村里代碼 → tw.openfun~entity~geo,target_village_id=63000120-019
2006,北投區,振華里,振華里,polling-station-single-village,verified,tw.gov.cec~ref~polling-station.識別碼 → 村里代碼 → tw.openfun~entity~geo,target_village_id=63000120-008
2006,北投區,桃源里,桃源里,polling-station-single-village,verified,tw.gov.cec~ref~polling-station.識別碼 → 村里代碼 → tw.openfun~entity~geo,target_village_id=63000120-036
2006,北投區,清江里,清江里,polling-station-single-village,verified,tw.gov.cec~ref~polling-station.識別碼 → 村里代碼 → tw.openfun~entity~geo,target_village_id=63000120-021
2006,北投區,尊賢里,尊賢里,polling-station-single-village,verified,tw.gov.cec~ref~polling-station.識別碼 → 村里代碼 → tw.openfun~entity~geo,target_village_id=63000120-015
2006,北投區,智仁里,智仁里,polling-station-single-village,verified,tw.gov.cec~ref~polling-station.識別碼 → 村里代碼 → tw.openfun~entity~geo,target_village_id=63000120-031
2006,北投區,湖山里,湖山里,polling-station-single-village,verified,tw.gov.cec~ref~polling-station.識別碼 → 村里代碼 → tw.openfun~entity~geo,target_village_id=63000120-040
2006,北投區,湖田里,湖田里,polling-station-single-village,verified,tw.gov.cec~ref~polling-station.識別碼 → 村里代碼 → tw.openfun~entity~geo,target_village_id=63000120-042
2006,北投區,開明里,開明里,polling-station-single-village,verified,tw.gov.cec~ref~polling-station.識別碼 → 村里代碼 → tw.openfun~entity~geo,target_village_id=63000120-029
2006,北投區,溫泉里,溫泉里,polling-station-single-village,verified,tw.gov.cec~ref~polling-station.識別碼 → 村里代碼 → tw.openfun~entity~geo,target_village_id=63000120-025
2006,北投區,裕民里,裕民里,polling-station-single-village,verified,tw.gov.cec~ref~polling-station.識別碼 → 村里代碼 → tw.openfun~entity~geo,target_village_id=63000120-007
2006,北投區,榮光里,榮光里,polling-station-single-village,verified,tw.gov.cec~ref~polling-station.識別碼 → 村里代碼 → tw.openfun~entity~geo,target_village_id=63000120-005
2006,北投區,榮華里,榮華里,polling-station-single-village,verified,tw.gov.cec~ref~polling-station.識別碼 → 村里代碼 → tw.openfun~entity~geo,target_village_id=63000120-006
2006,北投區,福興里,福興里,polling-station-single-village,verified,tw.gov.cec~ref~polling-station.識別碼 → 村里代碼 → tw.openfun~entity~geo,target_village_id=63000120-004
2006,北投區,稻香里,稻香里,polling-station-single-village,verified,tw.gov.cec~ref~polling-station.識別碼 → 村里代碼 → tw.openfun~entity~geo,target_village_id=63000120-035
2006,北投區,豐年里,豐年里,polling-station-single-village,verified,tw.gov.cec~ref~polling-station.識別碼 → 村里代碼 → tw.openfun~entity~geo,target_village_id=63000120-034
2006,北投區,關渡里,關渡里,polling-station-single-village,verified,tw.gov.cec~ref~polling-station.識別碼 → 村里代碼 → tw.openfun~entity~geo,target_village_id=63000120-038
2006,松山區,三民里,三民里,polling-station-single-village,verified,tw.gov.cec~ref~polling-station.識別碼 → 村里代碼 → tw.openfun~entity~geo,target_village_id=63000010-004
2006,松山區,中正里,中正里,polling-station-single-village,verified,tw.gov.cec~ref~polling-station.識別碼 → 村里代碼 → tw.openfun~entity~geo,target_village_id=63000010-026
2006,松山區,中崙里,中崙里,polling-station-single-village,verified,tw.gov.cec~ref~polling-station.識別碼 → 村里代碼 → tw.openfun~entity~geo,target_village_id=63000010-027
2006,松山區,中華里,中華里,polling-station-single-village,verified,tw.gov.cec~ref~polling-station.識別碼 → 村里代碼 → tw.openfun~entity~geo,target_village_id=63000010-015
2006,松山區,介壽里,介壽里,polling-station-single-village,verified,tw.gov.cec~ref~polling-station.識別碼 → 村里代碼 → tw.openfun~entity~geo,target_village_id=63000010-009
2006,松山區,民有里,民有里,polling-station-single-village,verified,tw.gov.cec~ref~polling-station.識別碼 → 村里代碼 → tw.openfun~entity~geo,target_village_id=63000010-016
2006,松山區,民福里,民福里,polling-station-single-village,verified,tw.gov.cec~ref~polling-station.識別碼 → 村里代碼 → tw.openfun~entity~geo,target_village_id=63000010-017
2006,松山區,吉仁里,吉仁里,polling-station-single-village,verified,tw.gov.cec~ref~polling-station.識別碼 → 村里代碼 → tw.openfun~entity~geo,target_village_id=63000010-029
2006,松山區,吉祥里,吉祥里,polling-station-single-village,verified,tw.gov.cec~ref~polling-station.識別碼 → 村里代碼 → tw.openfun~entity~geo,target_village_id=63000010-022
2006,松山區,安平里,安平里,polling-station-single-village,verified,tw.gov.cec~ref~polling-station.識別碼 → 村里代碼 → tw.openfun~entity~geo,target_village_id=63000010-019
2006,松山區,自強里,自強里,polling-station-single-village,verified,tw.gov.cec~ref~polling-station.識別碼 → 村里代碼 → tw.openfun~entity~geo,target_village_id=63000010-021
2006,松山區,東光里,東光里,polling-station-single-village,verified,tw.gov.cec~ref~polling-station.識別碼 → 村里代碼 → tw.openfun~entity~geo,target_village_id=63000010-011
2006,松山區,東昌里,東昌里,polling-station-single-village,verified,tw.gov.cec~ref~polling-station.識別碼 → 村里代碼 → tw.openfun~entity~geo,target_village_id=63000010-013
2006,松山區,東勢里,東勢里,polling-station-single-village,verified,tw.gov.cec~ref~polling-station.識別碼 → 村里代碼 → tw.openfun~entity~geo,target_village_id=63000010-014
2006,松山區,東榮里,東榮里,polling-station-single-village,verified,tw.gov.cec~ref~polling-station.識別碼 → 村里代碼 → tw.openfun~entity~geo,target_village_id=63000010-003
2006,松山區,松基里,松基里,polling-station-single-village,verified,tw.gov.cec~ref~polling-station.識別碼 → 村里代碼 → tw.openfun~entity~geo,target_village_id=63000010-035
2006,松山區,美仁里,美仁里,polling-station-single-village,verified,tw.gov.cec~ref~polling-station.識別碼 → 村里代碼 → tw.openfun~entity~geo,target_village_id=63000010-028
2006,松山區,莊敬里,莊敬里,polling-station-single-village,verified,tw.gov.cec~ref~polling-station.識別碼 → 村里代碼 → tw.openfun~entity~geo,target_village_id=63000010-002
2006,松山區,富泰里,富泰里,polling-station-single-village,verified,tw.gov.cec~ref~polling-station.識別碼 → 村里代碼 → tw.openfun~entity~geo,target_village_id=63000010-008
2006,松山區,富錦里,富錦里,polling-station-single-village,verified,tw.gov.cec~ref~polling-station.識別碼 → 村里代碼 → tw.openfun~entity~geo,target_village_id=63000010-006
2006,松山區,復建里,復建里,polling-station-single-village,verified,tw.gov.cec~ref~polling-station.識別碼 → 村里代碼 → tw.openfun~entity~geo,target_village_id=63000010-032
2006,松山區,復盛里,復盛里,polling-station-single-village,verified,tw.gov.cec~ref~polling-station.識別碼 → 村里代碼 → tw.openfun~entity~geo,target_village_id=63000010-025
2006,松山區,復勢里,復勢里,polling-station-single-village,verified,tw.gov.cec~ref~polling-station.識別碼 → 村里代碼 → tw.openfun~entity~geo,target_village_id=63000010-033
2006,松山區,復源里,復源里,polling-station-single-village,verified,tw.gov.cec~ref~polling-station.識別碼 → 村里代碼 → tw.openfun~entity~geo,target_village_id=63000010-031
2006,松山區,敦化里,敦化里,polling-station-single-village,verified,tw.gov.cec~ref~polling-station.識別碼 → 村里代碼 → tw.openfun~entity~geo,target_village_id=63000010-030
2006,松山區,新東里,新東里,polling-station-single-village,verified,tw.gov.cec~ref~polling-station.識別碼 → 村里代碼 → tw.openfun~entity~geo,target_village_id=63000010-007
2006,松山區,新益里,新益里,polling-station-single-village,verified,tw.gov.cec~ref~polling-station.識別碼 → 村里代碼 → tw.openfun~entity~geo,target_village_id=63000010-005
2006,松山區,新聚里,新聚里,polling-station-single-village,verified,tw.gov.cec~ref~polling-station.識別碼 → 村里代碼 → tw.openfun~entity~geo,target_village_id=63000010-024
2006,松山區,慈祐里,慈祐里,polling-station-single-village,verified,tw.gov.cec~ref~polling-station.識別碼 → 村里代碼 → tw.openfun~entity~geo,target_village_id=63000010-018
2006,松山區,福成里,福成里,polling-station-single-village,verified,tw.gov.cec~ref~polling-station.識別碼 → 村里代碼 → tw.openfun~entity~geo,target_village_id=63000010-034
2006,松山區,精忠里,精忠里,polling-station-single-village,verified,tw.gov.cec~ref~polling-station.識別碼 → 村里代碼 → tw.openfun~entity~geo,target_village_id=63000010-010
2006,松山區,龍田里,龍田里,polling-station-single-village,verified,tw.gov.cec~ref~polling-station.識別碼 → 村里代碼 → tw.openfun~entity~geo,target_village_id=63000010-012
2006,松山區,鵬程里,鵬程里,polling-station-single-village,verified,tw.gov.cec~ref~polling-station.識別碼 → 村里代碼 → tw.openfun~entity~geo,target_village_id=63000010-020
2006,信義區,三張里,三張里,polling-station-single-village,verified,tw.gov.cec~ref~polling-station.識別碼 → 村里代碼 → tw.openfun~entity~geo,target_village_id=63000020-030
2006,信義區,三犁里,三犁里,polling-station-single-village,verified,tw.gov.cec~ref~polling-station.識別碼 → 村里代碼 → tw.openfun~entity~geo,target_village_id=63000020-031
2006,信義區,大仁里,大仁里,polling-station-single-village,verified,tw.gov.cec~ref~polling-station.識別碼 → 村里代碼 → tw.openfun~entity~geo,target_village_id=63000020-027
2006,信義區,大道里,大道里,polling-station-single-village,verified,tw.gov.cec~ref~polling-station.識別碼 → 村里代碼 → tw.openfun~entity~geo,target_village_id=63000020-026
2006,信義區,中行里,中行里,polling-station-single-village,verified,tw.gov.cec~ref~polling-station.識別碼 → 村里代碼 → tw.openfun~entity~geo,target_village_id=63000020-025
2006,信義區,中坡里,中坡里,polling-station-single-village,verified,tw.gov.cec~ref~polling-station.識別碼 → 村里代碼 → tw.openfun~entity~geo,target_village_id=63000020-024
2006,信義區,中興里,中興里,polling-station-single-village,verified,tw.gov.cec~ref~polling-station.識別碼 → 村里代碼 → tw.openfun~entity~geo,target_village_id=63000020-004
2006,信義區,五全里,五全里,polling-station-single-village,verified,tw.gov.cec~ref~polling-station.識別碼 → 村里代碼 → tw.openfun~entity~geo,target_village_id=63000020-013
2006,信義區,五常里,五常里,polling-station-single-village,verified,tw.gov.cec~ref~polling-station.識別碼 → 村里代碼 → tw.openfun~entity~geo,target_village_id=63000020-012
2006,信義區,六合里,六合里,polling-station-single-village,verified,tw.gov.cec~ref~polling-station.識別碼 → 村里代碼 → tw.openfun~entity~geo,target_village_id=63000020-032
2006,信義區,六藝里,六藝里,polling-station-single-village,verified,tw.gov.cec~ref~polling-station.識別碼 → 村里代碼 → tw.openfun~entity~geo,target_village_id=63000020-010
2006,信義區,四育里,四育里,polling-station-single-village,verified,tw.gov.cec~ref~polling-station.識別碼 → 村里代碼 → tw.openfun~entity~geo,target_village_id=63000020-016
2006,信義區,四維里,四維里,polling-station-single-village,verified,tw.gov.cec~ref~polling-station.識別碼 → 村里代碼 → tw.openfun~entity~geo,target_village_id=63000020-017
2006,信義區,正和里,正和里,polling-station-single-village,verified,tw.gov.cec~ref~polling-station.識別碼 → 村里代碼 → tw.openfun~entity~geo,target_village_id=63000020-002
2006,信義區,永吉里,永吉里,polling-station-single-village,verified,tw.gov.cec~ref~polling-station.識別碼 → 村里代碼 → tw.openfun~entity~geo,target_village_id=63000020-014
2006,信義區,永春里,永春里,polling-station-single-village,verified,tw.gov.cec~ref~polling-station.識別碼 → 村里代碼 → tw.openfun~entity~geo,target_village_id=63000020-018
2006,信義區,安康里,安康里,polling-station-single-village,verified,tw.gov.cec~ref~polling-station.識別碼 → 村里代碼 → tw.openfun~entity~geo,target_village_id=63000020-009
2006,信義區,西村里,西村里,polling-station-single-village,verified,tw.gov.cec~ref~polling-station.識別碼 → 村里代碼 → tw.openfun~entity~geo,target_village_id=63000020-001
2006,信義區,松友里,松友里,polling-station-single-village,verified,tw.gov.cec~ref~polling-station.識別碼 → 村里代碼 → tw.openfun~entity~geo,target_village_id=63000020-022
2006,信義區,松光里,松光里,polling-station-single-village,verified,tw.gov.cec~ref~polling-station.識別碼 → 村里代碼 → tw.openfun~entity~geo,target_village_id=63000020-023
2006,信義區,松隆里,松隆里,polling-station-single-village,verified,tw.gov.cec~ref~polling-station.識別碼 → 村里代碼 → tw.openfun~entity~geo,target_village_id=63000020-021
2006,信義區,長春里,長春里,polling-station-single-village,verified,tw.gov.cec~ref~polling-station.識別碼 → 村里代碼 → tw.openfun~entity~geo,target_village_id=63000020-015
2006,信義區,泰和里,泰和里,polling-station-single-village,verified,tw.gov.cec~ref~polling-station.識別碼 → 村里代碼 → tw.openfun~entity~geo,target_village_id=63000020-033
2006,信義區,國業里,國業里,polling-station-single-village,verified,tw.gov.cec~ref~polling-station.識別碼 → 村里代碼 → tw.openfun~entity~geo,target_village_id=63000020-020
2006,信義區,富台里,富台里,polling-station-single-village,verified,tw.gov.cec~ref~polling-station.識別碼 → 村里代碼 → tw.openfun~entity~geo,target_village_id=63000020-019
2006,信義區,惠安里,惠安里,polling-station-single-village,verified,tw.gov.cec~ref~polling-station.識別碼 → 村里代碼 → tw.openfun~entity~geo,target_village_id=63000020-029
2006,信義區,敦厚里,敦厚里,polling-station-single-village,verified,tw.gov.cec~ref~polling-station.識別碼 → 村里代碼 → tw.openfun~entity~geo,target_village_id=63000020-007
2006,信義區,景勤里,景勤里,polling-station-single-village,verified,tw.gov.cec~ref~polling-station.識別碼 → 村里代碼 → tw.openfun~entity~geo,target_village_id=63000020-035
2006,信義區,景新里,景新里,polling-station-single-village,verified,tw.gov.cec~ref~polling-station.識別碼 → 村里代碼 → tw.openfun~entity~geo,target_village_id=63000020-028
2006,信義區,景聯里,景聯里,polling-station-single-village,verified,tw.gov.cec~ref~polling-station.識別碼 → 村里代碼 → tw.openfun~entity~geo,target_village_id=63000020-034
2006,信義區,雅祥里,雅祥里,polling-station-single-village,verified,tw.gov.cec~ref~polling-station.識別碼 → 村里代碼 → tw.openfun~entity~geo,target_village_id=63000020-011
2006,信義區,新仁里,新仁里,polling-station-single-village,verified,tw.gov.cec~ref~polling-station.識別碼 → 村里代碼 → tw.openfun~entity~geo,target_village_id=63000020-005
2006,信義區,嘉興里,嘉興里,polling-station-single-village,verified,tw.gov.cec~ref~polling-station.識別碼 → 村里代碼 → tw.openfun~entity~geo,target_village_id=63000020-037
2006,信義區,廣居里,廣居里,polling-station-single-village,verified,tw.gov.cec~ref~polling-station.識別碼 → 村里代碼 → tw.openfun~entity~geo,target_village_id=63000020-008
2006,信義區,黎平里,黎平里,polling-station-single-village,verified,tw.gov.cec~ref~polling-station.識別碼 → 村里代碼 → tw.openfun~entity~geo,target_village_id=63000020-039
2006,信義區,黎安里,黎安里,polling-station-single-village,verified,tw.gov.cec~ref~polling-station.識別碼 → 村里代碼 → tw.openfun~entity~geo,target_village_id=63000020-041
2006,信義區,黎忠里,黎忠里,polling-station-single-village,verified,tw.gov.cec~ref~polling-station.識別碼 → 村里代碼 → tw.openfun~entity~geo,target_village_id=63000020-040
2006,信義區,黎順里,黎順里,polling-station-single-village,verified,tw.gov.cec~ref~polling-station.識別碼 → 村里代碼 → tw.openfun~entity~geo,target_village_id=63000020-038
2006,信義區,興隆里,興隆里,polling-station-single-village,verified,tw.gov.cec~ref~polling-station.識別碼 → 村里代碼 → tw.openfun~entity~geo,target_village_id=63000020-003
2006,信義區,興雅里,興雅里,polling-station-single-village,verified,tw.gov.cec~ref~polling-station.識別碼 → 村里代碼 → tw.openfun~entity~geo,target_village_id=63000020-006
2006,信義區,雙和里,雙和里,polling-station-single-village,verified,tw.gov.cec~ref~polling-station.識別碼 → 村里代碼 → tw.openfun~entity~geo,target_village_id=63000020-036
2006,南港區,九如里,九如里,polling-station-single-village,verified,tw.gov.cec~ref~polling-station.識別碼 → 村里代碼 → tw.openfun~entity~geo,target_village_id=63000090-018
2006,南港區,三重里,三重里,polling-station-single-village,verified,tw.gov.cec~ref~polling-station.識別碼 → 村里代碼 → tw.openfun~entity~geo,target_village_id=63000090-004
2006,南港區,中南里,中南里,polling-station-single-village,verified,tw.gov.cec~ref~polling-station.識別碼 → 村里代碼 → tw.openfun~entity~geo,target_village_id=63000090-002
2006,南港區,中研里,中研里,polling-station-single-village,verified,tw.gov.cec~ref~polling-station.識別碼 → 村里代碼 → tw.openfun~entity~geo,target_village_id=63000090-017
2006,南港區,仁福里,仁福里,polling-station-single-village,verified,tw.gov.cec~ref~polling-station.識別碼 → 村里代碼 → tw.openfun~entity~geo,target_village_id=63000090-019
2006,南港區,玉成里,玉成里,polling-station-single-village,verified,tw.gov.cec~ref~polling-station.識別碼 → 村里代碼 → tw.openfun~entity~geo,target_village_id=63000090-009
2006,南港區,合成里,合成里,polling-station-single-village,verified,tw.gov.cec~ref~polling-station.識別碼 → 村里代碼 → tw.openfun~entity~geo,target_village_id=63000090-010
2006,南港區,成福里,成福里,polling-station-single-village,verified,tw.gov.cec~ref~polling-station.識別碼 → 村里代碼 → tw.openfun~entity~geo,target_village_id=63000090-011
2006,南港區,百福里,百福里,polling-station-single-village,verified,tw.gov.cec~ref~polling-station.識別碼 → 村里代碼 → tw.openfun~entity~geo,target_village_id=63000090-014
2006,南港區,西新里,西新里,polling-station-single-village,verified,tw.gov.cec~ref~polling-station.識別碼 → 村里代碼 → tw.openfun~entity~geo,target_village_id=63000090-008
2006,南港區,東明里,東明里,polling-station-single-village,verified,tw.gov.cec~ref~polling-station.識別碼 → 村里代碼 → tw.openfun~entity~geo,target_village_id=63000090-007
2006,南港區,東新里,東新里,polling-station-single-village,verified,tw.gov.cec~ref~polling-station.識別碼 → 村里代碼 → tw.openfun~entity~geo,target_village_id=63000090-005
2006,南港區,南港里,南港里,polling-station-single-village,verified,tw.gov.cec~ref~polling-station.識別碼 → 村里代碼 → tw.openfun~entity~geo,target_village_id=63000090-001
2006,南港區,新光里,新光里,polling-station-single-village,verified,tw.gov.cec~ref~polling-station.識別碼 → 村里代碼 → tw.openfun~entity~geo,target_village_id=63000090-006
2006,南港區,新富里,新富里,polling-station-single-village,verified,tw.gov.cec~ref~polling-station.識別碼 → 村里代碼 → tw.openfun~entity~geo,target_village_id=63000090-003
2006,南港區,萬福里,萬福里,polling-station-single-village,verified,tw.gov.cec~ref~polling-station.識別碼 → 村里代碼 → tw.openfun~entity~geo,target_village_id=63000090-012
2006,南港區,聯成里,聯成里,polling-station-single-village,verified,tw.gov.cec~ref~polling-station.識別碼 → 村里代碼 → tw.openfun~entity~geo,target_village_id=63000090-015
2006,南港區,鴻福里,鴻福里,polling-station-single-village,verified,tw.gov.cec~ref~polling-station.識別碼 → 村里代碼 → tw.openfun~entity~geo,target_village_id=63000090-013
2006,南港區,舊莊里,舊莊里,polling-station-single-village,verified,tw.gov.cec~ref~polling-station.識別碼 → 村里代碼 → tw.openfun~entity~geo,target_village_id=63000090-016
2006,萬華區,仁德里,仁德里,polling-station-single-village,verified,tw.gov.cec~ref~polling-station.識別碼 → 村里代碼 → tw.openfun~entity~geo,target_village_id=63000070-009
2006,萬華區,日祥里,日祥里,polling-station-single-village,verified,tw.gov.cec~ref~polling-station.識別碼 → 村里代碼 → tw.openfun~entity~geo,target_village_id=63000070-033
2006,萬華區,日善里,日善里,polling-station-single-village,verified,tw.gov.cec~ref~polling-station.識別碼 → 村里代碼 → tw.openfun~entity~geo,target_village_id=63000070-020
2006,萬華區,全德里,全德里,polling-station-single-village,verified,tw.gov.cec~ref~polling-station.識別碼 → 村里代碼 → tw.openfun~entity~geo,target_village_id=63000070-026
2006,萬華區,西門里,西門里,polling-station-single-village,verified,tw.gov.cec~ref~polling-station.識別碼 → 村里代碼 → tw.openfun~entity~geo,target_village_id=63000070-003
2006,萬華區,孝德里,孝德里,polling-station-single-village,verified,tw.gov.cec~ref~polling-station.識別碼 → 村里代碼 → tw.openfun~entity~geo,target_village_id=63000070-023
2006,萬華區,和平里,和平里,polling-station-single-village,verified,tw.gov.cec~ref~polling-station.識別碼 → 村里代碼 → tw.openfun~entity~geo,target_village_id=63000070-016
2006,萬華區,和德里,和德里,polling-station-single-village,verified,tw.gov.cec~ref~polling-station.識別碼 → 村里代碼 → tw.openfun~entity~geo,target_village_id=63000070-024
2006,萬華區,忠貞里,忠貞里,polling-station-single-village,verified,tw.gov.cec~ref~polling-station.識別碼 → 村里代碼 → tw.openfun~entity~geo,target_village_id=63000070-034
2006,萬華區,忠德里,忠德里,polling-station-single-village,verified,tw.gov.cec~ref~polling-station.識別碼 → 村里代碼 → tw.openfun~entity~geo,target_village_id=63000070-022
2006,萬華區,青山里,青山里,polling-station-single-village,verified,tw.gov.cec~ref~polling-station.識別碼 → 村里代碼 → tw.openfun~entity~geo,target_village_id=63000070-006
2006,萬華區,保德里,保德里,polling-station-single-village,verified,tw.gov.cec~ref~polling-station.識別碼 → 村里代碼 → tw.openfun~entity~geo,target_village_id=63000070-027
2006,萬華區,柳鄉里,柳鄉里,polling-station-single-village,verified,tw.gov.cec~ref~polling-station.識別碼 → 村里代碼 → tw.openfun~entity~geo,target_village_id=63000070-019
2006,萬華區,凌霄里,凌霄里,polling-station-single-village,verified,tw.gov.cec~ref~polling-station.識別碼 → 村里代碼 → tw.openfun~entity~geo,target_village_id=63000070-035
2006,萬華區,頂碩里,頂碩里,polling-station-single-village,verified,tw.gov.cec~ref~polling-station.識別碼 → 村里代碼 → tw.openfun~entity~geo,target_village_id=63000070-011
2006,萬華區,富民里,富民里,polling-station-single-village,verified,tw.gov.cec~ref~polling-station.識別碼 → 村里代碼 → tw.openfun~entity~geo,target_village_id=63000070-007
2006,萬華區,富福里,富福里,polling-station-single-village,verified,tw.gov.cec~ref~polling-station.識別碼 → 村里代碼 → tw.openfun~entity~geo,target_village_id=63000070-010
2006,萬華區,菜園里,菜園里,polling-station-single-village,verified,tw.gov.cec~ref~polling-station.識別碼 → 村里代碼 → tw.openfun~entity~geo,target_village_id=63000070-005
2006,萬華區,華中里,華中里,polling-station-single-village,verified,tw.gov.cec~ref~polling-station.識別碼 → 村里代碼 → tw.openfun~entity~geo,target_village_id=63000070-032
2006,萬華區,華江里,華江里,polling-station-single-village,verified,tw.gov.cec~ref~polling-station.識別碼 → 村里代碼 → tw.openfun~entity~geo,target_village_id=63000070-018
2006,萬華區,新安里,新安里,polling-station-single-village,verified,tw.gov.cec~ref~polling-station.識別碼 → 村里代碼 → tw.openfun~entity~geo,target_village_id=63000070-021
2006,萬華區,新和里,新和里,polling-station-single-village,verified,tw.gov.cec~ref~polling-station.識別碼 → 村里代碼 → tw.openfun~entity~geo,target_village_id=63000070-014
2006,萬華區,新忠里,新忠里,polling-station-single-village,verified,tw.gov.cec~ref~polling-station.識別碼 → 村里代碼 → tw.openfun~entity~geo,target_village_id=63000070-013
2006,萬華區,新起里,新起里,polling-station-single-village,verified,tw.gov.cec~ref~polling-station.識別碼 → 村里代碼 → tw.openfun~entity~geo,target_village_id=63000070-004
2006,萬華區,萬壽里,萬壽里,polling-station-single-village,verified,tw.gov.cec~ref~polling-station.識別碼 → 村里代碼 → tw.openfun~entity~geo,target_village_id=63000070-002
2006,萬華區,壽德里,壽德里,polling-station-single-village,verified,tw.gov.cec~ref~polling-station.識別碼 → 村里代碼 → tw.openfun~entity~geo,target_village_id=63000070-030
2006,萬華區,榮德里,榮德里,polling-station-single-village,verified,tw.gov.cec~ref~polling-station.識別碼 → 村里代碼 → tw.openfun~entity~geo,target_village_id=63000070-029
2006,萬華區,福星里,福星里,polling-station-single-village,verified,tw.gov.cec~ref~polling-station.識別碼 → 村里代碼 → tw.openfun~entity~geo,target_village_id=63000070-001
2006,萬華區,福音里,福音里,polling-station-single-village,verified,tw.gov.cec~ref~polling-station.識別碼 → 村里代碼 → tw.openfun~entity~geo,target_village_id=63000070-008
2006,萬華區,綠堤里,綠堤里,polling-station-single-village,verified,tw.gov.cec~ref~polling-station.識別碼 → 村里代碼 → tw.openfun~entity~geo,target_village_id=63000070-017
2006,萬華區,銘德里,銘德里,polling-station-single-village,verified,tw.gov.cec~ref~polling-station.識別碼 → 村里代碼 → tw.openfun~entity~geo,target_village_id=63000070-028
2006,萬華區,糖廍里,糖廍里,polling-station-single-village,verified,tw.gov.cec~ref~polling-station.識別碼 → 村里代碼 → tw.openfun~entity~geo,target_village_id=63000070-015
2006,萬華區,興德里,興德里,polling-station-single-village,verified,tw.gov.cec~ref~polling-station.識別碼 → 村里代碼 → tw.openfun~entity~geo,target_village_id=63000070-031
2006,萬華區,錦德里,錦德里,polling-station-single-village,verified,tw.gov.cec~ref~polling-station.識別碼 → 村里代碼 → tw.openfun~entity~geo,target_village_id=63000070-025
2006,萬華區,雙園里,雙園里,polling-station-single-village,verified,tw.gov.cec~ref~polling-station.識別碼 → 村里代碼 → tw.openfun~entity~geo,target_village_id=63000070-012
2006,萬華區,騰雲里,騰雲里,polling-station-single-village,verified,tw.gov.cec~ref~polling-station.識別碼 → 村里代碼 → tw.openfun~entity~geo,target_village_id=63000070-036
2010,士林區,三玉里,三玉里,polling-station-single-village,verified,tw.gov.cec~ref~polling-station.識別碼 → 村里代碼 → tw.openfun~entity~geo,target_village_id=63000110-033
2010,士林區,仁勇里,仁勇里,polling-station-single-village,verified,tw.gov.cec~ref~polling-station.識別碼 → 村里代碼 → tw.openfun~entity~geo,target_village_id=63000110-001
2010,士林區,公館里,公館里,polling-station-single-village,verified,tw.gov.cec~ref~polling-station.識別碼 → 村里代碼 → tw.openfun~entity~geo,target_village_id=63000110-044
2010,士林區,天山里,天山里,polling-station-single-village,verified,tw.gov.cec~ref~polling-station.識別碼 → 村里代碼 → tw.openfun~entity~geo,target_village_id=63000110-040
2010,士林區,天母里,天母里,polling-station-single-village,verified,tw.gov.cec~ref~polling-station.識別碼 → 村里代碼 → tw.openfun~entity~geo,target_village_id=63000110-042
2010,士林區,天玉里,天玉里,polling-station-single-village,verified,tw.gov.cec~ref~polling-station.識別碼 → 村里代碼 → tw.openfun~entity~geo,target_village_id=63000110-041
2010,士林區,天和里,天和里,polling-station-single-village,verified,tw.gov.cec~ref~polling-station.識別碼 → 村里代碼 → tw.openfun~entity~geo,target_village_id=63000110-039
2010,士林區,天祿里,天祿里,polling-station-single-village,verified,tw.gov.cec~ref~polling-station.識別碼 → 村里代碼 → tw.openfun~entity~geo,target_village_id=63000110-037
2010,士林區,天壽里,天壽里,polling-station-single-village,verified,tw.gov.cec~ref~polling-station.識別碼 → 村里代碼 → tw.openfun~entity~geo,target_village_id=63000110-038
2010,士林區,天福里,天福里,polling-station-single-village,verified,tw.gov.cec~ref~polling-station.識別碼 → 村里代碼 → tw.openfun~entity~geo,target_village_id=63000110-036
2010,士林區,平等里,平等里,polling-station-single-village,verified,tw.gov.cec~ref~polling-station.識別碼 → 村里代碼 → tw.openfun~entity~geo,target_village_id=63000110-048
2010,士林區,永倫里,永倫里,polling-station-single-village,verified,tw.gov.cec~ref~polling-station.識別碼 → 村里代碼 → tw.openfun~entity~geo,target_village_id=63000110-022
2010,士林區,永福里,永福里,polling-station-single-village,verified,tw.gov.cec~ref~polling-station.識別碼 → 村里代碼 → tw.openfun~entity~geo,target_village_id=63000110-043
2010,士林區,名山里,名山里,polling-station-single-village,verified,tw.gov.cec~ref~polling-station.識別碼 → 村里代碼 → tw.openfun~entity~geo,target_village_id=63000110-026
2010,士林區,百齡里,百齡里,polling-station-single-village,verified,tw.gov.cec~ref~polling-station.識別碼 → 村里代碼 → tw.openfun~entity~geo,target_village_id=63000110-011
2010,士林區,岩山里,岩山里,polling-station-single-village,verified,tw.gov.cec~ref~polling-station.識別碼 → 村里代碼 → tw.openfun~entity~geo,target_village_id=63000110-025
2010,士林區,忠誠里,忠誠里,polling-station-single-village,verified,tw.gov.cec~ref~polling-station.識別碼 → 村里代碼 → tw.openfun~entity~geo,target_village_id=63000110-030
2010,士林區,承德里,承德里,polling-station-single-village,verified,tw.gov.cec~ref~polling-station.識別碼 → 村里代碼 → tw.openfun~entity~geo,target_village_id=63000110-012
2010,士林區,明勝里,明勝里,polling-station-single-village,verified,tw.gov.cec~ref~polling-station.識別碼 → 村里代碼 → tw.openfun~entity~geo,target_village_id=63000110-014
2010,士林區,東山里,東山里,polling-station-single-village,verified,tw.gov.cec~ref~polling-station.識別碼 → 村里代碼 → tw.openfun~entity~geo,target_village_id=63000110-032
2010,士林區,社子里,社子里,polling-station-single-village,verified,tw.gov.cec~ref~polling-station.識別碼 → 村里代碼 → tw.openfun~entity~geo,target_village_id=63000110-019
2010,士林區,社園里,社園里,polling-station-single-village,verified,tw.gov.cec~ref~polling-station.識別碼 → 村里代碼 → tw.openfun~entity~geo,target_village_id=63000110-021
2010,士林區,社新里,社新里,polling-station-single-village,verified,tw.gov.cec~ref~polling-station.識別碼 → 村里代碼 → tw.openfun~entity~geo,target_village_id=63000110-020
2010,士林區,芝山里,芝山里,polling-station-single-village,verified,tw.gov.cec~ref~polling-station.識別碼 → 村里代碼 → tw.openfun~entity~geo,target_village_id=63000110-031
2010,士林區,前港里,前港里,polling-station-single-village,verified,tw.gov.cec~ref~polling-station.識別碼 → 村里代碼 → tw.openfun~entity~geo,target_village_id=63000110-010
2010,士林區,後港里,後港里,polling-station-single-village,verified,tw.gov.cec~ref~polling-station.識別碼 → 村里代碼 → tw.openfun~entity~geo,target_village_id=63000110-008
2010,士林區,富光里,富光里,polling-station-single-village,verified,tw.gov.cec~ref~polling-station.識別碼 → 村里代碼 → tw.openfun~entity~geo,target_village_id=63000110-016
2010,士林區,富洲里,富洲里,polling-station-single-village,verified,tw.gov.cec~ref~polling-station.識別碼 → 村里代碼 → tw.openfun~entity~geo,target_village_id=63000110-024
2010,士林區,菁山里,菁山里,polling-station-single-village,verified,tw.gov.cec~ref~polling-station.識別碼 → 村里代碼 → tw.openfun~entity~geo,target_village_id=63000110-047
2010,士林區,陽明里,陽明里,polling-station-single-village,verified,tw.gov.cec~ref~polling-station.識別碼 → 村里代碼 → tw.openfun~entity~geo,target_village_id=63000110-046
2010,士林區,新安里,新安里,polling-station-single-village,verified,tw.gov.cec~ref~polling-station.識別碼 → 村里代碼 → tw.openfun~entity~geo,target_village_id=63000110-045
2010,士林區,溪山里,溪山里,polling-station-single-village,verified,tw.gov.cec~ref~polling-station.識別碼 → 村里代碼 → tw.openfun~entity~geo,target_village_id=63000110-049
2010,士林區,義信里,義信里,polling-station-single-village,verified,tw.gov.cec~ref~polling-station.識別碼 → 村里代碼 → tw.openfun~entity~geo,target_village_id=63000110-002
2010,士林區,聖山里,聖山里,polling-station-single-village,verified,tw.gov.cec~ref~polling-station.識別碼 → 村里代碼 → tw.openfun~entity~geo,target_village_id=63000110-029
2010,士林區,葫東里,葫東里,polling-station-single-village,verified,tw.gov.cec~ref~polling-station.識別碼 → 村里代碼 → tw.openfun~entity~geo,target_village_id=63000110-018
2010,士林區,葫蘆里,葫蘆里,polling-station-single-village,verified,tw.gov.cec~ref~polling-station.識別碼 → 村里代碼 → tw.openfun~entity~geo,target_village_id=63000110-017
2010,士林區,福中里,福中里,polling-station-single-village,verified,tw.gov.cec~ref~polling-station.識別碼 → 村里代碼 → tw.openfun~entity~geo,target_village_id=63000110-009
2010,士林區,福安里,福安里,polling-station-single-village,verified,tw.gov.cec~ref~polling-station.識別碼 → 村里代碼 → tw.openfun~entity~geo,target_village_id=63000110-023
2010,士林區,福志里,福志里,polling-station-single-village,verified,tw.gov.cec~ref~polling-station.識別碼 → 村里代碼 → tw.openfun~entity~geo,target_village_id=63000110-005
2010,士林區,福佳里,福佳里,polling-station-single-village,verified,tw.gov.cec~ref~polling-station.識別碼 → 村里代碼 → tw.openfun~entity~geo,target_village_id=63000110-007
2010,士林區,福林里,福林里,polling-station-single-village,verified,tw.gov.cec~ref~polling-station.識別碼 → 村里代碼 → tw.openfun~entity~geo,target_village_id=63000110-003
2010,士林區,福華里,福華里,polling-station-single-village,verified,tw.gov.cec~ref~polling-station.識別碼 → 村里代碼 → tw.openfun~entity~geo,target_village_id=63000110-013
2010,士林區,福順里,福順里,polling-station-single-village,verified,tw.gov.cec~ref~polling-station.識別碼 → 村里代碼 → tw.openfun~entity~geo,target_village_id=63000110-015
2010,士林區,福德里,福德里,polling-station-single-village,verified,tw.gov.cec~ref~polling-station.識別碼 → 村里代碼 → tw.openfun~entity~geo,target_village_id=63000110-004
2010,士林區,翠山里,翠山里,polling-station-single-village,verified,tw.gov.cec~ref~polling-station.識別碼 → 村里代碼 → tw.openfun~entity~geo,target_village_id=63000110-050
2010,士林區,德行里,德行里,polling-station-single-village,verified,tw.gov.cec~ref~polling-station.識別碼 → 村里代碼 → tw.openfun~entity~geo,target_village_id=63000110-027
2010,士林區,德華里,德華里,polling-station-single-village,verified,tw.gov.cec~ref~polling-station.識別碼 → 村里代碼 → tw.openfun~entity~geo,target_village_id=63000110-028
2010,士林區,臨溪里,臨溪里,polling-station-single-village,verified,tw.gov.cec~ref~polling-station.識別碼 → 村里代碼 → tw.openfun~entity~geo,target_village_id=63000110-051
2010,士林區,舊佳里,舊佳里,polling-station-single-village,verified,tw.gov.cec~ref~polling-station.識別碼 → 村里代碼 → tw.openfun~entity~geo,target_village_id=63000110-006
2010,士林區,蘭雅里,蘭雅里,polling-station-single-village,verified,tw.gov.cec~ref~polling-station.識別碼 → 村里代碼 → tw.openfun~entity~geo,target_village_id=63000110-034
2010,士林區,蘭興里,蘭興里,polling-station-single-village,verified,tw.gov.cec~ref~polling-station.識別碼 → 村里代碼 → tw.openfun~entity~geo,target_village_id=63000110-035
2010,大同區,大有里,大有里,polling-station-single-village,verified,tw.gov.cec~ref~polling-station.識別碼 → 村里代碼 → tw.openfun~entity~geo,target_village_id=63000060-009
2010,大同區,民權里,民權里,polling-station-single-village,verified,tw.gov.cec~ref~polling-station.識別碼 → 村里代碼 → tw.openfun~entity~geo,target_village_id=63000060-013
2010,大同區,永樂里,永樂里,polling-station-single-village,verified,tw.gov.cec~ref~polling-station.識別碼 → 村里代碼 → tw.openfun~entity~geo,target_village_id=63000060-005
2010,大同區,玉泉里,玉泉里,polling-station-single-village,verified,tw.gov.cec~ref~polling-station.識別碼 → 村里代碼 → tw.openfun~entity~geo,target_village_id=63000060-001
2010,大同區,光能里,光能里,polling-station-single-village,verified,tw.gov.cec~ref~polling-station.識別碼 → 村里代碼 → tw.openfun~entity~geo,target_village_id=63000060-008
2010,大同區,老師里,老師里,polling-station-single-village,verified,tw.gov.cec~ref~polling-station.識別碼 → 村里代碼 → tw.openfun~entity~geo,target_village_id=63000060-024
2010,大同區,至聖里,至聖里,polling-station-single-village,verified,tw.gov.cec~ref~polling-station.識別碼 → 村里代碼 → tw.openfun~entity~geo,target_village_id=63000060-022
2010,大同區,延平里,延平里,polling-station-single-village,verified,tw.gov.cec~ref~polling-station.識別碼 → 村里代碼 → tw.openfun~entity~geo,target_village_id=63000060-010
2010,大同區,保安里,保安里,polling-station-single-village,verified,tw.gov.cec~ref~polling-station.識別碼 → 村里代碼 → tw.openfun~entity~geo,target_village_id=63000060-026
2010,大同區,南芳里,南芳里,polling-station-single-village,verified,tw.gov.cec~ref~polling-station.識別碼 → 村里代碼 → tw.openfun~entity~geo,target_village_id=63000060-012
2010,大同區,建功里,建功里,polling-station-single-village,verified,tw.gov.cec~ref~polling-station.識別碼 → 村里代碼 → tw.openfun~entity~geo,target_village_id=63000060-003
2010,大同區,建明里,建明里,polling-station-single-village,verified,tw.gov.cec~ref~polling-station.識別碼 → 村里代碼 → tw.openfun~entity~geo,target_village_id=63000060-002
2010,大同區,建泰里,建泰里,polling-station-single-village,verified,tw.gov.cec~ref~polling-station.識別碼 → 村里代碼 → tw.openfun~entity~geo,target_village_id=63000060-004
2010,大同區,星明里,星明里,polling-station-single-village,verified,tw.gov.cec~ref~polling-station.識別碼 → 村里代碼 → tw.openfun~entity~geo,target_village_id=63000060-007
2010,大同區,重慶里,重慶里,polling-station-single-village,verified,tw.gov.cec~ref~polling-station.識別碼 → 村里代碼 → tw.openfun~entity~geo,target_village_id=63000060-025
2010,大同區,國順里,國順里,polling-station-single-village,verified,tw.gov.cec~ref~polling-station.識別碼 → 村里代碼 → tw.openfun~entity~geo,target_village_id=63000060-017
2010,大同區,國慶里,國慶里,polling-station-single-village,verified,tw.gov.cec~ref~polling-station.識別碼 → 村里代碼 → tw.openfun~entity~geo,target_village_id=63000060-018
2010,大同區,揚雅里,揚雅里,polling-station-single-village,verified,tw.gov.cec~ref~polling-station.識別碼 → 村里代碼 → tw.openfun~entity~geo,target_village_id=63000060-019
2010,大同區,斯文里,斯文里,polling-station-single-village,verified,tw.gov.cec~ref~polling-station.識別碼 → 村里代碼 → tw.openfun~entity~geo,target_village_id=63000060-020
2010,大同區,景星里,景星里,polling-station-single-village,verified,tw.gov.cec~ref~polling-station.識別碼 → 村里代碼 → tw.openfun~entity~geo,target_village_id=63000060-014
2010,大同區,朝陽里,朝陽里,polling-station-single-village,verified,tw.gov.cec~ref~polling-station.識別碼 → 村里代碼 → tw.openfun~entity~geo,target_village_id=63000060-006
2010,大同區,隆和里,隆和里,polling-station-single-village,verified,tw.gov.cec~ref~polling-station.識別碼 → 村里代碼 → tw.openfun~entity~geo,target_village_id=63000060-015
2010,大同區,蓬萊里,蓬萊里,polling-station-single-village,verified,tw.gov.cec~ref~polling-station.識別碼 → 村里代碼 → tw.openfun~entity~geo,target_village_id=63000060-016
2010,大同區,鄰江里,鄰江里,polling-station-single-village,verified,tw.gov.cec~ref~polling-station.識別碼 → 村里代碼 → tw.openfun~entity~geo,target_village_id=63000060-021
2010,大同區,雙連里,雙連里,polling-station-single-village,verified,tw.gov.cec~ref~polling-station.識別碼 → 村里代碼 → tw.openfun~entity~geo,target_village_id=63000060-011
2010,大安區,大學里,大學里,polling-station-single-village,verified,tw.gov.cec~ref~polling-station.識別碼 → 村里代碼 → tw.openfun~entity~geo,target_village_id=63000030-043
2010,大安區,仁愛里,仁愛里,polling-station-single-village,verified,tw.gov.cec~ref~polling-station.識別碼 → 村里代碼 → tw.openfun~entity~geo,target_village_id=63000030-005
2010,大安區,仁慈里,仁慈里,polling-station-single-village,verified,tw.gov.cec~ref~polling-station.識別碼 → 村里代碼 → tw.openfun~entity~geo,target_village_id=63000030-002
2010,大安區,古風里,古風里,polling-station-single-village,verified,tw.gov.cec~ref~polling-station.識別碼 → 村里代碼 → tw.openfun~entity~geo,target_village_id=63000030-013
2010,大安區,古莊里,古莊里,polling-station-single-village,verified,tw.gov.cec~ref~polling-station.識別碼 → 村里代碼 → tw.openfun~entity~geo,target_village_id=63000030-014
2010,大安區,正聲里,正聲里,polling-station-single-village,verified,tw.gov.cec~ref~polling-station.識別碼 → 村里代碼 → tw.openfun~entity~geo,target_village_id=63000030-052
2010,大安區,民炤里,民炤里,polling-station-single-village,verified,tw.gov.cec~ref~polling-station.識別碼 → 村里代碼 → tw.openfun~entity~geo,target_village_id=63000030-004
2010,大安區,民輝里,民輝里,polling-station-single-village,verified,tw.gov.cec~ref~polling-station.識別碼 → 村里代碼 → tw.openfun~entity~geo,target_village_id=63000030-007
2010,大安區,永康里,永康里,polling-station-single-village,verified,tw.gov.cec~ref~polling-station.識別碼 → 村里代碼 → tw.openfun~entity~geo,target_village_id=63000030-018
2010,大安區,光明里,光明里,polling-station-single-village,verified,tw.gov.cec~ref~polling-station.識別碼 → 村里代碼 → tw.openfun~entity~geo,target_village_id=63000030-019
2010,大安區,光武里,光武里,polling-station-single-village,verified,tw.gov.cec~ref~polling-station.識別碼 → 村里代碼 → tw.openfun~entity~geo,target_village_id=63000030-010
2010,大安區,光信里,光信里,polling-station-single-village,verified,tw.gov.cec~ref~polling-station.識別碼 → 村里代碼 → tw.openfun~entity~geo,target_village_id=63000030-056
2010,大安區,全安里,全安里,polling-station-single-village,verified,tw.gov.cec~ref~polling-station.識別碼 → 村里代碼 → tw.openfun~entity~geo,target_village_id=63000030-035
2010,大安區,住安里,住安里,polling-station-single-village,verified,tw.gov.cec~ref~polling-station.識別碼 → 村里代碼 → tw.openfun~entity~geo,target_village_id=63000030-029
2010,大安區,車層里,車層里,polling-station-single-village,verified,tw.gov.cec~ref~polling-station.識別碼 → 村里代碼 → tw.openfun~entity~geo,target_village_id=63000030-055
2010,大安區,和安里,和安里,polling-station-single-village,verified,tw.gov.cec~ref~polling-station.識別碼 → 村里代碼 → tw.openfun~entity~geo,target_village_id=63000030-003
2010,大安區,昌隆里,昌隆里,polling-station-single-village,verified,tw.gov.cec~ref~polling-station.識別碼 → 村里代碼 → tw.openfun~entity~geo,target_village_id=63000030-008
2010,大安區,法治里,法治里,polling-station-single-village,verified,tw.gov.cec~ref~polling-station.識別碼 → 村里代碼 → tw.openfun~entity~geo,target_village_id=63000030-034
2010,大安區,臥龍里,臥龍里,polling-station-single-village,verified,tw.gov.cec~ref~polling-station.識別碼 → 村里代碼 → tw.openfun~entity~geo,target_village_id=63000030-039
2010,大安區,芳和里,芳和里,polling-station-single-village,verified,tw.gov.cec~ref~polling-station.識別碼 → 村里代碼 → tw.openfun~entity~geo,target_village_id=63000030-044
2010,大安區,虎嘯里,虎嘯里,polling-station-single-village,verified,tw.gov.cec~ref~polling-station.識別碼 → 村里代碼 → tw.openfun~entity~geo,target_village_id=63000030-038
2010,大安區,建安里,建安里,polling-station-single-village,verified,tw.gov.cec~ref~polling-station.識別碼 → 村里代碼 → tw.openfun~entity~geo,target_village_id=63000030-049
2010,大安區,建倫里,建倫里,polling-station-single-village,verified,tw.gov.cec~ref~polling-station.識別碼 → 村里代碼 → tw.openfun~entity~geo,target_village_id=63000030-050
2010,大安區,通化里,通化里,polling-station-single-village,verified,tw.gov.cec~ref~polling-station.識別碼 → 村里代碼 → tw.openfun~entity~geo,target_village_id=63000030-031
2010,大安區,通安里,通安里,polling-station-single-village,verified,tw.gov.cec~ref~polling-station.識別碼 → 村里代碼 → tw.openfun~entity~geo,target_village_id=63000030-032
2010,大安區,敦安里,敦安里,polling-station-single-village,verified,tw.gov.cec~ref~polling-station.識別碼 → 村里代碼 → tw.openfun~entity~geo,target_village_id=63000030-051
2010,大安區,敦煌里,敦煌里,polling-station-single-village,verified,tw.gov.cec~ref~polling-station.識別碼 → 村里代碼 → tw.openfun~entity~geo,target_village_id=63000030-053
2010,大安區,華聲里,華聲里,polling-station-single-village,verified,tw.gov.cec~ref~polling-station.識別碼 → 村里代碼 → tw.openfun~entity~geo,target_village_id=63000030-054
2010,大安區,新龍里,新龍里,polling-station-single-village,verified,tw.gov.cec~ref~polling-station.識別碼 → 村里代碼 → tw.openfun~entity~geo,target_village_id=63000030-023
2010,大安區,群英里,群英里,polling-station-single-village,verified,tw.gov.cec~ref~polling-station.識別碼 → 村里代碼 → tw.openfun~entity~geo,target_village_id=63000030-037
2010,大安區,群賢里,群賢里,polling-station-single-village,verified,tw.gov.cec~ref~polling-station.識別碼 → 村里代碼 → tw.openfun~entity~geo,target_village_id=63000030-036
2010,大安區,義安里,義安里,polling-station-single-village,verified,tw.gov.cec~ref~polling-station.識別碼 → 村里代碼 → tw.openfun~entity~geo,target_village_id=63000030-030
2010,大安區,義村里,義村里,polling-station-single-village,verified,tw.gov.cec~ref~polling-station.識別碼 → 村里代碼 → tw.openfun~entity~geo,target_village_id=63000030-006
2010,大安區,誠安里,誠安里,polling-station-single-village,verified,tw.gov.cec~ref~polling-station.識別碼 → 村里代碼 → tw.openfun~entity~geo,target_village_id=63000030-009
2010,大安區,福住里,福住里,polling-station-single-village,verified,tw.gov.cec~ref~polling-station.識別碼 → 村里代碼 → tw.openfun~entity~geo,target_village_id=63000030-017
2010,大安區,德安里,德安里,polling-station-single-village,verified,tw.gov.cec~ref~polling-station.識別碼 → 村里代碼 → tw.openfun~entity~geo,target_village_id=63000030-001
2010,大安區,黎元里,黎元里,polling-station-single-village,verified,tw.gov.cec~ref~polling-station.識別碼 → 村里代碼 → tw.openfun~entity~geo,target_village_id=63000030-046
2010,大安區,黎孝里,黎孝里,polling-station-single-village,verified,tw.gov.cec~ref~polling-station.識別碼 → 村里代碼 → tw.openfun~entity~geo,target_village_id=63000030-047
2010,大安區,黎和里,黎和里,polling-station-single-village,verified,tw.gov.cec~ref~polling-station.識別碼 → 村里代碼 → tw.openfun~entity~geo,target_village_id=63000030-048
2010,大安區,學府里,學府里,polling-station-single-village,verified,tw.gov.cec~ref~polling-station.識別碼 → 村里代碼 → tw.openfun~entity~geo,target_village_id=63000030-057
2010,大安區,錦安里,錦安里,polling-station-single-village,verified,tw.gov.cec~ref~polling-station.識別碼 → 村里代碼 → tw.openfun~entity~geo,target_village_id=63000030-016
2010,大安區,錦泰里,錦泰里,polling-station-single-village,verified,tw.gov.cec~ref~polling-station.識別碼 → 村里代碼 → tw.openfun~entity~geo,target_village_id=63000030-020
2010,大安區,錦華里,錦華里,polling-station-single-village,verified,tw.gov.cec~ref~polling-station.識別碼 → 村里代碼 → tw.openfun~entity~geo,target_village_id=63000030-021
2010,大安區,龍生里,龍生里,polling-station-single-village,verified,tw.gov.cec~ref~polling-station.識別碼 → 村里代碼 → tw.openfun~entity~geo,target_village_id=63000030-028
2010,大安區,龍安里,龍安里,polling-station-single-village,verified,tw.gov.cec~ref~polling-station.識別碼 → 村里代碼 → tw.openfun~entity~geo,target_village_id=63000030-015
2010,大安區,龍坡里,龍坡里,polling-station-single-village,verified,tw.gov.cec~ref~polling-station.識別碼 → 村里代碼 → tw.openfun~entity~geo,target_village_id=63000030-011
2010,大安區,龍門里,龍門里,polling-station-single-village,verified,tw.gov.cec~ref~polling-station.識別碼 → 村里代碼 → tw.openfun~entity~geo,target_village_id=63000030-041
2010,大安區,龍泉里,龍泉里,polling-station-single-village,verified,tw.gov.cec~ref~polling-station.識別碼 → 村里代碼 → tw.openfun~entity~geo,target_village_id=63000030-012
2010,大安區,龍陣里,龍陣里,polling-station-single-village,verified,tw.gov.cec~ref~polling-station.識別碼 → 村里代碼 → tw.openfun~entity~geo,target_village_id=63000030-026
2010,大安區,龍淵里,龍淵里,polling-station-single-village,verified,tw.gov.cec~ref~polling-station.識別碼 → 村里代碼 → tw.openfun~entity~geo,target_village_id=63000030-040
2010,大安區,龍雲里,龍雲里,polling-station-single-village,verified,tw.gov.cec~ref~polling-station.識別碼 → 村里代碼 → tw.openfun~entity~geo,target_village_id=63000030-027
2010,大安區,龍圖里,龍圖里,polling-station-single-village,verified,tw.gov.cec~ref~polling-station.識別碼 → 村里代碼 → tw.openfun~entity~geo,target_village_id=63000030-022
2010,大安區,臨江里,臨江里,polling-station-single-village,verified,tw.gov.cec~ref~polling-station.識別碼 → 村里代碼 → tw.openfun~entity~geo,target_village_id=63000030-033
2010,中山區,力行里,力行里,polling-station-single-village,verified,tw.gov.cec~ref~polling-station.識別碼 → 村里代碼 → tw.openfun~entity~geo,target_village_id=63000040-039
2010,中山區,下埤里,下埤里,polling-station-single-village,verified,tw.gov.cec~ref~polling-station.識別碼 → 村里代碼 → tw.openfun~entity~geo,target_village_id=63000040-027
2010,中山區,大佳里,大佳里,polling-station-single-village,verified,tw.gov.cec~ref~polling-station.識別碼 → 村里代碼 → tw.openfun~entity~geo,target_village_id=63000040-017
2010,中山區,大直里,大直里,polling-station-single-village,verified,tw.gov.cec~ref~polling-station.識別碼 → 村里代碼 → tw.openfun~entity~geo,target_village_id=63000040-014
2010,中山區,中山里,中山里,polling-station-single-village,verified,tw.gov.cec~ref~polling-station.識別碼 → 村里代碼 → tw.openfun~entity~geo,target_village_id=63000040-006
2010,中山區,中央里,中央里,polling-station-single-village,verified,tw.gov.cec~ref~polling-station.識別碼 → 村里代碼 → tw.openfun~entity~geo,target_village_id=63000040-033
2010,中山區,中吉里,中吉里,polling-station-single-village,verified,tw.gov.cec~ref~polling-station.識別碼 → 村里代碼 → tw.openfun~entity~geo,target_village_id=63000040-030
2010,中山區,中庄里,中庄里,polling-station-single-village,verified,tw.gov.cec~ref~polling-station.識別碼 → 村里代碼 → tw.openfun~entity~geo,target_village_id=63000040-023
2010,中山區,中原里,中原里,polling-station-single-village,verified,tw.gov.cec~ref~polling-station.識別碼 → 村里代碼 → tw.openfun~entity~geo,target_village_id=63000040-031
2010,中山區,北安里,北安里,polling-station-single-village,verified,tw.gov.cec~ref~polling-station.識別碼 → 村里代碼 → tw.openfun~entity~geo,target_village_id=63000040-042
2010,中山區,正守里,正守里,polling-station-single-village,verified,tw.gov.cec~ref~polling-station.識別碼 → 村里代碼 → tw.openfun~entity~geo,target_village_id=63000040-001
2010,中山區,正得里,正得里,polling-station-single-village,verified,tw.gov.cec~ref~polling-station.識別碼 → 村里代碼 → tw.openfun~entity~geo,target_village_id=63000040-003
2010,中山區,正義里,正義里,polling-station-single-village,verified,tw.gov.cec~ref~polling-station.識別碼 → 村里代碼 → tw.openfun~entity~geo,target_village_id=63000040-002
2010,中山區,民安里,民安里,polling-station-single-village,verified,tw.gov.cec~ref~polling-station.識別碼 → 村里代碼 → tw.openfun~entity~geo,target_village_id=63000040-004
2010,中山區,永安里,永安里,polling-station-single-village,verified,tw.gov.cec~ref~polling-station.識別碼 → 村里代碼 → tw.openfun~entity~geo,target_village_id=63000040-016
2010,中山區,成功里,成功里,polling-station-single-village,verified,tw.gov.cec~ref~polling-station.識別碼 → 村里代碼 → tw.openfun~entity~geo,target_village_id=63000040-015
2010,中山區,朱崙里,朱崙里,polling-station-single-village,verified,tw.gov.cec~ref~polling-station.識別碼 → 村里代碼 → tw.openfun~entity~geo,target_village_id=63000040-038
2010,中山區,朱園里,朱園里,polling-station-single-village,verified,tw.gov.cec~ref~polling-station.識別碼 → 村里代碼 → tw.openfun~entity~geo,target_village_id=63000040-036
2010,中山區,朱馥里,朱馥里,polling-station-single-village,verified,tw.gov.cec~ref~polling-station.識別碼 → 村里代碼 → tw.openfun~entity~geo,target_village_id=63000040-034
2010,中山區,江山里,江山里,polling-station-single-village,verified,tw.gov.cec~ref~polling-station.識別碼 → 村里代碼 → tw.openfun~entity~geo,target_village_id=63000040-029
2010,中山區,江寧里,江寧里,polling-station-single-village,verified,tw.gov.cec~ref~polling-station.識別碼 → 村里代碼 → tw.openfun~entity~geo,target_village_id=63000040-028
2010,中山區,行仁里,行仁里,polling-station-single-village,verified,tw.gov.cec~ref~polling-station.識別碼 → 村里代碼 → tw.openfun~entity~geo,target_village_id=63000040-025
2010,中山區,行孝里,行孝里,polling-station-single-village,verified,tw.gov.cec~ref~polling-station.識別碼 → 村里代碼 → tw.openfun~entity~geo,target_village_id=63000040-026
2010,中山區,行政里,行政里,polling-station-single-village,verified,tw.gov.cec~ref~polling-station.識別碼 → 村里代碼 → tw.openfun~entity~geo,target_village_id=63000040-024
2010,中山區,松江里,松江里,polling-station-single-village,verified,tw.gov.cec~ref~polling-station.識別碼 → 村里代碼 → tw.openfun~entity~geo,target_village_id=63000040-021
2010,中山區,金泰里,金泰里,polling-station-single-village,verified,tw.gov.cec~ref~polling-station.識別碼 → 村里代碼 → tw.openfun~entity~geo,target_village_id=63000040-041
2010,中山區,恆安里,恆安里,polling-station-single-village,verified,tw.gov.cec~ref~polling-station.識別碼 → 村里代碼 → tw.openfun~entity~geo,target_village_id=63000040-010
2010,中山區,埤頭里,埤頭里,polling-station-single-village,verified,tw.gov.cec~ref~polling-station.識別碼 → 村里代碼 → tw.openfun~entity~geo,target_village_id=63000040-037
2010,中山區,康樂里,康樂里,polling-station-single-village,verified,tw.gov.cec~ref~polling-station.識別碼 → 村里代碼 → tw.openfun~entity~geo,target_village_id=63000040-005
2010,中山區,復華里,復華里,polling-station-single-village,verified,tw.gov.cec~ref~polling-station.識別碼 → 村里代碼 → tw.openfun~entity~geo,target_village_id=63000040-040
2010,中山區,晴光里,晴光里,polling-station-single-village,verified,tw.gov.cec~ref~polling-station.識別碼 → 村里代碼 → tw.openfun~entity~geo,target_village_id=63000040-011
2010,中山區,集英里,集英里,polling-station-single-village,verified,tw.gov.cec~ref~polling-station.識別碼 → 村里代碼 → tw.openfun~entity~geo,target_village_id=63000040-008
2010,中山區,圓山里,圓山里,polling-station-single-village,verified,tw.gov.cec~ref~polling-station.識別碼 → 村里代碼 → tw.openfun~entity~geo,target_village_id=63000040-012
2010,中山區,新生里,新生里,polling-station-single-village,verified,tw.gov.cec~ref~polling-station.識別碼 → 村里代碼 → tw.openfun~entity~geo,target_village_id=63000040-022
2010,中山區,新庄里,新庄里,polling-station-single-village,verified,tw.gov.cec~ref~polling-station.識別碼 → 村里代碼 → tw.openfun~entity~geo,target_village_id=63000040-019
2010,中山區,新喜里,新喜里,polling-station-single-village,verified,tw.gov.cec~ref~polling-station.識別碼 → 村里代碼 → tw.openfun~entity~geo,target_village_id=63000040-018
2010,中山區,新福里,新福里,polling-station-single-village,verified,tw.gov.cec~ref~polling-station.識別碼 → 村里代碼 → tw.openfun~entity~geo,target_village_id=63000040-020
2010,中山區,聚盛里,聚盛里,polling-station-single-village,verified,tw.gov.cec~ref~polling-station.識別碼 → 村里代碼 → tw.openfun~entity~geo,target_village_id=63000040-007
2010,中山區,聚葉里,聚葉里,polling-station-single-village,verified,tw.gov.cec~ref~polling-station.識別碼 → 村里代碼 → tw.openfun~entity~geo,target_village_id=63000040-009
2010,中山區,劍潭里,劍潭里,polling-station-single-village,verified,tw.gov.cec~ref~polling-station.識別碼 → 村里代碼 → tw.openfun~entity~geo,target_village_id=63000040-013
2010,中山區,興亞里,興亞里,polling-station-single-village,verified,tw.gov.cec~ref~polling-station.識別碼 → 村里代碼 → tw.openfun~entity~geo,target_village_id=63000040-032
2010,中山區,龍洲里,龍洲里,polling-station-single-village,verified,tw.gov.cec~ref~polling-station.識別碼 → 村里代碼 → tw.openfun~entity~geo,target_village_id=63000040-035
2010,中正區,三愛里,三愛里,polling-station-single-village,verified,tw.gov.cec~ref~polling-station.識別碼 → 村里代碼 → tw.openfun~entity~geo,target_village_id=63000050-031
2010,中正區,文北里,文北里,polling-station-single-village,verified,tw.gov.cec~ref~polling-station.識別碼 → 村里代碼 → tw.openfun~entity~geo,target_village_id=63000050-029
2010,中正區,文盛里,文盛里,polling-station-single-village,verified,tw.gov.cec~ref~polling-station.識別碼 → 村里代碼 → tw.openfun~entity~geo,target_village_id=63000050-003
2010,中正區,文祥里,文祥里,polling-station-single-village,verified,tw.gov.cec~ref~polling-station.識別碼 → 村里代碼 → tw.openfun~entity~geo,target_village_id=63000050-030
2010,中正區,水源里,水源里,polling-station-single-village,verified,tw.gov.cec~ref~polling-station.識別碼 → 村里代碼 → tw.openfun~entity~geo,target_village_id=63000050-001
2010,中正區,永功里,永功里,polling-station-single-village,verified,tw.gov.cec~ref~polling-station.識別碼 → 村里代碼 → tw.openfun~entity~geo,target_village_id=63000050-011
2010,中正區,永昌里,永昌里,polling-station-single-village,verified,tw.gov.cec~ref~polling-station.識別碼 → 村里代碼 → tw.openfun~entity~geo,target_village_id=63000050-012
2010,中正區,光復里,光復里,polling-station-single-village,verified,tw.gov.cec~ref~polling-station.識別碼 → 村里代碼 → tw.openfun~entity~geo,target_village_id=63000050-023
2010,中正區,幸市里,幸市里,polling-station-single-village,verified,tw.gov.cec~ref~polling-station.識別碼 → 村里代碼 → tw.openfun~entity~geo,target_village_id=63000050-027
2010,中正區,幸福里,幸福里,polling-station-single-village,verified,tw.gov.cec~ref~polling-station.識別碼 → 村里代碼 → tw.openfun~entity~geo,target_village_id=63000050-026
2010,中正區,忠勤里,忠勤里,polling-station-single-village,verified,tw.gov.cec~ref~polling-station.識別碼 → 村里代碼 → tw.openfun~entity~geo,target_village_id=63000050-014
2010,中正區,東門里,東門里,polling-station-single-village,verified,tw.gov.cec~ref~polling-station.識別碼 → 村里代碼 → tw.openfun~entity~geo,target_village_id=63000050-028
2010,中正區,板溪里,板溪里,polling-station-single-village,verified,tw.gov.cec~ref~polling-station.識別碼 → 村里代碼 → tw.openfun~entity~geo,target_village_id=63000050-008
2010,中正區,林興里,林興里,polling-station-single-village,verified,tw.gov.cec~ref~polling-station.識別碼 → 村里代碼 → tw.openfun~entity~geo,target_village_id=63000050-004
2010,中正區,河堤里,河堤里,polling-station-single-village,verified,tw.gov.cec~ref~polling-station.識別碼 → 村里代碼 → tw.openfun~entity~geo,target_village_id=63000050-005
2010,中正區,南門里,南門里,polling-station-single-village,verified,tw.gov.cec~ref~polling-station.識別碼 → 村里代碼 → tw.openfun~entity~geo,target_village_id=63000050-017
2010,中正區,南福里,南福里,polling-station-single-village,verified,tw.gov.cec~ref~polling-station.識別碼 → 村里代碼 → tw.openfun~entity~geo,target_village_id=63000050-019
2010,中正區,建國里,建國里,polling-station-single-village,verified,tw.gov.cec~ref~polling-station.識別碼 → 村里代碼 → tw.openfun~entity~geo,target_village_id=63000050-022
2010,中正區,梅花里,梅花里,polling-station-single-village,verified,tw.gov.cec~ref~polling-station.識別碼 → 村里代碼 → tw.openfun~entity~geo,target_village_id=63000050-025
2010,中正區,頂東里,頂東里,polling-station-single-village,verified,tw.gov.cec~ref~polling-station.識別碼 → 村里代碼 → tw.openfun~entity~geo,target_village_id=63000050-006
2010,中正區,富水里,富水里,polling-station-single-village,verified,tw.gov.cec~ref~polling-station.識別碼 → 村里代碼 → tw.openfun~entity~geo,target_village_id=63000050-002
2010,中正區,廈安里,廈安里,polling-station-single-village,verified,tw.gov.cec~ref~polling-station.識別碼 → 村里代碼 → tw.openfun~entity~geo,target_village_id=63000050-015
2010,中正區,愛國里,愛國里,polling-station-single-village,verified,tw.gov.cec~ref~polling-station.識別碼 → 村里代碼 → tw.openfun~entity~geo,target_village_id=63000050-016
2010,中正區,新營里,新營里,polling-station-single-village,verified,tw.gov.cec~ref~polling-station.識別碼 → 村里代碼 → tw.openfun~entity~geo,target_village_id=63000050-021
2010,中正區,網溪里,網溪里,polling-station-single-village,verified,tw.gov.cec~ref~polling-station.識別碼 → 村里代碼 → tw.openfun~entity~geo,target_village_id=63000050-007
2010,中正區,黎明里,黎明里,polling-station-single-village,verified,tw.gov.cec~ref~polling-station.識別碼 → 村里代碼 → tw.openfun~entity~geo,target_village_id=63000050-024
2010,中正區,螢圃里,螢圃里,polling-station-single-village,verified,tw.gov.cec~ref~polling-station.識別碼 → 村里代碼 → tw.openfun~entity~geo,target_village_id=63000050-009
2010,中正區,螢雪里,螢雪里,polling-station-single-village,verified,tw.gov.cec~ref~polling-station.識別碼 → 村里代碼 → tw.openfun~entity~geo,target_village_id=63000050-010
2010,中正區,龍光里,龍光里,polling-station-single-village,verified,tw.gov.cec~ref~polling-station.識別碼 → 村里代碼 → tw.openfun~entity~geo,target_village_id=63000050-018
2010,中正區,龍福里,龍福里,polling-station-single-village,verified,tw.gov.cec~ref~polling-station.識別碼 → 村里代碼 → tw.openfun~entity~geo,target_village_id=63000050-020
2010,中正區,龍興里,龍興里,polling-station-single-village,verified,tw.gov.cec~ref~polling-station.識別碼 → 村里代碼 → tw.openfun~entity~geo,target_village_id=63000050-013
2010,內湖區,大湖里,大湖里,polling-station-single-village,verified,tw.gov.cec~ref~polling-station.識別碼 → 村里代碼 → tw.openfun~entity~geo,target_village_id=63000100-012
2010,內湖區,五分里,五分里,polling-station-single-village,verified,tw.gov.cec~ref~polling-station.識別碼 → 村里代碼 → tw.openfun~entity~geo,target_village_id=63000100-022
2010,內湖區,內湖里,內湖里,polling-station-single-village,verified,tw.gov.cec~ref~polling-station.識別碼 → 村里代碼 → tw.openfun~entity~geo,target_village_id=63000100-009
2010,內湖區,內溝里,內溝里,polling-station-single-village,verified,tw.gov.cec~ref~polling-station.識別碼 → 村里代碼 → tw.openfun~entity~geo,target_village_id=63000100-025
2010,內湖區,石潭里,石潭里,polling-station-single-village,verified,tw.gov.cec~ref~polling-station.識別碼 → 村里代碼 → tw.openfun~entity~geo,target_village_id=63000100-028
2010,內湖區,安泰里,安泰里,polling-station-single-village,verified,tw.gov.cec~ref~polling-station.識別碼 → 村里代碼 → tw.openfun~entity~geo,target_village_id=63000100-033
2010,內湖區,安湖里,安湖里,polling-station-single-village,verified,tw.gov.cec~ref~polling-station.識別碼 → 村里代碼 → tw.openfun~entity~geo,target_village_id=63000100-031
2010,內湖區,行善里,行善里,polling-station-single-village,verified,tw.gov.cec~ref~polling-station.識別碼 → 村里代碼 → tw.openfun~entity~geo,target_village_id=63000100-027
2010,內湖區,西安里,西安里,polling-station-single-village,verified,tw.gov.cec~ref~polling-station.識別碼 → 村里代碼 → tw.openfun~entity~geo,target_village_id=63000100-003
2010,內湖區,西康里,西康里,polling-station-single-village,verified,tw.gov.cec~ref~polling-station.識別碼 → 村里代碼 → tw.openfun~entity~geo,target_village_id=63000100-002
2010,內湖區,西湖里,西湖里,polling-station-single-village,verified,tw.gov.cec~ref~polling-station.識別碼 → 村里代碼 → tw.openfun~entity~geo,target_village_id=63000100-001
2010,內湖區,秀湖里,秀湖里,polling-station-single-village,verified,tw.gov.cec~ref~polling-station.識別碼 → 村里代碼 → tw.openfun~entity~geo,target_village_id=63000100-032
2010,內湖區,明湖里,明湖里,polling-station-single-village,verified,tw.gov.cec~ref~polling-station.識別碼 → 村里代碼 → tw.openfun~entity~geo,target_village_id=63000100-036
2010,內湖區,東湖里,東湖里,polling-station-single-village,verified,tw.gov.cec~ref~polling-station.識別碼 → 村里代碼 → tw.openfun~entity~geo,target_village_id=63000100-023
2010,內湖區,金湖里,金湖里,polling-station-single-village,verified,tw.gov.cec~ref~polling-station.識別碼 → 村里代碼 → tw.openfun~entity~geo,target_village_id=63000100-034
2010,內湖區,金瑞里,金瑞里,polling-station-single-village,verified,tw.gov.cec~ref~polling-station.識別碼 → 村里代碼 → tw.openfun~entity~geo,target_village_id=63000100-014
2010,內湖區,金龍里,金龍里,polling-station-single-village,verified,tw.gov.cec~ref~polling-station.識別碼 → 村里代碼 → tw.openfun~entity~geo,target_village_id=63000100-013
2010,內湖區,南湖里,南湖里,polling-station-single-village,verified,tw.gov.cec~ref~polling-station.識別碼 → 村里代碼 → tw.openfun~entity~geo,target_village_id=63000100-040
2010,內湖區,康寧里,康寧里,polling-station-single-village,verified,tw.gov.cec~ref~polling-station.識別碼 → 村里代碼 → tw.openfun~entity~geo,target_village_id=63000100-035
2010,內湖區,清白里,清白里,polling-station-single-village,verified,tw.gov.cec~ref~polling-station.識別碼 → 村里代碼 → tw.openfun~entity~geo,target_village_id=63000100-017
2010,內湖區,港都里,港都里,polling-station-single-village,verified,tw.gov.cec~ref~polling-station.識別碼 → 村里代碼 → tw.openfun~entity~geo,target_village_id=63000100-006
2010,內湖區,港富里,港富里,polling-station-single-village,verified,tw.gov.cec~ref~polling-station.識別碼 → 村里代碼 → tw.openfun~entity~geo,target_village_id=63000100-007
2010,內湖區,港華里,港華里,polling-station-single-village,verified,tw.gov.cec~ref~polling-station.識別碼 → 村里代碼 → tw.openfun~entity~geo,target_village_id=63000100-008
2010,內湖區,港墘里,港墘里,polling-station-single-village,verified,tw.gov.cec~ref~polling-station.識別碼 → 村里代碼 → tw.openfun~entity~geo,target_village_id=63000100-005
2010,內湖區,湖元里,湖元里,polling-station-single-village,verified,tw.gov.cec~ref~polling-station.識別碼 → 村里代碼 → tw.openfun~entity~geo,target_village_id=63000100-030
2010,內湖區,湖興里,湖興里,polling-station-single-village,verified,tw.gov.cec~ref~polling-station.識別碼 → 村里代碼 → tw.openfun~entity~geo,target_village_id=63000100-029
2010,內湖區,湖濱里,湖濱里,polling-station-single-village,verified,tw.gov.cec~ref~polling-station.識別碼 → 村里代碼 → tw.openfun~entity~geo,target_village_id=63000100-010
2010,內湖區,紫星里,紫星里,polling-station-single-village,verified,tw.gov.cec~ref~polling-station.識別碼 → 村里代碼 → tw.openfun~entity~geo,target_village_id=63000100-011
2010,內湖區,紫陽里,紫陽里,polling-station-single-village,verified,tw.gov.cec~ref~polling-station.識別碼 → 村里代碼 → tw.openfun~entity~geo,target_village_id=63000100-019
2010,內湖區,紫雲里,紫雲里,polling-station-single-village,verified,tw.gov.cec~ref~polling-station.識別碼 → 村里代碼 → tw.openfun~entity~geo,target_village_id=63000100-016
2010,內湖區,週美里,週美里,polling-station-single-village,verified,tw.gov.cec~ref~polling-station.識別碼 → 村里代碼 → tw.openfun~entity~geo,target_village_id=63000100-026
2010,內湖區,瑞光里,瑞光里,polling-station-single-village,verified,tw.gov.cec~ref~polling-station.識別碼 → 村里代碼 → tw.openfun~entity~geo,target_village_id=63000100-021
2010,內湖區,瑞陽里,瑞陽里,polling-station-single-village,verified,tw.gov.cec~ref~polling-station.識別碼 → 村里代碼 → tw.openfun~entity~geo,target_village_id=63000100-020
2010,內湖區,葫洲里,葫洲里,polling-station-single-village,verified,tw.gov.cec~ref~polling-station.識別碼 → 村里代碼 → tw.openfun~entity~geo,target_village_id=63000100-018
2010,內湖區,碧山里,碧山里,polling-station-single-village,verified,tw.gov.cec~ref~polling-station.識別碼 → 村里代碼 → tw.openfun~entity~geo,target_village_id=63000100-015
2010,內湖區,樂康里,樂康里,polling-station-single-village,verified,tw.gov.cec~ref~polling-station.識別碼 → 村里代碼 → tw.openfun~entity~geo,target_village_id=63000100-024
2010,內湖區,麗山里,麗山里,polling-station-single-village,verified,tw.gov.cec~ref~polling-station.識別碼 → 村里代碼 → tw.openfun~entity~geo,target_village_id=63000100-038
2010,內湖區,寶湖里,寶湖里,polling-station-single-village,verified,tw.gov.cec~ref~polling-station.識別碼 → 村里代碼 → tw.openfun~entity~geo,target_village_id=63000100-039
2010,內湖區,蘆洲里,蘆洲里,polling-station-single-village,verified,tw.gov.cec~ref~polling-station.識別碼 → 村里代碼 → tw.openfun~entity~geo,target_village_id=63000100-037
2010,文山區,木柵里,木柵里,polling-station-single-village,verified,tw.gov.cec~ref~polling-station.識別碼 → 村里代碼 → tw.openfun~entity~geo,target_village_id=63000080-027
2010,文山區,木新里,木新里,polling-station-single-village,verified,tw.gov.cec~ref~polling-station.識別碼 → 村里代碼 → tw.openfun~entity~geo,target_village_id=63000080-028
2010,文山區,老泉里,老泉里,polling-station-single-village,verified,tw.gov.cec~ref~polling-station.識別碼 → 村里代碼 → tw.openfun~entity~geo,target_village_id=63000080-037
2010,文山區,忠順里,忠順里,polling-station-single-village,verified,tw.gov.cec~ref~polling-station.識別碼 → 村里代碼 → tw.openfun~entity~geo,target_village_id=63000080-038
2010,文山區,明義里,明義里,polling-station-single-village,verified,tw.gov.cec~ref~polling-station.識別碼 → 村里代碼 → tw.openfun~entity~geo,target_village_id=63000080-025
2010,文山區,明興里,明興里,polling-station-single-village,verified,tw.gov.cec~ref~polling-station.識別碼 → 村里代碼 → tw.openfun~entity~geo,target_village_id=63000080-026
2010,文山區,指南里,指南里,polling-station-single-village,verified,tw.gov.cec~ref~polling-station.識別碼 → 村里代碼 → tw.openfun~entity~geo,target_village_id=63000080-036
2010,文山區,政大里,政大里,polling-station-single-village,verified,tw.gov.cec~ref~polling-station.識別碼 → 村里代碼 → tw.openfun~entity~geo,target_village_id=63000080-040
2010,文山區,博嘉里,博嘉里,polling-station-single-village,verified,tw.gov.cec~ref~polling-station.識別碼 → 村里代碼 → tw.openfun~entity~geo,target_village_id=63000080-034
2010,文山區,景仁里,景仁里,polling-station-single-village,verified,tw.gov.cec~ref~polling-station.識別碼 → 村里代碼 → tw.openfun~entity~geo,target_village_id=63000080-005
2010,文山區,景行里,景行里,polling-station-single-village,verified,tw.gov.cec~ref~polling-station.識別碼 → 村里代碼 → tw.openfun~entity~geo,target_village_id=63000080-001
2010,文山區,景東里,景東里,polling-station-single-village,verified,tw.gov.cec~ref~polling-station.識別碼 → 村里代碼 → tw.openfun~entity~geo,target_village_id=63000080-002
2010,文山區,景美里,景美里,polling-station-single-village,verified,tw.gov.cec~ref~polling-station.識別碼 → 村里代碼 → tw.openfun~entity~geo,target_village_id=63000080-003
2010,文山區,景華里,景華里,polling-station-single-village,verified,tw.gov.cec~ref~polling-station.識別碼 → 村里代碼 → tw.openfun~entity~geo,target_village_id=63000080-006
2010,文山區,景慶里,景慶里,polling-station-single-village,verified,tw.gov.cec~ref~polling-station.識別碼 → 村里代碼 → tw.openfun~entity~geo,target_village_id=63000080-004
2010,文山區,華興里,華興里,polling-station-single-village,verified,tw.gov.cec~ref~polling-station.識別碼 → 村里代碼 → tw.openfun~entity~geo,target_village_id=63000080-024
2010,文山區,順興里,順興里,polling-station-single-village,verified,tw.gov.cec~ref~polling-station.識別碼 → 村里代碼 → tw.openfun~entity~geo,target_village_id=63000080-029
2010,文山區,萬年里,萬年里,polling-station-single-village,verified,tw.gov.cec~ref~polling-station.識別碼 → 村里代碼 → tw.openfun~entity~geo,target_village_id=63000080-010
2010,文山區,萬有里,萬有里,polling-station-single-village,verified,tw.gov.cec~ref~polling-station.識別碼 → 村里代碼 → tw.openfun~entity~geo,target_village_id=63000080-007
2010,文山區,萬和里,萬和里,polling-station-single-village,verified,tw.gov.cec~ref~polling-station.識別碼 → 村里代碼 → tw.openfun~entity~geo,target_village_id=63000080-011
2010,文山區,萬芳里,萬芳里,polling-station-single-village,verified,tw.gov.cec~ref~polling-station.識別碼 → 村里代碼 → tw.openfun~entity~geo,target_village_id=63000080-033
2010,文山區,萬美里,萬美里,polling-station-single-village,verified,tw.gov.cec~ref~polling-station.識別碼 → 村里代碼 → tw.openfun~entity~geo,target_village_id=63000080-039
2010,文山區,萬盛里,萬盛里,polling-station-single-village,verified,tw.gov.cec~ref~polling-station.識別碼 → 村里代碼 → tw.openfun~entity~geo,target_village_id=63000080-012
2010,文山區,萬祥里,萬祥里,polling-station-single-village,verified,tw.gov.cec~ref~polling-station.識別碼 → 村里代碼 → tw.openfun~entity~geo,target_village_id=63000080-008
2010,文山區,萬隆里,萬隆里,polling-station-single-village,verified,tw.gov.cec~ref~polling-station.識別碼 → 村里代碼 → tw.openfun~entity~geo,target_village_id=63000080-009
2010,文山區,萬興里,萬興里,polling-station-single-village,verified,tw.gov.cec~ref~polling-station.識別碼 → 村里代碼 → tw.openfun~entity~geo,target_village_id=63000080-035
2010,文山區,試院里,試院里,polling-station-single-village,verified,tw.gov.cec~ref~polling-station.識別碼 → 村里代碼 → tw.openfun~entity~geo,target_village_id=63000080-023
2010,文山區,樟文里,樟文里,polling-station-single-village,verified,tw.gov.cec~ref~polling-station.識別碼 → 村里代碼 → tw.openfun~entity~geo,target_village_id=63000080-041
2010,文山區,樟林里,樟林里,polling-station-single-village,verified,tw.gov.cec~ref~polling-station.識別碼 → 村里代碼 → tw.openfun~entity~geo,target_village_id=63000080-030
2010,文山區,樟新里,樟新里,polling-station-single-village,verified,tw.gov.cec~ref~polling-station.識別碼 → 村里代碼 → tw.openfun~entity~geo,target_village_id=63000080-031
2010,文山區,樟腳里,樟腳里,polling-station-single-village,verified,tw.gov.cec~ref~polling-station.識別碼 → 村里代碼 → tw.openfun~entity~geo,target_village_id=63000080-032
2010,文山區,樟樹里,樟樹里,polling-station-single-village,verified,tw.gov.cec~ref~polling-station.識別碼 → 村里代碼 → tw.openfun~entity~geo,target_village_id=63000080-043
2010,文山區,興光里,興光里,polling-station-single-village,verified,tw.gov.cec~ref~polling-station.識別碼 → 村里代碼 → tw.openfun~entity~geo,target_village_id=63000080-014
2010,文山區,興安里,興安里,polling-station-single-village,verified,tw.gov.cec~ref~polling-station.識別碼 → 村里代碼 → tw.openfun~entity~geo,target_village_id=63000080-018
2010,文山區,興邦里,興邦里,polling-station-single-village,verified,tw.gov.cec~ref~polling-station.識別碼 → 村里代碼 → tw.openfun~entity~geo,target_village_id=63000080-042
2010,文山區,興旺里,興旺里,polling-station-single-village,verified,tw.gov.cec~ref~polling-station.識別碼 → 村里代碼 → tw.openfun~entity~geo,target_village_id=63000080-020
2010,文山區,興昌里,興昌里,polling-station-single-village,verified,tw.gov.cec~ref~polling-station.識別碼 → 村里代碼 → tw.openfun~entity~geo,target_village_id=63000080-022
2010,文山區,興家里,興家里,polling-station-single-village,verified,tw.gov.cec~ref~polling-station.識別碼 → 村里代碼 → tw.openfun~entity~geo,target_village_id=63000080-015
2010,文山區,興泰里,興泰里,polling-station-single-village,verified,tw.gov.cec~ref~polling-station.識別碼 → 村里代碼 → tw.openfun~entity~geo,target_village_id=63000080-021
2010,文山區,興得里,興得里,polling-station-single-village,verified,tw.gov.cec~ref~polling-station.識別碼 → 村里代碼 → tw.openfun~entity~geo,target_village_id=63000080-016
2010,文山區,興業里,興業里,polling-station-single-village,verified,tw.gov.cec~ref~polling-station.識別碼 → 村里代碼 → tw.openfun~entity~geo,target_village_id=63000080-017
2010,文山區,興福里,興福里,polling-station-single-village,verified,tw.gov.cec~ref~polling-station.識別碼 → 村里代碼 → tw.openfun~entity~geo,target_village_id=63000080-019
2010,文山區,興豐里,興豐里,polling-station-single-village,verified,tw.gov.cec~ref~polling-station.識別碼 → 村里代碼 → tw.openfun~entity~geo,target_village_id=63000080-013
2010,北投區,一德里,一德里,polling-station-single-village,verified,tw.gov.cec~ref~polling-station.識別碼 → 村里代碼 → tw.openfun~entity~geo,target_village_id=63000120-037
2010,北投區,八仙里,八仙里,polling-station-single-village,verified,tw.gov.cec~ref~polling-station.識別碼 → 村里代碼 → tw.openfun~entity~geo,target_village_id=63000120-018
2010,北投區,大屯里,大屯里,polling-station-single-village,verified,tw.gov.cec~ref~polling-station.識別碼 → 村里代碼 → tw.openfun~entity~geo,target_village_id=63000120-041
2010,北投區,大同里,大同里,polling-station-single-village,verified,tw.gov.cec~ref~polling-station.識別碼 → 村里代碼 → tw.openfun~entity~geo,target_village_id=63000120-024
2010,北投區,中心里,中心里,polling-station-single-village,verified,tw.gov.cec~ref~polling-station.識別碼 → 村里代碼 → tw.openfun~entity~geo,target_village_id=63000120-027
2010,北投區,中央里,中央里,polling-station-single-village,verified,tw.gov.cec~ref~polling-station.識別碼 → 村里代碼 → tw.openfun~entity~geo,target_village_id=63000120-022
2010,北投區,中和里,中和里,polling-station-single-village,verified,tw.gov.cec~ref~polling-station.識別碼 → 村里代碼 → tw.openfun~entity~geo,target_village_id=63000120-030
2010,北投區,中庸里,中庸里,polling-station-single-village,verified,tw.gov.cec~ref~polling-station.識別碼 → 村里代碼 → tw.openfun~entity~geo,target_village_id=63000120-028
2010,北投區,文化里,文化里,polling-station-single-village,verified,tw.gov.cec~ref~polling-station.識別碼 → 村里代碼 → tw.openfun~entity~geo,target_village_id=63000120-033
2010,北投區,文林里,文林里,polling-station-single-village,verified,tw.gov.cec~ref~polling-station.識別碼 → 村里代碼 → tw.openfun~entity~geo,target_village_id=63000120-002
2010,北投區,永和里,永和里,polling-station-single-village,verified,tw.gov.cec~ref~polling-station.識別碼 → 村里代碼 → tw.openfun~entity~geo,target_village_id=63000120-009
2010,北投區,永明里,永明里,polling-station-single-village,verified,tw.gov.cec~ref~polling-station.識別碼 → 村里代碼 → tw.openfun~entity~geo,target_village_id=63000120-011
2010,北投區,永欣里,永欣里,polling-station-single-village,verified,tw.gov.cec~ref~polling-station.識別碼 → 村里代碼 → tw.openfun~entity~geo,target_village_id=63000120-010
2010,北投區,石牌里,石牌里,polling-station-single-village,verified,tw.gov.cec~ref~polling-station.識別碼 → 村里代碼 → tw.openfun~entity~geo,target_village_id=63000120-003
2010,北投區,立農里,立農里,polling-station-single-village,verified,tw.gov.cec~ref~polling-station.識別碼 → 村里代碼 → tw.openfun~entity~geo,target_village_id=63000120-017
2010,北投區,立賢里,立賢里,polling-station-single-village,verified,tw.gov.cec~ref~polling-station.識別碼 → 村里代碼 → tw.openfun~entity~geo,target_village_id=63000120-016
2010,北投區,吉利里,吉利里,polling-station-single-village,verified,tw.gov.cec~ref~polling-station.識別碼 → 村里代碼 → tw.openfun~entity~geo,target_village_id=63000120-013
2010,北投區,吉慶里,吉慶里,polling-station-single-village,verified,tw.gov.cec~ref~polling-station.識別碼 → 村里代碼 → tw.openfun~entity~geo,target_village_id=63000120-014
2010,北投區,秀山里,秀山里,polling-station-single-village,verified,tw.gov.cec~ref~polling-station.識別碼 → 村里代碼 → tw.openfun~entity~geo,target_village_id=63000120-032
2010,北投區,奇岩里,奇岩里,polling-station-single-village,verified,tw.gov.cec~ref~polling-station.識別碼 → 村里代碼 → tw.openfun~entity~geo,target_village_id=63000120-020
2010,北投區,東華里,東華里,polling-station-single-village,verified,tw.gov.cec~ref~polling-station.識別碼 → 村里代碼 → tw.openfun~entity~geo,target_village_id=63000120-012
2010,北投區,林泉里,林泉里,polling-station-single-village,verified,tw.gov.cec~ref~polling-station.識別碼 → 村里代碼 → tw.openfun~entity~geo,target_village_id=63000120-026
2010,北投區,長安里,長安里,polling-station-single-village,verified,tw.gov.cec~ref~polling-station.識別碼 → 村里代碼 → tw.openfun~entity~geo,target_village_id=63000120-023
2010,北投區,建民里,建民里,polling-station-single-village,verified,tw.gov.cec~ref~polling-station.識別碼 → 村里代碼 → tw.openfun~entity~geo,target_village_id=63000120-001
2010,北投區,泉源里,泉源里,polling-station-single-village,verified,tw.gov.cec~ref~polling-station.識別碼 → 村里代碼 → tw.openfun~entity~geo,target_village_id=63000120-039
2010,北投區,洲美里,洲美里,polling-station-single-village,verified,tw.gov.cec~ref~polling-station.識別碼 → 村里代碼 → tw.openfun~entity~geo,target_village_id=63000120-019
2010,北投區,振華里,振華里,polling-station-single-village,verified,tw.gov.cec~ref~polling-station.識別碼 → 村里代碼 → tw.openfun~entity~geo,target_village_id=63000120-008
2010,北投區,桃源里,桃源里,polling-station-single-village,verified,tw.gov.cec~ref~polling-station.識別碼 → 村里代碼 → tw.openfun~entity~geo,target_village_id=63000120-036
2010,北投區,清江里,清江里,polling-station-single-village,verified,tw.gov.cec~ref~polling-station.識別碼 → 村里代碼 → tw.openfun~entity~geo,target_village_id=63000120-021
2010,北投區,尊賢里,尊賢里,polling-station-single-village,verified,tw.gov.cec~ref~polling-station.識別碼 → 村里代碼 → tw.openfun~entity~geo,target_village_id=63000120-015
2010,北投區,智仁里,智仁里,polling-station-single-village,verified,tw.gov.cec~ref~polling-station.識別碼 → 村里代碼 → tw.openfun~entity~geo,target_village_id=63000120-031
2010,北投區,湖山里,湖山里,polling-station-single-village,verified,tw.gov.cec~ref~polling-station.識別碼 → 村里代碼 → tw.openfun~entity~geo,target_village_id=63000120-040
2010,北投區,湖田里,湖田里,polling-station-single-village,verified,tw.gov.cec~ref~polling-station.識別碼 → 村里代碼 → tw.openfun~entity~geo,target_village_id=63000120-042
2010,北投區,開明里,開明里,polling-station-single-village,verified,tw.gov.cec~ref~polling-station.識別碼 → 村里代碼 → tw.openfun~entity~geo,target_village_id=63000120-029
2010,北投區,溫泉里,溫泉里,polling-station-single-village,verified,tw.gov.cec~ref~polling-station.識別碼 → 村里代碼 → tw.openfun~entity~geo,target_village_id=63000120-025
2010,北投區,裕民里,裕民里,polling-station-single-village,verified,tw.gov.cec~ref~polling-station.識別碼 → 村里代碼 → tw.openfun~entity~geo,target_village_id=63000120-007
2010,北投區,榮光里,榮光里,polling-station-single-village,verified,tw.gov.cec~ref~polling-station.識別碼 → 村里代碼 → tw.openfun~entity~geo,target_village_id=63000120-005
2010,北投區,榮華里,榮華里,polling-station-single-village,verified,tw.gov.cec~ref~polling-station.識別碼 → 村里代碼 → tw.openfun~entity~geo,target_village_id=63000120-006
2010,北投區,福興里,福興里,polling-station-single-village,verified,tw.gov.cec~ref~polling-station.識別碼 → 村里代碼 → tw.openfun~entity~geo,target_village_id=63000120-004
2010,北投區,稻香里,稻香里,polling-station-single-village,verified,tw.gov.cec~ref~polling-station.識別碼 → 村里代碼 → tw.openfun~entity~geo,target_village_id=63000120-035
2010,北投區,豐年里,豐年里,polling-station-single-village,verified,tw.gov.cec~ref~polling-station.識別碼 → 村里代碼 → tw.openfun~entity~geo,target_village_id=63000120-034
2010,北投區,關渡里,關渡里,polling-station-single-village,verified,tw.gov.cec~ref~polling-station.識別碼 → 村里代碼 → tw.openfun~entity~geo,target_village_id=63000120-038
2010,松山區,三民里,三民里,polling-station-single-village,verified,tw.gov.cec~ref~polling-station.識別碼 → 村里代碼 → tw.openfun~entity~geo,target_village_id=63000010-004
2010,松山區,中正里,中正里,polling-station-single-village,verified,tw.gov.cec~ref~polling-station.識別碼 → 村里代碼 → tw.openfun~entity~geo,target_village_id=63000010-026
2010,松山區,中崙里,中崙里,polling-station-single-village,verified,tw.gov.cec~ref~polling-station.識別碼 → 村里代碼 → tw.openfun~entity~geo,target_village_id=63000010-027
2010,松山區,中華里,中華里,polling-station-single-village,verified,tw.gov.cec~ref~polling-station.識別碼 → 村里代碼 → tw.openfun~entity~geo,target_village_id=63000010-015
2010,松山區,介壽里,介壽里,polling-station-single-village,verified,tw.gov.cec~ref~polling-station.識別碼 → 村里代碼 → tw.openfun~entity~geo,target_village_id=63000010-009
2010,松山區,民有里,民有里,polling-station-single-village,verified,tw.gov.cec~ref~polling-station.識別碼 → 村里代碼 → tw.openfun~entity~geo,target_village_id=63000010-016
2010,松山區,民福里,民福里,polling-station-single-village,verified,tw.gov.cec~ref~polling-station.識別碼 → 村里代碼 → tw.openfun~entity~geo,target_village_id=63000010-017
2010,松山區,吉仁里,吉仁里,polling-station-single-village,verified,tw.gov.cec~ref~polling-station.識別碼 → 村里代碼 → tw.openfun~entity~geo,target_village_id=63000010-029
2010,松山區,吉祥里,吉祥里,polling-station-single-village,verified,tw.gov.cec~ref~polling-station.識別碼 → 村里代碼 → tw.openfun~entity~geo,target_village_id=63000010-022
2010,松山區,安平里,安平里,polling-station-single-village,verified,tw.gov.cec~ref~polling-station.識別碼 → 村里代碼 → tw.openfun~entity~geo,target_village_id=63000010-019
2010,松山區,自強里,自強里,polling-station-single-village,verified,tw.gov.cec~ref~polling-station.識別碼 → 村里代碼 → tw.openfun~entity~geo,target_village_id=63000010-021
2010,松山區,東光里,東光里,polling-station-single-village,verified,tw.gov.cec~ref~polling-station.識別碼 → 村里代碼 → tw.openfun~entity~geo,target_village_id=63000010-011
2010,松山區,東昌里,東昌里,polling-station-single-village,verified,tw.gov.cec~ref~polling-station.識別碼 → 村里代碼 → tw.openfun~entity~geo,target_village_id=63000010-013
2010,松山區,東勢里,東勢里,polling-station-single-village,verified,tw.gov.cec~ref~polling-station.識別碼 → 村里代碼 → tw.openfun~entity~geo,target_village_id=63000010-014
2010,松山區,東榮里,東榮里,polling-station-single-village,verified,tw.gov.cec~ref~polling-station.識別碼 → 村里代碼 → tw.openfun~entity~geo,target_village_id=63000010-003
2010,松山區,松基里,松基里,polling-station-single-village,verified,tw.gov.cec~ref~polling-station.識別碼 → 村里代碼 → tw.openfun~entity~geo,target_village_id=63000010-035
2010,松山區,美仁里,美仁里,polling-station-single-village,verified,tw.gov.cec~ref~polling-station.識別碼 → 村里代碼 → tw.openfun~entity~geo,target_village_id=63000010-028
2010,松山區,莊敬里,莊敬里,polling-station-single-village,verified,tw.gov.cec~ref~polling-station.識別碼 → 村里代碼 → tw.openfun~entity~geo,target_village_id=63000010-002
2010,松山區,富泰里,富泰里,polling-station-single-village,verified,tw.gov.cec~ref~polling-station.識別碼 → 村里代碼 → tw.openfun~entity~geo,target_village_id=63000010-008
2010,松山區,富錦里,富錦里,polling-station-single-village,verified,tw.gov.cec~ref~polling-station.識別碼 → 村里代碼 → tw.openfun~entity~geo,target_village_id=63000010-006
2010,松山區,復建里,復建里,polling-station-single-village,verified,tw.gov.cec~ref~polling-station.識別碼 → 村里代碼 → tw.openfun~entity~geo,target_village_id=63000010-032
2010,松山區,復盛里,復盛里,polling-station-single-village,verified,tw.gov.cec~ref~polling-station.識別碼 → 村里代碼 → tw.openfun~entity~geo,target_village_id=63000010-025
2010,松山區,復勢里,復勢里,polling-station-single-village,verified,tw.gov.cec~ref~polling-station.識別碼 → 村里代碼 → tw.openfun~entity~geo,target_village_id=63000010-033
2010,松山區,復源里,復源里,polling-station-single-village,verified,tw.gov.cec~ref~polling-station.識別碼 → 村里代碼 → tw.openfun~entity~geo,target_village_id=63000010-031
2010,松山區,敦化里,敦化里,polling-station-single-village,verified,tw.gov.cec~ref~polling-station.識別碼 → 村里代碼 → tw.openfun~entity~geo,target_village_id=63000010-030
2010,松山區,新東里,新東里,polling-station-single-village,verified,tw.gov.cec~ref~polling-station.識別碼 → 村里代碼 → tw.openfun~entity~geo,target_village_id=63000010-007
2010,松山區,新益里,新益里,polling-station-single-village,verified,tw.gov.cec~ref~polling-station.識別碼 → 村里代碼 → tw.openfun~entity~geo,target_village_id=63000010-005
2010,松山區,新聚里,新聚里,polling-station-single-village,verified,tw.gov.cec~ref~polling-station.識別碼 → 村里代碼 → tw.openfun~entity~geo,target_village_id=63000010-024
2010,松山區,慈祐里,慈祐里,polling-station-single-village,verified,tw.gov.cec~ref~polling-station.識別碼 → 村里代碼 → tw.openfun~entity~geo,target_village_id=63000010-018
2010,松山區,福成里,福成里,polling-station-single-village,verified,tw.gov.cec~ref~polling-station.識別碼 → 村里代碼 → tw.openfun~entity~geo,target_village_id=63000010-034
2010,松山區,精忠里,精忠里,polling-station-single-village,verified,tw.gov.cec~ref~polling-station.識別碼 → 村里代碼 → tw.openfun~entity~geo,target_village_id=63000010-010
2010,松山區,龍田里,龍田里,polling-station-single-village,verified,tw.gov.cec~ref~polling-station.識別碼 → 村里代碼 → tw.openfun~entity~geo,target_village_id=63000010-012
2010,松山區,鵬程里,鵬程里,polling-station-single-village,verified,tw.gov.cec~ref~polling-station.識別碼 → 村里代碼 → tw.openfun~entity~geo,target_village_id=63000010-020
2010,信義區,三張里,三張里,polling-station-single-village,verified,tw.gov.cec~ref~polling-station.識別碼 → 村里代碼 → tw.openfun~entity~geo,target_village_id=63000020-030
2010,信義區,三犁里,三犁里,polling-station-single-village,verified,tw.gov.cec~ref~polling-station.識別碼 → 村里代碼 → tw.openfun~entity~geo,target_village_id=63000020-031
2010,信義區,大仁里,大仁里,polling-station-single-village,verified,tw.gov.cec~ref~polling-station.識別碼 → 村里代碼 → tw.openfun~entity~geo,target_village_id=63000020-027
2010,信義區,大道里,大道里,polling-station-single-village,verified,tw.gov.cec~ref~polling-station.識別碼 → 村里代碼 → tw.openfun~entity~geo,target_village_id=63000020-026
2010,信義區,中行里,中行里,polling-station-single-village,verified,tw.gov.cec~ref~polling-station.識別碼 → 村里代碼 → tw.openfun~entity~geo,target_village_id=63000020-025
2010,信義區,中坡里,中坡里,polling-station-single-village,verified,tw.gov.cec~ref~polling-station.識別碼 → 村里代碼 → tw.openfun~entity~geo,target_village_id=63000020-024
2010,信義區,中興里,中興里,polling-station-single-village,verified,tw.gov.cec~ref~polling-station.識別碼 → 村里代碼 → tw.openfun~entity~geo,target_village_id=63000020-004
2010,信義區,五全里,五全里,polling-station-single-village,verified,tw.gov.cec~ref~polling-station.識別碼 → 村里代碼 → tw.openfun~entity~geo,target_village_id=63000020-013
2010,信義區,五常里,五常里,polling-station-single-village,verified,tw.gov.cec~ref~polling-station.識別碼 → 村里代碼 → tw.openfun~entity~geo,target_village_id=63000020-012
2010,信義區,六合里,六合里,polling-station-single-village,verified,tw.gov.cec~ref~polling-station.識別碼 → 村里代碼 → tw.openfun~entity~geo,target_village_id=63000020-032
2010,信義區,六藝里,六藝里,polling-station-single-village,verified,tw.gov.cec~ref~polling-station.識別碼 → 村里代碼 → tw.openfun~entity~geo,target_village_id=63000020-010
2010,信義區,四育里,四育里,polling-station-single-village,verified,tw.gov.cec~ref~polling-station.識別碼 → 村里代碼 → tw.openfun~entity~geo,target_village_id=63000020-016
2010,信義區,四維里,四維里,polling-station-single-village,verified,tw.gov.cec~ref~polling-station.識別碼 → 村里代碼 → tw.openfun~entity~geo,target_village_id=63000020-017
2010,信義區,正和里,正和里,polling-station-single-village,verified,tw.gov.cec~ref~polling-station.識別碼 → 村里代碼 → tw.openfun~entity~geo,target_village_id=63000020-002
2010,信義區,永吉里,永吉里,polling-station-single-village,verified,tw.gov.cec~ref~polling-station.識別碼 → 村里代碼 → tw.openfun~entity~geo,target_village_id=63000020-014
2010,信義區,永春里,永春里,polling-station-single-village,verified,tw.gov.cec~ref~polling-station.識別碼 → 村里代碼 → tw.openfun~entity~geo,target_village_id=63000020-018
2010,信義區,安康里,安康里,polling-station-single-village,verified,tw.gov.cec~ref~polling-station.識別碼 → 村里代碼 → tw.openfun~entity~geo,target_village_id=63000020-009
2010,信義區,西村里,西村里,polling-station-single-village,verified,tw.gov.cec~ref~polling-station.識別碼 → 村里代碼 → tw.openfun~entity~geo,target_village_id=63000020-001
2010,信義區,松友里,松友里,polling-station-single-village,verified,tw.gov.cec~ref~polling-station.識別碼 → 村里代碼 → tw.openfun~entity~geo,target_village_id=63000020-022
2010,信義區,松光里,松光里,polling-station-single-village,verified,tw.gov.cec~ref~polling-station.識別碼 → 村里代碼 → tw.openfun~entity~geo,target_village_id=63000020-023
2010,信義區,松隆里,松隆里,polling-station-single-village,verified,tw.gov.cec~ref~polling-station.識別碼 → 村里代碼 → tw.openfun~entity~geo,target_village_id=63000020-021
2010,信義區,長春里,長春里,polling-station-single-village,verified,tw.gov.cec~ref~polling-station.識別碼 → 村里代碼 → tw.openfun~entity~geo,target_village_id=63000020-015
2010,信義區,泰和里,泰和里,polling-station-single-village,verified,tw.gov.cec~ref~polling-station.識別碼 → 村里代碼 → tw.openfun~entity~geo,target_village_id=63000020-033
2010,信義區,國業里,國業里,polling-station-single-village,verified,tw.gov.cec~ref~polling-station.識別碼 → 村里代碼 → tw.openfun~entity~geo,target_village_id=63000020-020
2010,信義區,富台里,富台里,polling-station-single-village,verified,tw.gov.cec~ref~polling-station.識別碼 → 村里代碼 → tw.openfun~entity~geo,target_village_id=63000020-019
2010,信義區,惠安里,惠安里,polling-station-single-village,verified,tw.gov.cec~ref~polling-station.識別碼 → 村里代碼 → tw.openfun~entity~geo,target_village_id=63000020-029
2010,信義區,敦厚里,敦厚里,polling-station-single-village,verified,tw.gov.cec~ref~polling-station.識別碼 → 村里代碼 → tw.openfun~entity~geo,target_village_id=63000020-007
2010,信義區,景勤里,景勤里,polling-station-single-village,verified,tw.gov.cec~ref~polling-station.識別碼 → 村里代碼 → tw.openfun~entity~geo,target_village_id=63000020-035
2010,信義區,景新里,景新里,polling-station-single-village,verified,tw.gov.cec~ref~polling-station.識別碼 → 村里代碼 → tw.openfun~entity~geo,target_village_id=63000020-028
2010,信義區,景聯里,景聯里,polling-station-single-village,verified,tw.gov.cec~ref~polling-station.識別碼 → 村里代碼 → tw.openfun~entity~geo,target_village_id=63000020-034
2010,信義區,雅祥里,雅祥里,polling-station-single-village,verified,tw.gov.cec~ref~polling-station.識別碼 → 村里代碼 → tw.openfun~entity~geo,target_village_id=63000020-011
2010,信義區,新仁里,新仁里,polling-station-single-village,verified,tw.gov.cec~ref~polling-station.識別碼 → 村里代碼 → tw.openfun~entity~geo,target_village_id=63000020-005
2010,信義區,嘉興里,嘉興里,polling-station-single-village,verified,tw.gov.cec~ref~polling-station.識別碼 → 村里代碼 → tw.openfun~entity~geo,target_village_id=63000020-037
2010,信義區,廣居里,廣居里,polling-station-single-village,verified,tw.gov.cec~ref~polling-station.識別碼 → 村里代碼 → tw.openfun~entity~geo,target_village_id=63000020-008
2010,信義區,黎平里,黎平里,polling-station-single-village,verified,tw.gov.cec~ref~polling-station.識別碼 → 村里代碼 → tw.openfun~entity~geo,target_village_id=63000020-039
2010,信義區,黎安里,黎安里,polling-station-single-village,verified,tw.gov.cec~ref~polling-station.識別碼 → 村里代碼 → tw.openfun~entity~geo,target_village_id=63000020-041
2010,信義區,黎忠里,黎忠里,polling-station-single-village,verified,tw.gov.cec~ref~polling-station.識別碼 → 村里代碼 → tw.openfun~entity~geo,target_village_id=63000020-040
2010,信義區,黎順里,黎順里,polling-station-single-village,verified,tw.gov.cec~ref~polling-station.識別碼 → 村里代碼 → tw.openfun~entity~geo,target_village_id=63000020-038
2010,信義區,興隆里,興隆里,polling-station-single-village,verified,tw.gov.cec~ref~polling-station.識別碼 → 村里代碼 → tw.openfun~entity~geo,target_village_id=63000020-003
2010,信義區,興雅里,興雅里,polling-station-single-village,verified,tw.gov.cec~ref~polling-station.識別碼 → 村里代碼 → tw.openfun~entity~geo,target_village_id=63000020-006
2010,信義區,雙和里,雙和里,polling-station-single-village,verified,tw.gov.cec~ref~polling-station.識別碼 → 村里代碼 → tw.openfun~entity~geo,target_village_id=63000020-036
2010,南港區,九如里,九如里,polling-station-single-village,verified,tw.gov.cec~ref~polling-station.識別碼 → 村里代碼 → tw.openfun~entity~geo,target_village_id=63000090-018
2010,南港區,三重里,三重里,polling-station-single-village,verified,tw.gov.cec~ref~polling-station.識別碼 → 村里代碼 → tw.openfun~entity~geo,target_village_id=63000090-004
2010,南港區,中南里,中南里,polling-station-single-village,verified,tw.gov.cec~ref~polling-station.識別碼 → 村里代碼 → tw.openfun~entity~geo,target_village_id=63000090-002
2010,南港區,中研里,中研里,polling-station-single-village,verified,tw.gov.cec~ref~polling-station.識別碼 → 村里代碼 → tw.openfun~entity~geo,target_village_id=63000090-017
2010,南港區,仁福里,仁福里,polling-station-single-village,verified,tw.gov.cec~ref~polling-station.識別碼 → 村里代碼 → tw.openfun~entity~geo,target_village_id=63000090-019
2010,南港區,玉成里,玉成里,polling-station-single-village,verified,tw.gov.cec~ref~polling-station.識別碼 → 村里代碼 → tw.openfun~entity~geo,target_village_id=63000090-009
2010,南港區,合成里,合成里,polling-station-single-village,verified,tw.gov.cec~ref~polling-station.識別碼 → 村里代碼 → tw.openfun~entity~geo,target_village_id=63000090-010
2010,南港區,成福里,成福里,polling-station-single-village,verified,tw.gov.cec~ref~polling-station.識別碼 → 村里代碼 → tw.openfun~entity~geo,target_village_id=63000090-011
2010,南港區,百福里,百福里,polling-station-single-village,verified,tw.gov.cec~ref~polling-station.識別碼 → 村里代碼 → tw.openfun~entity~geo,target_village_id=63000090-014
2010,南港區,西新里,西新里,polling-station-single-village,verified,tw.gov.cec~ref~polling-station.識別碼 → 村里代碼 → tw.openfun~entity~geo,target_village_id=63000090-008
2010,南港區,東明里,東明里,polling-station-single-village,verified,tw.gov.cec~ref~polling-station.識別碼 → 村里代碼 → tw.openfun~entity~geo,target_village_id=63000090-007
2010,南港區,東新里,東新里,polling-station-single-village,verified,tw.gov.cec~ref~polling-station.識別碼 → 村里代碼 → tw.openfun~entity~geo,target_village_id=63000090-005
2010,南港區,南港里,南港里,polling-station-single-village,verified,tw.gov.cec~ref~polling-station.識別碼 → 村里代碼 → tw.openfun~entity~geo,target_village_id=63000090-001
2010,南港區,重陽里,重陽里,polling-station-single-village,verified,tw.gov.cec~ref~polling-station.識別碼 → 村里代碼 → tw.openfun~entity~geo,target_village_id=63000090-020
2010,南港區,新光里,新光里,polling-station-single-village,verified,tw.gov.cec~ref~polling-station.識別碼 → 村里代碼 → tw.openfun~entity~geo,target_village_id=63000090-006
2010,南港區,新富里,新富里,polling-station-single-village,verified,tw.gov.cec~ref~polling-station.識別碼 → 村里代碼 → tw.openfun~entity~geo,target_village_id=63000090-003
2010,南港區,萬福里,萬福里,polling-station-single-village,verified,tw.gov.cec~ref~polling-station.識別碼 → 村里代碼 → tw.openfun~entity~geo,target_village_id=63000090-012
2010,南港區,聯成里,聯成里,polling-station-single-village,verified,tw.gov.cec~ref~polling-station.識別碼 → 村里代碼 → tw.openfun~entity~geo,target_village_id=63000090-015
2010,南港區,鴻福里,鴻福里,polling-station-single-village,verified,tw.gov.cec~ref~polling-station.識別碼 → 村里代碼 → tw.openfun~entity~geo,target_village_id=63000090-013
2010,南港區,舊莊里,舊莊里,polling-station-single-village,verified,tw.gov.cec~ref~polling-station.識別碼 → 村里代碼 → tw.openfun~entity~geo,target_village_id=63000090-016
2010,萬華區,仁德里,仁德里,polling-station-single-village,verified,tw.gov.cec~ref~polling-station.識別碼 → 村里代碼 → tw.openfun~entity~geo,target_village_id=63000070-009
2010,萬華區,日祥里,日祥里,polling-station-single-village,verified,tw.gov.cec~ref~polling-station.識別碼 → 村里代碼 → tw.openfun~entity~geo,target_village_id=63000070-033
2010,萬華區,日善里,日善里,polling-station-single-village,verified,tw.gov.cec~ref~polling-station.識別碼 → 村里代碼 → tw.openfun~entity~geo,target_village_id=63000070-020
2010,萬華區,全德里,全德里,polling-station-single-village,verified,tw.gov.cec~ref~polling-station.識別碼 → 村里代碼 → tw.openfun~entity~geo,target_village_id=63000070-026
2010,萬華區,西門里,西門里,polling-station-single-village,verified,tw.gov.cec~ref~polling-station.識別碼 → 村里代碼 → tw.openfun~entity~geo,target_village_id=63000070-003
2010,萬華區,孝德里,孝德里,polling-station-single-village,verified,tw.gov.cec~ref~polling-station.識別碼 → 村里代碼 → tw.openfun~entity~geo,target_village_id=63000070-023
2010,萬華區,和平里,和平里,polling-station-single-village,verified,tw.gov.cec~ref~polling-station.識別碼 → 村里代碼 → tw.openfun~entity~geo,target_village_id=63000070-016
2010,萬華區,和德里,和德里,polling-station-single-village,verified,tw.gov.cec~ref~polling-station.識別碼 → 村里代碼 → tw.openfun~entity~geo,target_village_id=63000070-024
2010,萬華區,忠貞里,忠貞里,polling-station-single-village,verified,tw.gov.cec~ref~polling-station.識別碼 → 村里代碼 → tw.openfun~entity~geo,target_village_id=63000070-034
2010,萬華區,忠德里,忠德里,polling-station-single-village,verified,tw.gov.cec~ref~polling-station.識別碼 → 村里代碼 → tw.openfun~entity~geo,target_village_id=63000070-022
2010,萬華區,青山里,青山里,polling-station-single-village,verified,tw.gov.cec~ref~polling-station.識別碼 → 村里代碼 → tw.openfun~entity~geo,target_village_id=63000070-006
2010,萬華區,保德里,保德里,polling-station-single-village,verified,tw.gov.cec~ref~polling-station.識別碼 → 村里代碼 → tw.openfun~entity~geo,target_village_id=63000070-027
2010,萬華區,柳鄉里,柳鄉里,polling-station-single-village,verified,tw.gov.cec~ref~polling-station.識別碼 → 村里代碼 → tw.openfun~entity~geo,target_village_id=63000070-019
2010,萬華區,凌霄里,凌霄里,polling-station-single-village,verified,tw.gov.cec~ref~polling-station.識別碼 → 村里代碼 → tw.openfun~entity~geo,target_village_id=63000070-035
2010,萬華區,頂碩里,頂碩里,polling-station-single-village,verified,tw.gov.cec~ref~polling-station.識別碼 → 村里代碼 → tw.openfun~entity~geo,target_village_id=63000070-011
2010,萬華區,富民里,富民里,polling-station-single-village,verified,tw.gov.cec~ref~polling-station.識別碼 → 村里代碼 → tw.openfun~entity~geo,target_village_id=63000070-007
2010,萬華區,富福里,富福里,polling-station-single-village,verified,tw.gov.cec~ref~polling-station.識別碼 → 村里代碼 → tw.openfun~entity~geo,target_village_id=63000070-010
2010,萬華區,菜園里,菜園里,polling-station-single-village,verified,tw.gov.cec~ref~polling-station.識別碼 → 村里代碼 → tw.openfun~entity~geo,target_village_id=63000070-005
2010,萬華區,華中里,華中里,polling-station-single-village,verified,tw.gov.cec~ref~polling-station.識別碼 → 村里代碼 → tw.openfun~entity~geo,target_village_id=63000070-032
2010,萬華區,華江里,華江里,polling-station-single-village,verified,tw.gov.cec~ref~polling-station.識別碼 → 村里代碼 → tw.openfun~entity~geo,target_village_id=63000070-018
2010,萬華區,新安里,新安里,polling-station-single-village,verified,tw.gov.cec~ref~polling-station.識別碼 → 村里代碼 → tw.openfun~entity~geo,target_village_id=63000070-021
2010,萬華區,新和里,新和里,polling-station-single-village,verified,tw.gov.cec~ref~polling-station.識別碼 → 村里代碼 → tw.openfun~entity~geo,target_village_id=63000070-014
2010,萬華區,新忠里,新忠里,polling-station-single-village,verified,tw.gov.cec~ref~polling-station.識別碼 → 村里代碼 → tw.openfun~entity~geo,target_village_id=63000070-013
2010,萬華區,新起里,新起里,polling-station-single-village,verified,tw.gov.cec~ref~polling-station.識別碼 → 村里代碼 → tw.openfun~entity~geo,target_village_id=63000070-004
2010,萬華區,萬壽里,萬壽里,polling-station-single-village,verified,tw.gov.cec~ref~polling-station.識別碼 → 村里代碼 → tw.openfun~entity~geo,target_village_id=63000070-002
2010,萬華區,壽德里,壽德里,polling-station-single-village,verified,tw.gov.cec~ref~polling-station.識別碼 → 村里代碼 → tw.openfun~entity~geo,target_village_id=63000070-030
2010,萬華區,榮德里,榮德里,polling-station-single-village,verified,tw.gov.cec~ref~polling-station.識別碼 → 村里代碼 → tw.openfun~entity~geo,target_village_id=63000070-029
2010,萬華區,福星里,福星里,polling-station-single-village,verified,tw.gov.cec~ref~polling-station.識別碼 → 村里代碼 → tw.openfun~entity~geo,target_village_id=63000070-001
2010,萬華區,福音里,福音里,polling-station-single-village,verified,tw.gov.cec~ref~polling-station.識別碼 → 村里代碼 → tw.openfun~entity~geo,target_village_id=63000070-008
2010,萬華區,綠堤里,綠堤里,polling-station-single-village,verified,tw.gov.cec~ref~polling-station.識別碼 → 村里代碼 → tw.openfun~entity~geo,target_village_id=63000070-017
2010,萬華區,銘德里,銘德里,polling-station-single-village,verified,tw.gov.cec~ref~polling-station.識別碼 → 村里代碼 → tw.openfun~entity~geo,target_village_id=63000070-028
2010,萬華區,糖廍里,糖廍里,polling-station-single-village,verified,tw.gov.cec~ref~polling-station.識別碼 → 村里代碼 → tw.openfun~entity~geo,target_village_id=63000070-015
2010,萬華區,興德里,興德里,polling-station-single-village,verified,tw.gov.cec~ref~polling-station.識別碼 → 村里代碼 → tw.openfun~entity~geo,target_village_id=63000070-031
2010,萬華區,錦德里,錦德里,polling-station-single-village,verified,tw.gov.cec~ref~polling-station.識別碼 → 村里代碼 → tw.openfun~entity~geo,target_village_id=63000070-025
2010,萬華區,雙園里,雙園里,polling-station-single-village,verified,tw.gov.cec~ref~polling-station.識別碼 → 村里代碼 → tw.openfun~entity~geo,target_village_id=63000070-012
2010,萬華區,騰雲里,騰雲里,polling-station-single-village,verified,tw.gov.cec~ref~polling-station.識別碼 → 村里代碼 → tw.openfun~entity~geo,target_village_id=63000070-036
2014,士林區,三玉里,三玉里,polling-station-single-village,verified,tw.gov.cec~ref~polling-station.識別碼 → 村里代碼 → tw.openfun~entity~geo,target_village_id=63000110-033
2014,士林區,仁勇里,仁勇里,polling-station-single-village,verified,tw.gov.cec~ref~polling-station.識別碼 → 村里代碼 → tw.openfun~entity~geo,target_village_id=63000110-001
2014,士林區,公館里,公館里,polling-station-single-village,verified,tw.gov.cec~ref~polling-station.識別碼 → 村里代碼 → tw.openfun~entity~geo,target_village_id=63000110-044
2014,士林區,天山里,天山里,polling-station-single-village,verified,tw.gov.cec~ref~polling-station.識別碼 → 村里代碼 → tw.openfun~entity~geo,target_village_id=63000110-040
2014,士林區,天母里,天母里,polling-station-single-village,verified,tw.gov.cec~ref~polling-station.識別碼 → 村里代碼 → tw.openfun~entity~geo,target_village_id=63000110-042
2014,士林區,天玉里,天玉里,polling-station-single-village,verified,tw.gov.cec~ref~polling-station.識別碼 → 村里代碼 → tw.openfun~entity~geo,target_village_id=63000110-041
2014,士林區,天和里,天和里,polling-station-single-village,verified,tw.gov.cec~ref~polling-station.識別碼 → 村里代碼 → tw.openfun~entity~geo,target_village_id=63000110-039
2014,士林區,天祿里,天祿里,polling-station-single-village,verified,tw.gov.cec~ref~polling-station.識別碼 → 村里代碼 → tw.openfun~entity~geo,target_village_id=63000110-037
2014,士林區,天壽里,天壽里,polling-station-single-village,verified,tw.gov.cec~ref~polling-station.識別碼 → 村里代碼 → tw.openfun~entity~geo,target_village_id=63000110-038
2014,士林區,天福里,天福里,polling-station-single-village,verified,tw.gov.cec~ref~polling-station.識別碼 → 村里代碼 → tw.openfun~entity~geo,target_village_id=63000110-036
2014,士林區,平等里,平等里,polling-station-single-village,verified,tw.gov.cec~ref~polling-station.識別碼 → 村里代碼 → tw.openfun~entity~geo,target_village_id=63000110-048
2014,士林區,永倫里,永倫里,polling-station-single-village,verified,tw.gov.cec~ref~polling-station.識別碼 → 村里代碼 → tw.openfun~entity~geo,target_village_id=63000110-022
2014,士林區,永福里,永福里,polling-station-single-village,verified,tw.gov.cec~ref~polling-station.識別碼 → 村里代碼 → tw.openfun~entity~geo,target_village_id=63000110-043
2014,士林區,名山里,名山里,polling-station-single-village,verified,tw.gov.cec~ref~polling-station.識別碼 → 村里代碼 → tw.openfun~entity~geo,target_village_id=63000110-026
2014,士林區,百齡里,百齡里,polling-station-single-village,verified,tw.gov.cec~ref~polling-station.識別碼 → 村里代碼 → tw.openfun~entity~geo,target_village_id=63000110-011
2014,士林區,岩山里,岩山里,polling-station-single-village,verified,tw.gov.cec~ref~polling-station.識別碼 → 村里代碼 → tw.openfun~entity~geo,target_village_id=63000110-025
2014,士林區,忠誠里,忠誠里,polling-station-single-village,verified,tw.gov.cec~ref~polling-station.識別碼 → 村里代碼 → tw.openfun~entity~geo,target_village_id=63000110-030
2014,士林區,承德里,承德里,polling-station-single-village,verified,tw.gov.cec~ref~polling-station.識別碼 → 村里代碼 → tw.openfun~entity~geo,target_village_id=63000110-012
2014,士林區,明勝里,明勝里,polling-station-single-village,verified,tw.gov.cec~ref~polling-station.識別碼 → 村里代碼 → tw.openfun~entity~geo,target_village_id=63000110-014
2014,士林區,東山里,東山里,polling-station-single-village,verified,tw.gov.cec~ref~polling-station.識別碼 → 村里代碼 → tw.openfun~entity~geo,target_village_id=63000110-032
2014,士林區,社子里,社子里,polling-station-single-village,verified,tw.gov.cec~ref~polling-station.識別碼 → 村里代碼 → tw.openfun~entity~geo,target_village_id=63000110-019
2014,士林區,社園里,社園里,polling-station-single-village,verified,tw.gov.cec~ref~polling-station.識別碼 → 村里代碼 → tw.openfun~entity~geo,target_village_id=63000110-021
2014,士林區,社新里,社新里,polling-station-single-village,verified,tw.gov.cec~ref~polling-station.識別碼 → 村里代碼 → tw.openfun~entity~geo,target_village_id=63000110-020
2014,士林區,芝山里,芝山里,polling-station-single-village,verified,tw.gov.cec~ref~polling-station.識別碼 → 村里代碼 → tw.openfun~entity~geo,target_village_id=63000110-031
2014,士林區,前港里,前港里,polling-station-single-village,verified,tw.gov.cec~ref~polling-station.識別碼 → 村里代碼 → tw.openfun~entity~geo,target_village_id=63000110-010
2014,士林區,後港里,後港里,polling-station-single-village,verified,tw.gov.cec~ref~polling-station.識別碼 → 村里代碼 → tw.openfun~entity~geo,target_village_id=63000110-008
2014,士林區,富光里,富光里,polling-station-single-village,verified,tw.gov.cec~ref~polling-station.識別碼 → 村里代碼 → tw.openfun~entity~geo,target_village_id=63000110-016
2014,士林區,富洲里,富洲里,polling-station-single-village,verified,tw.gov.cec~ref~polling-station.識別碼 → 村里代碼 → tw.openfun~entity~geo,target_village_id=63000110-024
2014,士林區,菁山里,菁山里,polling-station-single-village,verified,tw.gov.cec~ref~polling-station.識別碼 → 村里代碼 → tw.openfun~entity~geo,target_village_id=63000110-047
2014,士林區,陽明里,陽明里,polling-station-single-village,verified,tw.gov.cec~ref~polling-station.識別碼 → 村里代碼 → tw.openfun~entity~geo,target_village_id=63000110-046
2014,士林區,新安里,新安里,polling-station-single-village,verified,tw.gov.cec~ref~polling-station.識別碼 → 村里代碼 → tw.openfun~entity~geo,target_village_id=63000110-045
2014,士林區,溪山里,溪山里,polling-station-single-village,verified,tw.gov.cec~ref~polling-station.識別碼 → 村里代碼 → tw.openfun~entity~geo,target_village_id=63000110-049
2014,士林區,義信里,義信里,polling-station-single-village,verified,tw.gov.cec~ref~polling-station.識別碼 → 村里代碼 → tw.openfun~entity~geo,target_village_id=63000110-002
2014,士林區,聖山里,聖山里,polling-station-single-village,verified,tw.gov.cec~ref~polling-station.識別碼 → 村里代碼 → tw.openfun~entity~geo,target_village_id=63000110-029
2014,士林區,葫東里,葫東里,polling-station-single-village,verified,tw.gov.cec~ref~polling-station.識別碼 → 村里代碼 → tw.openfun~entity~geo,target_village_id=63000110-018
2014,士林區,葫蘆里,葫蘆里,polling-station-single-village,verified,tw.gov.cec~ref~polling-station.識別碼 → 村里代碼 → tw.openfun~entity~geo,target_village_id=63000110-017
2014,士林區,福中里,福中里,polling-station-single-village,verified,tw.gov.cec~ref~polling-station.識別碼 → 村里代碼 → tw.openfun~entity~geo,target_village_id=63000110-009
2014,士林區,福安里,福安里,polling-station-single-village,verified,tw.gov.cec~ref~polling-station.識別碼 → 村里代碼 → tw.openfun~entity~geo,target_village_id=63000110-023
2014,士林區,福志里,福志里,polling-station-single-village,verified,tw.gov.cec~ref~polling-station.識別碼 → 村里代碼 → tw.openfun~entity~geo,target_village_id=63000110-005
2014,士林區,福佳里,福佳里,polling-station-single-village,verified,tw.gov.cec~ref~polling-station.識別碼 → 村里代碼 → tw.openfun~entity~geo,target_village_id=63000110-007
2014,士林區,福林里,福林里,polling-station-single-village,verified,tw.gov.cec~ref~polling-station.識別碼 → 村里代碼 → tw.openfun~entity~geo,target_village_id=63000110-003
2014,士林區,福華里,福華里,polling-station-single-village,verified,tw.gov.cec~ref~polling-station.識別碼 → 村里代碼 → tw.openfun~entity~geo,target_village_id=63000110-013
2014,士林區,福順里,福順里,polling-station-single-village,verified,tw.gov.cec~ref~polling-station.識別碼 → 村里代碼 → tw.openfun~entity~geo,target_village_id=63000110-015
2014,士林區,福德里,福德里,polling-station-single-village,verified,tw.gov.cec~ref~polling-station.識別碼 → 村里代碼 → tw.openfun~entity~geo,target_village_id=63000110-004
2014,士林區,翠山里,翠山里,polling-station-single-village,verified,tw.gov.cec~ref~polling-station.識別碼 → 村里代碼 → tw.openfun~entity~geo,target_village_id=63000110-050
2014,士林區,德行里,德行里,polling-station-single-village,verified,tw.gov.cec~ref~polling-station.識別碼 → 村里代碼 → tw.openfun~entity~geo,target_village_id=63000110-027
2014,士林區,德華里,德華里,polling-station-single-village,verified,tw.gov.cec~ref~polling-station.識別碼 → 村里代碼 → tw.openfun~entity~geo,target_village_id=63000110-028
2014,士林區,臨溪里,臨溪里,polling-station-single-village,verified,tw.gov.cec~ref~polling-station.識別碼 → 村里代碼 → tw.openfun~entity~geo,target_village_id=63000110-051
2014,士林區,舊佳里,舊佳里,polling-station-single-village,verified,tw.gov.cec~ref~polling-station.識別碼 → 村里代碼 → tw.openfun~entity~geo,target_village_id=63000110-006
2014,士林區,蘭雅里,蘭雅里,polling-station-single-village,verified,tw.gov.cec~ref~polling-station.識別碼 → 村里代碼 → tw.openfun~entity~geo,target_village_id=63000110-034
2014,士林區,蘭興里,蘭興里,polling-station-single-village,verified,tw.gov.cec~ref~polling-station.識別碼 → 村里代碼 → tw.openfun~entity~geo,target_village_id=63000110-035
2014,大同區,大有里,大有里,polling-station-single-village,verified,tw.gov.cec~ref~polling-station.識別碼 → 村里代碼 → tw.openfun~entity~geo,target_village_id=63000060-009
2014,大同區,民權里,民權里,polling-station-single-village,verified,tw.gov.cec~ref~polling-station.識別碼 → 村里代碼 → tw.openfun~entity~geo,target_village_id=63000060-013
2014,大同區,永樂里,永樂里,polling-station-single-village,verified,tw.gov.cec~ref~polling-station.識別碼 → 村里代碼 → tw.openfun~entity~geo,target_village_id=63000060-005
2014,大同區,玉泉里,玉泉里,polling-station-single-village,verified,tw.gov.cec~ref~polling-station.識別碼 → 村里代碼 → tw.openfun~entity~geo,target_village_id=63000060-001
2014,大同區,光能里,光能里,polling-station-single-village,verified,tw.gov.cec~ref~polling-station.識別碼 → 村里代碼 → tw.openfun~entity~geo,target_village_id=63000060-008
2014,大同區,老師里,老師里,polling-station-single-village,verified,tw.gov.cec~ref~polling-station.識別碼 → 村里代碼 → tw.openfun~entity~geo,target_village_id=63000060-024
2014,大同區,至聖里,至聖里,polling-station-single-village,verified,tw.gov.cec~ref~polling-station.識別碼 → 村里代碼 → tw.openfun~entity~geo,target_village_id=63000060-022
2014,大同區,延平里,延平里,polling-station-single-village,verified,tw.gov.cec~ref~polling-station.識別碼 → 村里代碼 → tw.openfun~entity~geo,target_village_id=63000060-010
2014,大同區,保安里,保安里,polling-station-single-village,verified,tw.gov.cec~ref~polling-station.識別碼 → 村里代碼 → tw.openfun~entity~geo,target_village_id=63000060-026
2014,大同區,南芳里,南芳里,polling-station-single-village,verified,tw.gov.cec~ref~polling-station.識別碼 → 村里代碼 → tw.openfun~entity~geo,target_village_id=63000060-012
2014,大同區,建功里,建功里,polling-station-single-village,verified,tw.gov.cec~ref~polling-station.識別碼 → 村里代碼 → tw.openfun~entity~geo,target_village_id=63000060-003
2014,大同區,建明里,建明里,polling-station-single-village,verified,tw.gov.cec~ref~polling-station.識別碼 → 村里代碼 → tw.openfun~entity~geo,target_village_id=63000060-002
2014,大同區,建泰里,建泰里,polling-station-single-village,verified,tw.gov.cec~ref~polling-station.識別碼 → 村里代碼 → tw.openfun~entity~geo,target_village_id=63000060-004
2014,大同區,星明里,星明里,polling-station-single-village,verified,tw.gov.cec~ref~polling-station.識別碼 → 村里代碼 → tw.openfun~entity~geo,target_village_id=63000060-007
2014,大同區,重慶里,重慶里,polling-station-single-village,verified,tw.gov.cec~ref~polling-station.識別碼 → 村里代碼 → tw.openfun~entity~geo,target_village_id=63000060-025
2014,大同區,國順里,國順里,polling-station-single-village,verified,tw.gov.cec~ref~polling-station.識別碼 → 村里代碼 → tw.openfun~entity~geo,target_village_id=63000060-017
2014,大同區,國慶里,國慶里,polling-station-single-village,verified,tw.gov.cec~ref~polling-station.識別碼 → 村里代碼 → tw.openfun~entity~geo,target_village_id=63000060-018
2014,大同區,揚雅里,揚雅里,polling-station-single-village,verified,tw.gov.cec~ref~polling-station.識別碼 → 村里代碼 → tw.openfun~entity~geo,target_village_id=63000060-019
2014,大同區,斯文里,斯文里,polling-station-single-village,verified,tw.gov.cec~ref~polling-station.識別碼 → 村里代碼 → tw.openfun~entity~geo,target_village_id=63000060-020
2014,大同區,景星里,景星里,polling-station-single-village,verified,tw.gov.cec~ref~polling-station.識別碼 → 村里代碼 → tw.openfun~entity~geo,target_village_id=63000060-014
2014,大同區,朝陽里,朝陽里,polling-station-single-village,verified,tw.gov.cec~ref~polling-station.識別碼 → 村里代碼 → tw.openfun~entity~geo,target_village_id=63000060-006
2014,大同區,隆和里,隆和里,polling-station-single-village,verified,tw.gov.cec~ref~polling-station.識別碼 → 村里代碼 → tw.openfun~entity~geo,target_village_id=63000060-015
2014,大同區,蓬萊里,蓬萊里,polling-station-single-village,verified,tw.gov.cec~ref~polling-station.識別碼 → 村里代碼 → tw.openfun~entity~geo,target_village_id=63000060-016
2014,大同區,鄰江里,鄰江里,polling-station-single-village,verified,tw.gov.cec~ref~polling-station.識別碼 → 村里代碼 → tw.openfun~entity~geo,target_village_id=63000060-021
2014,大同區,雙連里,雙連里,polling-station-single-village,verified,tw.gov.cec~ref~polling-station.識別碼 → 村里代碼 → tw.openfun~entity~geo,target_village_id=63000060-011
2014,大安區,大學里,大學里,polling-station-single-village,verified,tw.gov.cec~ref~polling-station.識別碼 → 村里代碼 → tw.openfun~entity~geo,target_village_id=63000030-043
2014,大安區,仁愛里,仁愛里,polling-station-single-village,verified,tw.gov.cec~ref~polling-station.識別碼 → 村里代碼 → tw.openfun~entity~geo,target_village_id=63000030-005
2014,大安區,仁慈里,仁慈里,polling-station-single-village,verified,tw.gov.cec~ref~polling-station.識別碼 → 村里代碼 → tw.openfun~entity~geo,target_village_id=63000030-002
2014,大安區,古風里,古風里,polling-station-single-village,verified,tw.gov.cec~ref~polling-station.識別碼 → 村里代碼 → tw.openfun~entity~geo,target_village_id=63000030-013
2014,大安區,古莊里,古莊里,polling-station-single-village,verified,tw.gov.cec~ref~polling-station.識別碼 → 村里代碼 → tw.openfun~entity~geo,target_village_id=63000030-014
2014,大安區,正聲里,正聲里,polling-station-single-village,verified,tw.gov.cec~ref~polling-station.識別碼 → 村里代碼 → tw.openfun~entity~geo,target_village_id=63000030-052
2014,大安區,民炤里,民炤里,polling-station-single-village,verified,tw.gov.cec~ref~polling-station.識別碼 → 村里代碼 → tw.openfun~entity~geo,target_village_id=63000030-004
2014,大安區,民輝里,民輝里,polling-station-single-village,verified,tw.gov.cec~ref~polling-station.識別碼 → 村里代碼 → tw.openfun~entity~geo,target_village_id=63000030-007
2014,大安區,永康里,永康里,polling-station-single-village,verified,tw.gov.cec~ref~polling-station.識別碼 → 村里代碼 → tw.openfun~entity~geo,target_village_id=63000030-018
2014,大安區,光明里,光明里,polling-station-single-village,verified,tw.gov.cec~ref~polling-station.識別碼 → 村里代碼 → tw.openfun~entity~geo,target_village_id=63000030-019
2014,大安區,光武里,光武里,polling-station-single-village,verified,tw.gov.cec~ref~polling-station.識別碼 → 村里代碼 → tw.openfun~entity~geo,target_village_id=63000030-010
2014,大安區,光信里,光信里,polling-station-single-village,verified,tw.gov.cec~ref~polling-station.識別碼 → 村里代碼 → tw.openfun~entity~geo,target_village_id=63000030-056
2014,大安區,全安里,全安里,polling-station-single-village,verified,tw.gov.cec~ref~polling-station.識別碼 → 村里代碼 → tw.openfun~entity~geo,target_village_id=63000030-035
2014,大安區,住安里,住安里,polling-station-single-village,verified,tw.gov.cec~ref~polling-station.識別碼 → 村里代碼 → tw.openfun~entity~geo,target_village_id=63000030-029
2014,大安區,車層里,車層里,polling-station-single-village,verified,tw.gov.cec~ref~polling-station.識別碼 → 村里代碼 → tw.openfun~entity~geo,target_village_id=63000030-055
2014,大安區,和安里,和安里,polling-station-single-village,verified,tw.gov.cec~ref~polling-station.識別碼 → 村里代碼 → tw.openfun~entity~geo,target_village_id=63000030-003
2014,大安區,昌隆里,昌隆里,polling-station-single-village,verified,tw.gov.cec~ref~polling-station.識別碼 → 村里代碼 → tw.openfun~entity~geo,target_village_id=63000030-008
2014,大安區,法治里,法治里,polling-station-single-village,verified,tw.gov.cec~ref~polling-station.識別碼 → 村里代碼 → tw.openfun~entity~geo,target_village_id=63000030-034
2014,大安區,臥龍里,臥龍里,polling-station-single-village,verified,tw.gov.cec~ref~polling-station.識別碼 → 村里代碼 → tw.openfun~entity~geo,target_village_id=63000030-039
2014,大安區,芳和里,芳和里,polling-station-single-village,verified,tw.gov.cec~ref~polling-station.識別碼 → 村里代碼 → tw.openfun~entity~geo,target_village_id=63000030-044
2014,大安區,虎嘯里,虎嘯里,polling-station-single-village,verified,tw.gov.cec~ref~polling-station.識別碼 → 村里代碼 → tw.openfun~entity~geo,target_village_id=63000030-038
2014,大安區,建安里,建安里,polling-station-single-village,verified,tw.gov.cec~ref~polling-station.識別碼 → 村里代碼 → tw.openfun~entity~geo,target_village_id=63000030-049
2014,大安區,建倫里,建倫里,polling-station-single-village,verified,tw.gov.cec~ref~polling-station.識別碼 → 村里代碼 → tw.openfun~entity~geo,target_village_id=63000030-050
2014,大安區,通化里,通化里,polling-station-single-village,verified,tw.gov.cec~ref~polling-station.識別碼 → 村里代碼 → tw.openfun~entity~geo,target_village_id=63000030-031
2014,大安區,通安里,通安里,polling-station-single-village,verified,tw.gov.cec~ref~polling-station.識別碼 → 村里代碼 → tw.openfun~entity~geo,target_village_id=63000030-032
2014,大安區,敦安里,敦安里,polling-station-single-village,verified,tw.gov.cec~ref~polling-station.識別碼 → 村里代碼 → tw.openfun~entity~geo,target_village_id=63000030-051
2014,大安區,敦煌里,敦煌里,polling-station-single-village,verified,tw.gov.cec~ref~polling-station.識別碼 → 村里代碼 → tw.openfun~entity~geo,target_village_id=63000030-053
2014,大安區,華聲里,華聲里,polling-station-single-village,verified,tw.gov.cec~ref~polling-station.識別碼 → 村里代碼 → tw.openfun~entity~geo,target_village_id=63000030-054
2014,大安區,新龍里,新龍里,polling-station-single-village,verified,tw.gov.cec~ref~polling-station.識別碼 → 村里代碼 → tw.openfun~entity~geo,target_village_id=63000030-023
2014,大安區,群英里,群英里,polling-station-single-village,verified,tw.gov.cec~ref~polling-station.識別碼 → 村里代碼 → tw.openfun~entity~geo,target_village_id=63000030-037
2014,大安區,群賢里,群賢里,polling-station-single-village,verified,tw.gov.cec~ref~polling-station.識別碼 → 村里代碼 → tw.openfun~entity~geo,target_village_id=63000030-036
2014,大安區,義安里,義安里,polling-station-single-village,verified,tw.gov.cec~ref~polling-station.識別碼 → 村里代碼 → tw.openfun~entity~geo,target_village_id=63000030-030
2014,大安區,義村里,義村里,polling-station-single-village,verified,tw.gov.cec~ref~polling-station.識別碼 → 村里代碼 → tw.openfun~entity~geo,target_village_id=63000030-006
2014,大安區,誠安里,誠安里,polling-station-single-village,verified,tw.gov.cec~ref~polling-station.識別碼 → 村里代碼 → tw.openfun~entity~geo,target_village_id=63000030-009
2014,大安區,福住里,福住里,polling-station-single-village,verified,tw.gov.cec~ref~polling-station.識別碼 → 村里代碼 → tw.openfun~entity~geo,target_village_id=63000030-017
2014,大安區,德安里,德安里,polling-station-single-village,verified,tw.gov.cec~ref~polling-station.識別碼 → 村里代碼 → tw.openfun~entity~geo,target_village_id=63000030-001
2014,大安區,黎元里,黎元里,polling-station-single-village,verified,tw.gov.cec~ref~polling-station.識別碼 → 村里代碼 → tw.openfun~entity~geo,target_village_id=63000030-046
2014,大安區,黎孝里,黎孝里,polling-station-single-village,verified,tw.gov.cec~ref~polling-station.識別碼 → 村里代碼 → tw.openfun~entity~geo,target_village_id=63000030-047
2014,大安區,黎和里,黎和里,polling-station-single-village,verified,tw.gov.cec~ref~polling-station.識別碼 → 村里代碼 → tw.openfun~entity~geo,target_village_id=63000030-048
2014,大安區,學府里,學府里,polling-station-single-village,verified,tw.gov.cec~ref~polling-station.識別碼 → 村里代碼 → tw.openfun~entity~geo,target_village_id=63000030-057
2014,大安區,錦安里,錦安里,polling-station-single-village,verified,tw.gov.cec~ref~polling-station.識別碼 → 村里代碼 → tw.openfun~entity~geo,target_village_id=63000030-016
2014,大安區,錦泰里,錦泰里,polling-station-single-village,verified,tw.gov.cec~ref~polling-station.識別碼 → 村里代碼 → tw.openfun~entity~geo,target_village_id=63000030-020
2014,大安區,錦華里,錦華里,polling-station-single-village,verified,tw.gov.cec~ref~polling-station.識別碼 → 村里代碼 → tw.openfun~entity~geo,target_village_id=63000030-021
2014,大安區,龍生里,龍生里,polling-station-single-village,verified,tw.gov.cec~ref~polling-station.識別碼 → 村里代碼 → tw.openfun~entity~geo,target_village_id=63000030-028
2014,大安區,龍安里,龍安里,polling-station-single-village,verified,tw.gov.cec~ref~polling-station.識別碼 → 村里代碼 → tw.openfun~entity~geo,target_village_id=63000030-015
2014,大安區,龍坡里,龍坡里,polling-station-single-village,verified,tw.gov.cec~ref~polling-station.識別碼 → 村里代碼 → tw.openfun~entity~geo,target_village_id=63000030-011
2014,大安區,龍門里,龍門里,polling-station-single-village,verified,tw.gov.cec~ref~polling-station.識別碼 → 村里代碼 → tw.openfun~entity~geo,target_village_id=63000030-041
2014,大安區,龍泉里,龍泉里,polling-station-single-village,verified,tw.gov.cec~ref~polling-station.識別碼 → 村里代碼 → tw.openfun~entity~geo,target_village_id=63000030-012
2014,大安區,龍陣里,龍陣里,polling-station-single-village,verified,tw.gov.cec~ref~polling-station.識別碼 → 村里代碼 → tw.openfun~entity~geo,target_village_id=63000030-026
2014,大安區,龍淵里,龍淵里,polling-station-single-village,verified,tw.gov.cec~ref~polling-station.識別碼 → 村里代碼 → tw.openfun~entity~geo,target_village_id=63000030-040
2014,大安區,龍雲里,龍雲里,polling-station-single-village,verified,tw.gov.cec~ref~polling-station.識別碼 → 村里代碼 → tw.openfun~entity~geo,target_village_id=63000030-027
2014,大安區,龍圖里,龍圖里,polling-station-single-village,verified,tw.gov.cec~ref~polling-station.識別碼 → 村里代碼 → tw.openfun~entity~geo,target_village_id=63000030-022
2014,大安區,臨江里,臨江里,polling-station-single-village,verified,tw.gov.cec~ref~polling-station.識別碼 → 村里代碼 → tw.openfun~entity~geo,target_village_id=63000030-033
2014,中山區,力行里,力行里,polling-station-single-village,verified,tw.gov.cec~ref~polling-station.識別碼 → 村里代碼 → tw.openfun~entity~geo,target_village_id=63000040-039
2014,中山區,下埤里,下埤里,polling-station-single-village,verified,tw.gov.cec~ref~polling-station.識別碼 → 村里代碼 → tw.openfun~entity~geo,target_village_id=63000040-027
2014,中山區,大佳里,大佳里,polling-station-single-village,verified,tw.gov.cec~ref~polling-station.識別碼 → 村里代碼 → tw.openfun~entity~geo,target_village_id=63000040-017
2014,中山區,大直里,大直里,polling-station-single-village,verified,tw.gov.cec~ref~polling-station.識別碼 → 村里代碼 → tw.openfun~entity~geo,target_village_id=63000040-014
2014,中山區,中山里,中山里,polling-station-single-village,verified,tw.gov.cec~ref~polling-station.識別碼 → 村里代碼 → tw.openfun~entity~geo,target_village_id=63000040-006
2014,中山區,中央里,中央里,polling-station-single-village,verified,tw.gov.cec~ref~polling-station.識別碼 → 村里代碼 → tw.openfun~entity~geo,target_village_id=63000040-033
2014,中山區,中吉里,中吉里,polling-station-single-village,verified,tw.gov.cec~ref~polling-station.識別碼 → 村里代碼 → tw.openfun~entity~geo,target_village_id=63000040-030
2014,中山區,中庄里,中庄里,polling-station-single-village,verified,tw.gov.cec~ref~polling-station.識別碼 → 村里代碼 → tw.openfun~entity~geo,target_village_id=63000040-023
2014,中山區,中原里,中原里,polling-station-single-village,verified,tw.gov.cec~ref~polling-station.識別碼 → 村里代碼 → tw.openfun~entity~geo,target_village_id=63000040-031
2014,中山區,北安里,北安里,polling-station-single-village,verified,tw.gov.cec~ref~polling-station.識別碼 → 村里代碼 → tw.openfun~entity~geo,target_village_id=63000040-042
2014,中山區,正守里,正守里,polling-station-single-village,verified,tw.gov.cec~ref~polling-station.識別碼 → 村里代碼 → tw.openfun~entity~geo,target_village_id=63000040-001
2014,中山區,正得里,正得里,polling-station-single-village,verified,tw.gov.cec~ref~polling-station.識別碼 → 村里代碼 → tw.openfun~entity~geo,target_village_id=63000040-003
2014,中山區,正義里,正義里,polling-station-single-village,verified,tw.gov.cec~ref~polling-station.識別碼 → 村里代碼 → tw.openfun~entity~geo,target_village_id=63000040-002
2014,中山區,民安里,民安里,polling-station-single-village,verified,tw.gov.cec~ref~polling-station.識別碼 → 村里代碼 → tw.openfun~entity~geo,target_village_id=63000040-004
2014,中山區,永安里,永安里,polling-station-single-village,verified,tw.gov.cec~ref~polling-station.識別碼 → 村里代碼 → tw.openfun~entity~geo,target_village_id=63000040-016
2014,中山區,成功里,成功里,polling-station-single-village,verified,tw.gov.cec~ref~polling-station.識別碼 → 村里代碼 → tw.openfun~entity~geo,target_village_id=63000040-015
2014,中山區,朱崙里,朱崙里,polling-station-single-village,verified,tw.gov.cec~ref~polling-station.識別碼 → 村里代碼 → tw.openfun~entity~geo,target_village_id=63000040-038
2014,中山區,朱園里,朱園里,polling-station-single-village,verified,tw.gov.cec~ref~polling-station.識別碼 → 村里代碼 → tw.openfun~entity~geo,target_village_id=63000040-036
2014,中山區,朱馥里,朱馥里,polling-station-single-village,verified,tw.gov.cec~ref~polling-station.識別碼 → 村里代碼 → tw.openfun~entity~geo,target_village_id=63000040-034
2014,中山區,江山里,江山里,polling-station-single-village,verified,tw.gov.cec~ref~polling-station.識別碼 → 村里代碼 → tw.openfun~entity~geo,target_village_id=63000040-029
2014,中山區,江寧里,江寧里,polling-station-single-village,verified,tw.gov.cec~ref~polling-station.識別碼 → 村里代碼 → tw.openfun~entity~geo,target_village_id=63000040-028
2014,中山區,行仁里,行仁里,polling-station-single-village,verified,tw.gov.cec~ref~polling-station.識別碼 → 村里代碼 → tw.openfun~entity~geo,target_village_id=63000040-025
2014,中山區,行孝里,行孝里,polling-station-single-village,verified,tw.gov.cec~ref~polling-station.識別碼 → 村里代碼 → tw.openfun~entity~geo,target_village_id=63000040-026
2014,中山區,行政里,行政里,polling-station-single-village,verified,tw.gov.cec~ref~polling-station.識別碼 → 村里代碼 → tw.openfun~entity~geo,target_village_id=63000040-024
2014,中山區,松江里,松江里,polling-station-single-village,verified,tw.gov.cec~ref~polling-station.識別碼 → 村里代碼 → tw.openfun~entity~geo,target_village_id=63000040-021
2014,中山區,金泰里,金泰里,polling-station-single-village,verified,tw.gov.cec~ref~polling-station.識別碼 → 村里代碼 → tw.openfun~entity~geo,target_village_id=63000040-041
2014,中山區,恆安里,恆安里,polling-station-single-village,verified,tw.gov.cec~ref~polling-station.識別碼 → 村里代碼 → tw.openfun~entity~geo,target_village_id=63000040-010
2014,中山區,埤頭里,埤頭里,polling-station-single-village,verified,tw.gov.cec~ref~polling-station.識別碼 → 村里代碼 → tw.openfun~entity~geo,target_village_id=63000040-037
2014,中山區,康樂里,康樂里,polling-station-single-village,verified,tw.gov.cec~ref~polling-station.識別碼 → 村里代碼 → tw.openfun~entity~geo,target_village_id=63000040-005
2014,中山區,復華里,復華里,polling-station-single-village,verified,tw.gov.cec~ref~polling-station.識別碼 → 村里代碼 → tw.openfun~entity~geo,target_village_id=63000040-040
2014,中山區,晴光里,晴光里,polling-station-single-village,verified,tw.gov.cec~ref~polling-station.識別碼 → 村里代碼 → tw.openfun~entity~geo,target_village_id=63000040-011
2014,中山區,集英里,集英里,polling-station-single-village,verified,tw.gov.cec~ref~polling-station.識別碼 → 村里代碼 → tw.openfun~entity~geo,target_village_id=63000040-008
2014,中山區,圓山里,圓山里,polling-station-single-village,verified,tw.gov.cec~ref~polling-station.識別碼 → 村里代碼 → tw.openfun~entity~geo,target_village_id=63000040-012
2014,中山區,新生里,新生里,polling-station-single-village,verified,tw.gov.cec~ref~polling-station.識別碼 → 村里代碼 → tw.openfun~entity~geo,target_village_id=63000040-022
2014,中山區,新庄里,新庄里,polling-station-single-village,verified,tw.gov.cec~ref~polling-station.識別碼 → 村里代碼 → tw.openfun~entity~geo,target_village_id=63000040-019
2014,中山區,新喜里,新喜里,polling-station-single-village,verified,tw.gov.cec~ref~polling-station.識別碼 → 村里代碼 → tw.openfun~entity~geo,target_village_id=63000040-018
2014,中山區,新福里,新福里,polling-station-single-village,verified,tw.gov.cec~ref~polling-station.識別碼 → 村里代碼 → tw.openfun~entity~geo,target_village_id=63000040-020
2014,中山區,聚盛里,聚盛里,polling-station-single-village,verified,tw.gov.cec~ref~polling-station.識別碼 → 村里代碼 → tw.openfun~entity~geo,target_village_id=63000040-007
2014,中山區,聚葉里,聚葉里,polling-station-single-village,verified,tw.gov.cec~ref~polling-station.識別碼 → 村里代碼 → tw.openfun~entity~geo,target_village_id=63000040-009
2014,中山區,劍潭里,劍潭里,polling-station-single-village,verified,tw.gov.cec~ref~polling-station.識別碼 → 村里代碼 → tw.openfun~entity~geo,target_village_id=63000040-013
2014,中山區,興亞里,興亞里,polling-station-single-village,verified,tw.gov.cec~ref~polling-station.識別碼 → 村里代碼 → tw.openfun~entity~geo,target_village_id=63000040-032
2014,中山區,龍洲里,龍洲里,polling-station-single-village,verified,tw.gov.cec~ref~polling-station.識別碼 → 村里代碼 → tw.openfun~entity~geo,target_village_id=63000040-035
2014,中正區,三愛里,三愛里,polling-station-single-village,verified,tw.gov.cec~ref~polling-station.識別碼 → 村里代碼 → tw.openfun~entity~geo,target_village_id=63000050-031
2014,中正區,文北里,文北里,polling-station-single-village,verified,tw.gov.cec~ref~polling-station.識別碼 → 村里代碼 → tw.openfun~entity~geo,target_village_id=63000050-029
2014,中正區,文盛里,文盛里,polling-station-single-village,verified,tw.gov.cec~ref~polling-station.識別碼 → 村里代碼 → tw.openfun~entity~geo,target_village_id=63000050-003
2014,中正區,文祥里,文祥里,polling-station-single-village,verified,tw.gov.cec~ref~polling-station.識別碼 → 村里代碼 → tw.openfun~entity~geo,target_village_id=63000050-030
2014,中正區,水源里,水源里,polling-station-single-village,verified,tw.gov.cec~ref~polling-station.識別碼 → 村里代碼 → tw.openfun~entity~geo,target_village_id=63000050-001
2014,中正區,永功里,永功里,polling-station-single-village,verified,tw.gov.cec~ref~polling-station.識別碼 → 村里代碼 → tw.openfun~entity~geo,target_village_id=63000050-011
2014,中正區,永昌里,永昌里,polling-station-single-village,verified,tw.gov.cec~ref~polling-station.識別碼 → 村里代碼 → tw.openfun~entity~geo,target_village_id=63000050-012
2014,中正區,光復里,光復里,polling-station-single-village,verified,tw.gov.cec~ref~polling-station.識別碼 → 村里代碼 → tw.openfun~entity~geo,target_village_id=63000050-023
2014,中正區,幸市里,幸市里,polling-station-single-village,verified,tw.gov.cec~ref~polling-station.識別碼 → 村里代碼 → tw.openfun~entity~geo,target_village_id=63000050-027
2014,中正區,幸福里,幸福里,polling-station-single-village,verified,tw.gov.cec~ref~polling-station.識別碼 → 村里代碼 → tw.openfun~entity~geo,target_village_id=63000050-026
2014,中正區,忠勤里,忠勤里,polling-station-single-village,verified,tw.gov.cec~ref~polling-station.識別碼 → 村里代碼 → tw.openfun~entity~geo,target_village_id=63000050-014
2014,中正區,東門里,東門里,polling-station-single-village,verified,tw.gov.cec~ref~polling-station.識別碼 → 村里代碼 → tw.openfun~entity~geo,target_village_id=63000050-028
2014,中正區,板溪里,板溪里,polling-station-single-village,verified,tw.gov.cec~ref~polling-station.識別碼 → 村里代碼 → tw.openfun~entity~geo,target_village_id=63000050-008
2014,中正區,林興里,林興里,polling-station-single-village,verified,tw.gov.cec~ref~polling-station.識別碼 → 村里代碼 → tw.openfun~entity~geo,target_village_id=63000050-004
2014,中正區,河堤里,河堤里,polling-station-single-village,verified,tw.gov.cec~ref~polling-station.識別碼 → 村里代碼 → tw.openfun~entity~geo,target_village_id=63000050-005
2014,中正區,南門里,南門里,polling-station-single-village,verified,tw.gov.cec~ref~polling-station.識別碼 → 村里代碼 → tw.openfun~entity~geo,target_village_id=63000050-017
2014,中正區,南福里,南福里,polling-station-single-village,verified,tw.gov.cec~ref~polling-station.識別碼 → 村里代碼 → tw.openfun~entity~geo,target_village_id=63000050-019
2014,中正區,建國里,建國里,polling-station-single-village,verified,tw.gov.cec~ref~polling-station.識別碼 → 村里代碼 → tw.openfun~entity~geo,target_village_id=63000050-022
2014,中正區,梅花里,梅花里,polling-station-single-village,verified,tw.gov.cec~ref~polling-station.識別碼 → 村里代碼 → tw.openfun~entity~geo,target_village_id=63000050-025
2014,中正區,頂東里,頂東里,polling-station-single-village,verified,tw.gov.cec~ref~polling-station.識別碼 → 村里代碼 → tw.openfun~entity~geo,target_village_id=63000050-006
2014,中正區,富水里,富水里,polling-station-single-village,verified,tw.gov.cec~ref~polling-station.識別碼 → 村里代碼 → tw.openfun~entity~geo,target_village_id=63000050-002
2014,中正區,廈安里,廈安里,polling-station-single-village,verified,tw.gov.cec~ref~polling-station.識別碼 → 村里代碼 → tw.openfun~entity~geo,target_village_id=63000050-015
2014,中正區,愛國里,愛國里,polling-station-single-village,verified,tw.gov.cec~ref~polling-station.識別碼 → 村里代碼 → tw.openfun~entity~geo,target_village_id=63000050-016
2014,中正區,新營里,新營里,polling-station-single-village,verified,tw.gov.cec~ref~polling-station.識別碼 → 村里代碼 → tw.openfun~entity~geo,target_village_id=63000050-021
2014,中正區,網溪里,網溪里,polling-station-single-village,verified,tw.gov.cec~ref~polling-station.識別碼 → 村里代碼 → tw.openfun~entity~geo,target_village_id=63000050-007
2014,中正區,黎明里,黎明里,polling-station-single-village,verified,tw.gov.cec~ref~polling-station.識別碼 → 村里代碼 → tw.openfun~entity~geo,target_village_id=63000050-024
2014,中正區,螢圃里,螢圃里,polling-station-single-village,verified,tw.gov.cec~ref~polling-station.識別碼 → 村里代碼 → tw.openfun~entity~geo,target_village_id=63000050-009
2014,中正區,螢雪里,螢雪里,polling-station-single-village,verified,tw.gov.cec~ref~polling-station.識別碼 → 村里代碼 → tw.openfun~entity~geo,target_village_id=63000050-010
2014,中正區,龍光里,龍光里,polling-station-single-village,verified,tw.gov.cec~ref~polling-station.識別碼 → 村里代碼 → tw.openfun~entity~geo,target_village_id=63000050-018
2014,中正區,龍福里,龍福里,polling-station-single-village,verified,tw.gov.cec~ref~polling-station.識別碼 → 村里代碼 → tw.openfun~entity~geo,target_village_id=63000050-020
2014,中正區,龍興里,龍興里,polling-station-single-village,verified,tw.gov.cec~ref~polling-station.識別碼 → 村里代碼 → tw.openfun~entity~geo,target_village_id=63000050-013
2014,內湖區,大湖里,大湖里,polling-station-single-village,verified,tw.gov.cec~ref~polling-station.識別碼 → 村里代碼 → tw.openfun~entity~geo,target_village_id=63000100-012
2014,內湖區,五分里,五分里,polling-station-single-village,verified,tw.gov.cec~ref~polling-station.識別碼 → 村里代碼 → tw.openfun~entity~geo,target_village_id=63000100-022
2014,內湖區,內湖里,內湖里,polling-station-single-village,verified,tw.gov.cec~ref~polling-station.識別碼 → 村里代碼 → tw.openfun~entity~geo,target_village_id=63000100-009
2014,內湖區,內溝里,內溝里,polling-station-single-village,verified,tw.gov.cec~ref~polling-station.識別碼 → 村里代碼 → tw.openfun~entity~geo,target_village_id=63000100-025
2014,內湖區,石潭里,石潭里,polling-station-single-village,verified,tw.gov.cec~ref~polling-station.識別碼 → 村里代碼 → tw.openfun~entity~geo,target_village_id=63000100-028
2014,內湖區,安泰里,安泰里,polling-station-single-village,verified,tw.gov.cec~ref~polling-station.識別碼 → 村里代碼 → tw.openfun~entity~geo,target_village_id=63000100-033
2014,內湖區,安湖里,安湖里,polling-station-single-village,verified,tw.gov.cec~ref~polling-station.識別碼 → 村里代碼 → tw.openfun~entity~geo,target_village_id=63000100-031
2014,內湖區,行善里,行善里,polling-station-single-village,verified,tw.gov.cec~ref~polling-station.識別碼 → 村里代碼 → tw.openfun~entity~geo,target_village_id=63000100-027
2014,內湖區,西安里,西安里,polling-station-single-village,verified,tw.gov.cec~ref~polling-station.識別碼 → 村里代碼 → tw.openfun~entity~geo,target_village_id=63000100-003
2014,內湖區,西康里,西康里,polling-station-single-village,verified,tw.gov.cec~ref~polling-station.識別碼 → 村里代碼 → tw.openfun~entity~geo,target_village_id=63000100-002
2014,內湖區,西湖里,西湖里,polling-station-single-village,verified,tw.gov.cec~ref~polling-station.識別碼 → 村里代碼 → tw.openfun~entity~geo,target_village_id=63000100-001
2014,內湖區,秀湖里,秀湖里,polling-station-single-village,verified,tw.gov.cec~ref~polling-station.識別碼 → 村里代碼 → tw.openfun~entity~geo,target_village_id=63000100-032
2014,內湖區,明湖里,明湖里,polling-station-single-village,verified,tw.gov.cec~ref~polling-station.識別碼 → 村里代碼 → tw.openfun~entity~geo,target_village_id=63000100-036
2014,內湖區,東湖里,東湖里,polling-station-single-village,verified,tw.gov.cec~ref~polling-station.識別碼 → 村里代碼 → tw.openfun~entity~geo,target_village_id=63000100-023
2014,內湖區,金湖里,金湖里,polling-station-single-village,verified,tw.gov.cec~ref~polling-station.識別碼 → 村里代碼 → tw.openfun~entity~geo,target_village_id=63000100-034
2014,內湖區,金瑞里,金瑞里,polling-station-single-village,verified,tw.gov.cec~ref~polling-station.識別碼 → 村里代碼 → tw.openfun~entity~geo,target_village_id=63000100-014
2014,內湖區,金龍里,金龍里,polling-station-single-village,verified,tw.gov.cec~ref~polling-station.識別碼 → 村里代碼 → tw.openfun~entity~geo,target_village_id=63000100-013
2014,內湖區,南湖里,南湖里,polling-station-single-village,verified,tw.gov.cec~ref~polling-station.識別碼 → 村里代碼 → tw.openfun~entity~geo,target_village_id=63000100-040
2014,內湖區,康寧里,康寧里,polling-station-single-village,verified,tw.gov.cec~ref~polling-station.識別碼 → 村里代碼 → tw.openfun~entity~geo,target_village_id=63000100-035
2014,內湖區,清白里,清白里,polling-station-single-village,verified,tw.gov.cec~ref~polling-station.識別碼 → 村里代碼 → tw.openfun~entity~geo,target_village_id=63000100-017
2014,內湖區,港都里,港都里,polling-station-single-village,verified,tw.gov.cec~ref~polling-station.識別碼 → 村里代碼 → tw.openfun~entity~geo,target_village_id=63000100-006
2014,內湖區,港富里,港富里,polling-station-single-village,verified,tw.gov.cec~ref~polling-station.識別碼 → 村里代碼 → tw.openfun~entity~geo,target_village_id=63000100-007
2014,內湖區,港華里,港華里,polling-station-single-village,verified,tw.gov.cec~ref~polling-station.識別碼 → 村里代碼 → tw.openfun~entity~geo,target_village_id=63000100-008
2014,內湖區,港墘里,港墘里,polling-station-single-village,verified,tw.gov.cec~ref~polling-station.識別碼 → 村里代碼 → tw.openfun~entity~geo,target_village_id=63000100-005
2014,內湖區,湖元里,湖元里,polling-station-single-village,verified,tw.gov.cec~ref~polling-station.識別碼 → 村里代碼 → tw.openfun~entity~geo,target_village_id=63000100-030
2014,內湖區,湖興里,湖興里,polling-station-single-village,verified,tw.gov.cec~ref~polling-station.識別碼 → 村里代碼 → tw.openfun~entity~geo,target_village_id=63000100-029
2014,內湖區,湖濱里,湖濱里,polling-station-single-village,verified,tw.gov.cec~ref~polling-station.識別碼 → 村里代碼 → tw.openfun~entity~geo,target_village_id=63000100-010
2014,內湖區,紫星里,紫星里,polling-station-single-village,verified,tw.gov.cec~ref~polling-station.識別碼 → 村里代碼 → tw.openfun~entity~geo,target_village_id=63000100-011
2014,內湖區,紫陽里,紫陽里,polling-station-single-village,verified,tw.gov.cec~ref~polling-station.識別碼 → 村里代碼 → tw.openfun~entity~geo,target_village_id=63000100-019
2014,內湖區,紫雲里,紫雲里,polling-station-single-village,verified,tw.gov.cec~ref~polling-station.識別碼 → 村里代碼 → tw.openfun~entity~geo,target_village_id=63000100-016
2014,內湖區,週美里,週美里,polling-station-single-village,verified,tw.gov.cec~ref~polling-station.識別碼 → 村里代碼 → tw.openfun~entity~geo,target_village_id=63000100-026
2014,內湖區,瑞光里,瑞光里,polling-station-single-village,verified,tw.gov.cec~ref~polling-station.識別碼 → 村里代碼 → tw.openfun~entity~geo,target_village_id=63000100-021
2014,內湖區,瑞陽里,瑞陽里,polling-station-single-village,verified,tw.gov.cec~ref~polling-station.識別碼 → 村里代碼 → tw.openfun~entity~geo,target_village_id=63000100-020
2014,內湖區,葫洲里,葫洲里,polling-station-single-village,verified,tw.gov.cec~ref~polling-station.識別碼 → 村里代碼 → tw.openfun~entity~geo,target_village_id=63000100-018
2014,內湖區,碧山里,碧山里,polling-station-single-village,verified,tw.gov.cec~ref~polling-station.識別碼 → 村里代碼 → tw.openfun~entity~geo,target_village_id=63000100-015
2014,內湖區,樂康里,樂康里,polling-station-single-village,verified,tw.gov.cec~ref~polling-station.識別碼 → 村里代碼 → tw.openfun~entity~geo,target_village_id=63000100-024
2014,內湖區,麗山里,麗山里,polling-station-single-village,verified,tw.gov.cec~ref~polling-station.識別碼 → 村里代碼 → tw.openfun~entity~geo,target_village_id=63000100-038
2014,內湖區,寶湖里,寶湖里,polling-station-single-village,verified,tw.gov.cec~ref~polling-station.識別碼 → 村里代碼 → tw.openfun~entity~geo,target_village_id=63000100-039
2014,內湖區,蘆洲里,蘆洲里,polling-station-single-village,verified,tw.gov.cec~ref~polling-station.識別碼 → 村里代碼 → tw.openfun~entity~geo,target_village_id=63000100-037
2014,文山區,木柵里,木柵里,polling-station-single-village,verified,tw.gov.cec~ref~polling-station.識別碼 → 村里代碼 → tw.openfun~entity~geo,target_village_id=63000080-027
2014,文山區,木新里,木新里,polling-station-single-village,verified,tw.gov.cec~ref~polling-station.識別碼 → 村里代碼 → tw.openfun~entity~geo,target_village_id=63000080-028
2014,文山區,老泉里,老泉里,polling-station-single-village,verified,tw.gov.cec~ref~polling-station.識別碼 → 村里代碼 → tw.openfun~entity~geo,target_village_id=63000080-037
2014,文山區,忠順里,忠順里,polling-station-single-village,verified,tw.gov.cec~ref~polling-station.識別碼 → 村里代碼 → tw.openfun~entity~geo,target_village_id=63000080-038
2014,文山區,明義里,明義里,polling-station-single-village,verified,tw.gov.cec~ref~polling-station.識別碼 → 村里代碼 → tw.openfun~entity~geo,target_village_id=63000080-025
2014,文山區,明興里,明興里,polling-station-single-village,verified,tw.gov.cec~ref~polling-station.識別碼 → 村里代碼 → tw.openfun~entity~geo,target_village_id=63000080-026
2014,文山區,指南里,指南里,polling-station-single-village,verified,tw.gov.cec~ref~polling-station.識別碼 → 村里代碼 → tw.openfun~entity~geo,target_village_id=63000080-036
2014,文山區,政大里,政大里,polling-station-single-village,verified,tw.gov.cec~ref~polling-station.識別碼 → 村里代碼 → tw.openfun~entity~geo,target_village_id=63000080-040
2014,文山區,博嘉里,博嘉里,polling-station-single-village,verified,tw.gov.cec~ref~polling-station.識別碼 → 村里代碼 → tw.openfun~entity~geo,target_village_id=63000080-034
2014,文山區,景仁里,景仁里,polling-station-single-village,verified,tw.gov.cec~ref~polling-station.識別碼 → 村里代碼 → tw.openfun~entity~geo,target_village_id=63000080-005
2014,文山區,景行里,景行里,polling-station-single-village,verified,tw.gov.cec~ref~polling-station.識別碼 → 村里代碼 → tw.openfun~entity~geo,target_village_id=63000080-001
2014,文山區,景東里,景東里,polling-station-single-village,verified,tw.gov.cec~ref~polling-station.識別碼 → 村里代碼 → tw.openfun~entity~geo,target_village_id=63000080-002
2014,文山區,景美里,景美里,polling-station-single-village,verified,tw.gov.cec~ref~polling-station.識別碼 → 村里代碼 → tw.openfun~entity~geo,target_village_id=63000080-003
2014,文山區,景華里,景華里,polling-station-single-village,verified,tw.gov.cec~ref~polling-station.識別碼 → 村里代碼 → tw.openfun~entity~geo,target_village_id=63000080-006
2014,文山區,景慶里,景慶里,polling-station-single-village,verified,tw.gov.cec~ref~polling-station.識別碼 → 村里代碼 → tw.openfun~entity~geo,target_village_id=63000080-004
2014,文山區,華興里,華興里,polling-station-single-village,verified,tw.gov.cec~ref~polling-station.識別碼 → 村里代碼 → tw.openfun~entity~geo,target_village_id=63000080-024
2014,文山區,順興里,順興里,polling-station-single-village,verified,tw.gov.cec~ref~polling-station.識別碼 → 村里代碼 → tw.openfun~entity~geo,target_village_id=63000080-029
2014,文山區,萬年里,萬年里,polling-station-single-village,verified,tw.gov.cec~ref~polling-station.識別碼 → 村里代碼 → tw.openfun~entity~geo,target_village_id=63000080-010
2014,文山區,萬有里,萬有里,polling-station-single-village,verified,tw.gov.cec~ref~polling-station.識別碼 → 村里代碼 → tw.openfun~entity~geo,target_village_id=63000080-007
2014,文山區,萬和里,萬和里,polling-station-single-village,verified,tw.gov.cec~ref~polling-station.識別碼 → 村里代碼 → tw.openfun~entity~geo,target_village_id=63000080-011
2014,文山區,萬芳里,萬芳里,polling-station-single-village,verified,tw.gov.cec~ref~polling-station.識別碼 → 村里代碼 → tw.openfun~entity~geo,target_village_id=63000080-033
2014,文山區,萬美里,萬美里,polling-station-single-village,verified,tw.gov.cec~ref~polling-station.識別碼 → 村里代碼 → tw.openfun~entity~geo,target_village_id=63000080-039
2014,文山區,萬盛里,萬盛里,polling-station-single-village,verified,tw.gov.cec~ref~polling-station.識別碼 → 村里代碼 → tw.openfun~entity~geo,target_village_id=63000080-012
2014,文山區,萬祥里,萬祥里,polling-station-single-village,verified,tw.gov.cec~ref~polling-station.識別碼 → 村里代碼 → tw.openfun~entity~geo,target_village_id=63000080-008
2014,文山區,萬隆里,萬隆里,polling-station-single-village,verified,tw.gov.cec~ref~polling-station.識別碼 → 村里代碼 → tw.openfun~entity~geo,target_village_id=63000080-009
2014,文山區,萬興里,萬興里,polling-station-single-village,verified,tw.gov.cec~ref~polling-station.識別碼 → 村里代碼 → tw.openfun~entity~geo,target_village_id=63000080-035
2014,文山區,試院里,試院里,polling-station-single-village,verified,tw.gov.cec~ref~polling-station.識別碼 → 村里代碼 → tw.openfun~entity~geo,target_village_id=63000080-023
2014,文山區,樟文里,樟文里,polling-station-single-village,verified,tw.gov.cec~ref~polling-station.識別碼 → 村里代碼 → tw.openfun~entity~geo,target_village_id=63000080-041
2014,文山區,樟林里,樟林里,polling-station-single-village,verified,tw.gov.cec~ref~polling-station.識別碼 → 村里代碼 → tw.openfun~entity~geo,target_village_id=63000080-030
2014,文山區,樟新里,樟新里,polling-station-single-village,verified,tw.gov.cec~ref~polling-station.識別碼 → 村里代碼 → tw.openfun~entity~geo,target_village_id=63000080-031
2014,文山區,樟腳里,樟腳里,polling-station-single-village,verified,tw.gov.cec~ref~polling-station.識別碼 → 村里代碼 → tw.openfun~entity~geo,target_village_id=63000080-032
2014,文山區,樟樹里,樟樹里,polling-station-single-village,verified,tw.gov.cec~ref~polling-station.識別碼 → 村里代碼 → tw.openfun~entity~geo,target_village_id=63000080-043
2014,文山區,興光里,興光里,polling-station-single-village,verified,tw.gov.cec~ref~polling-station.識別碼 → 村里代碼 → tw.openfun~entity~geo,target_village_id=63000080-014
2014,文山區,興安里,興安里,polling-station-single-village,verified,tw.gov.cec~ref~polling-station.識別碼 → 村里代碼 → tw.openfun~entity~geo,target_village_id=63000080-018
2014,文山區,興邦里,興邦里,polling-station-single-village,verified,tw.gov.cec~ref~polling-station.識別碼 → 村里代碼 → tw.openfun~entity~geo,target_village_id=63000080-042
2014,文山區,興旺里,興旺里,polling-station-single-village,verified,tw.gov.cec~ref~polling-station.識別碼 → 村里代碼 → tw.openfun~entity~geo,target_village_id=63000080-020
2014,文山區,興昌里,興昌里,polling-station-single-village,verified,tw.gov.cec~ref~polling-station.識別碼 → 村里代碼 → tw.openfun~entity~geo,target_village_id=63000080-022
2014,文山區,興家里,興家里,polling-station-single-village,verified,tw.gov.cec~ref~polling-station.識別碼 → 村里代碼 → tw.openfun~entity~geo,target_village_id=63000080-015
2014,文山區,興泰里,興泰里,polling-station-single-village,verified,tw.gov.cec~ref~polling-station.識別碼 → 村里代碼 → tw.openfun~entity~geo,target_village_id=63000080-021
2014,文山區,興得里,興得里,polling-station-single-village,verified,tw.gov.cec~ref~polling-station.識別碼 → 村里代碼 → tw.openfun~entity~geo,target_village_id=63000080-016
2014,文山區,興業里,興業里,polling-station-single-village,verified,tw.gov.cec~ref~polling-station.識別碼 → 村里代碼 → tw.openfun~entity~geo,target_village_id=63000080-017
2014,文山區,興福里,興福里,polling-station-single-village,verified,tw.gov.cec~ref~polling-station.識別碼 → 村里代碼 → tw.openfun~entity~geo,target_village_id=63000080-019
2014,文山區,興豐里,興豐里,polling-station-single-village,verified,tw.gov.cec~ref~polling-station.識別碼 → 村里代碼 → tw.openfun~entity~geo,target_village_id=63000080-013
2014,北投區,一德里,一德里,polling-station-single-village,verified,tw.gov.cec~ref~polling-station.識別碼 → 村里代碼 → tw.openfun~entity~geo,target_village_id=63000120-037
2014,北投區,八仙里,八仙里,polling-station-single-village,verified,tw.gov.cec~ref~polling-station.識別碼 → 村里代碼 → tw.openfun~entity~geo,target_village_id=63000120-018
2014,北投區,大屯里,大屯里,polling-station-single-village,verified,tw.gov.cec~ref~polling-station.識別碼 → 村里代碼 → tw.openfun~entity~geo,target_village_id=63000120-041
2014,北投區,大同里,大同里,polling-station-single-village,verified,tw.gov.cec~ref~polling-station.識別碼 → 村里代碼 → tw.openfun~entity~geo,target_village_id=63000120-024
2014,北投區,中心里,中心里,polling-station-single-village,verified,tw.gov.cec~ref~polling-station.識別碼 → 村里代碼 → tw.openfun~entity~geo,target_village_id=63000120-027
2014,北投區,中央里,中央里,polling-station-single-village,verified,tw.gov.cec~ref~polling-station.識別碼 → 村里代碼 → tw.openfun~entity~geo,target_village_id=63000120-022
2014,北投區,中和里,中和里,polling-station-single-village,verified,tw.gov.cec~ref~polling-station.識別碼 → 村里代碼 → tw.openfun~entity~geo,target_village_id=63000120-030
2014,北投區,中庸里,中庸里,polling-station-single-village,verified,tw.gov.cec~ref~polling-station.識別碼 → 村里代碼 → tw.openfun~entity~geo,target_village_id=63000120-028
2014,北投區,文化里,文化里,polling-station-single-village,verified,tw.gov.cec~ref~polling-station.識別碼 → 村里代碼 → tw.openfun~entity~geo,target_village_id=63000120-033
2014,北投區,文林里,文林里,polling-station-single-village,verified,tw.gov.cec~ref~polling-station.識別碼 → 村里代碼 → tw.openfun~entity~geo,target_village_id=63000120-002
2014,北投區,永和里,永和里,polling-station-single-village,verified,tw.gov.cec~ref~polling-station.識別碼 → 村里代碼 → tw.openfun~entity~geo,target_village_id=63000120-009
2014,北投區,永明里,永明里,polling-station-single-village,verified,tw.gov.cec~ref~polling-station.識別碼 → 村里代碼 → tw.openfun~entity~geo,target_village_id=63000120-011
2014,北投區,永欣里,永欣里,polling-station-single-village,verified,tw.gov.cec~ref~polling-station.識別碼 → 村里代碼 → tw.openfun~entity~geo,target_village_id=63000120-010
2014,北投區,石牌里,石牌里,polling-station-single-village,verified,tw.gov.cec~ref~polling-station.識別碼 → 村里代碼 → tw.openfun~entity~geo,target_village_id=63000120-003
2014,北投區,立農里,立農里,polling-station-single-village,verified,tw.gov.cec~ref~polling-station.識別碼 → 村里代碼 → tw.openfun~entity~geo,target_village_id=63000120-017
2014,北投區,立賢里,立賢里,polling-station-single-village,verified,tw.gov.cec~ref~polling-station.識別碼 → 村里代碼 → tw.openfun~entity~geo,target_village_id=63000120-016
2014,北投區,吉利里,吉利里,polling-station-single-village,verified,tw.gov.cec~ref~polling-station.識別碼 → 村里代碼 → tw.openfun~entity~geo,target_village_id=63000120-013
2014,北投區,吉慶里,吉慶里,polling-station-single-village,verified,tw.gov.cec~ref~polling-station.識別碼 → 村里代碼 → tw.openfun~entity~geo,target_village_id=63000120-014
2014,北投區,秀山里,秀山里,polling-station-single-village,verified,tw.gov.cec~ref~polling-station.識別碼 → 村里代碼 → tw.openfun~entity~geo,target_village_id=63000120-032
2014,北投區,奇岩里,奇岩里,polling-station-single-village,verified,tw.gov.cec~ref~polling-station.識別碼 → 村里代碼 → tw.openfun~entity~geo,target_village_id=63000120-020
2014,北投區,東華里,東華里,polling-station-single-village,verified,tw.gov.cec~ref~polling-station.識別碼 → 村里代碼 → tw.openfun~entity~geo,target_village_id=63000120-012
2014,北投區,林泉里,林泉里,polling-station-single-village,verified,tw.gov.cec~ref~polling-station.識別碼 → 村里代碼 → tw.openfun~entity~geo,target_village_id=63000120-026
2014,北投區,長安里,長安里,polling-station-single-village,verified,tw.gov.cec~ref~polling-station.識別碼 → 村里代碼 → tw.openfun~entity~geo,target_village_id=63000120-023
2014,北投區,建民里,建民里,polling-station-single-village,verified,tw.gov.cec~ref~polling-station.識別碼 → 村里代碼 → tw.openfun~entity~geo,target_village_id=63000120-001
2014,北投區,泉源里,泉源里,polling-station-single-village,verified,tw.gov.cec~ref~polling-station.識別碼 → 村里代碼 → tw.openfun~entity~geo,target_village_id=63000120-039
2014,北投區,洲美里,洲美里,polling-station-single-village,verified,tw.gov.cec~ref~polling-station.識別碼 → 村里代碼 → tw.openfun~entity~geo,target_village_id=63000120-019
2014,北投區,振華里,振華里,polling-station-single-village,verified,tw.gov.cec~ref~polling-station.識別碼 → 村里代碼 → tw.openfun~entity~geo,target_village_id=63000120-008
2014,北投區,桃源里,桃源里,polling-station-single-village,verified,tw.gov.cec~ref~polling-station.識別碼 → 村里代碼 → tw.openfun~entity~geo,target_village_id=63000120-036
2014,北投區,清江里,清江里,polling-station-single-village,verified,tw.gov.cec~ref~polling-station.識別碼 → 村里代碼 → tw.openfun~entity~geo,target_village_id=63000120-021
2014,北投區,尊賢里,尊賢里,polling-station-single-village,verified,tw.gov.cec~ref~polling-station.識別碼 → 村里代碼 → tw.openfun~entity~geo,target_village_id=63000120-015
2014,北投區,智仁里,智仁里,polling-station-single-village,verified,tw.gov.cec~ref~polling-station.識別碼 → 村里代碼 → tw.openfun~entity~geo,target_village_id=63000120-031
2014,北投區,湖山里,湖山里,polling-station-single-village,verified,tw.gov.cec~ref~polling-station.識別碼 → 村里代碼 → tw.openfun~entity~geo,target_village_id=63000120-040
2014,北投區,湖田里,湖田里,polling-station-single-village,verified,tw.gov.cec~ref~polling-station.識別碼 → 村里代碼 → tw.openfun~entity~geo,target_village_id=63000120-042
2014,北投區,開明里,開明里,polling-station-single-village,verified,tw.gov.cec~ref~polling-station.識別碼 → 村里代碼 → tw.openfun~entity~geo,target_village_id=63000120-029
2014,北投區,溫泉里,溫泉里,polling-station-single-village,verified,tw.gov.cec~ref~polling-station.識別碼 → 村里代碼 → tw.openfun~entity~geo,target_village_id=63000120-025
2014,北投區,裕民里,裕民里,polling-station-single-village,verified,tw.gov.cec~ref~polling-station.識別碼 → 村里代碼 → tw.openfun~entity~geo,target_village_id=63000120-007
2014,北投區,榮光里,榮光里,polling-station-single-village,verified,tw.gov.cec~ref~polling-station.識別碼 → 村里代碼 → tw.openfun~entity~geo,target_village_id=63000120-005
2014,北投區,榮華里,榮華里,polling-station-single-village,verified,tw.gov.cec~ref~polling-station.識別碼 → 村里代碼 → tw.openfun~entity~geo,target_village_id=63000120-006
2014,北投區,福興里,福興里,polling-station-single-village,verified,tw.gov.cec~ref~polling-station.識別碼 → 村里代碼 → tw.openfun~entity~geo,target_village_id=63000120-004
2014,北投區,稻香里,稻香里,polling-station-single-village,verified,tw.gov.cec~ref~polling-station.識別碼 → 村里代碼 → tw.openfun~entity~geo,target_village_id=63000120-035
2014,北投區,豐年里,豐年里,polling-station-single-village,verified,tw.gov.cec~ref~polling-station.識別碼 → 村里代碼 → tw.openfun~entity~geo,target_village_id=63000120-034
2014,北投區,關渡里,關渡里,polling-station-single-village,verified,tw.gov.cec~ref~polling-station.識別碼 → 村里代碼 → tw.openfun~entity~geo,target_village_id=63000120-038
2014,松山區,三民里,三民里,polling-station-single-village,verified,tw.gov.cec~ref~polling-station.識別碼 → 村里代碼 → tw.openfun~entity~geo,target_village_id=63000010-004
2014,松山區,中正里,中正里,polling-station-single-village,verified,tw.gov.cec~ref~polling-station.識別碼 → 村里代碼 → tw.openfun~entity~geo,target_village_id=63000010-026
2014,松山區,中崙里,中崙里,polling-station-single-village,verified,tw.gov.cec~ref~polling-station.識別碼 → 村里代碼 → tw.openfun~entity~geo,target_village_id=63000010-027
2014,松山區,中華里,中華里,polling-station-single-village,verified,tw.gov.cec~ref~polling-station.識別碼 → 村里代碼 → tw.openfun~entity~geo,target_village_id=63000010-015
2014,松山區,介壽里,介壽里,polling-station-single-village,verified,tw.gov.cec~ref~polling-station.識別碼 → 村里代碼 → tw.openfun~entity~geo,target_village_id=63000010-009
2014,松山區,民有里,民有里,polling-station-single-village,verified,tw.gov.cec~ref~polling-station.識別碼 → 村里代碼 → tw.openfun~entity~geo,target_village_id=63000010-016
2014,松山區,民福里,民福里,polling-station-single-village,verified,tw.gov.cec~ref~polling-station.識別碼 → 村里代碼 → tw.openfun~entity~geo,target_village_id=63000010-017
2014,松山區,吉仁里,吉仁里,polling-station-single-village,verified,tw.gov.cec~ref~polling-station.識別碼 → 村里代碼 → tw.openfun~entity~geo,target_village_id=63000010-029
2014,松山區,吉祥里,吉祥里,polling-station-single-village,verified,tw.gov.cec~ref~polling-station.識別碼 → 村里代碼 → tw.openfun~entity~geo,target_village_id=63000010-022
2014,松山區,安平里,安平里,polling-station-single-village,verified,tw.gov.cec~ref~polling-station.識別碼 → 村里代碼 → tw.openfun~entity~geo,target_village_id=63000010-019
2014,松山區,自強里,自強里,polling-station-single-village,verified,tw.gov.cec~ref~polling-station.識別碼 → 村里代碼 → tw.openfun~entity~geo,target_village_id=63000010-021
2014,松山區,東光里,東光里,polling-station-single-village,verified,tw.gov.cec~ref~polling-station.識別碼 → 村里代碼 → tw.openfun~entity~geo,target_village_id=63000010-011
2014,松山區,東昌里,東昌里,polling-station-single-village,verified,tw.gov.cec~ref~polling-station.識別碼 → 村里代碼 → tw.openfun~entity~geo,target_village_id=63000010-013
2014,松山區,東勢里,東勢里,polling-station-single-village,verified,tw.gov.cec~ref~polling-station.識別碼 → 村里代碼 → tw.openfun~entity~geo,target_village_id=63000010-014
2014,松山區,東榮里,東榮里,polling-station-single-village,verified,tw.gov.cec~ref~polling-station.識別碼 → 村里代碼 → tw.openfun~entity~geo,target_village_id=63000010-003
2014,松山區,松基里,松基里,polling-station-single-village,verified,tw.gov.cec~ref~polling-station.識別碼 → 村里代碼 → tw.openfun~entity~geo,target_village_id=63000010-035
2014,松山區,美仁里,美仁里,polling-station-single-village,verified,tw.gov.cec~ref~polling-station.識別碼 → 村里代碼 → tw.openfun~entity~geo,target_village_id=63000010-028
2014,松山區,莊敬里,莊敬里,polling-station-single-village,verified,tw.gov.cec~ref~polling-station.識別碼 → 村里代碼 → tw.openfun~entity~geo,target_village_id=63000010-002
2014,松山區,富泰里,富泰里,polling-station-single-village,verified,tw.gov.cec~ref~polling-station.識別碼 → 村里代碼 → tw.openfun~entity~geo,target_village_id=63000010-008
2014,松山區,富錦里,富錦里,polling-station-single-village,verified,tw.gov.cec~ref~polling-station.識別碼 → 村里代碼 → tw.openfun~entity~geo,target_village_id=63000010-006
2014,松山區,復建里,復建里,polling-station-single-village,verified,tw.gov.cec~ref~polling-station.識別碼 → 村里代碼 → tw.openfun~entity~geo,target_village_id=63000010-032
2014,松山區,復盛里,復盛里,polling-station-single-village,verified,tw.gov.cec~ref~polling-station.識別碼 → 村里代碼 → tw.openfun~entity~geo,target_village_id=63000010-025
2014,松山區,復勢里,復勢里,polling-station-single-village,verified,tw.gov.cec~ref~polling-station.識別碼 → 村里代碼 → tw.openfun~entity~geo,target_village_id=63000010-033
2014,松山區,復源里,復源里,polling-station-single-village,verified,tw.gov.cec~ref~polling-station.識別碼 → 村里代碼 → tw.openfun~entity~geo,target_village_id=63000010-031
2014,松山區,敦化里,敦化里,polling-station-single-village,verified,tw.gov.cec~ref~polling-station.識別碼 → 村里代碼 → tw.openfun~entity~geo,target_village_id=63000010-030
2014,松山區,新東里,新東里,polling-station-single-village,verified,tw.gov.cec~ref~polling-station.識別碼 → 村里代碼 → tw.openfun~entity~geo,target_village_id=63000010-007
2014,松山區,新益里,新益里,polling-station-single-village,verified,tw.gov.cec~ref~polling-station.識別碼 → 村里代碼 → tw.openfun~entity~geo,target_village_id=63000010-005
2014,松山區,新聚里,新聚里,polling-station-single-village,verified,tw.gov.cec~ref~polling-station.識別碼 → 村里代碼 → tw.openfun~entity~geo,target_village_id=63000010-024
2014,松山區,慈祐里,慈祐里,polling-station-single-village,verified,tw.gov.cec~ref~polling-station.識別碼 → 村里代碼 → tw.openfun~entity~geo,target_village_id=63000010-018
2014,松山區,福成里,福成里,polling-station-single-village,verified,tw.gov.cec~ref~polling-station.識別碼 → 村里代碼 → tw.openfun~entity~geo,target_village_id=63000010-034
2014,松山區,精忠里,精忠里,polling-station-single-village,verified,tw.gov.cec~ref~polling-station.識別碼 → 村里代碼 → tw.openfun~entity~geo,target_village_id=63000010-010
2014,松山區,龍田里,龍田里,polling-station-single-village,verified,tw.gov.cec~ref~polling-station.識別碼 → 村里代碼 → tw.openfun~entity~geo,target_village_id=63000010-012
2014,松山區,鵬程里,鵬程里,polling-station-single-village,verified,tw.gov.cec~ref~polling-station.識別碼 → 村里代碼 → tw.openfun~entity~geo,target_village_id=63000010-020
2014,信義區,三張里,三張里,polling-station-single-village,verified,tw.gov.cec~ref~polling-station.識別碼 → 村里代碼 → tw.openfun~entity~geo,target_village_id=63000020-030
2014,信義區,三犁里,三犁里,polling-station-single-village,verified,tw.gov.cec~ref~polling-station.識別碼 → 村里代碼 → tw.openfun~entity~geo,target_village_id=63000020-031
2014,信義區,大仁里,大仁里,polling-station-single-village,verified,tw.gov.cec~ref~polling-station.識別碼 → 村里代碼 → tw.openfun~entity~geo,target_village_id=63000020-027
2014,信義區,大道里,大道里,polling-station-single-village,verified,tw.gov.cec~ref~polling-station.識別碼 → 村里代碼 → tw.openfun~entity~geo,target_village_id=63000020-026
2014,信義區,中行里,中行里,polling-station-single-village,verified,tw.gov.cec~ref~polling-station.識別碼 → 村里代碼 → tw.openfun~entity~geo,target_village_id=63000020-025
2014,信義區,中坡里,中坡里,polling-station-single-village,verified,tw.gov.cec~ref~polling-station.識別碼 → 村里代碼 → tw.openfun~entity~geo,target_village_id=63000020-024
2014,信義區,中興里,中興里,polling-station-single-village,verified,tw.gov.cec~ref~polling-station.識別碼 → 村里代碼 → tw.openfun~entity~geo,target_village_id=63000020-004
2014,信義區,五全里,五全里,polling-station-single-village,verified,tw.gov.cec~ref~polling-station.識別碼 → 村里代碼 → tw.openfun~entity~geo,target_village_id=63000020-013
2014,信義區,五常里,五常里,polling-station-single-village,verified,tw.gov.cec~ref~polling-station.識別碼 → 村里代碼 → tw.openfun~entity~geo,target_village_id=63000020-012
2014,信義區,六合里,六合里,polling-station-single-village,verified,tw.gov.cec~ref~polling-station.識別碼 → 村里代碼 → tw.openfun~entity~geo,target_village_id=63000020-032
2014,信義區,六藝里,六藝里,polling-station-single-village,verified,tw.gov.cec~ref~polling-station.識別碼 → 村里代碼 → tw.openfun~entity~geo,target_village_id=63000020-010
2014,信義區,四育里,四育里,polling-station-single-village,verified,tw.gov.cec~ref~polling-station.識別碼 → 村里代碼 → tw.openfun~entity~geo,target_village_id=63000020-016
2014,信義區,四維里,四維里,polling-station-single-village,verified,tw.gov.cec~ref~polling-station.識別碼 → 村里代碼 → tw.openfun~entity~geo,target_village_id=63000020-017
2014,信義區,正和里,正和里,polling-station-single-village,verified,tw.gov.cec~ref~polling-station.識別碼 → 村里代碼 → tw.openfun~entity~geo,target_village_id=63000020-002
2014,信義區,永吉里,永吉里,polling-station-single-village,verified,tw.gov.cec~ref~polling-station.識別碼 → 村里代碼 → tw.openfun~entity~geo,target_village_id=63000020-014
2014,信義區,永春里,永春里,polling-station-single-village,verified,tw.gov.cec~ref~polling-station.識別碼 → 村里代碼 → tw.openfun~entity~geo,target_village_id=63000020-018
2014,信義區,安康里,安康里,polling-station-single-village,verified,tw.gov.cec~ref~polling-station.識別碼 → 村里代碼 → tw.openfun~entity~geo,target_village_id=63000020-009
2014,信義區,西村里,西村里,polling-station-single-village,verified,tw.gov.cec~ref~polling-station.識別碼 → 村里代碼 → tw.openfun~entity~geo,target_village_id=63000020-001
2014,信義區,松友里,松友里,polling-station-single-village,verified,tw.gov.cec~ref~polling-station.識別碼 → 村里代碼 → tw.openfun~entity~geo,target_village_id=63000020-022
2014,信義區,松光里,松光里,polling-station-single-village,verified,tw.gov.cec~ref~polling-station.識別碼 → 村里代碼 → tw.openfun~entity~geo,target_village_id=63000020-023
2014,信義區,松隆里,松隆里,polling-station-single-village,verified,tw.gov.cec~ref~polling-station.識別碼 → 村里代碼 → tw.openfun~entity~geo,target_village_id=63000020-021
2014,信義區,長春里,長春里,polling-station-single-village,verified,tw.gov.cec~ref~polling-station.識別碼 → 村里代碼 → tw.openfun~entity~geo,target_village_id=63000020-015
2014,信義區,泰和里,泰和里,polling-station-single-village,verified,tw.gov.cec~ref~polling-station.識別碼 → 村里代碼 → tw.openfun~entity~geo,target_village_id=63000020-033
2014,信義區,國業里,國業里,polling-station-single-village,verified,tw.gov.cec~ref~polling-station.識別碼 → 村里代碼 → tw.openfun~entity~geo,target_village_id=63000020-020
2014,信義區,富台里,富台里,polling-station-single-village,verified,tw.gov.cec~ref~polling-station.識別碼 → 村里代碼 → tw.openfun~entity~geo,target_village_id=63000020-019
2014,信義區,惠安里,惠安里,polling-station-single-village,verified,tw.gov.cec~ref~polling-station.識別碼 → 村里代碼 → tw.openfun~entity~geo,target_village_id=63000020-029
2014,信義區,敦厚里,敦厚里,polling-station-single-village,verified,tw.gov.cec~ref~polling-station.識別碼 → 村里代碼 → tw.openfun~entity~geo,target_village_id=63000020-007
2014,信義區,景勤里,景勤里,polling-station-single-village,verified,tw.gov.cec~ref~polling-station.識別碼 → 村里代碼 → tw.openfun~entity~geo,target_village_id=63000020-035
2014,信義區,景新里,景新里,polling-station-single-village,verified,tw.gov.cec~ref~polling-station.識別碼 → 村里代碼 → tw.openfun~entity~geo,target_village_id=63000020-028
2014,信義區,景聯里,景聯里,polling-station-single-village,verified,tw.gov.cec~ref~polling-station.識別碼 → 村里代碼 → tw.openfun~entity~geo,target_village_id=63000020-034
2014,信義區,雅祥里,雅祥里,polling-station-single-village,verified,tw.gov.cec~ref~polling-station.識別碼 → 村里代碼 → tw.openfun~entity~geo,target_village_id=63000020-011
2014,信義區,新仁里,新仁里,polling-station-single-village,verified,tw.gov.cec~ref~polling-station.識別碼 → 村里代碼 → tw.openfun~entity~geo,target_village_id=63000020-005
2014,信義區,嘉興里,嘉興里,polling-station-single-village,verified,tw.gov.cec~ref~polling-station.識別碼 → 村里代碼 → tw.openfun~entity~geo,target_village_id=63000020-037
2014,信義區,廣居里,廣居里,polling-station-single-village,verified,tw.gov.cec~ref~polling-station.識別碼 → 村里代碼 → tw.openfun~entity~geo,target_village_id=63000020-008
2014,信義區,黎平里,黎平里,polling-station-single-village,verified,tw.gov.cec~ref~polling-station.識別碼 → 村里代碼 → tw.openfun~entity~geo,target_village_id=63000020-039
2014,信義區,黎安里,黎安里,polling-station-single-village,verified,tw.gov.cec~ref~polling-station.識別碼 → 村里代碼 → tw.openfun~entity~geo,target_village_id=63000020-041
2014,信義區,黎忠里,黎忠里,polling-station-single-village,verified,tw.gov.cec~ref~polling-station.識別碼 → 村里代碼 → tw.openfun~entity~geo,target_village_id=63000020-040
2014,信義區,黎順里,黎順里,polling-station-single-village,verified,tw.gov.cec~ref~polling-station.識別碼 → 村里代碼 → tw.openfun~entity~geo,target_village_id=63000020-038
2014,信義區,興隆里,興隆里,polling-station-single-village,verified,tw.gov.cec~ref~polling-station.識別碼 → 村里代碼 → tw.openfun~entity~geo,target_village_id=63000020-003
2014,信義區,興雅里,興雅里,polling-station-single-village,verified,tw.gov.cec~ref~polling-station.識別碼 → 村里代碼 → tw.openfun~entity~geo,target_village_id=63000020-006
2014,信義區,雙和里,雙和里,polling-station-single-village,verified,tw.gov.cec~ref~polling-station.識別碼 → 村里代碼 → tw.openfun~entity~geo,target_village_id=63000020-036
2014,南港區,九如里,九如里,polling-station-single-village,verified,tw.gov.cec~ref~polling-station.識別碼 → 村里代碼 → tw.openfun~entity~geo,target_village_id=63000090-018
2014,南港區,三重里,三重里,polling-station-single-village,verified,tw.gov.cec~ref~polling-station.識別碼 → 村里代碼 → tw.openfun~entity~geo,target_village_id=63000090-004
2014,南港區,中南里,中南里,polling-station-single-village,verified,tw.gov.cec~ref~polling-station.識別碼 → 村里代碼 → tw.openfun~entity~geo,target_village_id=63000090-002
2014,南港區,中研里,中研里,polling-station-single-village,verified,tw.gov.cec~ref~polling-station.識別碼 → 村里代碼 → tw.openfun~entity~geo,target_village_id=63000090-017
2014,南港區,仁福里,仁福里,polling-station-single-village,verified,tw.gov.cec~ref~polling-station.識別碼 → 村里代碼 → tw.openfun~entity~geo,target_village_id=63000090-019
2014,南港區,玉成里,玉成里,polling-station-single-village,verified,tw.gov.cec~ref~polling-station.識別碼 → 村里代碼 → tw.openfun~entity~geo,target_village_id=63000090-009
2014,南港區,合成里,合成里,polling-station-single-village,verified,tw.gov.cec~ref~polling-station.識別碼 → 村里代碼 → tw.openfun~entity~geo,target_village_id=63000090-010
2014,南港區,成福里,成福里,polling-station-single-village,verified,tw.gov.cec~ref~polling-station.識別碼 → 村里代碼 → tw.openfun~entity~geo,target_village_id=63000090-011
2014,南港區,百福里,百福里,polling-station-single-village,verified,tw.gov.cec~ref~polling-station.識別碼 → 村里代碼 → tw.openfun~entity~geo,target_village_id=63000090-014
2014,南港區,西新里,西新里,polling-station-single-village,verified,tw.gov.cec~ref~polling-station.識別碼 → 村里代碼 → tw.openfun~entity~geo,target_village_id=63000090-008
2014,南港區,東明里,東明里,polling-station-single-village,verified,tw.gov.cec~ref~polling-station.識別碼 → 村里代碼 → tw.openfun~entity~geo,target_village_id=63000090-007
2014,南港區,東新里,東新里,polling-station-single-village,verified,tw.gov.cec~ref~polling-station.識別碼 → 村里代碼 → tw.openfun~entity~geo,target_village_id=63000090-005
2014,南港區,南港里,南港里,polling-station-single-village,verified,tw.gov.cec~ref~polling-station.識別碼 → 村里代碼 → tw.openfun~entity~geo,target_village_id=63000090-001
2014,南港區,重陽里,重陽里,polling-station-single-village,verified,tw.gov.cec~ref~polling-station.識別碼 → 村里代碼 → tw.openfun~entity~geo,target_village_id=63000090-020
2014,南港區,新光里,新光里,polling-station-single-village,verified,tw.gov.cec~ref~polling-station.識別碼 → 村里代碼 → tw.openfun~entity~geo,target_village_id=63000090-006
2014,南港區,新富里,新富里,polling-station-single-village,verified,tw.gov.cec~ref~polling-station.識別碼 → 村里代碼 → tw.openfun~entity~geo,target_village_id=63000090-003
2014,南港區,萬福里,萬福里,polling-station-single-village,verified,tw.gov.cec~ref~polling-station.識別碼 → 村里代碼 → tw.openfun~entity~geo,target_village_id=63000090-012
2014,南港區,聯成里,聯成里,polling-station-single-village,verified,tw.gov.cec~ref~polling-station.識別碼 → 村里代碼 → tw.openfun~entity~geo,target_village_id=63000090-015
2014,南港區,鴻福里,鴻福里,polling-station-single-village,verified,tw.gov.cec~ref~polling-station.識別碼 → 村里代碼 → tw.openfun~entity~geo,target_village_id=63000090-013
2014,南港區,舊莊里,舊莊里,polling-station-single-village,verified,tw.gov.cec~ref~polling-station.識別碼 → 村里代碼 → tw.openfun~entity~geo,target_village_id=63000090-016
2014,萬華區,仁德里,仁德里,polling-station-single-village,verified,tw.gov.cec~ref~polling-station.識別碼 → 村里代碼 → tw.openfun~entity~geo,target_village_id=63000070-009
2014,萬華區,日祥里,日祥里,polling-station-single-village,verified,tw.gov.cec~ref~polling-station.識別碼 → 村里代碼 → tw.openfun~entity~geo,target_village_id=63000070-033
2014,萬華區,日善里,日善里,polling-station-single-village,verified,tw.gov.cec~ref~polling-station.識別碼 → 村里代碼 → tw.openfun~entity~geo,target_village_id=63000070-020
2014,萬華區,全德里,全德里,polling-station-single-village,verified,tw.gov.cec~ref~polling-station.識別碼 → 村里代碼 → tw.openfun~entity~geo,target_village_id=63000070-026
2014,萬華區,西門里,西門里,polling-station-single-village,verified,tw.gov.cec~ref~polling-station.識別碼 → 村里代碼 → tw.openfun~entity~geo,target_village_id=63000070-003
2014,萬華區,孝德里,孝德里,polling-station-single-village,verified,tw.gov.cec~ref~polling-station.識別碼 → 村里代碼 → tw.openfun~entity~geo,target_village_id=63000070-023
2014,萬華區,和平里,和平里,polling-station-single-village,verified,tw.gov.cec~ref~polling-station.識別碼 → 村里代碼 → tw.openfun~entity~geo,target_village_id=63000070-016
2014,萬華區,和德里,和德里,polling-station-single-village,verified,tw.gov.cec~ref~polling-station.識別碼 → 村里代碼 → tw.openfun~entity~geo,target_village_id=63000070-024
2014,萬華區,忠貞里,忠貞里,polling-station-single-village,verified,tw.gov.cec~ref~polling-station.識別碼 → 村里代碼 → tw.openfun~entity~geo,target_village_id=63000070-034
2014,萬華區,忠德里,忠德里,polling-station-single-village,verified,tw.gov.cec~ref~polling-station.識別碼 → 村里代碼 → tw.openfun~entity~geo,target_village_id=63000070-022
2014,萬華區,青山里,青山里,polling-station-single-village,verified,tw.gov.cec~ref~polling-station.識別碼 → 村里代碼 → tw.openfun~entity~geo,target_village_id=63000070-006
2014,萬華區,保德里,保德里,polling-station-single-village,verified,tw.gov.cec~ref~polling-station.識別碼 → 村里代碼 → tw.openfun~entity~geo,target_village_id=63000070-027
2014,萬華區,柳鄉里,柳鄉里,polling-station-single-village,verified,tw.gov.cec~ref~polling-station.識別碼 → 村里代碼 → tw.openfun~entity~geo,target_village_id=63000070-019
2014,萬華區,凌霄里,凌霄里,polling-station-single-village,verified,tw.gov.cec~ref~polling-station.識別碼 → 村里代碼 → tw.openfun~entity~geo,target_village_id=63000070-035
2014,萬華區,頂碩里,頂碩里,polling-station-single-village,verified,tw.gov.cec~ref~polling-station.識別碼 → 村里代碼 → tw.openfun~entity~geo,target_village_id=63000070-011
2014,萬華區,富民里,富民里,polling-station-single-village,verified,tw.gov.cec~ref~polling-station.識別碼 → 村里代碼 → tw.openfun~entity~geo,target_village_id=63000070-007
2014,萬華區,富福里,富福里,polling-station-single-village,verified,tw.gov.cec~ref~polling-station.識別碼 → 村里代碼 → tw.openfun~entity~geo,target_village_id=63000070-010
2014,萬華區,菜園里,菜園里,polling-station-single-village,verified,tw.gov.cec~ref~polling-station.識別碼 → 村里代碼 → tw.openfun~entity~geo,target_village_id=63000070-005
2014,萬華區,華中里,華中里,polling-station-single-village,verified,tw.gov.cec~ref~polling-station.識別碼 → 村里代碼 → tw.openfun~entity~geo,target_village_id=63000070-032
2014,萬華區,華江里,華江里,polling-station-single-village,verified,tw.gov.cec~ref~polling-station.識別碼 → 村里代碼 → tw.openfun~entity~geo,target_village_id=63000070-018
2014,萬華區,新安里,新安里,polling-station-single-village,verified,tw.gov.cec~ref~polling-station.識別碼 → 村里代碼 → tw.openfun~entity~geo,target_village_id=63000070-021
2014,萬華區,新和里,新和里,polling-station-single-village,verified,tw.gov.cec~ref~polling-station.識別碼 → 村里代碼 → tw.openfun~entity~geo,target_village_id=63000070-014
2014,萬華區,新忠里,新忠里,polling-station-single-village,verified,tw.gov.cec~ref~polling-station.識別碼 → 村里代碼 → tw.openfun~entity~geo,target_village_id=63000070-013
2014,萬華區,新起里,新起里,polling-station-single-village,verified,tw.gov.cec~ref~polling-station.識別碼 → 村里代碼 → tw.openfun~entity~geo,target_village_id=63000070-004
2014,萬華區,萬壽里,萬壽里,polling-station-single-village,verified,tw.gov.cec~ref~polling-station.識別碼 → 村里代碼 → tw.openfun~entity~geo,target_village_id=63000070-002
2014,萬華區,壽德里,壽德里,polling-station-single-village,verified,tw.gov.cec~ref~polling-station.識別碼 → 村里代碼 → tw.openfun~entity~geo,target_village_id=63000070-030
2014,萬華區,榮德里,榮德里,polling-station-single-village,verified,tw.gov.cec~ref~polling-station.識別碼 → 村里代碼 → tw.openfun~entity~geo,target_village_id=63000070-029
2014,萬華區,福星里,福星里,polling-station-single-village,verified,tw.gov.cec~ref~polling-station.識別碼 → 村里代碼 → tw.openfun~entity~geo,target_village_id=63000070-001
2014,萬華區,福音里,福音里,polling-station-single-village,verified,tw.gov.cec~ref~polling-station.識別碼 → 村里代碼 → tw.openfun~entity~geo,target_village_id=63000070-008
2014,萬華區,綠堤里,綠堤里,polling-station-single-village,verified,tw.gov.cec~ref~polling-station.識別碼 → 村里代碼 → tw.openfun~entity~geo,target_village_id=63000070-017
2014,萬華區,銘德里,銘德里,polling-station-single-village,verified,tw.gov.cec~ref~polling-station.識別碼 → 村里代碼 → tw.openfun~entity~geo,target_village_id=63000070-028
2014,萬華區,糖里,糖廍里,polling-station-single-village,verified,tw.gov.cec~ref~polling-station.識別碼 → 村里代碼 → tw.openfun~entity~geo,target_village_id=63000070-015
2014,萬華區,興德里,興德里,polling-station-single-village,verified,tw.gov.cec~ref~polling-station.識別碼 → 村里代碼 → tw.openfun~entity~geo,target_village_id=63000070-031
2014,萬華區,錦德里,錦德里,polling-station-single-village,verified,tw.gov.cec~ref~polling-station.識別碼 → 村里代碼 → tw.openfun~entity~geo,target_village_id=63000070-025
2014,萬華區,雙園里,雙園里,polling-station-single-village,verified,tw.gov.cec~ref~polling-station.識別碼 → 村里代碼 → tw.openfun~entity~geo,target_village_id=63000070-012
2014,萬華區,騰雲里,騰雲里,polling-station-single-village,verified,tw.gov.cec~ref~polling-station.識別碼 → 村里代碼 → tw.openfun~entity~geo,target_village_id=63000070-036
2022,士林區,三玉里,三玉里,polling-station-single-village,verified,tw.gov.cec~ref~polling-station.識別碼 → 村里代碼 → tw.openfun~entity~geo,target_village_id=63000110-033
2022,士林區,仁勇里,仁勇里,polling-station-single-village,verified,tw.gov.cec~ref~polling-station.識別碼 → 村里代碼 → tw.openfun~entity~geo,target_village_id=63000110-001
2022,士林區,公館里,公館里,polling-station-single-village,verified,tw.gov.cec~ref~polling-station.識別碼 → 村里代碼 → tw.openfun~entity~geo,target_village_id=63000110-044
2022,士林區,天山里,天山里,polling-station-single-village,verified,tw.gov.cec~ref~polling-station.識別碼 → 村里代碼 → tw.openfun~entity~geo,target_village_id=63000110-040
2022,士林區,天母里,天母里,polling-station-single-village,verified,tw.gov.cec~ref~polling-station.識別碼 → 村里代碼 → tw.openfun~entity~geo,target_village_id=63000110-042
2022,士林區,天玉里,天玉里,polling-station-single-village,verified,tw.gov.cec~ref~polling-station.識別碼 → 村里代碼 → tw.openfun~entity~geo,target_village_id=63000110-041
2022,士林區,天和里,天和里,polling-station-single-village,verified,tw.gov.cec~ref~polling-station.識別碼 → 村里代碼 → tw.openfun~entity~geo,target_village_id=63000110-039
2022,士林區,天祿里,天祿里,polling-station-single-village,verified,tw.gov.cec~ref~polling-station.識別碼 → 村里代碼 → tw.openfun~entity~geo,target_village_id=63000110-037
2022,士林區,天壽里,天壽里,polling-station-single-village,verified,tw.gov.cec~ref~polling-station.識別碼 → 村里代碼 → tw.openfun~entity~geo,target_village_id=63000110-038
2022,士林區,天福里,天福里,polling-station-single-village,verified,tw.gov.cec~ref~polling-station.識別碼 → 村里代碼 → tw.openfun~entity~geo,target_village_id=63000110-036
2022,士林區,平等里,平等里,polling-station-single-village,verified,tw.gov.cec~ref~polling-station.識別碼 → 村里代碼 → tw.openfun~entity~geo,target_village_id=63000110-048
2022,士林區,永倫里,永倫里,polling-station-single-village,verified,tw.gov.cec~ref~polling-station.識別碼 → 村里代碼 → tw.openfun~entity~geo,target_village_id=63000110-022
2022,士林區,永福里,永福里,polling-station-single-village,verified,tw.gov.cec~ref~polling-station.識別碼 → 村里代碼 → tw.openfun~entity~geo,target_village_id=63000110-043
2022,士林區,名山里,名山里,polling-station-single-village,verified,tw.gov.cec~ref~polling-station.識別碼 → 村里代碼 → tw.openfun~entity~geo,target_village_id=63000110-026
2022,士林區,百齡里,百齡里,polling-station-single-village,verified,tw.gov.cec~ref~polling-station.識別碼 → 村里代碼 → tw.openfun~entity~geo,target_village_id=63000110-011
2022,士林區,岩山里,岩山里,polling-station-single-village,verified,tw.gov.cec~ref~polling-station.識別碼 → 村里代碼 → tw.openfun~entity~geo,target_village_id=63000110-025
2022,士林區,忠誠里,忠誠里,polling-station-single-village,verified,tw.gov.cec~ref~polling-station.識別碼 → 村里代碼 → tw.openfun~entity~geo,target_village_id=63000110-030
2022,士林區,承德里,承德里,polling-station-single-village,verified,tw.gov.cec~ref~polling-station.識別碼 → 村里代碼 → tw.openfun~entity~geo,target_village_id=63000110-012
2022,士林區,明勝里,明勝里,polling-station-single-village,verified,tw.gov.cec~ref~polling-station.識別碼 → 村里代碼 → tw.openfun~entity~geo,target_village_id=63000110-014
2022,士林區,東山里,東山里,polling-station-single-village,verified,tw.gov.cec~ref~polling-station.識別碼 → 村里代碼 → tw.openfun~entity~geo,target_village_id=63000110-032
2022,士林區,社子里,社子里,polling-station-single-village,verified,tw.gov.cec~ref~polling-station.識別碼 → 村里代碼 → tw.openfun~entity~geo,target_village_id=63000110-019
2022,士林區,社園里,社園里,polling-station-single-village,verified,tw.gov.cec~ref~polling-station.識別碼 → 村里代碼 → tw.openfun~entity~geo,target_village_id=63000110-021
2022,士林區,社新里,社新里,polling-station-single-village,verified,tw.gov.cec~ref~polling-station.識別碼 → 村里代碼 → tw.openfun~entity~geo,target_village_id=63000110-020
2022,士林區,芝山里,芝山里,polling-station-single-village,verified,tw.gov.cec~ref~polling-station.識別碼 → 村里代碼 → tw.openfun~entity~geo,target_village_id=63000110-031
2022,士林區,前港里,前港里,polling-station-single-village,verified,tw.gov.cec~ref~polling-station.識別碼 → 村里代碼 → tw.openfun~entity~geo,target_village_id=63000110-010
2022,士林區,後港里,後港里,polling-station-single-village,verified,tw.gov.cec~ref~polling-station.識別碼 → 村里代碼 → tw.openfun~entity~geo,target_village_id=63000110-008
2022,士林區,富光里,富光里,polling-station-single-village,verified,tw.gov.cec~ref~polling-station.識別碼 → 村里代碼 → tw.openfun~entity~geo,target_village_id=63000110-016
2022,士林區,富洲里,富洲里,polling-station-single-village,verified,tw.gov.cec~ref~polling-station.識別碼 → 村里代碼 → tw.openfun~entity~geo,target_village_id=63000110-024
2022,士林區,菁山里,菁山里,polling-station-single-village,verified,tw.gov.cec~ref~polling-station.識別碼 → 村里代碼 → tw.openfun~entity~geo,target_village_id=63000110-047
2022,士林區,陽明里,陽明里,polling-station-single-village,verified,tw.gov.cec~ref~polling-station.識別碼 → 村里代碼 → tw.openfun~entity~geo,target_village_id=63000110-046
2022,士林區,新安里,新安里,polling-station-single-village,verified,tw.gov.cec~ref~polling-station.識別碼 → 村里代碼 → tw.openfun~entity~geo,target_village_id=63000110-045
2022,士林區,溪山里,溪山里,polling-station-single-village,verified,tw.gov.cec~ref~polling-station.識別碼 → 村里代碼 → tw.openfun~entity~geo,target_village_id=63000110-049
2022,士林區,義信里,義信里,polling-station-single-village,verified,tw.gov.cec~ref~polling-station.識別碼 → 村里代碼 → tw.openfun~entity~geo,target_village_id=63000110-002
2022,士林區,聖山里,聖山里,polling-station-single-village,verified,tw.gov.cec~ref~polling-station.識別碼 → 村里代碼 → tw.openfun~entity~geo,target_village_id=63000110-029
2022,士林區,葫東里,葫東里,polling-station-single-village,verified,tw.gov.cec~ref~polling-station.識別碼 → 村里代碼 → tw.openfun~entity~geo,target_village_id=63000110-018
2022,士林區,葫蘆里,葫蘆里,polling-station-single-village,verified,tw.gov.cec~ref~polling-station.識別碼 → 村里代碼 → tw.openfun~entity~geo,target_village_id=63000110-017
2022,士林區,福中里,福中里,polling-station-single-village,verified,tw.gov.cec~ref~polling-station.識別碼 → 村里代碼 → tw.openfun~entity~geo,target_village_id=63000110-009
2022,士林區,福安里,福安里,polling-station-single-village,verified,tw.gov.cec~ref~polling-station.識別碼 → 村里代碼 → tw.openfun~entity~geo,target_village_id=63000110-023
2022,士林區,福志里,福志里,polling-station-single-village,verified,tw.gov.cec~ref~polling-station.識別碼 → 村里代碼 → tw.openfun~entity~geo,target_village_id=63000110-005
2022,士林區,福佳里,福佳里,polling-station-single-village,verified,tw.gov.cec~ref~polling-station.識別碼 → 村里代碼 → tw.openfun~entity~geo,target_village_id=63000110-007
2022,士林區,福林里,福林里,polling-station-single-village,verified,tw.gov.cec~ref~polling-station.識別碼 → 村里代碼 → tw.openfun~entity~geo,target_village_id=63000110-003
2022,士林區,福華里,福華里,polling-station-single-village,verified,tw.gov.cec~ref~polling-station.識別碼 → 村里代碼 → tw.openfun~entity~geo,target_village_id=63000110-013
2022,士林區,福順里,福順里,polling-station-single-village,verified,tw.gov.cec~ref~polling-station.識別碼 → 村里代碼 → tw.openfun~entity~geo,target_village_id=63000110-015
2022,士林區,福德里,福德里,polling-station-single-village,verified,tw.gov.cec~ref~polling-station.識別碼 → 村里代碼 → tw.openfun~entity~geo,target_village_id=63000110-004
2022,士林區,翠山里,翠山里,polling-station-single-village,verified,tw.gov.cec~ref~polling-station.識別碼 → 村里代碼 → tw.openfun~entity~geo,target_village_id=63000110-050
2022,士林區,德行里,德行里,polling-station-single-village,verified,tw.gov.cec~ref~polling-station.識別碼 → 村里代碼 → tw.openfun~entity~geo,target_village_id=63000110-027
2022,士林區,德華里,德華里,polling-station-single-village,verified,tw.gov.cec~ref~polling-station.識別碼 → 村里代碼 → tw.openfun~entity~geo,target_village_id=63000110-028
2022,士林區,臨溪里,臨溪里,polling-station-single-village,verified,tw.gov.cec~ref~polling-station.識別碼 → 村里代碼 → tw.openfun~entity~geo,target_village_id=63000110-051
2022,士林區,舊佳里,舊佳里,polling-station-single-village,verified,tw.gov.cec~ref~polling-station.識別碼 → 村里代碼 → tw.openfun~entity~geo,target_village_id=63000110-006
2022,士林區,蘭雅里,蘭雅里,polling-station-single-village,verified,tw.gov.cec~ref~polling-station.識別碼 → 村里代碼 → tw.openfun~entity~geo,target_village_id=63000110-034
2022,士林區,蘭興里,蘭興里,polling-station-single-village,verified,tw.gov.cec~ref~polling-station.識別碼 → 村里代碼 → tw.openfun~entity~geo,target_village_id=63000110-035
2022,大同區,大有里,大有里,polling-station-single-village,verified,tw.gov.cec~ref~polling-station.識別碼 → 村里代碼 → tw.openfun~entity~geo,target_village_id=63000060-009
2022,大同區,民權里,民權里,polling-station-single-village,verified,tw.gov.cec~ref~polling-station.識別碼 → 村里代碼 → tw.openfun~entity~geo,target_village_id=63000060-013
2022,大同區,永樂里,永樂里,polling-station-single-village,verified,tw.gov.cec~ref~polling-station.識別碼 → 村里代碼 → tw.openfun~entity~geo,target_village_id=63000060-005
2022,大同區,玉泉里,玉泉里,polling-station-single-village,verified,tw.gov.cec~ref~polling-station.識別碼 → 村里代碼 → tw.openfun~entity~geo,target_village_id=63000060-001
2022,大同區,光能里,光能里,polling-station-single-village,verified,tw.gov.cec~ref~polling-station.識別碼 → 村里代碼 → tw.openfun~entity~geo,target_village_id=63000060-008
2022,大同區,老師里,老師里,polling-station-single-village,verified,tw.gov.cec~ref~polling-station.識別碼 → 村里代碼 → tw.openfun~entity~geo,target_village_id=63000060-024
2022,大同區,至聖里,至聖里,polling-station-single-village,verified,tw.gov.cec~ref~polling-station.識別碼 → 村里代碼 → tw.openfun~entity~geo,target_village_id=63000060-022
2022,大同區,延平里,延平里,polling-station-single-village,verified,tw.gov.cec~ref~polling-station.識別碼 → 村里代碼 → tw.openfun~entity~geo,target_village_id=63000060-010
2022,大同區,保安里,保安里,polling-station-single-village,verified,tw.gov.cec~ref~polling-station.識別碼 → 村里代碼 → tw.openfun~entity~geo,target_village_id=63000060-026
2022,大同區,南芳里,南芳里,polling-station-single-village,verified,tw.gov.cec~ref~polling-station.識別碼 → 村里代碼 → tw.openfun~entity~geo,target_village_id=63000060-012
2022,大同區,建功里,建功里,polling-station-single-village,verified,tw.gov.cec~ref~polling-station.識別碼 → 村里代碼 → tw.openfun~entity~geo,target_village_id=63000060-003
2022,大同區,建明里,建明里,polling-station-single-village,verified,tw.gov.cec~ref~polling-station.識別碼 → 村里代碼 → tw.openfun~entity~geo,target_village_id=63000060-002
2022,大同區,建泰里,建泰里,polling-station-single-village,verified,tw.gov.cec~ref~polling-station.識別碼 → 村里代碼 → tw.openfun~entity~geo,target_village_id=63000060-004
2022,大同區,星明里,星明里,polling-station-single-village,verified,tw.gov.cec~ref~polling-station.識別碼 → 村里代碼 → tw.openfun~entity~geo,target_village_id=63000060-007
2022,大同區,重慶里,重慶里,polling-station-single-village,verified,tw.gov.cec~ref~polling-station.識別碼 → 村里代碼 → tw.openfun~entity~geo,target_village_id=63000060-025
2022,大同區,國順里,國順里,polling-station-single-village,verified,tw.gov.cec~ref~polling-station.識別碼 → 村里代碼 → tw.openfun~entity~geo,target_village_id=63000060-017
2022,大同區,國慶里,國慶里,polling-station-single-village,verified,tw.gov.cec~ref~polling-station.識別碼 → 村里代碼 → tw.openfun~entity~geo,target_village_id=63000060-018
2022,大同區,揚雅里,揚雅里,polling-station-single-village,verified,tw.gov.cec~ref~polling-station.識別碼 → 村里代碼 → tw.openfun~entity~geo,target_village_id=63000060-019
2022,大同區,斯文里,斯文里,polling-station-single-village,verified,tw.gov.cec~ref~polling-station.識別碼 → 村里代碼 → tw.openfun~entity~geo,target_village_id=63000060-020
2022,大同區,景星里,景星里,polling-station-single-village,verified,tw.gov.cec~ref~polling-station.識別碼 → 村里代碼 → tw.openfun~entity~geo,target_village_id=63000060-014
2022,大同區,朝陽里,朝陽里,polling-station-single-village,verified,tw.gov.cec~ref~polling-station.識別碼 → 村里代碼 → tw.openfun~entity~geo,target_village_id=63000060-006
2022,大同區,隆和里,隆和里,polling-station-single-village,verified,tw.gov.cec~ref~polling-station.識別碼 → 村里代碼 → tw.openfun~entity~geo,target_village_id=63000060-015
2022,大同區,蓬萊里,蓬萊里,polling-station-single-village,verified,tw.gov.cec~ref~polling-station.識別碼 → 村里代碼 → tw.openfun~entity~geo,target_village_id=63000060-016
2022,大同區,鄰江里,鄰江里,polling-station-single-village,verified,tw.gov.cec~ref~polling-station.識別碼 → 村里代碼 → tw.openfun~entity~geo,target_village_id=63000060-021
2022,大同區,雙連里,雙連里,polling-station-single-village,verified,tw.gov.cec~ref~polling-station.識別碼 → 村里代碼 → tw.openfun~entity~geo,target_village_id=63000060-011
2022,大安區,大學里,大學里,polling-station-single-village,verified,tw.gov.cec~ref~polling-station.識別碼 → 村里代碼 → tw.openfun~entity~geo,target_village_id=63000030-043
2022,大安區,仁愛里,仁愛里,polling-station-single-village,verified,tw.gov.cec~ref~polling-station.識別碼 → 村里代碼 → tw.openfun~entity~geo,target_village_id=63000030-005
2022,大安區,仁慈里,仁慈里,polling-station-single-village,verified,tw.gov.cec~ref~polling-station.識別碼 → 村里代碼 → tw.openfun~entity~geo,target_village_id=63000030-002
2022,大安區,古風里,古風里,polling-station-single-village,verified,tw.gov.cec~ref~polling-station.識別碼 → 村里代碼 → tw.openfun~entity~geo,target_village_id=63000030-013
2022,大安區,古莊里,古莊里,polling-station-single-village,verified,tw.gov.cec~ref~polling-station.識別碼 → 村里代碼 → tw.openfun~entity~geo,target_village_id=63000030-014
2022,大安區,正聲里,正聲里,polling-station-single-village,verified,tw.gov.cec~ref~polling-station.識別碼 → 村里代碼 → tw.openfun~entity~geo,target_village_id=63000030-052
2022,大安區,民炤里,民炤里,polling-station-single-village,verified,tw.gov.cec~ref~polling-station.識別碼 → 村里代碼 → tw.openfun~entity~geo,target_village_id=63000030-004
2022,大安區,民輝里,民輝里,polling-station-single-village,verified,tw.gov.cec~ref~polling-station.識別碼 → 村里代碼 → tw.openfun~entity~geo,target_village_id=63000030-007
2022,大安區,永康里,永康里,polling-station-single-village,verified,tw.gov.cec~ref~polling-station.識別碼 → 村里代碼 → tw.openfun~entity~geo,target_village_id=63000030-018
2022,大安區,光明里,光明里,polling-station-single-village,verified,tw.gov.cec~ref~polling-station.識別碼 → 村里代碼 → tw.openfun~entity~geo,target_village_id=63000030-019
2022,大安區,光武里,光武里,polling-station-single-village,verified,tw.gov.cec~ref~polling-station.識別碼 → 村里代碼 → tw.openfun~entity~geo,target_village_id=63000030-010
2022,大安區,光信里,光信里,polling-station-single-village,verified,tw.gov.cec~ref~polling-station.識別碼 → 村里代碼 → tw.openfun~entity~geo,target_village_id=63000030-056
2022,大安區,全安里,全安里,polling-station-single-village,verified,tw.gov.cec~ref~polling-station.識別碼 → 村里代碼 → tw.openfun~entity~geo,target_village_id=63000030-035
2022,大安區,住安里,住安里,polling-station-single-village,verified,tw.gov.cec~ref~polling-station.識別碼 → 村里代碼 → tw.openfun~entity~geo,target_village_id=63000030-029
2022,大安區,車層里,車層里,polling-station-single-village,verified,tw.gov.cec~ref~polling-station.識別碼 → 村里代碼 → tw.openfun~entity~geo,target_village_id=63000030-055
2022,大安區,和安里,和安里,polling-station-single-village,verified,tw.gov.cec~ref~polling-station.識別碼 → 村里代碼 → tw.openfun~entity~geo,target_village_id=63000030-003
2022,大安區,昌隆里,昌隆里,polling-station-single-village,verified,tw.gov.cec~ref~polling-station.識別碼 → 村里代碼 → tw.openfun~entity~geo,target_village_id=63000030-008
2022,大安區,法治里,法治里,polling-station-single-village,verified,tw.gov.cec~ref~polling-station.識別碼 → 村里代碼 → tw.openfun~entity~geo,target_village_id=63000030-034
2022,大安區,臥龍里,臥龍里,polling-station-single-village,verified,tw.gov.cec~ref~polling-station.識別碼 → 村里代碼 → tw.openfun~entity~geo,target_village_id=63000030-039
2022,大安區,芳和里,芳和里,polling-station-single-village,verified,tw.gov.cec~ref~polling-station.識別碼 → 村里代碼 → tw.openfun~entity~geo,target_village_id=63000030-044
2022,大安區,虎嘯里,虎嘯里,polling-station-single-village,verified,tw.gov.cec~ref~polling-station.識別碼 → 村里代碼 → tw.openfun~entity~geo,target_village_id=63000030-038
2022,大安區,建安里,建安里,polling-station-single-village,verified,tw.gov.cec~ref~polling-station.識別碼 → 村里代碼 → tw.openfun~entity~geo,target_village_id=63000030-049
2022,大安區,建倫里,建倫里,polling-station-single-village,verified,tw.gov.cec~ref~polling-station.識別碼 → 村里代碼 → tw.openfun~entity~geo,target_village_id=63000030-050
2022,大安區,通化里,通化里,polling-station-single-village,verified,tw.gov.cec~ref~polling-station.識別碼 → 村里代碼 → tw.openfun~entity~geo,target_village_id=63000030-031
2022,大安區,通安里,通安里,polling-station-single-village,verified,tw.gov.cec~ref~polling-station.識別碼 → 村里代碼 → tw.openfun~entity~geo,target_village_id=63000030-032
2022,大安區,敦安里,敦安里,polling-station-single-village,verified,tw.gov.cec~ref~polling-station.識別碼 → 村里代碼 → tw.openfun~entity~geo,target_village_id=63000030-051
2022,大安區,敦煌里,敦煌里,polling-station-single-village,verified,tw.gov.cec~ref~polling-station.識別碼 → 村里代碼 → tw.openfun~entity~geo,target_village_id=63000030-053
2022,大安區,華聲里,華聲里,polling-station-single-village,verified,tw.gov.cec~ref~polling-station.識別碼 → 村里代碼 → tw.openfun~entity~geo,target_village_id=63000030-054
2022,大安區,新龍里,新龍里,polling-station-single-village,verified,tw.gov.cec~ref~polling-station.識別碼 → 村里代碼 → tw.openfun~entity~geo,target_village_id=63000030-023
2022,大安區,群英里,群英里,polling-station-single-village,verified,tw.gov.cec~ref~polling-station.識別碼 → 村里代碼 → tw.openfun~entity~geo,target_village_id=63000030-037
2022,大安區,群賢里,群賢里,polling-station-single-village,verified,tw.gov.cec~ref~polling-station.識別碼 → 村里代碼 → tw.openfun~entity~geo,target_village_id=63000030-036
2022,大安區,義安里,義安里,polling-station-single-village,verified,tw.gov.cec~ref~polling-station.識別碼 → 村里代碼 → tw.openfun~entity~geo,target_village_id=63000030-030
2022,大安區,義村里,義村里,polling-station-single-village,verified,tw.gov.cec~ref~polling-station.識別碼 → 村里代碼 → tw.openfun~entity~geo,target_village_id=63000030-006
2022,大安區,誠安里,誠安里,polling-station-single-village,verified,tw.gov.cec~ref~polling-station.識別碼 → 村里代碼 → tw.openfun~entity~geo,target_village_id=63000030-009
2022,大安區,福住里,福住里,polling-station-single-village,verified,tw.gov.cec~ref~polling-station.識別碼 → 村里代碼 → tw.openfun~entity~geo,target_village_id=63000030-017
2022,大安區,德安里,德安里,polling-station-single-village,verified,tw.gov.cec~ref~polling-station.識別碼 → 村里代碼 → tw.openfun~entity~geo,target_village_id=63000030-001
2022,大安區,黎元里,黎元里,polling-station-single-village,verified,tw.gov.cec~ref~polling-station.識別碼 → 村里代碼 → tw.openfun~entity~geo,target_village_id=63000030-046
2022,大安區,黎孝里,黎孝里,polling-station-single-village,verified,tw.gov.cec~ref~polling-station.識別碼 → 村里代碼 → tw.openfun~entity~geo,target_village_id=63000030-047
2022,大安區,黎和里,黎和里,polling-station-single-village,verified,tw.gov.cec~ref~polling-station.識別碼 → 村里代碼 → tw.openfun~entity~geo,target_village_id=63000030-048
2022,大安區,學府里,學府里,polling-station-single-village,verified,tw.gov.cec~ref~polling-station.識別碼 → 村里代碼 → tw.openfun~entity~geo,target_village_id=63000030-057
2022,大安區,錦安里,錦安里,polling-station-single-village,verified,tw.gov.cec~ref~polling-station.識別碼 → 村里代碼 → tw.openfun~entity~geo,target_village_id=63000030-016
2022,大安區,錦泰里,錦泰里,polling-station-single-village,verified,tw.gov.cec~ref~polling-station.識別碼 → 村里代碼 → tw.openfun~entity~geo,target_village_id=63000030-020
2022,大安區,錦華里,錦華里,polling-station-single-village,verified,tw.gov.cec~ref~polling-station.識別碼 → 村里代碼 → tw.openfun~entity~geo,target_village_id=63000030-021
2022,大安區,龍生里,龍生里,polling-station-single-village,verified,tw.gov.cec~ref~polling-station.識別碼 → 村里代碼 → tw.openfun~entity~geo,target_village_id=63000030-028
2022,大安區,龍安里,龍安里,polling-station-single-village,verified,tw.gov.cec~ref~polling-station.識別碼 → 村里代碼 → tw.openfun~entity~geo,target_village_id=63000030-015
2022,大安區,龍坡里,龍坡里,polling-station-single-village,verified,tw.gov.cec~ref~polling-station.識別碼 → 村里代碼 → tw.openfun~entity~geo,target_village_id=63000030-011
2022,大安區,龍門里,龍門里,polling-station-single-village,verified,tw.gov.cec~ref~polling-station.識別碼 → 村里代碼 → tw.openfun~entity~geo,target_village_id=63000030-041
2022,大安區,龍泉里,龍泉里,polling-station-single-village,verified,tw.gov.cec~ref~polling-station.識別碼 → 村里代碼 → tw.openfun~entity~geo,target_village_id=63000030-012
2022,大安區,龍陣里,龍陣里,polling-station-single-village,verified,tw.gov.cec~ref~polling-station.識別碼 → 村里代碼 → tw.openfun~entity~geo,target_village_id=63000030-026
2022,大安區,龍淵里,龍淵里,polling-station-single-village,verified,tw.gov.cec~ref~polling-station.識別碼 → 村里代碼 → tw.openfun~entity~geo,target_village_id=63000030-040
2022,大安區,龍雲里,龍雲里,polling-station-single-village,verified,tw.gov.cec~ref~polling-station.識別碼 → 村里代碼 → tw.openfun~entity~geo,target_village_id=63000030-027
2022,大安區,龍圖里,龍圖里,polling-station-single-village,verified,tw.gov.cec~ref~polling-station.識別碼 → 村里代碼 → tw.openfun~entity~geo,target_village_id=63000030-022
2022,大安區,臨江里,臨江里,polling-station-single-village,verified,tw.gov.cec~ref~polling-station.識別碼 → 村里代碼 → tw.openfun~entity~geo,target_village_id=63000030-033
2022,中山區,力行里,力行里,polling-station-single-village,verified,tw.gov.cec~ref~polling-station.識別碼 → 村里代碼 → tw.openfun~entity~geo,target_village_id=63000040-039
2022,中山區,下埤里,下埤里,polling-station-single-village,verified,tw.gov.cec~ref~polling-station.識別碼 → 村里代碼 → tw.openfun~entity~geo,target_village_id=63000040-027
2022,中山區,大佳里,大佳里,polling-station-single-village,verified,tw.gov.cec~ref~polling-station.識別碼 → 村里代碼 → tw.openfun~entity~geo,target_village_id=63000040-017
2022,中山區,大直里,大直里,polling-station-single-village,verified,tw.gov.cec~ref~polling-station.識別碼 → 村里代碼 → tw.openfun~entity~geo,target_village_id=63000040-014
2022,中山區,中山里,中山里,polling-station-single-village,verified,tw.gov.cec~ref~polling-station.識別碼 → 村里代碼 → tw.openfun~entity~geo,target_village_id=63000040-006
2022,中山區,中央里,中央里,polling-station-single-village,verified,tw.gov.cec~ref~polling-station.識別碼 → 村里代碼 → tw.openfun~entity~geo,target_village_id=63000040-033
2022,中山區,中吉里,中吉里,polling-station-single-village,verified,tw.gov.cec~ref~polling-station.識別碼 → 村里代碼 → tw.openfun~entity~geo,target_village_id=63000040-030
2022,中山區,中庄里,中庄里,polling-station-single-village,verified,tw.gov.cec~ref~polling-station.識別碼 → 村里代碼 → tw.openfun~entity~geo,target_village_id=63000040-023
2022,中山區,中原里,中原里,polling-station-single-village,verified,tw.gov.cec~ref~polling-station.識別碼 → 村里代碼 → tw.openfun~entity~geo,target_village_id=63000040-031
2022,中山區,北安里,北安里,polling-station-single-village,verified,tw.gov.cec~ref~polling-station.識別碼 → 村里代碼 → tw.openfun~entity~geo,target_village_id=63000040-042
2022,中山區,正守里,正守里,polling-station-single-village,verified,tw.gov.cec~ref~polling-station.識別碼 → 村里代碼 → tw.openfun~entity~geo,target_village_id=63000040-001
2022,中山區,正得里,正得里,polling-station-single-village,verified,tw.gov.cec~ref~polling-station.識別碼 → 村里代碼 → tw.openfun~entity~geo,target_village_id=63000040-003
2022,中山區,正義里,正義里,polling-station-single-village,verified,tw.gov.cec~ref~polling-station.識別碼 → 村里代碼 → tw.openfun~entity~geo,target_village_id=63000040-002
2022,中山區,民安里,民安里,polling-station-single-village,verified,tw.gov.cec~ref~polling-station.識別碼 → 村里代碼 → tw.openfun~entity~geo,target_village_id=63000040-004
2022,中山區,永安里,永安里,polling-station-single-village,verified,tw.gov.cec~ref~polling-station.識別碼 → 村里代碼 → tw.openfun~entity~geo,target_village_id=63000040-016
2022,中山區,成功里,成功里,polling-station-single-village,verified,tw.gov.cec~ref~polling-station.識別碼 → 村里代碼 → tw.openfun~entity~geo,target_village_id=63000040-015
2022,中山區,朱崙里,朱崙里,polling-station-single-village,verified,tw.gov.cec~ref~polling-station.識別碼 → 村里代碼 → tw.openfun~entity~geo,target_village_id=63000040-038
2022,中山區,朱園里,朱園里,polling-station-single-village,verified,tw.gov.cec~ref~polling-station.識別碼 → 村里代碼 → tw.openfun~entity~geo,target_village_id=63000040-036
2022,中山區,朱馥里,朱馥里,polling-station-single-village,verified,tw.gov.cec~ref~polling-station.識別碼 → 村里代碼 → tw.openfun~entity~geo,target_village_id=63000040-034
2022,中山區,江山里,江山里,polling-station-single-village,verified,tw.gov.cec~ref~polling-station.識別碼 → 村里代碼 → tw.openfun~entity~geo,target_village_id=63000040-029
2022,中山區,江寧里,江寧里,polling-station-single-village,verified,tw.gov.cec~ref~polling-station.識別碼 → 村里代碼 → tw.openfun~entity~geo,target_village_id=63000040-028
2022,中山區,行仁里,行仁里,polling-station-single-village,verified,tw.gov.cec~ref~polling-station.識別碼 → 村里代碼 → tw.openfun~entity~geo,target_village_id=63000040-025
2022,中山區,行孝里,行孝里,polling-station-single-village,verified,tw.gov.cec~ref~polling-station.識別碼 → 村里代碼 → tw.openfun~entity~geo,target_village_id=63000040-026
2022,中山區,行政里,行政里,polling-station-single-village,verified,tw.gov.cec~ref~polling-station.識別碼 → 村里代碼 → tw.openfun~entity~geo,target_village_id=63000040-024
2022,中山區,松江里,松江里,polling-station-single-village,verified,tw.gov.cec~ref~polling-station.識別碼 → 村里代碼 → tw.openfun~entity~geo,target_village_id=63000040-021
2022,中山區,金泰里,金泰里,polling-station-single-village,verified,tw.gov.cec~ref~polling-station.識別碼 → 村里代碼 → tw.openfun~entity~geo,target_village_id=63000040-041
2022,中山區,恆安里,恆安里,polling-station-single-village,verified,tw.gov.cec~ref~polling-station.識別碼 → 村里代碼 → tw.openfun~entity~geo,target_village_id=63000040-010
2022,中山區,埤頭里,埤頭里,polling-station-single-village,verified,tw.gov.cec~ref~polling-station.識別碼 → 村里代碼 → tw.openfun~entity~geo,target_village_id=63000040-037
2022,中山區,康樂里,康樂里,polling-station-single-village,verified,tw.gov.cec~ref~polling-station.識別碼 → 村里代碼 → tw.openfun~entity~geo,target_village_id=63000040-005
2022,中山區,復華里,復華里,polling-station-single-village,verified,tw.gov.cec~ref~polling-station.識別碼 → 村里代碼 → tw.openfun~entity~geo,target_village_id=63000040-040
2022,中山區,晴光里,晴光里,polling-station-single-village,verified,tw.gov.cec~ref~polling-station.識別碼 → 村里代碼 → tw.openfun~entity~geo,target_village_id=63000040-011
2022,中山區,集英里,集英里,polling-station-single-village,verified,tw.gov.cec~ref~polling-station.識別碼 → 村里代碼 → tw.openfun~entity~geo,target_village_id=63000040-008
2022,中山區,圓山里,圓山里,polling-station-single-village,verified,tw.gov.cec~ref~polling-station.識別碼 → 村里代碼 → tw.openfun~entity~geo,target_village_id=63000040-012
2022,中山區,新生里,新生里,polling-station-single-village,verified,tw.gov.cec~ref~polling-station.識別碼 → 村里代碼 → tw.openfun~entity~geo,target_village_id=63000040-022
2022,中山區,新庄里,新庄里,polling-station-single-village,verified,tw.gov.cec~ref~polling-station.識別碼 → 村里代碼 → tw.openfun~entity~geo,target_village_id=63000040-019
2022,中山區,新喜里,新喜里,polling-station-single-village,verified,tw.gov.cec~ref~polling-station.識別碼 → 村里代碼 → tw.openfun~entity~geo,target_village_id=63000040-018
2022,中山區,新福里,新福里,polling-station-single-village,verified,tw.gov.cec~ref~polling-station.識別碼 → 村里代碼 → tw.openfun~entity~geo,target_village_id=63000040-020
2022,中山區,聚盛里,聚盛里,polling-station-single-village,verified,tw.gov.cec~ref~polling-station.識別碼 → 村里代碼 → tw.openfun~entity~geo,target_village_id=63000040-007
2022,中山區,聚葉里,聚葉里,polling-station-single-village,verified,tw.gov.cec~ref~polling-station.識別碼 → 村里代碼 → tw.openfun~entity~geo,target_village_id=63000040-009
2022,中山區,劍潭里,劍潭里,polling-station-single-village,verified,tw.gov.cec~ref~polling-station.識別碼 → 村里代碼 → tw.openfun~entity~geo,target_village_id=63000040-013
2022,中山區,興亞里,興亞里,polling-station-single-village,verified,tw.gov.cec~ref~polling-station.識別碼 → 村里代碼 → tw.openfun~entity~geo,target_village_id=63000040-032
2022,中山區,龍洲里,龍洲里,polling-station-single-village,verified,tw.gov.cec~ref~polling-station.識別碼 → 村里代碼 → tw.openfun~entity~geo,target_village_id=63000040-035
2022,中正區,三愛里,三愛里,polling-station-single-village,verified,tw.gov.cec~ref~polling-station.識別碼 → 村里代碼 → tw.openfun~entity~geo,target_village_id=63000050-031
2022,中正區,文北里,文北里,polling-station-single-village,verified,tw.gov.cec~ref~polling-station.識別碼 → 村里代碼 → tw.openfun~entity~geo,target_village_id=63000050-029
2022,中正區,文盛里,文盛里,polling-station-single-village,verified,tw.gov.cec~ref~polling-station.識別碼 → 村里代碼 → tw.openfun~entity~geo,target_village_id=63000050-003
2022,中正區,文祥里,文祥里,polling-station-single-village,verified,tw.gov.cec~ref~polling-station.識別碼 → 村里代碼 → tw.openfun~entity~geo,target_village_id=63000050-030
2022,中正區,水源里,水源里,polling-station-single-village,verified,tw.gov.cec~ref~polling-station.識別碼 → 村里代碼 → tw.openfun~entity~geo,target_village_id=63000050-001
2022,中正區,永功里,永功里,polling-station-single-village,verified,tw.gov.cec~ref~polling-station.識別碼 → 村里代碼 → tw.openfun~entity~geo,target_village_id=63000050-011
2022,中正區,永昌里,永昌里,polling-station-single-village,verified,tw.gov.cec~ref~polling-station.識別碼 → 村里代碼 → tw.openfun~entity~geo,target_village_id=63000050-012
2022,中正區,光復里,光復里,polling-station-single-village,verified,tw.gov.cec~ref~polling-station.識別碼 → 村里代碼 → tw.openfun~entity~geo,target_village_id=63000050-023
2022,中正區,幸市里,幸市里,polling-station-single-village,verified,tw.gov.cec~ref~polling-station.識別碼 → 村里代碼 → tw.openfun~entity~geo,target_village_id=63000050-027
2022,中正區,幸福里,幸福里,polling-station-single-village,verified,tw.gov.cec~ref~polling-station.識別碼 → 村里代碼 → tw.openfun~entity~geo,target_village_id=63000050-026
2022,中正區,忠勤里,忠勤里,polling-station-single-village,verified,tw.gov.cec~ref~polling-station.識別碼 → 村里代碼 → tw.openfun~entity~geo,target_village_id=63000050-014
2022,中正區,東門里,東門里,polling-station-single-village,verified,tw.gov.cec~ref~polling-station.識別碼 → 村里代碼 → tw.openfun~entity~geo,target_village_id=63000050-028
2022,中正區,板溪里,板溪里,polling-station-single-village,verified,tw.gov.cec~ref~polling-station.識別碼 → 村里代碼 → tw.openfun~entity~geo,target_village_id=63000050-008
2022,中正區,林興里,林興里,polling-station-single-village,verified,tw.gov.cec~ref~polling-station.識別碼 → 村里代碼 → tw.openfun~entity~geo,target_village_id=63000050-004
2022,中正區,河堤里,河堤里,polling-station-single-village,verified,tw.gov.cec~ref~polling-station.識別碼 → 村里代碼 → tw.openfun~entity~geo,target_village_id=63000050-005
2022,中正區,南門里,南門里,polling-station-single-village,verified,tw.gov.cec~ref~polling-station.識別碼 → 村里代碼 → tw.openfun~entity~geo,target_village_id=63000050-017
2022,中正區,南福里,南福里,polling-station-single-village,verified,tw.gov.cec~ref~polling-station.識別碼 → 村里代碼 → tw.openfun~entity~geo,target_village_id=63000050-019
2022,中正區,建國里,建國里,polling-station-single-village,verified,tw.gov.cec~ref~polling-station.識別碼 → 村里代碼 → tw.openfun~entity~geo,target_village_id=63000050-022
2022,中正區,梅花里,梅花里,polling-station-single-village,verified,tw.gov.cec~ref~polling-station.識別碼 → 村里代碼 → tw.openfun~entity~geo,target_village_id=63000050-025
2022,中正區,頂東里,頂東里,polling-station-single-village,verified,tw.gov.cec~ref~polling-station.識別碼 → 村里代碼 → tw.openfun~entity~geo,target_village_id=63000050-006
2022,中正區,富水里,富水里,polling-station-single-village,verified,tw.gov.cec~ref~polling-station.識別碼 → 村里代碼 → tw.openfun~entity~geo,target_village_id=63000050-002
2022,中正區,廈安里,廈安里,polling-station-single-village,verified,tw.gov.cec~ref~polling-station.識別碼 → 村里代碼 → tw.openfun~entity~geo,target_village_id=63000050-015
2022,中正區,愛國里,愛國里,polling-station-single-village,verified,tw.gov.cec~ref~polling-station.識別碼 → 村里代碼 → tw.openfun~entity~geo,target_village_id=63000050-016
2022,中正區,新營里,新營里,polling-station-single-village,verified,tw.gov.cec~ref~polling-station.識別碼 → 村里代碼 → tw.openfun~entity~geo,target_village_id=63000050-021
2022,中正區,網溪里,網溪里,polling-station-single-village,verified,tw.gov.cec~ref~polling-station.識別碼 → 村里代碼 → tw.openfun~entity~geo,target_village_id=63000050-007
2022,中正區,黎明里,黎明里,polling-station-single-village,verified,tw.gov.cec~ref~polling-station.識別碼 → 村里代碼 → tw.openfun~entity~geo,target_village_id=63000050-024
2022,中正區,螢圃里,螢圃里,polling-station-single-village,verified,tw.gov.cec~ref~polling-station.識別碼 → 村里代碼 → tw.openfun~entity~geo,target_village_id=63000050-009
2022,中正區,螢雪里,螢雪里,polling-station-single-village,verified,tw.gov.cec~ref~polling-station.識別碼 → 村里代碼 → tw.openfun~entity~geo,target_village_id=63000050-010
2022,中正區,龍光里,龍光里,polling-station-single-village,verified,tw.gov.cec~ref~polling-station.識別碼 → 村里代碼 → tw.openfun~entity~geo,target_village_id=63000050-018
2022,中正區,龍福里,龍福里,polling-station-single-village,verified,tw.gov.cec~ref~polling-station.識別碼 → 村里代碼 → tw.openfun~entity~geo,target_village_id=63000050-020
2022,中正區,龍興里,龍興里,polling-station-single-village,verified,tw.gov.cec~ref~polling-station.識別碼 → 村里代碼 → tw.openfun~entity~geo,target_village_id=63000050-013
2022,內湖區,大湖里,大湖里,polling-station-single-village,verified,tw.gov.cec~ref~polling-station.識別碼 → 村里代碼 → tw.openfun~entity~geo,target_village_id=63000100-012
2022,內湖區,五分里,五分里,polling-station-single-village,verified,tw.gov.cec~ref~polling-station.識別碼 → 村里代碼 → tw.openfun~entity~geo,target_village_id=63000100-022
2022,內湖區,內湖里,內湖里,polling-station-single-village,verified,tw.gov.cec~ref~polling-station.識別碼 → 村里代碼 → tw.openfun~entity~geo,target_village_id=63000100-009
2022,內湖區,內溝里,內溝里,polling-station-single-village,verified,tw.gov.cec~ref~polling-station.識別碼 → 村里代碼 → tw.openfun~entity~geo,target_village_id=63000100-025
2022,內湖區,石潭里,石潭里,polling-station-single-village,verified,tw.gov.cec~ref~polling-station.識別碼 → 村里代碼 → tw.openfun~entity~geo,target_village_id=63000100-028
2022,內湖區,安泰里,安泰里,polling-station-single-village,verified,tw.gov.cec~ref~polling-station.識別碼 → 村里代碼 → tw.openfun~entity~geo,target_village_id=63000100-033
2022,內湖區,安湖里,安湖里,polling-station-single-village,verified,tw.gov.cec~ref~polling-station.識別碼 → 村里代碼 → tw.openfun~entity~geo,target_village_id=63000100-031
2022,內湖區,行善里,行善里,polling-station-single-village,verified,tw.gov.cec~ref~polling-station.識別碼 → 村里代碼 → tw.openfun~entity~geo,target_village_id=63000100-027
2022,內湖區,西安里,西安里,polling-station-single-village,verified,tw.gov.cec~ref~polling-station.識別碼 → 村里代碼 → tw.openfun~entity~geo,target_village_id=63000100-003
2022,內湖區,西康里,西康里,polling-station-single-village,verified,tw.gov.cec~ref~polling-station.識別碼 → 村里代碼 → tw.openfun~entity~geo,target_village_id=63000100-002
2022,內湖區,西湖里,西湖里,polling-station-single-village,verified,tw.gov.cec~ref~polling-station.識別碼 → 村里代碼 → tw.openfun~entity~geo,target_village_id=63000100-001
2022,內湖區,秀湖里,秀湖里,polling-station-single-village,verified,tw.gov.cec~ref~polling-station.識別碼 → 村里代碼 → tw.openfun~entity~geo,target_village_id=63000100-032
2022,內湖區,明湖里,明湖里,polling-station-single-village,verified,tw.gov.cec~ref~polling-station.識別碼 → 村里代碼 → tw.openfun~entity~geo,target_village_id=63000100-036
2022,內湖區,東湖里,東湖里,polling-station-single-village,verified,tw.gov.cec~ref~polling-station.識別碼 → 村里代碼 → tw.openfun~entity~geo,target_village_id=63000100-023
2022,內湖區,金湖里,金湖里,polling-station-single-village,verified,tw.gov.cec~ref~polling-station.識別碼 → 村里代碼 → tw.openfun~entity~geo,target_village_id=63000100-034
2022,內湖區,金瑞里,金瑞里,polling-station-single-village,verified,tw.gov.cec~ref~polling-station.識別碼 → 村里代碼 → tw.openfun~entity~geo,target_village_id=63000100-014
2022,內湖區,金龍里,金龍里,polling-station-single-village,verified,tw.gov.cec~ref~polling-station.識別碼 → 村里代碼 → tw.openfun~entity~geo,target_village_id=63000100-013
2022,內湖區,南湖里,南湖里,polling-station-single-village,verified,tw.gov.cec~ref~polling-station.識別碼 → 村里代碼 → tw.openfun~entity~geo,target_village_id=63000100-040
2022,內湖區,康寧里,康寧里,polling-station-single-village,verified,tw.gov.cec~ref~polling-station.識別碼 → 村里代碼 → tw.openfun~entity~geo,target_village_id=63000100-035
2022,內湖區,清白里,清白里,polling-station-single-village,verified,tw.gov.cec~ref~polling-station.識別碼 → 村里代碼 → tw.openfun~entity~geo,target_village_id=63000100-017
2022,內湖區,港都里,港都里,polling-station-single-village,verified,tw.gov.cec~ref~polling-station.識別碼 → 村里代碼 → tw.openfun~entity~geo,target_village_id=63000100-006
2022,內湖區,港富里,港富里,polling-station-single-village,verified,tw.gov.cec~ref~polling-station.識別碼 → 村里代碼 → tw.openfun~entity~geo,target_village_id=63000100-007
2022,內湖區,港華里,港華里,polling-station-single-village,verified,tw.gov.cec~ref~polling-station.識別碼 → 村里代碼 → tw.openfun~entity~geo,target_village_id=63000100-008
2022,內湖區,港墘里,港墘里,polling-station-single-village,verified,tw.gov.cec~ref~polling-station.識別碼 → 村里代碼 → tw.openfun~entity~geo,target_village_id=63000100-005
2022,內湖區,湖元里,湖元里,polling-station-single-village,verified,tw.gov.cec~ref~polling-station.識別碼 → 村里代碼 → tw.openfun~entity~geo,target_village_id=63000100-030
2022,內湖區,湖興里,湖興里,polling-station-single-village,verified,tw.gov.cec~ref~polling-station.識別碼 → 村里代碼 → tw.openfun~entity~geo,target_village_id=63000100-029
2022,內湖區,湖濱里,湖濱里,polling-station-single-village,verified,tw.gov.cec~ref~polling-station.識別碼 → 村里代碼 → tw.openfun~entity~geo,target_village_id=63000100-010
2022,內湖區,紫星里,紫星里,polling-station-single-village,verified,tw.gov.cec~ref~polling-station.識別碼 → 村里代碼 → tw.openfun~entity~geo,target_village_id=63000100-011
2022,內湖區,紫陽里,紫陽里,polling-station-single-village,verified,tw.gov.cec~ref~polling-station.識別碼 → 村里代碼 → tw.openfun~entity~geo,target_village_id=63000100-019
2022,內湖區,紫雲里,紫雲里,polling-station-single-village,verified,tw.gov.cec~ref~polling-station.識別碼 → 村里代碼 → tw.openfun~entity~geo,target_village_id=63000100-016
2022,內湖區,週美里,週美里,polling-station-single-village,verified,tw.gov.cec~ref~polling-station.識別碼 → 村里代碼 → tw.openfun~entity~geo,target_village_id=63000100-026
2022,內湖區,瑞光里,瑞光里,polling-station-single-village,verified,tw.gov.cec~ref~polling-station.識別碼 → 村里代碼 → tw.openfun~entity~geo,target_village_id=63000100-021
2022,內湖區,瑞陽里,瑞陽里,polling-station-single-village,verified,tw.gov.cec~ref~polling-station.識別碼 → 村里代碼 → tw.openfun~entity~geo,target_village_id=63000100-020
2022,內湖區,葫洲里,葫洲里,polling-station-single-village,verified,tw.gov.cec~ref~polling-station.識別碼 → 村里代碼 → tw.openfun~entity~geo,target_village_id=63000100-018
2022,內湖區,碧山里,碧山里,polling-station-single-village,verified,tw.gov.cec~ref~polling-station.識別碼 → 村里代碼 → tw.openfun~entity~geo,target_village_id=63000100-015
2022,內湖區,樂康里,樂康里,polling-station-single-village,verified,tw.gov.cec~ref~polling-station.識別碼 → 村里代碼 → tw.openfun~entity~geo,target_village_id=63000100-024
2022,內湖區,麗山里,麗山里,polling-station-single-village,verified,tw.gov.cec~ref~polling-station.識別碼 → 村里代碼 → tw.openfun~entity~geo,target_village_id=63000100-038
2022,內湖區,寶湖里,寶湖里,polling-station-single-village,verified,tw.gov.cec~ref~polling-station.識別碼 → 村里代碼 → tw.openfun~entity~geo,target_village_id=63000100-039
2022,內湖區,蘆洲里,蘆洲里,polling-station-single-village,verified,tw.gov.cec~ref~polling-station.識別碼 → 村里代碼 → tw.openfun~entity~geo,target_village_id=63000100-037
2022,文山區,木柵里,木柵里,polling-station-single-village,verified,tw.gov.cec~ref~polling-station.識別碼 → 村里代碼 → tw.openfun~entity~geo,target_village_id=63000080-027
2022,文山區,木新里,木新里,polling-station-single-village,verified,tw.gov.cec~ref~polling-station.識別碼 → 村里代碼 → tw.openfun~entity~geo,target_village_id=63000080-028
2022,文山區,老泉里,老泉里,polling-station-single-village,verified,tw.gov.cec~ref~polling-station.識別碼 → 村里代碼 → tw.openfun~entity~geo,target_village_id=63000080-037
2022,文山區,忠順里,忠順里,polling-station-single-village,verified,tw.gov.cec~ref~polling-station.識別碼 → 村里代碼 → tw.openfun~entity~geo,target_village_id=63000080-038
2022,文山區,明義里,明義里,polling-station-single-village,verified,tw.gov.cec~ref~polling-station.識別碼 → 村里代碼 → tw.openfun~entity~geo,target_village_id=63000080-025
2022,文山區,明興里,明興里,polling-station-single-village,verified,tw.gov.cec~ref~polling-station.識別碼 → 村里代碼 → tw.openfun~entity~geo,target_village_id=63000080-026
2022,文山區,指南里,指南里,polling-station-single-village,verified,tw.gov.cec~ref~polling-station.識別碼 → 村里代碼 → tw.openfun~entity~geo,target_village_id=63000080-036
2022,文山區,政大里,政大里,polling-station-single-village,verified,tw.gov.cec~ref~polling-station.識別碼 → 村里代碼 → tw.openfun~entity~geo,target_village_id=63000080-040
2022,文山區,博嘉里,博嘉里,polling-station-single-village,verified,tw.gov.cec~ref~polling-station.識別碼 → 村里代碼 → tw.openfun~entity~geo,target_village_id=63000080-034
2022,文山區,景仁里,景仁里,polling-station-single-village,verified,tw.gov.cec~ref~polling-station.識別碼 → 村里代碼 → tw.openfun~entity~geo,target_village_id=63000080-005
2022,文山區,景行里,景行里,polling-station-single-village,verified,tw.gov.cec~ref~polling-station.識別碼 → 村里代碼 → tw.openfun~entity~geo,target_village_id=63000080-001
2022,文山區,景東里,景東里,polling-station-single-village,verified,tw.gov.cec~ref~polling-station.識別碼 → 村里代碼 → tw.openfun~entity~geo,target_village_id=63000080-002
2022,文山區,景美里,景美里,polling-station-single-village,verified,tw.gov.cec~ref~polling-station.識別碼 → 村里代碼 → tw.openfun~entity~geo,target_village_id=63000080-003
2022,文山區,景華里,景華里,polling-station-single-village,verified,tw.gov.cec~ref~polling-station.識別碼 → 村里代碼 → tw.openfun~entity~geo,target_village_id=63000080-006
2022,文山區,景慶里,景慶里,polling-station-single-village,verified,tw.gov.cec~ref~polling-station.識別碼 → 村里代碼 → tw.openfun~entity~geo,target_village_id=63000080-004
2022,文山區,華興里,華興里,polling-station-single-village,verified,tw.gov.cec~ref~polling-station.識別碼 → 村里代碼 → tw.openfun~entity~geo,target_village_id=63000080-024
2022,文山區,順興里,順興里,polling-station-single-village,verified,tw.gov.cec~ref~polling-station.識別碼 → 村里代碼 → tw.openfun~entity~geo,target_village_id=63000080-029
2022,文山區,萬年里,萬年里,polling-station-single-village,verified,tw.gov.cec~ref~polling-station.識別碼 → 村里代碼 → tw.openfun~entity~geo,target_village_id=63000080-010
2022,文山區,萬有里,萬有里,polling-station-single-village,verified,tw.gov.cec~ref~polling-station.識別碼 → 村里代碼 → tw.openfun~entity~geo,target_village_id=63000080-007
2022,文山區,萬和里,萬和里,polling-station-single-village,verified,tw.gov.cec~ref~polling-station.識別碼 → 村里代碼 → tw.openfun~entity~geo,target_village_id=63000080-011
2022,文山區,萬芳里,萬芳里,polling-station-single-village,verified,tw.gov.cec~ref~polling-station.識別碼 → 村里代碼 → tw.openfun~entity~geo,target_village_id=63000080-033
2022,文山區,萬美里,萬美里,polling-station-single-village,verified,tw.gov.cec~ref~polling-station.識別碼 → 村里代碼 → tw.openfun~entity~geo,target_village_id=63000080-039
2022,文山區,萬盛里,萬盛里,polling-station-single-village,verified,tw.gov.cec~ref~polling-station.識別碼 → 村里代碼 → tw.openfun~entity~geo,target_village_id=63000080-012
2022,文山區,萬祥里,萬祥里,polling-station-single-village,verified,tw.gov.cec~ref~polling-station.識別碼 → 村里代碼 → tw.openfun~entity~geo,target_village_id=63000080-008
2022,文山區,萬隆里,萬隆里,polling-station-single-village,verified,tw.gov.cec~ref~polling-station.識別碼 → 村里代碼 → tw.openfun~entity~geo,target_village_id=63000080-009
2022,文山區,萬興里,萬興里,polling-station-single-village,verified,tw.gov.cec~ref~polling-station.識別碼 → 村里代碼 → tw.openfun~entity~geo,target_village_id=63000080-035
2022,文山區,試院里,試院里,polling-station-single-village,verified,tw.gov.cec~ref~polling-station.識別碼 → 村里代碼 → tw.openfun~entity~geo,target_village_id=63000080-023
2022,文山區,樟文里,樟文里,polling-station-single-village,verified,tw.gov.cec~ref~polling-station.識別碼 → 村里代碼 → tw.openfun~entity~geo,target_village_id=63000080-041
2022,文山區,樟林里,樟林里,polling-station-single-village,verified,tw.gov.cec~ref~polling-station.識別碼 → 村里代碼 → tw.openfun~entity~geo,target_village_id=63000080-030
2022,文山區,樟新里,樟新里,polling-station-single-village,verified,tw.gov.cec~ref~polling-station.識別碼 → 村里代碼 → tw.openfun~entity~geo,target_village_id=63000080-031
2022,文山區,樟腳里,樟腳里,polling-station-single-village,verified,tw.gov.cec~ref~polling-station.識別碼 → 村里代碼 → tw.openfun~entity~geo,target_village_id=63000080-032
2022,文山區,樟樹里,樟樹里,polling-station-single-village,verified,tw.gov.cec~ref~polling-station.識別碼 → 村里代碼 → tw.openfun~entity~geo,target_village_id=63000080-043
2022,文山區,興光里,興光里,polling-station-single-village,verified,tw.gov.cec~ref~polling-station.識別碼 → 村里代碼 → tw.openfun~entity~geo,target_village_id=63000080-014
2022,文山區,興安里,興安里,polling-station-single-village,verified,tw.gov.cec~ref~polling-station.識別碼 → 村里代碼 → tw.openfun~entity~geo,target_village_id=63000080-018
2022,文山區,興邦里,興邦里,polling-station-single-village,verified,tw.gov.cec~ref~polling-station.識別碼 → 村里代碼 → tw.openfun~entity~geo,target_village_id=63000080-042
2022,文山區,興旺里,興旺里,polling-station-single-village,verified,tw.gov.cec~ref~polling-station.識別碼 → 村里代碼 → tw.openfun~entity~geo,target_village_id=63000080-020
2022,文山區,興昌里,興昌里,polling-station-single-village,verified,tw.gov.cec~ref~polling-station.識別碼 → 村里代碼 → tw.openfun~entity~geo,target_village_id=63000080-022
2022,文山區,興家里,興家里,polling-station-single-village,verified,tw.gov.cec~ref~polling-station.識別碼 → 村里代碼 → tw.openfun~entity~geo,target_village_id=63000080-015
2022,文山區,興泰里,興泰里,polling-station-single-village,verified,tw.gov.cec~ref~polling-station.識別碼 → 村里代碼 → tw.openfun~entity~geo,target_village_id=63000080-021
2022,文山區,興得里,興得里,polling-station-single-village,verified,tw.gov.cec~ref~polling-station.識別碼 → 村里代碼 → tw.openfun~entity~geo,target_village_id=63000080-016
2022,文山區,興業里,興業里,polling-station-single-village,verified,tw.gov.cec~ref~polling-station.識別碼 → 村里代碼 → tw.openfun~entity~geo,target_village_id=63000080-017
2022,文山區,興福里,興福里,polling-station-single-village,verified,tw.gov.cec~ref~polling-station.識別碼 → 村里代碼 → tw.openfun~entity~geo,target_village_id=63000080-019
2022,文山區,興豐里,興豐里,polling-station-single-village,verified,tw.gov.cec~ref~polling-station.識別碼 → 村里代碼 → tw.openfun~entity~geo,target_village_id=63000080-013
2022,北投區,一德里,一德里,polling-station-single-village,verified,tw.gov.cec~ref~polling-station.識別碼 → 村里代碼 → tw.openfun~entity~geo,target_village_id=63000120-037
2022,北投區,八仙里,八仙里,polling-station-single-village,verified,tw.gov.cec~ref~polling-station.識別碼 → 村里代碼 → tw.openfun~entity~geo,target_village_id=63000120-018
2022,北投區,大屯里,大屯里,polling-station-single-village,verified,tw.gov.cec~ref~polling-station.識別碼 → 村里代碼 → tw.openfun~entity~geo,target_village_id=63000120-041
2022,北投區,大同里,大同里,polling-station-single-village,verified,tw.gov.cec~ref~polling-station.識別碼 → 村里代碼 → tw.openfun~entity~geo,target_village_id=63000120-024
2022,北投區,中心里,中心里,polling-station-single-village,verified,tw.gov.cec~ref~polling-station.識別碼 → 村里代碼 → tw.openfun~entity~geo,target_village_id=63000120-027
2022,北投區,中央里,中央里,polling-station-single-village,verified,tw.gov.cec~ref~polling-station.識別碼 → 村里代碼 → tw.openfun~entity~geo,target_village_id=63000120-022
2022,北投區,中和里,中和里,polling-station-single-village,verified,tw.gov.cec~ref~polling-station.識別碼 → 村里代碼 → tw.openfun~entity~geo,target_village_id=63000120-030
2022,北投區,中庸里,中庸里,polling-station-single-village,verified,tw.gov.cec~ref~polling-station.識別碼 → 村里代碼 → tw.openfun~entity~geo,target_village_id=63000120-028
2022,北投區,文化里,文化里,polling-station-single-village,verified,tw.gov.cec~ref~polling-station.識別碼 → 村里代碼 → tw.openfun~entity~geo,target_village_id=63000120-033
2022,北投區,文林里,文林里,polling-station-single-village,verified,tw.gov.cec~ref~polling-station.識別碼 → 村里代碼 → tw.openfun~entity~geo,target_village_id=63000120-002
2022,北投區,永和里,永和里,polling-station-single-village,verified,tw.gov.cec~ref~polling-station.識別碼 → 村里代碼 → tw.openfun~entity~geo,target_village_id=63000120-009
2022,北投區,永明里,永明里,polling-station-single-village,verified,tw.gov.cec~ref~polling-station.識別碼 → 村里代碼 → tw.openfun~entity~geo,target_village_id=63000120-011
2022,北投區,永欣里,永欣里,polling-station-single-village,verified,tw.gov.cec~ref~polling-station.識別碼 → 村里代碼 → tw.openfun~entity~geo,target_village_id=63000120-010
2022,北投區,石牌里,石牌里,polling-station-single-village,verified,tw.gov.cec~ref~polling-station.識別碼 → 村里代碼 → tw.openfun~entity~geo,target_village_id=63000120-003
2022,北投區,立農里,立農里,polling-station-single-village,verified,tw.gov.cec~ref~polling-station.識別碼 → 村里代碼 → tw.openfun~entity~geo,target_village_id=63000120-017
2022,北投區,立賢里,立賢里,polling-station-single-village,verified,tw.gov.cec~ref~polling-station.識別碼 → 村里代碼 → tw.openfun~entity~geo,target_village_id=63000120-016
2022,北投區,吉利里,吉利里,polling-station-single-village,verified,tw.gov.cec~ref~polling-station.識別碼 → 村里代碼 → tw.openfun~entity~geo,target_village_id=63000120-013
2022,北投區,吉慶里,吉慶里,polling-station-single-village,verified,tw.gov.cec~ref~polling-station.識別碼 → 村里代碼 → tw.openfun~entity~geo,target_village_id=63000120-014
2022,北投區,秀山里,秀山里,polling-station-single-village,verified,tw.gov.cec~ref~polling-station.識別碼 → 村里代碼 → tw.openfun~entity~geo,target_village_id=63000120-032
2022,北投區,奇岩里,奇岩里,polling-station-single-village,verified,tw.gov.cec~ref~polling-station.識別碼 → 村里代碼 → tw.openfun~entity~geo,target_village_id=63000120-020
2022,北投區,東華里,東華里,polling-station-single-village,verified,tw.gov.cec~ref~polling-station.識別碼 → 村里代碼 → tw.openfun~entity~geo,target_village_id=63000120-012
2022,北投區,林泉里,林泉里,polling-station-single-village,verified,tw.gov.cec~ref~polling-station.識別碼 → 村里代碼 → tw.openfun~entity~geo,target_village_id=63000120-026
2022,北投區,長安里,長安里,polling-station-single-village,verified,tw.gov.cec~ref~polling-station.識別碼 → 村里代碼 → tw.openfun~entity~geo,target_village_id=63000120-023
2022,北投區,建民里,建民里,polling-station-single-village,verified,tw.gov.cec~ref~polling-station.識別碼 → 村里代碼 → tw.openfun~entity~geo,target_village_id=63000120-001
2022,北投區,泉源里,泉源里,polling-station-single-village,verified,tw.gov.cec~ref~polling-station.識別碼 → 村里代碼 → tw.openfun~entity~geo,target_village_id=63000120-039
2022,北投區,洲美里,洲美里,polling-station-single-village,verified,tw.gov.cec~ref~polling-station.識別碼 → 村里代碼 → tw.openfun~entity~geo,target_village_id=63000120-019
2022,北投區,振華里,振華里,polling-station-single-village,verified,tw.gov.cec~ref~polling-station.識別碼 → 村里代碼 → tw.openfun~entity~geo,target_village_id=63000120-008
2022,北投區,桃源里,桃源里,polling-station-single-village,verified,tw.gov.cec~ref~polling-station.識別碼 → 村里代碼 → tw.openfun~entity~geo,target_village_id=63000120-036
2022,北投區,清江里,清江里,polling-station-single-village,verified,tw.gov.cec~ref~polling-station.識別碼 → 村里代碼 → tw.openfun~entity~geo,target_village_id=63000120-021
2022,北投區,尊賢里,尊賢里,polling-station-single-village,verified,tw.gov.cec~ref~polling-station.識別碼 → 村里代碼 → tw.openfun~entity~geo,target_village_id=63000120-015
2022,北投區,智仁里,智仁里,polling-station-single-village,verified,tw.gov.cec~ref~polling-station.識別碼 → 村里代碼 → tw.openfun~entity~geo,target_village_id=63000120-031
2022,北投區,湖山里,湖山里,polling-station-single-village,verified,tw.gov.cec~ref~polling-station.識別碼 → 村里代碼 → tw.openfun~entity~geo,target_village_id=63000120-040
2022,北投區,湖田里,湖田里,polling-station-single-village,verified,tw.gov.cec~ref~polling-station.識別碼 → 村里代碼 → tw.openfun~entity~geo,target_village_id=63000120-042
2022,北投區,開明里,開明里,polling-station-single-village,verified,tw.gov.cec~ref~polling-station.識別碼 → 村里代碼 → tw.openfun~entity~geo,target_village_id=63000120-029
2022,北投區,溫泉里,溫泉里,polling-station-single-village,verified,tw.gov.cec~ref~polling-station.識別碼 → 村里代碼 → tw.openfun~entity~geo,target_village_id=63000120-025
2022,北投區,裕民里,裕民里,polling-station-single-village,verified,tw.gov.cec~ref~polling-station.識別碼 → 村里代碼 → tw.openfun~entity~geo,target_village_id=63000120-007
2022,北投區,榮光里,榮光里,polling-station-single-village,verified,tw.gov.cec~ref~polling-station.識別碼 → 村里代碼 → tw.openfun~entity~geo,target_village_id=63000120-005
2022,北投區,榮華里,榮華里,polling-station-single-village,verified,tw.gov.cec~ref~polling-station.識別碼 → 村里代碼 → tw.openfun~entity~geo,target_village_id=63000120-006
2022,北投區,福興里,福興里,polling-station-single-village,verified,tw.gov.cec~ref~polling-station.識別碼 → 村里代碼 → tw.openfun~entity~geo,target_village_id=63000120-004
2022,北投區,稻香里,稻香里,polling-station-single-village,verified,tw.gov.cec~ref~polling-station.識別碼 → 村里代碼 → tw.openfun~entity~geo,target_village_id=63000120-035
2022,北投區,豐年里,豐年里,polling-station-single-village,verified,tw.gov.cec~ref~polling-station.識別碼 → 村里代碼 → tw.openfun~entity~geo,target_village_id=63000120-034
2022,北投區,關渡里,關渡里,polling-station-single-village,verified,tw.gov.cec~ref~polling-station.識別碼 → 村里代碼 → tw.openfun~entity~geo,target_village_id=63000120-038
2022,松山區,三民里,三民里,polling-station-single-village,verified,tw.gov.cec~ref~polling-station.識別碼 → 村里代碼 → tw.openfun~entity~geo,target_village_id=63000010-004
2022,松山區,中正里,中正里,polling-station-single-village,verified,tw.gov.cec~ref~polling-station.識別碼 → 村里代碼 → tw.openfun~entity~geo,target_village_id=63000010-026
2022,松山區,中崙里,中崙里,polling-station-single-village,verified,tw.gov.cec~ref~polling-station.識別碼 → 村里代碼 → tw.openfun~entity~geo,target_village_id=63000010-027
2022,松山區,中華里,中華里,polling-station-single-village,verified,tw.gov.cec~ref~polling-station.識別碼 → 村里代碼 → tw.openfun~entity~geo,target_village_id=63000010-015
2022,松山區,介壽里,介壽里,polling-station-single-village,verified,tw.gov.cec~ref~polling-station.識別碼 → 村里代碼 → tw.openfun~entity~geo,target_village_id=63000010-009
2022,松山區,民有里,民有里,polling-station-single-village,verified,tw.gov.cec~ref~polling-station.識別碼 → 村里代碼 → tw.openfun~entity~geo,target_village_id=63000010-016
2022,松山區,民福里,民福里,polling-station-single-village,verified,tw.gov.cec~ref~polling-station.識別碼 → 村里代碼 → tw.openfun~entity~geo,target_village_id=63000010-017
2022,松山區,吉仁里,吉仁里,polling-station-single-village,verified,tw.gov.cec~ref~polling-station.識別碼 → 村里代碼 → tw.openfun~entity~geo,target_village_id=63000010-029
2022,松山區,吉祥里,吉祥里,polling-station-single-village,verified,tw.gov.cec~ref~polling-station.識別碼 → 村里代碼 → tw.openfun~entity~geo,target_village_id=63000010-022
2022,松山區,安平里,安平里,polling-station-single-village,verified,tw.gov.cec~ref~polling-station.識別碼 → 村里代碼 → tw.openfun~entity~geo,target_village_id=63000010-019
2022,松山區,自強里,自強里,polling-station-single-village,verified,tw.gov.cec~ref~polling-station.識別碼 → 村里代碼 → tw.openfun~entity~geo,target_village_id=63000010-021
2022,松山區,東光里,東光里,polling-station-single-village,verified,tw.gov.cec~ref~polling-station.識別碼 → 村里代碼 → tw.openfun~entity~geo,target_village_id=63000010-011
2022,松山區,東昌里,東昌里,polling-station-single-village,verified,tw.gov.cec~ref~polling-station.識別碼 → 村里代碼 → tw.openfun~entity~geo,target_village_id=63000010-013
2022,松山區,東勢里,東勢里,polling-station-single-village,verified,tw.gov.cec~ref~polling-station.識別碼 → 村里代碼 → tw.openfun~entity~geo,target_village_id=63000010-014
2022,松山區,東榮里,東榮里,polling-station-single-village,verified,tw.gov.cec~ref~polling-station.識別碼 → 村里代碼 → tw.openfun~entity~geo,target_village_id=63000010-003
2022,松山區,松基里,松基里,polling-station-single-village,verified,tw.gov.cec~ref~polling-station.識別碼 → 村里代碼 → tw.openfun~entity~geo,target_village_id=63000010-035
2022,松山區,美仁里,美仁里,polling-station-single-village,verified,tw.gov.cec~ref~polling-station.識別碼 → 村里代碼 → tw.openfun~entity~geo,target_village_id=63000010-028
2022,松山區,莊敬里,莊敬里,polling-station-single-village,verified,tw.gov.cec~ref~polling-station.識別碼 → 村里代碼 → tw.openfun~entity~geo,target_village_id=63000010-002
2022,松山區,富泰里,富泰里,polling-station-single-village,verified,tw.gov.cec~ref~polling-station.識別碼 → 村里代碼 → tw.openfun~entity~geo,target_village_id=63000010-008
2022,松山區,富錦里,富錦里,polling-station-single-village,verified,tw.gov.cec~ref~polling-station.識別碼 → 村里代碼 → tw.openfun~entity~geo,target_village_id=63000010-006
2022,松山區,復建里,復建里,polling-station-single-village,verified,tw.gov.cec~ref~polling-station.識別碼 → 村里代碼 → tw.openfun~entity~geo,target_village_id=63000010-032
2022,松山區,復盛里,復盛里,polling-station-single-village,verified,tw.gov.cec~ref~polling-station.識別碼 → 村里代碼 → tw.openfun~entity~geo,target_village_id=63000010-025
2022,松山區,復勢里,復勢里,polling-station-single-village,verified,tw.gov.cec~ref~polling-station.識別碼 → 村里代碼 → tw.openfun~entity~geo,target_village_id=63000010-033
2022,松山區,復源里,復源里,polling-station-single-village,verified,tw.gov.cec~ref~polling-station.識別碼 → 村里代碼 → tw.openfun~entity~geo,target_village_id=63000010-031
2022,松山區,敦化里,敦化里,polling-station-single-village,verified,tw.gov.cec~ref~polling-station.識別碼 → 村里代碼 → tw.openfun~entity~geo,target_village_id=63000010-030
2022,松山區,新東里,新東里,polling-station-single-village,verified,tw.gov.cec~ref~polling-station.識別碼 → 村里代碼 → tw.openfun~entity~geo,target_village_id=63000010-007
2022,松山區,新益里,新益里,polling-station-single-village,verified,tw.gov.cec~ref~polling-station.識別碼 → 村里代碼 → tw.openfun~entity~geo,target_village_id=63000010-005
2022,松山區,新聚里,新聚里,polling-station-single-village,verified,tw.gov.cec~ref~polling-station.識別碼 → 村里代碼 → tw.openfun~entity~geo,target_village_id=63000010-024
2022,松山區,慈祐里,慈祐里,polling-station-single-village,verified,tw.gov.cec~ref~polling-station.識別碼 → 村里代碼 → tw.openfun~entity~geo,target_village_id=63000010-018
2022,松山區,福成里,福成里,polling-station-single-village,verified,tw.gov.cec~ref~polling-station.識別碼 → 村里代碼 → tw.openfun~entity~geo,target_village_id=63000010-034
2022,松山區,精忠里,精忠里,polling-station-single-village,verified,tw.gov.cec~ref~polling-station.識別碼 → 村里代碼 → tw.openfun~entity~geo,target_village_id=63000010-010
2022,松山區,龍田里,龍田里,polling-station-single-village,verified,tw.gov.cec~ref~polling-station.識別碼 → 村里代碼 → tw.openfun~entity~geo,target_village_id=63000010-012
2022,松山區,鵬程里,鵬程里,polling-station-single-village,verified,tw.gov.cec~ref~polling-station.識別碼 → 村里代碼 → tw.openfun~entity~geo,target_village_id=63000010-020
2022,信義區,三張里,三張里,polling-station-single-village,verified,tw.gov.cec~ref~polling-station.識別碼 → 村里代碼 → tw.openfun~entity~geo,target_village_id=63000020-030
2022,信義區,三犁里,三犁里,polling-station-single-village,verified,tw.gov.cec~ref~polling-station.識別碼 → 村里代碼 → tw.openfun~entity~geo,target_village_id=63000020-031
2022,信義區,大仁里,大仁里,polling-station-single-village,verified,tw.gov.cec~ref~polling-station.識別碼 → 村里代碼 → tw.openfun~entity~geo,target_village_id=63000020-027
2022,信義區,大道里,大道里,polling-station-single-village,verified,tw.gov.cec~ref~polling-station.識別碼 → 村里代碼 → tw.openfun~entity~geo,target_village_id=63000020-026
2022,信義區,中行里,中行里,polling-station-single-village,verified,tw.gov.cec~ref~polling-station.識別碼 → 村里代碼 → tw.openfun~entity~geo,target_village_id=63000020-025
2022,信義區,中坡里,中坡里,polling-station-single-village,verified,tw.gov.cec~ref~polling-station.識別碼 → 村里代碼 → tw.openfun~entity~geo,target_village_id=63000020-024
2022,信義區,中興里,中興里,polling-station-single-village,verified,tw.gov.cec~ref~polling-station.識別碼 → 村里代碼 → tw.openfun~entity~geo,target_village_id=63000020-004
2022,信義區,五全里,五全里,polling-station-single-village,verified,tw.gov.cec~ref~polling-station.識別碼 → 村里代碼 → tw.openfun~entity~geo,target_village_id=63000020-013
2022,信義區,五常里,五常里,polling-station-single-village,verified,tw.gov.cec~ref~polling-station.識別碼 → 村里代碼 → tw.openfun~entity~geo,target_village_id=63000020-012
2022,信義區,六合里,六合里,polling-station-single-village,verified,tw.gov.cec~ref~polling-station.識別碼 → 村里代碼 → tw.openfun~entity~geo,target_village_id=63000020-032
2022,信義區,六藝里,六藝里,polling-station-single-village,verified,tw.gov.cec~ref~polling-station.識別碼 → 村里代碼 → tw.openfun~entity~geo,target_village_id=63000020-010
2022,信義區,四育里,四育里,polling-station-single-village,verified,tw.gov.cec~ref~polling-station.識別碼 → 村里代碼 → tw.openfun~entity~geo,target_village_id=63000020-016
2022,信義區,四維里,四維里,polling-station-single-village,verified,tw.gov.cec~ref~polling-station.識別碼 → 村里代碼 → tw.openfun~entity~geo,target_village_id=63000020-017
2022,信義區,正和里,正和里,polling-station-single-village,verified,tw.gov.cec~ref~polling-station.識別碼 → 村里代碼 → tw.openfun~entity~geo,target_village_id=63000020-002
2022,信義區,永吉里,永吉里,polling-station-single-village,verified,tw.gov.cec~ref~polling-station.識別碼 → 村里代碼 → tw.openfun~entity~geo,target_village_id=63000020-014
2022,信義區,永春里,永春里,polling-station-single-village,verified,tw.gov.cec~ref~polling-station.識別碼 → 村里代碼 → tw.openfun~entity~geo,target_village_id=63000020-018
2022,信義區,安康里,安康里,polling-station-single-village,verified,tw.gov.cec~ref~polling-station.識別碼 → 村里代碼 → tw.openfun~entity~geo,target_village_id=63000020-009
2022,信義區,西村里,西村里,polling-station-single-village,verified,tw.gov.cec~ref~polling-station.識別碼 → 村里代碼 → tw.openfun~entity~geo,target_village_id=63000020-001
2022,信義區,松友里,松友里,polling-station-single-village,verified,tw.gov.cec~ref~polling-station.識別碼 → 村里代碼 → tw.openfun~entity~geo,target_village_id=63000020-022
2022,信義區,松光里,松光里,polling-station-single-village,verified,tw.gov.cec~ref~polling-station.識別碼 → 村里代碼 → tw.openfun~entity~geo,target_village_id=63000020-023
2022,信義區,松隆里,松隆里,polling-station-single-village,verified,tw.gov.cec~ref~polling-station.識別碼 → 村里代碼 → tw.openfun~entity~geo,target_village_id=63000020-021
2022,信義區,長春里,長春里,polling-station-single-village,verified,tw.gov.cec~ref~polling-station.識別碼 → 村里代碼 → tw.openfun~entity~geo,target_village_id=63000020-015
2022,信義區,泰和里,泰和里,polling-station-single-village,verified,tw.gov.cec~ref~polling-station.識別碼 → 村里代碼 → tw.openfun~entity~geo,target_village_id=63000020-033
2022,信義區,國業里,國業里,polling-station-single-village,verified,tw.gov.cec~ref~polling-station.識別碼 → 村里代碼 → tw.openfun~entity~geo,target_village_id=63000020-020
2022,信義區,富台里,富台里,polling-station-single-village,verified,tw.gov.cec~ref~polling-station.識別碼 → 村里代碼 → tw.openfun~entity~geo,target_village_id=63000020-019
2022,信義區,惠安里,惠安里,polling-station-single-village,verified,tw.gov.cec~ref~polling-station.識別碼 → 村里代碼 → tw.openfun~entity~geo,target_village_id=63000020-029
2022,信義區,敦厚里,敦厚里,polling-station-single-village,verified,tw.gov.cec~ref~polling-station.識別碼 → 村里代碼 → tw.openfun~entity~geo,target_village_id=63000020-007
2022,信義區,景勤里,景勤里,polling-station-single-village,verified,tw.gov.cec~ref~polling-station.識別碼 → 村里代碼 → tw.openfun~entity~geo,target_village_id=63000020-035
2022,信義區,景新里,景新里,polling-station-single-village,verified,tw.gov.cec~ref~polling-station.識別碼 → 村里代碼 → tw.openfun~entity~geo,target_village_id=63000020-028
2022,信義區,景聯里,景聯里,polling-station-single-village,verified,tw.gov.cec~ref~polling-station.識別碼 → 村里代碼 → tw.openfun~entity~geo,target_village_id=63000020-034
2022,信義區,雅祥里,雅祥里,polling-station-single-village,verified,tw.gov.cec~ref~polling-station.識別碼 → 村里代碼 → tw.openfun~entity~geo,target_village_id=63000020-011
2022,信義區,新仁里,新仁里,polling-station-single-village,verified,tw.gov.cec~ref~polling-station.識別碼 → 村里代碼 → tw.openfun~entity~geo,target_village_id=63000020-005
2022,信義區,嘉興里,嘉興里,polling-station-single-village,verified,tw.gov.cec~ref~polling-station.識別碼 → 村里代碼 → tw.openfun~entity~geo,target_village_id=63000020-037
2022,信義區,廣居里,廣居里,polling-station-single-village,verified,tw.gov.cec~ref~polling-station.識別碼 → 村里代碼 → tw.openfun~entity~geo,target_village_id=63000020-008
2022,信義區,黎平里,黎平里,polling-station-single-village,verified,tw.gov.cec~ref~polling-station.識別碼 → 村里代碼 → tw.openfun~entity~geo,target_village_id=63000020-039
2022,信義區,黎安里,黎安里,polling-station-single-village,verified,tw.gov.cec~ref~polling-station.識別碼 → 村里代碼 → tw.openfun~entity~geo,target_village_id=63000020-041
2022,信義區,黎忠里,黎忠里,polling-station-single-village,verified,tw.gov.cec~ref~polling-station.識別碼 → 村里代碼 → tw.openfun~entity~geo,target_village_id=63000020-040
2022,信義區,黎順里,黎順里,polling-station-single-village,verified,tw.gov.cec~ref~polling-station.識別碼 → 村里代碼 → tw.openfun~entity~geo,target_village_id=63000020-038
2022,信義區,興隆里,興隆里,polling-station-single-village,verified,tw.gov.cec~ref~polling-station.識別碼 → 村里代碼 → tw.openfun~entity~geo,target_village_id=63000020-003
2022,信義區,興雅里,興雅里,polling-station-single-village,verified,tw.gov.cec~ref~polling-station.識別碼 → 村里代碼 → tw.openfun~entity~geo,target_village_id=63000020-006
2022,信義區,雙和里,雙和里,polling-station-single-village,verified,tw.gov.cec~ref~polling-station.識別碼 → 村里代碼 → tw.openfun~entity~geo,target_village_id=63000020-036
2022,南港區,九如里,九如里,polling-station-single-village,verified,tw.gov.cec~ref~polling-station.識別碼 → 村里代碼 → tw.openfun~entity~geo,target_village_id=63000090-018
2022,南港區,三重里,三重里,polling-station-single-village,verified,tw.gov.cec~ref~polling-station.識別碼 → 村里代碼 → tw.openfun~entity~geo,target_village_id=63000090-004
2022,南港區,中南里,中南里,polling-station-single-village,verified,tw.gov.cec~ref~polling-station.識別碼 → 村里代碼 → tw.openfun~entity~geo,target_village_id=63000090-002
2022,南港區,中研里,中研里,polling-station-single-village,verified,tw.gov.cec~ref~polling-station.識別碼 → 村里代碼 → tw.openfun~entity~geo,target_village_id=63000090-017
2022,南港區,仁福里,仁福里,polling-station-single-village,verified,tw.gov.cec~ref~polling-station.識別碼 → 村里代碼 → tw.openfun~entity~geo,target_village_id=63000090-019
2022,南港區,玉成里,玉成里,polling-station-single-village,verified,tw.gov.cec~ref~polling-station.識別碼 → 村里代碼 → tw.openfun~entity~geo,target_village_id=63000090-009
2022,南港區,合成里,合成里,polling-station-single-village,verified,tw.gov.cec~ref~polling-station.識別碼 → 村里代碼 → tw.openfun~entity~geo,target_village_id=63000090-010
2022,南港區,成福里,成福里,polling-station-single-village,verified,tw.gov.cec~ref~polling-station.識別碼 → 村里代碼 → tw.openfun~entity~geo,target_village_id=63000090-011
2022,南港區,百福里,百福里,polling-station-single-village,verified,tw.gov.cec~ref~polling-station.識別碼 → 村里代碼 → tw.openfun~entity~geo,target_village_id=63000090-014
2022,南港區,西新里,西新里,polling-station-single-village,verified,tw.gov.cec~ref~polling-station.識別碼 → 村里代碼 → tw.openfun~entity~geo,target_village_id=63000090-008
2022,南港區,東明里,東明里,polling-station-single-village,verified,tw.gov.cec~ref~polling-station.識別碼 → 村里代碼 → tw.openfun~entity~geo,target_village_id=63000090-007
2022,南港區,東新里,東新里,polling-station-single-village,verified,tw.gov.cec~ref~polling-station.識別碼 → 村里代碼 → tw.openfun~entity~geo,target_village_id=63000090-005
2022,南港區,南港里,南港里,polling-station-single-village,verified,tw.gov.cec~ref~polling-station.識別碼 → 村里代碼 → tw.openfun~entity~geo,target_village_id=63000090-001
2022,南港區,重陽里,重陽里,polling-station-single-village,verified,tw.gov.cec~ref~polling-station.識別碼 → 村里代碼 → tw.openfun~entity~geo,target_village_id=63000090-020
2022,南港區,新光里,新光里,polling-station-single-village,verified,tw.gov.cec~ref~polling-station.識別碼 → 村里代碼 → tw.openfun~entity~geo,target_village_id=63000090-006
2022,南港區,新富里,新富里,polling-station-single-village,verified,tw.gov.cec~ref~polling-station.識別碼 → 村里代碼 → tw.openfun~entity~geo,target_village_id=63000090-003
2022,南港區,萬福里,萬福里,polling-station-single-village,verified,tw.gov.cec~ref~polling-station.識別碼 → 村里代碼 → tw.openfun~entity~geo,target_village_id=63000090-012
2022,南港區,聯成里,聯成里,polling-station-single-village,verified,tw.gov.cec~ref~polling-station.識別碼 → 村里代碼 → tw.openfun~entity~geo,target_village_id=63000090-015
2022,南港區,鴻福里,鴻福里,polling-station-single-village,verified,tw.gov.cec~ref~polling-station.識別碼 → 村里代碼 → tw.openfun~entity~geo,target_village_id=63000090-013
2022,南港區,舊莊里,舊莊里,polling-station-single-village,verified,tw.gov.cec~ref~polling-station.識別碼 → 村里代碼 → tw.openfun~entity~geo,target_village_id=63000090-016
2022,萬華區,仁德里,仁德里,polling-station-single-village,verified,tw.gov.cec~ref~polling-station.識別碼 → 村里代碼 → tw.openfun~entity~geo,target_village_id=63000070-009
2022,萬華區,日祥里,日祥里,polling-station-single-village,verified,tw.gov.cec~ref~polling-station.識別碼 → 村里代碼 → tw.openfun~entity~geo,target_village_id=63000070-033
2022,萬華區,日善里,日善里,polling-station-single-village,verified,tw.gov.cec~ref~polling-station.識別碼 → 村里代碼 → tw.openfun~entity~geo,target_village_id=63000070-020
2022,萬華區,全德里,全德里,polling-station-single-village,verified,tw.gov.cec~ref~polling-station.識別碼 → 村里代碼 → tw.openfun~entity~geo,target_village_id=63000070-026
2022,萬華區,西門里,西門里,polling-station-single-village,verified,tw.gov.cec~ref~polling-station.識別碼 → 村里代碼 → tw.openfun~entity~geo,target_village_id=63000070-003
2022,萬華區,孝德里,孝德里,polling-station-single-village,verified,tw.gov.cec~ref~polling-station.識別碼 → 村里代碼 → tw.openfun~entity~geo,target_village_id=63000070-023
2022,萬華區,和平里,和平里,polling-station-single-village,verified,tw.gov.cec~ref~polling-station.識別碼 → 村里代碼 → tw.openfun~entity~geo,target_village_id=63000070-016
2022,萬華區,和德里,和德里,polling-station-single-village,verified,tw.gov.cec~ref~polling-station.識別碼 → 村里代碼 → tw.openfun~entity~geo,target_village_id=63000070-024
2022,萬華區,忠貞里,忠貞里,polling-station-single-village,verified,tw.gov.cec~ref~polling-station.識別碼 → 村里代碼 → tw.openfun~entity~geo,target_village_id=63000070-034
2022,萬華區,忠德里,忠德里,polling-station-single-village,verified,tw.gov.cec~ref~polling-station.識別碼 → 村里代碼 → tw.openfun~entity~geo,target_village_id=63000070-022
2022,萬華區,青山里,青山里,polling-station-single-village,verified,tw.gov.cec~ref~polling-station.識別碼 → 村里代碼 → tw.openfun~entity~geo,target_village_id=63000070-006
2022,萬華區,保德里,保德里,polling-station-single-village,verified,tw.gov.cec~ref~polling-station.識別碼 → 村里代碼 → tw.openfun~entity~geo,target_village_id=63000070-027
2022,萬華區,柳鄉里,柳鄉里,polling-station-single-village,verified,tw.gov.cec~ref~polling-station.識別碼 → 村里代碼 → tw.openfun~entity~geo,target_village_id=63000070-019
2022,萬華區,凌霄里,凌霄里,polling-station-single-village,verified,tw.gov.cec~ref~polling-station.識別碼 → 村里代碼 → tw.openfun~entity~geo,target_village_id=63000070-035
2022,萬華區,頂碩里,頂碩里,polling-station-single-village,verified,tw.gov.cec~ref~polling-station.識別碼 → 村里代碼 → tw.openfun~entity~geo,target_village_id=63000070-011
2022,萬華區,富民里,富民里,polling-station-single-village,verified,tw.gov.cec~ref~polling-station.識別碼 → 村里代碼 → tw.openfun~entity~geo,target_village_id=63000070-007
2022,萬華區,富福里,富福里,polling-station-single-village,verified,tw.gov.cec~ref~polling-station.識別碼 → 村里代碼 → tw.openfun~entity~geo,target_village_id=63000070-010
2022,萬華區,菜園里,菜園里,polling-station-single-village,verified,tw.gov.cec~ref~polling-station.識別碼 → 村里代碼 → tw.openfun~entity~geo,target_village_id=63000070-005
2022,萬華區,華中里,華中里,polling-station-single-village,verified,tw.gov.cec~ref~polling-station.識別碼 → 村里代碼 → tw.openfun~entity~geo,target_village_id=63000070-032
2022,萬華區,華江里,華江里,polling-station-single-village,verified,tw.gov.cec~ref~polling-station.識別碼 → 村里代碼 → tw.openfun~entity~geo,target_village_id=63000070-018
2022,萬華區,新安里,新安里,polling-station-single-village,verified,tw.gov.cec~ref~polling-station.識別碼 → 村里代碼 → tw.openfun~entity~geo,target_village_id=63000070-021
2022,萬華區,新和里,新和里,polling-station-single-village,verified,tw.gov.cec~ref~polling-station.識別碼 → 村里代碼 → tw.openfun~entity~geo,target_village_id=63000070-014
2022,萬華區,新忠里,新忠里,polling-station-single-village,verified,tw.gov.cec~ref~polling-station.識別碼 → 村里代碼 → tw.openfun~entity~geo,target_village_id=63000070-013
2022,萬華區,新起里,新起里,polling-station-single-village,verified,tw.gov.cec~ref~polling-station.識別碼 → 村里代碼 → tw.openfun~entity~geo,target_village_id=63000070-004
2022,萬華區,萬壽里,萬壽里,polling-station-single-village,verified,tw.gov.cec~ref~polling-station.識別碼 → 村里代碼 → tw.openfun~entity~geo,target_village_id=63000070-002
2022,萬華區,壽德里,壽德里,polling-station-single-village,verified,tw.gov.cec~ref~polling-station.識別碼 → 村里代碼 → tw.openfun~entity~geo,target_village_id=63000070-030
2022,萬華區,榮德里,榮德里,polling-station-single-village,verified,tw.gov.cec~ref~polling-station.識別碼 → 村里代碼 → tw.openfun~entity~geo,target_village_id=63000070-029
2022,萬華區,福星里,福星里,polling-station-single-village,verified,tw.gov.cec~ref~polling-station.識別碼 → 村里代碼 → tw.openfun~entity~geo,target_village_id=63000070-001
2022,萬華區,福音里,福音里,polling-station-single-village,verified,tw.gov.cec~ref~polling-station.識別碼 → 村里代碼 → tw.openfun~entity~geo,target_village_id=63000070-008
2022,萬華區,綠堤里,綠堤里,polling-station-single-village,verified,tw.gov.cec~ref~polling-station.識別碼 → 村里代碼 → tw.openfun~entity~geo,target_village_id=63000070-017
2022,萬華區,銘德里,銘德里,polling-station-single-village,verified,tw.gov.cec~ref~polling-station.識別碼 → 村里代碼 → tw.openfun~entity~geo,target_village_id=63000070-028
2022,萬華區,糖廍里,糖廍里,polling-station-single-village,verified,tw.gov.cec~ref~polling-station.識別碼 → 村里代碼 → tw.openfun~entity~geo,target_village_id=63000070-015
2022,萬華區,興德里,興德里,polling-station-single-village,verified,tw.gov.cec~ref~polling-station.識別碼 → 村里代碼 → tw.openfun~entity~geo,target_village_id=63000070-031
2022,萬華區,錦德里,錦德里,polling-station-single-village,verified,tw.gov.cec~ref~polling-station.識別碼 → 村里代碼 → tw.openfun~entity~geo,target_village_id=63000070-025
2022,萬華區,雙園里,雙園里,polling-station-single-village,verified,tw.gov.cec~ref~polling-station.識別碼 → 村里代碼 → tw.openfun~entity~geo,target_village_id=63000070-012
2022,萬華區,騰雲里,騰雲里,polling-station-single-village,verified,tw.gov.cec~ref~polling-station.識別碼 → 村里代碼 → tw.openfun~entity~geo,target_village_id=63000070-036
